result_id,outcome,timepoint,contrast,population,n_i,n_c,rob2_assessment_id,linkage_status,overall,d1,d2,d3,d4,d5,selection_rule,alternative_assessments,provenance,human_final_signoff,models
V33-OD-0002,Time to first postoperative flatus,From surgery to first flatus,YANG20_EA_vs_UC,Outcome-specific analyzed population,29.0,28.0,CORRECTED-V34-001,LINKED EXISTING RESULT ASSESSMENT,Some concerns,Low,Some concerns,Low,Some concerns,Some concerns,Exact result applicability manually mapped to latest consolidated corrected record; supersedes legacy selector.,AF26-E-002,v34 master: Corrected_RoB2 row2,NOT INDEPENDENTLY DOCUMENTED,;flatus_EA_usual;flatus_EA_usual_SMD_sensitivity
V33-OD-0003,Cumulative IV PCA morphine requirement,First 24 h postoperatively,SEEVA16_EA_vs_UC,Outcome-specific analyzed population,32.0,32.0,CORRECTED-V34-002,LINKED EXISTING RESULT ASSESSMENT,Some concerns,Some concerns,Low,Low,Low,Some concerns,Exact result applicability manually mapped to latest consolidated corrected record; supersedes legacy selector.,AF26-F-postop-dose-001,v34 master: Corrected_RoB2 row3,NOT INDEPENDENTLY DOCUMENTED,;opioid24_EA_usual;opioid24_EA_usual_without_ElRakshy;opioid24_EA_usual_expanded
V33-OD-0004,Cumulative IV PCA morphine delivered during postoperative test period,Postoperative hour 1 through next 23 h (published as 24-h test-period value),LIN02_HIGH_vs_CONTROL,Outcome-specific analyzed population,25.0,25.0,,UNLINKED — no exact existing assessment established,UNLINKED,,,,,,,,Study-level record retained only as background; not an exact-result assessment.,NOT INDEPENDENTLY DOCUMENTED,;opioid_partial_EA_usual
V33-OD-0005,Cumulative IV PCA morphine delivered during postoperative test period,Postoperative hour 1 through next 23 h (published as 24-h test-period value),LIN02_LOW_vs_CONTROL,Outcome-specific analyzed population,25.0,25.0,,UNLINKED — no exact existing assessment established,UNLINKED,,,,,,,,Study-level record retained only as background; not an exact-result assessment.,NOT INDEPENDENTLY DOCUMENTED,;opioid_partial_EA_usual
V33-OD-0006,Cumulative IV PCA morphine delivered during postoperative test period,Postoperative hour 1 through next 23 h (published as 24-h test-period value),LIN02_HIGH_vs_SHAM,Outcome-specific analyzed population,25.0,25.0,AF26-F-postop-dose-005,LINKED EXISTING RESULT ASSESSMENT,High,Some concerns,Some concerns,Low,High,Some concerns,Exact source contrast and outcome statistics/population match to existing AF result assessment.,,06_FINAL_ANALYSIS_V26/01_DATA/target_F_exploratory.csv#F-postop-dose-005,NOT INDEPENDENTLY DOCUMENTED,;opioid_partial_EA_sham
V33-OD-0007,Cumulative IV PCA morphine delivered during postoperative test period,Postoperative hour 1 through next 23 h (published as 24-h test-period value),LIN02_LOW_vs_SHAM,Outcome-specific analyzed population,25.0,25.0,AF26-F-postop-dose-005,LINKED EXISTING RESULT ASSESSMENT,High,Some concerns,Some concerns,Low,High,Some concerns,Exact source contrast and outcome statistics/population match to existing AF result assessment.,,06_FINAL_ANALYSIS_V26/01_DATA/target_F_exploratory.csv#F-postop-dose-005,NOT INDEPENDENTLY DOCUMENTED,;opioid_partial_EA_sham
V33-OD-0008,Global QoR-40,24 h postoperatively,YAO15_TEAS_vs_CONTROL,Outcome-specific analyzed population,35.0,36.0,,UNLINKED — no exact existing assessment established,UNLINKED,,,,,,,,Study-level record retained only as background; not an exact-result assessment.,NOT INDEPENDENTLY DOCUMENTED,
V33-OD-0009,Global QoR-40,Postoperative day 1 (~24 h),YU20_TEAS_vs_CONTROL,Outcome-specific analyzed population,30.0,30.0,,UNLINKED — no exact existing assessment established,UNLINKED,,,,,,,,Study-level record retained only as background; not an exact-result assessment.,NOT INDEPENDENTLY DOCUMENTED,
V33-OD-0010,Time to first postoperative flatus,Postoperative recovery endpoint,PAN23_TEAS_vs_CONTROL,Outcome-specific analyzed population,52.0,53.0,,UNLINKED — no exact existing assessment established,UNLINKED,,,,,,,,Study-level record retained only as background; not an exact-result assessment.,NOT INDEPENDENTLY DOCUMENTED,
V33-OD-0011,Cumulative IV PCA hydromorphone,First 24 h postoperatively,CHEN98_NONACU_vs_SHAM,Outcome-specific analyzed population,25.0,25.0,,UNLINKED — no exact existing assessment established,UNLINKED,,,,,,,,Study-level record retained only as background; not an exact-result assessment.,NOT INDEPENDENTLY DOCUMENTED,
V33-OD-0012,Cumulative IV PCA hydromorphone,First 24 h postoperatively,CHEN98_DERM_vs_SHAM,Outcome-specific analyzed population,25.0,25.0,,UNLINKED — no exact existing assessment established,UNLINKED,,,,,,,,Study-level record retained only as background; not an exact-result assessment.,NOT INDEPENDENTLY DOCUMENTED,
V33-OD-0013,Cumulative IV PCA hydromorphone,First 24 h postoperatively,CHEN98_ACU_vs_SHAM,Outcome-specific analyzed population,25.0,25.0,CORRECTED-V34-058,LINKED EXISTING RESULT ASSESSMENT,Some concerns,Some concerns,Some concerns,Low,Low,Some concerns,Exact result applicability manually mapped to latest consolidated corrected record; supersedes legacy selector.,AF26-F-postop-dose-004,v34 master: Corrected_RoB2 row59,NOT INDEPENDENTLY DOCUMENTED,;opioid24_TEAS_sham_expanded_suf0.25;opioid24_TEAS_sham_expanded_suf0.25_without_Chen2020;opioid24_TEAS_sham_expanded_suf0.5;opioid24_TEAS_sham_expanded_suf0.5_without_Chen2020;opioid24_TEAS_sham_expanded_suf1;opioid24_TEAS_sham_expanded_suf1_without_Chen2020
V33-OD-0014,Cumulative sufentanil,24 h postoperatively,CHEN20_TEAS_vs_SHAM,Outcome-specific analyzed population,40.0,40.0,CORRECTED-V34-059,LINKED EXISTING RESULT ASSESSMENT,Some concerns,Low,Low,Low,Low,Some concerns,Exact result applicability manually mapped to latest consolidated corrected record; supersedes legacy selector.,,v34 master: Corrected_RoB2 row60,NOT INDEPENDENTLY DOCUMENTED,;opioid24_TEAS_sham_expanded_suf0.25;opioid24_TEAS_sham_expanded_suf0.5;opioid24_TEAS_sham_expanded_suf1
V33-OD-0015,VAS pain intensity,24 h postoperatively,CHEN20_TEAS_vs_SHAM_VAS,Outcome-specific analyzed population,40.0,40.0,,UNLINKED — no exact existing assessment established,UNLINKED,,,,,,,,Study-level record retained only as background; not an exact-result assessment.,NOT INDEPENDENTLY DOCUMENTED,;pain24_unclassified_TEAS_sham
V33-OD-0016,Cumulative fentanyl,First 24 h postoperatively,COURA11_EA_vs_SHAM,Outcome-specific analyzed population,13.0,9.0,CORRECTED-V34-057,LINKED EXISTING RESULT ASSESSMENT,High,Some concerns,Low,High,Low,Some concerns,Exact result applicability manually mapped to latest consolidated corrected record; supersedes legacy selector.,AF26-F-postop-dose-006,v34 master: Corrected_RoB2 row58,NOT INDEPENDENTLY DOCUMENTED,;opioid24_EA_sham_fentanyl_per_kg
V33-OD-0017,VAS pain intensity,24 h postoperatively,AO21_TEAS_vs_SHAM_VAS,Outcome-specific analyzed population,32.0,33.0,,UNLINKED — no exact existing assessment established,UNLINKED,,,,,,,,Study-level record retained only as background; not an exact-result assessment.,NOT INDEPENDENTLY DOCUMENTED,
V33-OD-0018,Cumulative postoperative sufentanil,Exact 0-24 h,AO21_TEAS_vs_SHAM_OPIOID24,Outcome-specific analyzed population,32.0,33.0,,UNLINKED — no exact existing assessment established,UNLINKED,,,,,,,,Study-level record retained only as background; not an exact-result assessment.,NOT INDEPENDENTLY DOCUMENTED,
V33-OD-0019,Postoperative nausea,6-24 h postoperatively,ZHU22_PRE_vs_USUAL_PON,Outcome-specific analyzed population,101.0,101.0,,UNLINKED — no exact existing assessment established,UNLINKED,,,,,,,,Study-level record retained only as background; not an exact-result assessment.,NOT INDEPENDENTLY DOCUMENTED,;nausea6to24_EA_usual
V33-OD-0020,Postoperative vomiting,6-24 h postoperatively,ZHU22_PRE_vs_USUAL_POV,Outcome-specific analyzed population,101.0,101.0,,UNLINKED — no exact existing assessment established,UNLINKED,,,,,,,,Study-level record retained only as background; not an exact-result assessment.,NOT INDEPENDENTLY DOCUMENTED,;vomiting6to24_EA_usual
V33-OD-0021,Postoperative nausea,6-24 h postoperatively,ZHU22_30_vs_USUAL_PON,Outcome-specific analyzed population,98.0,101.0,,UNLINKED — no exact existing assessment established,UNLINKED,,,,,,,,Study-level record retained only as background; not an exact-result assessment.,NOT INDEPENDENTLY DOCUMENTED,;nausea6to24_EA_usual
V33-OD-0022,Postoperative vomiting,6-24 h postoperatively,ZHU22_30_vs_USUAL_POV,Outcome-specific analyzed population,98.0,101.0,,UNLINKED — no exact existing assessment established,UNLINKED,,,,,,,,Study-level record retained only as background; not an exact-result assessment.,NOT INDEPENDENTLY DOCUMENTED,;vomiting6to24_EA_usual
V33-OD-0023,Postoperative nausea,6-24 h postoperatively,ZHU22_COMB_vs_USUAL_PON,Outcome-specific analyzed population,100.0,101.0,,UNLINKED — no exact existing assessment established,UNLINKED,,,,,,,,Study-level record retained only as background; not an exact-result assessment.,NOT INDEPENDENTLY DOCUMENTED,;nausea6to24_EA_usual
V33-OD-0024,Postoperative vomiting,6-24 h postoperatively,ZHU22_COMB_vs_USUAL_POV,Outcome-specific analyzed population,100.0,101.0,,UNLINKED — no exact existing assessment established,UNLINKED,,,,,,,,Study-level record retained only as background; not an exact-result assessment.,NOT INDEPENDENTLY DOCUMENTED,;vomiting6to24_EA_usual
V33-OD-0025,Global QoR-15,POD1,ZHOU25_TEAS_vs_SHAM_QOR15,Outcome-specific analyzed population,48.0,49.0,,UNLINKED — no exact existing assessment established,UNLINKED,,,,,,,,Study-level record retained only as background; not an exact-result assessment.,NOT INDEPENDENTLY DOCUMENTED,
V33-OD-0026,Resting pain VAS,POD1,ZHOU25_TEAS_vs_SHAM_PAINREST,Outcome-specific analyzed population,48.0,49.0,,UNLINKED — no exact existing assessment established,UNLINKED,,,,,,,,Study-level record retained only as background; not an exact-result assessment.,NOT INDEPENDENTLY DOCUMENTED,
V33-OD-0027,PONV incidence,POD1,ZHOU25_TEAS_vs_SHAM_PONV,Outcome-specific analyzed population,48.0,49.0,AF26-D-005,LINKED EXISTING RESULT ASSESSMENT,Some concerns,Low,Low,Low,Some concerns,Some concerns,Exact source contrast and outcome statistics/population match to existing AF result assessment.,,06_FINAL_ANALYSIS_V26/01_DATA/target_D_ponv.csv#D-005,NOT INDEPENDENTLY DOCUMENTED,;ponv24_TEAS_sham;ponv24_TEAS_sham_point_window_sensitivity;ponv24_TEAS_broad_sham_sensitivity
V33-OD-0028,Time to first flatus,Postoperative,ZHOU25_TEAS_vs_SHAM_FLATUS,Outcome-specific analyzed population,48.0,49.0,AF26-E-001,LINKED EXISTING RESULT ASSESSMENT,Some concerns,Low,Some concerns,Low,Some concerns,Some concerns,Exact source contrast and outcome statistics/population match to existing AF result assessment.,,06_FINAL_ANALYSIS_V26/01_DATA/target_E_flatus.csv#E-001,NOT INDEPENDENTLY DOCUMENTED,;flatus_TEAS_sham;flatus_TEAS_sham_SMD_sensitivity;flatus_TEAS_sham_without_Zheng2025
V33-OD-0029,Any rescue analgesia,POD1-POD3,ZHOU25_TEAS_vs_SHAM_RESCUE,Outcome-specific analyzed population,48.0,49.0,AF26-F-rescue-opioid-009,LINKED EXISTING RESULT ASSESSMENT,Some concerns,Low,Low,Low,Some concerns,Some concerns,Exact source contrast and outcome statistics/population match to existing AF result assessment.,,06_FINAL_ANALYSIS_V26/01_DATA/target_F_exploratory.csv#F-rescue-opioid-009,NOT INDEPENDENTLY DOCUMENTED,
V33-OD-0030,Exact cumulative postoperative opioid dose,0-24 h,ZHOU25_TEAS_vs_SHAM_OPIOID24,Outcome-specific analyzed population,48.0,49.0,,UNLINKED — no exact existing assessment established,UNLINKED,,,,,,,,Study-level record retained only as background; not an exact-result assessment.,NOT INDEPENDENTLY DOCUMENTED,
V33-OD-0031,Average postoperative pain,POD1-POD5 average,ZHOU21_TEAS_vs_UC_PAIN,Outcome-specific analyzed population,41.0,40.0,,UNLINKED — no exact existing assessment established,UNLINKED,,,,,,,,Study-level record retained only as background; not an exact-result assessment.,NOT INDEPENDENTLY DOCUMENTED,
V33-OD-0032,Any postoperative opioid use,Postoperative window not clearly defined as 0-24 h,ZHOU21_TEAS_vs_UC_OPIOIDUSE,Outcome-specific analyzed population,41.0,40.0,AF26-F-mixed/undefined-007,LINKED EXISTING RESULT ASSESSMENT,High,Some concerns,Some concerns,Low,High,Some concerns,Exact source contrast and outcome statistics/population match to existing AF result assessment.,,06_FINAL_ANALYSIS_V26/01_DATA/target_F_exploratory.csv#F-mixed/undefined-007,NOT INDEPENDENTLY DOCUMENTED,
V33-OD-0033,Any PONV,Within 24 h postoperatively,ZHENG25_TEAS_vs_SHAM_PONV,Outcome-specific analyzed population,42.0,43.0,CORRECTED-V34-010,LINKED EXISTING RESULT ASSESSMENT,Some concerns,Low,Some concerns,Low,Some concerns,Some concerns,Exact result applicability manually mapped to latest consolidated corrected record; supersedes legacy selector.,AF26-D-001,v34 master: Corrected_RoB2 row11,NOT INDEPENDENTLY DOCUMENTED,;ponv24_TEAS_sham;ponv24_TEAS_sham_point_window_sensitivity;ponv24_TEAS_broad_sham_sensitivity
V33-OD-0034,Total intraoperative remifentanil consumption,Intraoperative,ZHENG25_TEAS_vs_SHAM_REMI,Outcome-specific analyzed population,42.0,43.0,AF26-F-intra-009,LINKED EXISTING RESULT ASSESSMENT,Some concerns,Low,Some concerns,Low,Low,Some concerns,Exact source contrast and outcome statistics/population match to existing AF result assessment.,,06_FINAL_ANALYSIS_V26/01_DATA/target_F_exploratory.csv#F-intra-009,NOT INDEPENDENTLY DOCUMENTED,;intraop_remifentanil_TEAS_sham
V33-OD-0035,Total PCIA button presses,Postoperative; exact pump duration NR,ZHENG25_TEAS_vs_SHAM_PCA_PRESS,Outcome-specific analyzed population,42.0,43.0,AF26-F-PCA-006,LINKED EXISTING RESULT ASSESSMENT,Some concerns,Low,Some concerns,Low,Low,Some concerns,Exact source contrast and outcome statistics/population match to existing AF result assessment.,,06_FINAL_ANALYSIS_V26/01_DATA/target_F_exploratory.csv#F-PCA-006,NOT INDEPENDENTLY DOCUMENTED,
V33-OD-0036,Exact cumulative postoperative sufentanil mass,0-24 h,ZHENG25_TEAS_vs_SHAM_OPIOID24,Outcome-specific analyzed population,42.0,43.0,,UNLINKED — no exact existing assessment established,UNLINKED,,,,,,,,Study-level record retained only as background; not an exact-result assessment.,NOT INDEPENDENTLY DOCUMENTED,
V33-OD-0037,VAS pain intensity,24 h postoperatively,ZHAN20_TAPTEAS_vs_TAP_PAIN24,Outcome-specific analyzed population,30.0,30.0,,UNLINKED — no exact existing assessment established,UNLINKED,,,,,,,,Study-level record retained only as background; not an exact-result assessment.,NOT INDEPENDENTLY DOCUMENTED,
V33-OD-0038,Actual cumulative postoperative sufentanil consumption,0-24 h,ZHAN20_TAPTEAS_vs_TAP_OPIOID24,Outcome-specific analyzed population,30.0,30.0,,UNLINKED — no exact existing assessment established,UNLINKED,,,,,,,,Study-level record retained only as background; not an exact-result assessment.,NOT INDEPENDENTLY DOCUMENTED,
V33-OD-0039,Total sufentanil consumption,POD1; approximately 24 h but exact clock window not explicit,ZHANG25_TEAS_vs_SHAM_SUFPOD1,Outcome-specific analyzed population,45.0,48.0,CORRECTED-V34-012,LINKED EXISTING RESULT ASSESSMENT,High,Low,High,High,Low,Some concerns,Exact result applicability manually mapped to latest consolidated corrected record; supersedes legacy selector.,,v34 master: Corrected_RoB2 row13,NOT INDEPENDENTLY DOCUMENTED,
V33-OD-0040,Any rescue analgesia demand,POD1 / postoperative period reported in Table 4,ZHANG25_TEAS_vs_SHAM_RESCUE,Outcome-specific analyzed population,45.0,48.0,AF26-F-mixed/undefined-002,LINKED EXISTING RESULT ASSESSMENT,Some concerns,Low,Some concerns,Some concerns,Some concerns,Some concerns,Exact source contrast and outcome statistics/population match to existing AF result assessment.,,06_FINAL_ANALYSIS_V26/01_DATA/target_F_exploratory.csv#F-mixed/undefined-002,NOT INDEPENDENTLY DOCUMENTED,
V33-OD-0041,Moderate-to-severe visceral pain,POD1,ZHANG25_TEAS_vs_SHAM_VISCERAL_POD1,Outcome-specific analyzed population,45.0,48.0,,UNLINKED — no exact existing assessment established,UNLINKED,,,,,,,,Study-level record retained only as background; not an exact-result assessment.,NOT INDEPENDENTLY DOCUMENTED,
V33-OD-0042,Time to first spontaneous void,Postoperative,ZHANG23_TEAS_vs_SHAM_VOID,Outcome-specific analyzed population,922.0,916.0,,UNLINKED — no exact existing assessment established,UNLINKED,,,,,,,,Study-level record retained only as background; not an exact-result assessment.,NOT INDEPENDENTLY DOCUMENTED,
V33-OD-0043,Delayed urinary recovery (>12 h without spontaneous void),Postoperative,ZHANG23_TEAS_vs_SHAM_DELAYED,Outcome-specific analyzed population,922.0,916.0,,UNLINKED — no exact existing assessment established,UNLINKED,,,,,,,,Study-level record retained only as background; not an exact-result assessment.,NOT INDEPENDENTLY DOCUMENTED,
V33-OD-0044,Postoperative urinary retention,Postoperative,ZHANG23_TEAS_vs_SHAM_POUR,Outcome-specific analyzed population,922.0,916.0,,UNLINKED — no exact existing assessment established,UNLINKED,,,,,,,,Study-level record retained only as background; not an exact-result assessment.,NOT INDEPENDENTLY DOCUMENTED,
V33-OD-0045,Postoperative IV morphine-equivalent consumption,Within 48 h,ZHANG23_TEAS_vs_SHAM_MME48,Outcome-specific analyzed population,922.0,916.0,AF26-A-002,LINKED EXISTING RESULT ASSESSMENT,Some concerns,Low,Some concerns,Some concerns,Low,Some concerns,Exact source contrast and outcome statistics/population match to existing AF result assessment.,,06_FINAL_ANALYSIS_V26/01_DATA/target_A_48h.csv#A-002,NOT INDEPENDENTLY DOCUMENTED,
V33-OD-0046,Exact cumulative postoperative opioid dose,0-24 h,ZHANG23_TEAS_vs_SHAM_OPIOID24,Outcome-specific analyzed population,922.0,916.0,,UNLINKED — no exact existing assessment established,UNLINKED,,,,,,,,Study-level record retained only as background; not an exact-result assessment.,NOT INDEPENDENTLY DOCUMENTED,
V33-OD-0047,Recovery-room stay,Recovery-room discharge,ZHANG14_TEAS_vs_SHAM_RR,Outcome-specific analyzed population,33.0,32.0,,UNLINKED — no exact existing assessment established,UNLINKED,,,,,,,,Study-level record retained only as background; not an exact-result assessment.,NOT INDEPENDENTLY DOCUMENTED,
V33-OD-0048,Remifentanil consumption rate,Intraoperative,ZHANG14_TEAS_vs_SHAM_REMI,Outcome-specific analyzed population,33.0,32.0,AF26-F-intra-003,LINKED EXISTING RESULT ASSESSMENT,Some concerns,Some concerns,Low,Low,Low,Some concerns,Exact source contrast and outcome statistics/population match to existing AF result assessment.,,06_FINAL_ANALYSIS_V26/01_DATA/target_F_exploratory.csv#F-intra-003,NOT INDEPENDENTLY DOCUMENTED,
V33-OD-0049,Postoperative nausea,Postoperative,ZHANG14_TEAS_vs_SHAM_NAUSEA,Outcome-specific analyzed population,33.0,32.0,,UNLINKED — no exact existing assessment established,UNLINKED,,,,,,,,Study-level record retained only as background; not an exact-result assessment.,NOT INDEPENDENTLY DOCUMENTED,
V33-OD-0050,Postoperative vomiting,Postoperative,ZHANG14_TEAS_vs_SHAM_VOMIT,Outcome-specific analyzed population,33.0,32.0,,UNLINKED — no exact existing assessment established,UNLINKED,,,,,,,,Study-level record retained only as background; not an exact-result assessment.,NOT INDEPENDENTLY DOCUMENTED,
V33-OD-0051,Exact cumulative postoperative opioid dose,0-24 h,ZHANG14_TEAS_vs_SHAM_OPIOID24,Outcome-specific analyzed population,33.0,32.0,,UNLINKED — no exact existing assessment established,UNLINKED,,,,,,,,Study-level record retained only as background; not an exact-result assessment.,NOT INDEPENDENTLY DOCUMENTED,
V33-OD-0052,Morphine use via IV PCA,First 24 h / POD1,YANG24_EA_vs_UC_MORPH24,Outcome-specific analyzed population,90.0,90.0,CORRECTED-V34-015,LINKED EXISTING RESULT ASSESSMENT,Some concerns,Low,Low,Low,Low,Some concerns,Exact result applicability manually mapped to latest consolidated corrected record; supersedes legacy selector.,,v34 master: Corrected_RoB2 row16,NOT INDEPENDENTLY DOCUMENTED,;opioid24_EA_usual_expanded
V33-OD-0053,Time to first flatus,Postoperative,YANG24_EA_vs_UC_FLATUS,Outcome-specific analyzed population,90.0,90.0,AF26-E-003,LINKED EXISTING RESULT ASSESSMENT,High,Low,Low,Low,High,Some concerns,Exact source contrast and outcome statistics/population match to existing AF result assessment.,,06_FINAL_ANALYSIS_V26/01_DATA/target_E_flatus.csv#E-003,NOT INDEPENDENTLY DOCUMENTED,;flatus_EA_usual;flatus_EA_usual_SMD_sensitivity
V33-OD-0054,Time to first defecation,Postoperative,YANG24_EA_vs_UC_DEFEC,Outcome-specific analyzed population,90.0,90.0,,UNLINKED — no exact existing assessment established,UNLINKED,,,,,,,,Study-level record retained only as background; not an exact-result assessment.,NOT INDEPENDENTLY DOCUMENTED,;defecation_EA_usual
V33-OD-0055,Postoperative vomiting,0-24 h after surgery,YANG24_EA_vs_UC_VOMIT,Outcome-specific analyzed population,90.0,90.0,AF26-D-009,LINKED EXISTING RESULT ASSESSMENT,Some concerns,Low,Low,Low,Some concerns,Some concerns,Exact source contrast and outcome statistics/population match to existing AF result assessment.,,06_FINAL_ANALYSIS_V26/01_DATA/target_D_ponv.csv#D-009,NOT INDEPENDENTLY DOCUMENTED,;vomiting24_EA_usual
V33-OD-0056,Any PONV,Within 48 h,XIONG21_TEAS_vs_CTRL_PONV48,Outcome-specific analyzed population,31.0,31.0,CORRECTED-V34-016,LINKED EXISTING RESULT ASSESSMENT,Some concerns,Low,Low,Low,Some concerns,Some concerns,Exact result applicability manually mapped to latest consolidated corrected record; supersedes legacy selector.,AF26-D-003,v34 master: Corrected_RoB2 row17,NOT INDEPENDENTLY DOCUMENTED,;ponv48_TEAS_sham
V33-OD-0057,Clinically important PONV,Within 48 h,XIONG21_TEAS_vs_CTRL_CIPONV,Outcome-specific analyzed population,31.0,31.0,,UNLINKED — no exact existing assessment established,UNLINKED,,,,,,,,Study-level record retained only as background; not an exact-result assessment.,NOT INDEPENDENTLY DOCUMENTED,
V33-OD-0058,Any rescue antiemetic medication,Within 48 h,XIONG21_TEAS_vs_CTRL_RESCUEAE,Outcome-specific analyzed population,31.0,31.0,,UNLINKED — no exact existing assessment established,UNLINKED,,,,,,,,Study-level record retained only as background; not an exact-result assessment.,NOT INDEPENDENTLY DOCUMENTED,
V33-OD-0059,Postoperative opioid consumption,Postoperative window unclear,XIONG21_TEAS_vs_CTRL_POSTOPMME,Outcome-specific analyzed population,31.0,31.0,,UNLINKED — no exact existing assessment established,UNLINKED,,,,,,,,Study-level record retained only as background; not an exact-result assessment.,NOT INDEPENDENTLY DOCUMENTED,
V33-OD-0060,Exact cumulative postoperative opioid dose,0-24 h,XIONG21_TEAS_vs_CTRL_OPIOID24,Outcome-specific analyzed population,31.0,31.0,,UNLINKED — no exact existing assessment established,UNLINKED,,,,,,,,Study-level record retained only as background; not an exact-result assessment.,NOT INDEPENDENTLY DOCUMENTED,
V33-OD-0061,Total remifentanil consumption,Intraoperative,XING22_NTG_vs_NG_REMI,Outcome-specific analyzed population,29.0,29.0,AF26-F-intra-007,LINKED EXISTING RESULT ASSESSMENT,Some concerns,Low,Some concerns,Low,Low,Some concerns,Exact source contrast and outcome statistics/population match to existing AF result assessment.,,06_FINAL_ANALYSIS_V26/01_DATA/target_F_exploratory.csv#F-intra-007,NOT INDEPENDENTLY DOCUMENTED,;intraop_remifentanil_TEAS_sham;intraop_remifentanil_TEAS_sham_without_Zheng2025
V33-OD-0062,Time to first flatus,Postoperative,XING22_NTG_vs_NG_FLATUS,Outcome-specific analyzed population,29.0,29.0,AF26-E-004,LINKED EXISTING RESULT ASSESSMENT,Some concerns,Low,Some concerns,Low,Some concerns,Some concerns,Exact source contrast and outcome statistics/population match to existing AF result assessment.,,06_FINAL_ANALYSIS_V26/01_DATA/target_E_flatus.csv#E-004,NOT INDEPENDENTLY DOCUMENTED,;flatus_TEAS_sham;flatus_TEAS_sham_SMD_sensitivity;flatus_TEAS_sham_without_Zheng2025
V33-OD-0063,PONV incidence,Postoperative,XING22_NTG_vs_NG_PONV,Outcome-specific analyzed population,29.0,29.0,AF26-D-004,LINKED EXISTING RESULT ASSESSMENT,High,Some concerns,Some concerns,Low,High,Some concerns,Exact source contrast and outcome statistics/population match to existing AF result assessment.,,06_FINAL_ANALYSIS_V26/01_DATA/target_D_ponv.csv#D-004,NOT INDEPENDENTLY DOCUMENTED,
V33-OD-0064,Rest pain VAS,24 h,XING22_NTG_vs_NG_RESTVAS24,Outcome-specific analyzed population,29.0,29.0,AF26-C-001,LINKED EXISTING RESULT ASSESSMENT,High,Low,Some concerns,Low,High,Low,Exact source contrast and outcome statistics/population match to existing AF result assessment.,,06_FINAL_ANALYSIS_V26/01_DATA/target_C_pain24h.csv#C-001,NOT INDEPENDENTLY DOCUMENTED,;pain24_rest_TEAS_sham
V33-OD-0065,PCIA pump press count,48-h / 2-day PCIA period,XING22_NTG_vs_NG_PRESS,Outcome-specific analyzed population,29.0,29.0,,UNLINKED — no exact existing assessment established,UNLINKED,,,,,,,,Study-level record retained only as background; not an exact-result assessment.,NOT INDEPENDENTLY DOCUMENTED,
V33-OD-0066,Exact cumulative postoperative sufentanil delivered,0-24 h,XING22_NTG_vs_NG_OPIOID24,Outcome-specific analyzed population,29.0,29.0,,UNLINKED — no exact existing assessment established,UNLINKED,,,,,,,,Study-level record retained only as background; not an exact-result assessment.,NOT INDEPENDENTLY DOCUMENTED,
V33-OD-0067,Total postoperative/perioperative sufentanil,Study PCA period; exact fixed window unclear,XIE14_EAS_vs_SHAM_TOTALSUF,Outcome-specific analyzed population,20.0,20.0,CORRECTED-V34-018,LINKED EXISTING RESULT ASSESSMENT,Some concerns,Some concerns,Low,Low,Low,Some concerns,Exact result applicability manually mapped to latest consolidated corrected record; supersedes legacy selector.,,v34 master: Corrected_RoB2 row19,NOT INDEPENDENTLY DOCUMENTED,
V33-OD-0068,Total postoperative/perioperative sufentanil,Study PCA period; exact fixed window unclear,XIE14_EAS_vs_CONTROL_TOTALSUF,Outcome-specific analyzed population,20.0,20.0,,UNLINKED — no exact existing assessment established,UNLINKED,,,,,,,,Study-level record retained only as background; not an exact-result assessment.,NOT INDEPENDENTLY DOCUMENTED,
V33-OD-0069,Patient-controlled analgesia demand count,Study PCA period,XIE14_EAS_vs_SHAM_PCADEMAND,Outcome-specific analyzed population,20.0,20.0,,UNLINKED — no exact existing assessment established,UNLINKED,,,,,,,,Study-level record retained only as background; not an exact-result assessment.,NOT INDEPENDENTLY DOCUMENTED,
V33-OD-0070,Exact cumulative postoperative sufentanil,0-24 h,XIE14_EAS_vs_SHAM_OPIOID24,Outcome-specific analyzed population,20.0,20.0,,UNLINKED — no exact existing assessment established,UNLINKED,,,,,,,,Study-level record retained only as background; not an exact-result assessment.,NOT INDEPENDENTLY DOCUMENTED,
V33-OD-0071,VAS pain intensity,POD1,WU22_PTEAS_vs_CTRL_PAINPOD1,Outcome-specific analyzed population,44.0,40.0,CORRECTED-V34-019,LINKED EXISTING RESULT ASSESSMENT,High,Some concerns,Some concerns,High,High,Some concerns,Exact result applicability manually mapped to latest consolidated corrected record; supersedes legacy selector.,,v34 master: Corrected_RoB2 row20,NOT INDEPENDENTLY DOCUMENTED,;pain24_unclassified_TEAS_sham
V33-OD-0072,Cumulative remifentanil,Intraoperative,WU22_PTEAS_vs_CTRL_REMI,Outcome-specific analyzed population,44.0,40.0,AF26-F-intra-006,LINKED EXISTING RESULT ASSESSMENT,Some concerns,Some concerns,Some concerns,Some concerns,Low,Some concerns,Exact source contrast and outcome statistics/population match to existing AF result assessment.,,06_FINAL_ANALYSIS_V26/01_DATA/target_F_exploratory.csv#F-intra-006,NOT INDEPENDENTLY DOCUMENTED,;intraop_remifentanil_TEAS_sham;intraop_remifentanil_TEAS_sham_without_Zheng2025
V33-OD-0073,Remifentanil dose index,Intraoperative,WU22_PTEAS_vs_CTRL_REMIINDEX,Outcome-specific analyzed population,44.0,40.0,,UNLINKED — no exact existing assessment established,UNLINKED,,,,,,,,Study-level record retained only as background; not an exact-result assessment.,NOT INDEPENDENTLY DOCUMENTED,
V33-OD-0074,Exact cumulative postoperative opioid consumption,0-24 h,WU22_PTEAS_vs_CTRL_OPIOID24,Outcome-specific analyzed population,44.0,40.0,,UNLINKED — no exact existing assessment established,UNLINKED,,,,,,,,Study-level record retained only as background; not an exact-result assessment.,NOT INDEPENDENTLY DOCUMENTED,
V33-OD-0075,VAS pain intensity,24 h,WU25_TEAS_vs_SHAM_VAS24,Outcome-specific analyzed population,50.0,50.0,CORRECTED-V34-020,LINKED EXISTING RESULT ASSESSMENT,High,Some concerns,Low,Some concerns,High,Some concerns,Exact result applicability manually mapped to latest consolidated corrected record; supersedes legacy selector.,,v34 master: Corrected_RoB2 row21,NOT INDEPENDENTLY DOCUMENTED,;pain24_unclassified_TEAS_sham
V33-OD-0076,Moderate-to-severe pain (VAS >4),Within 12 h,WU25_TEAS_vs_SHAM_MODPAIN12,Outcome-specific analyzed population,50.0,50.0,,UNLINKED — no exact existing assessment established,UNLINKED,,,,,,,,Study-level record retained only as background; not an exact-result assessment.,NOT INDEPENDENTLY DOCUMENTED,
V33-OD-0077,Sufentanil consumption,Intraoperative,WU25_TEAS_vs_SHAM_INTRAOPSUF,Outcome-specific analyzed population,50.0,50.0,AF26-F-exposure-007,LINKED EXISTING RESULT ASSESSMENT,Some concerns,Some concerns,Low,Low,Some concerns,Some concerns,Exact source contrast and outcome statistics/population match to existing AF result assessment.,,06_FINAL_ANALYSIS_V26/01_DATA/target_F_exploratory.csv#F-exposure-007,NOT INDEPENDENTLY DOCUMENTED,
V33-OD-0078,Remifentanil consumption,Intraoperative,WU25_TEAS_vs_SHAM_INTRAOPREMI,Outcome-specific analyzed population,50.0,50.0,AF26-F-exposure-007,LINKED EXISTING RESULT ASSESSMENT,Some concerns,Some concerns,Low,Low,Some concerns,Some concerns,Exact source contrast and outcome statistics/population match to existing AF result assessment.,,06_FINAL_ANALYSIS_V26/01_DATA/target_F_exploratory.csv#F-exposure-007,NOT INDEPENDENTLY DOCUMENTED,;intraop_remifentanil_TEAS_sham;intraop_remifentanil_TEAS_sham_without_Zheng2025
V33-OD-0079,Exact postoperative opioid/MME consumption,0-24 h,WU25_TEAS_vs_SHAM_OPIOID24,Outcome-specific analyzed population,50.0,50.0,,UNLINKED — no exact existing assessment established,UNLINKED,,,,,,,,Study-level record retained only as background; not an exact-result assessment.,NOT INDEPENDENTLY DOCUMENTED,
V33-OD-0080,PSQI and AIS postoperative sleep quality,POD1,WANG23_TEAS_vs_SHAM_SLEEPD1,Outcome-specific analyzed population,40.0,43.0,,UNLINKED — no exact existing assessment established,UNLINKED,,,,,,,,Study-level record retained only as background; not an exact-result assessment.,NOT INDEPENDENTLY DOCUMENTED,
V33-OD-0081,Cumulative number of additional rescue-analgesia doses,0-72 h,WANG23_TEAS_vs_SHAM_RESCUEDOSE,Outcome-specific analyzed population,40.0,43.0,AF26-F-mixed/undefined-001,LINKED EXISTING RESULT ASSESSMENT,Some concerns,Low,Some concerns,Some concerns,Some concerns,Some concerns,Exact source contrast and outcome statistics/population match to existing AF result assessment.,,06_FINAL_ANALYSIS_V26/01_DATA/target_F_exploratory.csv#F-mixed/undefined-001,NOT INDEPENDENTLY DOCUMENTED,
V33-OD-0082,Time to first flatus,Postoperative,WANG23_TEAS_vs_SHAM_FLATUS,Outcome-specific analyzed population,40.0,43.0,,UNLINKED — no exact existing assessment established,UNLINKED,,,,,,,,Study-level record retained only as background; not an exact-result assessment.,NOT INDEPENDENTLY DOCUMENTED,;flatus_TEAS_sham;flatus_TEAS_sham_SMD_sensitivity;flatus_TEAS_sham_without_Zheng2025
V33-OD-0083,Activity pain VAS,24 h,WANG23_TEAS_vs_SHAM_PAIN24,Outcome-specific analyzed population,40.0,43.0,,UNLINKED — no exact existing assessment established,UNLINKED,,,,,,,,Study-level record retained only as background; not an exact-result assessment.,NOT INDEPENDENTLY DOCUMENTED,
V33-OD-0084,Exact cumulative postoperative opioid dose,0-24 h,WANG23_TEAS_vs_SHAM_OPIOID24,Outcome-specific analyzed population,40.0,43.0,,UNLINKED — no exact existing assessment established,UNLINKED,,,,,,,,Study-level record retained only as background; not an exact-result assessment.,NOT INDEPENDENTLY DOCUMENTED,
V33-OD-0085,PONV incidence,6-12 h,WANG24_SNVP_ODT_vs_OD_PONV6_12,Outcome-specific analyzed population,33.0,35.0,,UNLINKED — no exact existing assessment established,UNLINKED,,,,,,,,Study-level record retained only as background; not an exact-result assessment.,NOT INDEPENDENTLY DOCUMENTED,
V33-OD-0086,PONV incidence,12-24 h,WANG24_SNVP_ODT_vs_OD_PONV12_24,Outcome-specific analyzed population,33.0,35.0,,UNLINKED — no exact existing assessment established,UNLINKED,,,,,,,,Study-level record retained only as background; not an exact-result assessment.,NOT INDEPENDENTLY DOCUMENTED,
V33-OD-0087,Any PONV over reported follow-up,0-36 h,WANG24_SNVP_ODT_vs_OD_TOTALPONV,Outcome-specific analyzed population,33.0,35.0,,UNLINKED — no exact existing assessment established,UNLINKED,,,,,,,,Study-level record retained only as background; not an exact-result assessment.,NOT INDEPENDENTLY DOCUMENTED,
V33-OD-0088,PONV incidence,0-2 h,WANG24_MNVP_ODT_vs_OD_PONV0_2,Outcome-specific analyzed population,35.0,35.0,,UNLINKED — no exact existing assessment established,UNLINKED,,,,,,,,Study-level record retained only as background; not an exact-result assessment.,NOT INDEPENDENTLY DOCUMENTED,
V33-OD-0089,PONV incidence,2-6 h,WANG24_MNVP_ODT_vs_OD_PONV2_6,Outcome-specific analyzed population,35.0,35.0,,UNLINKED — no exact existing assessment established,UNLINKED,,,,,,,,Study-level record retained only as background; not an exact-result assessment.,NOT INDEPENDENTLY DOCUMENTED,
V33-OD-0090,Any PONV over reported follow-up,0-36 h,WANG24_MNVP_ODT_vs_OD_TOTALPONV,Outcome-specific analyzed population,35.0,35.0,,UNLINKED — no exact existing assessment established,UNLINKED,,,,,,,,Study-level record retained only as background; not an exact-result assessment.,NOT INDEPENDENTLY DOCUMENTED,
V33-OD-0091,Total sufentanil,Intraoperative,WANG24_SNVP_ODT_vs_OD_INTRAOPSUF,Outcome-specific analyzed population,33.0,35.0,,UNLINKED — no exact existing assessment established,UNLINKED,,,,,,,,Study-level record retained only as background; not an exact-result assessment.,NOT INDEPENDENTLY DOCUMENTED,
V33-OD-0092,Total sufentanil,Intraoperative,WANG24_MNVP_ODT_vs_OD_INTRAOPSUF,Outcome-specific analyzed population,35.0,35.0,,UNLINKED — no exact existing assessment established,UNLINKED,,,,,,,,Study-level record retained only as background; not an exact-result assessment.,NOT INDEPENDENTLY DOCUMENTED,
V33-OD-0093,Postoperative opioid consumption,0-24 h,WANG24_POSTOP_OPIOID24,Outcome-specific analyzed population,,,,UNLINKED — no exact existing assessment established,UNLINKED,,,,,,,,Study-level record retained only as background; not an exact-result assessment.,NOT INDEPENDENTLY DOCUMENTED,
V33-OD-0094,Vomiting incidence,2-6 h,TU24_TEAS_vs_SHAM_VOMIT2_6,Outcome-specific analyzed population,57.0,58.0,,UNLINKED — no exact existing assessment established,UNLINKED,,,,,,,,Study-level record retained only as background; not an exact-result assessment.,NOT INDEPENDENTLY DOCUMENTED,
V33-OD-0095,Vomiting incidence,6-24 h,TU24_TEAS_vs_SHAM_VOMIT6_24,Outcome-specific analyzed population,57.0,58.0,,UNLINKED — no exact existing assessment established,UNLINKED,,,,,,,,Study-level record retained only as background; not an exact-result assessment.,NOT INDEPENDENTLY DOCUMENTED,
V33-OD-0096,VAS pain intensity,6-24 h,TU24_TEAS_vs_SHAM_PAIN6_24,Outcome-specific analyzed population,57.0,58.0,,UNLINKED — no exact existing assessment established,UNLINKED,,,,,,,,Study-level record retained only as background; not an exact-result assessment.,NOT INDEPENDENTLY DOCUMENTED,
V33-OD-0097,Any rescue tramadol use,6–24 h,TU24_TEAS_vs_SHAM_TRAMADOL,Outcome-specific analyzed population,57.0,58.0,AF26-F-rescue-opioid-007,LINKED EXISTING RESULT ASSESSMENT,Some concerns,Low,Some concerns,Some concerns,Some concerns,Some concerns,Exact source contrast and outcome statistics/population match to existing AF result assessment.,,06_FINAL_ANALYSIS_V26/01_DATA/target_F_exploratory.csv#F-rescue-opioid-007,NOT INDEPENDENTLY DOCUMENTED,
V33-OD-0098,Cumulative rescue tramadol consumption,0-24 h,TU24_TEAS_vs_SHAM_OPIOID24,Outcome-specific analyzed population,57.0,58.0,,UNLINKED — no exact existing assessment established,UNLINKED,,,,,,,,Study-level record retained only as background; not an exact-result assessment.,NOT INDEPENDENTLY DOCUMENTED,
V33-OD-0099,Activity-evoked VAS,24 h,SUN17_TSS_vs_SSS_ACTIVITY24,Outcome-specific analyzed population,91.0,90.0,,UNLINKED — no exact existing assessment established,UNLINKED,,,,,,,,Study-level record retained only as background; not an exact-result assessment.,NOT INDEPENDENTLY DOCUMENTED,
V33-OD-0100,Activity-evoked VAS,24 h,SUN17_TTS_vs_SSS_ACTIVITY24,Outcome-specific analyzed population,91.0,90.0,,UNLINKED — no exact existing assessment established,UNLINKED,,,,,,,,Study-level record retained only as background; not an exact-result assessment.,NOT INDEPENDENTLY DOCUMENTED,
V33-OD-0101,Activity-evoked VAS,24 h,SUN17_TST_vs_SSS_ACTIVITY24,Outcome-specific analyzed population,89.0,90.0,,UNLINKED — no exact existing assessment established,UNLINKED,,,,,,,,Study-level record retained only as background; not an exact-result assessment.,NOT INDEPENDENTLY DOCUMENTED,
V33-OD-0102,Supplemental flurbiprofen axetil requirement,Within 48 h,SUN17_TSS_vs_SSS_NSAID48,Outcome-specific analyzed population,91.0,90.0,AF26-F-rescue-nonopioid-003,LINKED EXISTING RESULT ASSESSMENT,Some concerns,Low,Some concerns,Some concerns,Low,Some concerns,Exact source contrast and outcome statistics/population match to existing AF result assessment.,,06_FINAL_ANALYSIS_V26/01_DATA/target_F_exploratory.csv#F-rescue-nonopioid-003,NOT INDEPENDENTLY DOCUMENTED,
V33-OD-0103,Supplemental flurbiprofen axetil requirement,Within 48 h,SUN17_TTS_vs_SSS_NSAID48,Outcome-specific analyzed population,91.0,90.0,AF26-F-rescue-nonopioid-003,LINKED EXISTING RESULT ASSESSMENT,Some concerns,Low,Some concerns,Some concerns,Low,Some concerns,Exact source contrast and outcome statistics/population match to existing AF result assessment.,,06_FINAL_ANALYSIS_V26/01_DATA/target_F_exploratory.csv#F-rescue-nonopioid-003,NOT INDEPENDENTLY DOCUMENTED,
V33-OD-0104,Supplemental flurbiprofen axetil requirement,Within 48 h,SUN17_TST_vs_SSS_NSAID48,Outcome-specific analyzed population,89.0,90.0,AF26-F-rescue-nonopioid-003,LINKED EXISTING RESULT ASSESSMENT,Some concerns,Low,Some concerns,Some concerns,Low,Some concerns,Exact source contrast and outcome statistics/population match to existing AF result assessment.,,06_FINAL_ANALYSIS_V26/01_DATA/target_F_exploratory.csv#F-rescue-nonopioid-003,NOT INDEPENDENTLY DOCUMENTED,
V33-OD-0105,Author-defined intraoperative morphine-equivalent exposure,Intraoperative,SUN17_INTRAOP_MORPH_EQUIV,Outcome-specific analyzed population,91.0,90.0,AF26-F-exposure-005,LINKED EXISTING RESULT ASSESSMENT,Some concerns,Low,Some concerns,Some concerns,Low,Some concerns,Exact source contrast and outcome statistics/population match to existing AF result assessment.,,06_FINAL_ANALYSIS_V26/01_DATA/target_F_exploratory.csv#F-exposure-005,NOT INDEPENDENTLY DOCUMENTED,
V33-OD-0106,Postoperative opioid consumption,0-24 h,SUN17_POSTOP_OPIOID24,Outcome-specific analyzed population,,,,UNLINKED — no exact existing assessment established,UNLINKED,,,,,,,,Study-level record retained only as background; not an exact-result assessment.,NOT INDEPENDENTLY DOCUMENTED,
V33-OD-0107,Cumulative postoperative IV PCA morphine,0-24 h,SIM02_PREOP_vs_PLACEBO_MORPH24,Outcome-specific analyzed population,30.0,30.0,CORRECTED-V34-025,LINKED EXISTING RESULT ASSESSMENT,Some concerns,Some concerns,Low,Low,Low,Some concerns,Exact result applicability manually mapped to latest consolidated corrected record; supersedes legacy selector.,,v34 master: Corrected_RoB2 row26,NOT INDEPENDENTLY DOCUMENTED,;opioid24_EA_sham_weight_normalized
V33-OD-0108,Cumulative postoperative IV PCA morphine,0-24 h,SIM02_POSTOP_vs_PLACEBO_MORPH24,Outcome-specific analyzed population,30.0,30.0,,UNLINKED — no exact existing assessment established,UNLINKED,,,,,,,,Study-level record retained only as background; not an exact-result assessment.,NOT INDEPENDENTLY DOCUMENTED,;opioid24_EA_sham_weight_normalized
V33-OD-0109,Postoperative IV PCA morphine,6-12 h,SIM02_PREOP_vs_PLACEBO_MORPH6_12,Outcome-specific analyzed population,30.0,30.0,,UNLINKED — no exact existing assessment established,UNLINKED,,,,,,,,Study-level record retained only as background; not an exact-result assessment.,NOT INDEPENDENTLY DOCUMENTED,
V33-OD-0110,Alfentanil requirement rate,Intraoperative,SIM02_PREOP_vs_PLACEBO_ALFENT,Outcome-specific analyzed population,30.0,30.0,AF26-F-intra-005,LINKED EXISTING RESULT ASSESSMENT,Some concerns,Some concerns,Some concerns,Low,Low,Some concerns,Exact source contrast and outcome statistics/population match to existing AF result assessment.,,06_FINAL_ANALYSIS_V26/01_DATA/target_F_exploratory.csv#F-intra-005,NOT INDEPENDENTLY DOCUMENTED,
V33-OD-0111,Total tramadol exposure,Perioperative / first 24 h most consistent with protocol; table does not restate window,NTRI14_EA_vs_SHAM_TRAMSUM,Outcome-specific analyzed population,35.0,35.0,CORRECTED-V34-026,LINKED EXISTING RESULT ASSESSMENT,High,Some concerns,Low,High,Low,Some concerns,Exact result applicability manually mapped to latest consolidated corrected record; supersedes legacy selector.,,v34 master: Corrected_RoB2 row27,NOT INDEPENDENTLY DOCUMENTED,
V33-OD-0112,Remifentanil consumption,Intraoperative,NTRI14_EA_vs_SHAM_REMI,Outcome-specific analyzed population,35.0,35.0,AF26-F-exposure-004,LINKED EXISTING RESULT ASSESSMENT,Some concerns,Some concerns,Some concerns,Low,Low,Some concerns,Exact source contrast and outcome statistics/population match to existing AF result assessment.,,06_FINAL_ANALYSIS_V26/01_DATA/target_F_exploratory.csv#F-exposure-004,NOT INDEPENDENTLY DOCUMENTED,;intraop_remifentanil_EA_sham
V33-OD-0113,Total rescue analgesia,First 24 h,NTRI14_EA_vs_SHAM_RESCUE,Outcome-specific analyzed population,35.0,35.0,AF26-F-rescue-opioid-005,LINKED EXISTING RESULT ASSESSMENT,Some concerns,Low,Some concerns,Some concerns,Some concerns,Some concerns,Exact source contrast and outcome statistics/population match to existing AF result assessment.,,06_FINAL_ANALYSIS_V26/01_DATA/target_F_exploratory.csv#F-rescue-opioid-005,NOT INDEPENDENTLY DOCUMENTED,
V33-OD-0114,Complete 24-h opioid/MME exposure,0-24 h,NTRI14_EA_vs_SHAM_MME24,Outcome-specific analyzed population,35.0,35.0,,UNLINKED — no exact existing assessment established,UNLINKED,,,,,,,,Study-level record retained only as background; not an exact-result assessment.,NOT INDEPENDENTLY DOCUMENTED,
V33-OD-0115,Time to first bowel motion / defecation,Postoperative,NG13_EA_vs_SHAM_BOWEL,Outcome-specific analyzed population,55.0,55.0,CORRECTED-V34-027,LINKED EXISTING RESULT ASSESSMENT,Some concerns,Some concerns,Low,Low,Low,Some concerns,Exact result applicability manually mapped to latest consolidated corrected record; supersedes legacy selector.,,v34 master: Corrected_RoB2 row28,NOT INDEPENDENTLY DOCUMENTED,;defecation_EA_sham
V33-OD-0116,Time to first bowel motion / defecation,Postoperative,NG13_EA_vs_NOACU_BOWEL,Outcome-specific analyzed population,55.0,55.0,,UNLINKED — no exact existing assessment established,UNLINKED,,,,,,,,Study-level record retained only as background; not an exact-result assessment.,NOT INDEPENDENTLY DOCUMENTED,;defecation_EA_usual
V33-OD-0117,Time to first flatus,Postoperative,NG13_EA_vs_SHAM_FLATUS,Outcome-specific analyzed population,55.0,55.0,AF26-E-007,LINKED EXISTING RESULT ASSESSMENT,Some concerns,Some concerns,Low,Low,Low,Low,Exact source contrast and outcome statistics/population match to existing AF result assessment.,,06_FINAL_ANALYSIS_V26/01_DATA/target_E_flatus.csv#E-007,NOT INDEPENDENTLY DOCUMENTED,;flatus_EA_sham;flatus_EA_sham_SMD_sensitivity
V33-OD-0118,VAS pain intensity,POD1,NG13_EA_vs_SHAM_PAINPOD1,Outcome-specific analyzed population,55.0,55.0,,UNLINKED — no exact existing assessment established,UNLINKED,,,,,,,,Study-level record retained only as background; not an exact-result assessment.,NOT INDEPENDENTLY DOCUMENTED,;pain24_Ng_unspecified
V33-OD-0119,Number of postoperative pethidine injections,Postoperative; exact window NR,NG13_EA_vs_SHAM_PETHCOUNT,Outcome-specific analyzed population,55.0,55.0,,UNLINKED — no exact existing assessment established,UNLINKED,,,,,,,,Study-level record retained only as background; not an exact-result assessment.,NOT INDEPENDENTLY DOCUMENTED,
V33-OD-0120,Cumulative pethidine consumption,0-24 h,NG13_EA_vs_SHAM_OPIOID24,Outcome-specific analyzed population,55.0,55.0,,UNLINKED — no exact existing assessment established,UNLINKED,,,,,,,,Study-level record retained only as background; not an exact-result assessment.,NOT INDEPENDENTLY DOCUMENTED,
V33-OD-0121,Resting NRS pain,24 h,MA26_T_vs_S_PAIN24,Outcome-specific analyzed population,17.0,16.0,,UNLINKED — no exact existing assessment established,UNLINKED,,,,,,,,Study-level record retained only as background; not an exact-result assessment.,NOT INDEPENDENTLY DOCUMENTED,
V33-OD-0122,Athens Insomnia Scale,POD1,MA26_T_vs_S_AISPOD1,Outcome-specific analyzed population,17.0,16.0,,UNLINKED — no exact existing assessment established,UNLINKED,,,,,,,,Study-level record retained only as background; not an exact-result assessment.,NOT INDEPENDENTLY DOCUMENTED,
V33-OD-0123,Nausea,24 h,MA26_T_vs_S_NAUSEA24,Outcome-specific analyzed population,17.0,16.0,AF26-D-007,LINKED EXISTING RESULT ASSESSMENT,High,Some concerns,Some concerns,Low,High,Some concerns,Exact source contrast and outcome statistics/population match to existing AF result assessment.,,06_FINAL_ANALYSIS_V26/01_DATA/target_D_ponv.csv#D-007,NOT INDEPENDENTLY DOCUMENTED,
V33-OD-0124,Vomiting,24 h,MA26_T_vs_S_VOMIT24,Outcome-specific analyzed population,17.0,16.0,AF26-D-010,LINKED EXISTING RESULT ASSESSMENT,Some concerns,Some concerns,Some concerns,Low,Some concerns,Some concerns,Exact source contrast and outcome statistics/population match to existing AF result assessment.,,06_FINAL_ANALYSIS_V26/01_DATA/target_D_ponv.csv#D-010,NOT INDEPENDENTLY DOCUMENTED,
V33-OD-0125,Cumulative postoperative opioid consumption,0-24 h,MA26_T_vs_S_OPIOID24,Outcome-specific analyzed population,17.0,16.0,,UNLINKED — no exact existing assessment established,UNLINKED,,,,,,,,Study-level record retained only as background; not an exact-result assessment.,NOT INDEPENDENTLY DOCUMENTED,
V33-OD-0126,Post-mastectomy chronic pain incidence,6 months,LU21_COMB_vs_SHAM_CHRONIC6M,Outcome-specific analyzed population,190.0,188.0,,UNLINKED — no exact existing assessment established,UNLINKED,,,,,,,,Study-level record retained only as background; not an exact-result assessment.,NOT INDEPENDENTLY DOCUMENTED,
V33-OD-0127,Post-mastectomy chronic pain incidence,6 months,LU21_SINGLE_vs_SHAM_CHRONIC6M,Outcome-specific analyzed population,198.0,188.0,,UNLINKED — no exact existing assessment established,UNLINKED,,,,,,,,Study-level record retained only as background; not an exact-result assessment.,NOT INDEPENDENTLY DOCUMENTED,
V33-OD-0128,Total remifentanil,Intraoperative,LU21_COMB_vs_SHAM_REMI,Outcome-specific analyzed population,190.0,188.0,AF26-F-intra-008,LINKED EXISTING RESULT ASSESSMENT,Some concerns,Low,Low,Low,Low,Some concerns,Exact source contrast and outcome statistics/population match to existing AF result assessment.,,06_FINAL_ANALYSIS_V26/01_DATA/target_F_exploratory.csv#F-intra-008,NOT INDEPENDENTLY DOCUMENTED,;intraop_remifentanil_TEAS_sham;intraop_remifentanil_TEAS_sham_without_Zheng2025
V33-OD-0129,Total remifentanil,Intraoperative,LU21_SINGLE_vs_SHAM_REMI,Outcome-specific analyzed population,198.0,188.0,,UNLINKED — no exact existing assessment established,UNLINKED,,,,,,,,Study-level record retained only as background; not an exact-result assessment.,NOT INDEPENDENTLY DOCUMENTED,;intraop_remifentanil_TEAS_sham;intraop_remifentanil_TEAS_sham_without_Zheng2025
V33-OD-0130,Any PONV,24 h,LU21_COMB_vs_SHAM_PONV24,Outcome-specific analyzed population,190.0,188.0,AF26-D-002,LINKED EXISTING RESULT ASSESSMENT,High,Low,Low,Low,High,Some concerns,Exact source contrast and outcome statistics/population match to existing AF result assessment.,,06_FINAL_ANALYSIS_V26/01_DATA/target_D_ponv.csv#D-002,NOT INDEPENDENTLY DOCUMENTED,;ponv24_TEAS_sham;ponv24_TEAS_sham_point_window_sensitivity;ponv24_TEAS_broad_sham_sensitivity
V33-OD-0131,Any PONV,24 h,LU21_SINGLE_vs_SHAM_PONV24,Outcome-specific analyzed population,198.0,188.0,,UNLINKED — no exact existing assessment established,UNLINKED,,,,,,,,Study-level record retained only as background; not an exact-result assessment.,NOT INDEPENDENTLY DOCUMENTED,;ponv24_TEAS_sham;ponv24_TEAS_sham_point_window_sensitivity;ponv24_TEAS_broad_sham_sensitivity
V33-OD-0132,Cumulative postoperative sufentanil PCA consumption,0-24 h,LU21_POSTOP_OPIOID24,Outcome-specific analyzed population,,,,UNLINKED — no exact existing assessment established,UNLINKED,,,,,,,,Study-level record retained only as background; not an exact-result assessment.,NOT INDEPENDENTLY DOCUMENTED,
V33-OD-0133,Time to meet discharge criteria,Postoperative,LU22_TEAS_vs_CTRL_DISCHARGE,Outcome-specific analyzed population,47.0,47.0,,UNLINKED — no exact existing assessment established,UNLINKED,,,,,,,,Study-level record retained only as background; not an exact-result assessment.,NOT INDEPENDENTLY DOCUMENTED,
V33-OD-0134,Time to first flatus,Postoperative,LU22_TEAS_vs_CTRL_FLATUS,Outcome-specific analyzed population,47.0,47.0,AF26-E-006,LINKED EXISTING RESULT ASSESSMENT,Some concerns,Low,Some concerns,Some concerns,Some concerns,Some concerns,Exact source contrast and outcome statistics/population match to existing AF result assessment.,,06_FINAL_ANALYSIS_V26/01_DATA/target_E_flatus.csv#E-006,NOT INDEPENDENTLY DOCUMENTED,;flatus_TEAS_sham;flatus_TEAS_sham_SMD_sensitivity;flatus_TEAS_sham_without_Zheng2025
V33-OD-0135,Time to first defecation,Postoperative,LU22_TEAS_vs_CTRL_DEFEC,Outcome-specific analyzed population,47.0,47.0,,UNLINKED — no exact existing assessment established,UNLINKED,,,,,,,,Study-level record retained only as background; not an exact-result assessment.,NOT INDEPENDENTLY DOCUMENTED,;defecation_TEAS_sham
V33-OD-0136,PCA attempts,24 h,LU22_TEAS_vs_CTRL_PCAATTEMPT24,Outcome-specific analyzed population,47.0,47.0,AF26-F-PCA-009,LINKED EXISTING RESULT ASSESSMENT,High,Low,Some concerns,Some concerns,High,Some concerns,Exact source contrast and outcome statistics/population match to existing AF result assessment.,,06_FINAL_ANALYSIS_V26/01_DATA/target_F_exploratory.csv#F-PCA-009,NOT INDEPENDENTLY DOCUMENTED,
V33-OD-0137,Successful PCA deliveries,24 h,LU22_TEAS_vs_CTRL_PCADELIV24,Outcome-specific analyzed population,47.0,47.0,AF26-F-PCA-009,LINKED EXISTING RESULT ASSESSMENT,High,Low,Some concerns,Some concerns,High,Some concerns,Exact source contrast and outcome statistics/population match to existing AF result assessment.,,06_FINAL_ANALYSIS_V26/01_DATA/target_F_exploratory.csv#F-PCA-009,NOT INDEPENDENTLY DOCUMENTED,
V33-OD-0138,Exact cumulative PCA opioid consumption,0-24 h,LU22_TEAS_vs_CTRL_OPIOID24,Outcome-specific analyzed population,47.0,47.0,,UNLINKED — no exact existing assessment established,UNLINKED,,,,,,,,Study-level record retained only as background; not an exact-result assessment.,NOT INDEPENDENTLY DOCUMENTED,
V33-OD-0139,Cumulative postoperative nausea,0-48 h,LUO26_TEAS_vs_SHAM_NAUSEA48,Outcome-specific analyzed population,138.0,139.0,AF26-D-008,LINKED EXISTING RESULT ASSESSMENT,High,Low,Low,Low,High,Some concerns,Exact source contrast and outcome statistics/population match to existing AF result assessment.,,06_FINAL_ANALYSIS_V26/01_DATA/target_D_ponv.csv#D-008,NOT INDEPENDENTLY DOCUMENTED,;nausea48_TEAS_sham
V33-OD-0140,Cumulative postoperative vomiting,0-48 h,LUO26_TEAS_vs_SHAM_VOMIT48,Outcome-specific analyzed population,138.0,139.0,AF26-D-011,LINKED EXISTING RESULT ASSESSMENT,Some concerns,Low,Low,Low,Some concerns,Some concerns,Exact source contrast and outcome statistics/population match to existing AF result assessment.,,06_FINAL_ANALYSIS_V26/01_DATA/target_D_ponv.csv#D-011,NOT INDEPENDENTLY DOCUMENTED,;vomiting48_TEAS_sham
V33-OD-0141,Complete response: no vomiting and no rescue antiemetic,0-48 h,LUO26_TEAS_vs_SHAM_COMPLETE48,Outcome-specific analyzed population,138.0,139.0,,UNLINKED — no exact existing assessment established,UNLINKED,,,,,,,,Study-level record retained only as background; not an exact-result assessment.,NOT INDEPENDENTLY DOCUMENTED,
V33-OD-0142,Postoperative NRS pain,24 h,LUO26_TEAS_vs_SHAM_NRS24,Outcome-specific analyzed population,138.0,139.0,,UNLINKED — no exact existing assessment established,UNLINKED,,,,,,,,Study-level record retained only as background; not an exact-result assessment.,NOT INDEPENDENTLY DOCUMENTED,;pain24_unclassified_TEAS_sham
V33-OD-0143,Published 'sufentanil equivalents' metric,Perioperative,LUO26_TEAS_vs_SHAM_OPIOIDEQUIV,Outcome-specific analyzed population,138.0,139.0,,UNLINKED — no exact existing assessment established,UNLINKED,,,,,,,,Study-level record retained only as background; not an exact-result assessment.,NOT INDEPENDENTLY DOCUMENTED,
V33-OD-0144,Cumulative postoperative oxycodone consumption,0-24 h,LUO26_TEAS_vs_SHAM_OPIOID24,Outcome-specific analyzed population,138.0,139.0,,UNLINKED — no exact existing assessment established,UNLINKED,,,,,,,,Study-level record retained only as background; not an exact-result assessment.,NOT INDEPENDENTLY DOCUMENTED,
V33-OD-0145,Perioperative neurocognitive disorder (PND),POD1,LONG25_TEAS_vs_CTRL_PND1,Outcome-specific analyzed population,27.0,26.0,,UNLINKED — no exact existing assessment established,UNLINKED,,,,,,,,Study-level record retained only as background; not an exact-result assessment.,NOT INDEPENDENTLY DOCUMENTED,
V33-OD-0146,Perioperative neurocognitive disorder (PND),POD3,LONG25_TEAS_vs_CTRL_PND3,Outcome-specific analyzed population,27.0,26.0,,UNLINKED — no exact existing assessment established,UNLINKED,,,,,,,,Study-level record retained only as background; not an exact-result assessment.,NOT INDEPENDENTLY DOCUMENTED,
V33-OD-0147,VAS pain intensity,24 h,LONG25_TEAS_vs_CTRL_VAS24,Outcome-specific analyzed population,27.0,26.0,,UNLINKED — no exact existing assessment established,UNLINKED,,,,,,,,Study-level record retained only as background; not an exact-result assessment.,NOT INDEPENDENTLY DOCUMENTED,
V33-OD-0148,PCIA solution consumption,48 h,LONG25_TEAS_vs_CTRL_PCIA48VOL,Outcome-specific analyzed population,27.0,26.0,,UNLINKED — no exact existing assessment established,UNLINKED,,,,,,,,Study-level record retained only as background; not an exact-result assessment.,NOT INDEPENDENTLY DOCUMENTED,
V33-OD-0149,PCIA compression count,48 h,LONG25_TEAS_vs_CTRL_PCIAPRESS48,Outcome-specific analyzed population,27.0,26.0,AF26-F-PCA-005,LINKED EXISTING RESULT ASSESSMENT,High,Some concerns,Some concerns,Some concerns,High,Some concerns,Exact source contrast and outcome statistics/population match to existing AF result assessment.,,06_FINAL_ANALYSIS_V26/01_DATA/target_F_exploratory.csv#F-PCA-005,NOT INDEPENDENTLY DOCUMENTED,
V33-OD-0150,PONV incidence,Postoperative,LONG25_TEAS_vs_CTRL_PONV,Outcome-specific analyzed population,27.0,26.0,,UNLINKED — no exact existing assessment established,UNLINKED,,,,,,,,Study-level record retained only as background; not an exact-result assessment.,NOT INDEPENDENTLY DOCUMENTED,
V33-OD-0151,Exact cumulative postoperative sufentanil consumption,0-24 h,LONG25_TEAS_vs_CTRL_OPIOID24,Outcome-specific analyzed population,27.0,26.0,,UNLINKED — no exact existing assessment established,UNLINKED,,,,,,,,Study-level record retained only as background; not an exact-result assessment.,NOT INDEPENDENTLY DOCUMENTED,
V33-OD-0152,Time to first bowel motion by auscultation,Postoperative,LI21_TEAS_vs_SHAM_BOWEL,Outcome-specific analyzed population,140.0,140.0,,UNLINKED — no exact existing assessment established,UNLINKED,,,,,,,,Study-level record retained only as background; not an exact-result assessment.,NOT INDEPENDENTLY DOCUMENTED,
V33-OD-0153,Time to first flatus,Postoperative,LI21_TEAS_vs_SHAM_FLATUS,Outcome-specific analyzed population,140.0,140.0,,UNLINKED — no exact existing assessment established,UNLINKED,,,,,,,,Study-level record retained only as background; not an exact-result assessment.,NOT INDEPENDENTLY DOCUMENTED,
V33-OD-0154,Postoperative gastrointestinal dysfunction: no bowel sounds >48 h,Postoperative,LI21_TEAS_vs_SHAM_PGD,Outcome-specific analyzed population,140.0,140.0,,UNLINKED — no exact existing assessment established,UNLINKED,,,,,,,,Study-level record retained only as background; not an exact-result assessment.,NOT INDEPENDENTLY DOCUMENTED,
V33-OD-0155,VAS ≥4,6 h,LI21_TEAS_vs_SHAM_PAIN6,Outcome-specific analyzed population,140.0,140.0,,UNLINKED — no exact existing assessment established,UNLINKED,,,,,,,,Study-level record retained only as background; not an exact-result assessment.,NOT INDEPENDENTLY DOCUMENTED,
V33-OD-0156,Cumulative postoperative sufentanil consumption,0-24 h,LI21_TEAS_vs_SHAM_OPIOID24,Outcome-specific analyzed population,140.0,140.0,,UNLINKED — no exact existing assessment established,UNLINKED,,,,,,,,Study-level record retained only as background; not an exact-result assessment.,NOT INDEPENDENTLY DOCUMENTED,
V33-OD-0157,Moderate-to-severe pain (NRS ≥4),Within 24 h,LIU26ESD_TEAS_vs_SHAM_MODPAIN24,Outcome-specific analyzed population,58.0,62.0,,UNLINKED — no exact existing assessment established,UNLINKED,,,,,,,,Study-level record retained only as background; not an exact-result assessment.,NOT INDEPENDENTLY DOCUMENTED,
V33-OD-0158,NRS pain intensity,24 h,LIU26ESD_TEAS_vs_SHAM_NRS24,Outcome-specific analyzed population,58.0,62.0,,UNLINKED — no exact existing assessment established,UNLINKED,,,,,,,,Study-level record retained only as background; not an exact-result assessment.,NOT INDEPENDENTLY DOCUMENTED,;pain24_unclassified_TEAS_sham
V33-OD-0159,Any rescue IV morphine use,Through 48 h,LIU26ESD_TEAS_vs_SHAM_ANYMORPH,Outcome-specific analyzed population,58.0,62.0,,UNLINKED — no exact existing assessment established,UNLINKED,,,,,,,,Study-level record retained only as background; not an exact-result assessment.,NOT INDEPENDENTLY DOCUMENTED,
V33-OD-0160,PONV incidence,Postoperative follow-up,LIU26ESD_TEAS_vs_SHAM_PONV,Outcome-specific analyzed population,58.0,62.0,,UNLINKED — no exact existing assessment established,UNLINKED,,,,,,,,Study-level record retained only as background; not an exact-result assessment.,NOT INDEPENDENTLY DOCUMENTED,
V33-OD-0161,Cumulative postoperative morphine consumption,0-24 h,LIU26ESD_TEAS_vs_SHAM_MORPH24,Outcome-specific analyzed population,58.0,62.0,,UNLINKED — no exact existing assessment established,UNLINKED,,,,,,,,Study-level record retained only as background; not an exact-result assessment.,NOT INDEPENDENTLY DOCUMENTED,
V33-OD-0162,Postoperative cognitive decline (MMSE Z-score ≤ -2),POD1,LIU21_TEAS_vs_CTRL_POCD1,Outcome-specific analyzed population,50.0,50.0,,UNLINKED — no exact existing assessment established,UNLINKED,,,,,,,,Study-level record retained only as background; not an exact-result assessment.,NOT INDEPENDENTLY DOCUMENTED,
V33-OD-0163,VAS at rest,24 h,LIU21_TEAS_vs_CTRL_VASREST24,Outcome-specific analyzed population,50.0,50.0,AF26-C-002,LINKED EXISTING RESULT ASSESSMENT,High,Some concerns,Low,Low,High,Some concerns,Exact source contrast and outcome statistics/population match to existing AF result assessment.,,06_FINAL_ANALYSIS_V26/01_DATA/target_C_pain24h.csv#C-002,NOT INDEPENDENTLY DOCUMENTED,;pain24_rest_TEAS_sham
V33-OD-0164,VAS with coughing,24 h,LIU21_TEAS_vs_CTRL_VASCOUGH24,Outcome-specific analyzed population,50.0,50.0,,UNLINKED — no exact existing assessment established,UNLINKED,,,,,,,,Study-level record retained only as background; not an exact-result assessment.,NOT INDEPENDENTLY DOCUMENTED,;pain24_movement_TEAS_sham
V33-OD-0165,PCA pump compressions,0-24 h,LIU21_TEAS_vs_CTRL_PCAPRESS24,Outcome-specific analyzed population,50.0,50.0,AF26-F-PCA-004,LINKED EXISTING RESULT ASSESSMENT,High,Some concerns,Some concerns,Low,High,Some concerns,Exact source contrast and outcome statistics/population match to existing AF result assessment.,,06_FINAL_ANALYSIS_V26/01_DATA/target_F_exploratory.csv#F-PCA-004,NOT INDEPENDENTLY DOCUMENTED,
V33-OD-0166,Cumulative postoperative sufentanil consumption,0-24 h,LIU21_TEAS_vs_CTRL_OPIOID24,Outcome-specific analyzed population,50.0,50.0,,UNLINKED — no exact existing assessment established,UNLINKED,,,,,,,,Study-level record retained only as background; not an exact-result assessment.,NOT INDEPENDENTLY DOCUMENTED,
V33-OD-0167,Remifentanil consumption,Intraoperative,LIU26BURN_TEAS_vs_SHAM_REMI,Outcome-specific analyzed population,43.0,43.0,AF26-F-intra-001,LINKED EXISTING RESULT ASSESSMENT,Some concerns,Low,Some concerns,Low,Low,Some concerns,Exact source contrast and outcome statistics/population match to existing AF result assessment.,,06_FINAL_ANALYSIS_V26/01_DATA/target_F_exploratory.csv#F-intra-001,NOT INDEPENDENTLY DOCUMENTED,
V33-OD-0168,Nausea-vomiting,Through POD1 / approximately 24 h,LIU26BURN_TEAS_vs_SHAM_PONV24,Outcome-specific analyzed population,43.0,43.0,,UNLINKED — no exact existing assessment established,UNLINKED,,,,,,,,Study-level record retained only as background; not an exact-result assessment.,NOT INDEPENDENTLY DOCUMENTED,;ponv24_TEAS_sham;ponv24_TEAS_sham_point_window_sensitivity;ponv24_TEAS_broad_sham_sensitivity
V33-OD-0169,Any rescue dezocine use,Through POD1,LIU26BURN_TEAS_vs_SHAM_RESCUE,Outcome-specific analyzed population,43.0,43.0,AF26-F-rescue-opioid-008,LINKED EXISTING RESULT ASSESSMENT,Some concerns,Low,Some concerns,Low,Low,Some concerns,Exact source contrast and outcome statistics/population match to existing AF result assessment.,,06_FINAL_ANALYSIS_V26/01_DATA/target_F_exploratory.csv#F-rescue-opioid-008,NOT INDEPENDENTLY DOCUMENTED,
V33-OD-0170,Resting F-VAS pain,24 h,LIU26BURN_TEAS_vs_SHAM_FVAS24,Outcome-specific analyzed population,43.0,43.0,,UNLINKED — no exact existing assessment established,UNLINKED,,,,,,,,Study-level record retained only as background; not an exact-result assessment.,NOT INDEPENDENTLY DOCUMENTED,
V33-OD-0171,Complete postoperative opioid/MME exposure,0-24 h,LIU26BURN_TEAS_vs_SHAM_OPIOID24,Outcome-specific analyzed population,43.0,43.0,,UNLINKED — no exact existing assessment established,UNLINKED,,,,,,,,Study-level record retained only as background; not an exact-result assessment.,NOT INDEPENDENTLY DOCUMENTED,
V33-OD-0172,New-onset supraventricular tachycardia (SVT),First 24 h,LIU25_EA_vs_CTRL_SVT24,Outcome-specific analyzed population,38.0,39.0,,UNLINKED — no exact existing assessment established,UNLINKED,,,,,,,,Study-level record retained only as background; not an exact-result assessment.,NOT INDEPENDENTLY DOCUMENTED,
V33-OD-0173,Total sleep time measured by ambulatory sleep recorder,First postoperative night,LIU25_EA_vs_CTRL_TSTN1,Outcome-specific analyzed population,38.0,39.0,,UNLINKED — no exact existing assessment established,UNLINKED,,,,,,,,Study-level record retained only as background; not an exact-result assessment.,NOT INDEPENDENTLY DOCUMENTED,
V33-OD-0174,VAS pain intensity,24 h,LIU25_EA_vs_CTRL_PAIN24,Outcome-specific analyzed population,38.0,39.0,,UNLINKED — no exact existing assessment established,UNLINKED,,,,,,,,Study-level record retained only as background; not an exact-result assessment.,NOT INDEPENDENTLY DOCUMENTED,
V33-OD-0175,Exact cumulative postoperative opioid consumption,0-24 h,LIU25_EA_vs_CTRL_OPIOID24,Outcome-specific analyzed population,38.0,39.0,,UNLINKED — no exact existing assessment established,UNLINKED,,,,,,,,Study-level record retained only as background; not an exact-result assessment.,NOT INDEPENDENTLY DOCUMENTED,
V33-OD-0176,Postoperative NRS pain,24 h,LI22_EA_vs_SHAM_NRS24,Outcome-specific analyzed population,39.0,40.0,,UNLINKED — no exact existing assessment established,UNLINKED,,,,,,,,Study-level record retained only as background; not an exact-result assessment.,NOT INDEPENDENTLY DOCUMENTED,
V33-OD-0177,Mechanical pain threshold around surgical incision,24 h,LI22_EA_vs_SHAM_MPT24,Outcome-specific analyzed population,39.0,40.0,,UNLINKED — no exact existing assessment established,UNLINKED,,,,,,,,Study-level record retained only as background; not an exact-result assessment.,NOT INDEPENDENTLY DOCUMENTED,
V33-OD-0178,Exact cumulative postoperative opioid consumption,0-24 h,LI22_EA_vs_SHAM_OPIOID24,Outcome-specific analyzed population,39.0,40.0,,UNLINKED — no exact existing assessment established,UNLINKED,,,,,,,,Study-level record retained only as background; not an exact-result assessment.,NOT INDEPENDENTLY DOCUMENTED,
V33-OD-0179,CRBD incidence,End of surgery,LIANG21_TEAS_vs_CTRL_CRBD_END,Outcome-specific analyzed population,35.0,35.0,,UNLINKED — no exact existing assessment established,UNLINKED,,,,,,,,Study-level record retained only as background; not an exact-result assessment.,NOT INDEPENDENTLY DOCUMENTED,
V33-OD-0180,CRBD incidence,PACU discharge,LIANG21_TEAS_vs_CTRL_CRBD_PACU,Outcome-specific analyzed population,35.0,35.0,,UNLINKED — no exact existing assessment established,UNLINKED,,,,,,,,Study-level record retained only as background; not an exact-result assessment.,NOT INDEPENDENTLY DOCUMENTED,
V33-OD-0181,CRBD incidence,24 h,LIANG21_TEAS_vs_CTRL_CRBD24,Outcome-specific analyzed population,35.0,35.0,,UNLINKED — no exact existing assessment established,UNLINKED,,,,,,,,Study-level record retained only as background; not an exact-result assessment.,NOT INDEPENDENTLY DOCUMENTED,
V33-OD-0182,CRBD incidence,48 h,LIANG21_TEAS_vs_CTRL_CRBD48,Outcome-specific analyzed population,35.0,35.0,,UNLINKED — no exact existing assessment established,UNLINKED,,,,,,,,Study-level record retained only as background; not an exact-result assessment.,NOT INDEPENDENTLY DOCUMENTED,
V33-OD-0183,Exact cumulative postoperative opioid consumption,0-24 h,LIANG21_TEAS_vs_CTRL_OPIOID24,Outcome-specific analyzed population,35.0,35.0,,UNLINKED — no exact existing assessment established,UNLINKED,,,,,,,,Study-level record retained only as background; not an exact-result assessment.,NOT INDEPENDENTLY DOCUMENTED,
V33-OD-0184,Cumulative IV PCA morphine delivered,First 24 postoperative hours,LEE11_LOW_vs_SHAM_MORPH24,Outcome-specific analyzed population,10.0,12.0,CORRECTED-V34-040,LINKED EXISTING RESULT ASSESSMENT,Some concerns,Some concerns,Low,Some concerns,Low,Some concerns,Exact result applicability manually mapped to latest consolidated corrected record; supersedes legacy selector.,AF26-F-postop-dose-002,v34 master: Corrected_RoB2 row41,NOT INDEPENDENTLY DOCUMENTED,;opioid_partial_TEAS_sham
V33-OD-0185,Cumulative IV PCA morphine delivered,First 24 postoperative hours,LEE11_HIGH_vs_SHAM_MORPH24,Outcome-specific analyzed population,12.0,12.0,AF26-F-postop-dose-002,LINKED EXISTING RESULT ASSESSMENT,Some concerns,Some concerns,Some concerns,Some concerns,Low,Some concerns,Exact source contrast and outcome statistics/population match to existing AF result assessment.,,06_FINAL_ANALYSIS_V26/01_DATA/target_F_exploratory.csv#F-postop-dose-002,NOT INDEPENDENTLY DOCUMENTED,;opioid_partial_TEAS_sham
V33-OD-0186,Cumulative IV PCA morphine delivered,First 24 postoperative hours,LEE11_LOW_vs_CONTROL_MORPH24,Outcome-specific analyzed population,10.0,13.0,,UNLINKED — no exact existing assessment established,UNLINKED,,,,,,,,Study-level record retained only as background; not an exact-result assessment.,NOT INDEPENDENTLY DOCUMENTED,
V33-OD-0187,VAS pain intensity,24 h,LEE11_LOW_vs_SHAM_VAS24,Outcome-specific analyzed population,10.0,12.0,,UNLINKED — no exact existing assessment established,UNLINKED,,,,,,,,Study-level record retained only as background; not an exact-result assessment.,NOT INDEPENDENTLY DOCUMENTED,;pain24_Lee_low_arm_only
V33-OD-0188,Cumulative analgesic pump compressions,48 h,JIN23_2HZ_vs_SHAM_NAPC48,Outcome-specific analyzed population,53.0,52.0,AF26-F-PCA-007,LINKED EXISTING RESULT ASSESSMENT,Some concerns,Some concerns,Some concerns,Some concerns,Low,Some concerns,Exact source contrast and outcome statistics/population match to existing AF result assessment.,,06_FINAL_ANALYSIS_V26/01_DATA/target_F_exploratory.csv#F-PCA-007,NOT INDEPENDENTLY DOCUMENTED,
V33-OD-0189,Cumulative analgesic pump compressions,48 h,JIN23_20100_vs_SHAM_NAPC48,Outcome-specific analyzed population,53.0,52.0,AF26-F-PCA-007,LINKED EXISTING RESULT ASSESSMENT,Some concerns,Some concerns,Some concerns,Some concerns,Low,Some concerns,Exact source contrast and outcome statistics/population match to existing AF result assessment.,,06_FINAL_ANALYSIS_V26/01_DATA/target_F_exploratory.csv#F-PCA-007,NOT INDEPENDENTLY DOCUMENTED,
V33-OD-0190,Published 'fentanyl consumption' / PCIA solution volume,24 h,JIN23_2HZ_vs_SHAM_VOL24,Outcome-specific analyzed population,53.0,52.0,,UNLINKED — no exact existing assessment established,UNLINKED,,,,,,,,Study-level record retained only as background; not an exact-result assessment.,NOT INDEPENDENTLY DOCUMENTED,
V33-OD-0191,Published 'fentanyl consumption' / PCIA solution volume,24 h,JIN23_20100_vs_SHAM_VOL24,Outcome-specific analyzed population,53.0,52.0,,UNLINKED — no exact existing assessment established,UNLINKED,,,,,,,,Study-level record retained only as background; not an exact-result assessment.,NOT INDEPENDENTLY DOCUMENTED,
V33-OD-0192,Exact cumulative fentanyl mass / MME,0-24 h,JIN23_OPIOID24_MASS,Outcome-specific analyzed population,,,,UNLINKED — no exact existing assessment established,UNLINKED,,,,,,,,Study-level record retained only as background; not an exact-result assessment.,NOT INDEPENDENTLY DOCUMENTED,
V33-OD-0193,Time to first flatus,Postoperative,JIANG26_TEAS_vs_SHAM_FLATUS_PP,Outcome-specific analyzed population,294.0,293.0,,UNLINKED — no exact existing assessment established,UNLINKED,,,,,,,,Study-level record retained only as background; not an exact-result assessment.,NOT INDEPENDENTLY DOCUMENTED,
V33-OD-0194,Time to first flatus,Modified-ITT-type analysis among intervention recipients,JIANG26_TEAS_vs_SHAM_FLATUS_MITT,Outcome-specific analyzed population,296.0,297.0,,UNLINKED — no exact existing assessment established,UNLINKED,,,,,,,,Study-level record retained only as background; not an exact-result assessment.,NOT INDEPENDENTLY DOCUMENTED,
V33-OD-0195,PONV incidence,Within 24 h,JIANG26_TEAS_vs_SHAM_PONV24,Outcome-specific analyzed population,294.0,293.0,,UNLINKED — no exact existing assessment established,UNLINKED,,,,,,,,Study-level record retained only as background; not an exact-result assessment.,NOT INDEPENDENTLY DOCUMENTED,;ponv24_TEAS_sham;ponv24_TEAS_sham_point_window_sensitivity;ponv24_TEAS_broad_sham_sensitivity
V33-OD-0196,Remifentanil consumption,Intraoperative,JIANG26_TEAS_vs_SHAM_INTRAOP_REMI,Outcome-specific analyzed population,294.0,293.0,AF26-F-exposure-006,LINKED EXISTING RESULT ASSESSMENT,Some concerns,Low,Some concerns,Some concerns,Some concerns,Some concerns,Exact source contrast and outcome statistics/population match to existing AF result assessment.,,06_FINAL_ANALYSIS_V26/01_DATA/target_F_exploratory.csv#F-exposure-006,NOT INDEPENDENTLY DOCUMENTED,
V33-OD-0197,Exact cumulative postoperative opioid consumption,0-24 h,JIANG26_TEAS_vs_SHAM_OPIOID24,Outcome-specific analyzed population,294.0,293.0,,UNLINKED — no exact existing assessment established,UNLINKED,,,,,,,,Study-level record retained only as background; not an exact-result assessment.,NOT INDEPENDENTLY DOCUMENTED,
V33-OD-0198,Time to first flatus,Postoperative,HUANG25_EA_vs_UC_FLATUS,Outcome-specific analyzed population,43.0,45.0,CORRECTED-V34-043,LINKED EXISTING RESULT ASSESSMENT,High,Low,High,High,High,Low,Exact result applicability manually mapped to latest consolidated corrected record; supersedes legacy selector.,,v34 master: Corrected_RoB2 row44,NOT INDEPENDENTLY DOCUMENTED,;flatus_EA_usual;flatus_EA_usual_SMD_sensitivity
V33-OD-0199,Time to first defecation,Postoperative,HUANG25_EA_vs_UC_DEFEC,Outcome-specific analyzed population,43.0,45.0,,UNLINKED — no exact existing assessment established,UNLINKED,,,,,,,,Study-level record retained only as background; not an exact-result assessment.,NOT INDEPENDENTLY DOCUMENTED,;defecation_EA_usual
V33-OD-0200,Exact cumulative postoperative opioid consumption,0-24 h,HUANG25_EA_vs_UC_OPIOID24,Outcome-specific analyzed population,43.0,45.0,,UNLINKED — no exact existing assessment established,UNLINKED,,,,,,,,Study-level record retained only as background; not an exact-result assessment.,NOT INDEPENDENTLY DOCUMENTED,
V33-OD-0201,VAS during walking/knee movement,POD1,HUANG24_CONTRA_vs_SHAM_VASD1,Outcome-specific analyzed population,38.0,38.0,CORRECTED-V34-044,LINKED EXISTING RESULT ASSESSMENT,Some concerns,Low,Some concerns,Low,Some concerns,Low,Exact result applicability manually mapped to latest consolidated corrected record; supersedes legacy selector.,,v34 master: Corrected_RoB2 row45,NOT INDEPENDENTLY DOCUMENTED,;pain24_movement_EA_sham;pain24_movement_EA_sham_with_He
V33-OD-0202,VAS during walking/knee movement,POD1,HUANG24_IPSI_vs_SHAM_VASD1,Outcome-specific analyzed population,38.0,38.0,,UNLINKED — no exact existing assessment established,UNLINKED,,,,,,,,Study-level record retained only as background; not an exact-result assessment.,NOT INDEPENDENTLY DOCUMENTED,;pain24_movement_EA_sham;pain24_movement_EA_sham_with_He
V33-OD-0203,Additional PCA dose/release,"POD2; 24 h after first EA session, not necessarily 24 h after surgery",HUANG24_CONTRA_vs_SHAM_PCA_D2,Outcome-specific analyzed population,38.0,38.0,AF26-F-postop-dose-009,LINKED EXISTING RESULT ASSESSMENT,Some concerns,Low,Some concerns,Some concerns,Some concerns,Low,Exact source contrast and outcome statistics/population match to existing AF result assessment.,,06_FINAL_ANALYSIS_V26/01_DATA/target_F_exploratory.csv#F-postop-dose-009,NOT INDEPENDENTLY DOCUMENTED,
V33-OD-0204,Exact cumulative postoperative opioid dose,0-24 h,HUANG24_OPIOID24,Outcome-specific analyzed population,38.0,38.0,,UNLINKED — no exact existing assessment established,UNLINKED,,,,,,,,Study-level record retained only as background; not an exact-result assessment.,NOT INDEPENDENTLY DOCUMENTED,
V33-OD-0205,PONV incidence,Postoperative / reported review window,HOU23_TEAS_vs_SHAM_PONV,Outcome-specific analyzed population,36.0,36.0,CORRECTED-V34-045,LINKED EXISTING RESULT ASSESSMENT,Some concerns,Low,Low,Low,Some concerns,Low,Exact result applicability manually mapped to latest consolidated corrected record; supersedes legacy selector.,,v34 master: Corrected_RoB2 row46,NOT INDEPENDENTLY DOCUMENTED,
V33-OD-0206,VAS-P pain,"D2 = one day after surgery, not exact clock-time 24 h",HOU23_TEAS_vs_SHAM_PAIN_D2,Outcome-specific analyzed population,36.0,36.0,,UNLINKED — no exact existing assessment established,UNLINKED,,,,,,,,Study-level record retained only as background; not an exact-result assessment.,NOT INDEPENDENTLY DOCUMENTED,
V33-OD-0207,Any rescue flurbiprofen use,Postoperative,HOU23_TEAS_vs_SHAM_RESCUE,Outcome-specific analyzed population,36.0,36.0,AF26-F-rescue-nonopioid-002,LINKED EXISTING RESULT ASSESSMENT,Some concerns,Some concerns,Some concerns,Low,Some concerns,Some concerns,Exact source contrast and outcome statistics/population match to existing AF result assessment.,,06_FINAL_ANALYSIS_V26/01_DATA/target_F_exploratory.csv#F-rescue-nonopioid-002,NOT INDEPENDENTLY DOCUMENTED,
V33-OD-0208,Actual total postoperative sufentanil consumption,0-24 h,HOU23_TEAS_vs_SHAM_OPIOID24,Outcome-specific analyzed population,36.0,36.0,,UNLINKED — no exact existing assessment established,UNLINKED,,,,,,,,Study-level record retained only as background; not an exact-result assessment.,NOT INDEPENDENTLY DOCUMENTED,
V33-OD-0209,Total opioid as remifentanil-equivalent rate,Intraoperative,HUANG17_2100_vs_CTRL_REMI,Outcome-specific analyzed population,20.0,20.0,AF26-F-intra-004,LINKED EXISTING RESULT ASSESSMENT,Some concerns,Some concerns,Some concerns,Low,Low,Some concerns,Exact source contrast and outcome statistics/population match to existing AF result assessment.,,06_FINAL_ANALYSIS_V26/01_DATA/target_F_exploratory.csv#F-intra-004,NOT INDEPENDENTLY DOCUMENTED,
V33-OD-0210,Total opioid as remifentanil-equivalent rate,Intraoperative,HUANG17_2HZ_vs_CTRL_REMI,Outcome-specific analyzed population,20.0,20.0,,UNLINKED — no exact existing assessment established,UNLINKED,,,,,,,,Study-level record retained only as background; not an exact-result assessment.,NOT INDEPENDENTLY DOCUMENTED,
V33-OD-0211,Total opioid as remifentanil-equivalent rate,Intraoperative,HUANG17_100HZ_vs_CTRL_REMI,Outcome-specific analyzed population,20.0,20.0,,UNLINKED — no exact existing assessment established,UNLINKED,,,,,,,,Study-level record retained only as background; not an exact-result assessment.,NOT INDEPENDENTLY DOCUMENTED,
V33-OD-0212,Published postoperative sufentanil aggregate,Observation window unclear,HUANG17_POSTOP_SUF_AGG,Outcome-specific analyzed population,20.0,20.0,,UNLINKED — no exact existing assessment established,UNLINKED,,,,,,,,Study-level record retained only as background; not an exact-result assessment.,NOT INDEPENDENTLY DOCUMENTED,
V33-OD-0213,Exact cumulative postoperative sufentanil consumption,0-24 h,HUANG17_OPIOID24,Outcome-specific analyzed population,20.0,20.0,,UNLINKED — no exact existing assessment established,UNLINKED,,,,,,,,Study-level record retained only as background; not an exact-result assessment.,NOT INDEPENDENTLY DOCUMENTED,
V33-OD-0214,Total postoperative opioid consumption in morphine equivalents,0-24 h,HEJIS26_TEAS_vs_CTRL_MME24,Outcome-specific analyzed population,80.0,79.0,CORRECTED-V34-047,LINKED EXISTING RESULT ASSESSMENT,Some concerns,Low,Some concerns,Low,Low,Low,Exact result applicability manually mapped to latest consolidated corrected record; supersedes legacy selector.,,v34 master: Corrected_RoB2 row48,NOT INDEPENDENTLY DOCUMENTED,;opioid24_TEAS_sham_expanded_suf0.25;opioid24_TEAS_sham_expanded_suf0.25_without_Chen2020;opioid24_TEAS_sham_expanded_suf0.5;opioid24_TEAS_sham_expanded_suf0.5_without_Chen2020;opioid24_TEAS_sham_expanded_suf1;opioid24_TEAS_sham_expanded_suf1_without_Chen2020
V33-OD-0215,PONV incidence,0-24 h,HEJIS26_TEAS_vs_CTRL_PONV24,Outcome-specific analyzed population,80.0,79.0,,UNLINKED — no exact existing assessment established,UNLINKED,,,,,,,,Study-level record retained only as background; not an exact-result assessment.,NOT INDEPENDENTLY DOCUMENTED,;ponv24_TEAS_sham;ponv24_TEAS_sham_point_window_sensitivity;ponv24_TEAS_broad_sham_sensitivity
V33-OD-0216,PCA attempts,24 h,HEJIS26_TEAS_vs_CTRL_PCAATT24,Outcome-specific analyzed population,80.0,79.0,AF26-F-PCA-002,LINKED EXISTING RESULT ASSESSMENT,Some concerns,Low,Some concerns,Low,Low,Some concerns,Exact source contrast and outcome statistics/population match to existing AF result assessment.,,06_FINAL_ANALYSIS_V26/01_DATA/target_F_exploratory.csv#F-PCA-002,NOT INDEPENDENTLY DOCUMENTED,
V33-OD-0217,Moderate-to-severe movement-evoked pain (VAS >4),24 h,HEBREAST26_EA_vs_SHAM_MODMOV24,Outcome-specific analyzed population,65.0,65.0,,UNLINKED — no exact existing assessment established,UNLINKED,,,,,,,,Study-level record retained only as background; not an exact-result assessment.,NOT INDEPENDENTLY DOCUMENTED,
V33-OD-0218,Movement VAS,24 h,HEBREAST26_EA_vs_SHAM_VASMOV24,Outcome-specific analyzed population,65.0,65.0,,UNLINKED — no exact existing assessment established,UNLINKED,,,,,,,,Study-level record retained only as background; not an exact-result assessment.,NOT INDEPENDENTLY DOCUMENTED,;pain24_movement_EA_sham_with_He
V33-OD-0219,Resting VAS,24 h,HEBREAST26_EA_vs_SHAM_VASREST24,Outcome-specific analyzed population,65.0,65.0,,UNLINKED — no exact existing assessment established,UNLINKED,,,,,,,,Study-level record retained only as background; not an exact-result assessment.,NOT INDEPENDENTLY DOCUMENTED,;pain24_rest_EA_sham_He_reported_SD
V33-OD-0220,Cumulative rescue morphine consumption,0-24 h,HEBREAST26_OPIOID24,Outcome-specific analyzed population,65.0,65.0,,UNLINKED — no exact existing assessment established,UNLINKED,,,,,,,,Study-level record retained only as background; not an exact-result assessment.,NOT INDEPENDENTLY DOCUMENTED,
V33-OD-0221,VAS pain intensity,24 h,GU19_LTEAS_vs_CTEAS_VAS24,Outcome-specific analyzed population,58.0,59.0,,UNLINKED — no exact existing assessment established,UNLINKED,,,,,,,,Study-level record retained only as background; not an exact-result assessment.,NOT INDEPENDENTLY DOCUMENTED,;pain24_unclassified_TEAS_sham
V33-OD-0222,Time to first bowel sounds,Postoperative,GU19_LTEAS_vs_CTEAS_BOWEL,Outcome-specific analyzed population,58.0,59.0,,UNLINKED — no exact existing assessment established,UNLINKED,,,,,,,,Study-level record retained only as background; not an exact-result assessment.,NOT INDEPENDENTLY DOCUMENTED,;bowelsounds_TEAS_sham;bowelsounds_TEAS_sham_without_Zheng2025
V33-OD-0223,Time to first flatus,Postoperative,GU19_LTEAS_vs_CTEAS_FLATUS,Outcome-specific analyzed population,58.0,59.0,CORRECTED-V34-049,LINKED EXISTING RESULT ASSESSMENT,Some concerns,Some concerns,Low,Some concerns,Some concerns,Some concerns,Exact result applicability manually mapped to latest consolidated corrected record; supersedes legacy selector.,,v34 master: Corrected_RoB2 row50,NOT INDEPENDENTLY DOCUMENTED,;flatus_TEAS_sham;flatus_TEAS_sham_SMD_sensitivity;flatus_TEAS_sham_without_Zheng2025
V33-OD-0224,Time to first defecation,Postoperative,GU19_LTEAS_vs_CTEAS_DEFEC,Outcome-specific analyzed population,58.0,59.0,,UNLINKED — no exact existing assessment established,UNLINKED,,,,,,,,Study-level record retained only as background; not an exact-result assessment.,NOT INDEPENDENTLY DOCUMENTED,;defecation_TEAS_sham
V33-OD-0225,Cumulative multimodal PCIA solution consumed,4 h,GU19_LTEAS_vs_CTEAS_PCIA4,Outcome-specific analyzed population,58.0,59.0,AF26-F-postop-dose-008,LINKED EXISTING RESULT ASSESSMENT,Some concerns,Some concerns,Some concerns,Low,Some concerns,Some concerns,Exact source contrast and outcome statistics/population match to existing AF result assessment.,,06_FINAL_ANALYSIS_V26/01_DATA/target_F_exploratory.csv#F-postop-dose-008,NOT INDEPENDENTLY DOCUMENTED,
V33-OD-0226,Cumulative multimodal PCIA solution consumed,8 h,GU19_LTEAS_vs_CTEAS_PCIA8,Outcome-specific analyzed population,58.0,59.0,AF26-F-postop-dose-008,LINKED EXISTING RESULT ASSESSMENT,Some concerns,Some concerns,Some concerns,Low,Some concerns,Some concerns,Exact source contrast and outcome statistics/population match to existing AF result assessment.,,06_FINAL_ANALYSIS_V26/01_DATA/target_F_exploratory.csv#F-postop-dose-008,NOT INDEPENDENTLY DOCUMENTED,
V33-OD-0227,Cumulative multimodal PCIA solution consumed,36 h,GU19_LTEAS_vs_CTEAS_PCIA36,Outcome-specific analyzed population,58.0,59.0,AF26-F-postop-dose-008,LINKED EXISTING RESULT ASSESSMENT,Some concerns,Some concerns,Some concerns,Low,Some concerns,Some concerns,Exact source contrast and outcome statistics/population match to existing AF result assessment.,,06_FINAL_ANALYSIS_V26/01_DATA/target_F_exploratory.csv#F-postop-dose-008,NOT INDEPENDENTLY DOCUMENTED,
V33-OD-0228,Cumulative multimodal PCIA solution volume,0-24 h,GU19_OPIOID24,Outcome-specific analyzed population,58.0,59.0,,UNLINKED — no exact existing assessment established,UNLINKED,,,,,,,,Study-level record retained only as background; not an exact-result assessment.,NOT INDEPENDENTLY DOCUMENTED,
V33-OD-0229,Postoperative cognitive dysfunction (MoCA decline ≥1 SD),POD1,GUO23_TEAS_vs_SHAM_POCD1,Outcome-specific analyzed population,55.0,55.0,,UNLINKED — no exact existing assessment established,UNLINKED,,,,,,,,Study-level record retained only as background; not an exact-result assessment.,NOT INDEPENDENTLY DOCUMENTED,
V33-OD-0230,Postoperative cognitive dysfunction (MoCA decline ≥1 SD),POD7,GUO23_TEAS_vs_SHAM_POCD7,Outcome-specific analyzed population,55.0,55.0,,UNLINKED — no exact existing assessment established,UNLINKED,,,,,,,,Study-level record retained only as background; not an exact-result assessment.,NOT INDEPENDENTLY DOCUMENTED,
V33-OD-0231,Postoperative cognitive dysfunction (MoCA decline ≥1 SD),POD30,GUO23_TEAS_vs_SHAM_POCD30,Outcome-specific analyzed population,55.0,55.0,,UNLINKED — no exact existing assessment established,UNLINKED,,,,,,,,Study-level record retained only as background; not an exact-result assessment.,NOT INDEPENDENTLY DOCUMENTED,
V33-OD-0232,Remifentanil consumption,Intraoperative,GUO23_TEAS_vs_SHAM_REMI,Outcome-specific analyzed population,55.0,55.0,AF26-F-intra-010,LINKED EXISTING RESULT ASSESSMENT,Some concerns,Some concerns,Some concerns,Some concerns,Low,Some concerns,Exact source contrast and outcome statistics/population match to existing AF result assessment.,,06_FINAL_ANALYSIS_V26/01_DATA/target_F_exploratory.csv#F-intra-010,NOT INDEPENDENTLY DOCUMENTED,;intraop_remifentanil_TEAS_sham;intraop_remifentanil_TEAS_sham_without_Zheng2025
V33-OD-0233,NRS pain intensity,POD1,GUO23_PAINPOD1,Outcome-specific analyzed population,55.0,55.0,,UNLINKED — no exact existing assessment established,UNLINKED,,,,,,,,Study-level record retained only as background; not an exact-result assessment.,NOT INDEPENDENTLY DOCUMENTED,
V33-OD-0234,Actual postoperative sufentanil consumption,0-24 h,GUO23_OPIOID24,Outcome-specific analyzed population,55.0,55.0,,UNLINKED — no exact existing assessment established,UNLINKED,,,,,,,,Study-level record retained only as background; not an exact-result assessment.,NOT INDEPENDENTLY DOCUMENTED,
V33-OD-0235,PACU analgesic requirement in women-only subgroup,PACU,GRECH16_EA_vs_CTRL_PACU_MME_WOMEN,Outcome-specific analyzed population,9.0,9.0,,UNLINKED — no exact existing assessment established,UNLINKED,,,,,,,,Study-level record retained only as background; not an exact-result assessment.,NOT INDEPENDENTLY DOCUMENTED,
V33-OD-0236,Exact cumulative 24-h postoperative morphine-equivalent consumption,0-24 h,GRECH16_EA_vs_CTRL_OPIOID24,Outcome-specific analyzed population,,,,UNLINKED — no exact existing assessment established,UNLINKED,,,,,,,,Study-level record retained only as background; not an exact-result assessment.,NOT INDEPENDENTLY DOCUMENTED,
V33-OD-0237,Postoperative VAS pain,PACU and POD1-3,GRECH16_EA_vs_CTRL_PAIN,Outcome-specific analyzed population,,,,UNLINKED — no exact existing assessment established,UNLINKED,,,,,,,,Study-level record retained only as background; not an exact-result assessment.,NOT INDEPENDENTLY DOCUMENTED,
V33-OD-0238,Postoperative paralytic ileus: no flatus >72 h,Postoperative,GAO21_TEAS_vs_SHAM_POI,Outcome-specific analyzed population,303.0,307.0,,UNLINKED — no exact existing assessment established,UNLINKED,,,,,,,,Study-level record retained only as background; not an exact-result assessment.,NOT INDEPENDENTLY DOCUMENTED,
V33-OD-0239,Time to first flatus,Postoperative,GAO21_TEAS_vs_SHAM_FLATUS,Outcome-specific analyzed population,303.0,307.0,,UNLINKED — no exact existing assessment established,UNLINKED,,,,,,,,Study-level record retained only as background; not an exact-result assessment.,NOT INDEPENDENTLY DOCUMENTED,;flatus_TEAS_sham;flatus_TEAS_sham_SMD_sensitivity;flatus_TEAS_sham_without_Zheng2025
V33-OD-0240,Time to first defecation,Postoperative,GAO21_TEAS_vs_SHAM_DEFEC,Outcome-specific analyzed population,303.0,307.0,,UNLINKED — no exact existing assessment established,UNLINKED,,,,,,,,Study-level record retained only as background; not an exact-result assessment.,NOT INDEPENDENTLY DOCUMENTED,;defecation_TEAS_sham
V33-OD-0241,Time to resume normal diet,Postoperative,GAO21_TEAS_vs_SHAM_DIET,Outcome-specific analyzed population,303.0,307.0,,UNLINKED — no exact existing assessment established,UNLINKED,,,,,,,,Study-level record retained only as background; not an exact-result assessment.,NOT INDEPENDENTLY DOCUMENTED,
V33-OD-0242,Exact cumulative postoperative opioid consumption,0-24 h,GAO21_OPIOID24,Outcome-specific analyzed population,303.0,307.0,,UNLINKED — no exact existing assessment established,UNLINKED,,,,,,,,Study-level record retained only as background; not an exact-result assessment.,NOT INDEPENDENTLY DOCUMENTED,
V33-OD-0243,24-h morphine PCA dose,First 24 postoperative hours,YEH10_AES_vs_SHAM_MORPH24,Outcome-specific analyzed population,33.0,30.0,CORRECTED-V34-053,LINKED EXISTING RESULT ASSESSMENT,Some concerns,Some concerns,Low,Some concerns,Low,Some concerns,Exact result applicability manually mapped to latest consolidated corrected record; supersedes legacy selector.,AF26-F-postop-dose-003,v34 master: Corrected_RoB2 row54,NOT INDEPENDENTLY DOCUMENTED,
V33-OD-0244,24-h morphine PCA dose,First 24 postoperative hours,YEH10_AES_vs_CONTROL_MORPH24,Outcome-specific analyzed population,33.0,31.0,,UNLINKED — no exact existing assessment established,UNLINKED,,,,,,,,Study-level record retained only as background; not an exact-result assessment.,NOT INDEPENDENTLY DOCUMENTED,
V33-OD-0245,24-h IV morphine PCA dose,First 24 postoperative hours,YEH11_AES_vs_SHAM_MORPH24,Outcome-specific analyzed population,30.0,30.0,CORRECTED-V34-054,LINKED EXISTING RESULT ASSESSMENT,Some concerns,Some concerns,Low,Low,Low,Some concerns,Exact result applicability manually mapped to latest consolidated corrected record; supersedes legacy selector.,AF26-F-postop-dose-010,v34 master: Corrected_RoB2 row55,NOT INDEPENDENTLY DOCUMENTED,
V33-OD-0246,24-h IV morphine PCA dose,First 24 postoperative hours,YEH11_AES_vs_CONTROL_MORPH24,Outcome-specific analyzed population,30.0,30.0,,UNLINKED — no exact existing assessment established,UNLINKED,,,,,,,,Study-level record retained only as background; not an exact-result assessment.,NOT INDEPENDENTLY DOCUMENTED,
V33-OD-0247,IV PCA morphine consumption,Day 0,WONG06_EA_vs_SHAM_MORPHD0,Outcome-specific analyzed population,13.0,12.0,,UNLINKED — no exact existing assessment established,UNLINKED,,,,,,,,Study-level record retained only as background; not an exact-result assessment.,NOT INDEPENDENTLY DOCUMENTED,
V33-OD-0248,IV PCA morphine consumption,Day 1,WONG06_EA_vs_SHAM_MORPHD1,Outcome-specific analyzed population,13.0,12.0,,UNLINKED — no exact existing assessment established,UNLINKED,,,,,,,,Study-level record retained only as background; not an exact-result assessment.,NOT INDEPENDENTLY DOCUMENTED,
V33-OD-0249,IV PCA morphine consumption,Day 2,WONG06_EA_vs_SHAM_MORPHD2,Outcome-specific analyzed population,13.0,12.0,,UNLINKED — no exact existing assessment established,UNLINKED,,,,,,,,Study-level record retained only as background; not an exact-result assessment.,NOT INDEPENDENTLY DOCUMENTED,
V33-OD-0250,IV PCA morphine consumption,First 3 postoperative days total,WONG06_EA_vs_SHAM_MORPHTOTAL,Outcome-specific analyzed population,13.0,12.0,CORRECTED-V34-055,LINKED EXISTING RESULT ASSESSMENT,High,Low,Low,High,Low,Some concerns,Exact result applicability manually mapped to latest consolidated corrected record; supersedes legacy selector.,AF26-B-002,v34 master: Corrected_RoB2 row56,NOT INDEPENDENTLY DOCUMENTED,;opioid72_EA_sham_PCA
V33-OD-0251,Exact total opioid exposure,0-24 h,WONG06_EA_vs_SHAM_OPIOID24,Outcome-specific analyzed population,13.0,12.0,,UNLINKED — no exact existing assessment established,UNLINKED,,,,,,,,Study-level record retained only as background; not an exact-result assessment.,NOT INDEPENDENTLY DOCUMENTED,
V33-OD-0252,Total IV morphine analgesia,First 24 h,ELR09_EA_vs_CTRL_MORPH24,Outcome-specific analyzed population,42.0,53.0,CORRECTED-V34-056,LINKED EXISTING RESULT ASSESSMENT,High,Some concerns,Low,High,Low,Some concerns,Exact result applicability manually mapped to latest consolidated corrected record; supersedes legacy selector.,AF26-F-postop-dose-007,v34 master: Corrected_RoB2 row57,NOT INDEPENDENTLY DOCUMENTED,;opioid24_EA_usual;opioid24_EA_usual_expanded
V33-OD-0253,Total IV morphine analgesia,First 4 h,ELR09_EA_vs_CTRL_MORPH4,Outcome-specific analyzed population,40.0,53.0,,UNLINKED — no exact existing assessment established,UNLINKED,,,,,,,,Study-level record retained only as background; not an exact-result assessment.,NOT INDEPENDENTLY DOCUMENTED,
V33-OD-0254,Total postoperative fentanyl PCIA dose,Through reported 48-h PCIA period,AN14_EA_vs_CTRL_FENT48,Outcome-specific analyzed population,41.0,40.0,CORRECTED-V34-061,LINKED EXISTING RESULT ASSESSMENT,High,Some concerns,Low,High,Low,Some concerns,Exact result applicability manually mapped to latest consolidated corrected record; supersedes legacy selector.,AF26-A-003,v34 master: Corrected_RoB2 row62,NOT INDEPENDENTLY DOCUMENTED,;opioid48_EA_usual_PCA
V33-OD-0255,Exact cumulative postoperative fentanyl,0-24 h,AN14_EA_vs_CTRL_OPIOID24,Outcome-specific analyzed population,41.0,40.0,,UNLINKED — no exact existing assessment established,UNLINKED,,,,,,,,Study-level record retained only as background; not an exact-result assessment.,NOT INDEPENDENTLY DOCUMENTED,
V33-OD-0256,Global QoR-40,24 h,CHEN15Q_TEAS_vs_CTRL_QOR40,Outcome-specific analyzed population,41.0,42.0,,UNLINKED — no exact existing assessment established,UNLINKED,,,,,,,,Study-level record retained only as background; not an exact-result assessment.,NOT INDEPENDENTLY DOCUMENTED,
V33-OD-0257,PONV incidence,0-24 h,CHEN15Q_TEAS_vs_CTRL_PONV24,Outcome-specific analyzed population,41.0,42.0,,UNLINKED — no exact existing assessment established,UNLINKED,,,,,,,,Study-level record retained only as background; not an exact-result assessment.,NOT INDEPENDENTLY DOCUMENTED,;ponv24_TEAS_sham;ponv24_TEAS_sham_point_window_sensitivity;ponv24_TEAS_broad_sham_sensitivity
V33-OD-0258,Cumulative rescue IV morphine dose derived from fixed 2-mg rescue administrations,0-24 h,CHEN15Q_TEAS_vs_CTRL_RESCUEMORPH24,Outcome-specific analyzed population,41.0,42.0,,UNLINKED — no exact existing assessment established,UNLINKED,,,,,,,,Study-level record retained only as background; not an exact-result assessment.,NOT INDEPENDENTLY DOCUMENTED,
V33-OD-0259,Cumulative number of rescue sufentanil PCIA boluses,0-24 h,CHEN15H_TEAS_vs_SHAM_RESCUECOUNT24,Outcome-specific analyzed population,29.0,30.0,AF26-F-rescue-opioid-002,LINKED EXISTING RESULT ASSESSMENT,Some concerns,Some concerns,Some concerns,Low,Some concerns,Some concerns,Exact source contrast and outcome statistics/population match to existing AF result assessment.,,06_FINAL_ANALYSIS_V26/01_DATA/target_F_exploratory.csv#F-rescue-opioid-002,NOT INDEPENDENTLY DOCUMENTED,
V33-OD-0260,Derived cumulative sufentanil dose from fixed 0.05 µg/kg bolus,0-24 h,CHEN15H_TEAS_vs_SHAM_SUFKG24,Outcome-specific analyzed population,29.0,30.0,,UNLINKED — no exact existing assessment established,UNLINKED,,,,,,,,Study-level record retained only as background; not an exact-result assessment.,NOT INDEPENDENTLY DOCUMENTED,
V33-OD-0261,PONV incidence,0-24 h,CHEN15H_TEAS_vs_SHAM_PONV24,Outcome-specific analyzed population,29.0,30.0,,UNLINKED — no exact existing assessment established,UNLINKED,,,,,,,,Study-level record retained only as background; not an exact-result assessment.,NOT INDEPENDENTLY DOCUMENTED,;ponv24_TEAS_sham;ponv24_TEAS_sham_point_window_sensitivity;ponv24_TEAS_broad_sham_sensitivity
V33-OD-0262,Cumulative PCA solution consumption,48 h,AO21_TEAS_vs_SHAM_PCA48,Outcome-specific analyzed population,32.0,33.0,CORRECTED-V34-060,LINKED EXISTING RESULT ASSESSMENT,Some concerns,Some concerns,Some concerns,Some concerns,Low,Some concerns,Exact result applicability manually mapped to latest consolidated corrected record; supersedes legacy selector.,AF26-F-PCA-003,v34 master: Corrected_RoB2 row61,NOT INDEPENDENTLY DOCUMENTED,
V33-OD-0263,Exact cumulative postoperative opioid/tramadol consumption,0-24 h,WU16_TAES_vs_ACTIVE_OPIOID24,Outcome-specific analyzed population,27.0,27.0,,UNLINKED — no exact existing assessment established,UNLINKED,,,,,,,,Study-level record retained only as background; not an exact-result assessment.,NOT INDEPENDENTLY DOCUMENTED,
V33-OD-0264,Exact cumulative postoperative opioid/tramadol consumption,0-24 h,WU16_TAES_vs_UC_OPIOID24,Outcome-specific analyzed population,27.0,27.0,,UNLINKED — no exact existing assessment established,UNLINKED,,,,,,,,Study-level record retained only as background; not an exact-result assessment.,NOT INDEPENDENTLY DOCUMENTED,
V33-OD-0265,VAS pain intensity at rest,24 h postoperatively,WU16_TAES_vs_ACTIVE_REST24,Outcome-specific analyzed population,27.0,27.0,,UNLINKED — no exact existing assessment established,UNLINKED,,,,,,,,Study-level record retained only as background; not an exact-result assessment.,NOT INDEPENDENTLY DOCUMENTED,
V33-OD-0266,VAS pain intensity at rest,24 h postoperatively,WU16_TAES_vs_UC_REST24,Outcome-specific analyzed population,27.0,27.0,,UNLINKED — no exact existing assessment established,UNLINKED,,,,,,,,Study-level record retained only as background; not an exact-result assessment.,NOT INDEPENDENTLY DOCUMENTED,
V33-OD-0267,VAS pain intensity during coughing,24 h postoperatively,WU16_TAES_vs_ACTIVE_COUGH24,Outcome-specific analyzed population,27.0,27.0,,UNLINKED — no exact existing assessment established,UNLINKED,,,,,,,,Study-level record retained only as background; not an exact-result assessment.,NOT INDEPENDENTLY DOCUMENTED,
V33-OD-0268,VAS pain intensity during coughing,24 h postoperatively,WU16_TAES_vs_UC_COUGH24,Outcome-specific analyzed population,27.0,27.0,,UNLINKED — no exact existing assessment established,UNLINKED,,,,,,,,Study-level record retained only as background; not an exact-result assessment.,NOT INDEPENDENTLY DOCUMENTED,
V33-OD-0269,Postoperative nausea/vomiting incidence,Postoperative period; exact window not reported,WU16_TAES_vs_ACTIVE_PONV,Outcome-specific analyzed population,27.0,27.0,,UNLINKED — no exact existing assessment established,UNLINKED,,,,,,,,Study-level record retained only as background; not an exact-result assessment.,NOT INDEPENDENTLY DOCUMENTED,
V33-OD-0270,Postoperative nausea/vomiting incidence,Postoperative period; exact window not reported,WU16_TAES_vs_UC_PONV,Outcome-specific analyzed population,27.0,27.0,,UNLINKED — no exact existing assessment established,UNLINKED,,,,,,,,Study-level record retained only as background; not an exact-result assessment.,NOT INDEPENDENTLY DOCUMENTED,
V33-OD-0271,Hospital length of stay,Postoperative hospitalization,WU16_TAES_vs_ACTIVE_LOS,Outcome-specific analyzed population,27.0,27.0,,UNLINKED — no exact existing assessment established,UNLINKED,,,,,,,,Study-level record retained only as background; not an exact-result assessment.,NOT INDEPENDENTLY DOCUMENTED,
V33-OD-0272,Hospital length of stay,Postoperative hospitalization,WU16_TAES_vs_UC_LOS,Outcome-specific analyzed population,27.0,27.0,,UNLINKED — no exact existing assessment established,UNLINKED,,,,,,,,Study-level record retained only as background; not an exact-result assessment.,NOT INDEPENDENTLY DOCUMENTED,
V33-OD-0273,Rescue IV tramadol requirement,Postoperative period; exact window not reported,WU16_TAES_vs_UC_RESCUE,Outcome-specific analyzed population,27.0,27.0,,UNLINKED — no exact existing assessment established,UNLINKED,,,,,,,,Study-level record retained only as background; not an exact-result assessment.,NOT INDEPENDENTLY DOCUMENTED,
V33-OD-0274,Cumulative postoperative sufentanil delivered by analgesic pump,0-24 h,GAO22_TEAS_vs_SHAM_SUFPUMP24,Outcome-specific analyzed population,827.0,828.0,,UNLINKED — no exact existing assessment established,UNLINKED,,,,,,,,Study-level record retained only as background; not an exact-result assessment.,NOT INDEPENDENTLY DOCUMENTED,
V33-OD-0275,24 h postoperative pain VAS score,0-24 h / 24 h assessment,GAO22_TEAS_vs_SHAM_PAIN24,Outcome-specific analyzed population,827.0,828.0,AF26-GAO22-POSTLOCK-C,LINKED EXISTING RESULT ASSESSMENT,Some concerns,Some concerns,Low,Low,Low,Some concerns,Exact source contrast and outcome statistics/population match to existing AF result assessment.,,06_FINAL_ANALYSIS_V26/01_DATA/target_C_pain24h.csv#GAO22-POSTLOCK-C,NOT INDEPENDENTLY DOCUMENTED,
V33-OD-0276,Any postoperative nausea and/or retching and/or vomiting,0-24 h,GAO22_TEAS_vs_SHAM_PONV24,Outcome-specific analyzed population,827.0,828.0,AF26-GAO22-POSTLOCK-D,LINKED EXISTING RESULT ASSESSMENT,Some concerns,Some concerns,Low,Low,Low,Some concerns,Exact source contrast and outcome statistics/population match to existing AF result assessment.,,06_FINAL_ANALYSIS_V26/01_DATA/target_D_ponv.csv#GAO22-POSTLOCK-D,NOT INDEPENDENTLY DOCUMENTED,;ponv24_TEAS_sham;ponv24_TEAS_sham_point_window_sensitivity;ponv24_TEAS_broad_sham_sensitivity
V33-OD-0277,Postoperative vomiting incidence,0-24 h,GAO22_TEAS_vs_SHAM_VOMIT24,Outcome-specific analyzed population,827.0,828.0,,UNLINKED — no exact existing assessment established,UNLINKED,,,,,,,,Study-level record retained only as background; not an exact-result assessment.,NOT INDEPENDENTLY DOCUMENTED,;vomiting24_TEAS_sham
V33-OD-0278,Persistent nausea (>5 min),0-24 h,GAO22_TEAS_vs_SHAM_PERSISTNAUSEA24,Outcome-specific analyzed population,827.0,828.0,,UNLINKED — no exact existing assessment established,UNLINKED,,,,,,,,Study-level record retained only as background; not an exact-result assessment.,NOT INDEPENDENTLY DOCUMENTED,;persistent_nausea24_TEAS_sham
V33-OD-0279,Intraoperative sufentanil dose,Intraoperative,GAO22_TEAS_vs_SHAM_SUFINTRA,Outcome-specific analyzed population,827.0,828.0,,UNLINKED — no exact existing assessment established,UNLINKED,,,,,,,,Study-level record retained only as background; not an exact-result assessment.,NOT INDEPENDENTLY DOCUMENTED,
V33-OD-0280,Intraoperative remifentanil dose,Intraoperative,GAO22_TEAS_vs_SHAM_REMIINTRA,Outcome-specific analyzed population,827.0,828.0,,UNLINKED — no exact existing assessment established,UNLINKED,,,,,,,,Study-level record retained only as background; not an exact-result assessment.,NOT INDEPENDENTLY DOCUMENTED,
V33-OD-0281,Exact cumulative postoperative sufentanil PCIA consumption,0-24 h,LIU15_TEAS_vs_SHAM_OPIOID24,Outcome-specific analyzed population,44.0,44.0,,UNLINKED — no exact existing assessment established,UNLINKED,,,,,,,,Study-level record retained only as background; not an exact-result assessment.,NOT INDEPENDENTLY DOCUMENTED,
V33-OD-0282,Total intraoperative sufentanil consumption,Intraoperative,LIU15_TEAS_vs_SHAM_SUFINTRA,Outcome-specific analyzed population,44.0,44.0,CORRECTED-V34-066,LINKED EXISTING RESULT ASSESSMENT,Some concerns,Low,Low,Some concerns,Low,Some concerns,Exact result applicability manually mapped to latest consolidated corrected record; supersedes legacy selector.,,v34 master: Corrected_RoB2 row67,NOT INDEPENDENTLY DOCUMENTED,
V33-OD-0283,Total intraoperative propofol consumption,Intraoperative,LIU15_TEAS_vs_SHAM_PROPINTRA,Outcome-specific analyzed population,44.0,44.0,,UNLINKED — no exact existing assessment established,UNLINKED,,,,,,,,Study-level record retained only as background; not an exact-result assessment.,NOT INDEPENDENTLY DOCUMENTED,
V33-OD-0284,Time to spontaneous respiration after anesthesia,Immediate postoperative recovery,LIU15_TEAS_vs_SHAM_RESP,Outcome-specific analyzed population,44.0,44.0,,UNLINKED — no exact existing assessment established,UNLINKED,,,,,,,,Study-level record retained only as background; not an exact-result assessment.,NOT INDEPENDENTLY DOCUMENTED,
V33-OD-0285,Extubation time,Immediate postoperative recovery,LIU15_TEAS_vs_SHAM_EXTUB,Outcome-specific analyzed population,44.0,44.0,,UNLINKED — no exact existing assessment established,UNLINKED,,,,,,,,Study-level record retained only as background; not an exact-result assessment.,NOT INDEPENDENTLY DOCUMENTED,
V33-OD-0286,Eye-opening time,Immediate postoperative recovery,LIU15_TEAS_vs_SHAM_EYEOPEN,Outcome-specific analyzed population,44.0,44.0,,UNLINKED — no exact existing assessment established,UNLINKED,,,,,,,,Study-level record retained only as background; not an exact-result assessment.,NOT INDEPENDENTLY DOCUMENTED,
V33-OD-0287,Time to spontaneous movement,Immediate postoperative recovery,LIU15_TEAS_vs_SHAM_MOVE,Outcome-specific analyzed population,44.0,44.0,,UNLINKED — no exact existing assessment established,UNLINKED,,,,,,,,Study-level record retained only as background; not an exact-result assessment.,NOT INDEPENDENTLY DOCUMENTED,
V33-OD-0288,Time to reorientation,Immediate postoperative recovery,LIU15_TEAS_vs_SHAM_REORIENT,Outcome-specific analyzed population,44.0,44.0,,UNLINKED — no exact existing assessment established,UNLINKED,,,,,,,,Study-level record retained only as background; not an exact-result assessment.,NOT INDEPENDENTLY DOCUMENTED,
V33-OD-0289,Time to discharge from operating room,Immediate postoperative recovery,LIU15_TEAS_vs_SHAM_ORDISCH,Outcome-specific analyzed population,44.0,44.0,,UNLINKED — no exact existing assessment established,UNLINKED,,,,,,,,Study-level record retained only as background; not an exact-result assessment.,NOT INDEPENDENTLY DOCUMENTED,
V33-OD-0290,Postoperative VAS pain score,Postoperative day 1,LIU15_TEAS_vs_SHAM_PAINPOD1,Outcome-specific analyzed population,44.0,44.0,,UNLINKED — no exact existing assessment established,UNLINKED,,,,,,,,Study-level record retained only as background; not an exact-result assessment.,NOT INDEPENDENTLY DOCUMENTED,
V33-OD-0291,Postoperative VAS pain score,Postoperative day 2,LIU15_TEAS_vs_SHAM_PAINPOD2,Outcome-specific analyzed population,44.0,44.0,,UNLINKED — no exact existing assessment established,UNLINKED,,,,,,,,Study-level record retained only as background; not an exact-result assessment.,NOT INDEPENDENTLY DOCUMENTED,
V33-OD-0292,Postoperative VAS pain score,Postoperative day 3,LIU15_TEAS_vs_SHAM_PAINPOD3,Outcome-specific analyzed population,44.0,44.0,,UNLINKED — no exact existing assessment established,UNLINKED,,,,,,,,Study-level record retained only as background; not an exact-result assessment.,NOT INDEPENDENTLY DOCUMENTED,
V33-OD-0293,Postoperative nausea incidence,Postoperative day 1,LIU15_TEAS_vs_SHAM_NAUSEAPOD1,Outcome-specific analyzed population,44.0,44.0,,UNLINKED — no exact existing assessment established,UNLINKED,,,,,,,,Study-level record retained only as background; not an exact-result assessment.,NOT INDEPENDENTLY DOCUMENTED,;nausea24_TEAS_sham
V33-OD-0294,Postoperative nausea incidence,Postoperative day 2,LIU15_TEAS_vs_SHAM_NAUSEAPOD2,Outcome-specific analyzed population,44.0,44.0,,UNLINKED — no exact existing assessment established,UNLINKED,,,,,,,,Study-level record retained only as background; not an exact-result assessment.,NOT INDEPENDENTLY DOCUMENTED,
V33-OD-0295,Postoperative nausea incidence,Postoperative day 3,LIU15_TEAS_vs_SHAM_NAUSEAPOD3,Outcome-specific analyzed population,44.0,44.0,,UNLINKED — no exact existing assessment established,UNLINKED,,,,,,,,Study-level record retained only as background; not an exact-result assessment.,NOT INDEPENDENTLY DOCUMENTED,
V33-OD-0296,Postoperative vomiting incidence,Postoperative day 1,LIU15_TEAS_vs_SHAM_VOMITPOD1,Outcome-specific analyzed population,44.0,44.0,,UNLINKED — no exact existing assessment established,UNLINKED,,,,,,,,Study-level record retained only as background; not an exact-result assessment.,NOT INDEPENDENTLY DOCUMENTED,;vomiting24_TEAS_sham
V33-OD-0297,Postoperative vomiting incidence,Postoperative day 2,LIU15_TEAS_vs_SHAM_VOMITPOD2,Outcome-specific analyzed population,44.0,44.0,,UNLINKED — no exact existing assessment established,UNLINKED,,,,,,,,Study-level record retained only as background; not an exact-result assessment.,NOT INDEPENDENTLY DOCUMENTED,
V33-OD-0298,Postoperative vomiting incidence,Postoperative day 3,LIU15_TEAS_vs_SHAM_VOMITPOD3,Outcome-specific analyzed population,44.0,44.0,,UNLINKED — no exact existing assessment established,UNLINKED,,,,,,,,Study-level record retained only as background; not an exact-result assessment.,NOT INDEPENDENTLY DOCUMENTED,
V33-OD-0299,Cumulative IV PCA tramadol HCl consumption,0-24 h,OZT19_TAES_vs_CTRL_TRAM24,Outcome-specific analyzed population,15.0,16.0,CORRECTED-V34-067,LINKED EXISTING RESULT ASSESSMENT,High,Some concerns,High,High,Low,Some concerns,Exact result applicability manually mapped to latest consolidated corrected record; supersedes legacy selector.,,v34 master: Corrected_RoB2 row68,NOT INDEPENDENTLY DOCUMENTED,;tramadol24_TEAS_usual_PCA
V33-OD-0300,Cumulative IV PCA tramadol HCl consumption,0-24 h,OZT19_TAES_vs_TENS_TRAM24,Outcome-specific analyzed population,15.0,16.0,,UNLINKED — no exact existing assessment established,UNLINKED,,,,,,,,Study-level record retained only as background; not an exact-result assessment.,NOT INDEPENDENTLY DOCUMENTED,;tramadol24_TEAS_active_PCA
V33-OD-0301,Cumulative IV PCA tramadol HCl consumption,24-48 h,OZT19_TAES_vs_CTRL_TRAM48,Outcome-specific analyzed population,15.0,16.0,,UNLINKED — no exact existing assessment established,UNLINKED,,,,,,,,Study-level record retained only as background; not an exact-result assessment.,NOT INDEPENDENTLY DOCUMENTED,
V33-OD-0302,Cumulative IV PCA tramadol HCl consumption,24-48 h,OZT19_TAES_vs_TENS_TRAM48,Outcome-specific analyzed population,15.0,16.0,,UNLINKED — no exact existing assessment established,UNLINKED,,,,,,,,Study-level record retained only as background; not an exact-result assessment.,NOT INDEPENDENTLY DOCUMENTED,
V33-OD-0303,Rescue IM pethidine HCl consumption,0-24 h,OZT19_TAES_vs_CTRL_PETH24,Outcome-specific analyzed population,15.0,16.0,,UNLINKED — no exact existing assessment established,UNLINKED,,,,,,,,Study-level record retained only as background; not an exact-result assessment.,NOT INDEPENDENTLY DOCUMENTED,;pethidine24_TEAS_usual_rescue
V33-OD-0304,Rescue IM pethidine HCl consumption,0-24 h,OZT19_TAES_vs_TENS_PETH24,Outcome-specific analyzed population,15.0,16.0,,UNLINKED — no exact existing assessment established,UNLINKED,,,,,,,,Study-level record retained only as background; not an exact-result assessment.,NOT INDEPENDENTLY DOCUMENTED,;pethidine24_TEAS_active_rescue
V33-OD-0305,Rescue IM pethidine HCl consumption,24-48 h,OZT19_TAES_vs_CTRL_PETH48,Outcome-specific analyzed population,15.0,16.0,,UNLINKED — no exact existing assessment established,UNLINKED,,,,,,,,Study-level record retained only as background; not an exact-result assessment.,NOT INDEPENDENTLY DOCUMENTED,
V33-OD-0306,Rescue IM pethidine HCl consumption,24-48 h,OZT19_TAES_vs_TENS_PETH48,Outcome-specific analyzed population,15.0,16.0,,UNLINKED — no exact existing assessment established,UNLINKED,,,,,,,,Study-level record retained only as background; not an exact-result assessment.,NOT INDEPENDENTLY DOCUMENTED,
V33-OD-0307,Rescue IV dexketoprofen trometamol consumption,0-24 h,OZT19_TAES_vs_CTRL_DEX24,Outcome-specific analyzed population,15.0,16.0,,UNLINKED — no exact existing assessment established,UNLINKED,,,,,,,,Study-level record retained only as background; not an exact-result assessment.,NOT INDEPENDENTLY DOCUMENTED,
V33-OD-0308,Rescue IV dexketoprofen trometamol consumption,0-24 h,OZT19_TAES_vs_TENS_DEX24,Outcome-specific analyzed population,15.0,16.0,,UNLINKED — no exact existing assessment established,UNLINKED,,,,,,,,Study-level record retained only as background; not an exact-result assessment.,NOT INDEPENDENTLY DOCUMENTED,
V33-OD-0309,Rescue IV dexketoprofen trometamol consumption,24-48 h,OZT19_TAES_vs_CTRL_DEX48,Outcome-specific analyzed population,15.0,16.0,,UNLINKED — no exact existing assessment established,UNLINKED,,,,,,,,Study-level record retained only as background; not an exact-result assessment.,NOT INDEPENDENTLY DOCUMENTED,
V33-OD-0310,Rescue IV dexketoprofen trometamol consumption,24-48 h,OZT19_TAES_vs_TENS_DEX48,Outcome-specific analyzed population,15.0,16.0,,UNLINKED — no exact existing assessment established,UNLINKED,,,,,,,,Study-level record retained only as background; not an exact-result assessment.,NOT INDEPENDENTLY DOCUMENTED,
V33-OD-0311,Resting postoperative pain after stimulation,2 h after surgery / after intervention,OZT19_TAES_vs_CTRL_PAIN2H,Outcome-specific analyzed population,15.0,16.0,,UNLINKED — no exact existing assessment established,UNLINKED,,,,,,,,Study-level record retained only as background; not an exact-result assessment.,NOT INDEPENDENTLY DOCUMENTED,
V33-OD-0312,Resting postoperative pain after stimulation,2 h after surgery / after intervention,OZT19_TAES_vs_TENS_PAIN2H,Outcome-specific analyzed population,15.0,16.0,,UNLINKED — no exact existing assessment established,UNLINKED,,,,,,,,Study-level record retained only as background; not an exact-result assessment.,NOT INDEPENDENTLY DOCUMENTED,
V33-OD-0313,Resting postoperative pain after stimulation,18 h after surgery / after intervention,OZT19_TAES_vs_CTRL_PAIN18H,Outcome-specific analyzed population,15.0,16.0,,UNLINKED — no exact existing assessment established,UNLINKED,,,,,,,,Study-level record retained only as background; not an exact-result assessment.,NOT INDEPENDENTLY DOCUMENTED,
V33-OD-0314,Resting postoperative pain after stimulation,18 h after surgery / after intervention,OZT19_TAES_vs_TENS_PAIN18H,Outcome-specific analyzed population,15.0,16.0,,UNLINKED — no exact existing assessment established,UNLINKED,,,,,,,,Study-level record retained only as background; not an exact-result assessment.,NOT INDEPENDENTLY DOCUMENTED,
V33-OD-0315,Resting postoperative pain after stimulation,22 h after surgery / after intervention,OZT19_TAES_vs_CTRL_PAIN22H,Outcome-specific analyzed population,15.0,16.0,,UNLINKED — no exact existing assessment established,UNLINKED,,,,,,,,Study-level record retained only as background; not an exact-result assessment.,NOT INDEPENDENTLY DOCUMENTED,
V33-OD-0316,Resting postoperative pain after stimulation,22 h after surgery / after intervention,OZT19_TAES_vs_TENS_PAIN22H,Outcome-specific analyzed population,15.0,16.0,,UNLINKED — no exact existing assessment established,UNLINKED,,,,,,,,Study-level record retained only as background; not an exact-result assessment.,NOT INDEPENDENTLY DOCUMENTED,
V33-OD-0317,Resting postoperative pain after stimulation,42 h after surgery / after intervention,OZT19_TAES_vs_CTRL_PAIN42H,Outcome-specific analyzed population,15.0,16.0,,UNLINKED — no exact existing assessment established,UNLINKED,,,,,,,,Study-level record retained only as background; not an exact-result assessment.,NOT INDEPENDENTLY DOCUMENTED,
V33-OD-0318,Resting postoperative pain after stimulation,42 h after surgery / after intervention,OZT19_TAES_vs_TENS_PAIN42H,Outcome-specific analyzed population,15.0,16.0,,UNLINKED — no exact existing assessment established,UNLINKED,,,,,,,,Study-level record retained only as background; not an exact-result assessment.,NOT INDEPENDENTLY DOCUMENTED,
V33-OD-0319,Resting postoperative pain after stimulation,46 h after surgery / after intervention,OZT19_TAES_vs_CTRL_PAIN46H,Outcome-specific analyzed population,15.0,16.0,,UNLINKED — no exact existing assessment established,UNLINKED,,,,,,,,Study-level record retained only as background; not an exact-result assessment.,NOT INDEPENDENTLY DOCUMENTED,
V33-OD-0320,Resting postoperative pain after stimulation,46 h after surgery / after intervention,OZT19_TAES_vs_TENS_PAIN46H,Outcome-specific analyzed population,15.0,16.0,,UNLINKED — no exact existing assessment established,UNLINKED,,,,,,,,Study-level record retained only as background; not an exact-result assessment.,NOT INDEPENDENTLY DOCUMENTED,
V33-OD-0321,Nausea severity,0-24 h,OZT19_TAES_vs_CTRL_NAUSEA24,Outcome-specific analyzed population,15.0,16.0,,UNLINKED — no exact existing assessment established,UNLINKED,,,,,,,,Study-level record retained only as background; not an exact-result assessment.,NOT INDEPENDENTLY DOCUMENTED,
V33-OD-0322,Vomiting occurrence,0-24 h,OZT19_TAES_vs_CTRL_VOMIT24,Outcome-specific analyzed population,15.0,16.0,,UNLINKED — no exact existing assessment established,UNLINKED,,,,,,,,Study-level record retained only as background; not an exact-result assessment.,NOT INDEPENDENTLY DOCUMENTED,
V33-OD-0323,Complete combined postoperative opioid exposure (tramadol + rescue pethidine),0-24 h,OZT19_TAES_vs_CTRL_TOTALOP24,Outcome-specific analyzed population,15.0,16.0,,UNLINKED — no exact existing assessment established,UNLINKED,,,,,,,,Study-level record retained only as background; not an exact-result assessment.,NOT INDEPENDENTLY DOCUMENTED,
V33-OD-0324,Total intraoperative sufentanil consumption,Intraoperative,SONG20_TEAS_vs_SHAM_SUFINTRA,Outcome-specific analyzed population,42.0,43.0,,UNLINKED — no exact existing assessment established,UNLINKED,,,,,,,,Study-level record retained only as background; not an exact-result assessment.,NOT INDEPENDENTLY DOCUMENTED,
V33-OD-0325,Postoperative VAS pain score,2 h after surgery,SONG20_TEAS_vs_SHAM_PAIN2H,Outcome-specific analyzed population,42.0,43.0,,UNLINKED — no exact existing assessment established,UNLINKED,,,,,,,,Study-level record retained only as background; not an exact-result assessment.,NOT INDEPENDENTLY DOCUMENTED,
V33-OD-0326,Postoperative VAS pain score,4 h after surgery,SONG20_TEAS_vs_SHAM_PAIN4H,Outcome-specific analyzed population,42.0,43.0,,UNLINKED — no exact existing assessment established,UNLINKED,,,,,,,,Study-level record retained only as background; not an exact-result assessment.,NOT INDEPENDENTLY DOCUMENTED,
V33-OD-0327,Postoperative VAS pain score,6 h after surgery,SONG20_TEAS_vs_SHAM_PAIN6H,Outcome-specific analyzed population,42.0,43.0,,UNLINKED — no exact existing assessment established,UNLINKED,,,,,,,,Study-level record retained only as background; not an exact-result assessment.,NOT INDEPENDENTLY DOCUMENTED,
V33-OD-0328,Postoperative VAS pain score,24 h after surgery,SONG20_TEAS_vs_SHAM_PAIN24H,Outcome-specific analyzed population,42.0,43.0,AF26-SONG20-POSTLOCK-C,LINKED EXISTING RESULT ASSESSMENT,Some concerns,Low,Low,Low,Low,Some concerns,v36 reviewed exact match: same study/outcome/window/denominators/arm statistics; only comparison-ID scheme differs. v26 rest-pain label not source-supported; setting remains unspecified.,,06_FINAL_ANALYSIS_V26/01_DATA/target_C_pain24h.csv#SONG20-POSTLOCK-C,NOT INDEPENDENTLY DOCUMENTED,;pain24_TEAS_active_unspecified
V33-OD-0329,PCA pump press number,0-24 h,SONG20_TEAS_vs_SHAM_PCAPRESS24,Outcome-specific analyzed population,42.0,43.0,,UNLINKED — no exact existing assessment established,UNLINKED,,,,,,,,Study-level record retained only as background; not an exact-result assessment.,NOT INDEPENDENTLY DOCUMENTED,
V33-OD-0330,Nominal butorphanol PCA bolus component derived from reported pump presses,0-24 h,SONG20_TEAS_vs_SHAM_BUTORPCA24_DERIVED,Outcome-specific analyzed population,42.0,43.0,,UNLINKED — no exact existing assessment established,UNLINKED,,,,,,,,Study-level record retained only as background; not an exact-result assessment.,NOT INDEPENDENTLY DOCUMENTED,
V33-OD-0331,Nausea and vomiting adverse event,0-24 h,SONG20_TEAS_vs_SHAM_PONV24,Outcome-specific analyzed population,42.0,43.0,AF26-SONG20-POSTLOCK-D,LINKED EXISTING RESULT ASSESSMENT,Some concerns,Low,Low,Low,Low,Some concerns,Exact source contrast and outcome statistics/population match to existing AF result assessment.,,06_FINAL_ANALYSIS_V26/01_DATA/target_D_ponv.csv#SONG20-POSTLOCK-D,NOT INDEPENDENTLY DOCUMENTED,;ponv24_TEAS_active;ponv24_TEAS_broad_sham_sensitivity
V33-OD-0332,Dizziness,0-24 h,SONG20_TEAS_vs_SHAM_DIZZY24,Outcome-specific analyzed population,42.0,43.0,,UNLINKED — no exact existing assessment established,UNLINKED,,,,,,,,Study-level record retained only as background; not an exact-result assessment.,NOT INDEPENDENTLY DOCUMENTED,
V33-OD-0333,Respiratory depression,0-24 h,SONG20_TEAS_vs_SHAM_RESPDEP24,Outcome-specific analyzed population,42.0,43.0,,UNLINKED — no exact existing assessment established,UNLINKED,,,,,,,,Study-level record retained only as background; not an exact-result assessment.,NOT INDEPENDENTLY DOCUMENTED,
V33-OD-0334,Bradycardia,0-24 h,SONG20_TEAS_vs_SHAM_BRADY24,Outcome-specific analyzed population,42.0,43.0,,UNLINKED — no exact existing assessment established,UNLINKED,,,,,,,,Study-level record retained only as background; not an exact-result assessment.,NOT INDEPENDENTLY DOCUMENTED,
V33-OD-0335,Sleep efficiency,First night before surgery after preoperative stimulation,SONG20_TEAS_vs_SHAM_SLEEPEFFICIENCY_PREOP1,Outcome-specific analyzed population,42.0,43.0,,UNLINKED — no exact existing assessment established,UNLINKED,,,,,,,,Study-level record retained only as background; not an exact-result assessment.,NOT INDEPENDENTLY DOCUMENTED,
V33-OD-0336,AIS score,First night before surgery after preoperative stimulation,SONG20_TEAS_vs_SHAM_AIS_PREOP1,Outcome-specific analyzed population,42.0,43.0,,UNLINKED — no exact existing assessment established,UNLINKED,,,,,,,,Study-level record retained only as background; not an exact-result assessment.,NOT INDEPENDENTLY DOCUMENTED,
V33-OD-0337,REM sleep,First night before surgery after preoperative stimulation,SONG20_TEAS_vs_SHAM_REMSLEEP_PREOP1,Outcome-specific analyzed population,42.0,43.0,,UNLINKED — no exact existing assessment established,UNLINKED,,,,,,,,Study-level record retained only as background; not an exact-result assessment.,NOT INDEPENDENTLY DOCUMENTED,
V33-OD-0338,Stable sleep,First night before surgery after preoperative stimulation,SONG20_TEAS_vs_SHAM_STABLESLEEP_PREOP1,Outcome-specific analyzed population,42.0,43.0,,UNLINKED — no exact existing assessment established,UNLINKED,,,,,,,,Study-level record retained only as background; not an exact-result assessment.,NOT INDEPENDENTLY DOCUMENTED,
V33-OD-0339,Unstable sleep,First night before surgery after preoperative stimulation,SONG20_TEAS_vs_SHAM_UNSTABLESLEEP_PREOP1,Outcome-specific analyzed population,42.0,43.0,,UNLINKED — no exact existing assessment established,UNLINKED,,,,,,,,Study-level record retained only as background; not an exact-result assessment.,NOT INDEPENDENTLY DOCUMENTED,
V33-OD-0340,Sleep efficiency,First postoperative night,SONG20_TEAS_vs_SHAM_SLEEPEFFICIENCY_POD1,Outcome-specific analyzed population,42.0,43.0,,UNLINKED — no exact existing assessment established,UNLINKED,,,,,,,,Study-level record retained only as background; not an exact-result assessment.,NOT INDEPENDENTLY DOCUMENTED,
V33-OD-0341,AIS score,First postoperative night,SONG20_TEAS_vs_SHAM_AIS_POD1,Outcome-specific analyzed population,42.0,43.0,,UNLINKED — no exact existing assessment established,UNLINKED,,,,,,,,Study-level record retained only as background; not an exact-result assessment.,NOT INDEPENDENTLY DOCUMENTED,
V33-OD-0342,REM sleep,First postoperative night,SONG20_TEAS_vs_SHAM_REMSLEEP_POD1,Outcome-specific analyzed population,42.0,43.0,,UNLINKED — no exact existing assessment established,UNLINKED,,,,,,,,Study-level record retained only as background; not an exact-result assessment.,NOT INDEPENDENTLY DOCUMENTED,
V33-OD-0343,Stable sleep,First postoperative night,SONG20_TEAS_vs_SHAM_STABLESLEEP_POD1,Outcome-specific analyzed population,42.0,43.0,,UNLINKED — no exact existing assessment established,UNLINKED,,,,,,,,Study-level record retained only as background; not an exact-result assessment.,NOT INDEPENDENTLY DOCUMENTED,
V33-OD-0344,Unstable sleep,First postoperative night,SONG20_TEAS_vs_SHAM_UNSTABLESLEEP_POD1,Outcome-specific analyzed population,42.0,43.0,,UNLINKED — no exact existing assessment established,UNLINKED,,,,,,,,Study-level record retained only as background; not an exact-result assessment.,NOT INDEPENDENTLY DOCUMENTED,
V33-OD-0345,Sleep efficiency,Third postoperative night,SONG20_TEAS_vs_SHAM_SLEEPEFFICIENCY_POD3,Outcome-specific analyzed population,42.0,43.0,,UNLINKED — no exact existing assessment established,UNLINKED,,,,,,,,Study-level record retained only as background; not an exact-result assessment.,NOT INDEPENDENTLY DOCUMENTED,
V33-OD-0346,AIS score,Third postoperative night,SONG20_TEAS_vs_SHAM_AIS_POD3,Outcome-specific analyzed population,42.0,43.0,,UNLINKED — no exact existing assessment established,UNLINKED,,,,,,,,Study-level record retained only as background; not an exact-result assessment.,NOT INDEPENDENTLY DOCUMENTED,
V33-OD-0347,REM sleep,Third postoperative night,SONG20_TEAS_vs_SHAM_REMSLEEP_POD3,Outcome-specific analyzed population,42.0,43.0,,UNLINKED — no exact existing assessment established,UNLINKED,,,,,,,,Study-level record retained only as background; not an exact-result assessment.,NOT INDEPENDENTLY DOCUMENTED,
V33-OD-0348,Stable sleep,Third postoperative night,SONG20_TEAS_vs_SHAM_STABLESLEEP_POD3,Outcome-specific analyzed population,42.0,43.0,,UNLINKED — no exact existing assessment established,UNLINKED,,,,,,,,Study-level record retained only as background; not an exact-result assessment.,NOT INDEPENDENTLY DOCUMENTED,
V33-OD-0349,Unstable sleep,Third postoperative night,SONG20_TEAS_vs_SHAM_UNSTABLESLEEP_POD3,Outcome-specific analyzed population,42.0,43.0,,UNLINKED — no exact existing assessment established,UNLINKED,,,,,,,,Study-level record retained only as background; not an exact-result assessment.,NOT INDEPENDENTLY DOCUMENTED,
V33-OD-0350,Total IV PCA morphine dose,0–24 h postoperative,SZMIT21_TEAS_vs_SHAM_MORPH24,Outcome-specific analyzed population,24.0,24.0,CORRECTED-V34-069,LINKED EXISTING RESULT ASSESSMENT,Some concerns,Low,Low,Low,Low,Some concerns,Exact result applicability manually mapped to latest consolidated corrected record; supersedes legacy selector.,,v34 master: Corrected_RoB2 row70,NOT INDEPENDENTLY DOCUMENTED,;opioid24_TEAS_sham;opioid24_TEAS_sham_expanded_suf0.25;opioid24_TEAS_sham_expanded_suf0.25_without_Chen2020;opioid24_TEAS_sham_expanded_suf0.5;opioid24_TEAS_sham_expanded_suf0.5_without_Chen2020;opioid24_TEAS_sham_expanded_suf1;opioid24_TEAS_sham_expanded_suf1_without_Chen2020
V33-OD-0351,Total IV PCA morphine dose,0–24 h postoperative,SZMIT21_TEAS_vs_CTRL_MORPH24,Outcome-specific analyzed population,24.0,23.0,,UNLINKED — no exact existing assessment established,UNLINKED,,,,,,,,Study-level record retained only as background; not an exact-result assessment.,NOT INDEPENDENTLY DOCUMENTED,;opioid24_TEAS_usual
V33-OD-0352,Nausea incidence,Postoperative observation period; PCA/TEAS discontinued at 24 h,SZMIT21_TEAS_vs_SHAM_NAUSEA24,Outcome-specific analyzed population,24.0,24.0,AF26-SZMIT21-POSTLOCK,LINKED EXISTING RESULT ASSESSMENT,Some concerns,Low,Low,Low,Low,Some concerns,Exact source contrast and outcome statistics/population match to existing AF result assessment.,,06_FINAL_ANALYSIS_V26/01_DATA/target_D_ponv.csv#SZMIT21-POSTLOCK,NOT INDEPENDENTLY DOCUMENTED,
V33-OD-0353,Nausea incidence,Postoperative observation period; PCA/TEAS discontinued at 24 h,SZMIT21_TEAS_vs_CTRL_NAUSEA24,Outcome-specific analyzed population,24.0,23.0,,UNLINKED — no exact existing assessment established,UNLINKED,,,,,,,,Study-level record retained only as background; not an exact-result assessment.,NOT INDEPENDENTLY DOCUMENTED,
V33-OD-0354,VAS pain at discharge,At discharge; exact postoperative clock time not reported,SZMIT21_TEAS_vs_SHAM_VASDISCH,Outcome-specific analyzed population,24.0,24.0,,UNLINKED — no exact existing assessment established,UNLINKED,,,,,,,,Study-level record retained only as background; not an exact-result assessment.,NOT INDEPENDENTLY DOCUMENTED,
V33-OD-0355,VAS pain at discharge,At discharge; exact postoperative clock time not reported,SZMIT21_TEAS_vs_CTRL_VASDISCH,Outcome-specific analyzed population,24.0,23.0,,UNLINKED — no exact existing assessment established,UNLINKED,,,,,,,,Study-level record retained only as background; not an exact-result assessment.,NOT INDEPENDENTLY DOCUMENTED,
V33-OD-0356,Exact cumulative postoperative opioid consumption,0–24 h,ZHANG18_TEA_vs_SHAM_OPIOID24,Outcome-specific analyzed population,21.0,21.0,,UNLINKED — no exact existing assessment established,UNLINKED,,,,,,,,Study-level record retained only as background; not an exact-result assessment.,NOT INDEPENDENTLY DOCUMENTED,
V33-OD-0357,Time to first defecation,Postoperative,ZHANG18_TEA_vs_SHAM_DEFEC,Outcome-specific analyzed population,21.0,21.0,,UNLINKED — no exact existing assessment established,UNLINKED,,,,,,,,Study-level record retained only as background; not an exact-result assessment.,NOT INDEPENDENTLY DOCUMENTED,
V33-OD-0358,Time to first flatus,Postoperative,ZHANG18_TEA_vs_SHAM_FLATUS,Outcome-specific analyzed population,21.0,21.0,,UNLINKED — no exact existing assessment established,UNLINKED,,,,,,,,Study-level record retained only as background; not an exact-result assessment.,NOT INDEPENDENTLY DOCUMENTED,
V33-OD-0359,Time to resume diet,Postoperative,ZHANG18_TEA_vs_SHAM_DIET,Outcome-specific analyzed population,21.0,21.0,,UNLINKED — no exact existing assessment established,UNLINKED,,,,,,,,Study-level record retained only as background; not an exact-result assessment.,NOT INDEPENDENTLY DOCUMENTED,
V33-OD-0360,Prolonged postoperative ileus / time to first defecation >96 h,Postoperative,ZHANG18_TEA_vs_SHAM_POI96,Outcome-specific analyzed population,21.0,21.0,,UNLINKED — no exact existing assessment established,UNLINKED,,,,,,,,Study-level record retained only as background; not an exact-result assessment.,NOT INDEPENDENTLY DOCUMENTED,
V33-OD-0361,Time to ambulation,Postoperative,ZHANG18_TEA_vs_SHAM_AMB,Outcome-specific analyzed population,21.0,21.0,,UNLINKED — no exact existing assessment established,UNLINKED,,,,,,,,Study-level record retained only as background; not an exact-result assessment.,NOT INDEPENDENTLY DOCUMENTED,
V33-OD-0362,Postoperative hospital length of stay,Postoperative,ZHANG18_TEA_vs_SHAM_LOS,Outcome-specific analyzed population,21.0,21.0,,UNLINKED — no exact existing assessment established,UNLINKED,,,,,,,,Study-level record retained only as background; not an exact-result assessment.,NOT INDEPENDENTLY DOCUMENTED,
V33-OD-0363,VAS pain score,Postoperative day 1,ZHANG18_TEA_vs_SHAM_PAINPOD1,Outcome-specific analyzed population,21.0,21.0,,UNLINKED — no exact existing assessment established,UNLINKED,,,,,,,,Study-level record retained only as background; not an exact-result assessment.,NOT INDEPENDENTLY DOCUMENTED,
V33-OD-0364,VAS pain score,Postoperative day 2,ZHANG18_TEA_vs_SHAM_PAINPOD2,Outcome-specific analyzed population,21.0,21.0,,UNLINKED — no exact existing assessment established,UNLINKED,,,,,,,,Study-level record retained only as background; not an exact-result assessment.,NOT INDEPENDENTLY DOCUMENTED,
V33-OD-0365,VAS pain score,Postoperative day 3,ZHANG18_TEA_vs_SHAM_PAINPOD3,Outcome-specific analyzed population,21.0,21.0,,UNLINKED — no exact existing assessment established,UNLINKED,,,,,,,,Study-level record retained only as background; not an exact-result assessment.,NOT INDEPENDENTLY DOCUMENTED,
V33-OD-0366,Participants requiring rescue sufentanil,0-24 h postoperative,YU20_TEAS_vs_CTRL_RESCUEOP24,Outcome-specific analyzed population,30.0,30.0,,UNLINKED — no exact existing assessment established,UNLINKED,,,,,,,,Study-level record retained only as background; not an exact-result assessment.,NOT INDEPENDENTLY DOCUMENTED,
V33-OD-0367,Resting pain VAS,POD1 (~24 h),YU20_TEAS_vs_CTRL_PAIN_POD1,Outcome-specific analyzed population,30.0,30.0,,UNLINKED — no exact existing assessment established,UNLINKED,,,,,,,,Study-level record retained only as background; not an exact-result assessment.,NOT INDEPENDENTLY DOCUMENTED,;pain24_rest_TEAS_sham
V33-OD-0368,Resting pain VAS,POD2 (~48 h),YU20_TEAS_vs_CTRL_PAIN_POD2,Outcome-specific analyzed population,30.0,30.0,,UNLINKED — no exact existing assessment established,UNLINKED,,,,,,,,Study-level record retained only as background; not an exact-result assessment.,NOT INDEPENDENTLY DOCUMENTED,
V33-OD-0369,Cumulative number of rescue analgesia administrations,0-24 h postoperative,YAO15_TEAS_vs_CTRL_RESCUECOUNT24,Outcome-specific analyzed population,35.0,36.0,,UNLINKED — no exact existing assessment established,UNLINKED,,,,,,,,Study-level record retained only as background; not an exact-result assessment.,NOT INDEPENDENTLY DOCUMENTED,
V33-OD-0370,Time to first rescue analgesia,0-24 h postoperative,YAO15_TEAS_vs_CTRL_TIMETORESCUE,Outcome-specific analyzed population,35.0,36.0,,UNLINKED — no exact existing assessment established,UNLINKED,,,,,,,,Study-level record retained only as background; not an exact-result assessment.,NOT INDEPENDENTLY DOCUMENTED,
V33-OD-0371,Postoperative nausea,0-24 h postoperative,YAO15_TEAS_vs_CTRL_NAUSEA24,Outcome-specific analyzed population,35.0,36.0,,UNLINKED — no exact existing assessment established,UNLINKED,,,,,,,,Study-level record retained only as background; not an exact-result assessment.,NOT INDEPENDENTLY DOCUMENTED,;nausea24_TEAS_sham
V33-OD-0372,Postoperative vomiting,0-24 h postoperative,YAO15_TEAS_vs_CTRL_VOMIT24,Outcome-specific analyzed population,35.0,36.0,,UNLINKED — no exact existing assessment established,UNLINKED,,,,,,,,Study-level record retained only as background; not an exact-result assessment.,NOT INDEPENDENTLY DOCUMENTED,;vomiting24_TEAS_sham
V33-OD-0373,Intraoperative sufentanil,Intraoperative,ZHU22_PRE_vs_USUAL_INTRAOPSUF,Outcome-specific analyzed population,101.0,101.0,,UNLINKED — no exact existing assessment established,UNLINKED,,,,,,,,Study-level record retained only as background; not an exact-result assessment.,NOT INDEPENDENTLY DOCUMENTED,
V33-OD-0374,Intraoperative sufentanil,Intraoperative,ZHU22_30MIN_vs_USUAL_INTRAOPSUF,Outcome-specific analyzed population,98.0,101.0,,UNLINKED — no exact existing assessment established,UNLINKED,,,,,,,,Study-level record retained only as background; not an exact-result assessment.,NOT INDEPENDENTLY DOCUMENTED,
V33-OD-0375,Intraoperative sufentanil,Intraoperative,ZHU22_COMB_vs_USUAL_INTRAOPSUF,Outcome-specific analyzed population,100.0,101.0,,UNLINKED — no exact existing assessment established,UNLINKED,,,,,,,,Study-level record retained only as background; not an exact-result assessment.,NOT INDEPENDENTLY DOCUMENTED,
V33-OD-0376,Intraoperative remifentanil,Intraoperative,ZHU22_PRE_vs_USUAL_INTRAOPREMI,Outcome-specific analyzed population,101.0,101.0,,UNLINKED — no exact existing assessment established,UNLINKED,,,,,,,,Study-level record retained only as background; not an exact-result assessment.,NOT INDEPENDENTLY DOCUMENTED,;intraop_remifentanil_EA_usual
V33-OD-0377,Intraoperative remifentanil,Intraoperative,ZHU22_30MIN_vs_USUAL_INTRAOPREMI,Outcome-specific analyzed population,98.0,101.0,,UNLINKED — no exact existing assessment established,UNLINKED,,,,,,,,Study-level record retained only as background; not an exact-result assessment.,NOT INDEPENDENTLY DOCUMENTED,;intraop_remifentanil_EA_usual
V33-OD-0378,Intraoperative remifentanil,Intraoperative,ZHU22_COMB_vs_USUAL_INTRAOPREMI,Outcome-specific analyzed population,100.0,101.0,,UNLINKED — no exact existing assessment established,UNLINKED,,,,,,,,Study-level record retained only as background; not an exact-result assessment.,NOT INDEPENDENTLY DOCUMENTED,;intraop_remifentanil_EA_usual
V33-OD-0379,Intraoperative remifentanil,Intraoperative,PAN23_TEAS_vs_CTRL_INTRAOPREMI,Outcome-specific analyzed population,52.0,53.0,AF26-F-intra-013,LINKED EXISTING RESULT ASSESSMENT,High,Some concerns,High,High,Some concerns,Some concerns,v36 reviewed exact match: same study/outcome/window/denominators/arm statistics; only comparison-ID scheme differs.,,06_FINAL_ANALYSIS_V26/01_DATA/target_F_exploratory.csv#F-intra-013,NOT INDEPENDENTLY DOCUMENTED,;intraop_remifentanil_TEAS_usual
V33-OD-0380,Time to first defecation,Postoperative,YANG20_EA_vs_UC_DEFECATION,Outcome-specific analyzed population,29.0,28.0,,UNLINKED — no exact existing assessment established,UNLINKED,,,,,,,,Study-level record retained only as background; not an exact-result assessment.,NOT INDEPENDENTLY DOCUMENTED,;defecation_EA_usual
V33-OD-0381,Global QoR-40,24 h (T11),LIANG21_TEAS_vs_CTRL_QOR40_24H,Outcome-specific analyzed population,35.0,35.0,,UNLINKED — no exact existing assessment established,UNLINKED,,,,,,,,Study-level record retained only as background; not an exact-result assessment.,NOT INDEPENDENTLY DOCUMENTED,
V33-OD-0382,Global QoR-40,48 h (T12),LIANG21_TEAS_vs_CTRL_QOR40_48H,Outcome-specific analyzed population,35.0,35.0,,UNLINKED — no exact existing assessment established,UNLINKED,,,,,,,,Study-level record retained only as background; not an exact-result assessment.,NOT INDEPENDENTLY DOCUMENTED,
V33-OD-0383,Postoperative analgesia requirement (metric undefined),Early postoperative period - exact window not stated,LIANG21_TEAS_vs_CTRL_ANALGREQ,Outcome-specific analyzed population,35.0,35.0,,UNLINKED — no exact existing assessment established,UNLINKED,,,,,,,,Study-level record retained only as background; not an exact-result assessment.,NOT INDEPENDENTLY DOCUMENTED,
AUDIT-0002,Pain on movement (NRS),6–24 h,V34_B1_001,Per-protocol,101.0,101.0,,UNLINKED — no exact existing assessment established,UNLINKED,,,,,,,,Study-level record retained only as background; not an exact-result assessment.,NOT INDEPENDENTLY DOCUMENTED,;pain6to24_movement_EA_usual
AUDIT-0003,Pain on movement (NRS),6–24 h,V34_B1_002,Per-protocol,98.0,101.0,,UNLINKED — no exact existing assessment established,UNLINKED,,,,,,,,Study-level record retained only as background; not an exact-result assessment.,NOT INDEPENDENTLY DOCUMENTED,;pain6to24_movement_EA_usual
AUDIT-0004,Pain on movement (NRS),6–24 h,V34_B1_003,Per-protocol,100.0,101.0,,UNLINKED — no exact existing assessment established,UNLINKED,,,,,,,,Study-level record retained only as background; not an exact-result assessment.,NOT INDEPENDENTLY DOCUMENTED,;pain6to24_movement_EA_usual
AUDIT-0005,Pain on movement (NRS),0–6 h,V34_B1_004,Per-protocol,101.0,101.0,,UNLINKED — no exact existing assessment established,UNLINKED,,,,,,,,Study-level record retained only as background; not an exact-result assessment.,NOT INDEPENDENTLY DOCUMENTED,
AUDIT-0006,Pain on movement (NRS),0–6 h,V34_B1_005,Per-protocol,98.0,101.0,,UNLINKED — no exact existing assessment established,UNLINKED,,,,,,,,Study-level record retained only as background; not an exact-result assessment.,NOT INDEPENDENTLY DOCUMENTED,
AUDIT-0007,Pain on movement (NRS),0–6 h,V34_B1_006,Per-protocol,100.0,101.0,,UNLINKED — no exact existing assessment established,UNLINKED,,,,,,,,Study-level record retained only as background; not an exact-result assessment.,NOT INDEPENDENTLY DOCUMENTED,
AUDIT-0008,Pain on movement (NRS),24–48 h,V34_B1_007,Per-protocol,101.0,101.0,,UNLINKED — no exact existing assessment established,UNLINKED,,,,,,,,Study-level record retained only as background; not an exact-result assessment.,NOT INDEPENDENTLY DOCUMENTED,
AUDIT-0009,Pain on movement (NRS),24–48 h,V34_B1_008,Per-protocol,98.0,101.0,,UNLINKED — no exact existing assessment established,UNLINKED,,,,,,,,Study-level record retained only as background; not an exact-result assessment.,NOT INDEPENDENTLY DOCUMENTED,
AUDIT-0010,Pain on movement (NRS),24–48 h,V34_B1_009,Per-protocol,100.0,101.0,,UNLINKED — no exact existing assessment established,UNLINKED,,,,,,,,Study-level record retained only as background; not an exact-result assessment.,NOT INDEPENDENTLY DOCUMENTED,
AUDIT-0011,Pain on movement (NRS),48–72 h,V34_B1_010,Per-protocol,101.0,101.0,,UNLINKED — no exact existing assessment established,UNLINKED,,,,,,,,Study-level record retained only as background; not an exact-result assessment.,NOT INDEPENDENTLY DOCUMENTED,
AUDIT-0012,Pain on movement (NRS),48–72 h,V34_B1_011,Per-protocol,98.0,101.0,,UNLINKED — no exact existing assessment established,UNLINKED,,,,,,,,Study-level record retained only as background; not an exact-result assessment.,NOT INDEPENDENTLY DOCUMENTED,
AUDIT-0013,Pain on movement (NRS),48–72 h,V34_B1_012,Per-protocol,100.0,101.0,,UNLINKED — no exact existing assessment established,UNLINKED,,,,,,,,Study-level record retained only as background; not an exact-result assessment.,NOT INDEPENDENTLY DOCUMENTED,
AUDIT-0014,Participants requiring postoperative analgesics,0–48 h after surgery,V34_B1_013,Per-protocol,101.0,101.0,,UNLINKED — no exact existing assessment established,UNLINKED,,,,,,,,Study-level record retained only as background; not an exact-result assessment.,NOT INDEPENDENTLY DOCUMENTED,
AUDIT-0015,Participants requiring postoperative analgesics,0–48 h after surgery,V34_B1_014,Per-protocol,98.0,101.0,,UNLINKED — no exact existing assessment established,UNLINKED,,,,,,,,Study-level record retained only as background; not an exact-result assessment.,NOT INDEPENDENTLY DOCUMENTED,
AUDIT-0016,Participants requiring postoperative analgesics,0–48 h after surgery,V34_B1_015,Per-protocol,100.0,101.0,,UNLINKED — no exact existing assessment established,UNLINKED,,,,,,,,Study-level record retained only as background; not an exact-result assessment.,NOT INDEPENDENTLY DOCUMENTED,
AUDIT-0017,Time to passage of first flatus,From end of surgery to first flatus,V34_B1_016,Per-protocol,101.0,101.0,,UNLINKED — no exact existing assessment established,UNLINKED,,,,,,,,Study-level record retained only as background; not an exact-result assessment.,NOT INDEPENDENTLY DOCUMENTED,;flatus_EA_usual;flatus_EA_usual_SMD_sensitivity
AUDIT-0018,Time to passage of first flatus,From end of surgery to first flatus,V34_B1_017,Per-protocol,98.0,101.0,,UNLINKED — no exact existing assessment established,UNLINKED,,,,,,,,Study-level record retained only as background; not an exact-result assessment.,NOT INDEPENDENTLY DOCUMENTED,;flatus_EA_usual;flatus_EA_usual_SMD_sensitivity
AUDIT-0019,Time to passage of first flatus,From end of surgery to first flatus,V34_B1_018,Per-protocol,100.0,101.0,,UNLINKED — no exact existing assessment established,UNLINKED,,,,,,,,Study-level record retained only as background; not an exact-result assessment.,NOT INDEPENDENTLY DOCUMENTED,;flatus_EA_usual;flatus_EA_usual_SMD_sensitivity
AUDIT-0020,Overall QoR-15,AMBIGUOUS,V34_B1_019,Per-protocol,101.0,101.0,,UNLINKED — no exact existing assessment established,UNLINKED,,,,,,,,Study-level record retained only as background; not an exact-result assessment.,NOT INDEPENDENTLY DOCUMENTED,
AUDIT-0021,Overall QoR-15,AMBIGUOUS,V34_B1_020,Per-protocol,98.0,101.0,,UNLINKED — no exact existing assessment established,UNLINKED,,,,,,,,Study-level record retained only as background; not an exact-result assessment.,NOT INDEPENDENTLY DOCUMENTED,
AUDIT-0022,Overall QoR-15,AMBIGUOUS,V34_B1_021,Per-protocol,100.0,101.0,,UNLINKED — no exact existing assessment established,UNLINKED,,,,,,,,Study-level record retained only as background; not an exact-result assessment.,NOT INDEPENDENTLY DOCUMENTED,
AUDIT-0023,Postoperative nausea incidence,0–6 h after surgery,V34_B1_022,Per-protocol,101.0,101.0,,UNLINKED — no exact existing assessment established,UNLINKED,,,,,,,,Study-level record retained only as background; not an exact-result assessment.,NOT INDEPENDENTLY DOCUMENTED,
AUDIT-0024,Postoperative vomiting incidence,0–6 h after surgery,V34_B1_023,Per-protocol,101.0,101.0,,UNLINKED — no exact existing assessment established,UNLINKED,,,,,,,,Study-level record retained only as background; not an exact-result assessment.,NOT INDEPENDENTLY DOCUMENTED,
AUDIT-0025,Nausea severity score,0–6 h after surgery,V34_B1_024,Per-protocol,101.0,101.0,,UNLINKED — no exact existing assessment established,UNLINKED,,,,,,,,Study-level record retained only as background; not an exact-result assessment.,NOT INDEPENDENTLY DOCUMENTED,
AUDIT-0026,Vomiting severity score,0–6 h after surgery,V34_B1_025,Per-protocol,101.0,101.0,,UNLINKED — no exact existing assessment established,UNLINKED,,,,,,,,Study-level record retained only as background; not an exact-result assessment.,NOT INDEPENDENTLY DOCUMENTED,
AUDIT-0027,Participants requiring metoclopramide rescue antiemetic,0–6 h after surgery,V34_B1_026,Per-protocol,101.0,101.0,,UNLINKED — no exact existing assessment established,UNLINKED,,,,,,,,Study-level record retained only as background; not an exact-result assessment.,NOT INDEPENDENTLY DOCUMENTED,
AUDIT-0028,Postoperative nausea incidence,0–6 h after surgery,V34_B1_027,Per-protocol,98.0,101.0,,UNLINKED — no exact existing assessment established,UNLINKED,,,,,,,,Study-level record retained only as background; not an exact-result assessment.,NOT INDEPENDENTLY DOCUMENTED,
AUDIT-0029,Postoperative vomiting incidence,0–6 h after surgery,V34_B1_028,Per-protocol,98.0,101.0,,UNLINKED — no exact existing assessment established,UNLINKED,,,,,,,,Study-level record retained only as background; not an exact-result assessment.,NOT INDEPENDENTLY DOCUMENTED,
AUDIT-0030,Nausea severity score,0–6 h after surgery,V34_B1_029,Per-protocol,98.0,101.0,,UNLINKED — no exact existing assessment established,UNLINKED,,,,,,,,Study-level record retained only as background; not an exact-result assessment.,NOT INDEPENDENTLY DOCUMENTED,
AUDIT-0031,Vomiting severity score,0–6 h after surgery,V34_B1_030,Per-protocol,98.0,101.0,,UNLINKED — no exact existing assessment established,UNLINKED,,,,,,,,Study-level record retained only as background; not an exact-result assessment.,NOT INDEPENDENTLY DOCUMENTED,
AUDIT-0032,Participants requiring metoclopramide rescue antiemetic,0–6 h after surgery,V34_B1_031,Per-protocol,98.0,101.0,,UNLINKED — no exact existing assessment established,UNLINKED,,,,,,,,Study-level record retained only as background; not an exact-result assessment.,NOT INDEPENDENTLY DOCUMENTED,
AUDIT-0033,Postoperative nausea incidence,0–6 h after surgery,V34_B1_032,Per-protocol,100.0,101.0,,UNLINKED — no exact existing assessment established,UNLINKED,,,,,,,,Study-level record retained only as background; not an exact-result assessment.,NOT INDEPENDENTLY DOCUMENTED,
AUDIT-0034,Postoperative vomiting incidence,0–6 h after surgery,V34_B1_033,Per-protocol,100.0,101.0,,UNLINKED — no exact existing assessment established,UNLINKED,,,,,,,,Study-level record retained only as background; not an exact-result assessment.,NOT INDEPENDENTLY DOCUMENTED,
AUDIT-0035,Nausea severity score,0–6 h after surgery,V34_B1_034,Per-protocol,100.0,101.0,,UNLINKED — no exact existing assessment established,UNLINKED,,,,,,,,Study-level record retained only as background; not an exact-result assessment.,NOT INDEPENDENTLY DOCUMENTED,
AUDIT-0036,Vomiting severity score,0–6 h after surgery,V34_B1_035,Per-protocol,100.0,101.0,,UNLINKED — no exact existing assessment established,UNLINKED,,,,,,,,Study-level record retained only as background; not an exact-result assessment.,NOT INDEPENDENTLY DOCUMENTED,
AUDIT-0037,Participants requiring metoclopramide rescue antiemetic,0–6 h after surgery,V34_B1_036,Per-protocol,100.0,101.0,,UNLINKED — no exact existing assessment established,UNLINKED,,,,,,,,Study-level record retained only as background; not an exact-result assessment.,NOT INDEPENDENTLY DOCUMENTED,
AUDIT-0038,Nausea severity score,6–24 h after surgery,V34_B1_037,Per-protocol,101.0,101.0,,UNLINKED — no exact existing assessment established,UNLINKED,,,,,,,,Study-level record retained only as background; not an exact-result assessment.,NOT INDEPENDENTLY DOCUMENTED,
AUDIT-0039,Vomiting severity score,6–24 h after surgery,V34_B1_038,Per-protocol,101.0,101.0,,UNLINKED — no exact existing assessment established,UNLINKED,,,,,,,,Study-level record retained only as background; not an exact-result assessment.,NOT INDEPENDENTLY DOCUMENTED,
AUDIT-0040,Participants requiring metoclopramide rescue antiemetic,6–24 h after surgery,V34_B1_039,Per-protocol,101.0,101.0,,UNLINKED — no exact existing assessment established,UNLINKED,,,,,,,,Study-level record retained only as background; not an exact-result assessment.,NOT INDEPENDENTLY DOCUMENTED,
AUDIT-0041,Nausea severity score,6–24 h after surgery,V34_B1_040,Per-protocol,98.0,101.0,,UNLINKED — no exact existing assessment established,UNLINKED,,,,,,,,Study-level record retained only as background; not an exact-result assessment.,NOT INDEPENDENTLY DOCUMENTED,
AUDIT-0042,Vomiting severity score,6–24 h after surgery,V34_B1_041,Per-protocol,98.0,101.0,,UNLINKED — no exact existing assessment established,UNLINKED,,,,,,,,Study-level record retained only as background; not an exact-result assessment.,NOT INDEPENDENTLY DOCUMENTED,
AUDIT-0043,Participants requiring metoclopramide rescue antiemetic,6–24 h after surgery,V34_B1_042,Per-protocol,98.0,101.0,,UNLINKED — no exact existing assessment established,UNLINKED,,,,,,,,Study-level record retained only as background; not an exact-result assessment.,NOT INDEPENDENTLY DOCUMENTED,
AUDIT-0044,Nausea severity score,6–24 h after surgery,V34_B1_043,Per-protocol,100.0,101.0,,UNLINKED — no exact existing assessment established,UNLINKED,,,,,,,,Study-level record retained only as background; not an exact-result assessment.,NOT INDEPENDENTLY DOCUMENTED,
AUDIT-0045,Vomiting severity score,6–24 h after surgery,V34_B1_044,Per-protocol,100.0,101.0,,UNLINKED — no exact existing assessment established,UNLINKED,,,,,,,,Study-level record retained only as background; not an exact-result assessment.,NOT INDEPENDENTLY DOCUMENTED,
AUDIT-0046,Participants requiring metoclopramide rescue antiemetic,6–24 h after surgery,V34_B1_045,Per-protocol,100.0,101.0,,UNLINKED — no exact existing assessment established,UNLINKED,,,,,,,,Study-level record retained only as background; not an exact-result assessment.,NOT INDEPENDENTLY DOCUMENTED,
AUDIT-0047,Postoperative nausea incidence,24–48 h after surgery,V34_B1_046,Per-protocol,101.0,101.0,,UNLINKED — no exact existing assessment established,UNLINKED,,,,,,,,Study-level record retained only as background; not an exact-result assessment.,NOT INDEPENDENTLY DOCUMENTED,
AUDIT-0048,Postoperative vomiting incidence,24–48 h after surgery,V34_B1_047,Per-protocol,101.0,101.0,,UNLINKED — no exact existing assessment established,UNLINKED,,,,,,,,Study-level record retained only as background; not an exact-result assessment.,NOT INDEPENDENTLY DOCUMENTED,
AUDIT-0049,Nausea severity score,24–48 h after surgery,V34_B1_048,Per-protocol,101.0,101.0,,UNLINKED — no exact existing assessment established,UNLINKED,,,,,,,,Study-level record retained only as background; not an exact-result assessment.,NOT INDEPENDENTLY DOCUMENTED,
AUDIT-0050,Vomiting severity score,24–48 h after surgery,V34_B1_049,Per-protocol,101.0,101.0,,UNLINKED — no exact existing assessment established,UNLINKED,,,,,,,,Study-level record retained only as background; not an exact-result assessment.,NOT INDEPENDENTLY DOCUMENTED,
AUDIT-0051,Participants requiring metoclopramide rescue antiemetic,24–48 h after surgery,V34_B1_050,Per-protocol,101.0,101.0,,UNLINKED — no exact existing assessment established,UNLINKED,,,,,,,,Study-level record retained only as background; not an exact-result assessment.,NOT INDEPENDENTLY DOCUMENTED,
AUDIT-0052,Postoperative nausea incidence,24–48 h after surgery,V34_B1_051,Per-protocol,98.0,101.0,,UNLINKED — no exact existing assessment established,UNLINKED,,,,,,,,Study-level record retained only as background; not an exact-result assessment.,NOT INDEPENDENTLY DOCUMENTED,
AUDIT-0053,Postoperative vomiting incidence,24–48 h after surgery,V34_B1_052,Per-protocol,98.0,101.0,,UNLINKED — no exact existing assessment established,UNLINKED,,,,,,,,Study-level record retained only as background; not an exact-result assessment.,NOT INDEPENDENTLY DOCUMENTED,
AUDIT-0054,Nausea severity score,24–48 h after surgery,V34_B1_053,Per-protocol,98.0,101.0,,UNLINKED — no exact existing assessment established,UNLINKED,,,,,,,,Study-level record retained only as background; not an exact-result assessment.,NOT INDEPENDENTLY DOCUMENTED,
AUDIT-0055,Vomiting severity score,24–48 h after surgery,V34_B1_054,Per-protocol,98.0,101.0,,UNLINKED — no exact existing assessment established,UNLINKED,,,,,,,,Study-level record retained only as background; not an exact-result assessment.,NOT INDEPENDENTLY DOCUMENTED,
AUDIT-0056,Participants requiring metoclopramide rescue antiemetic,24–48 h after surgery,V34_B1_055,Per-protocol,98.0,101.0,,UNLINKED — no exact existing assessment established,UNLINKED,,,,,,,,Study-level record retained only as background; not an exact-result assessment.,NOT INDEPENDENTLY DOCUMENTED,
AUDIT-0057,Postoperative nausea incidence,24–48 h after surgery,V34_B1_056,Per-protocol,100.0,101.0,,UNLINKED — no exact existing assessment established,UNLINKED,,,,,,,,Study-level record retained only as background; not an exact-result assessment.,NOT INDEPENDENTLY DOCUMENTED,
AUDIT-0058,Postoperative vomiting incidence,24–48 h after surgery,V34_B1_057,Per-protocol,100.0,101.0,,UNLINKED — no exact existing assessment established,UNLINKED,,,,,,,,Study-level record retained only as background; not an exact-result assessment.,NOT INDEPENDENTLY DOCUMENTED,
AUDIT-0059,Nausea severity score,24–48 h after surgery,V34_B1_058,Per-protocol,100.0,101.0,,UNLINKED — no exact existing assessment established,UNLINKED,,,,,,,,Study-level record retained only as background; not an exact-result assessment.,NOT INDEPENDENTLY DOCUMENTED,
AUDIT-0060,Vomiting severity score,24–48 h after surgery,V34_B1_059,Per-protocol,100.0,101.0,,UNLINKED — no exact existing assessment established,UNLINKED,,,,,,,,Study-level record retained only as background; not an exact-result assessment.,NOT INDEPENDENTLY DOCUMENTED,
AUDIT-0061,Participants requiring metoclopramide rescue antiemetic,24–48 h after surgery,V34_B1_060,Per-protocol,100.0,101.0,,UNLINKED — no exact existing assessment established,UNLINKED,,,,,,,,Study-level record retained only as background; not an exact-result assessment.,NOT INDEPENDENTLY DOCUMENTED,
AUDIT-0062,Postoperative nausea incidence,48–72 h after surgery,V34_B1_061,Per-protocol,101.0,101.0,,UNLINKED — no exact existing assessment established,UNLINKED,,,,,,,,Study-level record retained only as background; not an exact-result assessment.,NOT INDEPENDENTLY DOCUMENTED,
AUDIT-0063,Postoperative vomiting incidence,48–72 h after surgery,V34_B1_062,Per-protocol,101.0,101.0,,UNLINKED — no exact existing assessment established,UNLINKED,,,,,,,,Study-level record retained only as background; not an exact-result assessment.,NOT INDEPENDENTLY DOCUMENTED,
AUDIT-0064,Postoperative nausea incidence,48–72 h after surgery,V34_B1_063,Per-protocol,98.0,101.0,,UNLINKED — no exact existing assessment established,UNLINKED,,,,,,,,Study-level record retained only as background; not an exact-result assessment.,NOT INDEPENDENTLY DOCUMENTED,
AUDIT-0065,Postoperative vomiting incidence,48–72 h after surgery,V34_B1_064,Per-protocol,98.0,101.0,,UNLINKED — no exact existing assessment established,UNLINKED,,,,,,,,Study-level record retained only as background; not an exact-result assessment.,NOT INDEPENDENTLY DOCUMENTED,
AUDIT-0066,Postoperative nausea incidence,48–72 h after surgery,V34_B1_065,Per-protocol,100.0,101.0,,UNLINKED — no exact existing assessment established,UNLINKED,,,,,,,,Study-level record retained only as background; not an exact-result assessment.,NOT INDEPENDENTLY DOCUMENTED,
AUDIT-0067,Postoperative vomiting incidence,48–72 h after surgery,V34_B1_066,Per-protocol,100.0,101.0,,UNLINKED — no exact existing assessment established,UNLINKED,,,,,,,,Study-level record retained only as background; not an exact-result assessment.,NOT INDEPENDENTLY DOCUMENTED,
AUDIT-0068,Abdominal distension incidence,Postoperative; assessment window not separately stated,V34_B1_067,Available-case,29.0,28.0,,UNLINKED — no exact existing assessment established,UNLINKED,,,,,,,,Study-level record retained only as background; not an exact-result assessment.,NOT INDEPENDENTLY DOCUMENTED,
AUDIT-0069,Abdominal distension severity grade 0,Postoperative; assessment window not separately stated,V34_B1_068,Available-case,29.0,28.0,,UNLINKED — no exact existing assessment established,UNLINKED,,,,,,,,Study-level record retained only as background; not an exact-result assessment.,NOT INDEPENDENTLY DOCUMENTED,
AUDIT-0070,Abdominal distension severity grade 1,Postoperative; assessment window not separately stated,V34_B1_069,Available-case,29.0,28.0,,UNLINKED — no exact existing assessment established,UNLINKED,,,,,,,,Study-level record retained only as background; not an exact-result assessment.,NOT INDEPENDENTLY DOCUMENTED,
AUDIT-0071,Abdominal distension severity grade 2,Postoperative; assessment window not separately stated,V34_B1_070,Available-case,29.0,28.0,,UNLINKED — no exact existing assessment established,UNLINKED,,,,,,,,Study-level record retained only as background; not an exact-result assessment.,NOT INDEPENDENTLY DOCUMENTED,
AUDIT-0072,Abdominal distension severity grade 3,Postoperative; assessment window not separately stated,V34_B1_071,Available-case,29.0,28.0,,UNLINKED — no exact existing assessment established,UNLINKED,,,,,,,,Study-level record retained only as background; not an exact-result assessment.,NOT INDEPENDENTLY DOCUMENTED,
AUDIT-0073,Abdominal distension severity grade 4,Postoperative; assessment window not separately stated,V34_B1_072,Available-case,29.0,28.0,,UNLINKED — no exact existing assessment established,UNLINKED,,,,,,,,Study-level record retained only as background; not an exact-result assessment.,NOT INDEPENDENTLY DOCUMENTED,
AUDIT-0074,Participants given rescue medication,Postoperative; exact window not stated,V34_B1_073,Available-case,29.0,28.0,,UNLINKED — no exact existing assessment established,UNLINKED,,,,,,,,Study-level record retained only as background; not an exact-result assessment.,NOT INDEPENDENTLY DOCUMENTED,
AUDIT-0075,Nausea severity score,0–24 h after surgery,V34_B1_074,Available-case,29.0,28.0,,UNLINKED — no exact existing assessment established,UNLINKED,,,,,,,,Study-level record retained only as background; not an exact-result assessment.,NOT INDEPENDENTLY DOCUMENTED,
AUDIT-0076,Vomiting severity score,0–24 h after surgery,V34_B1_075,Available-case,29.0,28.0,,UNLINKED — no exact existing assessment established,UNLINKED,,,,,,,,Study-level record retained only as background; not an exact-result assessment.,NOT INDEPENDENTLY DOCUMENTED,
AUDIT-0077,Nausea incidence,0–24 h after surgery,V34_B1_076,Available-case,29.0,28.0,,UNLINKED — no exact existing assessment established,UNLINKED,,,,,,,,Study-level record retained only as background; not an exact-result assessment.,NOT INDEPENDENTLY DOCUMENTED,;nausea24_EA_usual
AUDIT-0078,Vomiting incidence,0–24 h after surgery,V34_B1_077,Available-case,29.0,28.0,,UNLINKED — no exact existing assessment established,UNLINKED,,,,,,,,Study-level record retained only as background; not an exact-result assessment.,NOT INDEPENDENTLY DOCUMENTED,;vomiting24_EA_usual
AUDIT-0079,Static pain VAS,0–24 h after surgery,V34_B1_078,Available-case,29.0,28.0,,UNLINKED — no exact existing assessment established,UNLINKED,,,,,,,,Study-level record retained only as background; not an exact-result assessment.,NOT INDEPENDENTLY DOCUMENTED,
AUDIT-0080,Dynamic pain VAS,0–24 h after surgery,V34_B1_079,Available-case,29.0,28.0,,UNLINKED — no exact existing assessment established,UNLINKED,,,,,,,,Study-level record retained only as background; not an exact-result assessment.,NOT INDEPENDENTLY DOCUMENTED,
AUDIT-0081,Nausea severity score,24–48 h after surgery,V34_B1_080,Available-case,29.0,28.0,,UNLINKED — no exact existing assessment established,UNLINKED,,,,,,,,Study-level record retained only as background; not an exact-result assessment.,NOT INDEPENDENTLY DOCUMENTED,
AUDIT-0082,Vomiting severity score,24–48 h after surgery,V34_B1_081,Available-case,29.0,28.0,,UNLINKED — no exact existing assessment established,UNLINKED,,,,,,,,Study-level record retained only as background; not an exact-result assessment.,NOT INDEPENDENTLY DOCUMENTED,
AUDIT-0083,Nausea incidence,24–48 h after surgery,V34_B1_082,Available-case,29.0,28.0,,UNLINKED — no exact existing assessment established,UNLINKED,,,,,,,,Study-level record retained only as background; not an exact-result assessment.,NOT INDEPENDENTLY DOCUMENTED,
AUDIT-0084,Vomiting incidence,24–48 h after surgery,V34_B1_083,Available-case,29.0,28.0,,UNLINKED — no exact existing assessment established,UNLINKED,,,,,,,,Study-level record retained only as background; not an exact-result assessment.,NOT INDEPENDENTLY DOCUMENTED,
AUDIT-0085,Static pain VAS,24–48 h after surgery,V34_B1_084,Available-case,29.0,28.0,,UNLINKED — no exact existing assessment established,UNLINKED,,,,,,,,Study-level record retained only as background; not an exact-result assessment.,NOT INDEPENDENTLY DOCUMENTED,
AUDIT-0086,Dynamic pain VAS,24–48 h after surgery,V34_B1_085,Available-case,29.0,28.0,,UNLINKED — no exact existing assessment established,UNLINKED,,,,,,,,Study-level record retained only as background; not an exact-result assessment.,NOT INDEPENDENTLY DOCUMENTED,
AUDIT-0087,Nausea severity score,48–72 h after surgery,V34_B1_086,Available-case,29.0,28.0,,UNLINKED — no exact existing assessment established,UNLINKED,,,,,,,,Study-level record retained only as background; not an exact-result assessment.,NOT INDEPENDENTLY DOCUMENTED,
AUDIT-0088,Vomiting severity score,48–72 h after surgery,V34_B1_087,Available-case,29.0,28.0,,UNLINKED — no exact existing assessment established,UNLINKED,,,,,,,,Study-level record retained only as background; not an exact-result assessment.,NOT INDEPENDENTLY DOCUMENTED,
AUDIT-0089,Nausea incidence,48–72 h after surgery,V34_B1_088,Available-case,29.0,28.0,,UNLINKED — no exact existing assessment established,UNLINKED,,,,,,,,Study-level record retained only as background; not an exact-result assessment.,NOT INDEPENDENTLY DOCUMENTED,
AUDIT-0090,Vomiting incidence,48–72 h after surgery,V34_B1_089,Available-case,29.0,28.0,,UNLINKED — no exact existing assessment established,UNLINKED,,,,,,,,Study-level record retained only as background; not an exact-result assessment.,NOT INDEPENDENTLY DOCUMENTED,
AUDIT-0091,Static pain VAS,48–72 h after surgery,V34_B1_090,Available-case,29.0,28.0,,UNLINKED — no exact existing assessment established,UNLINKED,,,,,,,,Study-level record retained only as background; not an exact-result assessment.,NOT INDEPENDENTLY DOCUMENTED,
AUDIT-0092,Dynamic pain VAS,48–72 h after surgery,V34_B1_091,Available-case,29.0,28.0,,UNLINKED — no exact existing assessment established,UNLINKED,,,,,,,,Study-level record retained only as background; not an exact-result assessment.,NOT INDEPENDENTLY DOCUMENTED,
AUDIT-0093,Time to out-of-bed activity,Postoperative,V34_B1_092,Available-case,29.0,28.0,,UNLINKED — no exact existing assessment established,UNLINKED,,,,,,,,Study-level record retained only as background; not an exact-result assessment.,NOT INDEPENDENTLY DOCUMENTED,
AUDIT-0094,Hospital stay,Postoperative hospitalization,V34_B1_093,Available-case,29.0,28.0,,UNLINKED — no exact existing assessment established,UNLINKED,,,,,,,,Study-level record retained only as background; not an exact-result assessment.,NOT INDEPENDENTLY DOCUMENTED,
AUDIT-0095,NRS in the mobile state,1 h after operation,V34_B1_094,Unstated,52.0,53.0,,UNLINKED — no exact existing assessment established,UNLINKED,,,,,,,,Study-level record retained only as background; not an exact-result assessment.,NOT INDEPENDENTLY DOCUMENTED,
AUDIT-0096,NRS in the mobile state,24 h after operation,V34_B1_095,Unstated,52.0,53.0,,UNLINKED — no exact existing assessment established,UNLINKED,,,,,,,,Study-level record retained only as background; not an exact-result assessment.,NOT INDEPENDENTLY DOCUMENTED,
AUDIT-0097,Resting pain,Postoperative,V34_B1_096,Unstated,52.0,53.0,,UNLINKED — no exact existing assessment established,UNLINKED,,,,,,,,Study-level record retained only as background; not an exact-result assessment.,NOT INDEPENDENTLY DOCUMENTED,
AUDIT-0098,PACU highest NRS score,PACU,V34_B1_097,Unstated,52.0,53.0,,UNLINKED — no exact existing assessment established,UNLINKED,,,,,,,,Study-level record retained only as background; not an exact-result assessment.,NOT INDEPENDENTLY DOCUMENTED,
AUDIT-0099,Vomiting incidence,1 h after operation,V34_B1_098,Unstated,52.0,53.0,,UNLINKED — no exact existing assessment established,UNLINKED,,,,,,,,Study-level record retained only as background; not an exact-result assessment.,NOT INDEPENDENTLY DOCUMENTED,
AUDIT-0100,Vomiting incidence,Within 24 h after operation,V34_B1_099,Unstated,52.0,53.0,,UNLINKED — no exact existing assessment established,UNLINKED,,,,,,,,Study-level record retained only as background; not an exact-result assessment.,NOT INDEPENDENTLY DOCUMENTED,;vomiting24_TEAS_usual
AUDIT-0101,Nausea incidence,Within 24 h after operation,V34_B1_100,Unstated,52.0,53.0,,UNLINKED — no exact existing assessment established,UNLINKED,,,,,,,,Study-level record retained only as background; not an exact-result assessment.,NOT INDEPENDENTLY DOCUMENTED,
AUDIT-0102,Participants using analgesic drugs,Within 24 h after operation,V34_B1_101,Unstated,52.0,53.0,,UNLINKED — no exact existing assessment established,UNLINKED,,,,,,,,Study-level record retained only as background; not an exact-result assessment.,NOT INDEPENDENTLY DOCUMENTED,
AUDIT-0103,Participants using antiemetic drugs,Within 24 h after operation,V34_B1_102,Unstated,52.0,53.0,,UNLINKED — no exact existing assessment established,UNLINKED,,,,,,,,Study-level record retained only as background; not an exact-result assessment.,NOT INDEPENDENTLY DOCUMENTED,
AUDIT-0104,Utilization of remedial drugs in PACU,PACU,V34_B1_103,Unstated,52.0,53.0,,UNLINKED — no exact existing assessment established,UNLINKED,,,,,,,,Study-level record retained only as background; not an exact-result assessment.,NOT INDEPENDENTLY DOCUMENTED,
AUDIT-0105,Time of respiratory recovery,PACU/recovery,V34_B1_104,Unstated,52.0,53.0,,UNLINKED — no exact existing assessment established,UNLINKED,,,,,,,,Study-level record retained only as background; not an exact-result assessment.,NOT INDEPENDENTLY DOCUMENTED,
AUDIT-0106,Time of conscious,PACU/recovery,V34_B1_105,Unstated,52.0,53.0,,UNLINKED — no exact existing assessment established,UNLINKED,,,,,,,,Study-level record retained only as background; not an exact-result assessment.,NOT INDEPENDENTLY DOCUMENTED,
AUDIT-0107,Time of extubation,PACU/recovery,V34_B1_106,Unstated,52.0,53.0,,UNLINKED — no exact existing assessment established,UNLINKED,,,,,,,,Study-level record retained only as background; not an exact-result assessment.,NOT INDEPENDENTLY DOCUMENTED,
AUDIT-0108,PACU Aldrete score,PACU,V34_B1_107,Unstated,52.0,53.0,,UNLINKED — no exact existing assessment established,UNLINKED,,,,,,,,Study-level record retained only as background; not an exact-result assessment.,NOT INDEPENDENTLY DOCUMENTED,
AUDIT-0109,PACU retention time,PACU,V34_B1_108,Unstated,52.0,53.0,,UNLINKED — no exact existing assessment established,UNLINKED,,,,,,,,Study-level record retained only as background; not an exact-result assessment.,NOT INDEPENDENTLY DOCUMENTED,
AUDIT-0110,Postoperative hospitalization time,Postoperative hospitalization,V34_B1_109,Unstated,52.0,53.0,,UNLINKED — no exact existing assessment established,UNLINKED,,,,,,,,Study-level record retained only as background; not an exact-result assessment.,NOT INDEPENDENTLY DOCUMENTED,
AUDIT-0111,First postoperative water intake time,Postoperative,V34_B1_110,Unstated,52.0,53.0,,UNLINKED — no exact existing assessment established,UNLINKED,,,,,,,,Study-level record retained only as background; not an exact-result assessment.,NOT INDEPENDENTLY DOCUMENTED,
AUDIT-0112,First solid food tolerance time,Postoperative,V34_B1_111,Unstated,52.0,53.0,,UNLINKED — no exact existing assessment established,UNLINKED,,,,,,,,Study-level record retained only as background; not an exact-result assessment.,NOT INDEPENDENTLY DOCUMENTED,
AUDIT-0113,Removing the catheter time,Postoperative,V34_B1_112,Unstated,52.0,53.0,,UNLINKED — no exact existing assessment established,UNLINKED,,,,,,,,Study-level record retained only as background; not an exact-result assessment.,NOT INDEPENDENTLY DOCUMENTED,
AUDIT-0114,First postoperative implantation activity time,Postoperative,V34_B1_113,Unstated,52.0,53.0,,UNLINKED — no exact existing assessment established,UNLINKED,,,,,,,,Study-level record retained only as background; not an exact-result assessment.,NOT INDEPENDENTLY DOCUMENTED,
AUDIT-0115,Physical comfort,24 h after operation,V34_B1_114,Unstated,52.0,53.0,,UNLINKED — no exact existing assessment established,UNLINKED,,,,,,,,Study-level record retained only as background; not an exact-result assessment.,NOT INDEPENDENTLY DOCUMENTED,
AUDIT-0116,Emotional state,24 h after operation,V34_B1_115,Unstated,52.0,53.0,,UNLINKED — no exact existing assessment established,UNLINKED,,,,,,,,Study-level record retained only as background; not an exact-result assessment.,NOT INDEPENDENTLY DOCUMENTED,
AUDIT-0117,Physical independence,24 h after operation,V34_B1_116,Unstated,52.0,53.0,,UNLINKED — no exact existing assessment established,UNLINKED,,,,,,,,Study-level record retained only as background; not an exact-result assessment.,NOT INDEPENDENTLY DOCUMENTED,
AUDIT-0118,Psychological support,24 h after operation,V34_B1_117,Unstated,52.0,53.0,,UNLINKED — no exact existing assessment established,UNLINKED,,,,,,,,Study-level record retained only as background; not an exact-result assessment.,NOT INDEPENDENTLY DOCUMENTED,
AUDIT-0119,Pain subscale,24 h after operation,V34_B1_118,Unstated,52.0,53.0,,UNLINKED — no exact existing assessment established,UNLINKED,,,,,,,,Study-level record retained only as background; not an exact-result assessment.,NOT INDEPENDENTLY DOCUMENTED,
AUDIT-0120,Total QoR-40 score,24 h after operation,V34_B1_119,Unstated,52.0,53.0,,UNLINKED — no exact existing assessment established,UNLINKED,,,,,,,,Study-level record retained only as background; not an exact-result assessment.,NOT INDEPENDENTLY DOCUMENTED,
AUDIT-0121,VAS at rest,24 h after surgery,V34_B1_120,Available-case,47.0,47.0,,UNLINKED — no exact existing assessment established,UNLINKED,,,,,,,,Study-level record retained only as background; not an exact-result assessment.,NOT INDEPENDENTLY DOCUMENTED,
AUDIT-0122,VAS at cough,24 h after surgery,V34_B1_121,Available-case,47.0,47.0,,UNLINKED — no exact existing assessment established,UNLINKED,,,,,,,,Study-level record retained only as background; not an exact-result assessment.,NOT INDEPENDENTLY DOCUMENTED,
AUDIT-0123,VAS at rest,48 h after surgery,V34_B1_122,Available-case,47.0,47.0,,UNLINKED — no exact existing assessment established,UNLINKED,,,,,,,,Study-level record retained only as background; not an exact-result assessment.,NOT INDEPENDENTLY DOCUMENTED,
AUDIT-0124,VAS at cough,48 h after surgery,V34_B1_123,Available-case,47.0,47.0,,UNLINKED — no exact existing assessment established,UNLINKED,,,,,,,,Study-level record retained only as background; not an exact-result assessment.,NOT INDEPENDENTLY DOCUMENTED,
AUDIT-0125,VAS at rest,72 h after surgery,V34_B1_124,Available-case,47.0,47.0,,UNLINKED — no exact existing assessment established,UNLINKED,,,,,,,,Study-level record retained only as background; not an exact-result assessment.,NOT INDEPENDENTLY DOCUMENTED,
AUDIT-0126,VAS at cough,72 h after surgery,V34_B1_125,Available-case,47.0,47.0,,UNLINKED — no exact existing assessment established,UNLINKED,,,,,,,,Study-level record retained only as background; not an exact-result assessment.,NOT INDEPENDENTLY DOCUMENTED,
AUDIT-0127,PONV incidence,24 h after surgery,V34_B1_126,Available-case,47.0,47.0,,UNLINKED — no exact existing assessment established,UNLINKED,,,,,,,,Study-level record retained only as background; not an exact-result assessment.,NOT INDEPENDENTLY DOCUMENTED,;ponv24_TEAS_sham_point_window_sensitivity
AUDIT-0128,PONV incidence,48 h after surgery,V34_B1_127,Available-case,47.0,47.0,,UNLINKED — no exact existing assessment established,UNLINKED,,,,,,,,Study-level record retained only as background; not an exact-result assessment.,NOT INDEPENDENTLY DOCUMENTED,
AUDIT-0129,PONV incidence,72 h after surgery,V34_B1_128,Available-case,47.0,47.0,,UNLINKED — no exact existing assessment established,UNLINKED,,,,,,,,Study-level record retained only as background; not an exact-result assessment.,NOT INDEPENDENTLY DOCUMENTED,
AUDIT-0130,QoR-15 score,24 h after surgery,V34_B1_129,Available-case,47.0,47.0,,UNLINKED — no exact existing assessment established,UNLINKED,,,,,,,,Study-level record retained only as background; not an exact-result assessment.,NOT INDEPENDENTLY DOCUMENTED,
AUDIT-0131,QoR-15 score,48 h after surgery,V34_B1_130,Available-case,47.0,47.0,,UNLINKED — no exact existing assessment established,UNLINKED,,,,,,,,Study-level record retained only as background; not an exact-result assessment.,NOT INDEPENDENTLY DOCUMENTED,
AUDIT-0132,QoR-15 score,72 h after surgery,V34_B1_131,Available-case,47.0,47.0,,UNLINKED — no exact existing assessment established,UNLINKED,,,,,,,,Study-level record retained only as background; not an exact-result assessment.,NOT INDEPENDENTLY DOCUMENTED,
AUDIT-0133,PCA attempts,48 h after surgery,V34_B1_132,Available-case,47.0,47.0,,UNLINKED — no exact existing assessment established,UNLINKED,,,,,,,,Study-level record retained only as background; not an exact-result assessment.,NOT INDEPENDENTLY DOCUMENTED,
AUDIT-0134,Successful PCA deliveries,48 h after surgery,V34_B1_133,Available-case,47.0,47.0,,UNLINKED — no exact existing assessment established,UNLINKED,,,,,,,,Study-level record retained only as background; not an exact-result assessment.,NOT INDEPENDENTLY DOCUMENTED,
AUDIT-0135,PCA attempts,72 h after surgery,V34_B1_134,Available-case,47.0,47.0,,UNLINKED — no exact existing assessment established,UNLINKED,,,,,,,,Study-level record retained only as background; not an exact-result assessment.,NOT INDEPENDENTLY DOCUMENTED,
AUDIT-0136,Successful PCA deliveries,72 h after surgery,V34_B1_135,Available-case,47.0,47.0,,UNLINKED — no exact existing assessment established,UNLINKED,,,,,,,,Study-level record retained only as background; not an exact-result assessment.,NOT INDEPENDENTLY DOCUMENTED,
AUDIT-0137,Time to first oral intake of water,Postoperative,V34_B1_136,Available-case,47.0,47.0,,UNLINKED — no exact existing assessment established,UNLINKED,,,,,,,,Study-level record retained only as background; not an exact-result assessment.,NOT INDEPENDENTLY DOCUMENTED,
AUDIT-0139,PONV occurrence,6 h post-OP,V34_B1_138,Unstated,140.0,140.0,,UNLINKED — no exact existing assessment established,UNLINKED,,,,,,,,Study-level record retained only as background; not an exact-result assessment.,NOT INDEPENDENTLY DOCUMENTED,
AUDIT-0140,Participants with postoperative VAS score ≥4,12 h post-OP,V34_B1_139,Unstated,140.0,140.0,,UNLINKED — no exact existing assessment established,UNLINKED,,,,,,,,Study-level record retained only as background; not an exact-result assessment.,NOT INDEPENDENTLY DOCUMENTED,
AUDIT-0141,PONV occurrence,12 h post-OP,V34_B1_140,Unstated,140.0,140.0,,UNLINKED — no exact existing assessment established,UNLINKED,,,,,,,,Study-level record retained only as background; not an exact-result assessment.,NOT INDEPENDENTLY DOCUMENTED,
AUDIT-0142,Participants with postoperative VAS score ≥4,9 am on day 1,V34_B1_141,Unstated,140.0,140.0,,UNLINKED — no exact existing assessment established,UNLINKED,,,,,,,,Study-level record retained only as background; not an exact-result assessment.,NOT INDEPENDENTLY DOCUMENTED,
AUDIT-0143,PONV occurrence,9 am on day 1,V34_B1_142,Unstated,140.0,140.0,,UNLINKED — no exact existing assessment established,UNLINKED,,,,,,,,Study-level record retained only as background; not an exact-result assessment.,NOT INDEPENDENTLY DOCUMENTED,
AUDIT-0144,Participants with postoperative VAS score ≥4,3 pm on day 1,V34_B1_143,Unstated,140.0,140.0,,UNLINKED — no exact existing assessment established,UNLINKED,,,,,,,,Study-level record retained only as background; not an exact-result assessment.,NOT INDEPENDENTLY DOCUMENTED,
AUDIT-0145,PONV occurrence,3 pm on day 1,V34_B1_144,Unstated,140.0,140.0,,UNLINKED — no exact existing assessment established,UNLINKED,,,,,,,,Study-level record retained only as background; not an exact-result assessment.,NOT INDEPENDENTLY DOCUMENTED,
AUDIT-0146,Participants with postoperative VAS score ≥4,9 am on day 2,V34_B1_145,Unstated,140.0,140.0,,UNLINKED — no exact existing assessment established,UNLINKED,,,,,,,,Study-level record retained only as background; not an exact-result assessment.,NOT INDEPENDENTLY DOCUMENTED,
AUDIT-0147,PONV occurrence,9 am on day 2,V34_B1_146,Unstated,140.0,140.0,,UNLINKED — no exact existing assessment established,UNLINKED,,,,,,,,Study-level record retained only as background; not an exact-result assessment.,NOT INDEPENDENTLY DOCUMENTED,
AUDIT-0148,Participants with postoperative VAS score ≥4,3 pm on day 2,V34_B1_147,Unstated,140.0,140.0,,UNLINKED — no exact existing assessment established,UNLINKED,,,,,,,,Study-level record retained only as background; not an exact-result assessment.,NOT INDEPENDENTLY DOCUMENTED,
AUDIT-0149,PONV occurrence,3 pm on day 2,V34_B1_148,Unstated,140.0,140.0,,UNLINKED — no exact existing assessment established,UNLINKED,,,,,,,,Study-level record retained only as background; not an exact-result assessment.,NOT INDEPENDENTLY DOCUMENTED,
AUDIT-0150,Length of postoperative hospital stay,From date of surgery to discharge,V34_B1_149,Unstated,140.0,140.0,,UNLINKED — no exact existing assessment established,UNLINKED,,,,,,,,Study-level record retained only as background; not an exact-result assessment.,NOT INDEPENDENTLY DOCUMENTED,
AUDIT-0151,VAS pain intensity,4 h,V34_B2_001,Available-case/completer analysis,58.0,59.0,,UNLINKED — no exact existing assessment established,UNLINKED,,,,,,,,Study-level record retained only as background; not an exact-result assessment.,NOT INDEPENDENTLY DOCUMENTED,
AUDIT-0152,VAS pain intensity,8 h,V34_B2_002,Available-case/completer analysis,58.0,59.0,,UNLINKED — no exact existing assessment established,UNLINKED,,,,,,,,Study-level record retained only as background; not an exact-result assessment.,NOT INDEPENDENTLY DOCUMENTED,
AUDIT-0153,VAS pain intensity,16 h,V34_B2_003,Available-case/completer analysis,58.0,59.0,,UNLINKED — no exact existing assessment established,UNLINKED,,,,,,,,Study-level record retained only as background; not an exact-result assessment.,NOT INDEPENDENTLY DOCUMENTED,
AUDIT-0154,VAS pain intensity,36 h,V34_B2_004,Available-case/completer analysis,58.0,59.0,,UNLINKED — no exact existing assessment established,UNLINKED,,,,,,,,Study-level record retained only as background; not an exact-result assessment.,NOT INDEPENDENTLY DOCUMENTED,
AUDIT-0155,Cumulative multimodal PCIA solution consumed,16 h,V34_B2_005,Available-case/completer analysis,58.0,59.0,,UNLINKED — no exact existing assessment established,UNLINKED,,,,,,,,Study-level record retained only as background; not an exact-result assessment.,NOT INDEPENDENTLY DOCUMENTED,
AUDIT-0156,Any postoperative nausea and/or vomiting (PONV),Postoperative follow-up; exact window not stated,V34_B2_006,Available-case/completer analysis,58.0,59.0,,UNLINKED — no exact existing assessment established,UNLINKED,,,,,,,,Study-level record retained only as background; not an exact-result assessment.,NOT INDEPENDENTLY DOCUMENTED,
AUDIT-0157,Very satisfied,36 h postoperatively,V34_B2_007,Available-case/completer analysis,58.0,59.0,,UNLINKED — no exact existing assessment established,UNLINKED,,,,,,,,Study-level record retained only as background; not an exact-result assessment.,NOT INDEPENDENTLY DOCUMENTED,
AUDIT-0158,Satisfied,36 h postoperatively,V34_B2_008,Available-case/completer analysis,58.0,59.0,,UNLINKED — no exact existing assessment established,UNLINKED,,,,,,,,Study-level record retained only as background; not an exact-result assessment.,NOT INDEPENDENTLY DOCUMENTED,
AUDIT-0159,Moderately satisfied,36 h postoperatively,V34_B2_009,Available-case/completer analysis,58.0,59.0,,UNLINKED — no exact existing assessment established,UNLINKED,,,,,,,,Study-level record retained only as background; not an exact-result assessment.,NOT INDEPENDENTLY DOCUMENTED,
AUDIT-0160,Not satisfied,36 h postoperatively,V34_B2_010,Available-case/completer analysis,58.0,59.0,,UNLINKED — no exact existing assessment established,UNLINKED,,,,,,,,Study-level record retained only as background; not an exact-result assessment.,NOT INDEPENDENTLY DOCUMENTED,
AUDIT-0161,VAS pain score,24 h,V34_B2_011,Available-case/completer analysis,43.0,45.0,,UNLINKED — no exact existing assessment established,UNLINKED,,,,,,,,Study-level record retained only as background; not an exact-result assessment.,NOT INDEPENDENTLY DOCUMENTED,
AUDIT-0162,VAS pain score,48 h,V34_B2_012,Available-case/completer analysis,43.0,45.0,,UNLINKED — no exact existing assessment established,UNLINKED,,,,,,,,Study-level record retained only as background; not an exact-result assessment.,NOT INDEPENDENTLY DOCUMENTED,
AUDIT-0163,VAS pain score,72 h,V34_B2_013,Available-case/completer analysis,43.0,45.0,,UNLINKED — no exact existing assessment established,UNLINKED,,,,,,,,Study-level record retained only as background; not an exact-result assessment.,NOT INDEPENDENTLY DOCUMENTED,
AUDIT-0164,I-FEED score,24 h,V34_B2_014,Available-case/completer analysis,43.0,45.0,,UNLINKED — no exact existing assessment established,UNLINKED,,,,,,,,Study-level record retained only as background; not an exact-result assessment.,NOT INDEPENDENTLY DOCUMENTED,
AUDIT-0165,I-FEED score,48 h,V34_B2_015,Available-case/completer analysis,43.0,45.0,,UNLINKED — no exact existing assessment established,UNLINKED,,,,,,,,Study-level record retained only as background; not an exact-result assessment.,NOT INDEPENDENTLY DOCUMENTED,
AUDIT-0166,I-FEED score,72 h,V34_B2_016,Available-case/completer analysis,43.0,45.0,,UNLINKED — no exact existing assessment established,UNLINKED,,,,,,,,Study-level record retained only as background; not an exact-result assessment.,NOT INDEPENDENTLY DOCUMENTED,
AUDIT-0167,QoR-40 total score,Day of discharge,V34_B2_017,Available-case/completer analysis,43.0,45.0,,UNLINKED — no exact existing assessment established,UNLINKED,,,,,,,,Study-level record retained only as background; not an exact-result assessment.,NOT INDEPENDENTLY DOCUMENTED,
AUDIT-0168,Hospital length of stay,Postoperative hospitalization,V34_B2_018,Available-case/completer analysis,43.0,45.0,,UNLINKED — no exact existing assessment established,UNLINKED,,,,,,,,Study-level record retained only as background; not an exact-result assessment.,NOT INDEPENDENTLY DOCUMENTED,
AUDIT-0169,Vomiting,Postoperative,V34_B2_019,Available-case/completer analysis,43.0,45.0,,UNLINKED — no exact existing assessment established,UNLINKED,,,,,,,,Study-level record retained only as background; not an exact-result assessment.,NOT INDEPENDENTLY DOCUMENTED,
AUDIT-0170,Use of additional analgesic,Postoperative,V34_B2_020,Available-case/completer analysis,43.0,45.0,,UNLINKED — no exact existing assessment established,UNLINKED,,,,,,,,Study-level record retained only as background; not an exact-result assessment.,NOT INDEPENDENTLY DOCUMENTED,
AUDIT-0171,Bowel obstruction,Postoperative,V34_B2_021,Available-case/completer analysis,43.0,45.0,,UNLINKED — no exact existing assessment established,UNLINKED,,,,,,,,Study-level record retained only as background; not an exact-result assessment.,NOT INDEPENDENTLY DOCUMENTED,
AUDIT-0172,Serious adverse events or fatalities,Study follow-up,V34_B2_022,Available-case/completer analysis,43.0,45.0,,UNLINKED — no exact existing assessment established,UNLINKED,,,,,,,,Study-level record retained only as background; not an exact-result assessment.,NOT INDEPENDENTLY DOCUMENTED,
AUDIT-0173,Time to first bowel sounds,Postoperative,V34_B2_023,Intention-to-treat; all randomized patients,303.0,307.0,,UNLINKED — no exact existing assessment established,UNLINKED,,,,,,,,Study-level record retained only as background; not an exact-result assessment.,NOT INDEPENDENTLY DOCUMENTED,;bowelsounds_TEAS_sham;bowelsounds_TEAS_sham_without_Zheng2025
AUDIT-0174,Abdominal pain score,Postoperative 72 h,V34_B2_024,Intention-to-treat; all randomized patients,303.0,307.0,,UNLINKED — no exact existing assessment established,UNLINKED,,,,,,,,Study-level record retained only as background; not an exact-result assessment.,NOT INDEPENDENTLY DOCUMENTED,
AUDIT-0175,Distention score,Postoperative 72 h,V34_B2_025,Intention-to-treat; all randomized patients,303.0,307.0,,UNLINKED — no exact existing assessment established,UNLINKED,,,,,,,,Study-level record retained only as background; not an exact-result assessment.,NOT INDEPENDENTLY DOCUMENTED,
AUDIT-0176,Nausea score,Postoperative 72 h,V34_B2_026,Intention-to-treat; all randomized patients,303.0,307.0,,UNLINKED — no exact existing assessment established,UNLINKED,,,,,,,,Study-level record retained only as background; not an exact-result assessment.,NOT INDEPENDENTLY DOCUMENTED,
AUDIT-0177,Number of vomiting episodes,Postoperative 72 h,V34_B2_027,Intention-to-treat; all randomized patients,303.0,307.0,,UNLINKED — no exact existing assessment established,UNLINKED,,,,,,,,Study-level record retained only as background; not an exact-result assessment.,NOT INDEPENDENTLY DOCUMENTED,
AUDIT-0178,Time to first defecation,Postoperative,V34_B2_028,Per-protocol for secondary outcomes,294.0,293.0,,UNLINKED — no exact existing assessment established,UNLINKED,,,,,,,,Study-level record retained only as background; not an exact-result assessment.,NOT INDEPENDENTLY DOCUMENTED,
AUDIT-0179,NRS pain score,"AMBIGUOUS — single summary; Methods planned 6 h, 24 h and 48 h",V34_B2_029,Per-protocol for secondary outcomes,294.0,293.0,,UNLINKED — no exact existing assessment established,UNLINKED,,,,,,,,Study-level record retained only as background; not an exact-result assessment.,NOT INDEPENDENTLY DOCUMENTED,
AUDIT-0180,Abdominal distention incidence,Postoperative,V34_B2_030,Per-protocol for secondary outcomes,294.0,293.0,,UNLINKED — no exact existing assessment established,UNLINKED,,,,,,,,Study-level record retained only as background; not an exact-result assessment.,NOT INDEPENDENTLY DOCUMENTED,
AUDIT-0181,Hospital cost,Hospitalization,V34_B2_031,Per-protocol for secondary outcomes,294.0,293.0,,UNLINKED — no exact existing assessment established,UNLINKED,,,,,,,,Study-level record retained only as background; not an exact-result assessment.,NOT INDEPENDENTLY DOCUMENTED,
AUDIT-0182,Postoperative hospital stay,Postoperative hospitalization,V34_B2_032,Per-protocol for secondary outcomes,294.0,293.0,,UNLINKED — no exact existing assessment established,UNLINKED,,,,,,,,Study-level record retained only as background; not an exact-result assessment.,NOT INDEPENDENTLY DOCUMENTED,
AUDIT-0183,Any postoperative complication/adverse event,Study follow-up,V34_B2_033,Per-protocol for secondary outcomes,294.0,293.0,,UNLINKED — no exact existing assessment established,UNLINKED,,,,,,,,Study-level record retained only as background; not an exact-result assessment.,NOT INDEPENDENTLY DOCUMENTED,
AUDIT-0184,Severe adverse events,Study follow-up,V34_B2_034,Per-protocol for secondary outcomes,294.0,293.0,,UNLINKED — no exact existing assessment established,UNLINKED,,,,,,,,Study-level record retained only as background; not an exact-result assessment.,NOT INDEPENDENTLY DOCUMENTED,
AUDIT-0185,Subcutaneous hematoma,Study follow-up,V34_B2_035,Per-protocol for secondary outcomes,294.0,293.0,,UNLINKED — no exact existing assessment established,UNLINKED,,,,,,,,Study-level record retained only as background; not an exact-result assessment.,NOT INDEPENDENTLY DOCUMENTED,
AUDIT-0186,Rubefaction,Study follow-up,V34_B2_036,Per-protocol for secondary outcomes,294.0,293.0,,UNLINKED — no exact existing assessment established,UNLINKED,,,,,,,,Study-level record retained only as background; not an exact-result assessment.,NOT INDEPENDENTLY DOCUMENTED,
AUDIT-0187,Hydroderma,Study follow-up,V34_B2_037,Per-protocol for secondary outcomes,294.0,293.0,,UNLINKED — no exact existing assessment established,UNLINKED,,,,,,,,Study-level record retained only as background; not an exact-result assessment.,NOT INDEPENDENTLY DOCUMENTED,
AUDIT-0188,PSQI and AIS postoperative sleep quality,POD3,V34_B2_038,Available-case/completer analysis after protocol breaches,40.0,43.0,,UNLINKED — no exact existing assessment established,UNLINKED,,,,,,,,Study-level record retained only as background; not an exact-result assessment.,NOT INDEPENDENTLY DOCUMENTED,
AUDIT-0189,Rest pain VAS,24 h,V34_B2_039,Available-case/completer analysis after protocol breaches,40.0,43.0,,UNLINKED — no exact existing assessment established,UNLINKED,,,,,,,,Study-level record retained only as background; not an exact-result assessment.,NOT INDEPENDENTLY DOCUMENTED,
AUDIT-0190,Rest pain VAS,48 h,V34_B2_040,Available-case/completer analysis after protocol breaches,40.0,43.0,,UNLINKED — no exact existing assessment established,UNLINKED,,,,,,,,Study-level record retained only as background; not an exact-result assessment.,NOT INDEPENDENTLY DOCUMENTED,
AUDIT-0191,Rest pain VAS,72 h,V34_B2_041,Available-case/completer analysis after protocol breaches,40.0,43.0,,UNLINKED — no exact existing assessment established,UNLINKED,,,,,,,,Study-level record retained only as background; not an exact-result assessment.,NOT INDEPENDENTLY DOCUMENTED,
AUDIT-0192,Activity pain VAS,48 h,V34_B2_042,Available-case/completer analysis after protocol breaches,40.0,43.0,,UNLINKED — no exact existing assessment established,UNLINKED,,,,,,,,Study-level record retained only as background; not an exact-result assessment.,NOT INDEPENDENTLY DOCUMENTED,
AUDIT-0193,Activity pain VAS,72 h,V34_B2_043,Available-case/completer analysis after protocol breaches,40.0,43.0,,UNLINKED — no exact existing assessment established,UNLINKED,,,,,,,,Study-level record retained only as background; not an exact-result assessment.,NOT INDEPENDENTLY DOCUMENTED,
AUDIT-0194,Postoperative hospitalization,Postoperative hospitalization,V34_B2_044,Available-case/completer analysis after protocol breaches,40.0,43.0,,UNLINKED — no exact existing assessment established,UNLINKED,,,,,,,,Study-level record retained only as background; not an exact-result assessment.,NOT INDEPENDENTLY DOCUMENTED,
AUDIT-0195,Abdominal distension,Within 72 h after surgery,V34_B2_045,Available-case/completer analysis after protocol breaches,40.0,43.0,,UNLINKED — no exact existing assessment established,UNLINKED,,,,,,,,Study-level record retained only as background; not an exact-result assessment.,NOT INDEPENDENTLY DOCUMENTED,
AUDIT-0196,Dizziness,Within 72 h after surgery,V34_B2_046,Available-case/completer analysis after protocol breaches,40.0,43.0,,UNLINKED — no exact existing assessment established,UNLINKED,,,,,,,,Study-level record retained only as background; not an exact-result assessment.,NOT INDEPENDENTLY DOCUMENTED,
AUDIT-0197,PONV incidence,Within 72 h after surgery,V34_B2_047,Available-case/completer analysis after protocol breaches,40.0,43.0,,UNLINKED — no exact existing assessment established,UNLINKED,,,,,,,,Study-level record retained only as background; not an exact-result assessment.,NOT INDEPENDENTLY DOCUMENTED,
AUDIT-0198,Postoperative pulmonary complications,Within 72 h after surgery,V34_B2_048,Available-case/completer analysis after protocol breaches,40.0,43.0,,UNLINKED — no exact existing assessment established,UNLINKED,,,,,,,,Study-level record retained only as background; not an exact-result assessment.,NOT INDEPENDENTLY DOCUMENTED,
AUDIT-0199,Vomiting incidence,0–2 h after craniotomy,V34_B3_001,Available-case/completer analysis (115 analyzed),57.0,58.0,,UNLINKED — no exact existing assessment established,UNLINKED,,,,,,,,Study-level record retained only as background; not an exact-result assessment.,NOT INDEPENDENTLY DOCUMENTED,
AUDIT-0200,Nausea severity score,0–2 h after craniotomy,V34_B3_002,Available-case/completer analysis (115 analyzed),57.0,58.0,,UNLINKED — no exact existing assessment established,UNLINKED,,,,,,,,Study-level record retained only as background; not an exact-result assessment.,NOT INDEPENDENTLY DOCUMENTED,
AUDIT-0201,Nausea severity score,2–6 h after craniotomy,V34_B3_003,Available-case/completer analysis (115 analyzed),57.0,58.0,,UNLINKED — no exact existing assessment established,UNLINKED,,,,,,,,Study-level record retained only as background; not an exact-result assessment.,NOT INDEPENDENTLY DOCUMENTED,
AUDIT-0202,Nausea severity score,6–24 h after craniotomy,V34_B3_004,Available-case/completer analysis (115 analyzed),57.0,58.0,,UNLINKED — no exact existing assessment established,UNLINKED,,,,,,,,Study-level record retained only as background; not an exact-result assessment.,NOT INDEPENDENTLY DOCUMENTED,
AUDIT-0203,Use of metoclopramide 10 mg IM,0–2 h after craniotomy,V34_B3_005,Available-case/completer analysis (115 analyzed),57.0,58.0,,UNLINKED — no exact existing assessment established,UNLINKED,,,,,,,,Study-level record retained only as background; not an exact-result assessment.,NOT INDEPENDENTLY DOCUMENTED,
AUDIT-0204,Use of metoclopramide 10 mg IM,2–6 h after craniotomy,V34_B3_006,Available-case/completer analysis (115 analyzed),57.0,58.0,,UNLINKED — no exact existing assessment established,UNLINKED,,,,,,,,Study-level record retained only as background; not an exact-result assessment.,NOT INDEPENDENTLY DOCUMENTED,
AUDIT-0205,Use of metoclopramide 10 mg IM,6–24 h after craniotomy,V34_B3_007,Available-case/completer analysis (115 analyzed),57.0,58.0,,UNLINKED — no exact existing assessment established,UNLINKED,,,,,,,,Study-level record retained only as background; not an exact-result assessment.,NOT INDEPENDENTLY DOCUMENTED,
AUDIT-0206,VAS pain intensity,0–2 h after craniotomy,V34_B3_008,Available-case/completer analysis (115 analyzed),57.0,58.0,,UNLINKED — no exact existing assessment established,UNLINKED,,,,,,,,Study-level record retained only as background; not an exact-result assessment.,NOT INDEPENDENTLY DOCUMENTED,
AUDIT-0207,VAS pain intensity,2–6 h after craniotomy,V34_B3_009,Available-case/completer analysis (115 analyzed),57.0,58.0,,UNLINKED — no exact existing assessment established,UNLINKED,,,,,,,,Study-level record retained only as background; not an exact-result assessment.,NOT INDEPENDENTLY DOCUMENTED,
AUDIT-0208,TEAS-related adverse events,0–24 h testing period,V34_B3_010,Available-case/completer analysis (115 analyzed),57.0,58.0,,UNLINKED — no exact existing assessment established,UNLINKED,,,,,,,,Study-level record retained only as background; not an exact-result assessment.,NOT INDEPENDENTLY DOCUMENTED,
AUDIT-0209,Resting VAS,1 h,V34_B3_011,Available-case/completer analysis,91.0,90.0,,UNLINKED — no exact existing assessment established,UNLINKED,,,,,,,,Study-level record retained only as background; not an exact-result assessment.,NOT INDEPENDENTLY DOCUMENTED,
AUDIT-0210,Resting VAS,6 h,V34_B3_012,Available-case/completer analysis,91.0,90.0,,UNLINKED — no exact existing assessment established,UNLINKED,,,,,,,,Study-level record retained only as background; not an exact-result assessment.,NOT INDEPENDENTLY DOCUMENTED,
AUDIT-0211,Resting VAS,24 h,V34_B3_013,Available-case/completer analysis,91.0,90.0,,UNLINKED — no exact existing assessment established,UNLINKED,,,,,,,,Study-level record retained only as background; not an exact-result assessment.,NOT INDEPENDENTLY DOCUMENTED,
AUDIT-0212,Resting VAS,48 h,V34_B3_014,Available-case/completer analysis,91.0,90.0,,UNLINKED — no exact existing assessment established,UNLINKED,,,,,,,,Study-level record retained only as background; not an exact-result assessment.,NOT INDEPENDENTLY DOCUMENTED,
AUDIT-0213,Activity-evoked VAS during coughing,1 h,V34_B3_015,Available-case/completer analysis,91.0,90.0,,UNLINKED — no exact existing assessment established,UNLINKED,,,,,,,,Study-level record retained only as background; not an exact-result assessment.,NOT INDEPENDENTLY DOCUMENTED,
AUDIT-0214,Activity-evoked VAS during coughing,6 h,V34_B3_016,Available-case/completer analysis,91.0,90.0,,UNLINKED — no exact existing assessment established,UNLINKED,,,,,,,,Study-level record retained only as background; not an exact-result assessment.,NOT INDEPENDENTLY DOCUMENTED,
AUDIT-0215,Activity-evoked VAS during coughing,48 h,V34_B3_017,Available-case/completer analysis,91.0,90.0,,UNLINKED — no exact existing assessment established,UNLINKED,,,,,,,,Study-level record retained only as background; not an exact-result assessment.,NOT INDEPENDENTLY DOCUMENTED,
AUDIT-0216,Resting VAS,1 h,V34_B3_018,Available-case/completer analysis,91.0,90.0,,UNLINKED — no exact existing assessment established,UNLINKED,,,,,,,,Study-level record retained only as background; not an exact-result assessment.,NOT INDEPENDENTLY DOCUMENTED,
AUDIT-0217,Resting VAS,6 h,V34_B3_019,Available-case/completer analysis,91.0,90.0,,UNLINKED — no exact existing assessment established,UNLINKED,,,,,,,,Study-level record retained only as background; not an exact-result assessment.,NOT INDEPENDENTLY DOCUMENTED,
AUDIT-0218,Resting VAS,24 h,V34_B3_020,Available-case/completer analysis,91.0,90.0,,UNLINKED — no exact existing assessment established,UNLINKED,,,,,,,,Study-level record retained only as background; not an exact-result assessment.,NOT INDEPENDENTLY DOCUMENTED,
AUDIT-0219,Resting VAS,48 h,V34_B3_021,Available-case/completer analysis,91.0,90.0,,UNLINKED — no exact existing assessment established,UNLINKED,,,,,,,,Study-level record retained only as background; not an exact-result assessment.,NOT INDEPENDENTLY DOCUMENTED,
AUDIT-0220,Activity-evoked VAS during coughing,1 h,V34_B3_022,Available-case/completer analysis,91.0,90.0,,UNLINKED — no exact existing assessment established,UNLINKED,,,,,,,,Study-level record retained only as background; not an exact-result assessment.,NOT INDEPENDENTLY DOCUMENTED,
AUDIT-0221,Activity-evoked VAS during coughing,6 h,V34_B3_023,Available-case/completer analysis,91.0,90.0,,UNLINKED — no exact existing assessment established,UNLINKED,,,,,,,,Study-level record retained only as background; not an exact-result assessment.,NOT INDEPENDENTLY DOCUMENTED,
AUDIT-0222,Activity-evoked VAS during coughing,48 h,V34_B3_024,Available-case/completer analysis,91.0,90.0,,UNLINKED — no exact existing assessment established,UNLINKED,,,,,,,,Study-level record retained only as background; not an exact-result assessment.,NOT INDEPENDENTLY DOCUMENTED,
AUDIT-0223,Resting VAS,1 h,V34_B3_025,Available-case/completer analysis,89.0,90.0,,UNLINKED — no exact existing assessment established,UNLINKED,,,,,,,,Study-level record retained only as background; not an exact-result assessment.,NOT INDEPENDENTLY DOCUMENTED,
AUDIT-0224,Resting VAS,6 h,V34_B3_026,Available-case/completer analysis,89.0,90.0,,UNLINKED — no exact existing assessment established,UNLINKED,,,,,,,,Study-level record retained only as background; not an exact-result assessment.,NOT INDEPENDENTLY DOCUMENTED,
AUDIT-0225,Resting VAS,24 h,V34_B3_027,Available-case/completer analysis,89.0,90.0,,UNLINKED — no exact existing assessment established,UNLINKED,,,,,,,,Study-level record retained only as background; not an exact-result assessment.,NOT INDEPENDENTLY DOCUMENTED,
AUDIT-0226,Resting VAS,48 h,V34_B3_028,Available-case/completer analysis,89.0,90.0,,UNLINKED — no exact existing assessment established,UNLINKED,,,,,,,,Study-level record retained only as background; not an exact-result assessment.,NOT INDEPENDENTLY DOCUMENTED,
AUDIT-0227,Activity-evoked VAS during coughing,1 h,V34_B3_029,Available-case/completer analysis,89.0,90.0,,UNLINKED — no exact existing assessment established,UNLINKED,,,,,,,,Study-level record retained only as background; not an exact-result assessment.,NOT INDEPENDENTLY DOCUMENTED,
AUDIT-0228,Activity-evoked VAS during coughing,6 h,V34_B3_030,Available-case/completer analysis,89.0,90.0,,UNLINKED — no exact existing assessment established,UNLINKED,,,,,,,,Study-level record retained only as background; not an exact-result assessment.,NOT INDEPENDENTLY DOCUMENTED,
AUDIT-0229,Activity-evoked VAS during coughing,48 h,V34_B3_031,Available-case/completer analysis,89.0,90.0,,UNLINKED — no exact existing assessment established,UNLINKED,,,,,,,,Study-level record retained only as background; not an exact-result assessment.,NOT INDEPENDENTLY DOCUMENTED,
AUDIT-0230,Nausea,Within 48 h after surgery,V34_B3_032,Available-case/completer analysis,91.0,90.0,,UNLINKED — no exact existing assessment established,UNLINKED,,,,,,,,Study-level record retained only as background; not an exact-result assessment.,NOT INDEPENDENTLY DOCUMENTED,
AUDIT-0231,Nausea,Within 48 h after surgery,V34_B3_033,Available-case/completer analysis,91.0,90.0,,UNLINKED — no exact existing assessment established,UNLINKED,,,,,,,,Study-level record retained only as background; not an exact-result assessment.,NOT INDEPENDENTLY DOCUMENTED,
AUDIT-0232,Nausea,Within 48 h after surgery,V34_B3_034,Available-case/completer analysis,89.0,90.0,,UNLINKED — no exact existing assessment established,UNLINKED,,,,,,,,Study-level record retained only as background; not an exact-result assessment.,NOT INDEPENDENTLY DOCUMENTED,
AUDIT-0233,Vomiting,Within 48 h after surgery,V34_B3_035,Available-case/completer analysis,91.0,90.0,,UNLINKED — no exact existing assessment established,UNLINKED,,,,,,,,Study-level record retained only as background; not an exact-result assessment.,NOT INDEPENDENTLY DOCUMENTED,
AUDIT-0234,Vomiting,Within 48 h after surgery,V34_B3_036,Available-case/completer analysis,91.0,90.0,,UNLINKED — no exact existing assessment established,UNLINKED,,,,,,,,Study-level record retained only as background; not an exact-result assessment.,NOT INDEPENDENTLY DOCUMENTED,
AUDIT-0235,Vomiting,Within 48 h after surgery,V34_B3_037,Available-case/completer analysis,89.0,90.0,,UNLINKED — no exact existing assessment established,UNLINKED,,,,,,,,Study-level record retained only as background; not an exact-result assessment.,NOT INDEPENDENTLY DOCUMENTED,
AUDIT-0236,Additional antiemetic requirement,Within 48 h after surgery,V34_B3_038,Available-case/completer analysis,91.0,90.0,,UNLINKED — no exact existing assessment established,UNLINKED,,,,,,,,Study-level record retained only as background; not an exact-result assessment.,NOT INDEPENDENTLY DOCUMENTED,
AUDIT-0237,Additional antiemetic requirement,Within 48 h after surgery,V34_B3_039,Available-case/completer analysis,91.0,90.0,,UNLINKED — no exact existing assessment established,UNLINKED,,,,,,,,Study-level record retained only as background; not an exact-result assessment.,NOT INDEPENDENTLY DOCUMENTED,
AUDIT-0238,Additional antiemetic requirement,Within 48 h after surgery,V34_B3_040,Available-case/completer analysis,89.0,90.0,,UNLINKED — no exact existing assessment established,UNLINKED,,,,,,,,Study-level record retained only as background; not an exact-result assessment.,NOT INDEPENDENTLY DOCUMENTED,
AUDIT-0239,Patient satisfaction — extremely satisfied,Postoperative assessment; exact clock time not separately stated,V34_B3_041,Available-case/completer analysis,91.0,90.0,,UNLINKED — no exact existing assessment established,UNLINKED,,,,,,,,Study-level record retained only as background; not an exact-result assessment.,NOT INDEPENDENTLY DOCUMENTED,
AUDIT-0240,Patient satisfaction — extremely satisfied,Postoperative assessment; exact clock time not separately stated,V34_B3_042,Available-case/completer analysis,91.0,90.0,,UNLINKED — no exact existing assessment established,UNLINKED,,,,,,,,Study-level record retained only as background; not an exact-result assessment.,NOT INDEPENDENTLY DOCUMENTED,
AUDIT-0241,Patient satisfaction — extremely satisfied,Postoperative assessment; exact clock time not separately stated,V34_B3_043,Available-case/completer analysis,89.0,90.0,,UNLINKED — no exact existing assessment established,UNLINKED,,,,,,,,Study-level record retained only as background; not an exact-result assessment.,NOT INDEPENDENTLY DOCUMENTED,
AUDIT-0242,Author-defined intraoperative morphine-equivalent exposure,Intraoperative,V34_B3_044,Available-case/completer analysis,91.0,90.0,,UNLINKED — no exact existing assessment established,UNLINKED,,,,,,,,Study-level record retained only as background; not an exact-result assessment.,NOT INDEPENDENTLY DOCUMENTED,
AUDIT-0243,Author-defined intraoperative morphine-equivalent exposure,Intraoperative,V34_B3_045,Available-case/completer analysis,91.0,90.0,,UNLINKED — no exact existing assessment established,UNLINKED,,,,,,,,Study-level record retained only as background; not an exact-result assessment.,NOT INDEPENDENTLY DOCUMENTED,
AUDIT-0244,Author-defined intraoperative morphine-equivalent exposure,Intraoperative,V34_B3_046,Available-case/completer analysis,89.0,90.0,,UNLINKED — no exact existing assessment established,UNLINKED,,,,,,,,Study-level record retained only as background; not an exact-result assessment.,NOT INDEPENDENTLY DOCUMENTED,
AUDIT-0245,Extubation time,Postoperative,V34_B3_047,Available-case/completer analysis,91.0,90.0,,UNLINKED — no exact existing assessment established,UNLINKED,,,,,,,,Study-level record retained only as background; not an exact-result assessment.,NOT INDEPENDENTLY DOCUMENTED,
AUDIT-0246,Extubation time,Postoperative,V34_B3_048,Available-case/completer analysis,91.0,90.0,,UNLINKED — no exact existing assessment established,UNLINKED,,,,,,,,Study-level record retained only as background; not an exact-result assessment.,NOT INDEPENDENTLY DOCUMENTED,
AUDIT-0247,Extubation time,Postoperative,V34_B3_049,Available-case/completer analysis,89.0,90.0,,UNLINKED — no exact existing assessment established,UNLINKED,,,,,,,,Study-level record retained only as background; not an exact-result assessment.,NOT INDEPENDENTLY DOCUMENTED,
AUDIT-0248,Length of stay in PACU,Postoperative,V34_B3_050,Available-case/completer analysis,91.0,90.0,,UNLINKED — no exact existing assessment established,UNLINKED,,,,,,,,Study-level record retained only as background; not an exact-result assessment.,NOT INDEPENDENTLY DOCUMENTED,
AUDIT-0249,Length of stay in PACU,Postoperative,V34_B3_051,Available-case/completer analysis,91.0,90.0,,UNLINKED — no exact existing assessment established,UNLINKED,,,,,,,,Study-level record retained only as background; not an exact-result assessment.,NOT INDEPENDENTLY DOCUMENTED,
AUDIT-0250,Length of stay in PACU,Postoperative,V34_B3_052,Available-case/completer analysis,89.0,90.0,,UNLINKED — no exact existing assessment established,UNLINKED,,,,,,,,Study-level record retained only as background; not an exact-result assessment.,NOT INDEPENDENTLY DOCUMENTED,
AUDIT-0251,Time to first postoperative flatus,Postoperative,V34_B3_053,Available-case/completer analysis,91.0,90.0,,UNLINKED — no exact existing assessment established,UNLINKED,,,,,,,,Study-level record retained only as background; not an exact-result assessment.,NOT INDEPENDENTLY DOCUMENTED,;flatus_TEAS_sham;flatus_TEAS_sham_SMD_sensitivity;flatus_TEAS_sham_without_Zheng2025
AUDIT-0252,Time to first postoperative flatus,Postoperative,V34_B3_054,Available-case/completer analysis,91.0,90.0,,UNLINKED — no exact existing assessment established,UNLINKED,,,,,,,,Study-level record retained only as background; not an exact-result assessment.,NOT INDEPENDENTLY DOCUMENTED,;flatus_TEAS_sham;flatus_TEAS_sham_SMD_sensitivity;flatus_TEAS_sham_without_Zheng2025
AUDIT-0253,Time to first postoperative flatus,Postoperative,V34_B3_055,Available-case/completer analysis,89.0,90.0,,UNLINKED — no exact existing assessment established,UNLINKED,,,,,,,,Study-level record retained only as background; not an exact-result assessment.,NOT INDEPENDENTLY DOCUMENTED,;flatus_TEAS_sham;flatus_TEAS_sham_SMD_sensitivity;flatus_TEAS_sham_without_Zheng2025
AUDIT-0254,Time to first postoperative defecation,Postoperative,V34_B3_056,Available-case/completer analysis,91.0,90.0,,UNLINKED — no exact existing assessment established,UNLINKED,,,,,,,,Study-level record retained only as background; not an exact-result assessment.,NOT INDEPENDENTLY DOCUMENTED,;defecation_TEAS_sham
AUDIT-0255,Time to first postoperative defecation,Postoperative,V34_B3_057,Available-case/completer analysis,91.0,90.0,,UNLINKED — no exact existing assessment established,UNLINKED,,,,,,,,Study-level record retained only as background; not an exact-result assessment.,NOT INDEPENDENTLY DOCUMENTED,;defecation_TEAS_sham
AUDIT-0256,Time to first postoperative defecation,Postoperative,V34_B3_058,Available-case/completer analysis,89.0,90.0,,UNLINKED — no exact existing assessment established,UNLINKED,,,,,,,,Study-level record retained only as background; not an exact-result assessment.,NOT INDEPENDENTLY DOCUMENTED,;defecation_TEAS_sham
AUDIT-0257,TEAS-related side effects,0–48 h postoperative,V34_B3_059,Available-case/completer analysis,91.0,90.0,,UNLINKED — no exact existing assessment established,UNLINKED,,,,,,,,Study-level record retained only as background; not an exact-result assessment.,NOT INDEPENDENTLY DOCUMENTED,
AUDIT-0258,TEAS-related side effects,0–48 h postoperative,V34_B3_060,Available-case/completer analysis,91.0,90.0,,UNLINKED — no exact existing assessment established,UNLINKED,,,,,,,,Study-level record retained only as background; not an exact-result assessment.,NOT INDEPENDENTLY DOCUMENTED,
AUDIT-0259,TEAS-related side effects,0–48 h postoperative,V34_B3_061,Available-case/completer analysis,89.0,90.0,,UNLINKED — no exact existing assessment established,UNLINKED,,,,,,,,Study-level record retained only as background; not an exact-result assessment.,NOT INDEPENDENTLY DOCUMENTED,
AUDIT-0260,Mean resting VAS over first 24 h,0–24 h mean across 6-hourly assessments,V34_B3_062,All randomized/analyzed,30.0,30.0,,UNLINKED — no exact existing assessment established,UNLINKED,,,,,,,,Study-level record retained only as background; not an exact-result assessment.,NOT INDEPENDENTLY DOCUMENTED,
AUDIT-0261,Mean resting VAS over first 24 h,0–24 h mean across 6-hourly assessments,V34_B3_063,All randomized/analyzed,30.0,30.0,,UNLINKED — no exact existing assessment established,UNLINKED,,,,,,,,Study-level record retained only as background; not an exact-result assessment.,NOT INDEPENDENTLY DOCUMENTED,
AUDIT-0262,Resting VAS,6 h,V34_B3_064,All randomized/analyzed,30.0,30.0,,UNLINKED — no exact existing assessment established,UNLINKED,,,,,,,,Study-level record retained only as background; not an exact-result assessment.,NOT INDEPENDENTLY DOCUMENTED,
AUDIT-0263,Resting VAS,12 h,V34_B3_065,All randomized/analyzed,30.0,30.0,,UNLINKED — no exact existing assessment established,UNLINKED,,,,,,,,Study-level record retained only as background; not an exact-result assessment.,NOT INDEPENDENTLY DOCUMENTED,
AUDIT-0264,Resting VAS,18 h,V34_B3_066,All randomized/analyzed,30.0,30.0,,UNLINKED — no exact existing assessment established,UNLINKED,,,,,,,,Study-level record retained only as background; not an exact-result assessment.,NOT INDEPENDENTLY DOCUMENTED,
AUDIT-0265,Resting VAS,24 h,V34_B3_067,All randomized/analyzed,30.0,30.0,,UNLINKED — no exact existing assessment established,UNLINKED,,,,,,,,Study-level record retained only as background; not an exact-result assessment.,NOT INDEPENDENTLY DOCUMENTED,
AUDIT-0266,Resting VAS,6 h,V34_B3_068,All randomized/analyzed,30.0,30.0,,UNLINKED — no exact existing assessment established,UNLINKED,,,,,,,,Study-level record retained only as background; not an exact-result assessment.,NOT INDEPENDENTLY DOCUMENTED,
AUDIT-0267,Resting VAS,12 h,V34_B3_069,All randomized/analyzed,30.0,30.0,,UNLINKED — no exact existing assessment established,UNLINKED,,,,,,,,Study-level record retained only as background; not an exact-result assessment.,NOT INDEPENDENTLY DOCUMENTED,
AUDIT-0268,Resting VAS,18 h,V34_B3_070,All randomized/analyzed,30.0,30.0,,UNLINKED — no exact existing assessment established,UNLINKED,,,,,,,,Study-level record retained only as background; not an exact-result assessment.,NOT INDEPENDENTLY DOCUMENTED,
AUDIT-0269,Resting VAS,24 h,V34_B3_071,All randomized/analyzed,30.0,30.0,,UNLINKED — no exact existing assessment established,UNLINKED,,,,,,,,Study-level record retained only as background; not an exact-result assessment.,NOT INDEPENDENTLY DOCUMENTED,
AUDIT-0270,PONV,0–24 h,V34_B3_072,All randomized/analyzed,30.0,30.0,,UNLINKED — no exact existing assessment established,UNLINKED,,,,,,,,Study-level record retained only as background; not an exact-result assessment.,NOT INDEPENDENTLY DOCUMENTED,
AUDIT-0271,PONV,0–24 h,V34_B3_073,All randomized/analyzed,30.0,30.0,,UNLINKED — no exact existing assessment established,UNLINKED,,,,,,,,Study-level record retained only as background; not an exact-result assessment.,NOT INDEPENDENTLY DOCUMENTED,
AUDIT-0272,Drowsiness,0–24 h,V34_B3_074,All randomized/analyzed,30.0,30.0,,UNLINKED — no exact existing assessment established,UNLINKED,,,,,,,,Study-level record retained only as background; not an exact-result assessment.,NOT INDEPENDENTLY DOCUMENTED,
AUDIT-0273,Drowsiness,0–24 h,V34_B3_075,All randomized/analyzed,30.0,30.0,,UNLINKED — no exact existing assessment established,UNLINKED,,,,,,,,Study-level record retained only as background; not an exact-result assessment.,NOT INDEPENDENTLY DOCUMENTED,
AUDIT-0274,Pruritus,0–24 h,V34_B3_076,All randomized/analyzed,30.0,30.0,,UNLINKED — no exact existing assessment established,UNLINKED,,,,,,,,Study-level record retained only as background; not an exact-result assessment.,NOT INDEPENDENTLY DOCUMENTED,
AUDIT-0275,Pruritus,0–24 h,V34_B3_077,All randomized/analyzed,30.0,30.0,,UNLINKED — no exact existing assessment established,UNLINKED,,,,,,,,Study-level record retained only as background; not an exact-result assessment.,NOT INDEPENDENTLY DOCUMENTED,
AUDIT-0276,Postoperative IV PCA morphine in interval,0–6 h,V34_B3_078,All randomized/analyzed,30.0,30.0,,UNLINKED — no exact existing assessment established,UNLINKED,,,,,,,,Study-level record retained only as background; not an exact-result assessment.,NOT INDEPENDENTLY DOCUMENTED,
AUDIT-0277,Postoperative IV PCA morphine in interval,12–18 h,V34_B3_079,All randomized/analyzed,30.0,30.0,,UNLINKED — no exact existing assessment established,UNLINKED,,,,,,,,Study-level record retained only as background; not an exact-result assessment.,NOT INDEPENDENTLY DOCUMENTED,
AUDIT-0278,Postoperative IV PCA morphine in interval,18–24 h,V34_B3_080,All randomized/analyzed,30.0,30.0,,UNLINKED — no exact existing assessment established,UNLINKED,,,,,,,,Study-level record retained only as background; not an exact-result assessment.,NOT INDEPENDENTLY DOCUMENTED,
AUDIT-0279,Postoperative IV PCA morphine in interval,0–6 h,V34_B3_081,All randomized/analyzed,30.0,30.0,,UNLINKED — no exact existing assessment established,UNLINKED,,,,,,,,Study-level record retained only as background; not an exact-result assessment.,NOT INDEPENDENTLY DOCUMENTED,
AUDIT-0280,Postoperative IV PCA morphine in interval,12–18 h,V34_B3_082,All randomized/analyzed,30.0,30.0,,UNLINKED — no exact existing assessment established,UNLINKED,,,,,,,,Study-level record retained only as background; not an exact-result assessment.,NOT INDEPENDENTLY DOCUMENTED,
AUDIT-0281,Postoperative IV PCA morphine in interval,18–24 h,V34_B3_083,All randomized/analyzed,30.0,30.0,,UNLINKED — no exact existing assessment established,UNLINKED,,,,,,,,Study-level record retained only as background; not an exact-result assessment.,NOT INDEPENDENTLY DOCUMENTED,
AUDIT-0282,Time to first verbal response,Immediate postoperative recovery,V34_B3_084,Intention-to-treat,198.0,188.0,,UNLINKED — no exact existing assessment established,UNLINKED,,,,,,,,Study-level record retained only as background; not an exact-result assessment.,NOT INDEPENDENTLY DOCUMENTED,
AUDIT-0283,Time to first verbal response,Immediate postoperative recovery,V34_B3_085,Intention-to-treat,190.0,188.0,,UNLINKED — no exact existing assessment established,UNLINKED,,,,,,,,Study-level record retained only as background; not an exact-result assessment.,NOT INDEPENDENTLY DOCUMENTED,
AUDIT-0284,Time to extubation,Immediate postoperative recovery,V34_B3_086,Intention-to-treat,198.0,188.0,,UNLINKED — no exact existing assessment established,UNLINKED,,,,,,,,Study-level record retained only as background; not an exact-result assessment.,NOT INDEPENDENTLY DOCUMENTED,
AUDIT-0285,Time to extubation,Immediate postoperative recovery,V34_B3_087,Intention-to-treat,190.0,188.0,,UNLINKED — no exact existing assessment established,UNLINKED,,,,,,,,Study-level record retained only as background; not an exact-result assessment.,NOT INDEPENDENTLY DOCUMENTED,
AUDIT-0286,NRS at rest,24 h after surgery,V34_B3_088,Intention-to-treat,198.0,188.0,,UNLINKED — no exact existing assessment established,UNLINKED,,,,,,,,Study-level record retained only as background; not an exact-result assessment.,NOT INDEPENDENTLY DOCUMENTED,
AUDIT-0287,NRS at rest,24 h after surgery,V34_B3_089,Intention-to-treat,190.0,188.0,,UNLINKED — no exact existing assessment established,UNLINKED,,,,,,,,Study-level record retained only as background; not an exact-result assessment.,NOT INDEPENDENTLY DOCUMENTED,
AUDIT-0288,NRS at cough,24 h after surgery,V34_B3_090,Intention-to-treat,198.0,188.0,,UNLINKED — no exact existing assessment established,UNLINKED,,,,,,,,Study-level record retained only as background; not an exact-result assessment.,NOT INDEPENDENTLY DOCUMENTED,
AUDIT-0289,NRS at cough,24 h after surgery,V34_B3_091,Intention-to-treat,190.0,188.0,,UNLINKED — no exact existing assessment established,UNLINKED,,,,,,,,Study-level record retained only as background; not an exact-result assessment.,NOT INDEPENDENTLY DOCUMENTED,
AUDIT-0290,Demand for rescue parecoxib,0–24 h,V34_B3_092,Intention-to-treat,198.0,188.0,,UNLINKED — no exact existing assessment established,UNLINKED,,,,,,,,Study-level record retained only as background; not an exact-result assessment.,NOT INDEPENDENTLY DOCUMENTED,
AUDIT-0291,Demand for rescue parecoxib,0–24 h,V34_B3_093,Intention-to-treat,190.0,188.0,,UNLINKED — no exact existing assessment established,UNLINKED,,,,,,,,Study-level record retained only as background; not an exact-result assessment.,NOT INDEPENDENTLY DOCUMENTED,
AUDIT-0292,Nausea incidence,0–24 h,V34_B3_094,Intention-to-treat,198.0,188.0,,UNLINKED — no exact existing assessment established,UNLINKED,,,,,,,,Study-level record retained only as background; not an exact-result assessment.,NOT INDEPENDENTLY DOCUMENTED,;nausea24_TEAS_sham
AUDIT-0293,Nausea incidence,0–24 h,V34_B3_095,Intention-to-treat,190.0,188.0,,UNLINKED — no exact existing assessment established,UNLINKED,,,,,,,,Study-level record retained only as background; not an exact-result assessment.,NOT INDEPENDENTLY DOCUMENTED,;nausea24_TEAS_sham
AUDIT-0294,Vomiting incidence,0–24 h,V34_B3_096,Intention-to-treat,198.0,188.0,,UNLINKED — no exact existing assessment established,UNLINKED,,,,,,,,Study-level record retained only as background; not an exact-result assessment.,NOT INDEPENDENTLY DOCUMENTED,;vomiting24_TEAS_sham
AUDIT-0295,Vomiting incidence,0–24 h,V34_B3_097,Intention-to-treat,190.0,188.0,,UNLINKED — no exact existing assessment established,UNLINKED,,,,,,,,Study-level record retained only as background; not an exact-result assessment.,NOT INDEPENDENTLY DOCUMENTED,;vomiting24_TEAS_sham
AUDIT-0296,PONV severity score,0–24 h,V34_B3_098,Intention-to-treat,198.0,188.0,,UNLINKED — no exact existing assessment established,UNLINKED,,,,,,,,Study-level record retained only as background; not an exact-result assessment.,NOT INDEPENDENTLY DOCUMENTED,
AUDIT-0297,PONV severity score,0–24 h,V34_B3_099,Intention-to-treat,190.0,188.0,,UNLINKED — no exact existing assessment established,UNLINKED,,,,,,,,Study-level record retained only as background; not an exact-result assessment.,NOT INDEPENDENTLY DOCUMENTED,
AUDIT-0298,Analgesia satisfaction score,By 24 h after surgery,V34_B3_100,Intention-to-treat,198.0,188.0,,UNLINKED — no exact existing assessment established,UNLINKED,,,,,,,,Study-level record retained only as background; not an exact-result assessment.,NOT INDEPENDENTLY DOCUMENTED,
AUDIT-0299,Analgesia satisfaction score,By 24 h after surgery,V34_B3_101,Intention-to-treat,190.0,188.0,,UNLINKED — no exact existing assessment established,UNLINKED,,,,,,,,Study-level record retained only as background; not an exact-result assessment.,NOT INDEPENDENTLY DOCUMENTED,
AUDIT-0300,Post-mastectomy chronic pain incidence,3 months,V34_B3_102,Intention-to-treat,198.0,188.0,,UNLINKED — no exact existing assessment established,UNLINKED,,,,,,,,Study-level record retained only as background; not an exact-result assessment.,NOT INDEPENDENTLY DOCUMENTED,
AUDIT-0301,Post-mastectomy chronic pain incidence,3 months,V34_B3_103,Intention-to-treat,190.0,188.0,,UNLINKED — no exact existing assessment established,UNLINKED,,,,,,,,Study-level record retained only as background; not an exact-result assessment.,NOT INDEPENDENTLY DOCUMENTED,
AUDIT-0302,NRS among participants reporting chronic pain,3 months,V34_B3_104,Subset with chronic pain,70.0,75.0,,UNLINKED — no exact existing assessment established,UNLINKED,,,,,,,,Study-level record retained only as background; not an exact-result assessment.,NOT INDEPENDENTLY DOCUMENTED,
AUDIT-0303,NRS among participants reporting chronic pain,3 months,V34_B3_105,Subset with chronic pain,58.0,75.0,,UNLINKED — no exact existing assessment established,UNLINKED,,,,,,,,Study-level record retained only as background; not an exact-result assessment.,NOT INDEPENDENTLY DOCUMENTED,
AUDIT-0304,NRS among participants reporting chronic pain,6 months,V34_B3_106,Subset with chronic pain,72.0,65.0,,UNLINKED — no exact existing assessment established,UNLINKED,,,,,,,,Study-level record retained only as background; not an exact-result assessment.,NOT INDEPENDENTLY DOCUMENTED,
AUDIT-0305,NRS among participants reporting chronic pain,6 months,V34_B3_107,Subset with chronic pain,42.0,65.0,,UNLINKED — no exact existing assessment established,UNLINKED,,,,,,,,Study-level record retained only as background; not an exact-result assessment.,NOT INDEPENDENTLY DOCUMENTED,
AUDIT-0306,VAS pain intensity,48 h,V34_B3_108,Available-case analysis; source denominator inconsistencies noted,27.0,26.0,,UNLINKED — no exact existing assessment established,UNLINKED,,,,,,,,Study-level record retained only as background; not an exact-result assessment.,NOT INDEPENDENTLY DOCUMENTED,
AUDIT-0307,Hospital stay,Postoperative hospitalization,V34_B3_109,Available-case analysis; source denominator inconsistencies noted,27.0,26.0,,UNLINKED — no exact existing assessment established,UNLINKED,,,,,,,,Study-level record retained only as background; not an exact-result assessment.,NOT INDEPENDENTLY DOCUMENTED,
AUDIT-0308,Extubation time,Immediate postoperative recovery,V34_B3_110,Available-case analysis; source denominator inconsistencies noted,27.0,26.0,,UNLINKED — no exact existing assessment established,UNLINKED,,,,,,,,Study-level record retained only as background; not an exact-result assessment.,NOT INDEPENDENTLY DOCUMENTED,
AUDIT-0309,Recovery-room stay >30 min,Immediate postoperative recovery,V34_B3_111,Available-case analysis; source denominator inconsistencies noted,27.0,26.0,,UNLINKED — no exact existing assessment established,UNLINKED,,,,,,,,Study-level record retained only as background; not an exact-result assessment.,NOT INDEPENDENTLY DOCUMENTED,
AUDIT-0310,Perioperative neurocognitive disorder (PND),POD7,V34_B3_112,Available-case analysis; source denominator inconsistencies noted,,,,UNLINKED — no exact existing assessment established,UNLINKED,,,,,,,,Study-level record retained only as background; not an exact-result assessment.,NOT INDEPENDENTLY DOCUMENTED,
AUDIT-0311,Stomach pain and distension,Postoperative,V34_B3_113,Available-case analysis; source denominator inconsistencies noted,27.0,26.0,,UNLINKED — no exact existing assessment established,UNLINKED,,,,,,,,Study-level record retained only as background; not an exact-result assessment.,NOT INDEPENDENTLY DOCUMENTED,
AUDIT-0312,Postoperative hypotension,Postoperative,V34_B3_114,Available-case analysis; source denominator inconsistencies noted,27.0,26.0,,UNLINKED — no exact existing assessment established,UNLINKED,,,,,,,,Study-level record retained only as background; not an exact-result assessment.,NOT INDEPENDENTLY DOCUMENTED,
AUDIT-0313,Postoperative hypertension,Postoperative,V34_B3_115,Available-case analysis; source denominator inconsistencies noted,27.0,26.0,,UNLINKED — no exact existing assessment established,UNLINKED,,,,,,,,Study-level record retained only as background; not an exact-result assessment.,NOT INDEPENDENTLY DOCUMENTED,
AUDIT-0314,Tachycardia/bradycardia,Postoperative,V34_B3_116,Available-case analysis; source denominator inconsistencies noted,27.0,26.0,,UNLINKED — no exact existing assessment established,UNLINKED,,,,,,,,Study-level record retained only as background; not an exact-result assessment.,NOT INDEPENDENTLY DOCUMENTED,
AUDIT-0315,Hypoxemia,Postoperative,V34_B3_117,Available-case analysis; source denominator inconsistencies noted,27.0,26.0,,UNLINKED — no exact existing assessment established,UNLINKED,,,,,,,,Study-level record retained only as background; not an exact-result assessment.,NOT INDEPENDENTLY DOCUMENTED,
AUDIT-0316,Headache and vertigo,Postoperative,V34_B3_118,Available-case analysis; source denominator inconsistencies noted,27.0,26.0,,UNLINKED — no exact existing assessment established,UNLINKED,,,,,,,,Study-level record retained only as background; not an exact-result assessment.,NOT INDEPENDENTLY DOCUMENTED,
AUDIT-0317,Delirious agitation,Postoperative,V34_B3_119,Available-case analysis; source denominator inconsistencies noted,27.0,26.0,,UNLINKED — no exact existing assessment established,UNLINKED,,,,,,,,Study-level record retained only as background; not an exact-result assessment.,NOT INDEPENDENTLY DOCUMENTED,
AUDIT-0318,Postoperative IV PCA morphine in interval,6–12 h,V34_B3_120,All randomized/analyzed,30.0,30.0,,UNLINKED — no exact existing assessment established,UNLINKED,,,,,,,,Study-level record retained only as background; not an exact-result assessment.,NOT INDEPENDENTLY DOCUMENTED,
AUDIT-0319,Alfentanil requirement rate,Intraoperative,V34_B3_121,All randomized/analyzed,30.0,30.0,,UNLINKED — no exact existing assessment established,UNLINKED,,,,,,,,Study-level record retained only as background; not an exact-result assessment.,NOT INDEPENDENTLY DOCUMENTED,
AUDIT-0320,PONV incidence,0–2 h,V34_B4_001,Available-case/completer analysis within SNVP risk stratum,33.0,35.0,,UNLINKED — no exact existing assessment established,UNLINKED,,,,,,,,Study-level record retained only as background; not an exact-result assessment.,NOT INDEPENDENTLY DOCUMENTED,
AUDIT-0321,PONV incidence,2–6 h,V34_B4_002,Available-case/completer analysis within SNVP risk stratum,33.0,35.0,,UNLINKED — no exact existing assessment established,UNLINKED,,,,,,,,Study-level record retained only as background; not an exact-result assessment.,NOT INDEPENDENTLY DOCUMENTED,
AUDIT-0322,PONV incidence,24–36 h,V34_B4_003,Available-case/completer analysis within SNVP risk stratum,33.0,35.0,,UNLINKED — no exact existing assessment established,UNLINKED,,,,,,,,Study-level record retained only as background; not an exact-result assessment.,NOT INDEPENDENTLY DOCUMENTED,
AUDIT-0323,Vomiting incidence,0–6 h combined,V34_B4_004,Available-case/completer analysis within SNVP risk stratum,33.0,35.0,,UNLINKED — no exact existing assessment established,UNLINKED,,,,,,,,Study-level record retained only as background; not an exact-result assessment.,NOT INDEPENDENTLY DOCUMENTED,
AUDIT-0324,PONV incidence,6–12 h,V34_B4_005,Complete analysis within MNVP risk stratum,35.0,35.0,,UNLINKED — no exact existing assessment established,UNLINKED,,,,,,,,Study-level record retained only as background; not an exact-result assessment.,NOT INDEPENDENTLY DOCUMENTED,
AUDIT-0325,PONV incidence,12–24 h,V34_B4_006,Complete analysis within MNVP risk stratum,35.0,35.0,,UNLINKED — no exact existing assessment established,UNLINKED,,,,,,,,Study-level record retained only as background; not an exact-result assessment.,NOT INDEPENDENTLY DOCUMENTED,
AUDIT-0326,PONV incidence,24–36 h,V34_B4_007,Complete analysis within MNVP risk stratum,35.0,35.0,,UNLINKED — no exact existing assessment established,UNLINKED,,,,,,,,Study-level record retained only as background; not an exact-result assessment.,NOT INDEPENDENTLY DOCUMENTED,
AUDIT-0327,Postoperative pain VAS,2 h,V34_B4_008,Available-case/completer analysis within SNVP risk stratum,33.0,35.0,,UNLINKED — no exact existing assessment established,UNLINKED,,,,,,,,Study-level record retained only as background; not an exact-result assessment.,NOT INDEPENDENTLY DOCUMENTED,
AUDIT-0328,Postoperative pain VAS,6 h,V34_B4_009,Available-case/completer analysis within SNVP risk stratum,33.0,35.0,,UNLINKED — no exact existing assessment established,UNLINKED,,,,,,,,Study-level record retained only as background; not an exact-result assessment.,NOT INDEPENDENTLY DOCUMENTED,
AUDIT-0329,Postoperative pain VAS,12 h,V34_B4_010,Available-case/completer analysis within SNVP risk stratum,33.0,35.0,,UNLINKED — no exact existing assessment established,UNLINKED,,,,,,,,Study-level record retained only as background; not an exact-result assessment.,NOT INDEPENDENTLY DOCUMENTED,
AUDIT-0330,Postoperative pain VAS,24 h,V34_B4_011,Available-case/completer analysis within SNVP risk stratum,33.0,35.0,,UNLINKED — no exact existing assessment established,UNLINKED,,,,,,,,Study-level record retained only as background; not an exact-result assessment.,NOT INDEPENDENTLY DOCUMENTED,
AUDIT-0331,Postoperative pain VAS,36 h,V34_B4_012,Available-case/completer analysis within SNVP risk stratum,33.0,35.0,,UNLINKED — no exact existing assessment established,UNLINKED,,,,,,,,Study-level record retained only as background; not an exact-result assessment.,NOT INDEPENDENTLY DOCUMENTED,
AUDIT-0332,Nausea incidence,0–2 h,V34_B4_013,Modified intention-to-treat / completer analysis reported in Table 1,42.0,43.0,,UNLINKED — no exact existing assessment established,UNLINKED,,,,,,,,Study-level record retained only as background; not an exact-result assessment.,NOT INDEPENDENTLY DOCUMENTED,
AUDIT-0333,Nausea incidence,2–4 h,V34_B4_014,Modified intention-to-treat / completer analysis reported in Table 1,42.0,43.0,,UNLINKED — no exact existing assessment established,UNLINKED,,,,,,,,Study-level record retained only as background; not an exact-result assessment.,NOT INDEPENDENTLY DOCUMENTED,
AUDIT-0334,Nausea incidence,4–6 h,V34_B4_015,Modified intention-to-treat / completer analysis reported in Table 1,42.0,43.0,,UNLINKED — no exact existing assessment established,UNLINKED,,,,,,,,Study-level record retained only as background; not an exact-result assessment.,NOT INDEPENDENTLY DOCUMENTED,
AUDIT-0335,Nausea incidence,6–24 h,V34_B4_016,Modified intention-to-treat / completer analysis reported in Table 1,42.0,43.0,,UNLINKED — no exact existing assessment established,UNLINKED,,,,,,,,Study-level record retained only as background; not an exact-result assessment.,NOT INDEPENDENTLY DOCUMENTED,
AUDIT-0336,Vomiting incidence,0–2 h,V34_B4_017,Modified intention-to-treat / completer analysis reported in Table 1,42.0,43.0,,UNLINKED — no exact existing assessment established,UNLINKED,,,,,,,,Study-level record retained only as background; not an exact-result assessment.,NOT INDEPENDENTLY DOCUMENTED,
AUDIT-0337,Vomiting incidence,2–4 h,V34_B4_018,Modified intention-to-treat / completer analysis reported in Table 1,42.0,43.0,,UNLINKED — no exact existing assessment established,UNLINKED,,,,,,,,Study-level record retained only as background; not an exact-result assessment.,NOT INDEPENDENTLY DOCUMENTED,
AUDIT-0338,Vomiting incidence,4–6 h,V34_B4_019,Modified intention-to-treat / completer analysis reported in Table 1,42.0,43.0,,UNLINKED — no exact existing assessment established,UNLINKED,,,,,,,,Study-level record retained only as background; not an exact-result assessment.,NOT INDEPENDENTLY DOCUMENTED,
AUDIT-0339,Vomiting incidence,6–24 h,V34_B4_020,Modified intention-to-treat / completer analysis reported in Table 1,42.0,43.0,,UNLINKED — no exact existing assessment established,UNLINKED,,,,,,,,Study-level record retained only as background; not an exact-result assessment.,NOT INDEPENDENTLY DOCUMENTED,
AUDIT-0340,Effective PCIA button presses,Postoperative; exact pump duration not stated,V34_B4_021,Modified intention-to-treat / completer analysis reported in Table 1,42.0,43.0,,UNLINKED — no exact existing assessment established,UNLINKED,,,,,,,,Study-level record retained only as background; not an exact-result assessment.,NOT INDEPENDENTLY DOCUMENTED,
AUDIT-0341,NRS pain score,6 h,V34_B4_022,Modified intention-to-treat / completer analysis reported in Table 1,42.0,43.0,,UNLINKED — no exact existing assessment established,UNLINKED,,,,,,,,Study-level record retained only as background; not an exact-result assessment.,NOT INDEPENDENTLY DOCUMENTED,
AUDIT-0342,NRS pain score,24 h,V34_B4_023,Modified intention-to-treat / completer analysis reported in Table 1,42.0,43.0,,UNLINKED — no exact existing assessment established,UNLINKED,,,,,,,,Study-level record retained only as background; not an exact-result assessment.,NOT INDEPENDENTLY DOCUMENTED,;pain24_unclassified_TEAS_sham
AUDIT-0343,NRS pain score,48 h,V34_B4_024,Modified intention-to-treat / completer analysis reported in Table 1,42.0,43.0,,UNLINKED — no exact existing assessment established,UNLINKED,,,,,,,,Study-level record retained only as background; not an exact-result assessment.,NOT INDEPENDENTLY DOCUMENTED,
AUDIT-0344,PSQI score,24 h,V34_B4_025,Modified intention-to-treat / completer analysis reported in Table 1,42.0,43.0,,UNLINKED — no exact existing assessment established,UNLINKED,,,,,,,,Study-level record retained only as background; not an exact-result assessment.,NOT INDEPENDENTLY DOCUMENTED,
AUDIT-0345,PSQI score,48 h,V34_B4_026,Modified intention-to-treat / completer analysis reported in Table 1,42.0,43.0,,UNLINKED — no exact existing assessment established,UNLINKED,,,,,,,,Study-level record retained only as background; not an exact-result assessment.,NOT INDEPENDENTLY DOCUMENTED,
AUDIT-0346,Time to first borborygmus,Postoperative,V34_B4_027,Modified intention-to-treat / completer analysis reported in Table 1,42.0,43.0,,UNLINKED — no exact existing assessment established,UNLINKED,,,,,,,,Study-level record retained only as background; not an exact-result assessment.,NOT INDEPENDENTLY DOCUMENTED,;bowelsounds_TEAS_sham
AUDIT-0347,Time to first flatus,Postoperative,V34_B4_028,Modified intention-to-treat / completer analysis reported in Table 1,42.0,43.0,,UNLINKED — no exact existing assessment established,UNLINKED,,,,,,,,Study-level record retained only as background; not an exact-result assessment.,NOT INDEPENDENTLY DOCUMENTED,;flatus_TEAS_sham;flatus_TEAS_sham_SMD_sensitivity
AUDIT-0348,Wake-up time,Postoperative,V34_B4_029,Modified intention-to-treat / completer analysis reported in Table 1,42.0,43.0,,UNLINKED — no exact existing assessment established,UNLINKED,,,,,,,,Study-level record retained only as background; not an exact-result assessment.,NOT INDEPENDENTLY DOCUMENTED,
AUDIT-0349,PACU stay time,Postoperative,V34_B4_030,Modified intention-to-treat / completer analysis reported in Table 1,42.0,43.0,,UNLINKED — no exact existing assessment established,UNLINKED,,,,,,,,Study-level record retained only as background; not an exact-result assessment.,NOT INDEPENDENTLY DOCUMENTED,
AUDIT-0350,Hospital stay duration,Postoperative hospitalization,V34_B4_031,Modified intention-to-treat / completer analysis reported in Table 1,42.0,43.0,,UNLINKED — no exact existing assessment established,UNLINKED,,,,,,,,Study-level record retained only as background; not an exact-result assessment.,NOT INDEPENDENTLY DOCUMENTED,
AUDIT-0351,Fever,Postoperative,V34_B4_032,Modified intention-to-treat / completer analysis reported in Table 1,42.0,43.0,,UNLINKED — no exact existing assessment established,UNLINKED,,,,,,,,Study-level record retained only as background; not an exact-result assessment.,NOT INDEPENDENTLY DOCUMENTED,
AUDIT-0352,Dizziness and headache,Postoperative,V34_B4_033,Modified intention-to-treat / completer analysis reported in Table 1,42.0,43.0,,UNLINKED — no exact existing assessment established,UNLINKED,,,,,,,,Study-level record retained only as background; not an exact-result assessment.,NOT INDEPENDENTLY DOCUMENTED,
AUDIT-0353,Drowsiness,Postoperative,V34_B4_034,Modified intention-to-treat / completer analysis reported in Table 1,42.0,43.0,,UNLINKED — no exact existing assessment established,UNLINKED,,,,,,,,Study-level record retained only as background; not an exact-result assessment.,NOT INDEPENDENTLY DOCUMENTED,
AUDIT-0354,Global QoR-40,6 h,V34_B4_035,Modified intention-to-treat / completer analysis reported in Table 1,42.0,43.0,,UNLINKED — no exact existing assessment established,UNLINKED,,,,,,,,Study-level record retained only as background; not an exact-result assessment.,NOT INDEPENDENTLY DOCUMENTED,
AUDIT-0355,Global QoR-40,24 h,V34_B4_036,Modified intention-to-treat / completer analysis reported in Table 1,42.0,43.0,,UNLINKED — no exact existing assessment established,UNLINKED,,,,,,,,Study-level record retained only as background; not an exact-result assessment.,NOT INDEPENDENTLY DOCUMENTED,
AUDIT-0356,Global QoR-40,48 h,V34_B4_037,Modified intention-to-treat / completer analysis reported in Table 1,42.0,43.0,,UNLINKED — no exact existing assessment established,UNLINKED,,,,,,,,Study-level record retained only as background; not an exact-result assessment.,NOT INDEPENDENTLY DOCUMENTED,
AUDIT-0357,Emergency rescue analgesia events,Postoperative; exact window not stated,V34_B4_038,Modified intention-to-treat / completer analysis reported in Table 1,42.0,43.0,,UNLINKED — no exact existing assessment established,UNLINKED,,,,,,,,Study-level record retained only as background; not an exact-result assessment.,NOT INDEPENDENTLY DOCUMENTED,
AUDIT-0358,Global QoR-40,Postoperative day 2 (~48 h),V34_B4_039,Intention-to-treat; all randomized participants analyzed,30.0,30.0,,UNLINKED — no exact existing assessment established,UNLINKED,,,,,,,,Study-level record retained only as background; not an exact-result assessment.,NOT INDEPENDENTLY DOCUMENTED,
AUDIT-0359,Any nausea and/or vomiting,0–24 h,V34_B4_040,Intention-to-treat; all randomized participants analyzed,30.0,30.0,,UNLINKED — no exact existing assessment established,UNLINKED,,,,,,,,Study-level record retained only as background; not an exact-result assessment.,NOT INDEPENDENTLY DOCUMENTED,;ponv24_TEAS_sham;ponv24_TEAS_sham_point_window_sensitivity;ponv24_TEAS_broad_sham_sensitivity
AUDIT-0360,Participants requiring tropisetron rescue,0–24 h,V34_B4_041,Intention-to-treat; all randomized participants analyzed,30.0,30.0,,UNLINKED — no exact existing assessment established,UNLINKED,,,,,,,,Study-level record retained only as background; not an exact-result assessment.,NOT INDEPENDENTLY DOCUMENTED,
AUDIT-0361,MMSE score,Postoperative day 1 (~24 h),V34_B4_042,Intention-to-treat; all randomized participants analyzed,30.0,30.0,,UNLINKED — no exact existing assessment established,UNLINKED,,,,,,,,Study-level record retained only as background; not an exact-result assessment.,NOT INDEPENDENTLY DOCUMENTED,
AUDIT-0362,MMSE score,Postoperative day 2 (~48 h),V34_B4_043,Intention-to-treat; all randomized participants analyzed,30.0,30.0,,UNLINKED — no exact existing assessment established,UNLINKED,,,,,,,,Study-level record retained only as background; not an exact-result assessment.,NOT INDEPENDENTLY DOCUMENTED,
AUDIT-0363,Sufentanil consumption,Intraoperative,V34_B4_044,"Available-case analysis; 75 randomized, 70 analyzed",35.0,35.0,,UNLINKED — no exact existing assessment established,UNLINKED,,,,,,,,Study-level record retained only as background; not an exact-result assessment.,NOT INDEPENDENTLY DOCUMENTED,
AUDIT-0364,Remifentanil consumption,Intraoperative,V34_B4_045,"Available-case analysis; 75 randomized, 70 analyzed",35.0,35.0,AF26-F-intra-012,LINKED EXISTING RESULT ASSESSMENT,Some concerns,Low,Some concerns,Some concerns,Low,Some concerns,v36 reviewed exact match: same study/outcome/window/denominators/arm statistics; only comparison-ID scheme differs.,,06_FINAL_ANALYSIS_V26/01_DATA/target_F_exploratory.csv#F-intra-012,NOT INDEPENDENTLY DOCUMENTED,;intraop_remifentanil_TEAS_usual
AUDIT-0365,PONV occurrence,End of surgery (T5),V34_B4_046,"Available-case analysis; 75 randomized, 70 analyzed",35.0,35.0,,UNLINKED — no exact existing assessment established,UNLINKED,,,,,,,,Study-level record retained only as background; not an exact-result assessment.,NOT INDEPENDENTLY DOCUMENTED,
AUDIT-0366,Pain event as reported (threshold/definition not stated),End of surgery (T5),V34_B4_047,"Available-case analysis; 75 randomized, 70 analyzed",35.0,35.0,,UNLINKED — no exact existing assessment established,UNLINKED,,,,,,,,Study-level record retained only as background; not an exact-result assessment.,NOT INDEPENDENTLY DOCUMENTED,
AUDIT-0367,PONV occurrence,PACU discharge (T9),V34_B4_048,"Available-case analysis; 75 randomized, 70 analyzed",35.0,35.0,,UNLINKED — no exact existing assessment established,UNLINKED,,,,,,,,Study-level record retained only as background; not an exact-result assessment.,NOT INDEPENDENTLY DOCUMENTED,
AUDIT-0368,Pain event as reported (threshold/definition not stated),PACU discharge (T9),V34_B4_049,"Available-case analysis; 75 randomized, 70 analyzed",35.0,35.0,,UNLINKED — no exact existing assessment established,UNLINKED,,,,,,,,Study-level record retained only as background; not an exact-result assessment.,NOT INDEPENDENTLY DOCUMENTED,
AUDIT-0369,PONV occurrence,24 h (T11),V34_B4_050,"Available-case analysis; 75 randomized, 70 analyzed",35.0,35.0,,UNLINKED — no exact existing assessment established,UNLINKED,,,,,,,,Study-level record retained only as background; not an exact-result assessment.,NOT INDEPENDENTLY DOCUMENTED,
AUDIT-0370,Pain event as reported (threshold/definition not stated),24 h (T11),V34_B4_051,"Available-case analysis; 75 randomized, 70 analyzed",35.0,35.0,,UNLINKED — no exact existing assessment established,UNLINKED,,,,,,,,Study-level record retained only as background; not an exact-result assessment.,NOT INDEPENDENTLY DOCUMENTED,
AUDIT-0371,PONV occurrence,48 h (T12),V34_B4_052,"Available-case analysis; 75 randomized, 70 analyzed",35.0,35.0,,UNLINKED — no exact existing assessment established,UNLINKED,,,,,,,,Study-level record retained only as background; not an exact-result assessment.,NOT INDEPENDENTLY DOCUMENTED,
AUDIT-0372,Pain event as reported (threshold/definition not stated),48 h (T12),V34_B4_053,"Available-case analysis; 75 randomized, 70 analyzed",35.0,35.0,,UNLINKED — no exact existing assessment established,UNLINKED,,,,,,,,Study-level record retained only as background; not an exact-result assessment.,NOT INDEPENDENTLY DOCUMENTED,
AUDIT-0373,MMSE score,PACU discharge (T9),V34_B4_054,"Available-case analysis; 75 randomized, 70 analyzed",35.0,35.0,,UNLINKED — no exact existing assessment established,UNLINKED,,,,,,,,Study-level record retained only as background; not an exact-result assessment.,NOT INDEPENDENTLY DOCUMENTED,
AUDIT-0374,MMSE score,24 h (T11),V34_B4_055,"Available-case analysis; 75 randomized, 70 analyzed",35.0,35.0,,UNLINKED — no exact existing assessment established,UNLINKED,,,,,,,,Study-level record retained only as background; not an exact-result assessment.,NOT INDEPENDENTLY DOCUMENTED,
AUDIT-0375,MMSE score,48 h (T12),V34_B4_056,"Available-case analysis; 75 randomized, 70 analyzed",35.0,35.0,,UNLINKED — no exact existing assessment established,UNLINKED,,,,,,,,Study-level record retained only as background; not an exact-result assessment.,NOT INDEPENDENTLY DOCUMENTED,
SUPP-GAO-1,Total hospital length of stay,Total admission,V34_GAO21_SUPP_1,Outcome-specific analyzed population,,,,UNLINKED — no exact existing assessment established,UNLINKED,,,,,,,,Study-level record retained only as background; not an exact-result assessment.,NOT INDEPENDENTLY DOCUMENTED,
SUPP-GAO-2,30-day postoperative complications,0–30 days,V34_GAO21_SUPP_2,Outcome-specific analyzed population,,,,UNLINKED — no exact existing assessment established,UNLINKED,,,,,,,,Study-level record retained only as background; not an exact-result assessment.,NOT INDEPENDENTLY DOCUMENTED,
V34-OD-0759,Postoperative nausea,0-24 h after surgery,YANG24_EA_vs_UC_NAUSEA24,Intention-to-treat (90/90 retained),90.0,90.0,AF26-D-006,LINKED EXISTING RESULT ASSESSMENT,High,Low,Low,Low,High,Some concerns,Exact source contrast and outcome statistics/population match to existing AF result assessment.,,06_FINAL_ANALYSIS_V26/01_DATA/target_D_ponv.csv#D-006,NOT INDEPENDENTLY DOCUMENTED,;nausea24_EA_usual
V35-CHEN20-48,Cumulative postoperative PCIA sufentanil consumption,0-48 h,CHEN20_TEAS_vs_SHAM_SUF48,Outcome-specific analyzed population,40.0,40.0,AF26-A-001,LINKED EXISTING RESULT ASSESSMENT,Some concerns,Low,Low,Low,Low,Some concerns,Exact source contrast and outcome statistics/population match to existing AF result assessment.,,06_FINAL_ANALYSIS_V26/01_DATA/target_A_48h.csv#A-001,NOT INDEPENDENTLY DOCUMENTED,;opioid48_TEAS_sham_uncertain_suf0.25;opioid48_TEAS_sham_uncertain_suf0.5;opioid48_TEAS_sham_uncertain_suf1
V35-YANG24-72,Cumulative morphine use via IV PCA,0-72 h / POD1-3,YANG24_EA_vs_UC_MORPH72,Outcome-specific analyzed population,90.0,90.0,AF26-B-001,LINKED EXISTING RESULT ASSESSMENT,Some concerns,Low,Low,Low,Low,Some concerns,Exact source contrast and outcome statistics/population match to existing AF result assessment.,,06_FINAL_ANALYSIS_V26/01_DATA/target_B_72h.csv#B-001,NOT INDEPENDENTLY DOCUMENTED,;opioid72_EA_usual_PCA
V35-HE26-48,Total postoperative opioid consumption in morphine equivalents,0–48 h,HEJIS26_TEAS_vs_CTRL_MME24,Outcome-specific analyzed population,80.0,79.0,,UNLINKED — no exact existing assessment established,UNLINKED,,,,,,,,Study-level record retained only as background; not an exact-result assessment.,NOT INDEPENDENTLY DOCUMENTED,;opioid48_TEAS_sham_uncertain_suf0.25;opioid48_TEAS_sham_uncertain_suf0.5;opioid48_TEAS_sham_uncertain_suf1
