report_id,field,value,status,page,quote,page2,quote2,note,source_pdf,source_sha256,extracted_by,second_review
Zhou 2025,age,TEAS 43.92 ± 8.84; sham 40.98 ± 7.90 years (mean ± SD),Extracted (PDF quote),7,Age (years) 43.92±8.84 40.98±7.90,,,,TEAS EA Verification/Source PDFs/105119.pdf,d9bf76bd7e244dd4513f686ee9be168122d8db4ced699a7f881f93237b3cb52b,"Single extractor, 2026-09-28",pending
Zhou 2025,female,All female (gynaecological laparoscopic surgery),Extracted (PDF quote),2,patients undergoing gynecological laparoscopic surgery often experience,,,"Sex is not tabulated; female by definition of the gynaecological procedure (inferred from the population, not a reported count).",TEAS EA Verification/Source PDFs/105119.pdf,d9bf76bd7e244dd4513f686ee9be168122d8db4ced699a7f881f93237b3cb52b,"Single extractor, 2026-09-28",pending
Zhou 2025,bmi,,Not reported in source,,,,,Height and weight are reported; BMI is not.,TEAS EA Verification/Source PDFs/105119.pdf,d9bf76bd7e244dd4513f686ee9be168122d8db4ced699a7f881f93237b3cb52b,"Single extractor, 2026-09-28",pending
Zhou 2025,asa,"Eligibility ASA I–III; TEAS 19/26/3, sham 15/32/2 (ASA I/II/III)",Extracted (PDF quote),2,American Society of Anesthesiologists (ASA) physical status I–III,7,ASA grading (I/II/III) 19/26/3 15/32/2,,TEAS EA Verification/Source PDFs/105119.pdf,d9bf76bd7e244dd4513f686ee9be168122d8db4ced699a7f881f93237b3cb52b,"Single extractor, 2026-09-28",pending
Zhou 2025,acupoints,"Bilateral LI4, PC6, ST36, SP6",Extracted (PDF quote),1,"bilateral Hegu (LI4), Neiguan (PC6), Zusanli (ST36), and Sanyinjiao (SP6) acupoints",,,Legacy value listed PC6 and ST36 only.,TEAS EA Verification/Source PDFs/105119.pdf,d9bf76bd7e244dd4513f686ee9be168122d8db4ced699a7f881f93237b3cb52b,"Single extractor, 2026-09-28",pending
Zhou 2025,frequency,"2/10 Hz, alternating dense-disperse",Extracted (PDF quote),4,alternating dense-disperse wave mode at 2/10 Hz,,,Legacy value was 2/100 Hz.,TEAS EA Verification/Source PDFs/105119.pdf,d9bf76bd7e244dd4513f686ee9be168122d8db4ced699a7f881f93237b3cb52b,"Single extractor, 2026-09-28",pending
Zhou 2025,intensity,10–15 mA; individual strong but comfortable level set before induction,Extracted (PDF quote),4,with an intensity of 10–15 mA,,,Legacy value was 5–15 mA.,TEAS EA Verification/Source PDFs/105119.pdf,d9bf76bd7e244dd4513f686ee9be168122d8db4ced699a7f881f93237b3cb52b,"Single extractor, 2026-09-28",pending
Zhou 2025,timing,"Postoperative, in the PACU after arrival and stabilisation",Extracted (PDF quote),3,"After patients arrived at PACU and their vital signs stabilized, the TEAS intervention was conducted in the PACU",,,,TEAS EA Verification/Source PDFs/105119.pdf,d9bf76bd7e244dd4513f686ee9be168122d8db4ced699a7f881f93237b3cb52b,"Single extractor, 2026-09-28",pending
Zhou 2025,sessions,1 (PACU),Extracted (PDF quote),1,for 30 minutes during the post-anesthesia recovery period,,,,TEAS EA Verification/Source PDFs/105119.pdf,d9bf76bd7e244dd4513f686ee9be168122d8db4ced699a7f881f93237b3cb52b,"Single extractor, 2026-09-28",pending
Zhou 2025,session_duration,30 min,Extracted (PDF quote),4,a duration of 30 minutes,,,,TEAS EA Verification/Source PDFs/105119.pdf,d9bf76bd7e244dd4513f686ee9be168122d8db4ced699a7f881f93237b3cb52b,"Single extractor, 2026-09-28",pending
An 2014,age,EA 40.7 ± 12.1; control 39.1 ± 10.9 years (mean ± SD); eligibility 18–60,Extracted (PDF quote),5,Age (yr) 40.7 12.1 39.1 10.9,2,aged 18–60 years,± sign lost in the text layer; Table 1 footnote states mean SD.,TEAS EA Verification/Source PDFs/covidence_698_full_article.pdf,56f30fc7755720d3fe7611252f8c3700faa6c6ab57cddc112fef729cc913c645,"Single extractor, 2026-09-28",pending
An 2014,female,EA 24/41; control 19/40 female (male/female 17/24 vs 21/19),Extracted (PDF quote),5,Male/female 17/24 21/19,,,,TEAS EA Verification/Source PDFs/covidence_698_full_article.pdf,56f30fc7755720d3fe7611252f8c3700faa6c6ab57cddc112fef729cc913c645,"Single extractor, 2026-09-28",pending
An 2014,bmi,,Not reported in source,,,,,Only an exclusion criterion (BMI > 30 kg/m2) is reported.,TEAS EA Verification/Source PDFs/covidence_698_full_article.pdf,56f30fc7755720d3fe7611252f8c3700faa6c6ab57cddc112fef729cc913c645,"Single extractor, 2026-09-28",pending
An 2014,asa,ASA I–II (eligibility),Extracted (PDF quote),2,88 ASA I–II adult patients,,,,TEAS EA Verification/Source PDFs/covidence_698_full_article.pdf,56f30fc7755720d3fe7611252f8c3700faa6c6ab57cddc112fef729cc913c645,"Single extractor, 2026-09-28",pending
An 2014,acupoints,"Ipsilateral to craniotomy: LI4, SJ5, BL63, LR3, ST36, GB40 (needle EA)",Extracted (PDF quote),3,"LI4 (Hegu), SJ5 (WaiGuan), BL63 (JinMen), LR3 (Tai- Chong), ST36 (ZuSanLi) and GB40 (QiuXu) on the same side as the craniotomy",,,,TEAS EA Verification/Source PDFs/covidence_698_full_article.pdf,56f30fc7755720d3fe7611252f8c3700faa6c6ab57cddc112fef729cc913c645,"Single extractor, 2026-09-28",pending
An 2014,frequency,"2/100 Hz dense-disperse, alternating every 3 s",Extracted (PDF quote),3,dense-dispersed wave with frequencies of 2 and 100 Hz alternating every 3 s,,,,TEAS EA Verification/Source PDFs/covidence_698_full_article.pdf,56f30fc7755720d3fe7611252f8c3700faa6c6ab57cddc112fef729cc913c645,"Single extractor, 2026-09-28",pending
An 2014,intensity,Maximum tolerated level,Extracted (PDF quote),3,The stimulation intensity was set to the level of maximum tolerance for each patient,,,Legacy value was 5–15 mA.,TEAS EA Verification/Source PDFs/covidence_698_full_article.pdf,56f30fc7755720d3fe7611252f8c3700faa6c6ab57cddc112fef729cc913c645,"Single extractor, 2026-09-28",pending
An 2014,timing,Intraoperative: from induction of anaesthesia until the end of the operation,Extracted (PDF quote),3,the stimulation lasted from the induction of anesthesia until the end of the operation,,,Legacy value was preoperative (30 min before induction).,TEAS EA Verification/Source PDFs/covidence_698_full_article.pdf,56f30fc7755720d3fe7611252f8c3700faa6c6ab57cddc112fef729cc913c645,"Single extractor, 2026-09-28",pending
An 2014,sessions,1 (intraoperative),Extracted (PDF quote),1,The stimulation was continued until the end of the operation,,,,TEAS EA Verification/Source PDFs/covidence_698_full_article.pdf,56f30fc7755720d3fe7611252f8c3700faa6c6ab57cddc112fef729cc913c645,"Single extractor, 2026-09-28",pending
An 2014,session_duration,Induction to end of surgery (not fixed; anaesthesia lasted about 262–285 min on average),Extracted (PDF quote),3,the stimulation lasted from the induction of anesthesia until the end of the operation,5,Duration of anesthesia (min) 262.3 59.7 284.5 107.2,,TEAS EA Verification/Source PDFs/covidence_698_full_article.pdf,56f30fc7755720d3fe7611252f8c3700faa6c6ab57cddc112fef729cc913c645,"Single extractor, 2026-09-28",pending
Ao 2021,age,TEAS 45.6 ± 9.8; sham 46.9 ± 8.6 years (mean ± SD); eligibility 20–65,Extracted (PDF quote),5,Average age (years) 45.6±9.8 46.9±8.6,,,,TEAS EA Verification/Source PDFs/download.pdf,023be0cdbc3241bf59fa7725d3149866a3e4066f696415c969ee99adfce8cfda,"Single extractor, 2026-09-28",pending
Ao 2021,female,All female (radical mastectomy),Extracted (PDF quote),2,"Adult female patients (age, 20‐65 years)",,,,TEAS EA Verification/Source PDFs/download.pdf,023be0cdbc3241bf59fa7725d3149866a3e4066f696415c969ee99adfce8cfda,"Single extractor, 2026-09-28",pending
Ao 2021,bmi,TEAS 23.4 ± 4.2; sham 22.6 ± 3.3 kg/m² (mean ± SD),Extracted (PDF quote),5,BMI (kg/m2) 23.4±4.2 22.6±3.3,,,,TEAS EA Verification/Source PDFs/download.pdf,023be0cdbc3241bf59fa7725d3149866a3e4066f696415c969ee99adfce8cfda,"Single extractor, 2026-09-28",pending
Ao 2021,asa,"ASA I–II; TEAS 26/6, sham 24/9 (ASA I/II)",Extracted (PDF quote),5,ASA physical status 0.426 I 26 24 II 6 9,,,,TEAS EA Verification/Source PDFs/download.pdf,023be0cdbc3241bf59fa7725d3149866a3e4066f696415c969ee99adfce8cfda,"Single extractor, 2026-09-28",pending
Ao 2021,acupoints,"Bilateral LI4, PC6, ST36",Extracted (PDF quote),1,"bilateral Hegu (LI4), Neiguan (PC6) and Zusanli (ST36) acupoints",,,,TEAS EA Verification/Source PDFs/download.pdf,023be0cdbc3241bf59fa7725d3149866a3e4066f696415c969ee99adfce8cfda,"Single extractor, 2026-09-28",pending
Ao 2021,frequency,2/100 Hz dense-disperse,Extracted (PDF quote),2,dense‐and‐disperse frequency of 2/100 Hz,,,,TEAS EA Verification/Source PDFs/download.pdf,023be0cdbc3241bf59fa7725d3149866a3e4066f696415c969ee99adfce8cfda,"Single extractor, 2026-09-28",pending
Ao 2021,intensity,Mild muscle twitching at individual maximum tolerance (5–10 mA upper limbs; 10–30 mA lower limbs),Extracted (PDF quote),2,The optimal intensity was set to mild twitching of the surrounding muscle and individual maximum tolerance (5‐10 mA for upper limbs; 10‐30 mA for lower limbs),,,Legacy value was 5–15 mA.,TEAS EA Verification/Source PDFs/download.pdf,023be0cdbc3241bf59fa7725d3149866a3e4066f696415c969ee99adfce8cfda,"Single extractor, 2026-09-28",pending
Ao 2021,timing,"Preoperative (30 min before induction) and postoperative (4 h, 12 h; three times daily on POD1–2)",Extracted (PDF quote),2,TEAS was performed for 30 min prior to the induction of anesthesia.,2,"Postoperative TEAS was performed for 30 min each time at 4 and 12 h post‐surgery on the day of surgery, and administrated three times (8 a.m., 2 p.m. and 8 p.m.) daily at postoperative days 1 and 2",,TEAS EA Verification/Source PDFs/download.pdf,023be0cdbc3241bf59fa7725d3149866a3e4066f696415c969ee99adfce8cfda,"Single extractor, 2026-09-28",pending
Ao 2021,sessions,9 (1 preoperative; 2 on the day of surgery; 3 daily on POD1 and POD2),Extracted (PDF quote),2,TEAS was performed for 30 min prior to the induction of anesthesia.,2,"Postoperative TEAS was performed for 30 min each time at 4 and 12 h post‐surgery on the day of surgery, and administrated three times (8 a.m., 2 p.m. and 8 p.m.) daily at postoperative days 1 and 2",Count derived from the schedule as printed (1 + 2 + 3 + 3). Legacy value was a single session.,TEAS EA Verification/Source PDFs/download.pdf,023be0cdbc3241bf59fa7725d3149866a3e4066f696415c969ee99adfce8cfda,"Single extractor, 2026-09-28",pending
Ao 2021,session_duration,30 min,Extracted (PDF quote),2,A constant electrical stimulation was applied for 30 min each time,,,,TEAS EA Verification/Source PDFs/download.pdf,023be0cdbc3241bf59fa7725d3149866a3e4066f696415c969ee99adfce8cfda,"Single extractor, 2026-09-28",pending
Chen 1998,age,Acupoint-TENS 43 ± 13; sham 45 ± 12 years (mean ± SD); nonacupoint and dermatomal arms 44 ± 13 each,Extracted (PDF quote),4,Group IV Acupoint 25 43 -+ 13,4,Group I Sham 25 45 t 12,Four-arm trial; ± signs are garbled in the text layer (Table 1: values are means ± SD).,TEAS EA Verification/Source PDFs/covidence_969_chen_1998.pdf,92fa5191eb603eec1bd5fec9c4261c08c70fe527617dd9a72956ffeb8a29c232,"Single extractor, 2026-09-28",pending
Chen 1998,female,All female (100 women; hysterectomy or myomectomy),Extracted (PDF quote),2,100 ASA physical status I or II female patients,,,,TEAS EA Verification/Source PDFs/covidence_969_chen_1998.pdf,92fa5191eb603eec1bd5fec9c4261c08c70fe527617dd9a72956ffeb8a29c232,"Single extractor, 2026-09-28",pending
Chen 1998,bmi,,Not reported in source,,,,,Weight and height are reported; BMI is not.,TEAS EA Verification/Source PDFs/covidence_969_chen_1998.pdf,92fa5191eb603eec1bd5fec9c4261c08c70fe527617dd9a72956ffeb8a29c232,"Single extractor, 2026-09-28",pending
Chen 1998,asa,ASA I–II (eligibility),Extracted (PDF quote),2,100 ASA physical status I or II female patients,,,,TEAS EA Verification/Source PDFs/covidence_969_chen_1998.pdf,92fa5191eb603eec1bd5fec9c4261c08c70fe527617dd9a72956ffeb8a29c232,"Single extractor, 2026-09-28",pending
Chen 1998,acupoints,ST36 (Zusanli),Extracted (PDF quote),1,Group IV = acupoint-TENS at the Zusanli acupoints,,,,TEAS EA Verification/Source PDFs/covidence_969_chen_1998.pdf,92fa5191eb603eec1bd5fec9c4261c08c70fe527617dd9a72956ffeb8a29c232,"Single extractor, 2026-09-28",pending
Chen 1998,frequency,"2/100 Hz dense-disperse, alternating every 3 s",Extracted (PDF quote),2,"2/100 Hz (i.e., alternatingly stimu- lating at 2 Hz and 100 Hz every 3 s)",,,,TEAS EA Verification/Source PDFs/covidence_969_chen_1998.pdf,92fa5191eb603eec1bd5fec9c4261c08c70fe527617dd9a72956ffeb8a29c232,"Single extractor, 2026-09-28",pending
Chen 1998,intensity,9–12 mA (as tolerated),Extracted (PDF quote),2,9-12 mA (depending on the patient’s ability to tolerate the electrical stimulation),,,Legacy value was 5–15 mA.,TEAS EA Verification/Source PDFs/covidence_969_chen_1998.pdf,92fa5191eb603eec1bd5fec9c4261c08c70fe527617dd9a72956ffeb8a29c232,"Single extractor, 2026-09-28",pending
Chen 1998,timing,"Postoperative: first in the PACU, then self-applied every 2–3 h while awake, at bedtime and on waking",Extracted (PDF quote),2,The TENS therapy was initiated when the patient arrived in the PACU and continued for a pe- riod of 30 min.,2,"The patient was instructed to use the TENS device every 2-3 h while awake, as well as at bedtime and on waking in the morning.",Legacy value was preoperative.,TEAS EA Verification/Source PDFs/covidence_969_chen_1998.pdf,92fa5191eb603eec1bd5fec9c4261c08c70fe527617dd9a72956ffeb8a29c232,"Single extractor, 2026-09-28",pending
Chen 1998,sessions,"Repeated, patient-applied; total number not reported",Extracted (PDF quote),2,"The patient was instructed to use the TENS device every 2-3 h while awake, as well as at bedtime and on waking in the morning.",,,,TEAS EA Verification/Source PDFs/covidence_969_chen_1998.pdf,92fa5191eb603eec1bd5fec9c4261c08c70fe527617dd9a72956ffeb8a29c232,"Single extractor, 2026-09-28",pending
Chen 1998,session_duration,30 min,Extracted (PDF quote),2,The device automatically shuts off at the end of each 30-min treatment interval.,,,,TEAS EA Verification/Source PDFs/covidence_969_chen_1998.pdf,92fa5191eb603eec1bd5fec9c4261c08c70fe527617dd9a72956ffeb8a29c232,"Single extractor, 2026-09-28",pending
Chen 2015,age,"TEAS 37.5 (8.5); control 40.2 (7.8) years (mean, SD); eligibility 18–60",Extracted (PDF quote),4,Age (year) 37.5 (8.5) 40.2 (7.8),,,,037_chen_2015_thyroidectomy_lund.pdf,60361dc28f099a330d13fe98c9e96d8f94334920f0eaffd65c450ffd6dc87bfc,"Single extractor, 2026-09-28",pending
Chen 2015,female,All female (thyroidectomy),Extracted (PDF quote),2,Eighty-four female patients aged 18 to 60,,,,037_chen_2015_thyroidectomy_lund.pdf,60361dc28f099a330d13fe98c9e96d8f94334920f0eaffd65c450ffd6dc87bfc,"Single extractor, 2026-09-28",pending
Chen 2015,bmi,,Not reported in source,,,,,Height and weight are reported; BMI is not.,037_chen_2015_thyroidectomy_lund.pdf,60361dc28f099a330d13fe98c9e96d8f94334920f0eaffd65c450ffd6dc87bfc,"Single extractor, 2026-09-28",pending
Chen 2015,asa,"ASA I–II; TEAS 38/3, control 37/5 (ASA I/II)",Extracted (PDF quote),4,ASA (I/II) 38/3 37/5,,,,037_chen_2015_thyroidectomy_lund.pdf,60361dc28f099a330d13fe98c9e96d8f94334920f0eaffd65c450ffd6dc87bfc,"Single extractor, 2026-09-28",pending
Chen 2015,acupoints,"Bilateral LI4, PC6",Extracted (PDF quote),2,bilateral Hegu (LI4) and Neiguan (PC6),,,,037_chen_2015_thyroidectomy_lund.pdf,60361dc28f099a330d13fe98c9e96d8f94334920f0eaffd65c450ffd6dc87bfc,"Single extractor, 2026-09-28",pending
Chen 2015,frequency,2/10 Hz disperse-dense,Extracted (PDF quote),2,a disperse-dense frequency of 2/10 Hz,,,Legacy value was 2/100 Hz.,037_chen_2015_thyroidectomy_lund.pdf,60361dc28f099a330d13fe98c9e96d8f94334920f0eaffd65c450ffd6dc87bfc,"Single extractor, 2026-09-28",pending
Chen 2015,intensity,"6–9 mA, adjusted to individual maximum tolerance with slight regional muscle twitching",Extracted (PDF quote),2,an intensity of 6-9 mA for 30 min,2,"According to individual maximum tolerance, the optimal intensity was adjusted to maintain a slight twitching of the regional muscle.",Legacy value was 5–15 mA.,037_chen_2015_thyroidectomy_lund.pdf,60361dc28f099a330d13fe98c9e96d8f94334920f0eaffd65c450ffd6dc87bfc,"Single extractor, 2026-09-28",pending
Chen 2015,timing,"Preoperative, before induction in the holding area",Extracted (PDF quote),2,before the induction of anesthesia in the holding area,,,,037_chen_2015_thyroidectomy_lund.pdf,60361dc28f099a330d13fe98c9e96d8f94334920f0eaffd65c450ffd6dc87bfc,"Single extractor, 2026-09-28",pending
Chen 2015,sessions,1 (preoperative),Extracted (PDF quote),2,Patients in the TEAS group received preoperative TEAS at bilateral Hegu (LI4) and Neiguan (PC6),,,,037_chen_2015_thyroidectomy_lund.pdf,60361dc28f099a330d13fe98c9e96d8f94334920f0eaffd65c450ffd6dc87bfc,"Single extractor, 2026-09-28",pending
Chen 2015,session_duration,30 min,Extracted (PDF quote),2,an intensity of 6-9 mA for 30 min,,,,037_chen_2015_thyroidectomy_lund.pdf,60361dc28f099a330d13fe98c9e96d8f94334920f0eaffd65c450ffd6dc87bfc,"Single extractor, 2026-09-28",pending
Chen 2015 (Hyperalgesia),age,"TEAS 41.9 (9.9); sham 41.4 (9.8) years (mean, SD); eligibility 18–60",Extracted (PDF quote),4,Age (year) 41.9 (9.9) 41.4 (9.8),,,,040_chen_2015_hyperalgesia_lund.pdf,88719bd172fa29650c9503944c2e6f7cf083d1dac34c978d8f0d2ddf12b7d2ba,"Single extractor, 2026-09-28",pending
Chen 2015 (Hyperalgesia),female,All female (thyroidectomy),Extracted (PDF quote),2,"female subjects, aged 18 to 60 years",,,,040_chen_2015_hyperalgesia_lund.pdf,88719bd172fa29650c9503944c2e6f7cf083d1dac34c978d8f0d2ddf12b7d2ba,"Single extractor, 2026-09-28",pending
Chen 2015 (Hyperalgesia),bmi,,Not reported in source,,,,,Height and weight are reported; BMI is not.,040_chen_2015_hyperalgesia_lund.pdf,88719bd172fa29650c9503944c2e6f7cf083d1dac34c978d8f0d2ddf12b7d2ba,"Single extractor, 2026-09-28",pending
Chen 2015 (Hyperalgesia),asa,"ASA I–II; TEAS 26/3, sham 25/4 (ASA I/II)",Extracted (PDF quote),4,ASA (I/II) 26/3 25/4,,,,040_chen_2015_hyperalgesia_lund.pdf,88719bd172fa29650c9503944c2e6f7cf083d1dac34c978d8f0d2ddf12b7d2ba,"Single extractor, 2026-09-28",pending
Chen 2015 (Hyperalgesia),acupoints,"Bilateral LI4, PC6",Extracted (PDF quote),2,bilateral Hegu (LI4) and Neiguan (PC6),,,,040_chen_2015_hyperalgesia_lund.pdf,88719bd172fa29650c9503944c2e6f7cf083d1dac34c978d8f0d2ddf12b7d2ba,"Single extractor, 2026-09-28",pending
Chen 2015 (Hyperalgesia),frequency,2/10 Hz dense-disperse,Extracted (PDF quote),2,a dense-disperse frequency of 2/10 Hz,,,Legacy value was 2/100 Hz.,040_chen_2015_hyperalgesia_lund.pdf,88719bd172fa29650c9503944c2e6f7cf083d1dac34c978d8f0d2ddf12b7d2ba,"Single extractor, 2026-09-28",pending
Chen 2015 (Hyperalgesia),intensity,"6–9 mA, slight regional muscle twitching at individual maximum tolerance (De-Qi)",Extracted (PDF quote),2,an intensity of 6-9 mA for 30 min,,,Legacy value was 5–15 mA.,040_chen_2015_hyperalgesia_lund.pdf,88719bd172fa29650c9503944c2e6f7cf083d1dac34c978d8f0d2ddf12b7d2ba,"Single extractor, 2026-09-28",pending
Chen 2015 (Hyperalgesia),timing,"Preoperative, before induction in the holding area",Extracted (PDF quote),2,TEAS for 30 min before the induction of anes thesia in the holding area,,,,040_chen_2015_hyperalgesia_lund.pdf,88719bd172fa29650c9503944c2e6f7cf083d1dac34c978d8f0d2ddf12b7d2ba,"Single extractor, 2026-09-28",pending
Chen 2015 (Hyperalgesia),sessions,1 (preoperative),Extracted (PDF quote),1,"TEAS consisted of 30 min of stimulation (6-9 mA, 2/10 Hz) on the Hegu (LI4) and Neiguan (PC6) before anesthesia.",,,,040_chen_2015_hyperalgesia_lund.pdf,88719bd172fa29650c9503944c2e6f7cf083d1dac34c978d8f0d2ddf12b7d2ba,"Single extractor, 2026-09-28",pending
Chen 2015 (Hyperalgesia),session_duration,30 min,Extracted (PDF quote),2,an intensity of 6-9 mA for 30 min,,,,040_chen_2015_hyperalgesia_lund.pdf,88719bd172fa29650c9503944c2e6f7cf083d1dac34c978d8f0d2ddf12b7d2ba,"Single extractor, 2026-09-28",pending
Chen 2020,age,TEAS 56.0 ± 3.7; sham 55.8 ± 3.2 years (mean ± SD); eligibility 18–64,Extracted (PDF quote),4,Age (years) 56.0 3.7 55.8 3.2,,,± sign lost in the text layer; table footnote states mean standard deviation.,TEAS EA Verification/Source PDFs/Thoracic Cancer - 2020 - Chen - Efficacy of transcutaneous electrical acupoint stimulation combined with general anesthesia.pdf,debc925a549725290efc12e4fde6fbbb63880cb0bbd6425faac2e22b1e5c3663,"Single extractor, 2026-09-28",pending
Chen 2020,female,TEAS 17/40; sham 18/40 female,Extracted (PDF quote),4,Gender (female/male) 17/23 18/22,,,,TEAS EA Verification/Source PDFs/Thoracic Cancer - 2020 - Chen - Efficacy of transcutaneous electrical acupoint stimulation combined with general anesthesia.pdf,debc925a549725290efc12e4fde6fbbb63880cb0bbd6425faac2e22b1e5c3663,"Single extractor, 2026-09-28",pending
Chen 2020,bmi,TEAS 23.5 ± 0.9; sham 23.4 ± 1.0 kg/m² (mean ± SD),Extracted (PDF quote),4,BMI (kg/m2) 23.5 0.9 23.4 1.0,,,,TEAS EA Verification/Source PDFs/Thoracic Cancer - 2020 - Chen - Efficacy of transcutaneous electrical acupoint stimulation combined with general anesthesia.pdf,debc925a549725290efc12e4fde6fbbb63880cb0bbd6425faac2e22b1e5c3663,"Single extractor, 2026-09-28",pending
Chen 2020,asa,ASA I–II (eligibility),Extracted (PDF quote),2,American Society of Anesthesiologists status I or II,,,,TEAS EA Verification/Source PDFs/Thoracic Cancer - 2020 - Chen - Efficacy of transcutaneous electrical acupoint stimulation combined with general anesthesia.pdf,debc925a549725290efc12e4fde6fbbb63880cb0bbd6425faac2e22b1e5c3663,"Single extractor, 2026-09-28",pending
Chen 2020,acupoints,"Bilateral LI4, PC6, SI3, TE6",Extracted (PDF quote),2,"bilateral Hegu (LI 4), Neiguan (PC 6), Houxi (SI 3), and Zhigou (TE 6) acupoints",,,,TEAS EA Verification/Source PDFs/Thoracic Cancer - 2020 - Chen - Efficacy of transcutaneous electrical acupoint stimulation combined with general anesthesia.pdf,debc925a549725290efc12e4fde6fbbb63880cb0bbd6425faac2e22b1e5c3663,"Single extractor, 2026-09-28",pending
Chen 2020,frequency,2/100 Hz,Extracted (PDF quote),2,The frequency of TEAS was 2/100 Hz.,,,,TEAS EA Verification/Source PDFs/Thoracic Cancer - 2020 - Chen - Efficacy of transcutaneous electrical acupoint stimulation combined with general anesthesia.pdf,debc925a549725290efc12e4fde6fbbb63880cb0bbd6425faac2e22b1e5c3663,"Single extractor, 2026-09-28",pending
Chen 2020,intensity,10–15 mA before and after surgery; 30 mA intraoperatively (sham 4 mA pre/post),Extracted (PDF quote),2,"Patients in the TEAS group received electrical stimulation (10–15 mA) for 30 minutes before anesthetic induction, continuous stimulation (30 mA) throughout the surgical procedure",,,Legacy value was 5–15 mA.,TEAS EA Verification/Source PDFs/Thoracic Cancer - 2020 - Chen - Efficacy of transcutaneous electrical acupoint stimulation combined with general anesthesia.pdf,debc925a549725290efc12e4fde6fbbb63880cb0bbd6425faac2e22b1e5c3663,"Single extractor, 2026-09-28",pending
Chen 2020,timing,"Preoperative (30 min before induction), continuous intraoperative, and postoperative at 6, 24 and 48 h",Extracted (PDF quote),2,"for 30 minutes before anesthetic induction, continuous stimulation (30 mA) throughout the surgical procedure",2,"for 30 minutes each at six, 24, and 48 hours after the surgery",Legacy value was preoperative only.,TEAS EA Verification/Source PDFs/Thoracic Cancer - 2020 - Chen - Efficacy of transcutaneous electrical acupoint stimulation combined with general anesthesia.pdf,debc925a549725290efc12e4fde6fbbb63880cb0bbd6425faac2e22b1e5c3663,"Single extractor, 2026-09-28",pending
Chen 2020,sessions,"5 (1 preoperative, 1 continuous intraoperative, 3 postoperative)",Extracted (PDF quote),2,"for 30 minutes each at six, 24, and 48 hours after the surgery",,,Count derived from the schedule as printed. Legacy value was a single session.,TEAS EA Verification/Source PDFs/Thoracic Cancer - 2020 - Chen - Efficacy of transcutaneous electrical acupoint stimulation combined with general anesthesia.pdf,debc925a549725290efc12e4fde6fbbb63880cb0bbd6425faac2e22b1e5c3663,"Single extractor, 2026-09-28",pending
Chen 2020,session_duration,30 min pre/postoperative sessions; intraoperative stimulation for the duration of surgery,Extracted (PDF quote),2,"for 30 minutes before anesthetic induction, continuous stimulation (30 mA) throughout the surgical procedure",,,,TEAS EA Verification/Source PDFs/Thoracic Cancer - 2020 - Chen - Efficacy of transcutaneous electrical acupoint stimulation combined with general anesthesia.pdf,debc925a549725290efc12e4fde6fbbb63880cb0bbd6425faac2e22b1e5c3663,"Single extractor, 2026-09-28",pending
Coura 2011,age,Control 62.5 ± 10.8; EA 56.2 ± 11 years (Table 1; SD digits partly illegible),Extracted (PDF quote),3,Age (years) Sex M/F 62.5110.8 4/5 56.2111. 10/3,,,"The text layer garbles Table 1 (± rendered as ""1""); the EA SD cannot be read exactly. Legacy value gave EA 58.8 ± 11.2, which the table does not support. Table 1 is headed ""Conventional surgery""; confirm against the PDF image.",TEAS EA Verification/Source PDFs/covidence_819_full_article.pdf,4e6e6512dd139c7b914b56c3b22b6c05eb6c884675c03db02a924eec5a6f7be6,"Single extractor, 2026-09-28",pending
Coura 2011,female,EA 3/13; control 5/9 female (13 with 10 male; 9 with 4 male),Extracted (PDF quote),1,leaving 13 (10 male) in the treatment group and 9 (4 male) in the control group,,,,TEAS EA Verification/Source PDFs/covidence_819_full_article.pdf,4e6e6512dd139c7b914b56c3b22b6c05eb6c884675c03db02a924eec5a6f7be6,"Single extractor, 2026-09-28",pending
Coura 2011,bmi,,Not reported in source,,,,,Not reported.,TEAS EA Verification/Source PDFs/covidence_819_full_article.pdf,4e6e6512dd139c7b914b56c3b22b6c05eb6c884675c03db02a924eec5a6f7be6,"Single extractor, 2026-09-28",pending
Coura 2011,asa,,Not reported in source,,,,,No ASA physical status reported.,TEAS EA Verification/Source PDFs/covidence_819_full_article.pdf,4e6e6512dd139c7b914b56c3b22b6c05eb6c884675c03db02a924eec5a6f7be6,"Single extractor, 2026-09-28",pending
Coura 2011,acupoints,"Bilateral point pairs LI4–LI11, LR3–ST36, PC6–TE5 (needle EA)",Extracted (PDF quote),2,"EA was applied to three pairs of acupuncture points on each side (LI4-LI11, LR3-ST36, PC6-TE5)",,,"Legacy value listed PC6, LI4, EX-HN3 and ST36.",TEAS EA Verification/Source PDFs/covidence_819_full_article.pdf,4e6e6512dd139c7b914b56c3b22b6c05eb6c884675c03db02a924eec5a6f7be6,"Single extractor, 2026-09-28",pending
Coura 2011,frequency,"3 and 15 Hz, alternating every 4 s",Extracted (PDF quote),2,for 30 min using 4 s altemating frequencies of 3 and 15 Hz,,,"""altemating"" is the text layer's rendering of ""alternating"". Legacy value was 2/100 Hz.",TEAS EA Verification/Source PDFs/covidence_819_full_article.pdf,4e6e6512dd139c7b914b56c3b22b6c05eb6c884675c03db02a924eec5a6f7be6,"Single extractor, 2026-09-28",pending
Coura 2011,intensity,Individual maximum tolerance,Extracted (PDF quote),2,Power was determined according to individual maximum tolerance.,,,Legacy value was 5–15 mA.,TEAS EA Verification/Source PDFs/covidence_819_full_article.pdf,4e6e6512dd139c7b914b56c3b22b6c05eb6c884675c03db02a924eec5a6f7be6,"Single extractor, 2026-09-28",pending
Coura 2011,timing,"Preoperative, the day before surgery (12–18 h before)",Extracted (PDF quote),2,(12-18 h prior to the surgery),2,The EA procedure was performed only the day before the surgery.,,TEAS EA Verification/Source PDFs/covidence_819_full_article.pdf,4e6e6512dd139c7b914b56c3b22b6c05eb6c884675c03db02a924eec5a6f7be6,"Single extractor, 2026-09-28",pending
Coura 2011,sessions,"1 (preoperative, day before surgery)",Extracted (PDF quote),2,The EA procedure was performed only the day before the surgery.,,,,TEAS EA Verification/Source PDFs/covidence_819_full_article.pdf,4e6e6512dd139c7b914b56c3b22b6c05eb6c884675c03db02a924eec5a6f7be6,"Single extractor, 2026-09-28",pending
Coura 2011,session_duration,30 min,Extracted (PDF quote),2,for 30 min using 4 s altemating frequencies of 3 and 15 Hz,,,,TEAS EA Verification/Source PDFs/covidence_819_full_article.pdf,4e6e6512dd139c7b914b56c3b22b6c05eb6c884675c03db02a924eec5a6f7be6,"Single extractor, 2026-09-28",pending
El-Rakshy 2009,age,,Not reported in source,,,,,"Eligibility: adults ≥18 years, excluding those over 70. The report states that baseline variables such as age were inaccessible after data entry.",TEAS EA Verification/Source PDFs/covidence_868_full_article.pdf,afb7b0095736da9d64b2c771296a6b74cb30c9287b7aa3e2644a14b5e0307529,"Single extractor, 2026-09-28",pending
El-Rakshy 2009,female,"PCA 50/58; PCA + EA 42/44 female (10 males, all laparoscopic cholecystectomy; 8 randomised to PCA alone)",Extracted (PDF quote),3,A total of 58 patients were analysed in the PCA arm and 44 in the PCA + acupuncture arm.,3,There were 10 male patients in the laparoscopic cholecystectomy group; eight were randomised to PCA alone.,Per-arm female counts derived from the printed totals.,TEAS EA Verification/Source PDFs/covidence_868_full_article.pdf,afb7b0095736da9d64b2c771296a6b74cb30c9287b7aa3e2644a14b5e0307529,"Single extractor, 2026-09-28",pending
El-Rakshy 2009,bmi,,Not reported in source,,,,,Not reported.,TEAS EA Verification/Source PDFs/covidence_868_full_article.pdf,afb7b0095736da9d64b2c771296a6b74cb30c9287b7aa3e2644a14b5e0307529,"Single extractor, 2026-09-28",pending
El-Rakshy 2009,asa,ASA I–II (eligibility),Extracted (PDF quote),2,had an American Society of Anaesthesiology score of either I or II,,,,TEAS EA Verification/Source PDFs/covidence_868_full_article.pdf,afb7b0095736da9d64b2c771296a6b74cb30c9287b7aa3e2644a14b5e0307529,"Single extractor, 2026-09-28",pending
El-Rakshy 2009,acupoints,"Operation-specific (needle EA): hysterectomy GV2, GV4 (midline) and bilateral BL32, BL23, LI4, PC6; laparoscopic cholecystectomy bilateral LR3, SP6, LI4, PC6",Extracted (PDF quote),2,"In patients undergoing hysterectomy the following points were used: GV2, GV4 in the midline and BL32, BL23, LI4 and PC6, bilaterally.",2,"laparoscopic cholecystectomy, the following points were used: LR3, SP6, LI4 and PC6, all bilaterally.",,TEAS EA Verification/Source PDFs/covidence_868_full_article.pdf,afb7b0095736da9d64b2c771296a6b74cb30c9287b7aa3e2644a14b5e0307529,"Single extractor, 2026-09-28",pending
El-Rakshy 2009,frequency,10 Hz,Extracted (PDF quote),3,The frequency used was 10 Hz,,,Legacy value was 2/100 Hz.,TEAS EA Verification/Source PDFs/covidence_868_full_article.pdf,afb7b0095736da9d64b2c771296a6b74cb30c9287b7aa3e2644a14b5e0307529,"Single extractor, 2026-09-28",pending
El-Rakshy 2009,intensity,7/10 on the stimulator scale (mA not reported); occasional muscle twitches,Extracted (PDF quote),3,the intensity was 7/10 on the intensity scale of the electroacupuncture unit,,,Legacy value was 5–15 mA.,TEAS EA Verification/Source PDFs/covidence_868_full_article.pdf,afb7b0095736da9d64b2c771296a6b74cb30c9287b7aa3e2644a14b5e0307529,"Single extractor, 2026-09-28",pending
El-Rakshy 2009,timing,"Intraoperative: needles inserted after induction, stimulated for the duration of the operation",Extracted (PDF quote),2,had the acupuncture needles inserted after induction of anaesthesia,3,for the duration of the operation,Legacy value was preoperative.,TEAS EA Verification/Source PDFs/covidence_868_full_article.pdf,afb7b0095736da9d64b2c771296a6b74cb30c9287b7aa3e2644a14b5e0307529,"Single extractor, 2026-09-28",pending
El-Rakshy 2009,sessions,1 (intraoperative),Extracted (PDF quote),3,for the duration of the operation,,,,TEAS EA Verification/Source PDFs/covidence_868_full_article.pdf,afb7b0095736da9d64b2c771296a6b74cb30c9287b7aa3e2644a14b5e0307529,"Single extractor, 2026-09-28",pending
El-Rakshy 2009,session_duration,Duration of the operation (not fixed),Extracted (PDF quote),3,for the duration of the operation,,,,TEAS EA Verification/Source PDFs/covidence_868_full_article.pdf,afb7b0095736da9d64b2c771296a6b74cb30c9287b7aa3e2644a14b5e0307529,"Single extractor, 2026-09-28",pending
Gao 2021,age,"TEAS 62.0 (53.0–69.0); sham 63.0 (54.0–70.0) years, median (IQR)",Extracted (PDF quote),5,"Age, years 62.0 (53.0e69.0) 63.0 (54.0e70.0)",,,"Dashes render as ""e"" in the text layer.",TEAS EA Verification/Source PDFs/covidence_400_full_article.pdf,9dccc7912cf6c84c466abdf8e09b879b53113bafa6d3d72306ad087bdc48e18a,"Single extractor, 2026-09-28",pending
Gao 2021,female,TEAS 127/303; sham 151/307 female (men 176 [58.1%] vs 156 [50.8%]),Extracted (PDF quote),5,Men 176 (58.1) 156 (50.8),,,Female counts derived from the printed male counts and arm sizes.,TEAS EA Verification/Source PDFs/covidence_400_full_article.pdf,9dccc7912cf6c84c466abdf8e09b879b53113bafa6d3d72306ad087bdc48e18a,"Single extractor, 2026-09-28",pending
Gao 2021,bmi,"TEAS 22.5 (20.4–24.7); sham 22.7 (20.7–24.4) kg/m², median (IQR)",Extracted (PDF quote),5,"Body mass index, kg/m2 22.5 (20.4e24.7) 22.7 (20.7e24.4)",,,,TEAS EA Verification/Source PDFs/covidence_400_full_article.pdf,9dccc7912cf6c84c466abdf8e09b879b53113bafa6d3d72306ad087bdc48e18a,"Single extractor, 2026-09-28",pending
Gao 2021,asa,"ASA I–III; TEAS 24/243/36, sham 22/240/45 (ASA I/II/III)",Extracted (PDF quote),5,ASA score I 24 (7.9) 22 (7.2) II 243 (80.2) 240 (78.2) III 36 (11.9) 45 (14.7),,,,TEAS EA Verification/Source PDFs/covidence_400_full_article.pdf,9dccc7912cf6c84c466abdf8e09b879b53113bafa6d3d72306ad087bdc48e18a,"Single extractor, 2026-09-28",pending
Gao 2021,acupoints,"Bilateral ST36, ST37, SP6",Extracted (PDF quote),3,"The Zusanli (ST36), Shangjuxu (ST37), and Sanyinjiao (SP6) acupoints at both legs",,,,TEAS EA Verification/Source PDFs/covidence_400_full_article.pdf,9dccc7912cf6c84c466abdf8e09b879b53113bafa6d3d72306ad087bdc48e18a,"Single extractor, 2026-09-28",pending
Gao 2021,frequency,2–10 Hz,Extracted (PDF quote),3,at a frequency of 2 to 10 Hz stimulation,,,Legacy value was 2/100 Hz.,TEAS EA Verification/Source PDFs/covidence_400_full_article.pdf,9dccc7912cf6c84c466abdf8e09b879b53113bafa6d3d72306ad087bdc48e18a,"Single extractor, 2026-09-28",pending
Gao 2021,intensity,Maximum tolerated after de qi,Extracted (PDF quote),3,TEAS was adjusted to the maximum intensity tolerated by the patient.,,,Legacy value was 5–15 mA.,TEAS EA Verification/Source PDFs/covidence_400_full_article.pdf,9dccc7912cf6c84c466abdf8e09b879b53113bafa6d3d72306ad087bdc48e18a,"Single extractor, 2026-09-28",pending
Gao 2021,timing,Postoperative: in the PACU (Steward score 4) and once daily on POD1–3,Extracted (PDF quote),3,the remaining 3 times were once each day between 9 AM and 11 AM on the first to third postoperative days in the ward,,,Legacy value was preoperative.,TEAS EA Verification/Source PDFs/covidence_400_full_article.pdf,9dccc7912cf6c84c466abdf8e09b879b53113bafa6d3d72306ad087bdc48e18a,"Single extractor, 2026-09-28",pending
Gao 2021,sessions,"4 (PACU, POD1, POD2, POD3)",Extracted (PDF quote),1,"for 30 minutes each time, total 4 times",,,Legacy value was a single session.,TEAS EA Verification/Source PDFs/covidence_400_full_article.pdf,9dccc7912cf6c84c466abdf8e09b879b53113bafa6d3d72306ad087bdc48e18a,"Single extractor, 2026-09-28",pending
Gao 2021,session_duration,30 min,Extracted (PDF quote),3,This was then maintained for 30 minutes.,,,,TEAS EA Verification/Source PDFs/covidence_400_full_article.pdf,9dccc7912cf6c84c466abdf8e09b879b53113bafa6d3d72306ad087bdc48e18a,"Single extractor, 2026-09-28",pending
Gao 2022,age,"TEAS 39.0 (31.0, 46.0); sham 39.0 (31.0, 46.0) years, median (IQR); eligibility 18–50",Extracted (PDF quote),5,"Age, yr 39.0 (31.0, 46.0) 39.0 (31.0, 46.0)",,,"Legacy value was ""not reported"".",TEAS EA Verification/Source PDFs/pdf-2.pdf,5cfa6412264e74d7e713676f049fb116278621263c2a13a84c82c48084231492,"Single extractor, 2026-09-28",pending
Gao 2022,female,TEAS 803/827 (97.1%); sham 803/828 (97.0%) female,Extracted (PDF quote),5,Female 803 (97.1) 803 (97.0),,,,TEAS EA Verification/Source PDFs/pdf-2.pdf,5cfa6412264e74d7e713676f049fb116278621263c2a13a84c82c48084231492,"Single extractor, 2026-09-28",pending
Gao 2022,bmi,"TEAS 23.1 (21.0, 25.4); sham 22.7 (20.6, 24.8) kg/m², median (IQR)",Extracted (PDF quote),5,"BMI, kg/m2 23.1 (21.0, 25.4) 22.7 (20.6, 24.8)",,,,TEAS EA Verification/Source PDFs/pdf-2.pdf,5cfa6412264e74d7e713676f049fb116278621263c2a13a84c82c48084231492,"Single extractor, 2026-09-28",pending
Gao 2022,asa,ASA I–III (eligibility); distribution not tabulated,Extracted (PDF quote),3,ASA class I–III,,,,TEAS EA Verification/Source PDFs/pdf-2.pdf,5cfa6412264e74d7e713676f049fb116278621263c2a13a84c82c48084231492,"Single extractor, 2026-09-28",pending
Gao 2022,acupoints,"Bilateral PC6, ST36",Extracted (PDF quote),3,The bilateral P6 and ST36 were pressed to achieve a tingling sensation,,,,TEAS EA Verification/Source PDFs/pdf-2.pdf,5cfa6412264e74d7e713676f049fb116278621263c2a13a84c82c48084231492,"Single extractor, 2026-09-28",pending
Gao 2022,frequency,2/10 Hz,Extracted (PDF quote),3,selected the distant-dense wave with the frequency of 2/10 Hz,,,,TEAS EA Verification/Source PDFs/pdf-2.pdf,5cfa6412264e74d7e713676f049fb116278621263c2a13a84c82c48084231492,"Single extractor, 2026-09-28",pending
Gao 2022,intensity,Maximum tolerance,Extracted (PDF quote),3,"After adjusting the intensity to the patient’s maximum tolerance, the treatment lasted for 30 min.",,,,TEAS EA Verification/Source PDFs/pdf-2.pdf,5cfa6412264e74d7e713676f049fb116278621263c2a13a84c82c48084231492,"Single extractor, 2026-09-28",pending
Gao 2022,timing,Postoperative: after recovery from anaesthesia on the day of surgery and the next morning,Extracted (PDF quote),1,after recovery from anesthesia on the surgical day and the next morning for 30 min,,,,TEAS EA Verification/Source PDFs/pdf-2.pdf,5cfa6412264e74d7e713676f049fb116278621263c2a13a84c82c48084231492,"Single extractor, 2026-09-28",pending
Gao 2022,sessions,"2 (day of surgery, next morning)",Extracted (PDF quote),1,after recovery from anesthesia on the surgical day and the next morning for 30 min,,,,TEAS EA Verification/Source PDFs/pdf-2.pdf,5cfa6412264e74d7e713676f049fb116278621263c2a13a84c82c48084231492,"Single extractor, 2026-09-28",pending
Gao 2022,session_duration,30 min,Extracted (PDF quote),3,the treatment lasted for 30 min,,,,TEAS EA Verification/Source PDFs/pdf-2.pdf,5cfa6412264e74d7e713676f049fb116278621263c2a13a84c82c48084231492,"Single extractor, 2026-09-28",pending
Grech 2016,age,EA 44.73 (± 2.68); control 52.33 (± 4.08) years; dispersion appears to be SE (figures report mean ± standard error),Extracted (PDF quote),4,Control 9 52.33 4.08 85.00 6.22 5 4 9 EA 11 44.73 2.68 77.70 5.97 6 5 9,,,"Legacy value (± 8.89 / ± 12.24) is an SD back-calculated from these figures, which the report does not print.",retrieved_pdfs/030_grech_2016_lund.pdf,3e8ef2e6a5e8768cc4f9c4635ed2156fe7d03d529e4d140df84d8789138f6a63,"Single extractor, 2026-09-28",pending
Grech 2016,female,EA 9/11; control 9/9 female,Extracted (PDF quote),4,Control 9 52.33 4.08 85.00 6.22 5 4 9 EA 11 44.73 2.68 77.70 5.97 6 5 9,,,Last column of Table 2 is the number of female patients.,retrieved_pdfs/030_grech_2016_lund.pdf,3e8ef2e6a5e8768cc4f9c4635ed2156fe7d03d529e4d140df84d8789138f6a63,"Single extractor, 2026-09-28",pending
Grech 2016,bmi,,Not reported in source,,,,,Body weight is reported; BMI is not.,retrieved_pdfs/030_grech_2016_lund.pdf,3e8ef2e6a5e8768cc4f9c4635ed2156fe7d03d529e4d140df84d8789138f6a63,"Single extractor, 2026-09-28",pending
Grech 2016,asa,,Not reported in source,,,,,No ASA physical status reported.,retrieved_pdfs/030_grech_2016_lund.pdf,3e8ef2e6a5e8768cc4f9c4635ed2156fe7d03d529e4d140df84d8789138f6a63,"Single extractor, 2026-09-28",pending
Grech 2016,acupoints,"Bilateral LI4, LI11, ST36 (needle EA)",Extracted (PDF quote),3,"the bilateral LI-4, LI-11, and ST-36 acupoints would be stimulated alternately",,,,retrieved_pdfs/030_grech_2016_lund.pdf,3e8ef2e6a5e8768cc4f9c4635ed2156fe7d03d529e4d140df84d8789138f6a63,"Single extractor, 2026-09-28",pending
Grech 2016,frequency,10 Hz continuous,Extracted (PDF quote),3,at a 10-Hz frequency with continuous electrical current,,,Legacy value was 2/100 Hz.,retrieved_pdfs/030_grech_2016_lund.pdf,3e8ef2e6a5e8768cc4f9c4635ed2156fe7d03d529e4d140df84d8789138f6a63,"Single extractor, 2026-09-28",pending
Grech 2016,intensity,Not stated in mA; mild muscle twitching observed,Extracted (PDF quote),3,Mild muscle twitching was observed.,,,Legacy value was 5–15 mA.,retrieved_pdfs/030_grech_2016_lund.pdf,3e8ef2e6a5e8768cc4f9c4635ed2156fe7d03d529e4d140df84d8789138f6a63,"Single extractor, 2026-09-28",pending
Grech 2016,timing,"Intraoperative, starting about 15 min after induction during maintenance of general anaesthesia",Extracted (PDF quote),3,"two 30-minute treatments stimulating simultaneously the He Gu (LI-4), Qu Chi (LI-11), and Zu San Li (ST-36) acupoints simultaneously during the maintenance phase of general anesthesia",,,Figure 1 legend: treatments started about 15 min after induction. Legacy value was preoperative.,retrieved_pdfs/030_grech_2016_lund.pdf,3e8ef2e6a5e8768cc4f9c4635ed2156fe7d03d529e4d140df84d8789138f6a63,"Single extractor, 2026-09-28",pending
Grech 2016,sessions,2 (intraoperative),Extracted (PDF quote),3,Low-frequency EA consisted of two 30-minute treatments,,,Legacy value was a single session.,retrieved_pdfs/030_grech_2016_lund.pdf,3e8ef2e6a5e8768cc4f9c4635ed2156fe7d03d529e4d140df84d8789138f6a63,"Single extractor, 2026-09-28",pending
Grech 2016,session_duration,30 min,Extracted (PDF quote),3,Low-frequency EA consisted of two 30-minute treatments,,,,retrieved_pdfs/030_grech_2016_lund.pdf,3e8ef2e6a5e8768cc4f9c4635ed2156fe7d03d529e4d140df84d8789138f6a63,"Single extractor, 2026-09-28",pending
Gu 2019,age,L-TEAS 57.59 ± 7.32; sham (C-TEAS) 56.67 ± 6.23 years (mean ± SD),Extracted (PDF quote),4,"Age (mean ± SD, year) 56.67 ± 6.23 57.59 ± 7.32",,,,TEAS EA Verification/Source PDFs/covidence_1471_full_article.pdf,b6fb0c0901f5f6716bd6cc6facc06f0844dca5c5e9d357527f55936d5de0aa33,"Single extractor, 2026-09-28",pending
Gu 2019,female,L-TEAS 27/58; sham 30/59 female,Extracted (PDF quote),4,Sex Male 29 31 Female 30 27,,,,TEAS EA Verification/Source PDFs/covidence_1471_full_article.pdf,b6fb0c0901f5f6716bd6cc6facc06f0844dca5c5e9d357527f55936d5de0aa33,"Single extractor, 2026-09-28",pending
Gu 2019,bmi,L-TEAS 22.71 ± 2.54; sham 21.84 ± 2.78 kg/m² (mean ± SD),Extracted (PDF quote),4,"BMI(mean ± SD, kg/m2) 21.84 ± 2.78 22.71 ± 2.54",,,,TEAS EA Verification/Source PDFs/covidence_1471_full_article.pdf,b6fb0c0901f5f6716bd6cc6facc06f0844dca5c5e9d357527f55936d5de0aa33,"Single extractor, 2026-09-28",pending
Gu 2019,asa,"ASA I–II; L-TEAS 23/35, sham 20/39 (ASA I/II)",Extracted (PDF quote),4,ASA physical status I 20 23 II 39 35,,,,TEAS EA Verification/Source PDFs/covidence_1471_full_article.pdf,b6fb0c0901f5f6716bd6cc6facc06f0844dca5c5e9d357527f55936d5de0aa33,"Single extractor, 2026-09-28",pending
Gu 2019,acupoints,"Bilateral ST36, PC6",Extracted (PDF quote),1,The stimulation sites included bilateral Zusanli (ST 36) and Neiguan (PC 6) acupoints.,,,,TEAS EA Verification/Source PDFs/covidence_1471_full_article.pdf,b6fb0c0901f5f6716bd6cc6facc06f0844dca5c5e9d357527f55936d5de0aa33,"Single extractor, 2026-09-28",pending
Gu 2019,frequency,2/100 Hz dense-disperse,Extracted (PDF quote),2,The frequency was set to 2/100 Hz with a dense-disperse wave.,,,,TEAS EA Verification/Source PDFs/covidence_1471_full_article.pdf,b6fb0c0901f5f6716bd6cc6facc06f0844dca5c5e9d357527f55936d5de0aa33,"Single extractor, 2026-09-28",pending
Gu 2019,intensity,5–30 mA to de qi,Extracted (PDF quote),2,the intensity of the TEAS ranged from 5 to 30 mA,,,Legacy value was 5–15 mA.,TEAS EA Verification/Source PDFs/covidence_1471_full_article.pdf,b6fb0c0901f5f6716bd6cc6facc06f0844dca5c5e9d357527f55936d5de0aa33,"Single extractor, 2026-09-28",pending
Gu 2019,timing,"Perioperative: continuous from 30 min before induction to 30 min after surgery, then 30 min at 8 a.m., 1 p.m. and 6 p.m. for 2 days",Extracted (PDF quote),1,"TEAS was maintained from 30 min before anesthetic induction to 30 min after the operation, and TEAS was also performed for 30 min at 8 a.m., 1 p.",,,Legacy value was preoperative only.,TEAS EA Verification/Source PDFs/covidence_1471_full_article.pdf,b6fb0c0901f5f6716bd6cc6facc06f0844dca5c5e9d357527f55936d5de0aa33,"Single extractor, 2026-09-28",pending
Gu 2019,sessions,7 (1 continuous perioperative; 3 daily for 2 postoperative days),Extracted (PDF quote),2,"erformed for 30 min at 8 a.m., 1 p.m. and 6 p.m. within 2 d of the operation.",,,Count derived from the schedule as printed. Legacy value was a single session.,TEAS EA Verification/Source PDFs/covidence_1471_full_article.pdf,b6fb0c0901f5f6716bd6cc6facc06f0844dca5c5e9d357527f55936d5de0aa33,"Single extractor, 2026-09-28",pending
Gu 2019,session_duration,Perioperative block from 30 min before induction to 30 min after surgery; postoperative sessions 30 min,Extracted (PDF quote),1,TEAS was maintained from 30 min before anesthetic induction to 30 min after the operation,,,,TEAS EA Verification/Source PDFs/covidence_1471_full_article.pdf,b6fb0c0901f5f6716bd6cc6facc06f0844dca5c5e9d357527f55936d5de0aa33,"Single extractor, 2026-09-28",pending
Guo 2023,age,TEAS 70.09 ± 3.95; sham 70.56 ± 4.59 years (mean ± SD); eligibility ≥65,Extracted (PDF quote),5,Age (years) 70.09 ± 3.95 70.56 ± 4.59,,,,retrieved_pdfs/006_guo_2023.pdf,939a5c0639ee8f9d570b5f1de578831009fb452fc1caabbb1c7879faf8849434,"Single extractor, 2026-09-28",pending
Guo 2023,female,TEAS 20/55; sham 27/55 female,Extracted (PDF quote),5,Female 20 (36.40%) 27 (49.10%),,,,retrieved_pdfs/006_guo_2023.pdf,939a5c0639ee8f9d570b5f1de578831009fb452fc1caabbb1c7879faf8849434,"Single extractor, 2026-09-28",pending
Guo 2023,bmi,TEAS 24.09 ± 2.78; sham 23.63 ± 2.85 kg/m² (mean ± SD),Extracted (PDF quote),5,BMI (kg/m2) 24.09 ± 2.78 23.63 ± 2.85,,,,retrieved_pdfs/006_guo_2023.pdf,939a5c0639ee8f9d570b5f1de578831009fb452fc1caabbb1c7879faf8849434,"Single extractor, 2026-09-28",pending
Guo 2023,asa,ASA I–III (eligibility); distribution not tabulated,Extracted (PDF quote),2,American Society of Anesthesiologists status was I to III,,,"Legacy value was ""not reported"".",retrieved_pdfs/006_guo_2023.pdf,939a5c0639ee8f9d570b5f1de578831009fb452fc1caabbb1c7879faf8849434,"Single extractor, 2026-09-28",pending
Guo 2023,acupoints,"GV20 (DU20) and bilateral PC6, LI4, ST36",Extracted (PDF quote),1,"Baihui (DU20) and bilateral Neiguan (PC6), Hegu (LI4), and Zusanli (ST36)",,,,retrieved_pdfs/006_guo_2023.pdf,939a5c0639ee8f9d570b5f1de578831009fb452fc1caabbb1c7879faf8849434,"Single extractor, 2026-09-28",pending
Guo 2023,frequency,2/100 Hz disperse-dense,Extracted (PDF quote),3,"disperse-dense waves; 2/100 Hz, and 10–30 mA",,,,retrieved_pdfs/006_guo_2023.pdf,939a5c0639ee8f9d570b5f1de578831009fb452fc1caabbb1c7879faf8849434,"Single extractor, 2026-09-28",pending
Guo 2023,intensity,10–30 mA,Extracted (PDF quote),3,"disperse-dense waves; 2/100 Hz, and 10–30 mA",,,Legacy value was 5–15 mA.,retrieved_pdfs/006_guo_2023.pdf,939a5c0639ee8f9d570b5f1de578831009fb452fc1caabbb1c7879faf8849434,"Single extractor, 2026-09-28",pending
Guo 2023,timing,Perioperative: from 30 min before induction until the end of surgery,Extracted (PDF quote),3,from 30 min before anesthesia induction until the end of the surgery,,,Legacy value was preoperative (30 min) only.,retrieved_pdfs/006_guo_2023.pdf,939a5c0639ee8f9d570b5f1de578831009fb452fc1caabbb1c7879faf8849434,"Single extractor, 2026-09-28",pending
Guo 2023,sessions,1 (continuous perioperative),Extracted (PDF quote),3,from 30 min before anesthesia induction until the end of the surgery,,,,retrieved_pdfs/006_guo_2023.pdf,939a5c0639ee8f9d570b5f1de578831009fb452fc1caabbb1c7879faf8849434,"Single extractor, 2026-09-28",pending
Guo 2023,session_duration,From 30 min before induction to end of surgery (not fixed),Extracted (PDF quote),3,from 30 min before anesthesia induction until the end of the surgery,,,,retrieved_pdfs/006_guo_2023.pdf,939a5c0639ee8f9d570b5f1de578831009fb452fc1caabbb1c7879faf8849434,"Single extractor, 2026-09-28",pending
He 2026 (breast/WJCO),age,"EA 52 (43.5–61.5); control 52 (43.5–61) years, median (IQR); eligibility 18–75",Extracted (PDF quote),5,Year 52 (43.5-61) 52 (43.5-61.5),,,"Table 1 labels the age row ""Year""; columns are control then EA.",TEAS EA Verification/Source PDFs/covidence_41_verified.pdf,c72b10318ea20c6c8d9c26a001fcbccbb77e7330991aa41644433139108a8cb4,"Single extractor, 2026-09-28",pending
He 2026 (breast/WJCO),female,,Not reported in source,,,,,Sex is not tabulated; the population is elective breast cancer surgery.,TEAS EA Verification/Source PDFs/covidence_41_verified.pdf,c72b10318ea20c6c8d9c26a001fcbccbb77e7330991aa41644433139108a8cb4,"Single extractor, 2026-09-28",pending
He 2026 (breast/WJCO),bmi,,Not reported in source,,,,,Height and weight are reported; BMI is not (eligibility BMI 18–30 kg/m2).,TEAS EA Verification/Source PDFs/covidence_41_verified.pdf,c72b10318ea20c6c8d9c26a001fcbccbb77e7330991aa41644433139108a8cb4,"Single extractor, 2026-09-28",pending
He 2026 (breast/WJCO),asa,ASA I–III (eligibility); distribution not tabulated,Extracted (PDF quote),2,American Society of Anesthesiologists class I-III,,,,TEAS EA Verification/Source PDFs/covidence_41_verified.pdf,c72b10318ea20c6c8d9c26a001fcbccbb77e7330991aa41644433139108a8cb4,"Single extractor, 2026-09-28",pending
He 2026 (breast/WJCO),acupoints,ST36 and SP6 (needle EA); laterality not stated,Extracted (PDF quote),3,The EA group was given electrical stimulation at the Zusanli and Sanyinjiao acupoints,,,,TEAS EA Verification/Source PDFs/covidence_41_verified.pdf,c72b10318ea20c6c8d9c26a001fcbccbb77e7330991aa41644433139108a8cb4,"Single extractor, 2026-09-28",pending
He 2026 (breast/WJCO),frequency,2/10 Hz sparse-dense (methods); the discussion states 2/100 Hz,Extracted (PDF quote),3,to provide 2/10 Hz sparse-dense wave stimulation,5,"in this study, 2/100 Hz EA stimulation was selected",Report-level conflict between methods (2/10 Hz) and discussion (2/100 Hz); the methods value is recorded.,TEAS EA Verification/Source PDFs/covidence_41_verified.pdf,c72b10318ea20c6c8d9c26a001fcbccbb77e7330991aa41644433139108a8cb4,"Single extractor, 2026-09-28",pending
He 2026 (breast/WJCO),intensity,"Individual tolerance and soreness, within a predefined safe range (mA not reported)",Extracted (PDF quote),3,"Stimulation intensity was based on the tolerance and degree of soreness of individual patients, but was adjusted within a standardized and predefined safe range.",,,Legacy value was 5–15 mA.,TEAS EA Verification/Source PDFs/covidence_41_verified.pdf,c72b10318ea20c6c8d9c26a001fcbccbb77e7330991aa41644433139108a8cb4,"Single extractor, 2026-09-28",pending
He 2026 (breast/WJCO),timing,Perioperative: from 30 min before induction until the end of surgery,Extracted (PDF quote),1,from 30 minutes before anesthesia induction until surgery end,,,Legacy value was preoperative (30 min) only.,TEAS EA Verification/Source PDFs/covidence_41_verified.pdf,c72b10318ea20c6c8d9c26a001fcbccbb77e7330991aa41644433139108a8cb4,"Single extractor, 2026-09-28",pending
He 2026 (breast/WJCO),sessions,1 (continuous perioperative),Extracted (PDF quote),1,from 30 minutes before anesthesia induction until surgery end,,,,TEAS EA Verification/Source PDFs/covidence_41_verified.pdf,c72b10318ea20c6c8d9c26a001fcbccbb77e7330991aa41644433139108a8cb4,"Single extractor, 2026-09-28",pending
He 2026 (breast/WJCO),session_duration,From 30 min before induction to end of surgery (not fixed),Extracted (PDF quote),1,from 30 minutes before anesthesia induction until surgery end,,,,TEAS EA Verification/Source PDFs/covidence_41_verified.pdf,c72b10318ea20c6c8d9c26a001fcbccbb77e7330991aa41644433139108a8cb4,"Single extractor, 2026-09-28",pending
He 2026 (hepatectomy/JIS),age,TEAS 52.3 ± 9.1; control 54.3 ± 10.9 years (mean ± SD),Extracted (PDF quote),7,"Age, mean ± SD, yrs 52.3 ± 9.1 54.3 ± 10.9",,,,TEAS EA Verification/Source PDFs/covidence_25_verified.pdf,4fc22447f980bacde9572ec5b1998318f5c4c38aedd82b7809644644e00d7e96,"Single extractor, 2026-09-28",pending
He 2026 (hepatectomy/JIS),female,TEAS 28/80; control 26/79 female,Extracted (PDF quote),7,Female 28 (35.0) 26 (32.9),,,,TEAS EA Verification/Source PDFs/covidence_25_verified.pdf,4fc22447f980bacde9572ec5b1998318f5c4c38aedd82b7809644644e00d7e96,"Single extractor, 2026-09-28",pending
He 2026 (hepatectomy/JIS),bmi,TEAS 23.4 ± 3.3; control 23.7 ± 4.9 kg/m² (mean ± SD),Extracted (PDF quote),7,"BMI, mean ± SD, kg/m2 23.4 ± 3.3 23.7 ± 4.9",,,,TEAS EA Verification/Source PDFs/covidence_25_verified.pdf,4fc22447f980bacde9572ec5b1998318f5c4c38aedd82b7809644644e00d7e96,"Single extractor, 2026-09-28",pending
He 2026 (hepatectomy/JIS),asa,"TEAS 2/74/4, control 1/72/6 (ASA I/II/III)",Extracted (PDF quote),7,"ASA grade, No. (%) I 2 (2.5) 1 (1.3) II 74 (92.5) 72 (91.1) III 4 (5) 6 (7.6)",,,,TEAS EA Verification/Source PDFs/covidence_25_verified.pdf,4fc22447f980bacde9572ec5b1998318f5c4c38aedd82b7809644644e00d7e96,"Single extractor, 2026-09-28",pending
He 2026 (hepatectomy/JIS),acupoints,Bilateral PC6,Extracted (PDF quote),4,bilateral acupoint stimulation was administered from immediately after anesthesia induction until surgery completion,,,,TEAS EA Verification/Source PDFs/covidence_25_verified.pdf,4fc22447f980bacde9572ec5b1998318f5c4c38aedd82b7809644644e00d7e96,"Single extractor, 2026-09-28",pending
He 2026 (hepatectomy/JIS),frequency,2/10 Hz alternating disperse-dense,Extracted (PDF quote),3,The device delivered alternating “disperse-dense” wave frequencies (2 Hz and 10 Hz),,,Legacy value was 2/100 Hz.,TEAS EA Verification/Source PDFs/covidence_25_verified.pdf,4fc22447f980bacde9572ec5b1998318f5c4c38aedd82b7809644644e00d7e96,"Single extractor, 2026-09-28",pending
He 2026 (hepatectomy/JIS),intensity,Maximum tolerable threshold with De Qi,Extracted (PDF quote),4,Stimulation intensity was individually titrated to each patient’s maximum tolerable threshold,,,Legacy value was 5–15 mA.,TEAS EA Verification/Source PDFs/covidence_25_verified.pdf,4fc22447f980bacde9572ec5b1998318f5c4c38aedd82b7809644644e00d7e96,"Single extractor, 2026-09-28",pending
He 2026 (hepatectomy/JIS),timing,Intraoperative: from immediately after induction until surgery completion,Extracted (PDF quote),4,bilateral acupoint stimulation was administered from immediately after anesthesia induction until surgery completion,,,Legacy value was preoperative.,TEAS EA Verification/Source PDFs/covidence_25_verified.pdf,4fc22447f980bacde9572ec5b1998318f5c4c38aedd82b7809644644e00d7e96,"Single extractor, 2026-09-28",pending
He 2026 (hepatectomy/JIS),sessions,1 (intraoperative),Extracted (PDF quote),4,bilateral acupoint stimulation was administered from immediately after anesthesia induction until surgery completion,,,,TEAS EA Verification/Source PDFs/covidence_25_verified.pdf,4fc22447f980bacde9572ec5b1998318f5c4c38aedd82b7809644644e00d7e96,"Single extractor, 2026-09-28",pending
He 2026 (hepatectomy/JIS),session_duration,Induction to end of surgery (not fixed),Extracted (PDF quote),4,from immediately after anesthesia induction until surgery completion,,,,TEAS EA Verification/Source PDFs/covidence_25_verified.pdf,4fc22447f980bacde9572ec5b1998318f5c4c38aedd82b7809644644e00d7e96,"Single extractor, 2026-09-28",pending
Hou 2023,age,"TEAS 54.0 (5.8); control 54.6 (8.0) years (mean, SD); eligibility 18–65",Extracted (PDF quote),6,Age [yr; mean (SD)] 54.6 (8.0) 54.0 (5.8),,,Table 2 lists control first.,retrieved_pdfs/007_hou_2023.pdf,e942cff2967fe015df636ad7e2c2070c665cdc8ac23b7dafab141d6d16cddbe6,"Single extractor, 2026-09-28",pending
Hou 2023,female,TEAS 23/36; control 27/36 female,Extracted (PDF quote),6,Female 27 (75.0) 23 (63.9),,,,retrieved_pdfs/007_hou_2023.pdf,e942cff2967fe015df636ad7e2c2070c665cdc8ac23b7dafab141d6d16cddbe6,"Single extractor, 2026-09-28",pending
Hou 2023,bmi,"TEAS 24.1 (2.0); control 24.0 (3.2) kg/m² (mean, SD)",Extracted (PDF quote),6,Body mass index [kg m−2; mean (SD) ] 24.0 (3.2) 24.1 (2.0),,,,retrieved_pdfs/007_hou_2023.pdf,e942cff2967fe015df636ad7e2c2070c665cdc8ac23b7dafab141d6d16cddbe6,"Single extractor, 2026-09-28",pending
Hou 2023,asa,"ASA I–II; TEAS 20/16, control 23/13 (ASA I/II)",Extracted (PDF quote),6,ASA [n (%)] 0.471 ǀ 23 (63.9) 20 (55.6) ǁ 13 (36.1) 16 (44.4),,,Legacy value gave only the TEAS arm.,retrieved_pdfs/007_hou_2023.pdf,e942cff2967fe015df636ad7e2c2070c665cdc8ac23b7dafab141d6d16cddbe6,"Single extractor, 2026-09-28",pending
Hou 2023,acupoints,"EX-HN3 (Yintang), bilateral LR3, PC6",Extracted (PDF quote),1,"at Yintang (EX-HN-3), bilateral Taichong (LR3) and Neiguan (PC6)",,,,retrieved_pdfs/007_hou_2023.pdf,e942cff2967fe015df636ad7e2c2070c665cdc8ac23b7dafab141d6d16cddbe6,"Single extractor, 2026-09-28",pending
Hou 2023,frequency,2/100 Hz dense-disperse,Extracted (PDF quote),2,"The mode of electrical stimulation was dense-disperse, alternated 2Hz/100 Hz frequencies",,,,retrieved_pdfs/007_hou_2023.pdf,e942cff2967fe015df636ad7e2c2070c665cdc8ac23b7dafab141d6d16cddbe6,"Single extractor, 2026-09-28",pending
Hou 2023,intensity,"Individual tolerance, generally 6–15 mA",Extracted (PDF quote),2,"the intensity was adjusted according to individual tolerance, generally between 6 and 15 mA",,,,retrieved_pdfs/007_hou_2023.pdf,e942cff2967fe015df636ad7e2c2070c665cdc8ac23b7dafab141d6d16cddbe6,"Single extractor, 2026-09-28",pending
Hou 2023,timing,"Perioperative: day before surgery, before induction, and day after surgery",Extracted (PDF quote),2,"TEAS was performed for 30 min at one day before surgery (D0), before the induction of anesthesia (D1), and one day after surgery",,,,retrieved_pdfs/007_hou_2023.pdf,e942cff2967fe015df636ad7e2c2070c665cdc8ac23b7dafab141d6d16cddbe6,"Single extractor, 2026-09-28",pending
Hou 2023,sessions,3,Extracted (PDF quote),2,"TEAS was performed for 30 min at one day before surgery (D0), before the induction of anesthesia (D1), and one day after surgery",,,,retrieved_pdfs/007_hou_2023.pdf,e942cff2967fe015df636ad7e2c2070c665cdc8ac23b7dafab141d6d16cddbe6,"Single extractor, 2026-09-28",pending
Hou 2023,session_duration,30 min,Extracted (PDF quote),2,TEAS was performed for 30 min,,,,retrieved_pdfs/007_hou_2023.pdf,e942cff2967fe015df636ad7e2c2070c665cdc8ac23b7dafab141d6d16cddbe6,"Single extractor, 2026-09-28",pending
Huang 2017,age,"Control 57.2 (15.7); 2/100 Hz 57.3 (11.6); 2 Hz 58.2 (10.6); 100 Hz 56.5 (11.2) years (mean, SD)",Extracted (PDF quote),5,"Age (year), mean (SD) 57.2 (15.7) 57.3 (11.6) 58.2 (10.6) 56.5 (11.2)",,,"Four-arm trial (control, 2/100 Hz, 2 Hz, 100 Hz; n=20 each).",TEAS EA Verification/Source PDFs/covidence_666_full_article.pdf,aebf2cb5816d3f198cd3a6b5c0ed9d22ad96abac984d877a70077e9c95f4c317,"Single extractor, 2026-09-28",pending
Huang 2017,female,Female: control 11/20; 2/100 Hz 10/20; 2 Hz 11/20; 100 Hz 11/20,Extracted (PDF quote),5,"Gender (n), male/female 9/11 10/10 9/11 9/11",,,,TEAS EA Verification/Source PDFs/covidence_666_full_article.pdf,aebf2cb5816d3f198cd3a6b5c0ed9d22ad96abac984d877a70077e9c95f4c317,"Single extractor, 2026-09-28",pending
Huang 2017,bmi,"Control 22.8 (2.6); 2/100 Hz 24.7 (2.2); 2 Hz 25.0 (3.5); 100 Hz 23.6 (2.2) kg/m² (mean, SD)",Extracted (PDF quote),5,"Body mass index (kg/m2), mean (SD) 22.8 (2.6) 24.7 (2.2) 25.0 (3.5) 23.6 (2.2)",,,,TEAS EA Verification/Source PDFs/covidence_666_full_article.pdf,aebf2cb5816d3f198cd3a6b5c0ed9d22ad96abac984d877a70077e9c95f4c317,"Single extractor, 2026-09-28",pending
Huang 2017,asa,ASA I/II/III: control 7/12/1; 2/100 Hz 6/14/0; 2 Hz 8/12/0; 100 Hz 10/7/3,Extracted (PDF quote),5,"American Society of Anesthesiologists status (n), I/II/III 7/12/1 6/14/0 8/12/0 10/7/3",,,Legacy value gave only one arm.,TEAS EA Verification/Source PDFs/covidence_666_full_article.pdf,aebf2cb5816d3f198cd3a6b5c0ed9d22ad96abac984d877a70077e9c95f4c317,"Single extractor, 2026-09-28",pending
Huang 2017,acupoints,"PC6, LI4, LU7 (Lieque), LI11 (Quchi) on the operative side",Extracted (PDF quote),1,"TEAS was administered over acupoints Neiguan, Hegu, Lieque, and Quchi on the sick lateral.",,,Legacy value listed LI4 and PC6 only.,TEAS EA Verification/Source PDFs/covidence_666_full_article.pdf,aebf2cb5816d3f198cd3a6b5c0ed9d22ad96abac984d877a70077e9c95f4c317,"Single extractor, 2026-09-28",pending
Huang 2017,frequency,"Arm-specific: 2/100 Hz (alternating every 3 s), 2 Hz or 100 Hz",Extracted (PDF quote),1,2/100 Hz is a type of alternating frequency which goes between 2 and 100 Hz every 3 s.,,,,TEAS EA Verification/Source PDFs/covidence_666_full_article.pdf,aebf2cb5816d3f198cd3a6b5c0ed9d22ad96abac984d877a70077e9c95f4c317,"Single extractor, 2026-09-28",pending
Huang 2017,intensity,Highest tolerable level without discomfort,Extracted (PDF quote),2,The intensity was set at the highest tolerable level that caused no discomfort to the participant.,,,Legacy value was 5–15 mA.,TEAS EA Verification/Source PDFs/covidence_666_full_article.pdf,aebf2cb5816d3f198cd3a6b5c0ed9d22ad96abac984d877a70077e9c95f4c317,"Single extractor, 2026-09-28",pending
Huang 2017,timing,"Perioperative: 30 min before induction, throughout the operation, and 30 min at 24 and 48 h after surgery",Extracted (PDF quote),2,"All participants received 30 min of TEAS or placebo- TEAS before induction, during the entire intraoperative",3,"period, and 30 min of TEAS or placebo-TEAS 24 and 48 h after surgery.",Legacy value was preoperative only.,TEAS EA Verification/Source PDFs/covidence_666_full_article.pdf,aebf2cb5816d3f198cd3a6b5c0ed9d22ad96abac984d877a70077e9c95f4c317,"Single extractor, 2026-09-28",pending
Huang 2017,sessions,"4 (preoperative, intraoperative, 24 h, 48 h)",Extracted (PDF quote),3,"period, and 30 min of TEAS or placebo-TEAS 24 and 48 h after surgery.",,,Count derived from the schedule as printed. Legacy value was a single session.,TEAS EA Verification/Source PDFs/covidence_666_full_article.pdf,aebf2cb5816d3f198cd3a6b5c0ed9d22ad96abac984d877a70077e9c95f4c317,"Single extractor, 2026-09-28",pending
Huang 2017,session_duration,30 min pre/postoperative; intraoperative for the duration of surgery,Extracted (PDF quote),2,"All participants received 30 min of TEAS or placebo- TEAS before induction, during the entire intraoperative",,,,TEAS EA Verification/Source PDFs/covidence_666_full_article.pdf,aebf2cb5816d3f198cd3a6b5c0ed9d22ad96abac984d877a70077e9c95f4c317,"Single extractor, 2026-09-28",pending
Huang 2024,age,Contralateral EA 67.29 ± 4.78; ipsilateral EA 68.82 ± 5.36; sham 67.58 ± 4.95 years (mean ± SD),Extracted (PDF quote),6,"Age, years 67.29 ± 4.78 68.82 ± 5.36 67.58 ± 4.95",,,Three-arm trial (n=38 each).,TEAS EA Verification/Source PDFs/covidence_245_full_article.pdf,728873a206e9cc158128f082bbe4a4cd75de6f417e9cd52738e8d1b23d883644,"Single extractor, 2026-09-28",pending
Huang 2024,female,Female: contralateral EA 33/38; ipsilateral EA 36/38; sham 31/38,Extracted (PDF quote),6,Gender Female 33 (86.8) 36 (94.7) 31 (81.6),,,,TEAS EA Verification/Source PDFs/covidence_245_full_article.pdf,728873a206e9cc158128f082bbe4a4cd75de6f417e9cd52738e8d1b23d883644,"Single extractor, 2026-09-28",pending
Huang 2024,bmi,Contralateral EA 24.43 ± 3.60; ipsilateral EA 24.12 ± 3.69; sham 23.34 ± 2.92 kg/m² (mean ± SD),Extracted (PDF quote),6,BMI 24.43 ± 3.60 24.12 ± 3.69 23.34 ± 2.92,,,,TEAS EA Verification/Source PDFs/covidence_245_full_article.pdf,728873a206e9cc158128f082bbe4a4cd75de6f417e9cd52738e8d1b23d883644,"Single extractor, 2026-09-28",pending
Huang 2024,asa,,Not reported in source,,,,,No ASA physical status reported.,TEAS EA Verification/Source PDFs/covidence_245_full_article.pdf,728873a206e9cc158128f082bbe4a4cd75de6f417e9cd52738e8d1b23d883644,"Single extractor, 2026-09-28",pending
Huang 2024,acupoints,"ST32, ST36, SP9, GB34 (needle EA; operated and/or contralateral side by arm)",Extracted (PDF quote),3,"EA was administered at ST32 (Futu) and ST36 (Zusanli), featuring a distribution around the knees, as well as SP9 (Yinlingquan) and GB34 (Ya",,,,TEAS EA Verification/Source PDFs/covidence_245_full_article.pdf,728873a206e9cc158128f082bbe4a4cd75de6f417e9cd52738e8d1b23d883644,"Single extractor, 2026-09-28",pending
Huang 2024,frequency,2 Hz continuous wave,Extracted (PDF quote),3,"stimulated with a continuous wave of 2 Hz frequency, 1 mA intensity, and 0.25 ms pulse width",,,Legacy value was 2/100 Hz.,TEAS EA Verification/Source PDFs/covidence_245_full_article.pdf,728873a206e9cc158128f082bbe4a4cd75de6f417e9cd52738e8d1b23d883644,"Single extractor, 2026-09-28",pending
Huang 2024,intensity,1 mA (0.25 ms pulse width),Extracted (PDF quote),3,"stimulated with a continuous wave of 2 Hz frequency, 1 mA intensity, and 0.25 ms pulse width",,,Legacy value was 5–15 mA.,TEAS EA Verification/Source PDFs/covidence_245_full_article.pdf,728873a206e9cc158128f082bbe4a4cd75de6f417e9cd52738e8d1b23d883644,"Single extractor, 2026-09-28",pending
Huang 2024,timing,Postoperative: once daily on POD1–3,Extracted (PDF quote),1,Treatment was performed once daily on postoperative days 1–3.,,,Legacy value was preoperative.,TEAS EA Verification/Source PDFs/covidence_245_full_article.pdf,728873a206e9cc158128f082bbe4a4cd75de6f417e9cd52738e8d1b23d883644,"Single extractor, 2026-09-28",pending
Huang 2024,sessions,3 (POD1–3),Extracted (PDF quote),3,The treatment of the three groups included three courses within the 3 days after surgery.,,,Legacy value was a single session.,TEAS EA Verification/Source PDFs/covidence_245_full_article.pdf,728873a206e9cc158128f082bbe4a4cd75de6f417e9cd52738e8d1b23d883644,"Single extractor, 2026-09-28",pending
Huang 2024,session_duration,30 min,Extracted (PDF quote),3,During each 30-min acupuncture session,,,,TEAS EA Verification/Source PDFs/covidence_245_full_article.pdf,728873a206e9cc158128f082bbe4a4cd75de6f417e9cd52738e8d1b23d883644,"Single extractor, 2026-09-28",pending
Huang 2025,age,"EA 49.1 (6.1); standard care 51.0 (6.3) years (mean, SD); eligibility women 35–75",Extracted (PDF quote),6,"Age, mean (SD), years 49.1 (6.1) 51.0 (6.3)",,,,TEAS EA Verification/Source PDFs/covidence_131_verified.pdf,9868368dc35509a1f6a7618e93e28e16831aeb38eb1f3418ce56f55ecc8dd9fa,"Single extractor, 2026-09-28",pending
Huang 2025,female,All female (laparoscopic gynaecological surgery),Extracted (PDF quote),2,women aged 35-75 years (inclusive),,,,TEAS EA Verification/Source PDFs/covidence_131_verified.pdf,9868368dc35509a1f6a7618e93e28e16831aeb38eb1f3418ce56f55ecc8dd9fa,"Single extractor, 2026-09-28",pending
Huang 2025,bmi,"EA 25.1 (4.2); standard care 24.1 (3.6) kg/m² (mean, SD)",Extracted (PDF quote),6,"BMIa, mean (SD), kg/m2 25.1 (4.2) 24.1 (3.6)",,,,TEAS EA Verification/Source PDFs/covidence_131_verified.pdf,9868368dc35509a1f6a7618e93e28e16831aeb38eb1f3418ce56f55ecc8dd9fa,"Single extractor, 2026-09-28",pending
Huang 2025,asa,EA 11/30/2; standard care 14/31/0 (ASA I/II/III),Extracted (PDF quote),6,"ASAc (I/II/III), n (%) 0.476 I 11 (25.6) 14 (31.1) II 30 (69.8) 31 (68.9) III 2 (4.7) 0 (0)",,,Legacy value gave only the EA arm.,TEAS EA Verification/Source PDFs/covidence_131_verified.pdf,9868368dc35509a1f6a7618e93e28e16831aeb38eb1f3418ce56f55ecc8dd9fa,"Single extractor, 2026-09-28",pending
Huang 2025,acupoints,"Bilateral ST36, ST37, ST39 (needle EA)",Extracted (PDF quote),3,"bilateral connections between ST36, ST37, and ST39 were estab lished",,,,TEAS EA Verification/Source PDFs/covidence_131_verified.pdf,9868368dc35509a1f6a7618e93e28e16831aeb38eb1f3418ce56f55ecc8dd9fa,"Single extractor, 2026-09-28",pending
Huang 2025,frequency,2 Hz continuous,Extracted (PDF quote),3,Stimulation was applied continuously for 30 min utes at a frequency of 2 Hz,,,Legacy value was 2/100 Hz.,TEAS EA Verification/Source PDFs/covidence_131_verified.pdf,9868368dc35509a1f6a7618e93e28e16831aeb38eb1f3418ce56f55ecc8dd9fa,"Single extractor, 2026-09-28",pending
Huang 2025,intensity,"Maximum tolerated, 0.5–2.0 mA",Extracted (PDF quote),3,"The electrical intensity was adjusted to the maximum level tolerated by each patient, rang ing from 0.5 mA to 2.0 m",,,Legacy value was 5–15 mA.,TEAS EA Verification/Source PDFs/covidence_131_verified.pdf,9868368dc35509a1f6a7618e93e28e16831aeb38eb1f3418ce56f55ecc8dd9fa,"Single extractor, 2026-09-28",pending
Huang 2025,timing,"Postoperative: 3–5 h after surgery, then morning and afternoon of POD1",Extracted (PDF quote),1,"received EA treatment starting 3-5 hours after surgery, as well as in the morning and afternoon on the first postoperative day",,,Legacy value was preoperative.,TEAS EA Verification/Source PDFs/covidence_131_verified.pdf,9868368dc35509a1f6a7618e93e28e16831aeb38eb1f3418ce56f55ecc8dd9fa,"Single extractor, 2026-09-28",pending
Huang 2025,sessions,3 (3–5 h postoperatively; morning and afternoon of POD1),Extracted (PDF quote),1,"received EA treatment starting 3-5 hours after surgery, as well as in the morning and afternoon on the first postoperative day",,,Count derived from the schedule as printed. Legacy value was a single session.,TEAS EA Verification/Source PDFs/covidence_131_verified.pdf,9868368dc35509a1f6a7618e93e28e16831aeb38eb1f3418ce56f55ecc8dd9fa,"Single extractor, 2026-09-28",pending
Huang 2025,session_duration,30 min,Extracted (PDF quote),3,Stimulation was applied continuously for 30 min utes,,,,TEAS EA Verification/Source PDFs/covidence_131_verified.pdf,9868368dc35509a1f6a7618e93e28e16831aeb38eb1f3418ce56f55ecc8dd9fa,"Single extractor, 2026-09-28",pending
Jiang 2026,age,"TEAS 51 (40–58); sham 50 (39–58) years, median (IQR); eligibility 18–64",Extracted (PDF quote),4,"Age, median (IQR), y 51 (40–58) 50 (39–58)",,,,TEAS EA Verification/Source PDFs/study_4_Jiang_2026.pdf,a980f1476ff869174b7b605dbceff078e5885e02049ca2ea0b95cc19e2a5ac66,"Single extractor, 2026-09-28",pending
Jiang 2026,female,TEAS 178/294; sham 185/293 female (counts as printed),Extracted (PDF quote),4,"Sex, n (%) Male Female 122 (40.67) 178 (59.33) 115 (38.33) 185 (61.67)",,,"Printed percentages imply a denominator of 300 per arm, not the analysed 294/293; male + female counts (300 per arm) exceed the arm sizes. Report-level inconsistency; counts recorded as printed.",TEAS EA Verification/Source PDFs/study_4_Jiang_2026.pdf,a980f1476ff869174b7b605dbceff078e5885e02049ca2ea0b95cc19e2a5ac66,"Single extractor, 2026-09-28",pending
Jiang 2026,bmi,Categories only (underweight/normal/overweight): TEAS 3/119/172; sham 4/106/183; no mean BMI,Extracted (PDF quote),4,"BMI, n (%) Underweight (<18.5) Normal (18.5–23.9) Overweight (≥24) 3 (1.0) 119 (40.5) 172 (58.5) 4 (1.4) 106 (36.2) 183 (62.5)",,,"Categorical BMI only (<18.5, 18.5–23.9, ≥24 kg/m2).",TEAS EA Verification/Source PDFs/study_4_Jiang_2026.pdf,a980f1476ff869174b7b605dbceff078e5885e02049ca2ea0b95cc19e2a5ac66,"Single extractor, 2026-09-28",pending
Jiang 2026,asa,"TEAS 14/250/34, sham 4/257/32 (ASA I/II/III)",Extracted (PDF quote),4,"ASA physical status classification, n (%) I II III 14 (2.4) 250 (85.0) 34 (11.6) 4 (1.4) 257 (87.7)",,,Printed percentage for TEAS ASA I (2.4%) does not match 14/294 (4.8%); counts recorded as printed.,TEAS EA Verification/Source PDFs/study_4_Jiang_2026.pdf,a980f1476ff869174b7b605dbceff078e5885e02049ca2ea0b95cc19e2a5ac66,"Single extractor, 2026-09-28",pending
Jiang 2026,acupoints,"ST36, PC6, LI4",Extracted (PDF quote),1,"at acu points Zusanli (ST36), Neiguan (PC6), and Hegu (LI4)",,,,TEAS EA Verification/Source PDFs/study_4_Jiang_2026.pdf,a980f1476ff869174b7b605dbceff078e5885e02049ca2ea0b95cc19e2a5ac66,"Single extractor, 2026-09-28",pending
Jiang 2026,frequency,2/10 Hz dense-disperse,Extracted (PDF quote),2,The TEAS group was administered at a 2/10 Hz dense-disperse frequency,,,Legacy value was 2/100 Hz.,TEAS EA Verification/Source PDFs/study_4_Jiang_2026.pdf,a980f1476ff869174b7b605dbceff078e5885e02049ca2ea0b95cc19e2a5ac66,"Single extractor, 2026-09-28",pending
Jiang 2026,intensity,Mild muscle twitching at individual maximum tolerance,Extracted (PDF quote),2,We adjusted the stimulation intensity to induce mild muscle twitching at the individual's maximum tolerance,,,Legacy value was 5–15 mA.,TEAS EA Verification/Source PDFs/study_4_Jiang_2026.pdf,a980f1476ff869174b7b605dbceff078e5885e02049ca2ea0b95cc19e2a5ac66,"Single extractor, 2026-09-28",pending
Jiang 2026,timing,Perioperative: from 30 min before induction until surgery completion,Extracted (PDF quote),1,starting 30 min prior to anesthesia induction and continuing until surgery completion,,,Legacy value was preoperative (30 min) only.,TEAS EA Verification/Source PDFs/study_4_Jiang_2026.pdf,a980f1476ff869174b7b605dbceff078e5885e02049ca2ea0b95cc19e2a5ac66,"Single extractor, 2026-09-28",pending
Jiang 2026,sessions,1 (continuous perioperative),Extracted (PDF quote),1,starting 30 min prior to anesthesia induction and continuing until surgery completion,,,,TEAS EA Verification/Source PDFs/study_4_Jiang_2026.pdf,a980f1476ff869174b7b605dbceff078e5885e02049ca2ea0b95cc19e2a5ac66,"Single extractor, 2026-09-28",pending
Jiang 2026,session_duration,From 30 min before induction to end of surgery (not fixed),Extracted (PDF quote),1,starting 30 min prior to anesthesia induction and continuing until surgery completion,,,,TEAS EA Verification/Source PDFs/study_4_Jiang_2026.pdf,a980f1476ff869174b7b605dbceff078e5885e02049ca2ea0b95cc19e2a5ac66,"Single extractor, 2026-09-28",pending
Jin 2023,age,Sham 31.19 ± 3.37; 2 Hz EA 30.83 ± 3.59; 20/100 Hz EA 30.13 ± 3.31 years (mean ± SD),Extracted (PDF quote),4,Age (y) 31.19§3.37 30.83§3.59 30.13§3.31,,,"Three-arm trial; ""§"" is the text layer's rendering of ±.",retrieved_pdfs/009_jin_2023.pdf,928c915846bbaba438191b56e2ce56d1cbfc88d52a6b213a40270366b05edf50,"Single extractor, 2026-09-28",pending
Jin 2023,female,All female (primigravida cesarean delivery),Extracted (PDF quote),1,"Overall, 174 primigravida women were included in the intention-to-treat analysis.",,,,retrieved_pdfs/009_jin_2023.pdf,928c915846bbaba438191b56e2ce56d1cbfc88d52a6b213a40270366b05edf50,"Single extractor, 2026-09-28",pending
Jin 2023,bmi,Sham 26.65 ± 3.22; 2 Hz EA 27.16 ± 3.47; 20/100 Hz EA 27.82 ± 3.54 kg/m² (mean ± SD),Extracted (PDF quote),4,BMI (kg/m2) 26.65§3.22 27.16§3.47 27.82§3.54,,,,retrieved_pdfs/009_jin_2023.pdf,928c915846bbaba438191b56e2ce56d1cbfc88d52a6b213a40270366b05edf50,"Single extractor, 2026-09-28",pending
Jin 2023,asa,,Not reported in source,,,,,No ASA physical status reported.,retrieved_pdfs/009_jin_2023.pdf,928c915846bbaba438191b56e2ce56d1cbfc88d52a6b213a40270366b05edf50,"Single extractor, 2026-09-28",pending
Jin 2023,acupoints,"Bilateral ST36, SP6 (needle EA)",Extracted (PDF quote),2,The EA groups received acupuncture at bilateral Zusanli (ST36) and Sanyinjiao (SP6),,,,retrieved_pdfs/009_jin_2023.pdf,928c915846bbaba438191b56e2ce56d1cbfc88d52a6b213a40270366b05edf50,"Single extractor, 2026-09-28",pending
Jin 2023,frequency,"Arm-specific: 2 Hz continuous, or 20/100 Hz alternating at 3-s intervals",Extracted (PDF quote),2,The frequency was set at 2-Hz continuous wave in the 2-Hz group and at 20/100 H,,,Legacy value was 2/100 Hz.,retrieved_pdfs/009_jin_2023.pdf,928c915846bbaba438191b56e2ce56d1cbfc88d52a6b213a40270366b05edf50,"Single extractor, 2026-09-28",pending
Jin 2023,intensity,"0.1–5.0 mA, as tolerated",Extracted (PDF quote),2,"both with an intensity of 0.1−5.0 mA, which was appropriate for patient tolerance",,,Legacy value was 5–15 mA.,retrieved_pdfs/009_jin_2023.pdf,928c915846bbaba438191b56e2ce56d1cbfc88d52a6b213a40270366b05edf50,"Single extractor, 2026-09-28",pending
Jin 2023,timing,"Postoperative: at 6, 12, 24 and 48 h after surgery",Extracted (PDF quote),1,"4 electroacupuncture treatments were performed in all groups at 6, 12, 24, and 48 hours after surgery",,,Legacy value was preoperative.,retrieved_pdfs/009_jin_2023.pdf,928c915846bbaba438191b56e2ce56d1cbfc88d52a6b213a40270366b05edf50,"Single extractor, 2026-09-28",pending
Jin 2023,sessions,4,Extracted (PDF quote),1,"4 electroacupuncture treatments were performed in all groups at 6, 12, 24, and 48 hours after surgery",,,Legacy value was a single session.,retrieved_pdfs/009_jin_2023.pdf,928c915846bbaba438191b56e2ce56d1cbfc88d52a6b213a40270366b05edf50,"Single extractor, 2026-09-28",pending
Jin 2023,session_duration,,Not reported in source,,,,,"Session length is not stated in the main text (may be in the supplement, which is not in the source record).",retrieved_pdfs/009_jin_2023.pdf,928c915846bbaba438191b56e2ce56d1cbfc88d52a6b213a40270366b05edf50,"Single extractor, 2026-09-28",pending
Lee 2011,age,Whole trial 42.02 ± 8.31 years (range 14–59; N=47); per-arm age not reported,Extracted (PDF quote),2,Age (years old) 47 14.00 59.00 42.02 8.31,,,,retrieved_pdfs/049_lee_2011.pdf,7ccfcd9d5a6cb8d3957f2666285774d528469a929b619a9e28a7c2b56ca36fe5,"Single extractor, 2026-09-28",pending
Lee 2011,female,"All female (hysterectomy); arms of 13, 12, 12 and 10 analysed",Extracted (PDF quote),4,Forty-nine (49) consenting females undergoing a hysterectomy were involved in the study.,,,,retrieved_pdfs/049_lee_2011.pdf,7ccfcd9d5a6cb8d3957f2666285774d528469a929b619a9e28a7c2b56ca36fe5,"Single extractor, 2026-09-28",pending
Lee 2011,bmi,,Not reported in source,,,,,Weight is reported; BMI is not.,retrieved_pdfs/049_lee_2011.pdf,7ccfcd9d5a6cb8d3957f2666285774d528469a929b619a9e28a7c2b56ca36fe5,"Single extractor, 2026-09-28",pending
Lee 2011,asa,,Not reported in source,,,,,No ASA physical status reported.,retrieved_pdfs/049_lee_2011.pdf,7ccfcd9d5a6cb8d3957f2666285774d528469a929b619a9e28a7c2b56ca36fe5,"Single extractor, 2026-09-28",pending
Lee 2011,acupoints,ST36 (needle-free SSP electrode); sham point near ST36,Extracted (PDF quote),2,Group 3 PCA SSP electrode at ST36 with continuous wave of 100 Hz electrical stimulation for 30 minutes.,,,"Legacy value also listed SP6, which the report does not use.",retrieved_pdfs/049_lee_2011.pdf,7ccfcd9d5a6cb8d3957f2666285774d528469a929b619a9e28a7c2b56ca36fe5,"Single extractor, 2026-09-28",pending
Lee 2011,frequency,"Arm-specific: 100 Hz continuous (group 3) or dense-sparse 3/10/20 Hz, 4 s each (group 4)",Extracted (PDF quote),2,"SSP electrode at ST36 with dense-sparse wave 3 Hz/4 sec, 10 Hz/4 sec, and 20 Hz/4 sec electrical stimulation for 30 minutes.",,,Legacy value was 2/100 Hz.,retrieved_pdfs/049_lee_2011.pdf,7ccfcd9d5a6cb8d3957f2666285774d528469a929b619a9e28a7c2b56ca36fe5,"Single extractor, 2026-09-28",pending
Lee 2011,intensity,,Not reported in source,,,,,No stimulation intensity (mA) is reported.,retrieved_pdfs/049_lee_2011.pdf,7ccfcd9d5a6cb8d3957f2666285774d528469a929b619a9e28a7c2b56ca36fe5,"Single extractor, 2026-09-28",pending
Lee 2011,timing,Preoperative (starting 30 min before general anaesthesia) and once postoperatively in the recovery room,Extracted (PDF quote),2,subjects received treatment commencing 30 minutes before general anesthesia.,2,"After surgery, SSP needle-free EA treatment was administered once only and was initiated once the subject regained consciousness in the recovery room.",,retrieved_pdfs/049_lee_2011.pdf,7ccfcd9d5a6cb8d3957f2666285774d528469a929b619a9e28a7c2b56ca36fe5,"Single extractor, 2026-09-28",pending
Lee 2011,sessions,2 (preoperative; recovery room),Extracted (PDF quote),2,"After surgery, SSP needle-free EA treatment was administered once only",,,Legacy value was a single session.,retrieved_pdfs/049_lee_2011.pdf,7ccfcd9d5a6cb8d3957f2666285774d528469a929b619a9e28a7c2b56ca36fe5,"Single extractor, 2026-09-28",pending
Lee 2011,session_duration,30 min,Extracted (PDF quote),2,The SSP needle-free EA procedure was provided for 30 minutes,,,,retrieved_pdfs/049_lee_2011.pdf,7ccfcd9d5a6cb8d3957f2666285774d528469a929b619a9e28a7c2b56ca36fe5,"Single extractor, 2026-09-28",pending
Li 2021,age,TEAS 60 ± 13; sham 62 ± 12 years (mean ± SD); eligibility 18–70,Extracted (PDF quote),5,"Age (mean ± SD, year) 60 ± 13 62 ± 12",,,,TEAS EA Verification/Source PDFs/covidence_437_full_article.pdf,52c6875e2a79825acdfc51e806e848b8da74b70d9a854fcb8a042e264e1b5aca,"Single extractor, 2026-09-28",pending
Li 2021,female,TEAS 55/140; sham 44/140 female (male/female 85/55 vs 96/44),Extracted (PDF quote),5,"Sex (male/female, case) 85/55 96/44",,,,TEAS EA Verification/Source PDFs/covidence_437_full_article.pdf,52c6875e2a79825acdfc51e806e848b8da74b70d9a854fcb8a042e264e1b5aca,"Single extractor, 2026-09-28",pending
Li 2021,bmi,,Not reported in source,,,,,Height and weight are reported; BMI is not tabulated (eligibility BMI 18–30 kg/m2).,TEAS EA Verification/Source PDFs/covidence_437_full_article.pdf,52c6875e2a79825acdfc51e806e848b8da74b70d9a854fcb8a042e264e1b5aca,"Single extractor, 2026-09-28",pending
Li 2021,asa,ASA I–III (eligibility); distribution not tabulated,Extracted (PDF quote),2,American Society of Anesthesiologists Physical Status Grades I–III,,,,TEAS EA Verification/Source PDFs/covidence_437_full_article.pdf,52c6875e2a79825acdfc51e806e848b8da74b70d9a854fcb8a042e264e1b5aca,"Single extractor, 2026-09-28",pending
Li 2021,acupoints,"LI4, PC6, ST36, ST37",Extracted (PDF quote),1,"Patients in group T received TEAS at LI4, PC6, ST36 and ST37.",,,,TEAS EA Verification/Source PDFs/covidence_437_full_article.pdf,52c6875e2a79825acdfc51e806e848b8da74b70d9a854fcb8a042e264e1b5aca,"Single extractor, 2026-09-28",pending
Li 2021,frequency,"2/100 Hz disperse-dense, alternating every 3 s",Extracted (PDF quote),3,"disperse-dense wave, 2 and 100 Hz in frequency, alternating every 3 s",,,,TEAS EA Verification/Source PDFs/covidence_437_full_article.pdf,52c6875e2a79825acdfc51e806e848b8da74b70d9a854fcb8a042e264e1b5aca,"Single extractor, 2026-09-28",pending
Li 2021,intensity,Maximal tolerated level,Extracted (PDF quote),3,The stimulation intensity was adjusted in accordance with the maximal level tolerated by each patient.,,,Legacy value was 5–15 mA.,TEAS EA Verification/Source PDFs/covidence_437_full_article.pdf,52c6875e2a79825acdfc51e806e848b8da74b70d9a854fcb8a042e264e1b5aca,"Single extractor, 2026-09-28",pending
Li 2021,timing,"Perioperative: from 30 min before surgery to the end of the operation, then 9:00 on POD1–3",Extracted (PDF quote),3,"The stimulation (real or sham) lasted from 30 min before surgery until the end of the operation. At 9:00 am on the 1st, 2nd and 3rd days after surgery",,,Legacy value was preoperative only.,TEAS EA Verification/Source PDFs/covidence_437_full_article.pdf,52c6875e2a79825acdfc51e806e848b8da74b70d9a854fcb8a042e264e1b5aca,"Single extractor, 2026-09-28",pending
Li 2021,sessions,Up to 4 (1 continuous perioperative; 30 min on POD1–3 until flatus recovered),Extracted (PDF quote),3,"At 9:00 am on the 1st, 2nd and 3rd days after surgery, the same acupuncturist that attended the patients during their operation performed the same acupuncture manipulation",3,Each session lasted for 30 min until the flatus of patient recovered.,"Postoperative sessions stopped once flatus returned, so the count varies. Legacy value was a single session.",TEAS EA Verification/Source PDFs/covidence_437_full_article.pdf,52c6875e2a79825acdfc51e806e848b8da74b70d9a854fcb8a042e264e1b5aca,"Single extractor, 2026-09-28",pending
Li 2021,session_duration,Perioperative block from 30 min before surgery to end of operation; postoperative sessions 30 min,Extracted (PDF quote),3,Each session lasted for 30 min until the flatus of patient recovered.,,,,TEAS EA Verification/Source PDFs/covidence_437_full_article.pdf,52c6875e2a79825acdfc51e806e848b8da74b70d9a854fcb8a042e264e1b5aca,"Single extractor, 2026-09-28",pending
Li 2022,age,"EA 35.2 (6.1); sham EA 34.4 (9.1) years (mean, SD); eligibility 18–80",Extracted (PDF quote),5,Age (year) 35.2 (6.1) 34.4 (9.1),,,,TEAS EA Verification/Source PDFs/getfile.php.pdf,adc64abb5486e6a8fc358d6ffe320df7742a381dc3592167dc97dfbabb4b2d8d,"Single extractor, 2026-09-28",pending
Li 2022,female,EA 30/39; sham EA 30/40 female (male/female 9/30 vs 10/30),Extracted (PDF quote),5,Sex (male/female) 9/30 10/30,,,,TEAS EA Verification/Source PDFs/getfile.php.pdf,adc64abb5486e6a8fc358d6ffe320df7742a381dc3592167dc97dfbabb4b2d8d,"Single extractor, 2026-09-28",pending
Li 2022,bmi,"EA 23.1 (2.9); sham EA 23.2 (2.7) kg/m² (mean, SD)",Extracted (PDF quote),5,Body mass index (BMI) 23.1 (2.9) 23.2 (2.7),,,,TEAS EA Verification/Source PDFs/getfile.php.pdf,adc64abb5486e6a8fc358d6ffe320df7742a381dc3592167dc97dfbabb4b2d8d,"Single extractor, 2026-09-28",pending
Li 2022,asa,ASA I–II (eligibility),Extracted (PDF quote),2,American Society of Anesthesiologists physical status class I or II,,,,TEAS EA Verification/Source PDFs/getfile.php.pdf,adc64abb5486e6a8fc358d6ffe320df7742a381dc3592167dc97dfbabb4b2d8d,"Single extractor, 2026-09-28",pending
Li 2022,acupoints,"Bilateral ST36, PC6 (needle EA)",Extracted (PDF quote),2,administered EA at the bilateral Zusanli (ST36) and Neiguan (PC6) acupoints,,,,TEAS EA Verification/Source PDFs/getfile.php.pdf,adc64abb5486e6a8fc358d6ffe320df7742a381dc3592167dc97dfbabb4b2d8d,"Single extractor, 2026-09-28",pending
Li 2022,frequency,20–100 Hz dense-disperse,Extracted (PDF quote),3,in the dense-disperse stimulation mode (20–100 Hz) for 30 min,,,Legacy value was 2/100 Hz.,TEAS EA Verification/Source PDFs/getfile.php.pdf,adc64abb5486e6a8fc358d6ffe320df7742a381dc3592167dc97dfbabb4b2d8d,"Single extractor, 2026-09-28",pending
Li 2022,intensity,Described only as high but judged safe and comfortable (mA not reported),Extracted (PDF quote),3,"Although the intensity of the EA stimulation was high, the patients judged it to be both safe and com",,,Legacy value was 5–15 mA.,TEAS EA Verification/Source PDFs/getfile.php.pdf,adc64abb5486e6a8fc358d6ffe320df7742a381dc3592167dc97dfbabb4b2d8d,"Single extractor, 2026-09-28",pending
Li 2022,timing,"Preoperative: within 24 h before surgery, on the general surgical ward",Extracted (PDF quote),2,within 24 h before surgery in the general surgi,,,Legacy value was 30 min before induction.,TEAS EA Verification/Source PDFs/getfile.php.pdf,adc64abb5486e6a8fc358d6ffe320df7742a381dc3592167dc97dfbabb4b2d8d,"Single extractor, 2026-09-28",pending
Li 2022,sessions,1 (preoperative),Extracted (PDF quote),1,EA was delivered at the Zusanli (ST36) and Neiguan (PC6) acupoints 24 h before the surgery.,,,,TEAS EA Verification/Source PDFs/getfile.php.pdf,adc64abb5486e6a8fc358d6ffe320df7742a381dc3592167dc97dfbabb4b2d8d,"Single extractor, 2026-09-28",pending
Li 2022,session_duration,30 min,Extracted (PDF quote),3,in the dense-disperse stimulation mode (20–100 Hz) for 30 min,,,,TEAS EA Verification/Source PDFs/getfile.php.pdf,adc64abb5486e6a8fc358d6ffe320df7742a381dc3592167dc97dfbabb4b2d8d,"Single extractor, 2026-09-28",pending
Liang 2021,age,"TEAS 70.8 (6.5); control 69.1 (6.1) years (mean, SD)",Extracted (PDF quote),5,Age (year) 70.8 (6.5) 69.1 (6.1),2,patients aged 18–64 years,Report-level inconsistency: the eligibility criterion (18–64 years) conflicts with the tabulated mean ages (~70 years). Values recorded as printed.,retrieved_pdfs/014_liang_2021.pdf,cf2cc8a627b115ade55a85190c39352aa1a8e63ff1974e4a33dc7b65f961a5a3,"Single extractor, 2026-09-28",pending
Liang 2021,female,None: all male (TURP),Extracted (PDF quote),4,70 male patients were included in the study,,,,retrieved_pdfs/014_liang_2021.pdf,cf2cc8a627b115ade55a85190c39352aa1a8e63ff1974e4a33dc7b65f961a5a3,"Single extractor, 2026-09-28",pending
Liang 2021,bmi,"TEAS 23.6 (2.5); control 23.1 (2.6) kg/m² (mean, SD)",Extracted (PDF quote),5,BMI 23.6 (2.5) 23.1 (2.6),,,,retrieved_pdfs/014_liang_2021.pdf,cf2cc8a627b115ade55a85190c39352aa1a8e63ff1974e4a33dc7b65f961a5a3,"Single extractor, 2026-09-28",pending
Liang 2021,asa,ASA II–III (eligibility); distribution not tabulated,Extracted (PDF quote),2,American Society of Anesthesiologists (ASA) status II or III,,,Legacy value was ASA I–II.,retrieved_pdfs/014_liang_2021.pdf,cf2cc8a627b115ade55a85190c39352aa1a8e63ff1974e4a33dc7b65f961a5a3,"Single extractor, 2026-09-28",pending
Liang 2021,acupoints,"RN7, RN6, RN5, RN4, RN3 and bilateral BL32, BL33, BL34",Extracted (PDF quote),1,"with acupoints RN7, RN6, RN5, RN4, and RN3 and bilateral BL32, BL33, and BL34",,,,retrieved_pdfs/014_liang_2021.pdf,cf2cc8a627b115ade55a85190c39352aa1a8e63ff1974e4a33dc7b65f961a5a3,"Single extractor, 2026-09-28",pending
Liang 2021,frequency,2/100 Hz dense-disperse,Extracted (PDF quote),2,frequency was set 2/100 HZ for 30 minutes,,,,retrieved_pdfs/014_liang_2021.pdf,cf2cc8a627b115ade55a85190c39352aa1a8e63ff1974e4a33dc7b65f961a5a3,"Single extractor, 2026-09-28",pending
Liang 2021,intensity,Highest tolerable level without discomfort,Extracted (PDF quote),2,the highest tolerable level that cau,,,Legacy value was 5–15 mA.,retrieved_pdfs/014_liang_2021.pdf,cf2cc8a627b115ade55a85190c39352aa1a8e63ff1974e4a33dc7b65f961a5a3,"Single extractor, 2026-09-28",pending
Liang 2021,timing,"Preoperative, before general anaesthesia",Extracted (PDF quote),1,An experienced acupuncturist performed TEAS for 30 minutes before general anesthesia,,,,retrieved_pdfs/014_liang_2021.pdf,cf2cc8a627b115ade55a85190c39352aa1a8e63ff1974e4a33dc7b65f961a5a3,"Single extractor, 2026-09-28",pending
Liang 2021,sessions,1 (preoperative),Extracted (PDF quote),1,An experienced acupuncturist performed TEAS for 30 minutes before general anesthesia,,,,retrieved_pdfs/014_liang_2021.pdf,cf2cc8a627b115ade55a85190c39352aa1a8e63ff1974e4a33dc7b65f961a5a3,"Single extractor, 2026-09-28",pending
Liang 2021,session_duration,30 min (the CONSORT diagram states 3 minutes),Extracted (PDF quote),1,performed TEAS for 30 minutes before general anesthesia,5,"3 minutes, 2/100HZ, dense-disperse",Report-level conflict: methods and abstract state 30 minutes; the flow diagram states 3 minutes.,retrieved_pdfs/014_liang_2021.pdf,cf2cc8a627b115ade55a85190c39352aa1a8e63ff1974e4a33dc7b65f961a5a3,"Single extractor, 2026-09-28",pending
Lin 2002,age,Control 39 ± 8; sham EA 41 ± 12; low-EA 38 ± 7; high-EA 42 ± 13 years,Extracted (PDF quote),3,Age (year) 39 ^ 8 41 ^ 12 38 ^ 7 42 ^ 13,,,"Four-arm trial (n=25 each); ""^"" is the text layer's rendering of ±.",TEAS EA Verification/Source PDFs/covidence_951_lin_2002.pdf,3269060aad01eab541c8f7a29ae1088b784936d22b0384e8797f905da1a6550d,"Single extractor, 2026-09-28",pending
Lin 2002,female,All female (lower abdominal surgery),Extracted (PDF quote),2,A total of 100 female patients were enrolled.,,,,TEAS EA Verification/Source PDFs/covidence_951_lin_2002.pdf,3269060aad01eab541c8f7a29ae1088b784936d22b0384e8797f905da1a6550d,"Single extractor, 2026-09-28",pending
Lin 2002,bmi,,Not reported in source,,,,,Weight is reported; BMI is not.,TEAS EA Verification/Source PDFs/covidence_951_lin_2002.pdf,3269060aad01eab541c8f7a29ae1088b784936d22b0384e8797f905da1a6550d,"Single extractor, 2026-09-28",pending
Lin 2002,asa,ASA I–II (eligibility),Extracted (PDF quote),2,patients of ASA physical status I–II,,,,TEAS EA Verification/Source PDFs/covidence_951_lin_2002.pdf,3269060aad01eab541c8f7a29ae1088b784936d22b0384e8797f905da1a6550d,"Single extractor, 2026-09-28",pending
Lin 2002,anaesthesia,General anaesthesia: thiopental and succinylcholine induction with tracheal intubation; isoflurane in 60% nitrous oxide with atracurium,Extracted (PDF quote),2,anesthesia was induced with i.v. thiopental 5 mg/kg and succinylcholine 2 mg/kg for tracheal intubation. Isoflurane in nitrous oxide 60% with oxygen 40% and an intermittent dose of atracurium,,,,TEAS EA Verification/Source PDFs/covidence_951_lin_2002.pdf,3269060aad01eab541c8f7a29ae1088b784936d22b0384e8797f905da1a6550d,"Single extractor, 2026-09-28",pending
Lin 2002,acupoints,Bilateral ST36 (needle EA),Extracted (PDF quote),2,The acupuncture loci used were the bilateral Zusanli (also known as ST-36),,,"Legacy value also listed SP6, which the report does not use.",TEAS EA Verification/Source PDFs/covidence_951_lin_2002.pdf,3269060aad01eab541c8f7a29ae1088b784936d22b0384e8797f905da1a6550d,"Single extractor, 2026-09-28",pending
Lin 2002,frequency,Arm-specific: 2 Hz (low-EA) or 100 Hz (high-EA),Extracted (PDF quote),2,at 2 or 100 Hz depending on the group assignment,,,Legacy value was 2/100 Hz.,TEAS EA Verification/Source PDFs/covidence_951_lin_2002.pdf,3269060aad01eab541c8f7a29ae1088b784936d22b0384e8797f905da1a6550d,"Single extractor, 2026-09-28",pending
Lin 2002,intensity,"Constant current 0.5 mA, 1 ms square pulse, at a maximal tolerable (strong but not painful) intensity",Extracted (PDF quote),2,"Electricity was generated as an output of constant current of 0.5 mA, 1 ms square pulse, at a maximal tolerable intensity",,,As printed; a fixed 0.5 mA and a titrated maximal tolerable intensity are stated together. Legacy value was 5–15 mA.,TEAS EA Verification/Source PDFs/covidence_951_lin_2002.pdf,3269060aad01eab541c8f7a29ae1088b784936d22b0384e8797f905da1a6550d,"Single extractor, 2026-09-28",pending
Lin 2002,timing,Preoperative: 20 min before induction,Extracted (PDF quote),2,All patients were subject to the respective treatment modality for 20 min before the induction of anesthesia.,,,,TEAS EA Verification/Source PDFs/covidence_951_lin_2002.pdf,3269060aad01eab541c8f7a29ae1088b784936d22b0384e8797f905da1a6550d,"Single extractor, 2026-09-28",pending
Lin 2002,sessions,1 (preoperative),Extracted (PDF quote),2,All patients were subject to the respective treatment modality for 20 min before the induction of anesthesia.,,,,TEAS EA Verification/Source PDFs/covidence_951_lin_2002.pdf,3269060aad01eab541c8f7a29ae1088b784936d22b0384e8797f905da1a6550d,"Single extractor, 2026-09-28",pending
Lin 2002,session_duration,20 min,Extracted (PDF quote),2,for 20 min before the induction of anesthesia,,,Legacy value was 30 min.,TEAS EA Verification/Source PDFs/covidence_951_lin_2002.pdf,3269060aad01eab541c8f7a29ae1088b784936d22b0384e8797f905da1a6550d,"Single extractor, 2026-09-28",pending
Liu 2015,age,TEAS 42.1 ± 10.83; sham 43.8 ± 11.47 years (mean ± SD); eligibility 18–60,Extracted (PDF quote),3,Age (years) 43.8±11.47 42.1±10.83,,,"Table 1 lists sham first. Legacy value was ""not reported"".",TEAS EA Verification/Source PDFs/covidence_681_full_article.pdf,9cf5bec1437acb80b316e677836c7069282325820a6c6c9ceab4600976ec253c,"Single extractor, 2026-09-28",pending
Liu 2015,female,TEAS 29/44; sham 28/44 female (M/F 15/29 vs 16/28),Extracted (PDF quote),3,Gender (M/F) 16/28 15/29,,,"Legacy value was ""not reported"".",TEAS EA Verification/Source PDFs/covidence_681_full_article.pdf,9cf5bec1437acb80b316e677836c7069282325820a6c6c9ceab4600976ec253c,"Single extractor, 2026-09-28",pending
Liu 2015,bmi,,Not reported in source,,,,,Weight is reported; BMI is not (exclusion BMI > 35 kg/m2).,TEAS EA Verification/Source PDFs/covidence_681_full_article.pdf,9cf5bec1437acb80b316e677836c7069282325820a6c6c9ceab4600976ec253c,"Single extractor, 2026-09-28",pending
Liu 2015,asa,"ASA I–II; TEAS 24/20, sham 26/18 (ASA I/II)",Extracted (PDF quote),3,ASAI/II 26/18 24/20,,,"Legacy value was ""not reported"".",TEAS EA Verification/Source PDFs/covidence_681_full_article.pdf,9cf5bec1437acb80b316e677836c7069282325820a6c6c9ceab4600976ec253c,"Single extractor, 2026-09-28",pending
Liu 2015,acupoints,"Craniotomy side: LI4–TE5, BL63–LR3, ST36–GB40, GB20 with BL10, BL2 with EX-HN4",Extracted (PDF quote),2,"Hegu (LI4) and Waiguan (TE5), Jinmen (BL63) and Taichong (LR3), Zusanli (ST36)",2,and Fengchi (GB20) with Tianzhu (BL10) and Cuanzhu (BL2) with Yuyao (EX-HN4) on the craniotomy side,,TEAS EA Verification/Source PDFs/covidence_681_full_article.pdf,9cf5bec1437acb80b316e677836c7069282325820a6c6c9ceab4600976ec253c,"Single extractor, 2026-09-28",pending
Liu 2015,frequency,"2/100 Hz dense-disperse, alternating every 3 s",Extracted (PDF quote),2,a dense-disperse frequency of 2/100 Hz (alternated once every 3 s,,,,TEAS EA Verification/Source PDFs/covidence_681_full_article.pdf,9cf5bec1437acb80b316e677836c7069282325820a6c6c9ceab4600976ec253c,"Single extractor, 2026-09-28",pending
Liu 2015,intensity,Maximal tolerance; mean per electrode pair about 4.9–7.0 (units not printed; likely mA),Extracted (PDF quote),2,"The intensity of stimulation was set at 4.89±2.15, 6.79±3.51, 7.04±3.35 and 5.61±2.13, respectively, according to the maximal tolerance of patients",,,,TEAS EA Verification/Source PDFs/covidence_681_full_article.pdf,9cf5bec1437acb80b316e677836c7069282325820a6c6c9ceab4600976ec253c,"Single extractor, 2026-09-28",pending
Liu 2015,timing,"Perioperative: from 30 min before induction, maintained throughout the operation",Extracted (PDF quote),2,"Patients in the TEAS group received preoperative TEAS starting 30 min before anaesthesia induction, maintained throughout the operation",,,,TEAS EA Verification/Source PDFs/covidence_681_full_article.pdf,9cf5bec1437acb80b316e677836c7069282325820a6c6c9ceab4600976ec253c,"Single extractor, 2026-09-28",pending
Liu 2015,sessions,1 (continuous perioperative),Extracted (PDF quote),2,"starting 30 min before anaesthesia induction, maintained throughout the operation",,,,TEAS EA Verification/Source PDFs/covidence_681_full_article.pdf,9cf5bec1437acb80b316e677836c7069282325820a6c6c9ceab4600976ec253c,"Single extractor, 2026-09-28",pending
Liu 2015,session_duration,From 30 min before induction to end of surgery (not fixed),Extracted (PDF quote),2,"starting 30 min before anaesthesia induction, maintained throughout the operation",,,,TEAS EA Verification/Source PDFs/covidence_681_full_article.pdf,9cf5bec1437acb80b316e677836c7069282325820a6c6c9ceab4600976ec253c,"Single extractor, 2026-09-28",pending
Liu 2021,age,"TEAS 70.80 (5.41); control 69.68 (4.85) years (mean, SD); eligibility ≥65",Extracted (PDF quote),5,"Age [years, mean (SD)] 70.24 (5.14) 70.80 (5.41) 69.68 (4.85)",,,"Columns: entire cohort, TEAS, control.",TEAS EA Verification/Source PDFs/getfile.php-2.pdf,02e9d16c8cb8dd39b10b0e073b010a22888c05ae8dd4c6cc7ccfafdf2e0bf2cb,"Single extractor, 2026-09-28",pending
Liu 2021,female,TEAS 22/50; control 27/50 female,Extracted (PDF quote),5,Gender [Female (%)] 49 (49) 22 (44) 27 (54),,,,TEAS EA Verification/Source PDFs/getfile.php-2.pdf,02e9d16c8cb8dd39b10b0e073b010a22888c05ae8dd4c6cc7ccfafdf2e0bf2cb,"Single extractor, 2026-09-28",pending
Liu 2021,bmi,"TEAS 24.75 (2.57); control 24.82 (3.47) kg/m² (mean, SD)",Extracted (PDF quote),5,"BMI [kg/m2, mean (SD)] 24.78 (3.04) 24.75 (2.57) 24.82 (3.47)",,,,TEAS EA Verification/Source PDFs/getfile.php-2.pdf,02e9d16c8cb8dd39b10b0e073b010a22888c05ae8dd4c6cc7ccfafdf2e0bf2cb,"Single extractor, 2026-09-28",pending
Liu 2021,asa,"ASA I–II; ASA I: TEAS 25/50, control 27/50 (remainder ASA II)",Extracted (PDF quote),5,"ASA (I, %) 52 (52) 25 (50) 27 (54)",2,ASA grade I–II,,TEAS EA Verification/Source PDFs/getfile.php-2.pdf,02e9d16c8cb8dd39b10b0e073b010a22888c05ae8dd4c6cc7ccfafdf2e0bf2cb,"Single extractor, 2026-09-28",pending
Liu 2021,acupoints,"Bilateral LI4, PC6, ST36",Extracted (PDF quote),1,"bilateral Hegu, Neiguan and Zusanli points",,,,TEAS EA Verification/Source PDFs/getfile.php-2.pdf,02e9d16c8cb8dd39b10b0e073b010a22888c05ae8dd4c6cc7ccfafdf2e0bf2cb,"Single extractor, 2026-09-28",pending
Liu 2021,frequency,"2–100 Hz dense-disperse (""density wave"")",Extracted (PDF quote),2,"Parameters were set as density wave, frequency 2–100Hz",,,,TEAS EA Verification/Source PDFs/getfile.php-2.pdf,02e9d16c8cb8dd39b10b0e073b010a22888c05ae8dd4c6cc7ccfafdf2e0bf2cb,"Single extractor, 2026-09-28",pending
Liu 2021,intensity,Maximum tolerated,Extracted (PDF quote),2,current intensity was the maximum patient could tolerat,,,Legacy value was 5–15 mA.,TEAS EA Verification/Source PDFs/getfile.php-2.pdf,02e9d16c8cb8dd39b10b0e073b010a22888c05ae8dd4c6cc7ccfafdf2e0bf2cb,"Single extractor, 2026-09-28",pending
Liu 2021,timing,Perioperative: from 30 min before induction to the end of surgery,Extracted (PDF quote),1,from 30 minutes before anesthesia induction to the end of surgery,,,Legacy value was preoperative (30 min) only.,TEAS EA Verification/Source PDFs/getfile.php-2.pdf,02e9d16c8cb8dd39b10b0e073b010a22888c05ae8dd4c6cc7ccfafdf2e0bf2cb,"Single extractor, 2026-09-28",pending
Liu 2021,sessions,1 (continuous perioperative),Extracted (PDF quote),1,from 30 minutes before anesthesia induction to the end of surgery,,,,TEAS EA Verification/Source PDFs/getfile.php-2.pdf,02e9d16c8cb8dd39b10b0e073b010a22888c05ae8dd4c6cc7ccfafdf2e0bf2cb,"Single extractor, 2026-09-28",pending
Liu 2021,session_duration,From 30 min before induction to end of surgery (not fixed),Extracted (PDF quote),1,from 30 minutes before anesthesia induction to the end of surgery,,,,TEAS EA Verification/Source PDFs/getfile.php-2.pdf,02e9d16c8cb8dd39b10b0e073b010a22888c05ae8dd4c6cc7ccfafdf2e0bf2cb,"Single extractor, 2026-09-28",pending
Liu 2025,age,EA 60.3 ± 11.9; control 61.3 ± 10.5 years (mean ± SD); eligibility 20–80,Extracted (PDF quote),5,Age (year) 61.3 ± 10.5 60.3 ± 11.9,,,Table lists control first.,TEAS EA Verification/Source PDFs/pdf.pdf,8d22773bc606f1237bace50aa5e6e9e1179a33e4a1d7ebd5e45d10f53167706a,"Single extractor, 2026-09-28",pending
Liu 2025,female,EA 23/38; control 19/39 female (M/F 15/23 vs 20/19),Extracted (PDF quote),5,Sex (M/F) 20/19 15/23,,,,TEAS EA Verification/Source PDFs/pdf.pdf,8d22773bc606f1237bace50aa5e6e9e1179a33e4a1d7ebd5e45d10f53167706a,"Single extractor, 2026-09-28",pending
Liu 2025,bmi,,Not reported in source,,,,,Weight and height are reported; BMI is not.,TEAS EA Verification/Source PDFs/pdf.pdf,8d22773bc606f1237bace50aa5e6e9e1179a33e4a1d7ebd5e45d10f53167706a,"Single extractor, 2026-09-28",pending
Liu 2025,asa,"EA 8/29/1, control 13/22/4 (ASA I/II/III)",Extracted (PDF quote),5,"ASA, n I 13 (33.3%) 8 (21.1%) 0.12 (−0.07 to 0.32) 0.23 II 22 (56.4%) 29 (76.3%) −0.20 (−0.41 to 0.01) 0.07 III 4 (10.3%) 1 (2.6)",,,Legacy value gave only the EA arm.,TEAS EA Verification/Source PDFs/pdf.pdf,8d22773bc606f1237bace50aa5e6e9e1179a33e4a1d7ebd5e45d10f53167706a,"Single extractor, 2026-09-28",pending
Liu 2025,anaesthesia,"General anaesthesia with double-lumen intubation: sufentanil, propofol and vecuronium induction; remifentanil and sevoflurane maintenance",Extracted (PDF quote),3,"intravenous induction was started with 0.3 μg kg−1 sufentanil, 1 to 2.5 mg kg−1 propofol and 0.1 mg kg−1 vecuronium bromide",3,Remifentanil 0.1–0.2 μg kg−1 min−1and sevoflurane 1–3% were used in combination for anesthesia maintena,,TEAS EA Verification/Source PDFs/pdf.pdf,8d22773bc606f1237bace50aa5e6e9e1179a33e4a1d7ebd5e45d10f53167706a,"Single extractor, 2026-09-28",pending
Liu 2025,acupoints,PC6 and SP4 on the surgical side (needle EA),Extracted (PDF quote),2,at Neiguan (PC6) and Gongsun (SP4) acupoints on the surgical side of the patient,,,,TEAS EA Verification/Source PDFs/pdf.pdf,8d22773bc606f1237bace50aa5e6e9e1179a33e4a1d7ebd5e45d10f53167706a,"Single extractor, 2026-09-28",pending
Liu 2025,frequency,2/100 Hz,Extracted (PDF quote),2,The stimulation was performed with a frequency of 2/100 Hz,,,,TEAS EA Verification/Source PDFs/pdf.pdf,8d22773bc606f1237bace50aa5e6e9e1179a33e4a1d7ebd5e45d10f53167706a,"Single extractor, 2026-09-28",pending
Liu 2025,intensity,"Maximum tolerated, usually 8–12 mA",Extracted (PDF quote),2,"at the maximum current the patient can tolerate, usually between 8 and 12 mA",,,Legacy value was 5–15 mA.,TEAS EA Verification/Source PDFs/pdf.pdf,8d22773bc606f1237bace50aa5e6e9e1179a33e4a1d7ebd5e45d10f53167706a,"Single extractor, 2026-09-28",pending
Liu 2025,timing,"Perioperative: from 30 min before induction to the end of surgery, repeated for 30 min at 24 h after surgery",Extracted (PDF quote),2,This treatment lasted until the end of the surgery and was repeated for 30 min at the 24th hour after the surgery.,,,Legacy value was preoperative (30 min) only.,TEAS EA Verification/Source PDFs/pdf.pdf,8d22773bc606f1237bace50aa5e6e9e1179a33e4a1d7ebd5e45d10f53167706a,"Single extractor, 2026-09-28",pending
Liu 2025,sessions,2 (continuous perioperative; 30 min at 24 h),Extracted (PDF quote),2,This treatment lasted until the end of the surgery and was repeated for 30 min at the 24th hour after the surgery.,,,Legacy value was a single session.,TEAS EA Verification/Source PDFs/pdf.pdf,8d22773bc606f1237bace50aa5e6e9e1179a33e4a1d7ebd5e45d10f53167706a,"Single extractor, 2026-09-28",pending
Liu 2025,session_duration,Perioperative block from 30 min before induction to end of surgery; postoperative session 30 min,Extracted (PDF quote),2,This treatment lasted until the end of the surgery and was repeated for 30 min at the 24th hour after the surgery.,,,,TEAS EA Verification/Source PDFs/pdf.pdf,8d22773bc606f1237bace50aa5e6e9e1179a33e4a1d7ebd5e45d10f53167706a,"Single extractor, 2026-09-28",pending
Liu 2026 (ESD),age,"TEAS 65 (54, 69); sham 62 (53, 67) years, median (IQR); eligibility 18–75",Extracted (PDF quote),5,"Age [Year, Median (IQR)] 65 (54, 69) 62 (53, 67)",,,,TEAS EA Verification/Source PDFs/covidence_69_full_article.pdf,0ec8f5810960f2beec2574fbd8779b1cc4402a328d3c844cbd146357dab63623,"Single extractor, 2026-09-28",pending
Liu 2026 (ESD),female,TEAS 20/58; sham 18/62 female,Extracted (PDF quote),5,Female 20 (34.5) 18 (29.0),,,,TEAS EA Verification/Source PDFs/covidence_69_full_article.pdf,0ec8f5810960f2beec2574fbd8779b1cc4402a328d3c844cbd146357dab63623,"Single extractor, 2026-09-28",pending
Liu 2026 (ESD),bmi,"TEAS 24.0 (21.5, 26.0); sham 24.0 (22.5, 25.9) kg/m², median (IQR)",Extracted (PDF quote),5,"BMI [kg/m 2, Median (IQR)] 24.0 (21.5, 26.0) 24.0 (22.5, 25.9)",,,,TEAS EA Verification/Source PDFs/covidence_69_full_article.pdf,0ec8f5810960f2beec2574fbd8779b1cc4402a328d3c844cbd146357dab63623,"Single extractor, 2026-09-28",pending
Liu 2026 (ESD),asa,"TEAS 9/40/9, sham 14/37/11 (ASA I/II/III)",Extracted (PDF quote),5,ASA physical status classifi cation Ĉ 9 (15.5) 14 (22.6) 0.069 ĉ 40 (69.0) 37 (59.7) 0.105 Ċ 9 (15.5) 11 (17.7),,,Roman numerals render as Ĉ/ĉ/Ċ in the text layer. Legacy value was ASA I–II.,TEAS EA Verification/Source PDFs/covidence_69_full_article.pdf,0ec8f5810960f2beec2574fbd8779b1cc4402a328d3c844cbd146357dab63623,"Single extractor, 2026-09-28",pending
Liu 2026 (ESD),acupoints,"Bilateral LI4, PC6, ST36, ST37",Extracted (PDF quote),1,"Patients in the TEAS group were treated bilaterally at the acupoints Hegu (LI 4), Neiguan (PC 6), Zusanli (ST 36), and Shangjuxu (ST 37)",,,,TEAS EA Verification/Source PDFs/covidence_69_full_article.pdf,0ec8f5810960f2beec2574fbd8779b1cc4402a328d3c844cbd146357dab63623,"Single extractor, 2026-09-28",pending
Liu 2026 (ESD),frequency,"2/100 Hz, alternating every 3 s",Extracted (PDF quote),3,"with the current frequency of 2/100 Hz (wave width: 2 Hz, 0.6 ms; 100 Hz, 0.2 ms), alternating frequency for 3 s",,,,TEAS EA Verification/Source PDFs/covidence_69_full_article.pdf,0ec8f5810960f2beec2574fbd8779b1cc4402a328d3c844cbd146357dab63623,"Single extractor, 2026-09-28",pending
Liu 2026 (ESD),intensity,Maximum tolerance level,Extracted (PDF quote),3,stimulation intensity was set to the patient's maximum tolerance level,,,Legacy value was 5–15 mA.,TEAS EA Verification/Source PDFs/covidence_69_full_article.pdf,0ec8f5810960f2beec2574fbd8779b1cc4402a328d3c844cbd146357dab63623,"Single extractor, 2026-09-28",pending
Liu 2026 (ESD),timing,Perioperative: from 30 min before ESD until the end of the procedure,Extracted (PDF quote),3,Patients in both groups received the intervention from 30 min before ESD until the end of surgery.,,,Legacy value was preoperative (30 min) only.,TEAS EA Verification/Source PDFs/covidence_69_full_article.pdf,0ec8f5810960f2beec2574fbd8779b1cc4402a328d3c844cbd146357dab63623,"Single extractor, 2026-09-28",pending
Liu 2026 (ESD),sessions,1 (continuous perioperative),Extracted (PDF quote),3,Patients in both groups received the intervention from 30 min before ESD until the end of surgery.,,,,TEAS EA Verification/Source PDFs/covidence_69_full_article.pdf,0ec8f5810960f2beec2574fbd8779b1cc4402a328d3c844cbd146357dab63623,"Single extractor, 2026-09-28",pending
Liu 2026 (ESD),session_duration,From 30 min before ESD to end of procedure (not fixed),Extracted (PDF quote),3,from 30 min before ESD until the end of surgery,,,,TEAS EA Verification/Source PDFs/covidence_69_full_article.pdf,0ec8f5810960f2beec2574fbd8779b1cc4402a328d3c844cbd146357dab63623,"Single extractor, 2026-09-28",pending
Liu 2026 (burn),age,TEAS 42.0 ± 9.8; control 39.5 ± 11.3 years (mean ± SD); eligibility ≤60,Extracted (PDF quote),6,Age (year) 42.0 ± 9.8 39.5 ± 11.3,,,,TEAS EA Verification/Source PDFs/covidence_48_verified.pdf,ad454ee8b62ea93e4001edd3f7e8329ea09a0caaa10204d00e93b2f28891200d,"Single extractor, 2026-09-28",pending
Liu 2026 (burn),female,TEAS 9/43; control 10/43 female,Extracted (PDF quote),6,Female 9(20.9) 10(23.3),,,,TEAS EA Verification/Source PDFs/covidence_48_verified.pdf,ad454ee8b62ea93e4001edd3f7e8329ea09a0caaa10204d00e93b2f28891200d,"Single extractor, 2026-09-28",pending
Liu 2026 (burn),bmi,TEAS 24.6 ± 3.5; control 24.9 ± 3.2 kg/m² (mean ± SD),Extracted (PDF quote),6,BMI (kg/m2) 24.6 ± 3.5 24.9 ± 3.2,,,,TEAS EA Verification/Source PDFs/covidence_48_verified.pdf,ad454ee8b62ea93e4001edd3f7e8329ea09a0caaa10204d00e93b2f28891200d,"Single extractor, 2026-09-28",pending
Liu 2026 (burn),asa,"TEAS 11/32, control 9/34 (ASA I/II)",Extracted (PDF quote),6,"ASA grading, n (%) 0.610 I 11(25.6) 9(20.9) II 32(74.4) 34(79.1)",,,Legacy value gave only the TEAS arm.,TEAS EA Verification/Source PDFs/covidence_48_verified.pdf,ad454ee8b62ea93e4001edd3f7e8329ea09a0caaa10204d00e93b2f28891200d,"Single extractor, 2026-09-28",pending
Liu 2026 (burn),acupoints,"LI4, PC6, ST36, SP6",Extracted (PDF quote),1,"at acupoints LI4 (Hegu), PC6 (Neiguan), ST36 (Zusanli), and SP6 (Sanyinji",,,,TEAS EA Verification/Source PDFs/covidence_48_verified.pdf,ad454ee8b62ea93e4001edd3f7e8329ea09a0caaa10204d00e93b2f28891200d,"Single extractor, 2026-09-28",pending
Liu 2026 (burn),frequency,2/100 Hz,Extracted (PDF quote),3,"Frequency, 2/100 Hz",,,,TEAS EA Verification/Source PDFs/covidence_48_verified.pdf,ad454ee8b62ea93e4001edd3f7e8329ea09a0caaa10204d00e93b2f28891200d,"Single extractor, 2026-09-28",pending
Liu 2026 (burn),intensity,"Under 10 mA, gradually adjusted to the maximum accepted",Extracted (PDF quote),3,"Intensity, < 10 mA (gradually adjusted to the max",,,Legacy value was 5–15 mA.,TEAS EA Verification/Source PDFs/covidence_48_verified.pdf,ad454ee8b62ea93e4001edd3f7e8329ea09a0caaa10204d00e93b2f28891200d,"Single extractor, 2026-09-28",pending
Liu 2026 (burn),timing,Preoperative: 30 min before induction,Extracted (PDF quote),3,"Time, 30 min before anesthesia induction",,,,TEAS EA Verification/Source PDFs/covidence_48_verified.pdf,ad454ee8b62ea93e4001edd3f7e8329ea09a0caaa10204d00e93b2f28891200d,"Single extractor, 2026-09-28",pending
Liu 2026 (burn),sessions,1 (preoperative),Extracted (PDF quote),1,randomized to receive thirty minutes of TEAS,,,,TEAS EA Verification/Source PDFs/covidence_48_verified.pdf,ad454ee8b62ea93e4001edd3f7e8329ea09a0caaa10204d00e93b2f28891200d,"Single extractor, 2026-09-28",pending
Liu 2026 (burn),session_duration,30 min,Extracted (PDF quote),1,randomized to receive thirty minutes of TEAS,,,,TEAS EA Verification/Source PDFs/covidence_48_verified.pdf,ad454ee8b62ea93e4001edd3f7e8329ea09a0caaa10204d00e93b2f28891200d,"Single extractor, 2026-09-28",pending
Long 2025,age,Intervention 75.70 ± 10.95; control 72.35 ± 15.15 years (mean ± SD); eligibility ≥65,Extracted (PDF quote),4,"Age [years, mean (SD)] 72.35 ±15.15 75.70±10.95",,,Table 1 lists control (C) first.,TEAS EA Verification/Source PDFs/1-s2.0-S0020138325005200.pdf,96e50ce97c0abd3a6258ae9935df22a79c14454aa3293252100fca9474b275da,"Single extractor, 2026-09-28",pending
Long 2025,female,Intervention 13/27; control 11/26 female,Extracted (PDF quote),4,Female 11 (42.3 %) 13 (48.1 %),,,,TEAS EA Verification/Source PDFs/1-s2.0-S0020138325005200.pdf,96e50ce97c0abd3a6258ae9935df22a79c14454aa3293252100fca9474b275da,"Single extractor, 2026-09-28",pending
Long 2025,bmi,Intervention 21.61 ± 2.58; control 22.22 ± 2.53 kg/m² (mean ± SD),Extracted (PDF quote),4,"BMI [kg/m2, mean (SD)] 22.22±2.53 21.61±2.58",,,,TEAS EA Verification/Source PDFs/1-s2.0-S0020138325005200.pdf,96e50ce97c0abd3a6258ae9935df22a79c14454aa3293252100fca9474b275da,"Single extractor, 2026-09-28",pending
Long 2025,asa,"Intervention 1/17/9, control 1/17/8 (ASA I/II/III)",Extracted (PDF quote),4,ASA [n ( %)] І 1 (3.8 %) 1 (3.7 %) 5.794 0.98 ІІ 17 (65.4 %) 17 (63.0 %) ІІІ 8 (30.8 %) 9 (33.3 %),,,Legacy value gave only the intervention arm.,TEAS EA Verification/Source PDFs/1-s2.0-S0020138325005200.pdf,96e50ce97c0abd3a6258ae9935df22a79c14454aa3293252100fca9474b275da,"Single extractor, 2026-09-28",pending
Long 2025,acupoints,"GV20, PC6, ST36, SP6",Extracted (PDF quote),2,"Baihui (GV20), Neiguan (PC6), Zusanli (ST36), and Sanyinjiao (SP6) acupoints",,,,TEAS EA Verification/Source PDFs/1-s2.0-S0020138325005200.pdf,96e50ce97c0abd3a6258ae9935df22a79c14454aa3293252100fca9474b275da,"Single extractor, 2026-09-28",pending
Long 2025,frequency,2/100 Hz,Extracted (PDF quote),2,2/100 Hz density wave,,,,TEAS EA Verification/Source PDFs/1-s2.0-S0020138325005200.pdf,96e50ce97c0abd3a6258ae9935df22a79c14454aa3293252100fca9474b275da,"Single extractor, 2026-09-28",pending
Long 2025,intensity,Adjusted to patient tolerance (mA not reported),Extracted (PDF quote),2,"2/100 Hz density wave, adjusted to patient tolerance",,,Legacy value was 5–15 mA.,TEAS EA Verification/Source PDFs/1-s2.0-S0020138325005200.pdf,96e50ce97c0abd3a6258ae9935df22a79c14454aa3293252100fca9474b275da,"Single extractor, 2026-09-28",pending
Long 2025,timing,Preoperative (30 min before anaesthesia) and postoperative (30 min in the PACU once recovery score ≥9),Extracted (PDF quote),2,The stimulation occurred 30 min before anesthesia on the day of surgery and 30 min post-anesthesia in the post-anesthesia care unit (PACU),,,,TEAS EA Verification/Source PDFs/1-s2.0-S0020138325005200.pdf,96e50ce97c0abd3a6258ae9935df22a79c14454aa3293252100fca9474b275da,"Single extractor, 2026-09-28",pending
Long 2025,sessions,2 (preoperative; PACU),Extracted (PDF quote),2,The stimulation occurred 30 min before anesthesia on the day of surgery and 30 min post-anesthesia in the post-anesthesia care unit (PACU),,,Legacy value was a single session.,TEAS EA Verification/Source PDFs/1-s2.0-S0020138325005200.pdf,96e50ce97c0abd3a6258ae9935df22a79c14454aa3293252100fca9474b275da,"Single extractor, 2026-09-28",pending
Long 2025,session_duration,30 min,Extracted (PDF quote),2,with each session lasting 30 min,,,,TEAS EA Verification/Source PDFs/1-s2.0-S0020138325005200.pdf,96e50ce97c0abd3a6258ae9935df22a79c14454aa3293252100fca9474b275da,"Single extractor, 2026-09-28",pending
Lu 2021,age,Sham 48.2 ± 8.2; single-acupoint 48.0 ± 9.1; combined-acupoint 48.2 ± 9.0 years (mean ± SD); eligibility 18–65,Extracted (PDF quote),4,Age (years) 48.2 ± 8.2 48.0 ± 9.1 48.2 ± 9.0,,,"Three-arm trial: sham (n=188), single PC6 (n=198), combined PC6+CV17 (n=190).",TEAS EA Verification/Source PDFs/covidence_414_full_article.pdf,7f03819dbf9b4b292cfed8ba78be7233349e036cc4f9cb144cfa1e0db17094a7,"Single extractor, 2026-09-28",pending
Lu 2021,female,All female (radical mastectomy),Extracted (PDF quote),2,Women aged 18–65 years who were scheduled for elective radical mastectomy,,,,TEAS EA Verification/Source PDFs/covidence_414_full_article.pdf,7f03819dbf9b4b292cfed8ba78be7233349e036cc4f9cb144cfa1e0db17094a7,"Single extractor, 2026-09-28",pending
Lu 2021,bmi,Sham 23.3 ± 2.8; single 23.7 ± 2.6; combined 23.6 ± 2.5 kg/m² (mean ± SD),Extracted (PDF quote),4,Body mass index (kg/m2) 23.3 ± 2.8 23.7 ± 2.6 23.6 ± 2.5,,,,TEAS EA Verification/Source PDFs/covidence_414_full_article.pdf,7f03819dbf9b4b292cfed8ba78be7233349e036cc4f9cb144cfa1e0db17094a7,"Single extractor, 2026-09-28",pending
Lu 2021,asa,ASA I/II: sham 135/49; single 144/52; combined 135/53,Extracted (PDF quote),4,ASA status (I/II) 135/49 144/52 135/53,,,Legacy value (ASA II 55) does not match the table.,TEAS EA Verification/Source PDFs/covidence_414_full_article.pdf,7f03819dbf9b4b292cfed8ba78be7233349e036cc4f9cb144cfa1e0db17094a7,"Single extractor, 2026-09-28",pending
Lu 2021,acupoints,"Arm-specific: PC6 alone, or PC6 + CV17",Extracted (PDF quote),1,"single acupoint (PC6, n = 198), or combined acupoints (PC6 and CV17, n = 190)",,,,TEAS EA Verification/Source PDFs/covidence_414_full_article.pdf,7f03819dbf9b4b292cfed8ba78be7233349e036cc4f9cb144cfa1e0db17094a7,"Single extractor, 2026-09-28",pending
Lu 2021,frequency,2/10 Hz disperse-dense,Extracted (PDF quote),2,The device provided “disperse-dense” waves with alternating frequencies of 2 Hz and 10,,,Legacy value was 2/100 Hz.,TEAS EA Verification/Source PDFs/covidence_414_full_article.pdf,7f03819dbf9b4b292cfed8ba78be7233349e036cc4f9cb144cfa1e0db17094a7,"Single extractor, 2026-09-28",pending
Lu 2021,intensity,Maximal tolerance to the Teh Chi (de qi) sensation,Extracted (PDF quote),2,The stimulation intensity was identified as the maximal tolerance to the “Teh Ch,,,Legacy value was 5–15 mA.,TEAS EA Verification/Source PDFs/covidence_414_full_article.pdf,7f03819dbf9b4b292cfed8ba78be7233349e036cc4f9cb144cfa1e0db17094a7,"Single extractor, 2026-09-28",pending
Lu 2021,timing,Preoperative: 30 min before induction,Extracted (PDF quote),1,TEAS was applied for 30 min before anesthesia induction.,,,,TEAS EA Verification/Source PDFs/covidence_414_full_article.pdf,7f03819dbf9b4b292cfed8ba78be7233349e036cc4f9cb144cfa1e0db17094a7,"Single extractor, 2026-09-28",pending
Lu 2021,sessions,1 (preoperative),Extracted (PDF quote),1,TEAS was applied for 30 min before anesthesia induction.,,,,TEAS EA Verification/Source PDFs/covidence_414_full_article.pdf,7f03819dbf9b4b292cfed8ba78be7233349e036cc4f9cb144cfa1e0db17094a7,"Single extractor, 2026-09-28",pending
Lu 2021,session_duration,30 min,Extracted (PDF quote),1,TEAS was applied for 30 min before anesthesia induction.,,,,TEAS EA Verification/Source PDFs/covidence_414_full_article.pdf,7f03819dbf9b4b292cfed8ba78be7233349e036cc4f9cb144cfa1e0db17094a7,"Single extractor, 2026-09-28",pending
Lu 2022,age,TEAS 56.2 ± 9.0; control 55.6 ± 9.9 years (mean ± SD); eligibility 18–75,Extracted (PDF quote),5,"Age, years 56.2±9.0 55.6±9.9",,,,TEAS EA Verification/Source PDFs/getfile.php-3.pdf,83439ead7b747aa55a3be6aab468dc4350619651c2dfd0c516ffbf47d7b16f7c,"Single extractor, 2026-09-28",pending
Lu 2022,female,TEAS 21/47; control 24/47 female (male/female 26/21 vs 23/24),Extracted (PDF quote),5,"Gender (male/female), n 26/21 23/24",,,,TEAS EA Verification/Source PDFs/getfile.php-3.pdf,83439ead7b747aa55a3be6aab468dc4350619651c2dfd0c516ffbf47d7b16f7c,"Single extractor, 2026-09-28",pending
Lu 2022,bmi,TEAS 22.5 ± 2.6; control 22.8 ± 2.8 kg/m² (mean ± SD),Extracted (PDF quote),5,BMI (kg/m2) 22.5±2.6 22.8±2.8,,,,TEAS EA Verification/Source PDFs/getfile.php-3.pdf,83439ead7b747aa55a3be6aab468dc4350619651c2dfd0c516ffbf47d7b16f7c,"Single extractor, 2026-09-28",pending
Lu 2022,asa,"TEAS 0/45/2, control 1/43/3 (ASA I/II/III)",Extracted (PDF quote),5,ASA (I/II/III) 0/45/2 1/43/3,,,Legacy value gave only the TEAS arm.,TEAS EA Verification/Source PDFs/getfile.php-3.pdf,83439ead7b747aa55a3be6aab468dc4350619651c2dfd0c516ffbf47d7b16f7c,"Single extractor, 2026-09-28",pending
Lu 2022,acupoints,"Bilateral PC6, ST36",Extracted (PDF quote),2,Patients in the TEAS group received stimulation at the bilateral PC6 and ST36 points.,,,,TEAS EA Verification/Source PDFs/getfile.php-3.pdf,83439ead7b747aa55a3be6aab468dc4350619651c2dfd0c516ffbf47d7b16f7c,"Single extractor, 2026-09-28",pending
Lu 2022,frequency,2/10 Hz disperse-dense,Extracted (PDF quote),2,The device provided “disperse-dense” waves of alternating frequencies of 2 Hz and 10 Hz for 2 cycles.,,,Legacy value was 2/100 Hz.,TEAS EA Verification/Source PDFs/getfile.php-3.pdf,83439ead7b747aa55a3be6aab468dc4350619651c2dfd0c516ffbf47d7b16f7c,"Single extractor, 2026-09-28",pending
Lu 2022,intensity,Threshold intensity identified between 4 and 11 mA,Extracted (PDF quote),2,Increasing electrical stimulation intensity (4 mA to 11 mA) was applied to identify the threshold intensity.,,,Legacy value was 5–15 mA.,TEAS EA Verification/Source PDFs/getfile.php-3.pdf,83439ead7b747aa55a3be6aab468dc4350619651c2dfd0c516ffbf47d7b16f7c,"Single extractor, 2026-09-28",pending
Lu 2022,timing,Preoperative (from 30 min before induction) and postoperative (each morning for 3 days),Extracted (PDF quote),2,Stimulation began 30 min before induction and lasted for 30 min. Then the same stimulation for 30 min was given in the morning once a day for 3 days after surgery.,,,Legacy value was preoperative only.,TEAS EA Verification/Source PDFs/getfile.php-3.pdf,83439ead7b747aa55a3be6aab468dc4350619651c2dfd0c516ffbf47d7b16f7c,"Single extractor, 2026-09-28",pending
Lu 2022,sessions,4 (1 preoperative; 1 daily on POD1–3),Extracted (PDF quote),2,Then the same stimulation for 30 min was given in the morning once a day for 3 days after surgery.,,,Count derived from the schedule as printed. Legacy value was a single session.,TEAS EA Verification/Source PDFs/getfile.php-3.pdf,83439ead7b747aa55a3be6aab468dc4350619651c2dfd0c516ffbf47d7b16f7c,"Single extractor, 2026-09-28",pending
Lu 2022,session_duration,30 min,Extracted (PDF quote),2,Stimulation began 30 min before induction and lasted for 30 min.,,,,TEAS EA Verification/Source PDFs/getfile.php-3.pdf,83439ead7b747aa55a3be6aab468dc4350619651c2dfd0c516ffbf47d7b16f7c,"Single extractor, 2026-09-28",pending
Luo 2026,age,"TEAS 45.18 (11.93); sham 46.29 (11.86) years (mean, SD); eligibility 18–64/65",Extracted (PDF quote),4,Age (yr) 45.18 (11.93) 46.29(11.86),,,Eligibility is printed as 18–65 in the abstract and 18–64 in the methods.,TEAS EA Verification/Source PDFs/covidence_35_verified.pdf,c0f7a5e88ad8a000c8179382c1d55220fe9e798b9a4f8f6480f348d112898f51,"Single extractor, 2026-09-28",pending
Luo 2026,female,TEAS 91/138; sham 80/139 female (male/female 47/91 vs 59/80),Extracted (PDF quote),4,"Male/ Female, n 47/91 59/80",,,,TEAS EA Verification/Source PDFs/covidence_35_verified.pdf,c0f7a5e88ad8a000c8179382c1d55220fe9e798b9a4f8f6480f348d112898f51,"Single extractor, 2026-09-28",pending
Luo 2026,bmi,"TEAS 22.71 (3.34); sham 23.24 (3.72) kg/m² (mean, SD)",Extracted (PDF quote),4,Body mass index (kg.m− 2) 22.71(3.34) 23.24(3.72),,,,TEAS EA Verification/Source PDFs/covidence_35_verified.pdf,c0f7a5e88ad8a000c8179382c1d55220fe9e798b9a4f8f6480f348d112898f51,"Single extractor, 2026-09-28",pending
Luo 2026,asa,"TEAS 88/50, sham 80/59 (ASA I/II)",Extracted (PDF quote),4,"ASA physical status (I/II), n 88/50 80/59",,,Legacy value gave only the TEAS arm.,TEAS EA Verification/Source PDFs/covidence_35_verified.pdf,c0f7a5e88ad8a000c8179382c1d55220fe9e798b9a4f8f6480f348d112898f51,"Single extractor, 2026-09-28",pending
Luo 2026,acupoints,PC6,Extracted (PDF quote),1,Stimulation of the Pericardium 6 (PC6) acupoint,,,,TEAS EA Verification/Source PDFs/covidence_35_verified.pdf,c0f7a5e88ad8a000c8179382c1d55220fe9e798b9a4f8f6480f348d112898f51,"Single extractor, 2026-09-28",pending
Luo 2026,frequency,2 Hz,Extracted (PDF quote),3,electrical stimula tion was initiated at 1 mA (2 Hz),,,Legacy value was 2/100 Hz.,TEAS EA Verification/Source PDFs/covidence_35_verified.pdf,c0f7a5e88ad8a000c8179382c1d55220fe9e798b9a4f8f6480f348d112898f51,"Single extractor, 2026-09-28",pending
Luo 2026,intensity,Started at 1 mA and increased (up to 2–20 mA) to a tolerable tingling sensation,Extracted (PDF quote),3,initiated at 1 mA (2 Hz) and gradually increased (up to 2–20 mA) until the patient experi,,,Legacy value was 5–15 mA.,TEAS EA Verification/Source PDFs/covidence_35_verified.pdf,c0f7a5e88ad8a000c8179382c1d55220fe9e798b9a4f8f6480f348d112898f51,"Single extractor, 2026-09-28",pending
Luo 2026,timing,Intraoperative: from induction until the end of surgery,Extracted (PDF quote),3,Stimulation was main tained continuously from the induction of anesthesia until the end of surgery.,,,Legacy value was preoperative.,TEAS EA Verification/Source PDFs/covidence_35_verified.pdf,c0f7a5e88ad8a000c8179382c1d55220fe9e798b9a4f8f6480f348d112898f51,"Single extractor, 2026-09-28",pending
Luo 2026,sessions,1 (intraoperative),Extracted (PDF quote),3,Stimulation was main tained continuously from the induction of anesthesia until the end of surgery.,,,,TEAS EA Verification/Source PDFs/covidence_35_verified.pdf,c0f7a5e88ad8a000c8179382c1d55220fe9e798b9a4f8f6480f348d112898f51,"Single extractor, 2026-09-28",pending
Luo 2026,session_duration,Induction to end of surgery (not fixed),Extracted (PDF quote),3,Stimulation was main tained continuously from the induction of anesthesia until the end of surgery.,,,,TEAS EA Verification/Source PDFs/covidence_35_verified.pdf,c0f7a5e88ad8a000c8179382c1d55220fe9e798b9a4f8f6480f348d112898f51,"Single extractor, 2026-09-28",pending
Ma 2026,age,TEAS (group T) 55.12 ± 8.558; sleep-disturbance control (group S) 59 ± 9.216 years; non-randomised reference group C 54.62 ± 9.41,Extracted (PDF quote),6,Age (years) 54.62±9.41 59±9.216 55.12±8.558,,,Groups S and T are the randomised comparison; group C (no sleep disturbance) is a non-randomised reference.,TEAS EA Verification/Source PDFs/117210.pdf,792cd9b25f49e9a14ef853c8c7e8240cee879bd9660bed9d2acc1184a832fbf3,"Single extractor, 2026-09-28",pending
Ma 2026,female,,Not reported in source,,,,,Sex is not tabulated; the population is breast cancer surgery.,TEAS EA Verification/Source PDFs/117210.pdf,792cd9b25f49e9a14ef853c8c7e8240cee879bd9660bed9d2acc1184a832fbf3,"Single extractor, 2026-09-28",pending
Ma 2026,bmi,TEAS 22.36 ± 1.92; group S 23.44 ± 2.91 kg/m² (group C 23.37 ± 3.30),Extracted (PDF quote),6,BMI (kg/m2) 23.37±3.30 23.44±2.91 22.36±1.92,,,,TEAS EA Verification/Source PDFs/117210.pdf,792cd9b25f49e9a14ef853c8c7e8240cee879bd9660bed9d2acc1184a832fbf3,"Single extractor, 2026-09-28",pending
Ma 2026,asa,ASA I–III (eligibility); distribution not tabulated,Extracted (PDF quote),2,American Society of Anesthesiologists (ASA) physical status I–III,,,Legacy value was ASA I–II.,TEAS EA Verification/Source PDFs/117210.pdf,792cd9b25f49e9a14ef853c8c7e8240cee879bd9660bed9d2acc1184a832fbf3,"Single extractor, 2026-09-28",pending
Ma 2026,acupoints,"LI4, HT7, PC6",Extracted (PDF quote),1,"was delivered pre-anesthesia at LI4, HT7, and PC6",,,,TEAS EA Verification/Source PDFs/117210.pdf,792cd9b25f49e9a14ef853c8c7e8240cee879bd9660bed9d2acc1184a832fbf3,"Single extractor, 2026-09-28",pending
Ma 2026,frequency,2/100 Hz dense-disperse,Extracted (PDF quote),3,at alternating frequencies of 2 Hz and 100 Hz (dense-disperse mode),,,,TEAS EA Verification/Source PDFs/117210.pdf,792cd9b25f49e9a14ef853c8c7e8240cee879bd9660bed9d2acc1184a832fbf3,"Single extractor, 2026-09-28",pending
Ma 2026,intensity,8–12 mA by tolerance,Extracted (PDF quote),3,with current intensity individually adjusted to 8–12 mA based on patient toleranc,,,Legacy value was 5–15 mA.,TEAS EA Verification/Source PDFs/117210.pdf,792cd9b25f49e9a14ef853c8c7e8240cee879bd9660bed9d2acc1184a832fbf3,"Single extractor, 2026-09-28",pending
Ma 2026,timing,Preoperative (before anaesthesia),Extracted (PDF quote),1,"TEAS (2/100 Hz, 8–12 mA, 30 min) was delivered pre-anesthesia",,,,TEAS EA Verification/Source PDFs/117210.pdf,792cd9b25f49e9a14ef853c8c7e8240cee879bd9660bed9d2acc1184a832fbf3,"Single extractor, 2026-09-28",pending
Ma 2026,sessions,1 (preoperative),Extracted (PDF quote),2,a single session of TEAS administered prior to anesthesia,,,,TEAS EA Verification/Source PDFs/117210.pdf,792cd9b25f49e9a14ef853c8c7e8240cee879bd9660bed9d2acc1184a832fbf3,"Single extractor, 2026-09-28",pending
Ma 2026,session_duration,30 min,Extracted (PDF quote),1,"TEAS (2/100 Hz, 8–12 mA, 30 min)",,,,TEAS EA Verification/Source PDFs/117210.pdf,792cd9b25f49e9a14ef853c8c7e8240cee879bd9660bed9d2acc1184a832fbf3,"Single extractor, 2026-09-28",pending
Ng 2013,age,EA 67.4 ± 9.7; sham 67.4 ± 10.7; no acupuncture 68.5 ± 10.6 years (mean ± SD),Extracted (PDF quote),4,"Age, mean SD, y 67.4 9.7 67.4 10.7 68.5 10.6",,,Three-arm trial (n=55 each).,TEAS EA Verification/Source PDFs/covidence_1970_ng_2013.pdf,18ce931a2b3a17e4ba1f7b4f0ddfac5274721367802ebdcdf92d027afa51c781,"Single extractor, 2026-09-28",pending
Ng 2013,female,Female: EA 20/55; sham 22/55; no acupuncture 24/55,Extracted (PDF quote),4,"Sex, male/female 35/20 33/22 31/24",,,,TEAS EA Verification/Source PDFs/covidence_1970_ng_2013.pdf,18ce931a2b3a17e4ba1f7b4f0ddfac5274721367802ebdcdf92d027afa51c781,"Single extractor, 2026-09-28",pending
Ng 2013,bmi,EA 22.8 ± 2.9; sham 22.9 ± 3.4; no acupuncture 23.4 ± 3.1 kg/m² (mean ± SD),Extracted (PDF quote),4,"Body mass index, mean SD, kg/m2 22.8 2.9 22.9 3.4 23.4 3.1",,,,TEAS EA Verification/Source PDFs/covidence_1970_ng_2013.pdf,18ce931a2b3a17e4ba1f7b4f0ddfac5274721367802ebdcdf92d027afa51c781,"Single extractor, 2026-09-28",pending
Ng 2013,asa,ASA I/II/III: EA 17/36/2; sham 14/30/11; no acupuncture 11/32/12,Extracted (PDF quote),4,"ASA grading, I/II/III 17/36/2 14/30/11 11/32/12",,,Legacy value gave only the EA arm.,TEAS EA Verification/Source PDFs/covidence_1970_ng_2013.pdf,18ce931a2b3a17e4ba1f7b4f0ddfac5274721367802ebdcdf92d027afa51c781,"Single extractor, 2026-09-28",pending
Ng 2013,acupoints,"ST36, SP6, LI4, TE6 (needle EA)",Extracted (PDF quote),2,"Sanyinjiao (spleen meridian SP-6), Hegu (large intestine meridian LI-4), and Zhigou (triple energizer meridian TE-6)",,,,TEAS EA Verification/Source PDFs/covidence_1970_ng_2013.pdf,18ce931a2b3a17e4ba1f7b4f0ddfac5274721367802ebdcdf92d027afa51c781,"Single extractor, 2026-09-28",pending
Ng 2013,frequency,100 Hz,Extracted (PDF quote),2,The frequency of the electric stimulation was set at 100 Hz,,,Legacy value was 2/100 Hz.,TEAS EA Verification/Source PDFs/covidence_1970_ng_2013.pdf,18ce931a2b3a17e4ba1f7b4f0ddfac5274721367802ebdcdf92d027afa51c781,"Single extractor, 2026-09-28",pending
Ng 2013,intensity,,Not reported in source,,,,,No stimulation intensity (mA) is reported.,TEAS EA Verification/Source PDFs/covidence_1970_ng_2013.pdf,18ce931a2b3a17e4ba1f7b4f0ddfac5274721367802ebdcdf92d027afa51c781,"Single extractor, 2026-09-28",pending
Ng 2013,timing,Postoperative: once daily from POD1 to POD4 (or until first stool),Extracted (PDF quote),1,once daily from postoperative days 1–4,,,Legacy value was preoperative.,TEAS EA Verification/Source PDFs/covidence_1970_ng_2013.pdf,18ce931a2b3a17e4ba1f7b4f0ddfac5274721367802ebdcdf92d027afa51c781,"Single extractor, 2026-09-28",pending
Ng 2013,sessions,"Up to 4 (daily POD1–4, stopping at first stool)",Extracted (PDF quote),2,"ion of acupuncture daily from postoperative day 1 until day 4, or until the time when the primary outcome had occurred, whichever was earlier.",,,Legacy value was a single session.,TEAS EA Verification/Source PDFs/covidence_1970_ng_2013.pdf,18ce931a2b3a17e4ba1f7b4f0ddfac5274721367802ebdcdf92d027afa51c781,"Single extractor, 2026-09-28",pending
Ng 2013,session_duration,20 min,Extracted (PDF quote),2,Each session of electroacupuncture lasted for 20 minutes.,,,Legacy value was 30 min.,TEAS EA Verification/Source PDFs/covidence_1970_ng_2013.pdf,18ce931a2b3a17e4ba1f7b4f0ddfac5274721367802ebdcdf92d027afa51c781,"Single extractor, 2026-09-28",pending
Ntritsou 2014,age,EA 67.3 ± 6.3; control 65.5 ± 5.6 years (mean ± SD); eligibility 50–75,Extracted (PDF quote),4,Age (years) 67.3±6.3 65.5±5.6,,,,TEAS EA Verification/Source PDFs/covidence_729_full_article.pdf,f75d422117f1c9468f6bfaf215e0c43c38fd842380657e42e1508b6a9aa13242,"Single extractor, 2026-09-28",pending
Ntritsou 2014,female,None: all male (radical prostatectomy),Extracted (PDF quote),2,Men aged 50–75 years,,,"Legacy value was ""not reported"".",TEAS EA Verification/Source PDFs/covidence_729_full_article.pdf,f75d422117f1c9468f6bfaf215e0c43c38fd842380657e42e1508b6a9aa13242,"Single extractor, 2026-09-28",pending
Ntritsou 2014,bmi,EA 28.7 ± 3.8; control 27.9 ± 3.8 kg/m² (mean ± SD),Extracted (PDF quote),4,BMI (kg/m2) 28.7±3.8 27.9±3.8,,,,TEAS EA Verification/Source PDFs/covidence_729_full_article.pdf,f75d422117f1c9468f6bfaf215e0c43c38fd842380657e42e1508b6a9aa13242,"Single extractor, 2026-09-28",pending
Ntritsou 2014,asa,"EA 5/28/2, control 6/24/5 (ASA I/II/III)",Extracted (PDF quote),4,ASA PS (1/2/3) 5 (14.2%)/28 (80%)/2 (5.7%) 6 (17.1%)/24 (68.5%)/5 (14.2%),,,Legacy value gave only the EA arm.,TEAS EA Verification/Source PDFs/covidence_729_full_article.pdf,f75d422117f1c9468f6bfaf215e0c43c38fd842380657e42e1508b6a9aa13242,"Single extractor, 2026-09-28",pending
Ntritsou 2014,acupoints,Bilateral LI4 (intraoperative); ST36 and LI4 (postoperative) (needle EA),Extracted (PDF quote),2,EA was administered again at ST36 and LI4 for 30 min at a frequency of 4 Hz just after extubation.,,,,TEAS EA Verification/Source PDFs/covidence_729_full_article.pdf,f75d422117f1c9468f6bfaf215e0c43c38fd842380657e42e1508b6a9aa13242,"Single extractor, 2026-09-28",pending
Ntritsou 2014,frequency,100 Hz intraoperatively; 4 Hz after extubation,Extracted (PDF quote),2,a constant pulse programme with a 300 μs duration and 100 Hz frequency,2,EA was administered again at ST36 and LI4 for 30 min at a frequency of 4 Hz just after extubation.,Legacy value was 2/100 Hz.,TEAS EA Verification/Source PDFs/covidence_729_full_article.pdf,f75d422117f1c9468f6bfaf215e0c43c38fd842380657e42e1508b6a9aa13242,"Single extractor, 2026-09-28",pending
Ntritsou 2014,intensity,Not stated in mA; twitch of an adjacent muscle confirmed placement (300 μs pulses),Extracted (PDF quote),2,Twitch of an adjacent muscle confirmed correct needle placement.,,,Legacy value was 5–15 mA.,TEAS EA Verification/Source PDFs/covidence_729_full_article.pdf,f75d422117f1c9468f6bfaf215e0c43c38fd842380657e42e1508b6a9aa13242,"Single extractor, 2026-09-28",pending
Ntritsou 2014,timing,Intraoperative (during abdominal wall closure) and immediately after extubation,Extracted (PDF quote),2,when the closure of the abdominal walls was initiated. EA was applied for 30 min,2,EA was administered again at ST36 and LI4 for 30 min at a frequency of 4 Hz just after extubation.,Legacy value was preoperative.,TEAS EA Verification/Source PDFs/covidence_729_full_article.pdf,f75d422117f1c9468f6bfaf215e0c43c38fd842380657e42e1508b6a9aa13242,"Single extractor, 2026-09-28",pending
Ntritsou 2014,sessions,2 (intraoperative closure; after extubation),Extracted (PDF quote),2,EA was administered again at ST36 and LI4 for 30 min at a frequency of 4 Hz just after extubation.,,,Legacy value was a single session.,TEAS EA Verification/Source PDFs/covidence_729_full_article.pdf,f75d422117f1c9468f6bfaf215e0c43c38fd842380657e42e1508b6a9aa13242,"Single extractor, 2026-09-28",pending
Ntritsou 2014,session_duration,30 min,Extracted (PDF quote),2,EA was applied for 30 min using an EA stimulator (ITO ES-160),,,,TEAS EA Verification/Source PDFs/covidence_729_full_article.pdf,f75d422117f1c9468f6bfaf215e0c43c38fd842380657e42e1508b6a9aa13242,"Single extractor, 2026-09-28",pending
Oztas 2019,age,TAES 61.87 ± 16.80; control 56.31 ± 9.39 years (TENS arm 60.88 ± 14.84),Extracted (PDF quote),9,Age X ± SD 60.88 ± 14.84 61.87 ± 16.80 56.31 ± 9.39,,,"Three-arm trial: TENS (n=16), TAES (n=15), control (n=16); the review uses TAES vs control.",TEAS EA Verification/Source PDFs/covidence_505_full_article.pdf,04adf93c41df2ef075a05eb2692f4d5354e114c333dfceadbfd642050d04dcb8,"Single extractor, 2026-09-28",pending
Oztas 2019,female,TAES 5/15; control 5/16 female (TENS 5/16),Extracted (PDF quote),9,Gender Female 5 31.25 5 33.3 5 31.25,,,,TEAS EA Verification/Source PDFs/covidence_505_full_article.pdf,04adf93c41df2ef075a05eb2692f4d5354e114c333dfceadbfd642050d04dcb8,"Single extractor, 2026-09-28",pending
Oztas 2019,bmi,TAES 26.30 ± 4.16; control 25.90 ± 4.29 kg/m² (TENS 26.44 ± 4.05),Extracted (PDF quote),9,BMI (kg/m2) X ± SD 26.44 ± 4.05 26.30 ± 4.16 25.90 ± 4.29,,,,TEAS EA Verification/Source PDFs/covidence_505_full_article.pdf,04adf93c41df2ef075a05eb2692f4d5354e114c333dfceadbfd642050d04dcb8,"Single extractor, 2026-09-28",pending
Oztas 2019,asa,ASA I/II: TAES 4/11; control 6/10 (TENS 7/9),Extracted (PDF quote),9,ASA I 7 43.8 4 26.7 6 37.5 .607*** II 9 56.3 11 73.3 10 62.5,,,,TEAS EA Verification/Source PDFs/covidence_505_full_article.pdf,04adf93c41df2ef075a05eb2692f4d5354e114c333dfceadbfd642050d04dcb8,"Single extractor, 2026-09-28",pending
Oztas 2019,anaesthesia,"General anaesthesia: propofol, rocuronium and fentanyl induction; tracheal intubation; desflurane 6%",Extracted (PDF quote),4,"anesthesia induction conducted intravenously with propofol 2–2.5 mg/kg, rocuronium bromide 0.6 mg/kg, and fentanyl 2 mcg/kg",4,"After endotracheal intubation, the inhalation agent desflurane was set at 6% concentration.",,TEAS EA Verification/Source PDFs/covidence_505_full_article.pdf,04adf93c41df2ef075a05eb2692f4d5354e114c333dfceadbfd642050d04dcb8,"Single extractor, 2026-09-28",pending
Oztas 2019,acupoints,"ST25, PC6, ST36, LI4 (TAES arm)",Extracted (PDF quote),4,"Four electrodes were placed at the ST25, P6, ST36, and LI4 acupuncture points",,,,TEAS EA Verification/Source PDFs/covidence_505_full_article.pdf,04adf93c41df2ef075a05eb2692f4d5354e114c333dfceadbfd642050d04dcb8,"Single extractor, 2026-09-28",pending
Oztas 2019,frequency,2–100 Hz varying,Extracted (PDF quote),4,electrical stimulation was implemented at varying frequencies of 2–100 Hz for 30 min,,,,TEAS EA Verification/Source PDFs/covidence_505_full_article.pdf,04adf93c41df2ef075a05eb2692f4d5354e114c333dfceadbfd642050d04dcb8,"Single extractor, 2026-09-28",pending
Oztas 2019,intensity,"Up to 12 mA without discomfort or muscle contraction, set to tolerance",Extracted (PDF quote),4,at a maximum current intensity of 12 mA that would not bother the patient,,,,TEAS EA Verification/Source PDFs/covidence_505_full_article.pdf,04adf93c41df2ef075a05eb2692f4d5354e114c333dfceadbfd642050d04dcb8,"Single extractor, 2026-09-28",pending
Oztas 2019,timing,"Postoperative: 30 min and 2, 18, 22, 42 and 46 h after surgery",Extracted (PDF quote),4,"at the 30th minute and 2, 18, 22, 42, and 46th hours after the surgery",,,,TEAS EA Verification/Source PDFs/covidence_505_full_article.pdf,04adf93c41df2ef075a05eb2692f4d5354e114c333dfceadbfd642050d04dcb8,"Single extractor, 2026-09-28",pending
Oztas 2019,sessions,6 (postoperative),Extracted (PDF quote),4,"at the 30th minute and 2, 18, 22, 42, and 46th hours after the surgery",,,Count derived from the schedule as printed.,TEAS EA Verification/Source PDFs/covidence_505_full_article.pdf,04adf93c41df2ef075a05eb2692f4d5354e114c333dfceadbfd642050d04dcb8,"Single extractor, 2026-09-28",pending
Oztas 2019,session_duration,30 min,Extracted (PDF quote),4,electrical stimulation was implemented at varying frequencies of 2–100 Hz for 30 min,,,,TEAS EA Verification/Source PDFs/covidence_505_full_article.pdf,04adf93c41df2ef075a05eb2692f4d5354e114c333dfceadbfd642050d04dcb8,"Single extractor, 2026-09-28",pending
Pan 2023,age,TEAS 42.2 ± 5.5; control 43.2 ± 6.3 years (mean ± SD); eligibility 18–60,Extracted (PDF quote),6,Age (Y) 42.2±5.5 43.2±6.3,,,,TEAS EA Verification/Source PDFs/getfile.php-4.pdf,7f51a98abb60112923a7996495bc8d143af74aa710175a70c29894b62a64479d,"Single extractor, 2026-09-28",pending
Pan 2023,female,All female (laparoscopic myomectomy),Extracted (PDF quote),1,One hundred and five women undergoing laparoscopic hysteromyomectomy,,,,TEAS EA Verification/Source PDFs/getfile.php-4.pdf,7f51a98abb60112923a7996495bc8d143af74aa710175a70c29894b62a64479d,"Single extractor, 2026-09-28",pending
Pan 2023,bmi,TEAS 23.2 ± 2.8; control 22.2 ± 2.5 kg/m² (mean ± SD),Extracted (PDF quote),6,BMI (kg/m2) 23.2±2.8 22.2±2.5,,,,TEAS EA Verification/Source PDFs/getfile.php-4.pdf,7f51a98abb60112923a7996495bc8d143af74aa710175a70c29894b62a64479d,"Single extractor, 2026-09-28",pending
Pan 2023,asa,"TEAS 34/18, control 36/17 (ASA I/II)",Extracted (PDF quote),6,ASA (I/II) 34/18 36/17,,,Legacy value gave only the TEAS arm.,TEAS EA Verification/Source PDFs/getfile.php-4.pdf,7f51a98abb60112923a7996495bc8d143af74aa710175a70c29894b62a64479d,"Single extractor, 2026-09-28",pending
Pan 2023,anaesthesia,"General anaesthesia with tracheal intubation: sufentanil, propofol and cisatracurium induction; propofol and remifentanil infusion",Extracted (PDF quote),3,The anesthesia induction sequence was started with intravenous sufentanil (0.5 μg/kg),3,"Propofol and remifentanil (Yichang Renfu, Yichang, Hubei, China) were injected by electronic pump during anesthes",,TEAS EA Verification/Source PDFs/getfile.php-4.pdf,7f51a98abb60112923a7996495bc8d143af74aa710175a70c29894b62a64479d,"Single extractor, 2026-09-28",pending
Pan 2023,acupoints,LI4/PC6 perioperatively; bilateral ST36/SP6 in the PACU,Extracted (PDF quote),1,"Group T patients received TEAS at LI4/PC6 30 minutes before the operation and lasting until the end of anesthesia, followed by TEAS at ST36/SP6 for 30 minutes in PACU.",,,,TEAS EA Verification/Source PDFs/getfile.php-4.pdf,7f51a98abb60112923a7996495bc8d143af74aa710175a70c29894b62a64479d,"Single extractor, 2026-09-28",pending
Pan 2023,frequency,2/100 Hz dilatational (dense-disperse) wave,Extracted (PDF quote),2,a dilatational wave with a frequency of 2/100 HZ,,,,TEAS EA Verification/Source PDFs/getfile.php-4.pdf,7f51a98abb60112923a7996495bc8d143af74aa710175a70c29894b62a64479d,"Single extractor, 2026-09-28",pending
Pan 2023,intensity,"Maximum tolerable; printed as ""−1 mA"" (garbled or ambiguous)",Extracted (PDF quote),2,which is the maximum tolerable for patients receiving −1 mA of electrical stimulation,,,"The printed intensity is unclear (possibly a lost digit before ""1 mA""); do not use a numeric value without checking the PDF. Legacy value was 5–15 mA.",TEAS EA Verification/Source PDFs/getfile.php-4.pdf,7f51a98abb60112923a7996495bc8d143af74aa710175a70c29894b62a64479d,"Single extractor, 2026-09-28",pending
Pan 2023,timing,"Perioperative: from 30 min before surgery to the end of anaesthesia (LI4/PC6), then 30 min in the PACU (ST36/SP6)",Extracted (PDF quote),1,"Group T patients received TEAS at LI4/PC6 30 minutes before the operation and lasting until the end of anesthesia, followed by TEAS at ST36/SP6 for 30 minutes in PACU.",,,Legacy value was preoperative only.,TEAS EA Verification/Source PDFs/getfile.php-4.pdf,7f51a98abb60112923a7996495bc8d143af74aa710175a70c29894b62a64479d,"Single extractor, 2026-09-28",pending
Pan 2023,sessions,2 (continuous perioperative; PACU),Extracted (PDF quote),1,followed by TEAS at ST36/SP6 for 30 minutes in PACU,,,Legacy value was a single session.,TEAS EA Verification/Source PDFs/getfile.php-4.pdf,7f51a98abb60112923a7996495bc8d143af74aa710175a70c29894b62a64479d,"Single extractor, 2026-09-28",pending
Pan 2023,session_duration,Perioperative block from 30 min before surgery to end of anaesthesia; PACU session 30 min,Extracted (PDF quote),1,"Group T patients received TEAS at LI4/PC6 30 minutes before the operation and lasting until the end of anesthesia, followed by TEAS at ST36/SP6 for 30 minutes in PACU.",,,,TEAS EA Verification/Source PDFs/getfile.php-4.pdf,7f51a98abb60112923a7996495bc8d143af74aa710175a70c29894b62a64479d,"Single extractor, 2026-09-28",pending
Seevaunnamtum 2016,age,"EA 47.50 (7.94); control 48.72 (6.72) years (mean, SD); eligibility 18–70",Extracted (PDF quote),5,"Age, y 47.50 (7.94) 48.72 (6.72)",,,,TEAS EA Verification/Source PDFs/covidence_596_verified.pdf,7c25e5c670ee6ebcd32888161b0b53f2ac88a1eb1061a51def0b529c6320d6a3,"Single extractor, 2026-09-28",pending
Seevaunnamtum 2016,female,All female (total abdominal hysterectomy),Extracted (PDF quote),2,female patients aged 18 to 70 years,,,,TEAS EA Verification/Source PDFs/covidence_596_verified.pdf,7c25e5c670ee6ebcd32888161b0b53f2ac88a1eb1061a51def0b529c6320d6a3,"Single extractor, 2026-09-28",pending
Seevaunnamtum 2016,bmi,"EA 24.28 (2.97); control 23.71 (3.16) kg/m² (mean, SD)",Extracted (PDF quote),5,"BMI value, kg/m2 24.28 (2.97) 23.71 (3.16)",,,,TEAS EA Verification/Source PDFs/covidence_596_verified.pdf,7c25e5c670ee6ebcd32888161b0b53f2ac88a1eb1061a51def0b529c6320d6a3,"Single extractor, 2026-09-28",pending
Seevaunnamtum 2016,asa,ASA 1–2 (eligibility),Extracted (PDF quote),2,American society of anaesthesiology score of 1 or 2,,,"Legacy value was ""not reported"".",TEAS EA Verification/Source PDFs/covidence_596_verified.pdf,7c25e5c670ee6ebcd32888161b0b53f2ac88a1eb1061a51def0b529c6320d6a3,"Single extractor, 2026-09-28",pending
Seevaunnamtum 2016,acupoints,Bilateral PC6 and LI4 (needle EA),Extracted (PDF quote),2,EA group received intraoperative 2 Hz EA at bilateral Pericardium Meridian point 6 (p6) and large intesti,,,,TEAS EA Verification/Source PDFs/covidence_596_verified.pdf,7c25e5c670ee6ebcd32888161b0b53f2ac88a1eb1061a51def0b529c6320d6a3,"Single extractor, 2026-09-28",pending
Seevaunnamtum 2016,frequency,2 Hz continuous,Extracted (PDF quote),2,EA group received intraoperative 2 Hz EA,,,Legacy value was 2/100 Hz.,TEAS EA Verification/Source PDFs/covidence_596_verified.pdf,7c25e5c670ee6ebcd32888161b0b53f2ac88a1eb1061a51def0b529c6320d6a3,"Single extractor, 2026-09-28",pending
Seevaunnamtum 2016,intensity,Device intensity level 1 (mA not reported),Extracted (PDF quote),3,It was set at intensity level 1 with continuous wave emission.,,,Legacy value was 5–15 mA.,TEAS EA Verification/Source PDFs/covidence_596_verified.pdf,7c25e5c670ee6ebcd32888161b0b53f2ac88a1eb1061a51def0b529c6320d6a3,"Single extractor, 2026-09-28",pending
Seevaunnamtum 2016,timing,"Intraoperative: after induction, from before the start of surgery until the end of surgery",Extracted (PDF quote),3,The EA needles were stimulated before the start of surgery until the end of,,,Legacy value was preoperative (30 min before induction).,TEAS EA Verification/Source PDFs/covidence_596_verified.pdf,7c25e5c670ee6ebcd32888161b0b53f2ac88a1eb1061a51def0b529c6320d6a3,"Single extractor, 2026-09-28",pending
Seevaunnamtum 2016,sessions,1 (intraoperative),Extracted (PDF quote),1,EA was started intraoperatively till the end of the surgery,,,,TEAS EA Verification/Source PDFs/covidence_596_verified.pdf,7c25e5c670ee6ebcd32888161b0b53f2ac88a1eb1061a51def0b529c6320d6a3,"Single extractor, 2026-09-28",pending
Seevaunnamtum 2016,session_duration,Duration of surgery (mean 149 ± 43 min),Extracted (PDF quote),1,(mean duration of surgery was 149.06 ± 42.64 minutes),,,,TEAS EA Verification/Source PDFs/covidence_596_verified.pdf,7c25e5c670ee6ebcd32888161b0b53f2ac88a1eb1061a51def0b529c6320d6a3,"Single extractor, 2026-09-28",pending
Sim 2002,age,Placebo 47 ± 6; preoperative EA 46 ± 5; postoperative EA 45 ± 4 years (mean ± SD),Extracted (PDF quote),4,Age (year) 47 ± 6 46 ± 5 45 ± 4,,,Three-arm trial (n=30 each).,TEAS EA Verification/Source PDFs/covidence_952_full_article.pdf,1cf418faabb4104db030b3f0b0196783cd6198d2ff5ed51c539c88ca51e6bd8a,"Single extractor, 2026-09-28",pending
Sim 2002,female,All female (total abdominal hysterectomy),Extracted (PDF quote),2,90 female patients were recruited,,,,TEAS EA Verification/Source PDFs/covidence_952_full_article.pdf,1cf418faabb4104db030b3f0b0196783cd6198d2ff5ed51c539c88ca51e6bd8a,"Single extractor, 2026-09-28",pending
Sim 2002,bmi,,Not reported in source,,,,,Weight is reported; BMI is not (exclusion BMI > 30).,TEAS EA Verification/Source PDFs/covidence_952_full_article.pdf,1cf418faabb4104db030b3f0b0196783cd6198d2ff5ed51c539c88ca51e6bd8a,"Single extractor, 2026-09-28",pending
Sim 2002,asa,ASA I–II (eligibility),Extracted (PDF quote),2,American Society of Anaesthesiologists physical status (ASA) I or II,,,"Legacy value was ""not reported"".",TEAS EA Verification/Source PDFs/covidence_952_full_article.pdf,1cf418faabb4104db030b3f0b0196783cd6198d2ff5ed51c539c88ca51e6bd8a,"Single extractor, 2026-09-28",pending
Sim 2002,acupoints,"Bilateral ST36 and PC6, plus subcutaneous needles along the skin incision (needle EA)",Extracted (PDF quote),3,at acupoints ST36 and PC6 bilaterally and subcutaneously along the skin i,,,"Legacy value listed ST36, SP6 and LR3.",TEAS EA Verification/Source PDFs/covidence_952_full_article.pdf,1cf418faabb4104db030b3f0b0196783cd6198d2ff5ed51c539c88ca51e6bd8a,"Single extractor, 2026-09-28",pending
Sim 2002,frequency,2 Hz at ST36 and PC6; 100 Hz at the skin incision,Extracted (PDF quote),3,"The frequencies employed were 2Hz at ST36 and PC6, and 100Hz at the skin i",,,Legacy value was 2/100 Hz.,TEAS EA Verification/Source PDFs/covidence_952_full_article.pdf,1cf418faabb4104db030b3f0b0196783cd6198d2ff5ed51c539c88ca51e6bd8a,"Single extractor, 2026-09-28",pending
Sim 2002,intensity,,Not reported in source,,,,,No stimulation intensity (mA) is reported.,TEAS EA Verification/Source PDFs/covidence_952_full_article.pdf,1cf418faabb4104db030b3f0b0196783cd6198d2ff5ed51c539c88ca51e6bd8a,"Single extractor, 2026-09-28",pending
Sim 2002,timing,Arm-specific: 45 min before induction (group II) or 45 min on arrival in the recovery area (group III),Extracted (PDF quote),2,Group II – Preoperative EA (45 minutes of EA before induction of GA) Group III – Postoperative EA (45 minutes of EA on arrival to the recovery area,,,Legacy value was 30 min before induction.,TEAS EA Verification/Source PDFs/covidence_952_full_article.pdf,1cf418faabb4104db030b3f0b0196783cd6198d2ff5ed51c539c88ca51e6bd8a,"Single extractor, 2026-09-28",pending
Sim 2002,sessions,"1 (pre- or postoperative, by arm)",Extracted (PDF quote),2,Group II – Preoperative EA (45 minutes of EA before induction of GA),,,,TEAS EA Verification/Source PDFs/covidence_952_full_article.pdf,1cf418faabb4104db030b3f0b0196783cd6198d2ff5ed51c539c88ca51e6bd8a,"Single extractor, 2026-09-28",pending
Sim 2002,session_duration,45 min,Extracted (PDF quote),2,Group II – Preoperative EA (45 minutes of EA before induction of GA),,,Legacy value was 30 min.,TEAS EA Verification/Source PDFs/covidence_952_full_article.pdf,1cf418faabb4104db030b3f0b0196783cd6198d2ff5ed51c539c88ca51e6bd8a,"Single extractor, 2026-09-28",pending
Song 2020,age,TEAS 57.33 ± 10.0; control 60.19 ± 8.2 years (mean ± SD); eligibility 40–65,Extracted (PDF quote),6,Age 57.33±10.0 60.19±8.2,,,"Legacy value was ""not reported"".",TEAS EA Verification/Source PDFs/getfile.php-6.pdf,0a262651d2a78a1454e1b07a661f3c6a77c06b6a6143de7adb70ca1abc9c844a,"Single extractor, 2026-09-28",pending
Song 2020,female,TEAS 25/42; control 28/43 female (male/female 17/25 vs 15/28),Extracted (PDF quote),6,Gender (Male/Female) 17/25 15/28,,,"Legacy value was ""not reported"".",TEAS EA Verification/Source PDFs/getfile.php-6.pdf,0a262651d2a78a1454e1b07a661f3c6a77c06b6a6143de7adb70ca1abc9c844a,"Single extractor, 2026-09-28",pending
Song 2020,bmi,,Not reported in source,,,,,BMI is not tabulated (eligibility BMI 18–25 kg/m2).,TEAS EA Verification/Source PDFs/getfile.php-6.pdf,0a262651d2a78a1454e1b07a661f3c6a77c06b6a6143de7adb70ca1abc9c844a,"Single extractor, 2026-09-28",pending
Song 2020,asa,ASA I–II (eligibility),Extracted (PDF quote),2,patients with American Society of Anesthesiologists grades I‒II,,,"Legacy value was ""not reported"".",TEAS EA Verification/Source PDFs/getfile.php-6.pdf,0a262651d2a78a1454e1b07a661f3c6a77c06b6a6143de7adb70ca1abc9c844a,"Single extractor, 2026-09-28",pending
Song 2020,acupoints,"Bilateral HT7, PC6 (night before surgery); bilateral PC6, HT7, ST36, LI4 (postoperative)",Extracted (PDF quote),3,TEAS was performed at the HT7 (Shenmen) and Neiguan (PC6) acupoints on the night before surgery,3,"30 min of TEAS treatment was also performed bilaterally at the Neiguan (PC6), HT7 (Shenmen), ST36 (Zusanli), and LI4 (Hegu) acupoints at the end of",,TEAS EA Verification/Source PDFs/getfile.php-6.pdf,0a262651d2a78a1454e1b07a661f3c6a77c06b6a6143de7adb70ca1abc9c844a,"Single extractor, 2026-09-28",pending
Song 2020,frequency,2/10 Hz,Extracted (PDF quote),3,was set at 2/10 HZ,,,,TEAS EA Verification/Source PDFs/getfile.php-6.pdf,0a262651d2a78a1454e1b07a661f3c6a77c06b6a6143de7adb70ca1abc9c844a,"Single extractor, 2026-09-28",pending
Song 2020,intensity,"6–15 mA, adjusted to the patient",Extracted (PDF quote),3,The optimal intensity range is 6 to 15 mA,,,,TEAS EA Verification/Source PDFs/getfile.php-6.pdf,0a262651d2a78a1454e1b07a661f3c6a77c06b6a6143de7adb70ca1abc9c844a,"Single extractor, 2026-09-28",pending
Song 2020,timing,"Night before surgery, end of surgery, and before sleep on the second and third postoperative nights",Extracted (PDF quote),1,"the first night before surgery, at the end of surgery, and before sleeping on the seco",,,,TEAS EA Verification/Source PDFs/getfile.php-6.pdf,0a262651d2a78a1454e1b07a661f3c6a77c06b6a6143de7adb70ca1abc9c844a,"Single extractor, 2026-09-28",pending
Song 2020,sessions,4,Extracted (PDF quote),1,"the first night before surgery, at the end of surgery, and before sleeping on the seco",,,Count derived from the schedule as printed.,TEAS EA Verification/Source PDFs/getfile.php-6.pdf,0a262651d2a78a1454e1b07a661f3c6a77c06b6a6143de7adb70ca1abc9c844a,"Single extractor, 2026-09-28",pending
Song 2020,session_duration,30 min,Extracted (PDF quote),3,"In the TEAS group, 30 min of TEAS treatment was performed bilaterally",,,,TEAS EA Verification/Source PDFs/getfile.php-6.pdf,0a262651d2a78a1454e1b07a661f3c6a77c06b6a6143de7adb70ca1abc9c844a,"Single extractor, 2026-09-28",pending
Sun 2017,age,Sham (SSS) 46.5 ± 13.6; preoperative (TSS) 45.9 ± 10.2; pre + intraoperative (TTS) 42.4 ± 10.4; pre + postoperative (TST) 44.8 ± 11.5 years,Extracted (PDF quote),4,Age (y) 46.5 ± 13.6 45.9 ± 10.2 42.4 ± 10.4 44.8 ± 11.5,,,"Four-arm trial (SSS n=90, TSS n=91, TTS n=91, TST n=89).",TEAS EA Verification/Source PDFs/sun2017-2.pdf,08bff012301811eee2caa149fca626ae6787f61dcee2951fce77830ac7b5de44,"Single extractor, 2026-09-28",pending
Sun 2017,female,Male % (95% CI): SSS 20.0; TSS 14.3; TTS 16.5; TST 20.2 (so about 80–86% female),Extracted (PDF quote),4,"Sex (Male, %) 20.0 (11.7-28.3) 14.3 (7.1-21.5) 16.5 (8.8-24.2) 20.2 (11.8-28.6)",,,Only male percentages are printed; female counts are not given directly.,TEAS EA Verification/Source PDFs/sun2017-2.pdf,08bff012301811eee2caa149fca626ae6787f61dcee2951fce77830ac7b5de44,"Single extractor, 2026-09-28",pending
Sun 2017,bmi,SSS 22.7 ± 3.1; TSS 22.8 ± 2.3; TTS 22.6 ± 2.8; TST 23.3 ± 3.2 kg/m² (mean ± SD),Extracted (PDF quote),4,Body mass index (kg/m2) 22.7 ± 3.1 22.8 ± 2.3 22.6 ± 2.8 23.3 ± 3.2,,,,TEAS EA Verification/Source PDFs/sun2017-2.pdf,08bff012301811eee2caa149fca626ae6787f61dcee2951fce77830ac7b5de44,"Single extractor, 2026-09-28",pending
Sun 2017,asa,ASA I–II; ASA I %: SSS 31.1; TSS 36.3; TTS 23.1; TST 32.6,Extracted (PDF quote),4,"ASA (I,%) 31.1 (21.5-40.7) 36.3 (26.4-46.2) 23.1 (14.4-31.8) 32.6 (22.8-42.4)",,,,TEAS EA Verification/Source PDFs/sun2017-2.pdf,08bff012301811eee2caa149fca626ae6787f61dcee2951fce77830ac7b5de44,"Single extractor, 2026-09-28",pending
Sun 2017,acupoints,Bilateral LI4 and PC6,Extracted (PDF quote),2,acupoints named Hegu (LI4) and Neiguan (P6) were identified,,,Legacy value listed LI4 and ST36.,TEAS EA Verification/Source PDFs/sun2017-2.pdf,08bff012301811eee2caa149fca626ae6787f61dcee2951fce77830ac7b5de44,"Single extractor, 2026-09-28",pending
Sun 2017,frequency,"2/100 Hz dense-disperse, alternating every 3 s",Extracted (PDF quote),2,"Patients in the TEAS treatment groups received an alternating dense and disperse stimulation, where the 2 Hz (0.6 ms pulse width)",,,,TEAS EA Verification/Source PDFs/sun2017-2.pdf,08bff012301811eee2caa149fca626ae6787f61dcee2951fce77830ac7b5de44,"Single extractor, 2026-09-28",pending
Sun 2017,intensity,Maximum tolerated but subnoxious,Extracted (PDF quote),2,at a maximum current tolerated but subnoxious to the patient,,,Legacy value was 5–15 mA.,TEAS EA Verification/Source PDFs/sun2017-2.pdf,08bff012301811eee2caa149fca626ae6787f61dcee2951fce77830ac7b5de44,"Single extractor, 2026-09-28",pending
Sun 2017,timing,"Arm-specific: preoperative only (TSS), preoperative + intraoperative (TTS), or preoperative + postoperative (TST)",Extracted (PDF quote),1,"randomly assigned to receive sham TEAS (group SSS), preoperative TEAS (group TSS), preoperative TEAS",,,,TEAS EA Verification/Source PDFs/sun2017-2.pdf,08bff012301811eee2caa149fca626ae6787f61dcee2951fce77830ac7b5de44,"Single extractor, 2026-09-28",pending
Sun 2017,sessions,"Arm-specific: 1 (TSS) or 2 (TTS, TST) perioperative periods",Extracted (PDF quote),2,Each treatment lasted 30 minutes in each perioperative period.,,,Legacy value was a single session.,TEAS EA Verification/Source PDFs/sun2017-2.pdf,08bff012301811eee2caa149fca626ae6787f61dcee2951fce77830ac7b5de44,"Single extractor, 2026-09-28",pending
Sun 2017,session_duration,30 min per perioperative period,Extracted (PDF quote),2,Each treatment lasted 30 minutes in each perioperative period.,,,,TEAS EA Verification/Source PDFs/sun2017-2.pdf,08bff012301811eee2caa149fca626ae6787f61dcee2951fce77830ac7b5de44,"Single extractor, 2026-09-28",pending
Szmit 2021,age,"TEAS 54.6 (15.8); sham 57.8 (15.6); control 60.6 (12.1) years (mean, SD)",Extracted (PDF quote),7,Age (years) 0.408 M (SD) 54.6 (15.8) 57.8 (15.6) 60.6 (12.1),,,"Three-arm trial (TEAS n=24, sham n=24, control n=23). Legacy value was ""not reported"".",TEAS EA Verification/Source PDFs/pdf-3.pdf,2a45730009de55f8953ed7f8d3e052d8e3a72e2ee51620b4ed800fcc67542b89,"Single extractor, 2026-09-28",pending
Szmit 2021,female,TEAS 3/24; sham 4/24; control 4/23 female,Extracted (PDF quote),7,Females 3 12.5% 4 16.7% 4 17.4%,,,"Legacy value was ""not reported"".",TEAS EA Verification/Source PDFs/pdf-3.pdf,2a45730009de55f8953ed7f8d3e052d8e3a72e2ee51620b4ed800fcc67542b89,"Single extractor, 2026-09-28",pending
Szmit 2021,bmi,,Not reported in source,,,,,BMI is not tabulated (eligibility BMI 18–30 kg/m2).,TEAS EA Verification/Source PDFs/pdf-3.pdf,2a45730009de55f8953ed7f8d3e052d8e3a72e2ee51620b4ed800fcc67542b89,"Single extractor, 2026-09-28",pending
Szmit 2021,asa,ASA I–III (eligibility),Extracted (PDF quote),2,ASA classification I–III,,,"Legacy value was ""not reported"".",TEAS EA Verification/Source PDFs/pdf-3.pdf,2a45730009de55f8953ed7f8d3e052d8e3a72e2ee51620b4ed800fcc67542b89,"Single extractor, 2026-09-28",pending
Szmit 2021,acupoints,Bilateral LI4 and two ipsilateral peri-incisional ashi points (within 5 cm of the incision),Extracted (PDF quote),5,electro-stimulators were applied bilaterally to LI4 (He Gu) and ipsilateral to hernia to two ashi points located within a diameter of 5 cm from the incision site,,,,TEAS EA Verification/Source PDFs/pdf-3.pdf,2a45730009de55f8953ed7f8d3e052d8e3a72e2ee51620b4ed800fcc67542b89,"Single extractor, 2026-09-28",pending
Szmit 2021,frequency,"2/100 Hz, alternating every 3 s",Extracted (PDF quote),5,mixed frequency stimulation (alternating at 2 and 100 Hz every 3 s),,,,TEAS EA Verification/Source PDFs/pdf-3.pdf,2a45730009de55f8953ed7f8d3e052d8e3a72e2ee51620b4ed800fcc67542b89,"Single extractor, 2026-09-28",pending
Szmit 2021,intensity,Titrated to slight regional muscle twitching and De-Qi (numeric current not reported); halved during sleep,Extracted (PDF quote),5,The intensity of the stimulation was adjusted to each individual to maintain a slight twitching of the regional muscle,5,the intensity of stimulation was reduced by 50% during sleep hours,,TEAS EA Verification/Source PDFs/pdf-3.pdf,2a45730009de55f8953ed7f8d3e052d8e3a72e2ee51620b4ed800fcc67542b89,"Single extractor, 2026-09-28",pending
Szmit 2021,timing,"Postoperative: from arrival in the PACU, 30 min every 2 h",Extracted (PDF quote),5,which started when the patient arrived in the postanesthesia care unit,5,in continuous mode for 30 min at intervals of 2 h,,TEAS EA Verification/Source PDFs/pdf-3.pdf,2a45730009de55f8953ed7f8d3e052d8e3a72e2ee51620b4ed800fcc67542b89,"Single extractor, 2026-09-28",pending
Szmit 2021,sessions,Repeated every 2 h postoperatively (total not reported),Extracted (PDF quote),5,in continuous mode for 30 min at intervals of 2 h,,,,TEAS EA Verification/Source PDFs/pdf-3.pdf,2a45730009de55f8953ed7f8d3e052d8e3a72e2ee51620b4ed800fcc67542b89,"Single extractor, 2026-09-28",pending
Szmit 2021,session_duration,30 min (every 2 h),Extracted (PDF quote),5,The device was automatically shut off at the end of each 30 min treatment interval.,,,,TEAS EA Verification/Source PDFs/pdf-3.pdf,2a45730009de55f8953ed7f8d3e052d8e3a72e2ee51620b4ed800fcc67542b89,"Single extractor, 2026-09-28",pending
Tu 2024,age,TEAS 44.77 ± 15.74; sham 49.24 ± 14.02 years (mean ± SD); eligibility 18–70,Extracted (PDF quote),4,"Age (mean ± SD, years) 44.77 ± 15.74 49.24 ± 14.02",,,,TEAS EA Verification/Source PDFs/study_244_Tu_2023.pdf,1824c6c671f079873a5d612106952736a050d5201fa906089b59943bfb9dcd61,"Single extractor, 2026-09-28",pending
Tu 2024,female,TEAS 31/57; sham 31/58 female,Extracted (PDF quote),4,female 31 (54.4) 31 (53.4),,,,TEAS EA Verification/Source PDFs/study_244_Tu_2023.pdf,1824c6c671f079873a5d612106952736a050d5201fa906089b59943bfb9dcd61,"Single extractor, 2026-09-28",pending
Tu 2024,bmi,,Not reported in source,,,,,Weight is reported; BMI is not.,TEAS EA Verification/Source PDFs/study_244_Tu_2023.pdf,1824c6c671f079873a5d612106952736a050d5201fa906089b59943bfb9dcd61,"Single extractor, 2026-09-28",pending
Tu 2024,asa,ASA I–II (eligibility),Extracted (PDF quote),2,American Society of Anesthesiologists physical status classification o,,,"Sentence continues ""…of I or II"" across the text layer. Legacy value was ""not reported"".",TEAS EA Verification/Source PDFs/study_244_Tu_2023.pdf,1824c6c671f079873a5d612106952736a050d5201fa906089b59943bfb9dcd61,"Single extractor, 2026-09-28",pending
Tu 2024,anaesthesia,General anaesthesia with endotracheal intubation (agents not specified),Extracted (PDF quote),2,All patients were administered general anesthesia with endotracheal intubation.,,,,TEAS EA Verification/Source PDFs/study_244_Tu_2023.pdf,1824c6c671f079873a5d612106952736a050d5201fa906089b59943bfb9dcd61,"Single extractor, 2026-09-28",pending
Tu 2024,acupoints,Bilateral PC6,Extracted (PDF quote),2,self-adhesive elec trodes were placed bilaterally over the P6 acupoints,,,,TEAS EA Verification/Source PDFs/study_244_Tu_2023.pdf,1824c6c671f079873a5d612106952736a050d5201fa906089b59943bfb9dcd61,"Single extractor, 2026-09-28",pending
Tu 2024,frequency,2/100 Hz dilatational (dense-disperse) wave,Extracted (PDF quote),2,The stimulator lasted for 30 min with a dilatational wave of 2/100 Hz,,,,TEAS EA Verification/Source PDFs/study_244_Tu_2023.pdf,1824c6c671f079873a5d612106952736a050d5201fa906089b59943bfb9dcd61,"Single extractor, 2026-09-28",pending
Tu 2024,intensity,Varied until a continuous de qi sensation (mA not reported),Extracted (PDF quote),2,the intensity varied until the patients continuously felt a de,,,Legacy value was 5–15 mA.,TEAS EA Verification/Source PDFs/study_244_Tu_2023.pdf,1824c6c671f079873a5d612106952736a050d5201fa906089b59943bfb9dcd61,"Single extractor, 2026-09-28",pending
Tu 2024,timing,Postoperative: in the recovery room as the patient regained consciousness,Extracted (PDF quote),2,"after transferring the patients from the operating room to the anesthesia resuscitation room, the intervention was administered as the patient gained consciousness",,,Legacy value was preoperative.,TEAS EA Verification/Source PDFs/study_244_Tu_2023.pdf,1824c6c671f079873a5d612106952736a050d5201fa906089b59943bfb9dcd61,"Single extractor, 2026-09-28",pending
Tu 2024,sessions,1 (postoperative),Extracted (PDF quote),2,The stimulator lasted for 30 min with a dilatational wave of 2/100 Hz,,,,TEAS EA Verification/Source PDFs/study_244_Tu_2023.pdf,1824c6c671f079873a5d612106952736a050d5201fa906089b59943bfb9dcd61,"Single extractor, 2026-09-28",pending
Tu 2024,session_duration,30 min,Extracted (PDF quote),2,The stimulator lasted for 30 min,,,,TEAS EA Verification/Source PDFs/study_244_Tu_2023.pdf,1824c6c671f079873a5d612106952736a050d5201fa906089b59943bfb9dcd61,"Single extractor, 2026-09-28",pending
Wang 2023,age,TEAS 58.20 ± 7.90; sham 60.44 ± 9.64 years (mean ± SD); eligibility 18–75,Extracted (PDF quote),7,"Age (year, mean ± SD) 58.20 ± 7.90 60.44 ± 9.64",,,,TEAS EA Verification/Source PDFs/s40122-023-00493-2.pdf,9eae987a3d59d97843498faa079d7eac7ae430cae80d2971d356bb988714bd6c,"Single extractor, 2026-09-28",pending
Wang 2023,female,,Not reported in source,,,,,Sex is not tabulated.,TEAS EA Verification/Source PDFs/s40122-023-00493-2.pdf,9eae987a3d59d97843498faa079d7eac7ae430cae80d2971d356bb988714bd6c,"Single extractor, 2026-09-28",pending
Wang 2023,bmi,TEAS 23.87 ± 2.85; sham 23.73 ± 2.37 kg/m² (mean ± SD),Extracted (PDF quote),7,"BMI (kg/m2, mean ± SD) 23.87 ± 2.85 23.73 ± 2.37",,,,TEAS EA Verification/Source PDFs/s40122-023-00493-2.pdf,9eae987a3d59d97843498faa079d7eac7ae430cae80d2971d356bb988714bd6c,"Single extractor, 2026-09-28",pending
Wang 2023,asa,"TEAS 0/34/6, sham 0/29/14 (ASA I/II/III)",Extracted (PDF quote),7,ASA score (n (%)) I 0 (0.0%) 0 (0.0%) 0.062 II 34 (85.0%) 29 (67.4%) III 6 (15.0%) 14 (32.6%),,,Legacy value gave only the TEAS arm.,TEAS EA Verification/Source PDFs/s40122-023-00493-2.pdf,9eae987a3d59d97843498faa079d7eac7ae430cae80d2971d356bb988714bd6c,"Single extractor, 2026-09-28",pending
Wang 2023,anaesthesia,"General anaesthesia (intravenous–inhalation): midazolam, etomidate, sufentanil and vecuronium induction; sevoflurane with propofol and remifentanil infusions",Extracted (PDF quote),4,"For induction of anesthesia, an intravenous bolus injection of midazolam 0.04 mg/ kg, etomidate 0.3 mg/kg, sufentanil 0.4 lg/kg and vecuronium 0.08 mg/kg was used.",4,Continuous inhalation of 1%–2% sevoflurane and continuous infusions of propofol,,TEAS EA Verification/Source PDFs/s40122-023-00493-2.pdf,9eae987a3d59d97843498faa079d7eac7ae430cae80d2971d356bb988714bd6c,"Single extractor, 2026-09-28",pending
Wang 2023,acupoints,"Bilateral HT7, PC6, ST36",Extracted (PDF quote),4,"bilateral Shenmen (HT7), Neiguan (PC6) and Zusanli (ST36) acupoints",,,,TEAS EA Verification/Source PDFs/s40122-023-00493-2.pdf,9eae987a3d59d97843498faa079d7eac7ae430cae80d2971d356bb988714bd6c,"Single extractor, 2026-09-28",pending
Wang 2023,frequency,2/10 Hz dense-disperse (methods); the abstract states 2/100 Hz,Extracted (PDF quote),4,A dense-disperse frequency of 2/10 Hz and intensity of 6–15 mA were used for 30 min.,1,"disperse-dense waves; frequency, 2/100 Hz",Report-level conflict between the methods (2/10 Hz) and the abstract (2/100 Hz); the methods value is recorded.,TEAS EA Verification/Source PDFs/s40122-023-00493-2.pdf,9eae987a3d59d97843498faa079d7eac7ae430cae80d2971d356bb988714bd6c,"Single extractor, 2026-09-28",pending
Wang 2023,intensity,"6–15 mA, slight regional muscle twitching at maximum tolerance",Extracted (PDF quote),4,A dense-disperse frequency of 2/10 Hz and intensity of 6–15 mA were used for 30 min.,,,Legacy value was 5–15 mA.,TEAS EA Verification/Source PDFs/s40122-023-00493-2.pdf,9eae987a3d59d97843498faa079d7eac7ae430cae80d2971d356bb988714bd6c,"Single extractor, 2026-09-28",pending
Wang 2023,timing,"Night before surgery, night of surgery, and first night after surgery",Extracted (PDF quote),4,"TEAS was administrated a total of three times at each acupoint: (1) the night before surgery, (2) the night of the surgery and (3) the first night after surgery.",,,Legacy value was 30 min before induction.,TEAS EA Verification/Source PDFs/s40122-023-00493-2.pdf,9eae987a3d59d97843498faa079d7eac7ae430cae80d2971d356bb988714bd6c,"Single extractor, 2026-09-28",pending
Wang 2023,sessions,3,Extracted (PDF quote),4,TEAS was administrated a total of three times at each acupoint,,,Legacy value was a single session.,TEAS EA Verification/Source PDFs/s40122-023-00493-2.pdf,9eae987a3d59d97843498faa079d7eac7ae430cae80d2971d356bb988714bd6c,"Single extractor, 2026-09-28",pending
Wang 2023,session_duration,30 min,Extracted (PDF quote),4,were used for 30 min,,,,TEAS EA Verification/Source PDFs/s40122-023-00493-2.pdf,9eae987a3d59d97843498faa079d7eac7ae430cae80d2971d356bb988714bd6c,"Single extractor, 2026-09-28",pending
Wang 2024,age,By stratum (control OD vs TEAS ODT): SNVP 49.9 ± 9.5 vs 47.4 ± 8.2; MNVP 49.3 ± 10.0 vs 49.0 ± 8.5 years (mean ± SD),Extracted (PDF quote),4,Age (years)a 49.9 ± 9.5 47.4 ± 8.2 0.258 49.3 ± 10.0 49.0 ± 8.5,,,"Two risk strata, each randomised to OD or OD + TEAS. Legacy value (48.2 ± 8.4 vs 49.6 ± 9.7) is not printed in the report.",TEAS EA Verification/Source PDFs/covidence_212_full_article.pdf,0d6dfc8648e5411a59cb9c8c9af42519fedd58975fe97916b08b61fde82f946e,"Single extractor, 2026-09-28",pending
Wang 2024,bmi,By stratum (OD vs ODT): SNVP 24.6 ± 3.6 vs 23.7 ± 2.7; MNVP 24.5 ± 4.0 vs 24.4 ± 3.6 kg/m²,Extracted (PDF quote),4,Body mass indexa 24.6 ± 3.6 23.7 ± 2.7 0.225 24.5 ± 4.0 24.4 ± 3.6,,,Legacy value (24.1 ± 3.2 vs 24.5 ± 3.8) is not printed in the report.,TEAS EA Verification/Source PDFs/covidence_212_full_article.pdf,0d6dfc8648e5411a59cb9c8c9af42519fedd58975fe97916b08b61fde82f946e,"Single extractor, 2026-09-28",pending
Wang 2024,asa,ASA I–II (eligibility),Extracted (PDF quote),2,American Society of Anesthesiologists physical status I or II,,,"Legacy value was ""not reported"".",TEAS EA Verification/Source PDFs/covidence_212_full_article.pdf,0d6dfc8648e5411a59cb9c8c9af42519fedd58975fe97916b08b61fde82f946e,"Single extractor, 2026-09-28",pending
Wang 2024,acupoints,Bilateral PC6 and LI4,Extracted (PDF quote),3,to stimulate the bilateral Neiguan (PC6) and Hegu (LI4) acupoints for 30 min,,,,TEAS EA Verification/Source PDFs/covidence_212_full_article.pdf,0d6dfc8648e5411a59cb9c8c9af42519fedd58975fe97916b08b61fde82f946e,"Single extractor, 2026-09-28",pending
Wang 2024,frequency,2/100 Hz,Extracted (PDF quote),3,The frequency of the TEAS device was set at 2/100 Hz.,,,,TEAS EA Verification/Source PDFs/covidence_212_full_article.pdf,0d6dfc8648e5411a59cb9c8c9af42519fedd58975fe97916b08b61fde82f946e,"Single extractor, 2026-09-28",pending
Wang 2024,intensity,10 mA,Extracted (PDF quote),3,"In the TEAS-treated group, an intensity of 10 mA was administered.",,,Legacy value was 5–15 mA.,TEAS EA Verification/Source PDFs/covidence_212_full_article.pdf,0d6dfc8648e5411a59cb9c8c9af42519fedd58975fe97916b08b61fde82f946e,"Single extractor, 2026-09-28",pending
Wang 2024,timing,"Preoperative, before induction",Extracted (PDF quote),3,"Before anesthetic induction, a HANS-200A Acupoint Stimulator",,,,TEAS EA Verification/Source PDFs/covidence_212_full_article.pdf,0d6dfc8648e5411a59cb9c8c9af42519fedd58975fe97916b08b61fde82f946e,"Single extractor, 2026-09-28",pending
Wang 2024,sessions,1 (preoperative),Extracted (PDF quote),3,to stimulate the bilateral Neiguan (PC6) and Hegu (LI4) acupoints for 30 min,,,,TEAS EA Verification/Source PDFs/covidence_212_full_article.pdf,0d6dfc8648e5411a59cb9c8c9af42519fedd58975fe97916b08b61fde82f946e,"Single extractor, 2026-09-28",pending
Wang 2024,session_duration,30 min,Extracted (PDF quote),3,to stimulate the bilateral Neiguan (PC6) and Hegu (LI4) acupoints for 30 min,,,,TEAS EA Verification/Source PDFs/covidence_212_full_article.pdf,0d6dfc8648e5411a59cb9c8c9af42519fedd58975fe97916b08b61fde82f946e,"Single extractor, 2026-09-28",pending
Wong 2006,age,EA 64.6 ± 8.0; sham 64.5 ± 8.5 years (mean ± SD),Extracted (PDF quote),4,Age 64.6 8.0 64.5 8.5,,,± sign lost in the text layer.,TEAS EA Verification/Source PDFs/covidence_912_wong_2006.pdf,898210345f2f104e6b98a21b11532d3b53872ab18a90e0b9e232052d2718b877,"Single extractor, 2026-09-28",pending
Wong 2006,female,EA 4/13; sham 2/12 female,Extracted (PDF quote),4,F n 4 (30,,,"Table row reads ""F n 4 (30.8%) n 2 (16.7%)"".",TEAS EA Verification/Source PDFs/covidence_912_wong_2006.pdf,898210345f2f104e6b98a21b11532d3b53872ab18a90e0b9e232052d2718b877,"Single extractor, 2026-09-28",pending
Wong 2006,bmi,,Not reported in source,,,,,Not reported.,TEAS EA Verification/Source PDFs/covidence_912_wong_2006.pdf,898210345f2f104e6b98a21b11532d3b53872ab18a90e0b9e232052d2718b877,"Single extractor, 2026-09-28",pending
Wong 2006,asa,,Not reported in source,,,,,No ASA physical status reported.,TEAS EA Verification/Source PDFs/covidence_912_wong_2006.pdf,898210345f2f104e6b98a21b11532d3b53872ab18a90e0b9e232052d2718b877,"Single extractor, 2026-09-28",pending
Wong 2006,anaesthesia,General anaesthesia: morphine and fentanyl induction; morphine maintenance (as printed),Extracted (PDF quote),2,All patients received standardized doses of induction anesthesia (0.1 mg/kg morphine and 2 mg/kg fentanyl) and maintenance anesthesia (morphine 0.05 mg,,,The printed fentanyl dose (2 mg/kg) is as in the text layer.,TEAS EA Verification/Source PDFs/covidence_912_wong_2006.pdf,898210345f2f104e6b98a21b11532d3b53872ab18a90e0b9e232052d2718b877,"Single extractor, 2026-09-28",pending
Wong 2006,acupoints,"LI4, GB34, GB36, TE8 ipsilateral to the thoracotomy (needle EA)",Extracted (PDF quote),2,"The points selected were the LI 4, GB 34, GB 36, and TE 8 points ipsilateral to the side of the tho",,,"Legacy value listed LI4, ST36, SP6 and TE6.",TEAS EA Verification/Source PDFs/covidence_912_wong_2006.pdf,898210345f2f104e6b98a21b11532d3b53872ab18a90e0b9e232052d2718b877,"Single extractor, 2026-09-28",pending
Wong 2006,frequency,60 Hz alternating current,Extracted (PDF quote),2,An alternating current at 60 Hz was applied to the acupuncture needle for 30 minutes per session.,,,Legacy value was 2/100 Hz.,TEAS EA Verification/Source PDFs/covidence_912_wong_2006.pdf,898210345f2f104e6b98a21b11532d3b53872ab18a90e0b9e232052d2718b877,"Single extractor, 2026-09-28",pending
Wong 2006,intensity,Adjusted to reach De-Qi (mA not reported),Extracted (PDF quote),2,was reached by adjusting the intensity of the electrostimulator,,,Legacy value was 5–15 mA.,TEAS EA Verification/Source PDFs/covidence_912_wong_2006.pdf,898210345f2f104e6b98a21b11532d3b53872ab18a90e0b9e232052d2718b877,"Single extractor, 2026-09-28",pending
Wong 2006,timing,"Postoperative: from return to the ward, twice daily for the first 7 postoperative days",Extracted (PDF quote),2,Acupuncture was commenced immediately on return of the patient to the ward after surgery.,,,Legacy value was preoperative.,TEAS EA Verification/Source PDFs/covidence_912_wong_2006.pdf,898210345f2f104e6b98a21b11532d3b53872ab18a90e0b9e232052d2718b877,"Single extractor, 2026-09-28",pending
Wong 2006,sessions,14 (2 daily for 7 days),Extracted (PDF quote),2,All patients received two 30-minute acupuncture sessions (both EA and SA groups) each day for the first 7 postoperative days.,,,Count derived from the schedule as printed. Legacy value was a single session.,TEAS EA Verification/Source PDFs/covidence_912_wong_2006.pdf,898210345f2f104e6b98a21b11532d3b53872ab18a90e0b9e232052d2718b877,"Single extractor, 2026-09-28",pending
Wong 2006,session_duration,30 min,Extracted (PDF quote),2,An alternating current at 60 Hz was applied to the acupuncture needle for 30 minutes per session.,,,,TEAS EA Verification/Source PDFs/covidence_912_wong_2006.pdf,898210345f2f104e6b98a21b11532d3b53872ab18a90e0b9e232052d2718b877,"Single extractor, 2026-09-28",pending
Wu 2016,age,Thoracotomy only 52.5 ± 24.5; sham TAES 57.5 ± 28.3; TAES 55.5 ± 22.6 years (as printed; eligibility 18–65),Extracted (PDF quote),4,Age (year)a 52.5±24.5 57.5±28.3 55.5±22.6,,,"Three-arm trial (groups 1–3, n=27 each analysed). The printed SDs are implausibly large for an 18–65 eligibility range; values recorded as printed. Legacy value was ""not reported"".",TEAS EA Verification/Source PDFs/wu2015.pdf,193321b7d3e57c0519cd87df66886a7015c5d816b43403e67b12ff198fd54999,"Single extractor, 2026-09-28",pending
Wu 2016,female,Female: thoracotomy only 13/27; sham 16/27; TAES 15/27,Extracted (PDF quote),4,Gender (M/F)b 14/13 11/16 12/15,,,"Legacy value was ""not reported"".",TEAS EA Verification/Source PDFs/wu2015.pdf,193321b7d3e57c0519cd87df66886a7015c5d816b43403e67b12ff198fd54999,"Single extractor, 2026-09-28",pending
Wu 2016,bmi,,Not reported in source,,,,,Weight and height are reported; BMI is not.,TEAS EA Verification/Source PDFs/wu2015.pdf,193321b7d3e57c0519cd87df66886a7015c5d816b43403e67b12ff198fd54999,"Single extractor, 2026-09-28",pending
Wu 2016,asa,,Not reported in source,,,,,No ASA physical status reported.,TEAS EA Verification/Source PDFs/wu2015.pdf,193321b7d3e57c0519cd87df66886a7015c5d816b43403e67b12ff198fd54999,"Single extractor, 2026-09-28",pending
Wu 2016,anaesthesia,"General anaesthesia with double-lumen tube: midazolam, fentanyl and propofol induction; propofol and remifentanil maintenance",Extracted (PDF quote),2,Patients were anesthetized using midazolam (0.05 mg/kg,2,Anesthesia was maintained using propofol (4‐6 mg/kg/h) and remifentanil,,TEAS EA Verification/Source PDFs/wu2015.pdf,193321b7d3e57c0519cd87df66886a7015c5d816b43403e67b12ff198fd54999,"Single extractor, 2026-09-28",pending
Wu 2016,acupoints,"Bilateral LI4, PC6, SI3, SJ6 (TE6)",Extracted (PDF quote),3,"Group 3 received TAES at the bilateral LI 4, PC 6, SI 3 and SJ 6 points",,,,TEAS EA Verification/Source PDFs/wu2015.pdf,193321b7d3e57c0519cd87df66886a7015c5d816b43403e67b12ff198fd54999,"Single extractor, 2026-09-28",pending
Wu 2016,frequency,"2/100 Hz dense-disperse, alternating every 3 s",Extracted (PDF quote),2,"involving alter nate stimulation at 2 Hz and 100 Hz every 3 sec (frequency, 2/100 Hz)",,,,TEAS EA Verification/Source PDFs/wu2015.pdf,193321b7d3e57c0519cd87df66886a7015c5d816b43403e67b12ff198fd54999,"Single extractor, 2026-09-28",pending
Wu 2016,intensity,"4–12 mA, to minor muscle twitching",Extracted (PDF quote),2,The intensity of stimulation was set at 4‐12 mA to initiate minor mu,,,,TEAS EA Verification/Source PDFs/wu2015.pdf,193321b7d3e57c0519cd87df66886a7015c5d816b43403e67b12ff198fd54999,"Single extractor, 2026-09-28",pending
Wu 2016,timing,"30 min before incision, and at 20, 44, 68, 92 and 116 h after surgery",Extracted (PDF quote),3,"for 30 min prior to incision, and at 20, 44, 68, 92 and 116 h follow",,,,TEAS EA Verification/Source PDFs/wu2015.pdf,193321b7d3e57c0519cd87df66886a7015c5d816b43403e67b12ff198fd54999,"Single extractor, 2026-09-28",pending
Wu 2016,sessions,6,Extracted (PDF quote),3,"for 30 min prior to incision, and at 20, 44, 68, 92 and 116 h follow",,,Count derived from the schedule as printed.,TEAS EA Verification/Source PDFs/wu2015.pdf,193321b7d3e57c0519cd87df66886a7015c5d816b43403e67b12ff198fd54999,"Single extractor, 2026-09-28",pending
Wu 2016,session_duration,30 min,Extracted (PDF quote),2,The acupoints were stimulated in the standard dense‐and‐disperse mode for 30 min,,,,TEAS EA Verification/Source PDFs/wu2015.pdf,193321b7d3e57c0519cd87df66886a7015c5d816b43403e67b12ff198fd54999,"Single extractor, 2026-09-28",pending
Wu 2022,age,"pTEAS 57.58 (7.81); control 56.02 (8.48) years (mean, SD); eligibility 40–70",Extracted (PDF quote),5,Age (yr) 56.02(8.48) 57.58(7.81),,,Table 1 lists control first.,TEAS EA Verification/Source PDFs/s12871-022-01875-3.pdf,bb3c8a4aedbf656c306082e2b889c37c04af8d614fb8e8f23b3d6da85e33d3aa,"Single extractor, 2026-09-28",pending
Wu 2022,female,pTEAS 34/44; control 24/40 female,Extracted (PDF quote),5,Sex Male 16 10 Female 24 34,,,,TEAS EA Verification/Source PDFs/s12871-022-01875-3.pdf,bb3c8a4aedbf656c306082e2b889c37c04af8d614fb8e8f23b3d6da85e33d3aa,"Single extractor, 2026-09-28",pending
Wu 2022,bmi,"pTEAS 24.25 (3.27); control 23.55 (2.49) kg/m² (mean, SD)",Extracted (PDF quote),5,Body Mass Index (BMI) 23.55(2.49) 24.25(3.27),,,,TEAS EA Verification/Source PDFs/s12871-022-01875-3.pdf,bb3c8a4aedbf656c306082e2b889c37c04af8d614fb8e8f23b3d6da85e33d3aa,"Single extractor, 2026-09-28",pending
Wu 2022,asa,ASA I–II (eligibility),Extracted (PDF quote),2,Inclusion criteria are as follows: (1) ASA I – II,,,"Legacy value was ""not reported"".",TEAS EA Verification/Source PDFs/s12871-022-01875-3.pdf,bb3c8a4aedbf656c306082e2b889c37c04af8d614fb8e8f23b3d6da85e33d3aa,"Single extractor, 2026-09-28",pending
Wu 2022,acupoints,Bilateral ST36 and SP6 (pre/intraoperative); bilateral LR3 and PC6 (postoperative),Extracted (PDF quote),3,bilateral Zusanli (ST.36) and Sanyinjiao (SP.6) were stimulated by cutane ous electrode pads,3,bilateral Taichong (LR.3) and Neiguan (PC.6) were stimulated at 2/15Hz for 30 min once daily,"Legacy value listed ST36, SP6, LR3 and EX-B2.",TEAS EA Verification/Source PDFs/s12871-022-01875-3.pdf,bb3c8a4aedbf656c306082e2b889c37c04af8d614fb8e8f23b3d6da85e33d3aa,"Single extractor, 2026-09-28",pending
Wu 2022,frequency,"2/15 Hz before induction and postoperatively; 2/100 Hz intraoperatively (dense-disperse, 3-s alternation)",Extracted (PDF quote),3,at 2/15Hz for 30 min before anesthesia induction and then at 2/100Hz throughout the operation,,,Legacy value was 2/100 Hz only.,TEAS EA Verification/Source PDFs/s12871-022-01875-3.pdf,bb3c8a4aedbf656c306082e2b889c37c04af8d614fb8e8f23b3d6da85e33d3aa,"Single extractor, 2026-09-28",pending
Wu 2022,intensity,Individual maximum tolerance,Extracted (PDF quote),3,The intensity was adjusted according to individuals’ maximum tolerance,,,Legacy value was 5–15 mA.,TEAS EA Verification/Source PDFs/s12871-022-01875-3.pdf,bb3c8a4aedbf656c306082e2b889c37c04af8d614fb8e8f23b3d6da85e33d3aa,"Single extractor, 2026-09-28",pending
Wu 2022,timing,"Perioperative: 30 min before induction, throughout the operation, and once daily up to POD4",Extracted (PDF quote),3,at 2/15Hz for 30 min before anesthesia induction and then at 2/100Hz throughout the operation. Additional stimulation was administered until the post operative day (POD) 4,,,Legacy value was preoperative only.,TEAS EA Verification/Source PDFs/s12871-022-01875-3.pdf,bb3c8a4aedbf656c306082e2b889c37c04af8d614fb8e8f23b3d6da85e33d3aa,"Single extractor, 2026-09-28",pending
Wu 2022,sessions,"Up to 6 (preoperative, continuous intraoperative, once daily to POD4)",Extracted (PDF quote),3,"Additional stimulation was administered until the post operative day (POD) 4, wherein bilateral Taichong (LR.3) and Neiguan (PC.6) were stimulated at 2/15Hz for 30 min once daily.",,,Count derived from the schedule as printed (daily sessions assumed on POD1–4). Legacy value was a single session.,TEAS EA Verification/Source PDFs/s12871-022-01875-3.pdf,bb3c8a4aedbf656c306082e2b889c37c04af8d614fb8e8f23b3d6da85e33d3aa,"Single extractor, 2026-09-28",pending
Wu 2022,session_duration,30 min pre/postoperative; intraoperative for the duration of surgery,Extracted (PDF quote),3,at 2/15Hz for 30 min before anesthesia induction and then at 2/100Hz throughout the operation,,,,TEAS EA Verification/Source PDFs/s12871-022-01875-3.pdf,bb3c8a4aedbf656c306082e2b889c37c04af8d614fb8e8f23b3d6da85e33d3aa,"Single extractor, 2026-09-28",pending
Wu 2025,age,"TEAS 49.3 (11.5); control 50.1 (11.4) years (mean, SD); eligibility 18–70",Extracted (PDF quote),5,"Age (SD), y 49.3 (11.5) 50.1 (11.4)",,,,TEAS EA Verification/Source PDFs/103940.pdf,2fc3db1859c4af6dc85f9a357a2468eb54b002d2c7f87658c9113c207a8beb53,"Single extractor, 2026-09-28",pending
Wu 2025,female,TEAS 35/50; control 35/50 female,Extracted (PDF quote),5,"Female, No. (%) 35 (70.0%) 35 (70.0%)",,,,TEAS EA Verification/Source PDFs/103940.pdf,2fc3db1859c4af6dc85f9a357a2468eb54b002d2c7f87658c9113c207a8beb53,"Single extractor, 2026-09-28",pending
Wu 2025,bmi,"TEAS 23.8 (3.1); control 22.9 (3.2) kg/m² (mean, SD)",Extracted (PDF quote),5,"BMI (SD), kg/m2 23.8 (3.1) 22.9 (3.2)",,,,TEAS EA Verification/Source PDFs/103940.pdf,2fc3db1859c4af6dc85f9a357a2468eb54b002d2c7f87658c9113c207a8beb53,"Single extractor, 2026-09-28",pending
Wu 2025,asa,"TEAS 30/20, control 26/24 (ASA I/II)",Extracted (PDF quote),5,ASA (I/II) 30/20 26/24,,,Legacy value gave only the TEAS arm.,TEAS EA Verification/Source PDFs/103940.pdf,2fc3db1859c4af6dc85f9a357a2468eb54b002d2c7f87658c9113c207a8beb53,"Single extractor, 2026-09-28",pending
Wu 2025,acupoints,LI4 and PC6,Extracted (PDF quote),1,The TEAS group received 30 minutes of stimulation at Hegu (LI4) and Neiguan (PC6),,,,TEAS EA Verification/Source PDFs/103940.pdf,2fc3db1859c4af6dc85f9a357a2468eb54b002d2c7f87658c9113c207a8beb53,"Single extractor, 2026-09-28",pending
Wu 2025,frequency,2 Hz and 10 Hz (2/10 Hz),Extracted (PDF quote),3,at frequencies of 2 hz and 10 hz and a current of 12–20 mA for 30 min,,,Legacy value was 2/100 Hz.,TEAS EA Verification/Source PDFs/103940.pdf,2fc3db1859c4af6dc85f9a357a2468eb54b002d2c7f87658c9113c207a8beb53,"Single extractor, 2026-09-28",pending
Wu 2025,intensity,12–20 mA (fixed-intensity stimulation),Extracted (PDF quote),3,at frequencies of 2 hz and 10 hz and a current of 12–20 mA for 30 min,,,Legacy value was 5–15 mA.,TEAS EA Verification/Source PDFs/103940.pdf,2fc3db1859c4af6dc85f9a357a2468eb54b002d2c7f87658c9113c207a8beb53,"Single extractor, 2026-09-28",pending
Wu 2025,timing,Postoperative: immediately on arrival in the PACU,Extracted (PDF quote),3,Stimulation began immediately upon PACU arrival,,,Legacy value was preoperative.,TEAS EA Verification/Source PDFs/103940.pdf,2fc3db1859c4af6dc85f9a357a2468eb54b002d2c7f87658c9113c207a8beb53,"Single extractor, 2026-09-28",pending
Wu 2025,sessions,1 (PACU),Extracted (PDF quote),1,The TEAS group received 30 minutes of stimulation,,,,TEAS EA Verification/Source PDFs/103940.pdf,2fc3db1859c4af6dc85f9a357a2468eb54b002d2c7f87658c9113c207a8beb53,"Single extractor, 2026-09-28",pending
Wu 2025,session_duration,30 min,Extracted (PDF quote),1,The TEAS group received 30 minutes of stimulation,,,,TEAS EA Verification/Source PDFs/103940.pdf,2fc3db1859c4af6dc85f9a357a2468eb54b002d2c7f87658c9113c207a8beb53,"Single extractor, 2026-09-28",pending
Xie 2014,age,Control 53 ± 8; sham 55 ± 10; EA 54 ± 7 years (mean ± SD); range 30–70,Extracted (PDF quote),3,Age (years) 53±8 55±10 54±7,,,"Three-arm trial (A control, B sham, C EA; n=20 each).",TEAS EA Verification/Source PDFs/covidence_701_full_article.pdf,266dbdedc8cd25d5a1062363b7ead083bd8d7f939052db59b24463cdf7f795a3,"Single extractor, 2026-09-28",pending
Xie 2014,female,Female: control 6/20; sham 5/20; EA 6/20,Extracted (PDF quote),3,Sex (male/female) 14/6 15/5 14/6,,,,TEAS EA Verification/Source PDFs/covidence_701_full_article.pdf,266dbdedc8cd25d5a1062363b7ead083bd8d7f939052db59b24463cdf7f795a3,"Single extractor, 2026-09-28",pending
Xie 2014,bmi,,Not reported in source,,,,,Weight is reported; BMI is not.,TEAS EA Verification/Source PDFs/covidence_701_full_article.pdf,266dbdedc8cd25d5a1062363b7ead083bd8d7f939052db59b24463cdf7f795a3,"Single extractor, 2026-09-28",pending
Xie 2014,asa,"Printed as ""ASAIII"" (ambiguous: ASA III, or ASA I–II with a lost separator)",Extracted (PDF quote),1,Sixty patients (ASAIII) scheduled for elective radical esophagectomy,,,"The printed value is ambiguous; check the PDF before use. Legacy value was ""not reported"".",TEAS EA Verification/Source PDFs/covidence_701_full_article.pdf,266dbdedc8cd25d5a1062363b7ead083bd8d7f939052db59b24463cdf7f795a3,"Single extractor, 2026-09-28",pending
Xie 2014,acupoints,Ipsilateral PC4 and PC6 (needle EA),Extracted (PDF quote),1,electrically given EAS of the ipsilateral PC4 and PC6 throughout the surgery,,,,TEAS EA Verification/Source PDFs/covidence_701_full_article.pdf,266dbdedc8cd25d5a1062363b7ead083bd8d7f939052db59b24463cdf7f795a3,"Single extractor, 2026-09-28",pending
Xie 2014,frequency,2/20 Hz disperse-dense,Extracted (PDF quote),2,The electric stimulation consisted of a disperse-dense wave with a low frequency of 2 Hz and a high frequency of 20 Hz,,,Legacy value was 2/100 Hz.,TEAS EA Verification/Source PDFs/covidence_701_full_article.pdf,266dbdedc8cd25d5a1062363b7ead083bd8d7f939052db59b24463cdf7f795a3,"Single extractor, 2026-09-28",pending
Xie 2014,intensity,Submaximal tolerated level,Extracted (PDF quote),2,The intensity of the stimulation was adjusted to the submaximal level that could be tolerated by the patient.,,,Legacy value was 5–15 mA.,TEAS EA Verification/Source PDFs/covidence_701_full_article.pdf,266dbdedc8cd25d5a1062363b7ead083bd8d7f939052db59b24463cdf7f795a3,"Single extractor, 2026-09-28",pending
Xie 2014,timing,Perioperative: from 30 min before induction throughout the surgery,Extracted (PDF quote),2,"EAS was done 30 min before the induction of general anesthesia, and continued throughout the entire surgery.",,,Legacy value was preoperative (30 min) only.,TEAS EA Verification/Source PDFs/covidence_701_full_article.pdf,266dbdedc8cd25d5a1062363b7ead083bd8d7f939052db59b24463cdf7f795a3,"Single extractor, 2026-09-28",pending
Xie 2014,sessions,1 (continuous perioperative),Extracted (PDF quote),2,"EAS was done 30 min before the induction of general anesthesia, and continued throughout the entire surgery.",,,,TEAS EA Verification/Source PDFs/covidence_701_full_article.pdf,266dbdedc8cd25d5a1062363b7ead083bd8d7f939052db59b24463cdf7f795a3,"Single extractor, 2026-09-28",pending
Xie 2014,session_duration,From 30 min before induction to end of surgery (not fixed),Extracted (PDF quote),2,"EAS was done 30 min before the induction of general anesthesia, and continued throughout the entire surgery.",,,,TEAS EA Verification/Source PDFs/covidence_701_full_article.pdf,266dbdedc8cd25d5a1062363b7ead083bd8d7f939052db59b24463cdf7f795a3,"Single extractor, 2026-09-28",pending
Xing 2022,age,TEAS + TAPB (NTG) 68.48 ± 5.37; sham + TAPB (NG) 69.45 ± 5.89; general anaesthesia only (G) 70.41 ± 5.62 years,Extracted (PDF quote),6,"Age, years 70.41 ± 5.62 69.45 ± 5.89 68.48 ± 5.37",,,Three-arm trial; the review compares NTG with NG. Legacy value compared NTG with group G.,TEAS EA Verification/Source PDFs/s40122-022-00429-2.pdf,ef7826ca61ea657ea56689464a863c5340af1703488c259420346131727062c3,"Single extractor, 2026-09-28",pending
Xing 2022,female,Female: NTG 7/29; NG 7/29; G 9/29,Extracted (PDF quote),6,"Sex (male/female), n 20/9 22/7 22/7",,,Legacy value used group G (9/29) as the comparator.,TEAS EA Verification/Source PDFs/s40122-022-00429-2.pdf,ef7826ca61ea657ea56689464a863c5340af1703488c259420346131727062c3,"Single extractor, 2026-09-28",pending
Xing 2022,bmi,NTG 22.99 ± 1.81; NG 23.05 ± 2.48; G 22.71 ± 3.03 kg/m² (mean ± SD),Extracted (PDF quote),6,BMI (kg/m2) 22.71 ± 3.03 23.05 ± 2.48 22.99 ± 1.81,,,,TEAS EA Verification/Source PDFs/s40122-022-00429-2.pdf,ef7826ca61ea657ea56689464a863c5340af1703488c259420346131727062c3,"Single extractor, 2026-09-28",pending
Xing 2022,asa,ASA II/III: NTG 6/23; NG 5/24; G 7/22,Extracted (PDF quote),6,"ASA (II / III), n 7/22 5/24 6/23",,,,TEAS EA Verification/Source PDFs/s40122-022-00429-2.pdf,ef7826ca61ea657ea56689464a863c5340af1703488c259420346131727062c3,"Single extractor, 2026-09-28",pending
Xing 2022,anaesthesia,"General anaesthesia (midazolam, etomidate, sufentanil, rocuronium induction; propofol and remifentanil target-controlled infusion) with bilateral TAP block in the NG and NTG arms",Extracted (PDF quote),4,"Patients were intravenously administered midazolam (0.04 mg/kg), etomidate (0.3 mg/kg), sufentanil (0.3 lg/kg), and rocuronium (1 mg/kg). Anesthesia was maintained with a target-controlled infusion of propofo",,,,TEAS EA Verification/Source PDFs/s40122-022-00429-2.pdf,ef7826ca61ea657ea56689464a863c5340af1703488c259420346131727062c3,"Single extractor, 2026-09-28",pending
Xing 2022,acupoints,"Bilateral LI4, PC6, ST36",Extracted (PDF quote),3,"electrode pads were pasted at the acupoints of Hegu (LI4), Neiguan (PC6), and Zusanli (ST36) on both sides",,,,TEAS EA Verification/Source PDFs/s40122-022-00429-2.pdf,ef7826ca61ea657ea56689464a863c5340af1703488c259420346131727062c3,"Single extractor, 2026-09-28",pending
Xing 2022,frequency,2/100 Hz dilatational (dense-disperse) wave,Extracted (PDF quote),3,The NTG group was provided with a 2/100 Hz density wave and actual electric stimuli.,,,,TEAS EA Verification/Source PDFs/s40122-022-00429-2.pdf,ef7826ca61ea657ea56689464a863c5340af1703488c259420346131727062c3,"Single extractor, 2026-09-28",pending
Xing 2022,intensity,Mild muscle twitching up to individual maximum tolerance,Extracted (PDF quote),3,The optimal intensity was set to mild twitching of the surrounding muscle up to the maximum tolerated by the individual.,,,Legacy value was 5–15 mA.,TEAS EA Verification/Source PDFs/s40122-022-00429-2.pdf,ef7826ca61ea657ea56689464a863c5340af1703488c259420346131727062c3,"Single extractor, 2026-09-28",pending
Xing 2022,timing,Perioperative: from 30 min before anaesthesia until the end of the operation,Extracted (PDF quote),3,on both sides 30 min before anesthesia,3,Stopped stimulus and the electrodes were removed at the end of the operation in each group.,Legacy value was preoperative (30 min) only.,TEAS EA Verification/Source PDFs/s40122-022-00429-2.pdf,ef7826ca61ea657ea56689464a863c5340af1703488c259420346131727062c3,"Single extractor, 2026-09-28",pending
Xing 2022,sessions,1 (continuous perioperative),Extracted (PDF quote),3,Stopped stimulus and the electrodes were removed at the end of the operation in each group.,,,,TEAS EA Verification/Source PDFs/s40122-022-00429-2.pdf,ef7826ca61ea657ea56689464a863c5340af1703488c259420346131727062c3,"Single extractor, 2026-09-28",pending
Xing 2022,session_duration,From 30 min before anaesthesia to end of surgery (not fixed),Extracted (PDF quote),3,Stopped stimulus and the electrodes were removed at the end of the operation in each group.,,,,TEAS EA Verification/Source PDFs/s40122-022-00429-2.pdf,ef7826ca61ea657ea56689464a863c5340af1703488c259420346131727062c3,"Single extractor, 2026-09-28",pending
Xiong 2021,age,"TEAS 27.5 (8.0); control 27.3 (8.3) years (mean, SD); eligibility <65",Extracted (PDF quote),4,Age (y) 27.5 (8.0) 27.3 (8.3),,,,TEAS EA Verification/Source PDFs/covidence_431_full_article.pdf,85f0cc1e5493db16e616ba5a77950207798546aa0ed9986773bbcefac9ca1d45,"Single extractor, 2026-09-28",pending
Xiong 2021,female,All female (laparoscopic sleeve gastrectomy),Extracted (PDF quote),2,This study included 62 consecutive female patients below 65 years of age,,,Legacy value was 30/31 female per arm.,TEAS EA Verification/Source PDFs/covidence_431_full_article.pdf,85f0cc1e5493db16e616ba5a77950207798546aa0ed9986773bbcefac9ca1d45,"Single extractor, 2026-09-28",pending
Xiong 2021,bmi,"TEAS 39.1 (6.5); control 39.9 (5.8) kg/m² (mean, SD)",Extracted (PDF quote),4,BMI (kg m−2) 39.1 (6.5) 39.9 (5.8),,,,TEAS EA Verification/Source PDFs/covidence_431_full_article.pdf,85f0cc1e5493db16e616ba5a77950207798546aa0ed9986773bbcefac9ca1d45,"Single extractor, 2026-09-28",pending
Xiong 2021,asa,ASA II/III/IV: TEAS 16/14/1; control 17/13/1,Extracted (PDF quote),4,ASA score II 16 (51.6) 17 (54.8) – III 14 (45.2) 13 (41.9) – IV 1 (3.2) 1 (3.2),,,"Eligibility is printed as ASA ""II or IV"". Legacy value gave only the TEAS arm.",TEAS EA Verification/Source PDFs/covidence_431_full_article.pdf,85f0cc1e5493db16e616ba5a77950207798546aa0ed9986773bbcefac9ca1d45,"Single extractor, 2026-09-28",pending
Xiong 2021,acupoints,PC6 and ST36,Extracted (PDF quote),3,TEAS was adopted for acupoint stimulation in this trial of PC6 and ST36 acupoint positions,,,,TEAS EA Verification/Source PDFs/covidence_431_full_article.pdf,85f0cc1e5493db16e616ba5a77950207798546aa0ed9986773bbcefac9ca1d45,"Single extractor, 2026-09-28",pending
Xiong 2021,frequency,2/10 Hz dense-disperse,Extracted (PDF quote),3,with a dense disperse frequency of 2/10 Hz,,,Legacy value was 2/100 Hz.,TEAS EA Verification/Source PDFs/covidence_431_full_article.pdf,85f0cc1e5493db16e616ba5a77950207798546aa0ed9986773bbcefac9ca1d45,"Single extractor, 2026-09-28",pending
Xiong 2021,intensity,Started at 1 mA and increased to maximum tolerance with slight local twitching,Extracted (PDF quote),3,starting at 1 mA and increasing gradually to obtain the maximum tolerance for a slig,,,Legacy value was 5–15 mA.,TEAS EA Verification/Source PDFs/covidence_431_full_article.pdf,85f0cc1e5493db16e616ba5a77950207798546aa0ed9986773bbcefac9ca1d45,"Single extractor, 2026-09-28",pending
Xiong 2021,timing,"Perioperative: from about 30 min before induction through the operation, then at 2 h and 6 h after surgery",Extracted (PDF quote),3,about 30 min before induction and maintained during the operation,3,acupoint stimulation was performed within 12 h after the surgery twice daily (2 h and 6 h after the surgery),Legacy value was preoperative (30 min) only.,TEAS EA Verification/Source PDFs/covidence_431_full_article.pdf,85f0cc1e5493db16e616ba5a77950207798546aa0ed9986773bbcefac9ca1d45,"Single extractor, 2026-09-28",pending
Xiong 2021,sessions,3 (1 continuous perioperative; 2 postoperative),Extracted (PDF quote),3,acupoint stimulation was performed within 12 h after the surgery twice daily (2 h and 6 h after the surgery),,,Count derived from the schedule as printed. Legacy value was a single session.,TEAS EA Verification/Source PDFs/covidence_431_full_article.pdf,85f0cc1e5493db16e616ba5a77950207798546aa0ed9986773bbcefac9ca1d45,"Single extractor, 2026-09-28",pending
Xiong 2021,session_duration,,Not reported in source,,,,,The perioperative block runs from about 30 min before induction to the end of surgery; the length of the postoperative sessions is not stated.,TEAS EA Verification/Source PDFs/covidence_431_full_article.pdf,85f0cc1e5493db16e616ba5a77950207798546aa0ed9986773bbcefac9ca1d45,"Single extractor, 2026-09-28",pending
Yang 2020,age,EA 58.93 ± 11.77; usual care 56.39 ± 9.34 years (mean ± SD),Extracted (PDF quote),4,Age (years)* 58.93±11.77 56.39±9.34,,,,TEAS EA Verification/Source PDFs/covidence_464_verified.pdf,74195fd297db01dd46bc70ce30960d6ada974359a832f17219120a2cb8491d14,"Single extractor, 2026-09-28",pending
Yang 2020,female,EA 16/29; usual care 10/28 female,Extracted (PDF quote),4,Female 16 (55.17) 10 (35.71),,,,TEAS EA Verification/Source PDFs/covidence_464_verified.pdf,74195fd297db01dd46bc70ce30960d6ada974359a832f17219120a2cb8491d14,"Single extractor, 2026-09-28",pending
Yang 2020,bmi,,Not reported in source,,,,,Weight is reported; BMI is not.,TEAS EA Verification/Source PDFs/covidence_464_verified.pdf,74195fd297db01dd46bc70ce30960d6ada974359a832f17219120a2cb8491d14,"Single extractor, 2026-09-28",pending
Yang 2020,asa,ASA I–III (eligibility),Extracted (PDF quote),2,American Society of Anesthesiologists class I–III physical status,,,"Legacy value was ""not reported"".",TEAS EA Verification/Source PDFs/covidence_464_verified.pdf,74195fd297db01dd46bc70ce30960d6ada974359a832f17219120a2cb8491d14,"Single extractor, 2026-09-28",pending
Yang 2020,anaesthesia,"General anaesthesia with double-lumen intubation: midazolam, lidocaine, propofol, dexamethasone and rocuronium induction; sevoflurane maintenance",Extracted (PDF quote),3,"Anesthesia was induced with intravenous midazolam 0.5 mg/kg, 2% lidocaine 1 mg/kg, propofol 2 mg/kg, dexamethasone 5 mg and rocuronium 0.6 mg/kg.",3,Anesthesia was main tained with 1–2% sevoflurane in oxygen,,TEAS EA Verification/Source PDFs/covidence_464_verified.pdf,74195fd297db01dd46bc70ce30960d6ada974359a832f17219120a2cb8491d14,"Single extractor, 2026-09-28",pending
Yang 2020,acupoints,"Bilateral PC6, ST36, ST37 (needle EA)",Extracted (PDF quote),1,"bilateral electroacupuncture on 3 acupoints [Neiguan (PC6), Zusanli (ST36), and Shangjuxu (ST37)]",,,,TEAS EA Verification/Source PDFs/covidence_464_verified.pdf,74195fd297db01dd46bc70ce30960d6ada974359a832f17219120a2cb8491d14,"Single extractor, 2026-09-28",pending
Yang 2020,frequency,15 Hz,Extracted (PDF quote),3,EA was adjusted at 15 Hz with a 3–5 mA cur rent,,,Legacy value was 2/100 Hz.,TEAS EA Verification/Source PDFs/covidence_464_verified.pdf,74195fd297db01dd46bc70ce30960d6ada974359a832f17219120a2cb8491d14,"Single extractor, 2026-09-28",pending
Yang 2020,intensity,"3–5 mA, to maximum comfort level",Extracted (PDF quote),3,EA was adjusted at 15 Hz with a 3–5 mA cur rent until the patient reported maximum comfort,,,Legacy value was 5–15 mA.,TEAS EA Verification/Source PDFs/covidence_464_verified.pdf,74195fd297db01dd46bc70ce30960d6ada974359a832f17219120a2cb8491d14,"Single extractor, 2026-09-28",pending
Yang 2020,timing,"24 h before surgery, and 4 h and 24 h after surgery",Extracted (PDF quote),3,Patients in the EA group first received EA 24 hours before surgery. Each session lasted for 30 minutes and was repeated at 4 hours and 24 hours after surgery.,,,Legacy value was 30 min before induction.,TEAS EA Verification/Source PDFs/covidence_464_verified.pdf,74195fd297db01dd46bc70ce30960d6ada974359a832f17219120a2cb8491d14,"Single extractor, 2026-09-28",pending
Yang 2020,sessions,3,Extracted (PDF quote),1,all participants completed all three sessions of EA,,,Legacy value was a single session.,TEAS EA Verification/Source PDFs/covidence_464_verified.pdf,74195fd297db01dd46bc70ce30960d6ada974359a832f17219120a2cb8491d14,"Single extractor, 2026-09-28",pending
Yang 2020,session_duration,30 min,Extracted (PDF quote),3,Each session lasted for 30 minutes,,,,TEAS EA Verification/Source PDFs/covidence_464_verified.pdf,74195fd297db01dd46bc70ce30960d6ada974359a832f17219120a2cb8491d14,"Single extractor, 2026-09-28",pending
Yang 2024,bmi,,Not reported in source,,,,,Weight is reported; BMI is not.,TEAS EA Verification/Source PDFs/covidence_1930_full_article.pdf,6c2160c1111226035fb3a46cd41746f84d6f420d24c10b329cffcf82e1c8580f,"Single extractor, 2026-09-28",pending
Yang 2024,asa,ASA I–II (eligibility),Extracted (PDF quote),2,American Society of Anesthesiologists grade I–II,,,"Legacy value was ""not reported"".",TEAS EA Verification/Source PDFs/covidence_1930_full_article.pdf,6c2160c1111226035fb3a46cd41746f84d6f420d24c10b329cffcf82e1c8580f,"Single extractor, 2026-09-28",pending
Yang 2024,acupoints,"Bilateral PC6, ST36, ST37 (needle EA)",Extracted (PDF quote),2,"The selection of acupoints were bilateral PC6 (Neiguan), ST36 (Zusanli), and ST37 (Shan",,,,TEAS EA Verification/Source PDFs/covidence_1930_full_article.pdf,6c2160c1111226035fb3a46cd41746f84d6f420d24c10b329cffcf82e1c8580f,"Single extractor, 2026-09-28",pending
Yang 2024,frequency,15 Hz,Extracted (PDF quote),2,The stimulation frequency was 15 Hz,,,Legacy value was 2/100 Hz.,TEAS EA Verification/Source PDFs/covidence_1930_full_article.pdf,6c2160c1111226035fb3a46cd41746f84d6f420d24c10b329cffcf82e1c8580f,"Single extractor, 2026-09-28",pending
Yang 2024,intensity,"Adjusted to slight vibration of the needle handles, by tolerance (mA not reported)",Extracted (PDF quote),2,with intensities adjusted to trigger slight vibration of the needle handles according to individual tolerance,,,Legacy value was 5–15 mA.,TEAS EA Verification/Source PDFs/covidence_1930_full_article.pdf,6c2160c1111226035fb3a46cd41746f84d6f420d24c10b329cffcf82e1c8580f,"Single extractor, 2026-09-28",pending
Yang 2024,timing,"24 h before surgery, and 4 h and 24 h after surgery",Extracted (PDF quote),1,"(three sessions, 24 h prior to surgery, postoperative 4 h and 24 h)",,,Legacy value was 30 min before induction.,TEAS EA Verification/Source PDFs/covidence_1930_full_article.pdf,6c2160c1111226035fb3a46cd41746f84d6f420d24c10b329cffcf82e1c8580f,"Single extractor, 2026-09-28",pending
Yang 2024,sessions,3,Extracted (PDF quote),1,"(three sessions, 24 h prior to surgery, postoperative 4 h and 24 h)",,,Legacy value was a single session.,TEAS EA Verification/Source PDFs/covidence_1930_full_article.pdf,6c2160c1111226035fb3a46cd41746f84d6f420d24c10b329cffcf82e1c8580f,"Single extractor, 2026-09-28",pending
Yang 2024,session_duration,30 min,Extracted (PDF quote),2,each session lasted 30 min,,,,TEAS EA Verification/Source PDFs/covidence_1930_full_article.pdf,6c2160c1111226035fb3a46cd41746f84d6f420d24c10b329cffcf82e1c8580f,"Single extractor, 2026-09-28",pending
Yao 2015,age,"TEAS 34.2 (7.2); control 35.6 (8.7) years (mean, SD); eligibility 18–60",Extracted (PDF quote),4,Age (year) 34.2 (7.2) 35.6 (8.7),,,,retrieved_pdfs/039_yao_2015.pdf,769574c60b55724c5f5d1bb988ebb6cbd252be9b95734e3b11bf61bf5ae9272f,"Single extractor, 2026-09-28",pending
Yao 2015,female,All female (gynaecological laparoscopic surgery),Extracted (PDF quote),2,patients undergoing gynecological laparoscopic surgery,,,"Sex is not tabulated; female by definition of the gynaecological procedure (inferred from the population, not a reported count).",retrieved_pdfs/039_yao_2015.pdf,769574c60b55724c5f5d1bb988ebb6cbd252be9b95734e3b11bf61bf5ae9272f,"Single extractor, 2026-09-28",pending
Yao 2015,bmi,,Not reported in source,,,,,Height and weight are reported; BMI is not (exclusion BMI > 30).,retrieved_pdfs/039_yao_2015.pdf,769574c60b55724c5f5d1bb988ebb6cbd252be9b95734e3b11bf61bf5ae9272f,"Single extractor, 2026-09-28",pending
Yao 2015,asa,"TEAS 34/1, control 34/2 (ASA I/II)",Extracted (PDF quote),4,ASA (I/II) 34/1 34/2,,,Legacy value gave only the TEAS arm.,retrieved_pdfs/039_yao_2015.pdf,769574c60b55724c5f5d1bb988ebb6cbd252be9b95734e3b11bf61bf5ae9272f,"Single extractor, 2026-09-28",pending
Yao 2015,acupoints,"Bilateral LI4, PC6, ST36, SP6",Extracted (PDF quote),2,"bilateral Hegu (LI4), Neiguan (PC6), Zusanli (ST36), and Sa",,,,retrieved_pdfs/039_yao_2015.pdf,769574c60b55724c5f5d1bb988ebb6cbd252be9b95734e3b11bf61bf5ae9272f,"Single extractor, 2026-09-28",pending
Yao 2015,frequency,2/10 Hz dense-disperse,Extracted (PDF quote),2,TEAS was performed with a dense-disperse frequency of 2/10 Hz,,,Legacy value was 2/100 Hz.,retrieved_pdfs/039_yao_2015.pdf,769574c60b55724c5f5d1bb988ebb6cbd252be9b95734e3b11bf61bf5ae9272f,"Single extractor, 2026-09-28",pending
Yao 2015,intensity,"6–9 mA, slight regional muscle twitching",Extracted (PDF quote),2,an intensity of 6–9 mA for 30 min,,,Legacy value was 5–15 mA.,retrieved_pdfs/039_yao_2015.pdf,769574c60b55724c5f5d1bb988ebb6cbd252be9b95734e3b11bf61bf5ae9272f,"Single extractor, 2026-09-28",pending
Yao 2015,timing,Preoperative: 30 min before induction in the holding area,Extracted (PDF quote),2,Patients in the TEAS group received preoperative TEAS for 30 min before the induction of anesthesia in the holding area.,,,,retrieved_pdfs/039_yao_2015.pdf,769574c60b55724c5f5d1bb988ebb6cbd252be9b95734e3b11bf61bf5ae9272f,"Single extractor, 2026-09-28",pending
Yao 2015,sessions,1 (preoperative),Extracted (PDF quote),2,Patients in the TEAS group received preoperative TEAS for 30 min before the induction of anesthesia in the holding area.,,,,retrieved_pdfs/039_yao_2015.pdf,769574c60b55724c5f5d1bb988ebb6cbd252be9b95734e3b11bf61bf5ae9272f,"Single extractor, 2026-09-28",pending
Yao 2015,session_duration,30 min,Extracted (PDF quote),2,an intensity of 6–9 mA for 30 min,,,,retrieved_pdfs/039_yao_2015.pdf,769574c60b55724c5f5d1bb988ebb6cbd252be9b95734e3b11bf61bf5ae9272f,"Single extractor, 2026-09-28",pending
Yeh 2010,age,True stimulation (EG1) 60.7 ± 12.0; sham (EG2) 57.2 ± 15.7; control 63.2 ± 14.0 years (mean ± SD),Extracted (PDF quote),5,EGl(n=33) 11/33.3 22/66.7 60.7 ±12.0,5,EG2(n=30) 9/30.0 21/70.0 572±15.7,"Three-arm trial. The sham age prints as ""572±15.7"" (decimal point lost; read 57.2). Control group: 63.2 ± 14.0.",TEAS EA Verification/Source PDFs/015_PainATHM-2.pdf,58b5e1536bc704b429f00e4886606814fbec60efa6ffe63e7098571548c41994,"Single extractor, 2026-09-28",pending
Yeh 2010,female,Female: EG1 22/33; sham 21/30; control 15/31,Extracted (PDF quote),5,EGl(n=33) 11/33.3 22/66.7 60.7 ±12.0,5,EG2(n=30) 9/30.0 21/70.0 572±15.7,,TEAS EA Verification/Source PDFs/015_PainATHM-2.pdf,58b5e1536bc704b429f00e4886606814fbec60efa6ffe63e7098571548c41994,"Single extractor, 2026-09-28",pending
Yeh 2010,bmi,,Not reported in source,,,,,Height and weight are reported; BMI is not.,TEAS EA Verification/Source PDFs/015_PainATHM-2.pdf,58b5e1536bc704b429f00e4886606814fbec60efa6ffe63e7098571548c41994,"Single extractor, 2026-09-28",pending
Yeh 2010,asa,ASA I–II (eligibility),Extracted (PDF quote),2,had heen evaluated as American Society of Anesthesiologists grades I to II,,,"Legacy value was ""not reported"".",TEAS EA Verification/Source PDFs/015_PainATHM-2.pdf,58b5e1536bc704b429f00e4886606814fbec60efa6ffe63e7098571548c41994,"Single extractor, 2026-09-28",pending
Yeh 2010,acupoints,"Bilateral BL40, GB34, HT7, PC6",Extracted (PDF quote),2,"Electrical stimulation was applied to four pairs of acupoints, Weizhong (BL40), Yanglingquan (GB34), Shenmen (HT7), and Neiguan (P6)",,,"Legacy value listed LI4, PC6, ST36 and SP6.",TEAS EA Verification/Source PDFs/015_PainATHM-2.pdf,58b5e1536bc704b429f00e4886606814fbec60efa6ffe63e7098571548c41994,"Single extractor, 2026-09-28",pending
Yeh 2010,frequency,2/100 Hz dense-dispersed; 0.25 ms pulses,Extracted (PDF quote),4,"electrical stimulation was applied with a frequency of 100 Hz, a brush frequency of 2 Hz (dense-dispersed waveform), and a pulse duration of 0.25 milliseconds",,,,TEAS EA Verification/Source PDFs/015_PainATHM-2.pdf,58b5e1536bc704b429f00e4886606814fbec60efa6ffe63e7098571548c41994,"Single extractor, 2026-09-28",pending
Yeh 2010,intensity,4–7 mA by body weight,Extracted (PDF quote),4,The current output was titrated for each individual with an intensity in the range of 4 m A to 7 m A depending on body weight.,,,Legacy value was 5–15 mA.,TEAS EA Verification/Source PDFs/015_PainATHM-2.pdf,58b5e1536bc704b429f00e4886606814fbec60efa6ffe63e7098571548c41994,"Single extractor, 2026-09-28",pending
Yeh 2010,timing,"1 h before surgery, and 1 h and 2 h after return from the operating room",Extracted (PDF quote),4,"for a total of 20 minutes at three different times (1 hour before surgery, and 1 hour and 2 hours after the patient returned from the operating room)",,,Legacy value was 30 min before induction.,TEAS EA Verification/Source PDFs/015_PainATHM-2.pdf,58b5e1536bc704b429f00e4886606814fbec60efa6ffe63e7098571548c41994,"Single extractor, 2026-09-28",pending
Yeh 2010,sessions,3,Extracted (PDF quote),4,for a total of 20 minutes at three different times,,,Legacy value was a single session.,TEAS EA Verification/Source PDFs/015_PainATHM-2.pdf,58b5e1536bc704b429f00e4886606814fbec60efa6ffe63e7098571548c41994,"Single extractor, 2026-09-28",pending
Yeh 2010,session_duration,20 min,Extracted (PDF quote),4,for a total of 20 minutes at three different times,,,Legacy value was 30 min.,TEAS EA Verification/Source PDFs/015_PainATHM-2.pdf,58b5e1536bc704b429f00e4886606814fbec60efa6ffe63e7098571548c41994,"Single extractor, 2026-09-28",pending
Yeh 2011,age,AES 60.7 ± 12.0; sham 57.2 ± 15.7; control 63.2 ± 14.0 years (mean ± SD),Extracted (PDF quote),4,Age (M SD) 60.7 12.0 57.2 15.7 63.2 14.0,,,"Identical to the Yeh 2010 baseline table, consistent with the recorded probable cohort overlap.",TEAS EA Verification/Source PDFs/covidence_828_full_article.pdf,f0616419764d81993b6427b4cb4a46af14743f42a5262b8d8a1918d3de66e74a,"Single extractor, 2026-09-28",pending
Yeh 2011,female,Female: AES 20/30; sham 21/30; control 15/30,Extracted (PDF quote),4,Female 20/66.7 21/70.0 15/50.0,,,,TEAS EA Verification/Source PDFs/covidence_828_full_article.pdf,f0616419764d81993b6427b4cb4a46af14743f42a5262b8d8a1918d3de66e74a,"Single extractor, 2026-09-28",pending
Yeh 2011,bmi,,Not reported in source,,,,,Height and weight are reported; BMI is not.,TEAS EA Verification/Source PDFs/covidence_828_full_article.pdf,f0616419764d81993b6427b4cb4a46af14743f42a5262b8d8a1918d3de66e74a,"Single extractor, 2026-09-28",pending
Yeh 2011,asa,ASA I–II (eligibility),Extracted (PDF quote),2,American Society of Anesthesiologists physical status I and II,,,"Legacy value was ""not reported"".",TEAS EA Verification/Source PDFs/covidence_828_full_article.pdf,f0616419764d81993b6427b4cb4a46af14743f42a5262b8d8a1918d3de66e74a,"Single extractor, 2026-09-28",pending
Yeh 2011,acupoints,"BL40, GB34, HT7, PC6",Extracted (PDF quote),2,"An electrical device stimulating the acupoints of Weizhong (BL40), Yanglingquan (GB34), Shenmen (HT7), and Neiguan (P6) was used for AES",,,"Legacy value listed LI4, PC6, ST36 and SP6.",TEAS EA Verification/Source PDFs/covidence_828_full_article.pdf,f0616419764d81993b6427b4cb4a46af14743f42a5262b8d8a1918d3de66e74a,"Single extractor, 2026-09-28",pending
Yeh 2011,frequency,2/100 Hz dense-disperse,Extracted (PDF quote),2,alternating pulses of a 2 Hz/100 Hz dense-disperse waveform,,,,TEAS EA Verification/Source PDFs/covidence_828_full_article.pdf,f0616419764d81993b6427b4cb4a46af14743f42a5262b8d8a1918d3de66e74a,"Single extractor, 2026-09-28",pending
Yeh 2011,intensity,4–7 mA by body weight,Extracted (PDF quote),2,"A current output (4–7 mA) (Han, 2004) was adjusted and depended on individual body weight.",,,Legacy value was 5–15 mA.,TEAS EA Verification/Source PDFs/covidence_828_full_article.pdf,f0616419764d81993b6427b4cb4a46af14743f42a5262b8d8a1918d3de66e74a,"Single extractor, 2026-09-28",pending
Yeh 2011,timing,Postoperative: third and fourth postoperative hours,Extracted (PDF quote),2,4 acupoints simultaneously stimulated for 20 min: the first in the third postoperative,3,hour (calculated from the time a patient was moved to the recovery room) and the second in the fourth postoperative hour.,Legacy value was preoperative.,TEAS EA Verification/Source PDFs/covidence_828_full_article.pdf,f0616419764d81993b6427b4cb4a46af14743f42a5262b8d8a1918d3de66e74a,"Single extractor, 2026-09-28",pending
Yeh 2011,sessions,2,Extracted (PDF quote),3,hour (calculated from the time a patient was moved to the recovery room) and the second in the fourth postoperative hour.,,,Legacy value was a single session.,TEAS EA Verification/Source PDFs/covidence_828_full_article.pdf,f0616419764d81993b6427b4cb4a46af14743f42a5262b8d8a1918d3de66e74a,"Single extractor, 2026-09-28",pending
Yeh 2011,session_duration,20 min,Extracted (PDF quote),2,4 acupoints simultaneously stimulated for 20 min,,,Legacy value was 30 min.,TEAS EA Verification/Source PDFs/covidence_828_full_article.pdf,f0616419764d81993b6427b4cb4a46af14743f42a5262b8d8a1918d3de66e74a,"Single extractor, 2026-09-28",pending
Yu 2020,age,"TEAS 48.5 (16.2); control 45.9 (17.5) years (mean, SD)",Extracted (PDF quote),5,"Age, years 45.9 (17.5) 48.5 (16.2)",,,Table 1 lists control first.,TEAS EA Verification/Source PDFs/s13063-019-3892-4.pdf,12fbd503870f7f12216ff5f2544b159c66fecd557d4838bcabceec1aa151fb69,"Single extractor, 2026-09-28",pending
Yu 2020,female,All female (gynaecological laparoscopic surgery),Extracted (PDF quote),1,in patients undergoing gynecological laparoscopic surgery,,,"Sex is not tabulated; female by definition of the gynaecological procedure (inferred from the population, not a reported count).",TEAS EA Verification/Source PDFs/s13063-019-3892-4.pdf,12fbd503870f7f12216ff5f2544b159c66fecd557d4838bcabceec1aa151fb69,"Single extractor, 2026-09-28",pending
Yu 2020,bmi,"TEAS 22.0 (3.4); control 22.1 (4.5) kg/m² (mean, SD)",Extracted (PDF quote),5,Body mass index 22.1 (4.5) 22.0 (3.4),,,,TEAS EA Verification/Source PDFs/s13063-019-3892-4.pdf,12fbd503870f7f12216ff5f2544b159c66fecd557d4838bcabceec1aa151fb69,"Single extractor, 2026-09-28",pending
Yu 2020,asa,"TEAS 22/8, control 23/7 (ASA I/II)",Extracted (PDF quote),5,ASA class I 23 22 II 7 8,,,Legacy value gave only the TEAS arm.,TEAS EA Verification/Source PDFs/s13063-019-3892-4.pdf,12fbd503870f7f12216ff5f2544b159c66fecd557d4838bcabceec1aa151fb69,"Single extractor, 2026-09-28",pending
Yu 2020,anaesthesia,"General anaesthesia (TIVA): propofol and remifentanil target-controlled infusion, vecuronium, orotracheal intubation",Extracted (PDF quote),2,Anesthesia was induced intravenously (i.v.) with propofol and remifentanil using a targetcontrolled,2,Anesthesia was maintained with TCI of propofol and remifentanil.,,TEAS EA Verification/Source PDFs/s13063-019-3892-4.pdf,12fbd503870f7f12216ff5f2544b159c66fecd557d4838bcabceec1aa151fb69,"Single extractor, 2026-09-28",pending
Yu 2020,acupoints,"GV20, EX-HN3, ST36, PC6",Extracted (PDF quote),1,"at the acupoints of Baihui (GV20), Yingtang (EX-HN-3), Zusanli (ST36) and Neiguan (PC6)",,,,TEAS EA Verification/Source PDFs/s13063-019-3892-4.pdf,12fbd503870f7f12216ff5f2544b159c66fecd557d4838bcabceec1aa151fb69,"Single extractor, 2026-09-28",pending
Yu 2020,frequency,2/100 Hz dense-disperse,Extracted (PDF quote),2,dense-disperse frequency of 2/100 Hz for 30 min,,,,TEAS EA Verification/Source PDFs/s13063-019-3892-4.pdf,12fbd503870f7f12216ff5f2544b159c66fecd557d4838bcabceec1aa151fb69,"Single extractor, 2026-09-28",pending
Yu 2020,intensity,"12–15 mA, slight local muscle twitching",Extracted (PDF quote),2,stimulated electrically with an intensity of 12–15 mA,,,Legacy value was 5–15 mA.,TEAS EA Verification/Source PDFs/s13063-019-3892-4.pdf,12fbd503870f7f12216ff5f2544b159c66fecd557d4838bcabceec1aa151fb69,"Single extractor, 2026-09-28",pending
Yu 2020,timing,Preoperative: 30 min before anaesthesia,Extracted (PDF quote),2,An experienced acupuncturist performed TEAS for 30 min before anesthesia.,,,,TEAS EA Verification/Source PDFs/s13063-019-3892-4.pdf,12fbd503870f7f12216ff5f2544b159c66fecd557d4838bcabceec1aa151fb69,"Single extractor, 2026-09-28",pending
Yu 2020,sessions,1 (preoperative),Extracted (PDF quote),2,An experienced acupuncturist performed TEAS for 30 min before anesthesia.,,,,TEAS EA Verification/Source PDFs/s13063-019-3892-4.pdf,12fbd503870f7f12216ff5f2544b159c66fecd557d4838bcabceec1aa151fb69,"Single extractor, 2026-09-28",pending
Yu 2020,session_duration,30 min,Extracted (PDF quote),2,An experienced acupuncturist performed TEAS for 30 min before anesthesia.,,,,TEAS EA Verification/Source PDFs/s13063-019-3892-4.pdf,12fbd503870f7f12216ff5f2544b159c66fecd557d4838bcabceec1aa151fb69,"Single extractor, 2026-09-28",pending
Zhan 2020,age,TEAS + TAP 64.6 ± 14.6; TAP alone 58.4 ± 13.8; usual care 59.6 ± 12.2 years (mean ± SD),Extracted (PDF quote),4,"Age(mean ± SD,year) 58.4 ± 13.8 64.6 ± 14.6 59.6 ± 12.2",,,Three-arm trial; the review compares TEAS + TAP with TAP alone.,TEAS EA Verification/Source PDFs/covidence_1389_full_article.pdf,29bd9ef73831d7db7c4c06fd0b685eff6a1ff9d942165f2b2b265f8021c8be76,"Single extractor, 2026-09-28",pending
Zhan 2020,female,Female: TEAS + TAP 15/30; TAP 15/30; usual care 12/30,Extracted (PDF quote),4,Sex Male 15 15 18 Female 15 15 12,,,,TEAS EA Verification/Source PDFs/covidence_1389_full_article.pdf,29bd9ef73831d7db7c4c06fd0b685eff6a1ff9d942165f2b2b265f8021c8be76,"Single extractor, 2026-09-28",pending
Zhan 2020,bmi,TEAS + TAP 23.1 ± 2.9; TAP 22.9 ± 4.0 kg/m² (mean ± SD); usual care about 21.6,Extracted (PDF quote),4,"BMI(mean ± SD,kg/m2) 22.9 ± 4.0 23.1 ± 2.9 21.6 ± 3.",,,,TEAS EA Verification/Source PDFs/covidence_1389_full_article.pdf,29bd9ef73831d7db7c4c06fd0b685eff6a1ff9d942165f2b2b265f8021c8be76,"Single extractor, 2026-09-28",pending
Zhan 2020,asa,ASA I–II (eligibility),Extracted (PDF quote),2,ASA physical status I–II,,,,TEAS EA Verification/Source PDFs/covidence_1389_full_article.pdf,29bd9ef73831d7db7c4c06fd0b685eff6a1ff9d942165f2b2b265f8021c8be76,"Single extractor, 2026-09-28",pending
Zhan 2020,anaesthesia,"General anaesthesia: midazolam, propofol and sufentanil induction; sevoflurane with propofol, vecuronium and remifentanil maintenance; bilateral TAP block in the TAP arms",Extracted (PDF quote),2,"Anesthesia induction was undertaken by intravascular injection of midazolam 0.05 mg/kg, propofol 2 mg/kg, sufen",2,The anesthesia was maintained with inhalation of sevoflurane with end tidal concentration of 1.0 %–1.5 %,,TEAS EA Verification/Source PDFs/covidence_1389_full_article.pdf,29bd9ef73831d7db7c4c06fd0b685eff6a1ff9d942165f2b2b265f8021c8be76,"Single extractor, 2026-09-28",pending
Zhan 2020,acupoints,ST36 and PC6,Extracted (PDF quote),3,"at Zusanli (ST36) (3 cun directly below Dubi (ST35), and one finger-breadth lateral to the anterior border of the tibia) and Neiguan (PC6)",,,"Legacy value listed ST36, SP6, LI4 and LR3.",TEAS EA Verification/Source PDFs/covidence_1389_full_article.pdf,29bd9ef73831d7db7c4c06fd0b685eff6a1ff9d942165f2b2b265f8021c8be76,"Single extractor, 2026-09-28",pending
Zhan 2020,frequency,2–100 Hz sparse-dense,Extracted (PDF quote),3,"Patients in the TAP+TEAS group received TEAS for 30 min with sparse-dense wave stimulation, frequency of 2−100 Hz",,,,TEAS EA Verification/Source PDFs/covidence_1389_full_article.pdf,29bd9ef73831d7db7c4c06fd0b685eff6a1ff9d942165f2b2b265f8021c8be76,"Single extractor, 2026-09-28",pending
Zhan 2020,intensity,Increased from zero to a strong but comfortable level (mA not reported),Extracted (PDF quote),3,The stimulus intensity was increased gradually from zero to a strong but comfortable level.,,,Legacy value was 5–15 mA.,TEAS EA Verification/Source PDFs/covidence_1389_full_article.pdf,29bd9ef73831d7db7c4c06fd0b685eff6a1ff9d942165f2b2b265f8021c8be76,"Single extractor, 2026-09-28",pending
Zhan 2020,timing,Postoperative: before leaving the PACU and at 24 h after surgery,Extracted (PDF quote),1,the TAP + TEAS group received bilateral TAP and TEAS (before living PACU and at 24 h after surgery),,,"""living"" is the report's spelling of ""leaving"". Legacy value was preoperative.",TEAS EA Verification/Source PDFs/covidence_1389_full_article.pdf,29bd9ef73831d7db7c4c06fd0b685eff6a1ff9d942165f2b2b265f8021c8be76,"Single extractor, 2026-09-28",pending
Zhan 2020,sessions,2,Extracted (PDF quote),1,the TAP + TEAS group received bilateral TAP and TEAS (before living PACU and at 24 h after surgery),,,Legacy value was a single session.,TEAS EA Verification/Source PDFs/covidence_1389_full_article.pdf,29bd9ef73831d7db7c4c06fd0b685eff6a1ff9d942165f2b2b265f8021c8be76,"Single extractor, 2026-09-28",pending
Zhan 2020,session_duration,30 min,Extracted (PDF quote),3,Patients in the TAP+TEAS group received TEAS for 30 min,,,,TEAS EA Verification/Source PDFs/covidence_1389_full_article.pdf,29bd9ef73831d7db7c4c06fd0b685eff6a1ff9d942165f2b2b265f8021c8be76,"Single extractor, 2026-09-28",pending
Zhang 2014,age,"TEAS 35.0 (7.6); sham 34.3 (9.1) years (mean, SD); eligibility 20–50",Extracted (PDF quote),5,Age; years 35.0 (7.6) 34.3 (9.1),,,,retrieved_pdfs/043_zhang_2014.pdf,d11683b0117d0969b067c93da9fc3dee44082ef4c10edd5fb53023a0beced310,"Single extractor, 2026-09-28",pending
Zhang 2014,female,All female (cosmetic breast surgery),Extracted (PDF quote),2,Seventy-two women aged 20–50 years,,,,retrieved_pdfs/043_zhang_2014.pdf,d11683b0117d0969b067c93da9fc3dee44082ef4c10edd5fb53023a0beced310,"Single extractor, 2026-09-28",pending
Zhang 2014,bmi,"TEAS 22.5 (1.2); sham 22.2 (1.1) kg/m² (mean, SD)",Extracted (PDF quote),5,BMI; kg.m2 22.5 (1.2) 22.2 (1.1),,,,retrieved_pdfs/043_zhang_2014.pdf,d11683b0117d0969b067c93da9fc3dee44082ef4c10edd5fb53023a0beced310,"Single extractor, 2026-09-28",pending
Zhang 2014,asa,ASA 1–2 (eligibility),Extracted (PDF quote),2,of ASA physical status 1 or 2,,,,retrieved_pdfs/043_zhang_2014.pdf,d11683b0117d0969b067c93da9fc3dee44082ef4c10edd5fb53023a0beced310,"Single extractor, 2026-09-28",pending
Zhang 2014,anaesthesia,"General anaesthesia with laryngeal mask airway: fentanyl and propofol induction, rocuronium; propofol and remifentanil target-controlled infusion",Extracted (PDF quote),2,Anaesthesia was induced intravenously with fentanyl 3.0 lg.kg1 and propofol 2.0 mg.kg1.,3,Anaesthesia was maintained with target-controlled infusions of propofol,,retrieved_pdfs/043_zhang_2014.pdf,d11683b0117d0969b067c93da9fc3dee44082ef4c10edd5fb53023a0beced310,"Single extractor, 2026-09-28",pending
Zhang 2014,acupoints,"Bilateral LI4, PC6, ST36",Extracted (PDF quote),2,Transcutaneous electric acupoint stimulation was applied to three pairs of acupoints: bilateral Hegu (LI4); Neiguan (PC6); and Zusanli (ST36).,,,"The abstract describes the three acupoints as ""on the hand and forearm""; the methods list ST36. Legacy value also listed SP6.",retrieved_pdfs/043_zhang_2014.pdf,d11683b0117d0969b067c93da9fc3dee44082ef4c10edd5fb53023a0beced310,"Single extractor, 2026-09-28",pending
Zhang 2014,frequency,2/10 Hz dense-disperse,Extracted (PDF quote),2,using a dense-disperse frequency of 2/10 Hz,,,Legacy value was 2/100 Hz.,retrieved_pdfs/043_zhang_2014.pdf,d11683b0117d0969b067c93da9fc3dee44082ef4c10edd5fb53023a0beced310,"Single extractor, 2026-09-28",pending
Zhang 2014,intensity,"6–9 mA, slight muscle twitching",Extracted (PDF quote),2,with an intensity of 6–9 mA for 30 min,,,Legacy value was 5–15 mA.,retrieved_pdfs/043_zhang_2014.pdf,d11683b0117d0969b067c93da9fc3dee44082ef4c10edd5fb53023a0beced310,"Single extractor, 2026-09-28",pending
Zhang 2014,timing,Preoperative: 30 min before induction in the operating theatre,Extracted (PDF quote),2,Patients in the TEAS group received pre-operative TEAS by an experienced acupuncturist for 30 min before the induction of anaesthesia in the operat,,,,retrieved_pdfs/043_zhang_2014.pdf,d11683b0117d0969b067c93da9fc3dee44082ef4c10edd5fb53023a0beced310,"Single extractor, 2026-09-28",pending
Zhang 2014,sessions,1 (preoperative),Extracted (PDF quote),2,Patients in the TEAS group received pre-operative TEAS by an experienced acupuncturist for 30 min before the induction of anaesthesia,,,,retrieved_pdfs/043_zhang_2014.pdf,d11683b0117d0969b067c93da9fc3dee44082ef4c10edd5fb53023a0beced310,"Single extractor, 2026-09-28",pending
Zhang 2014,session_duration,30 min,Extracted (PDF quote),2,with an intensity of 6–9 mA for 30 min,,,,retrieved_pdfs/043_zhang_2014.pdf,d11683b0117d0969b067c93da9fc3dee44082ef4c10edd5fb53023a0beced310,"Single extractor, 2026-09-28",pending
Zhang 2018,age,TEA 68.0 ± 1.4; sham 64.0 ± 2.6 years (mean ± SE),Extracted (PDF quote),4,Age (mean ± SE) 64.0 ± 2.6 68.0 ± 1.4,,,Columns are sham-TEA then TEA; values are standard errors. Abstract gives overall 69.5 ± 1.5.,TEAS EA Verification/Source PDFs/Needleless Transcutaneous Electrical Acustimulation_ A Pilot Study Evaluating Improvement in Post-Operative Recovery-2.pdf,14060b2cb80b9e271fdeb2d154101eba725b0e4864fe90d95b8730d9848a9d2e,"Single extractor, 2026-09-28",pending
Zhang 2018,female,TEA 3/21 (14.3%); sham 6/21 (28.6%) (derived from male counts),Extracted (PDF quote),4,Male (n (%)) 15 (71.4) 18 (85.7),,,Columns are sham-TEA then TEA; female counts derived as n minus male.,TEAS EA Verification/Source PDFs/Needleless Transcutaneous Electrical Acustimulation_ A Pilot Study Evaluating Improvement in Post-Operative Recovery-2.pdf,14060b2cb80b9e271fdeb2d154101eba725b0e4864fe90d95b8730d9848a9d2e,"Single extractor, 2026-09-28",pending
Zhang 2018,bmi,TEA 23.9 ± 1.99; sham 20.0 ± 1.34 kg/m² (mean ± SE),Extracted (PDF quote),4,"BMI (mean ± SE, kg/m2) 20.0 ± 1.34 23.9 ± 1.99",,,Columns are sham-TEA then TEA; values are standard errors.,TEAS EA Verification/Source PDFs/Needleless Transcutaneous Electrical Acustimulation_ A Pilot Study Evaluating Improvement in Post-Operative Recovery-2.pdf,14060b2cb80b9e271fdeb2d154101eba725b0e4864fe90d95b8730d9848a9d2e,"Single extractor, 2026-09-28",pending
Zhang 2018,asa,,Not reported in source,,,,,ASA status not reported.,TEAS EA Verification/Source PDFs/Needleless Transcutaneous Electrical Acustimulation_ A Pilot Study Evaluating Improvement in Post-Operative Recovery-2.pdf,14060b2cb80b9e271fdeb2d154101eba725b0e4864fe90d95b8730d9848a9d2e,"Single extractor, 2026-09-28",pending
Zhang 2018,anaesthesia,,Not reported in source,,,,,Open abdominal surgery; the anaesthetic technique is not described (patients recruited immediately after surgery).,TEAS EA Verification/Source PDFs/Needleless Transcutaneous Electrical Acustimulation_ A Pilot Study Evaluating Improvement in Post-Operative Recovery-2.pdf,14060b2cb80b9e271fdeb2d154101eba725b0e4864fe90d95b8730d9848a9d2e,"Single extractor, 2026-09-28",pending
Zhang 2018,acupoints,"Bilateral ST36, PC6",Extracted (PDF quote),2,A pair of electrodes were placed at bilateral ST36 and another pair of electrodes were placed at bilateral PC6,,,,TEAS EA Verification/Source PDFs/Needleless Transcutaneous Electrical Acustimulation_ A Pilot Study Evaluating Improvement in Post-Operative Recovery-2.pdf,14060b2cb80b9e271fdeb2d154101eba725b0e4864fe90d95b8730d9848a9d2e,"Single extractor, 2026-09-28",pending
Zhang 2018,frequency,25 Hz; 0.5 ms pulse width; 2 s on / 3 s off,Extracted (PDF quote),2,"pulse width of 0.5 ms, pulse frequency of 25 Hz",,,,TEAS EA Verification/Source PDFs/Needleless Transcutaneous Electrical Acustimulation_ A Pilot Study Evaluating Improvement in Post-Operative Recovery-2.pdf,14060b2cb80b9e271fdeb2d154101eba725b0e4864fe90d95b8730d9848a9d2e,"Single extractor, 2026-09-28",pending
Zhang 2018,intensity,2–10 mA (maximum tolerated),Extracted (PDF quote),2,amplitude of 2–10 mA (at the maximum level tolerated by the subject),,,,TEAS EA Verification/Source PDFs/Needleless Transcutaneous Electrical Acustimulation_ A Pilot Study Evaluating Improvement in Post-Operative Recovery-2.pdf,14060b2cb80b9e271fdeb2d154101eba725b0e4864fe90d95b8730d9848a9d2e,"Single extractor, 2026-09-28",pending
Zhang 2018,timing,Postoperative: twice daily (9–10 a.m. and 4–5 p.m.) from POD 1 to POD 3,Extracted (PDF quote),2,"The TEA treatment was given for 1 h, twice daily (9–10 a.m. and 4–5 p.m.), lasting for 3 days.",1,1 h twice daily from the postoperative day (POD) 1 to day 3,,TEAS EA Verification/Source PDFs/Needleless Transcutaneous Electrical Acustimulation_ A Pilot Study Evaluating Improvement in Post-Operative Recovery-2.pdf,14060b2cb80b9e271fdeb2d154101eba725b0e4864fe90d95b8730d9848a9d2e,"Single extractor, 2026-09-28",pending
Zhang 2018,sessions,6 (twice daily for 3 days),Extracted (PDF quote),2,"The TEA treatment was given for 1 h, twice daily (9–10 a.m. and 4–5 p.m.), lasting for 3 days.",,,,TEAS EA Verification/Source PDFs/Needleless Transcutaneous Electrical Acustimulation_ A Pilot Study Evaluating Improvement in Post-Operative Recovery-2.pdf,14060b2cb80b9e271fdeb2d154101eba725b0e4864fe90d95b8730d9848a9d2e,"Single extractor, 2026-09-28",pending
Zhang 2018,session_duration,1 h,Extracted (PDF quote),2,"The TEA treatment was given for 1 h, twice daily",,,,TEAS EA Verification/Source PDFs/Needleless Transcutaneous Electrical Acustimulation_ A Pilot Study Evaluating Improvement in Post-Operative Recovery-2.pdf,14060b2cb80b9e271fdeb2d154101eba725b0e4864fe90d95b8730d9848a9d2e,"Single extractor, 2026-09-28",pending
Zhang 2023,age,TEAS 58.9 ± 8.6; sham 59.1 ± 8.4 years (mean ± SD); eligibility 40–75,Extracted (PDF quote),5,Mean age (y) 58.9 ± 8.6 59.1 ± 8.4,,,,TEAS EA Verification/Source PDFs/covidence_308_full_article.pdf,8dec75fafabcec621210b06873dbb8fd42d70c04d4a8490a0f0cd1e2ed1eff44,"Single extractor, 2026-09-28",pending
Zhang 2023,female,TEAS 562/922 (61.0%); sham 533/916 (58.2%),Extracted (PDF quote),5,Female 562 (61.0) 533 (58.2),,,,TEAS EA Verification/Source PDFs/covidence_308_full_article.pdf,8dec75fafabcec621210b06873dbb8fd42d70c04d4a8490a0f0cd1e2ed1eff44,"Single extractor, 2026-09-28",pending
Zhang 2023,bmi,TEAS 25.2 ± 3.3; sham 25.2 ± 3.4 kg/m²,Extracted (PDF quote),5,Mean body mass index (kg/m2) 25.2 ± 3.3 25.2 ± 3.4,,,,TEAS EA Verification/Source PDFs/covidence_308_full_article.pdf,8dec75fafabcec621210b06873dbb8fd42d70c04d4a8490a0f0cd1e2ed1eff44,"Single extractor, 2026-09-28",pending
Zhang 2023,asa,ASA ≥IV excluded; distribution not reported,Extracted (PDF quote),2,"critical condition (preoperative American Society of Anesthesiologists, [ASA] grade C IV)",,,"""C IV"" is the text-layer rendering of the ≥ sign (exclusion criterion).",TEAS EA Verification/Source PDFs/covidence_308_full_article.pdf,8dec75fafabcec621210b06873dbb8fd42d70c04d4a8490a0f0cd1e2ed1eff44,"Single extractor, 2026-09-28",pending
Zhang 2023,anaesthesia,General anaesthesia: etomidate and sufentanil induction; remifentanil with propofol infusion maintenance,Extracted (PDF quote),3,Anesthesia was induced with etomidate (0.2–0.6 mg/kg) and sufentanil (0.2–0.5 lg/kg) and maintained with remifentanil in combination with propofol infusion.,,,,TEAS EA Verification/Source PDFs/covidence_308_full_article.pdf,8dec75fafabcec621210b06873dbb8fd42d70c04d4a8490a0f0cd1e2ed1eff44,"Single extractor, 2026-09-28",pending
Zhang 2023,acupoints,"BL32, SP6, CV3, CV4",Extracted (PDF quote),2,"The participants in the TEAS group received stimulation at four locations: Ciliao (BL32, located at the third sacral foramen), Sanyinjiao (SP6",,,,TEAS EA Verification/Source PDFs/covidence_308_full_article.pdf,8dec75fafabcec621210b06873dbb8fd42d70c04d4a8490a0f0cd1e2ed1eff44,"Single extractor, 2026-09-28",pending
Zhang 2023,frequency,2 Hz sparse wave,Extracted (PDF quote),2,The stimulator applied a 2-Hz sparse wave,,,Legacy value was 2/100 Hz.,TEAS EA Verification/Source PDFs/covidence_308_full_article.pdf,8dec75fafabcec621210b06873dbb8fd42d70c04d4a8490a0f0cd1e2ed1eff44,"Single extractor, 2026-09-28",pending
Zhang 2023,intensity,Strongest tolerable needle-like tingling (mA not reported),Extracted (PDF quote),2,the intensity was gradually increased until the strongest needle-like tingling sensation that patients could tolerate was reached,,,Legacy value was 5–15 mA.,TEAS EA Verification/Source PDFs/covidence_308_full_article.pdf,8dec75fafabcec621210b06873dbb8fd42d70c04d4a8490a0f0cd1e2ed1eff44,"Single extractor, 2026-09-28",pending
Zhang 2023,timing,Perioperative: from 30 min before induction until 45 min after surgery (operating room and PACU),Extracted (PDF quote),2,TEAS was started 30 min before the induction of anesthesia and lasted until 45 min after the surgery.,3,Stimulation in the post anaesthesia care unit lasted for at least 45 min.,,TEAS EA Verification/Source PDFs/covidence_308_full_article.pdf,8dec75fafabcec621210b06873dbb8fd42d70c04d4a8490a0f0cd1e2ed1eff44,"Single extractor, 2026-09-28",pending
Zhang 2023,sessions,1 continuous perioperative session (intraoperative and PACU phases),Extracted (PDF quote),3,Treatment in the operating room was from 30 min before induction of anaesthesia until the end of the surgery.,,,,TEAS EA Verification/Source PDFs/covidence_308_full_article.pdf,8dec75fafabcec621210b06873dbb8fd42d70c04d4a8490a0f0cd1e2ed1eff44,"Single extractor, 2026-09-28",pending
Zhang 2023,session_duration,"Continuous: 30 min before induction to end of surgery, plus at least 45 min in PACU",Extracted (PDF quote),3,Stimulation in the post anaesthesia care unit lasted for at least 45 min.,,,Legacy value was 30 minutes per session.,TEAS EA Verification/Source PDFs/covidence_308_full_article.pdf,8dec75fafabcec621210b06873dbb8fd42d70c04d4a8490a0f0cd1e2ed1eff44,"Single extractor, 2026-09-28",pending
Zhang 2025,age,TEAS 51.91 ± 7.37; control 50.31 ± 6.46 years (mean ± SD); eligibility 18–65,Extracted (PDF quote),6,Age (years) 51.91±7.37 50.31±6.46,,,,TEAS EA Verification/Source PDFs/109551.pdf,691899a10069da68a1525a13662118fca1d4f9ed245d4304b120c426d27bb053,"Single extractor, 2026-09-28",pending
Zhang 2025,female,All female (laparoscopic hysterectomy),Extracted (PDF quote),1,Recovery in Patients Undergoing Laparoscopic Hysterectomy,,,"Sex is not tabulated; female by definition of the gynaecological procedure (inferred from the population, not a reported count).",TEAS EA Verification/Source PDFs/109551.pdf,691899a10069da68a1525a13662118fca1d4f9ed245d4304b120c426d27bb053,"Single extractor, 2026-09-28",pending
Zhang 2025,bmi,TEAS 23.63 ± 2.72; control 24.52 ± 3.09 kg/m²,Extracted (PDF quote),6,BMI (kg/m2) 23.63±2.72 24.52±3.09,,,,TEAS EA Verification/Source PDFs/109551.pdf,691899a10069da68a1525a13662118fca1d4f9ed245d4304b120c426d27bb053,"Single extractor, 2026-09-28",pending
Zhang 2025,asa,ASA I–II (eligibility),Extracted (PDF quote),2,American Society of Anesthesiologists (ASA) I–II,,,,TEAS EA Verification/Source PDFs/109551.pdf,691899a10069da68a1525a13662118fca1d4f9ed245d4304b120c426d27bb053,"Single extractor, 2026-09-28",pending
Zhang 2025,anaesthesia,"General anaesthesia with tracheal intubation: sufentanil, propofol, rocuronium induction; propofol and remifentanil infusion with sevoflurane",Extracted (PDF quote),4,"General anesthesia was induced intravenously with sufentanil (0.4 μg/kg), propofol (2 mg/kg), and rocuronium (0.6 mg/kg).",4,"Anesthesia was maintained with a continuous infusion of propofol (4–12 mg/kg/h) and remifentanil (0.1–0.2 μg/kg/min), supplemented with sevoflurane",,TEAS EA Verification/Source PDFs/109551.pdf,691899a10069da68a1525a13662118fca1d4f9ed245d4304b120c426d27bb053,"Single extractor, 2026-09-28",pending
Zhang 2025,acupoints,Bilateral LI4–PC6 and SP6–ST36,Extracted (PDF quote),3,was applied bilaterally to the Hegu (LI4)– Neiguan (PC6) and Sanyinjiao (SP6)–Zusanli (ST36) acupoints,,,,TEAS EA Verification/Source PDFs/109551.pdf,691899a10069da68a1525a13662118fca1d4f9ed245d4304b120c426d27bb053,"Single extractor, 2026-09-28",pending
Zhang 2025,frequency,2/100 Hz dense-disperse,Extracted (PDF quote),3,Stimulation was delivered at 2/100 Hz in the dense-disperse wave mode,,,,TEAS EA Verification/Source PDFs/109551.pdf,691899a10069da68a1525a13662118fca1d4f9ed245d4304b120c426d27bb053,"Single extractor, 2026-09-28",pending
Zhang 2025,intensity,1 mA below maximum tolerance threshold,Extracted (PDF quote),3,with the intensity set at 1 mA below the patient’s maximum tolerance threshold,,,,TEAS EA Verification/Source PDFs/109551.pdf,691899a10069da68a1525a13662118fca1d4f9ed245d4304b120c426d27bb053,"Single extractor, 2026-09-28",pending
Zhang 2025,timing,Pre- and intraoperative: from 30 min before anaesthesia throughout surgery,Extracted (PDF quote),3,Stimulation commenced 30 min prior to anesthesia and continued throughout the surgery.,,,,TEAS EA Verification/Source PDFs/109551.pdf,691899a10069da68a1525a13662118fca1d4f9ed245d4304b120c426d27bb053,"Single extractor, 2026-09-28",pending
Zhang 2025,sessions,1 continuous session (preinduction and intraoperative),Extracted (PDF quote),3,Stimulation commenced 30 min prior to anesthesia and continued throughout the surgery.,,,,TEAS EA Verification/Source PDFs/109551.pdf,691899a10069da68a1525a13662118fca1d4f9ed245d4304b120c426d27bb053,"Single extractor, 2026-09-28",pending
Zhang 2025,session_duration,Continuous: 30 min before anaesthesia until end of surgery,Extracted (PDF quote),3,Stimulation commenced 30 min prior to anesthesia and continued throughout the surgery.,,,Legacy value was 30 minutes per session.,TEAS EA Verification/Source PDFs/109551.pdf,691899a10069da68a1525a13662118fca1d4f9ed245d4304b120c426d27bb053,"Single extractor, 2026-09-28",pending
Zheng 2025,age,"TEAS 42.1 (16.3); control 44.9 (12.6) years (mean, SD); eligibility 18–65",Extracted (PDF quote),6,Age (year) 42.1 (16.3) 44.9 (12.6),,,,TEAS EA Verification/Source PDFs/109499.pdf,a99722242c4b1800916d66613b5a0ed223a91f853e14ecce929740eb91dc466b,"Single extractor, 2026-09-28",pending
Zheng 2025,female,All female (gynaecological laparoscopic surgery),Extracted (PDF quote),2,Patients scheduled to undergo gynecological laparoscopic surgery under general anesthesia were screened for eligibility.,,,"Sex is not tabulated; female by definition of the gynaecological procedure (inferred from the population, not a reported count).",TEAS EA Verification/Source PDFs/109499.pdf,a99722242c4b1800916d66613b5a0ed223a91f853e14ecce929740eb91dc466b,"Single extractor, 2026-09-28",pending
Zheng 2025,bmi,TEAS 24.7 (2.2); control 25.1 (2.3) kg/m²,Extracted (PDF quote),6,Body mass index (kg/m2) 24.7 (2.2) 25.1 (2.3),,,,TEAS EA Verification/Source PDFs/109499.pdf,a99722242c4b1800916d66613b5a0ed223a91f853e14ecce929740eb91dc466b,"Single extractor, 2026-09-28",pending
Zheng 2025,asa,"TEAS I 12, II 30; control I 14, II 29",Extracted (PDF quote),6,ASA physical status 0.462 I 12 (27.9%) 14 (32.6%) II 30 (71.4%) 29 (67.4%),,,TEAS ASA I percentage printed as 27.9% (12/42 is 28.6%); recorded as printed.,TEAS EA Verification/Source PDFs/109499.pdf,a99722242c4b1800916d66613b5a0ed223a91f853e14ecce929740eb91dc466b,"Single extractor, 2026-09-28",pending
Zheng 2025,acupoints,"Bilateral PC6, ST36, LI4",Extracted (PDF quote),3,"bilateral Neiguan, Zusanli, and Hegu acupoints were selected for TEAS",,,,TEAS EA Verification/Source PDFs/109499.pdf,a99722242c4b1800916d66613b5a0ed223a91f853e14ecce929740eb91dc466b,"Single extractor, 2026-09-28",pending
Zheng 2025,frequency,2/100 Hz sparse-dense,Extracted (PDF quote),3,The device was set to a frequency of 2/100 Hz for sparse and dense wave stimulation,,,,TEAS EA Verification/Source PDFs/109499.pdf,a99722242c4b1800916d66613b5a0ed223a91f853e14ecce929740eb91dc466b,"Single extractor, 2026-09-28",pending
Zheng 2025,intensity,"From 6 mA up to maximum tolerable, not exceeding 15 mA; slight muscle twitching",Extracted (PDF quote),3,"with the intensity gradually increased from 6 mA to the maximum tolerable level for the participant, not exceeding 15 mA",,,,TEAS EA Verification/Source PDFs/109499.pdf,a99722242c4b1800916d66613b5a0ed223a91f853e14ecce929740eb91dc466b,"Single extractor, 2026-09-28",pending
Zheng 2025,timing,Pre- and intraoperative: from 30 min before induction until the end of surgery/anaesthesia,Extracted (PDF quote),1,was initiated 30 minutes before anesthesia induction and maintained until the end of surgery,3,Electrical stimulation was terminated at the end of anesthesia.,Abstract says until the end of surgery; methods say terminated at the end of anaesthesia.,TEAS EA Verification/Source PDFs/109499.pdf,a99722242c4b1800916d66613b5a0ed223a91f853e14ecce929740eb91dc466b,"Single extractor, 2026-09-28",pending
Zheng 2025,sessions,1 continuous session (preinduction and intraoperative),Extracted (PDF quote),1,was initiated 30 minutes before anesthesia induction and maintained until the end of surgery,,,,TEAS EA Verification/Source PDFs/109499.pdf,a99722242c4b1800916d66613b5a0ed223a91f853e14ecce929740eb91dc466b,"Single extractor, 2026-09-28",pending
Zheng 2025,session_duration,Continuous: 30 min preinduction then until the end of surgery,Extracted (PDF quote),3,Stimulation was administered for 30 minutes prior to anesthesia induction using disposable silicone electrodes.,1,was initiated 30 minutes before anesthesia induction and maintained until the end of surgery,Legacy value was 30 minutes per session.,TEAS EA Verification/Source PDFs/109499.pdf,a99722242c4b1800916d66613b5a0ed223a91f853e14ecce929740eb91dc466b,"Single extractor, 2026-09-28",pending
Zhou 2021,age,TEAS 58.71 ± 9.274; control 60.83 ± 9.137 years (mean ± SD); eligibility 18–75,Extracted (PDF quote),5,Mean±SD 58.71±9.274 60.83±9.137,,,,TEAS EA Verification/Source PDFs/getfile.php-5.pdf,187c314f6ed2ab4d736d5f0c790f362884c8fe767db1969c617f0ca9abc2b7a7,"Single extractor, 2026-09-28",pending
Zhou 2021,female,TEAS 14/41 (34.1%); control 12/40 (30.0%),Extracted (PDF quote),5,"Female, n (%) 14 (34.1) 12 (30.0)",,,,TEAS EA Verification/Source PDFs/getfile.php-5.pdf,187c314f6ed2ab4d736d5f0c790f362884c8fe767db1969c617f0ca9abc2b7a7,"Single extractor, 2026-09-28",pending
Zhou 2021,bmi,TEAS 23.93 ± 2.823; control 23.93 ± 2.696 kg/m²,Extracted (PDF quote),5,Mean±SD 23.93±2.823 23.93±2.696,,,,TEAS EA Verification/Source PDFs/getfile.php-5.pdf,187c314f6ed2ab4d736d5f0c790f362884c8fe767db1969c617f0ca9abc2b7a7,"Single extractor, 2026-09-28",pending
Zhou 2021,asa,"TEAS ASA 2: 35, 3: 6; control ASA 2: 37, 3: 3",Extracted (PDF quote),5,"ASA grade, n (%) 0.310 c 1 0 (0.00) 0 (0.00) 2 35 (85.4) 37 (92.5) 3 6 (14.6) 3 (7.50)",,,Legacy value gave the TEAS arm only.,TEAS EA Verification/Source PDFs/getfile.php-5.pdf,187c314f6ed2ab4d736d5f0c790f362884c8fe767db1969c617f0ca9abc2b7a7,"Single extractor, 2026-09-28",pending
Zhou 2021,acupoints,"LI4, PC6, BL21, BL27, ST36, ST37",Extracted (PDF quote),3,3. Weishu (BL21): In the upper back region,3,4. Xiaochangshu (BL27): In the sacral region,"Six acupoints listed 1–6: LI4, PC6, BL21, BL27, ST36, ST37.",TEAS EA Verification/Source PDFs/getfile.php-5.pdf,187c314f6ed2ab4d736d5f0c790f362884c8fe767db1969c617f0ca9abc2b7a7,"Single extractor, 2026-09-28",pending
Zhou 2021,frequency,"20/100 Hz (20 Hz 5 s, 100 Hz 10 s)",Extracted (PDF quote),3,"the frequency was set on 20/100Hz (20Hz 5s, 100Hz 10s)",,,Legacy value was 2/100 Hz.,TEAS EA Verification/Source PDFs/getfile.php-5.pdf,187c314f6ed2ab4d736d5f0c790f362884c8fe767db1969c617f0ca9abc2b7a7,"Single extractor, 2026-09-28",pending
Zhou 2021,intensity,"Individualised, up to patient discomfort (mA not reported)",Extracted (PDF quote),3,taking the patient’s discomfort as the upper limit,,,Legacy value was 5–15 mA.,TEAS EA Verification/Source PDFs/getfile.php-5.pdf,187c314f6ed2ab4d736d5f0c790f362884c8fe767db1969c617f0ca9abc2b7a7,"Single extractor, 2026-09-28",pending
Zhou 2021,timing,Postoperative: 8:00 a.m. and 4:00 p.m. on POD 1–3,Extracted (PDF quote),3,they received TEAS therapy at 8:00 a.m. and 4:00 p.m. on postoperative day (POD) 1–3 lasting 30 minutes each time,,,Legacy value was preoperative.,TEAS EA Verification/Source PDFs/getfile.php-5.pdf,187c314f6ed2ab4d736d5f0c790f362884c8fe767db1969c617f0ca9abc2b7a7,"Single extractor, 2026-09-28",pending
Zhou 2021,sessions,6 (twice daily for 3 days),Extracted (PDF quote),3,they received TEAS therapy at 8:00 a.m. and 4:00 p.m. on postoperative day (POD) 1–3 lasting 30 minutes each time,,,,TEAS EA Verification/Source PDFs/getfile.php-5.pdf,187c314f6ed2ab4d736d5f0c790f362884c8fe767db1969c617f0ca9abc2b7a7,"Single extractor, 2026-09-28",pending
Zhou 2021,session_duration,30 min,Extracted (PDF quote),3,lasting 30 minutes each time,,,,TEAS EA Verification/Source PDFs/getfile.php-5.pdf,187c314f6ed2ab4d736d5f0c790f362884c8fe767db1969c617f0ca9abc2b7a7,"Single extractor, 2026-09-28",pending
Zhu 2022,age,Pre 35.6 ± 8.1; Group 30 34.7 ± 7.6; Comb 35.3 ± 8.2; Usual 35.7 ± 8.0 years (mean ± SD); eligibility 18–60,Extracted (PDF quote),5,Age (years; mean ± SD) 35.6 ± 8.1 34.7 ± 7.6 35.3 ± 8.2 35.7 ± 8.0,,,,TEAS EA Verification/Source PDFs/covidence_381_full_article.pdf,81b253dfbb68322da8383e775b391e0eb829702de456e01224fa82bf6b56bde0,"Single extractor, 2026-09-28",pending
Zhu 2022,female,All female (inclusion criterion),Extracted (PDF quote),3,general anesthesia; female sex; age 18–60 years,,,,TEAS EA Verification/Source PDFs/covidence_381_full_article.pdf,81b253dfbb68322da8383e775b391e0eb829702de456e01224fa82bf6b56bde0,"Single extractor, 2026-09-28",pending
Zhu 2022,bmi,Pre 22.9 ± 3.13; Group 30 22.7 ± 3.32; Comb 22.7 ± 2.96; Usual 22.97 ± 3.43 kg/m²,Extracted (PDF quote),5,BMI (kg/m2; mean ± SD) 22.9 ± 3.13 22.7 ± 3.32 22.7 ± 2.96 22.97 ± 3.43,,,,TEAS EA Verification/Source PDFs/covidence_381_full_article.pdf,81b253dfbb68322da8383e775b391e0eb829702de456e01224fa82bf6b56bde0,"Single extractor, 2026-09-28",pending
Zhu 2022,asa,ASA I/II: Pre 21/80; Group 30 22/76; Comb 22/78; Usual 24/77,Extracted (PDF quote),5,ASA physical status 0.966 I 21 22 22 24 – II 80 76 78 77,,,Legacy value gave one arm only.,TEAS EA Verification/Source PDFs/covidence_381_full_article.pdf,81b253dfbb68322da8383e775b391e0eb829702de456e01224fa82bf6b56bde0,"Single extractor, 2026-09-28",pending
Zhu 2022,anaesthesia,"General anaesthesia (TIVA): midazolam, propofol, sufentanil, vecuronium, lidocaine induction; continuous propofol and remifentanil",Extracted (PDF quote),3,"General anesthesia was induced with intravenous midazolam 0.05 mg/kg, propofol 2–3 mg/kg, sufentanil 0.2–0.4 μg/kg, vecuronium 0.1 mg/kg, and lidocaine 1 mg/kg.",3,Total intravenous anesthesia with continuous propofol and remifenta,,TEAS EA Verification/Source PDFs/covidence_381_full_article.pdf,81b253dfbb68322da8383e775b391e0eb829702de456e01224fa82bf6b56bde0,"Single extractor, 2026-09-28",pending
Zhu 2022,acupoints,"Bilateral PC6, ST36 (needle electroacupuncture)",Extracted (PDF quote),3,Acupuncture was administered at bilateral PC6,,,,TEAS EA Verification/Source PDFs/covidence_381_full_article.pdf,81b253dfbb68322da8383e775b391e0eb829702de456e01224fa82bf6b56bde0,"Single extractor, 2026-09-28",pending
Zhu 2022,frequency,20–100 Hz dense-disperse,Extracted (PDF quote),3,An electric current was delivered for 30 min in dense-disperse mode (20–100 Hz),,,Legacy value was 2/100 Hz.,TEAS EA Verification/Source PDFs/covidence_381_full_article.pdf,81b253dfbb68322da8383e775b391e0eb829702de456e01224fa82bf6b56bde0,"Single extractor, 2026-09-28",pending
Zhu 2022,intensity,Strong but not painful sensation (mA not reported),Extracted (PDF quote),3,at a level where participants reported a strong but not painful sensation,,,Legacy value was 5–15 mA.,TEAS EA Verification/Source PDFs/covidence_381_full_article.pdf,81b253dfbb68322da8383e775b391e0eb829702de456e01224fa82bf6b56bde0,"Single extractor, 2026-09-28",pending
Zhu 2022,timing,"Arm-specific: the day before surgery (Pre), 30 min before surgery (Group 30), or both (Comb)",Extracted (PDF quote),3,"EA was given on the ward the day prior to surgery, and in the Preanesthesia Care Unit 30 min before surgery",,,,TEAS EA Verification/Source PDFs/covidence_381_full_article.pdf,81b253dfbb68322da8383e775b391e0eb829702de456e01224fa82bf6b56bde0,"Single extractor, 2026-09-28",pending
Zhu 2022,sessions,"Arm-specific: 1 (Pre, Group 30) or 2 (Comb)",Extracted (PDF quote),3,"Group Comb, who received EA both the day before and 30 min before surgery",,,Legacy value was a single session.,TEAS EA Verification/Source PDFs/covidence_381_full_article.pdf,81b253dfbb68322da8383e775b391e0eb829702de456e01224fa82bf6b56bde0,"Single extractor, 2026-09-28",pending
Zhu 2022,session_duration,30 min,Extracted (PDF quote),3,An electric current was delivered for 30 min in dense-disperse mode (20–100 Hz),,,,TEAS EA Verification/Source PDFs/covidence_381_full_article.pdf,81b253dfbb68322da8383e775b391e0eb829702de456e01224fa82bf6b56bde0,"Single extractor, 2026-09-28",pending
