result_id,study,trial_id,comparison_id,intervention,comparator,modality,comparator_class,family,outcome,window,population,n_i,n_c,mean_i,sd_i,mean_c,sd_c,events_i,events_c,unit,data_type,source_location,source_quote,source_pdf,source_sha256,source_qc,legacy_eligibility,decision,rationale,models,factor,comparator_class_v34,comparator_adjudication
V33-OD-0002,Yang 2020,Yang_2020,YANG20_EA_vs_UC,EA + usual care,Usual care,EA,Usual care,GI recovery,Time to first postoperative flatus,From surgery to first flatus,Outcome-specific analyzed population,29.0,28.0,20.8,4.6,24.1,6.2,,,hours,Mean/SD,GI recovery results/table,,TEAS EA Verification/Source PDFs/covidence_464_verified.pdf,74195fd297db01dd46bc70ce30960d6ada974359a832f17219120a2cb8491d14,Open-label; 2/59 excluded after randomization; participant-report contribution unclear,INCLUDE,INCLUDE,Same construct and membership as hours MD; no selection by I² or P.,;flatus_EA_usual;flatus_EA_usual_SMD_sensitivity,1,,
V33-OD-0003,Seevaunnamtum 2016,Seevaunnamtum_2016,SEEVA16_EA_vs_UC,Intraoperative EA,Standard care,EA,Usual care,Opioid consumption,Cumulative IV PCA morphine requirement,First 24 h postoperatively,Outcome-specific analyzed population,32.0,32.0,21.38,14.38,33.94,20.24,,,mg morphine,Mean/SD,Table 2 / 24-h PCA morphine,,TEAS EA Verification/Source PDFs/covidence_596_verified.pdf,7c25e5c670ee6ebcd32888161b0b53f2ac88a1eb1061a51def0b529c6320d6a3,No allocation-concealment method reported,INCLUDE,INCLUDE,Source construct/window/contrast reviewed; direct data admitted.,;opioid24_EA_usual;opioid24_EA_usual_without_ElRakshy;opioid24_EA_usual_expanded,1,,
V33-OD-0004,Lin 2002,Lin_2002,LIN02_HIGH_vs_CONTROL,100-Hz EA,Untreated control,EA,Usual care,Opioid consumption,Cumulative IV PCA morphine delivered during postoperative test period,Postoperative hour 1 through next 23 h (published as 24-h test-period value),Outcome-specific analyzed population,25.0,25.0,15.0,10.7,38.1,16.0,,,mg morphine,Mean/SD,Table 2,,TEAS EA Verification/Source PDFs/covidence_951_lin_2002.pdf,3269060aad01eab541c8f7a29ae1088b784936d22b0384e8797f905da1a6550d,First postoperative hour could include IM pethidine; group-specific pethidine exposure not reported,INCLUDE,SENSITIVITY,Source construct/window/contrast reviewed; direct data admitted.,;opioid_partial_EA_usual,1,CONTROL_TYPE_REVIEW_REQUIRED,"Lin 2002: ""Group I received neither needle insertion nor electric stimulation (control)."""
V33-OD-0005,Lin 2002,Lin_2002,LIN02_LOW_vs_CONTROL,2-Hz EA,Untreated control,EA,Usual care,Opioid consumption,Cumulative IV PCA morphine delivered during postoperative test period,Postoperative hour 1 through next 23 h (published as 24-h test-period value),Outcome-specific analyzed population,25.0,25.0,21.8,14.7,38.1,16.0,,,mg morphine,Mean/SD,Table 2,,TEAS EA Verification/Source PDFs/covidence_951_lin_2002.pdf,3269060aad01eab541c8f7a29ae1088b784936d22b0384e8797f905da1a6550d,First postoperative hour could include IM pethidine; group-specific pethidine exposure not reported,INCLUDE,SENSITIVITY,Source construct/window/contrast reviewed; direct data admitted.,;opioid_partial_EA_usual,1,CONTROL_TYPE_REVIEW_REQUIRED,"Lin 2002: ""Group I received neither needle insertion nor electric stimulation (control)."""
V33-OD-0006,Lin 2002,Lin_2002,LIN02_HIGH_vs_SHAM,100-Hz EA,Sham EA,EA,Sham,Opioid consumption,Cumulative IV PCA morphine delivered during postoperative test period,Postoperative hour 1 through next 23 h (published as 24-h test-period value),Outcome-specific analyzed population,25.0,25.0,15.0,10.7,30.2,14.4,,,mg morphine,Mean/SD,Table 2,,TEAS EA Verification/Source PDFs/covidence_951_lin_2002.pdf,3269060aad01eab541c8f7a29ae1088b784936d22b0384e8797f905da1a6550d,First postoperative hour could include IM pethidine; group-specific pethidine exposure not reported,INCLUDE,SENSITIVITY,Source construct/window/contrast reviewed; direct data admitted.,;opioid_partial_EA_sham,1,,
V33-OD-0007,Lin 2002,Lin_2002,LIN02_LOW_vs_SHAM,2-Hz EA,Sham EA,EA,Sham,Opioid consumption,Cumulative IV PCA morphine delivered during postoperative test period,Postoperative hour 1 through next 23 h (published as 24-h test-period value),Outcome-specific analyzed population,25.0,25.0,21.8,14.7,30.2,14.4,,,mg morphine,Mean/SD,Table 2,,TEAS EA Verification/Source PDFs/covidence_951_lin_2002.pdf,3269060aad01eab541c8f7a29ae1088b784936d22b0384e8797f905da1a6550d,First postoperative hour could include IM pethidine; group-specific pethidine exposure not reported,INCLUDE,SENSITIVITY,Source construct/window/contrast reviewed; direct data admitted.,;opioid_partial_EA_sham,1,,
V33-OD-0008,Yao 2015,Yao_2015,YAO15_TEAS_vs_CONTROL,Preoperative TEAS,Control/no current,TEAS,Sham,Quality of recovery,Global QoR-40,24 h postoperatively,Outcome-specific analyzed population,35.0,36.0,176.5,10.2,164.8,14.7,,,QoR-40 points,Mean/SD,24-h QoR-40 result,,retrieved_pdfs/039_yao_2015.pdf,769574c60b55724c5f5d1bb988ebb6cbd252be9b95734e3b11bf61bf5ae9272f,3 post-randomization exclusions; active sensory stimulation vs zero-current control,INCLUDE,EXCLUDE,Outside defined quantitative estimands; retained in full descriptive extraction.,,1,,
V33-OD-0009,Yu 2020,Yu_2020,YU20_TEAS_vs_CONTROL,Preoperative TEAS,Control/no current,TEAS,Sham,Quality of recovery,Global QoR-40,Postoperative day 1 (~24 h),Outcome-specific analyzed population,30.0,30.0,175.33,9.66,166.07,8.44,,,QoR-40 points,Mean/SD,POD1 QoR-40 result,,TEAS EA Verification/Source PDFs/s13063-019-3892-4.pdf,12fbd503870f7f12216ff5f2544b159c66fecd557d4838bcabceec1aa151fb69,Retrospective registration; article has internal intervention-parameter discrepancy,INCLUDE,EXCLUDE,Outside defined quantitative estimands; retained in full descriptive extraction.,,1,,
V33-OD-0010,Pan 2023,Pan_2023,PAN23_TEAS_vs_CONTROL,TEAS,Control/usual care,TEAS,Usual care,GI recovery,Time to first postoperative flatus,Postoperative recovery endpoint,Outcome-specific analyzed population,52.0,53.0,,,,,,,minutes,Median/IQR,Postoperative recovery table,,TEAS EA Verification/Source PDFs/getfile.php-4.pdf,7f51a98abb60112923a7996495bc8d143af74aa710175a70c29894b62a64479d,15/120 excluded after randomization; do not relabel median/IQR as mean/SD,NARRATIVE ONLY,HOLD,"No directly tabulated mean/SD or event/denominator for current quantitative body; preserve original statistic, no automatic median or graph conversion.",,1,,
V33-OD-0011,Chen 1998,Chen_1998,CHEN98_NONACU_vs_SHAM,Active nonacupoint shoulder TENS,Sham ST36 TENS (0 mA),TEAS,Sham,Opioid consumption,Cumulative IV PCA hydromorphone,First 24 h postoperatively,Outcome-specific analyzed population,25.0,25.0,10.5,6.2,10.7,5.0,,,mg hydromorphone,Mean/SD,Table 2 / first-24-h hydromorphone,,TEAS EA Verification/Source PDFs/covidence_969_chen_1998.pdf,92fa5191eb603eec1bd5fec9c4261c08c70fe527617dd9a72956ffeb8a29c232,Four-arm RCT; shared sham control must be handled correctly,INCLUDE,EXCLUDE,Outside defined quantitative estimands; retained in full descriptive extraction.,,1,,
V33-OD-0012,Chen 1998,Chen_1998,CHEN98_DERM_vs_SHAM,Active dermatomal/peri-incisional TENS,Sham ST36 TENS (0 mA),TEAS,Sham,Opioid consumption,Cumulative IV PCA hydromorphone,First 24 h postoperatively,Outcome-specific analyzed population,25.0,25.0,6.8,4.2,10.7,5.0,,,mg hydromorphone,Mean/SD,Table 2 / first-24-h hydromorphone,,TEAS EA Verification/Source PDFs/covidence_969_chen_1998.pdf,92fa5191eb603eec1bd5fec9c4261c08c70fe527617dd9a72956ffeb8a29c232,Four-arm RCT; shared sham control must be handled correctly,INCLUDE,EXCLUDE,Outside defined quantitative estimands; retained in full descriptive extraction.,,1,,
V33-OD-0013,Chen 1998,Chen_1998,CHEN98_ACU_vs_SHAM,Active ST36 acupoint TENS,Sham ST36 TENS (0 mA),TEAS,Sham,Opioid consumption,Cumulative IV PCA hydromorphone,First 24 h postoperatively,Outcome-specific analyzed population,25.0,25.0,6.5,3.5,10.7,5.0,,,mg hydromorphone,Mean/SD,Table 2 / first-24-h hydromorphone,,TEAS EA Verification/Source PDFs/covidence_969_chen_1998.pdf,92fa5191eb603eec1bd5fec9c4261c08c70fe527617dd9a72956ffeb8a29c232,Four-arm RCT; shared sham control must be handled correctly,INCLUDE,SENSITIVITY,Expanded device/rescue/unit-uncertain body. Published source values unchanged. Not the registered systemic estimand.,;opioid24_TEAS_sham_expanded_suf0.25;opioid24_TEAS_sham_expanded_suf0.25_without_Chen2020;opioid24_TEAS_sham_expanded_suf0.5;opioid24_TEAS_sham_expanded_suf0.5_without_Chen2020;opioid24_TEAS_sham_expanded_suf1;opioid24_TEAS_sham_expanded_suf1_without_Chen2020,1,,
V33-OD-0014,Chen 2020,Chen_2020,CHEN20_TEAS_vs_SHAM,Perioperative TEAS,Sham low/zero-current protocol,TEAS,Sham,Opioid consumption,Cumulative sufentanil,24 h postoperatively,Outcome-specific analyzed population,40.0,40.0,72.43,4.78,100.62,10.2,,,µg sufentanil,Mean/SD,Cumulative sufentanil result,,TEAS EA Verification/Source PDFs/Thoracic Cancer - 2020 - Chen - Efficacy of transcutaneous electrical acupoint stimulation combined with general anesthesia.pdf,debc925a549725290efc12e4fde6fbbb63880cb0bbd6425faac2e22b1e5c3663,Sham was 4 mA pre/postoperatively but 0 mA intraoperatively; preserve this nuance,INCLUDE,SENSITIVITY,Expanded device/rescue/unit-uncertain body. Published source values unchanged. Not the registered systemic estimand.,;opioid24_TEAS_sham_expanded_suf0.25;opioid24_TEAS_sham_expanded_suf0.5;opioid24_TEAS_sham_expanded_suf1,1,,
V33-OD-0015,Chen 2020,Chen_2020,CHEN20_TEAS_vs_SHAM_VAS,Perioperative TEAS,Sham low/zero-current protocol,TEAS,Sham,Pain,VAS pain intensity,24 h postoperatively,Outcome-specific analyzed population,40.0,40.0,2.91,0.2,5.97,0.56,,,VAS 0-10,Mean/SD,24-h VAS result,,TEAS EA Verification/Source PDFs/Thoracic Cancer - 2020 - Chen - Efficacy of transcutaneous electrical acupoint stimulation combined with general anesthesia.pdf,debc925a549725290efc12e4fde6fbbb63880cb0bbd6425faac2e22b1e5c3663,Patient blinding adequacy depends on sensory contrast of sham protocol,INCLUDE,SENSITIVITY,Rest/movement not established. Never use this mixed-setting body to assert registered pain co-outcome criterion.,;pain24_unclassified_TEAS_sham,1,,
V33-OD-0016,Coura 2011,Coura_2011,COURA11_EA_vs_SHAM,Preoperative EA,Sham stimulation,EA,Sham,Opioid consumption,Cumulative fentanyl,First 24 h postoperatively,Outcome-specific analyzed population,13.0,9.0,13.1,2.2,16.3,1.6,,,µg/kg fentanyl,Mean/SD,Published cumulative first-24-h fentanyl result,,TEAS EA Verification/Source PDFs/covidence_819_full_article.pdf,4e6e6512dd139c7b914b56c3b22b6c05eb6c884675c03db02a924eec5a6f7be6,10/32 post-randomization exclusions; supplemental morphine/fentanyl inclusion unclear,INCLUDE,SENSITIVITY,Source construct/window/contrast reviewed; direct data admitted.,;opioid24_EA_sham_fentanyl_per_kg,1,,
V33-OD-0017,Ao 2021,Ao_2021,AO21_TEAS_vs_SHAM_VAS,TEAS,Sham/no current,TEAS,Sham,Pain,VAS pain intensity,24 h postoperatively,Outcome-specific analyzed population,32.0,33.0,2.51,0.49,2.95,0.53,,,VAS 0-10,Graph-digitized mean/SD,Figure-only 24-h VAS,,TEAS EA Verification/Source PDFs/download.pdf,023be0cdbc3241bf59fa7725d3149866a3e4066f696415c969ee99adfce8cfda,"Exact values are graph-digitized, not numerically tabulated by authors",CONDITIONAL,HOLD,"No directly tabulated mean/SD or event/denominator for current quantitative body; preserve original statistic, no automatic median or graph conversion.",,1,,
V33-OD-0018,Ao 2021,Ao_2021,AO21_TEAS_vs_SHAM_OPIOID24,TEAS,Sham/no current,TEAS,Sham,Opioid consumption,Cumulative postoperative sufentanil,Exact 0-24 h,Outcome-specific analyzed population,32.0,33.0,,,,,,,µg sufentanil,Not reported,Article reports 48-h PCA framework only,,TEAS EA Verification/Source PDFs/download.pdf,023be0cdbc3241bf59fa7725d3149866a3e4066f696415c969ee99adfce8cfda,PCA followed for 48 h; no extractable cumulative 0-24-h total,NOT REPORTED,HOLD,"No directly tabulated mean/SD or event/denominator for current quantitative body; preserve original statistic, no automatic median or graph conversion.",,1,,
V33-OD-0019,Zhu 2022,Zhu_2022,ZHU22_PRE_vs_USUAL_PON,EA day before surgery,Usual care alone,EA,Usual care,PONV,Postoperative nausea,6-24 h postoperatively,Outcome-specific analyzed population,101.0,101.0,,,,,11.0,27.0,participants with nausea,Events/total,Table 2,,TEAS EA Verification/Source PDFs/covidence_381_full_article.pdf,81b253dfbb68322da8383e775b391e0eb829702de456e01224fa82bf6b56bde0,Four-arm RCT; no sham; analysis denominators differ from randomized denominators,INCLUDE,INCLUDE,Source construct/window/contrast reviewed; direct data admitted.,;nausea6to24_EA_usual,1,,
V33-OD-0020,Zhu 2022,Zhu_2022,ZHU22_PRE_vs_USUAL_POV,EA day before surgery,Usual care alone,EA,Usual care,PONV,Postoperative vomiting,6-24 h postoperatively,Outcome-specific analyzed population,101.0,101.0,,,,,5.0,22.0,participants with vomiting,Events/total,Table 2,,TEAS EA Verification/Source PDFs/covidence_381_full_article.pdf,81b253dfbb68322da8383e775b391e0eb829702de456e01224fa82bf6b56bde0,Four-arm RCT; no sham; use exact arm-specific analyzed denominators,INCLUDE,INCLUDE,Source construct/window/contrast reviewed; direct data admitted.,;vomiting6to24_EA_usual,1,,
V33-OD-0021,Zhu 2022,Zhu_2022,ZHU22_30_vs_USUAL_PON,EA 30 min before surgery,Usual care alone,EA,Usual care,PONV,Postoperative nausea,6-24 h postoperatively,Outcome-specific analyzed population,98.0,101.0,,,,,18.0,27.0,participants with nausea,Events/total,Table 2,,TEAS EA Verification/Source PDFs/covidence_381_full_article.pdf,81b253dfbb68322da8383e775b391e0eb829702de456e01224fa82bf6b56bde0,Four-arm RCT; no sham; analysis denominators differ from randomized denominators,INCLUDE,INCLUDE,Source construct/window/contrast reviewed; direct data admitted.,;nausea6to24_EA_usual,1,,
V33-OD-0022,Zhu 2022,Zhu_2022,ZHU22_30_vs_USUAL_POV,EA 30 min before surgery,Usual care alone,EA,Usual care,PONV,Postoperative vomiting,6-24 h postoperatively,Outcome-specific analyzed population,98.0,101.0,,,,,8.0,22.0,participants with vomiting,Events/total,Table 2,,TEAS EA Verification/Source PDFs/covidence_381_full_article.pdf,81b253dfbb68322da8383e775b391e0eb829702de456e01224fa82bf6b56bde0,Four-arm RCT; no sham; use exact arm-specific analyzed denominators,INCLUDE,INCLUDE,Source construct/window/contrast reviewed; direct data admitted.,;vomiting6to24_EA_usual,1,,
V33-OD-0023,Zhu 2022,Zhu_2022,ZHU22_COMB_vs_USUAL_PON,EA day before + 30 min before,Usual care alone,EA,Usual care,PONV,Postoperative nausea,6-24 h postoperatively,Outcome-specific analyzed population,100.0,101.0,,,,,11.0,27.0,participants with nausea,Events/total,Table 2,,TEAS EA Verification/Source PDFs/covidence_381_full_article.pdf,81b253dfbb68322da8383e775b391e0eb829702de456e01224fa82bf6b56bde0,Four-arm RCT; no sham; analysis denominators differ from randomized denominators,INCLUDE,INCLUDE,Source construct/window/contrast reviewed; direct data admitted.,;nausea6to24_EA_usual,1,,
V33-OD-0024,Zhu 2022,Zhu_2022,ZHU22_COMB_vs_USUAL_POV,EA day before + 30 min before,Usual care alone,EA,Usual care,PONV,Postoperative vomiting,6-24 h postoperatively,Outcome-specific analyzed population,100.0,101.0,,,,,9.0,22.0,participants with vomiting,Events/total,Table 2,,TEAS EA Verification/Source PDFs/covidence_381_full_article.pdf,81b253dfbb68322da8383e775b391e0eb829702de456e01224fa82bf6b56bde0,Four-arm RCT; no sham; use exact arm-specific analyzed denominators,INCLUDE,INCLUDE,Source construct/window/contrast reviewed; direct data admitted.,;vomiting6to24_EA_usual,1,,
V33-OD-0025,Zhou 2025,Zhou_2025,ZHOU25_TEAS_vs_SHAM_QOR15,PACU TEAS,Sham/no current,TEAS,Sham,Quality of recovery,Global QoR-15,POD1,Outcome-specific analyzed population,48.0,49.0,112.0,10.67,107.62,10.27,,,QoR-15 points,Mean/SD,"Table 2, p7",,TEAS EA Verification/Source PDFs/105119.pdf,d9bf76bd7e244dd4513f686ee9be168122d8db4ced699a7f881f93237b3cb52b,3 post-randomization withdrawals; sensory blinding uncertain because active 10-15 mA/De Qi vs no current,INCLUDE,EXCLUDE,Outside defined quantitative estimands; retained in full descriptive extraction.,,1,,
V33-OD-0026,Zhou 2025,Zhou_2025,ZHOU25_TEAS_vs_SHAM_PAINREST,PACU TEAS,Sham/no current,TEAS,Sham,Pain,Resting pain VAS,POD1,Outcome-specific analyzed population,48.0,49.0,,,,,,,VAS 0-10,Median/IQR,"Table 3, p8",,TEAS EA Verification/Source PDFs/105119.pdf,d9bf76bd7e244dd4513f686ee9be168122d8db4ced699a7f881f93237b3cb52b,Do not convert median/IQR to mean/SD without prespecified method,NARRATIVE ONLY,HOLD,"No directly tabulated mean/SD or event/denominator for current quantitative body; preserve original statistic, no automatic median or graph conversion.",,1,,
V33-OD-0027,Zhou 2025,Zhou_2025,ZHOU25_TEAS_vs_SHAM_PONV,PACU TEAS,Sham/no current,TEAS,Sham,PONV,PONV incidence,POD1,Outcome-specific analyzed population,48.0,49.0,,,,,10.0,19.0,participants,Events/total,"Table 4, p8",,TEAS EA Verification/Source PDFs/105119.pdf,d9bf76bd7e244dd4513f686ee9be168122d8db4ced699a7f881f93237b3cb52b,Participant sensory blinding uncertain,INCLUDE,INCLUDE,Includes Song non-acupoint active-current sham as permitted by broader registered sham definition; diagnostic against conservative main taxonomy.,;ponv24_TEAS_sham;ponv24_TEAS_sham_point_window_sensitivity;ponv24_TEAS_broad_sham_sensitivity,1,,
V33-OD-0028,Zhou 2025,Zhou_2025,ZHOU25_TEAS_vs_SHAM_FLATUS,PACU TEAS,Sham/no current,TEAS,Sham,GI recovery,Time to first flatus,Postoperative,Outcome-specific analyzed population,48.0,49.0,14.1,3.19,15.88,3.78,,,hours,Mean/SD,Postoperative recovery-time table,,TEAS EA Verification/Source PDFs/105119.pdf,d9bf76bd7e244dd4513f686ee9be168122d8db4ced699a7f881f93237b3cb52b,Ascertainment mechanism should be considered in RoB because participant sensory blinding may be imperfect,INCLUDE,INCLUDE,Leave-out diagnostic: Zheng2025 printed SD/P internal inconsistency unresolved; not a replacement body.,;flatus_TEAS_sham;flatus_TEAS_sham_SMD_sensitivity;flatus_TEAS_sham_without_Zheng2025,1,,
V33-OD-0029,Zhou 2025,Zhou_2025,ZHOU25_TEAS_vs_SHAM_RESCUE,PACU TEAS,Sham/no current,TEAS,Sham,Rescue analgesia,Any rescue analgesia,POD1-POD3,Outcome-specific analyzed population,48.0,49.0,,,,,6.0,13.0,participants,Events/total,"Table 3, p8",,TEAS EA Verification/Source PDFs/105119.pdf,d9bf76bd7e244dd4513f686ee9be168122d8db4ced699a7f881f93237b3cb52b,Not a 24-h opioid dose; exact cumulative tramadol dose is not reported,INCLUDE,EXCLUDE,Outside defined quantitative estimands; retained in full descriptive extraction.,,1,,
V33-OD-0030,Zhou 2025,Zhou_2025,ZHOU25_TEAS_vs_SHAM_OPIOID24,PACU TEAS,Sham/no current,TEAS,Sham,Opioid consumption,Exact cumulative postoperative opioid dose,0-24 h,Outcome-specific analyzed population,48.0,49.0,,,,,,,mg/µg,Not reported,Not numerically reported,,TEAS EA Verification/Source PDFs/105119.pdf,d9bf76bd7e244dd4513f686ee9be168122d8db4ced699a7f881f93237b3cb52b,Standard perioperative sufentanil plus PRN tramadol; exact 0-24-h cumulative dose not reported,NOT REPORTED,HOLD,"No directly tabulated mean/SD or event/denominator for current quantitative body; preserve original statistic, no automatic median or graph conversion.",,1,,
V33-OD-0031,Zhou 2021,Zhou_2021,ZHOU21_TEAS_vs_UC_PAIN,Postoperative TEAS + ERAS,ERAS/usual care,TEAS,Usual care,Pain,Average postoperative pain,POD1-POD5 average,Outcome-specific analyzed population,41.0,40.0,2.55,0.21,3.1,0.42,,,pain score,Mean/SD,"Table 3, p6",,TEAS EA Verification/Source PDFs/getfile.php-5.pdf,187c314f6ed2ab4d736d5f0c790f362884c8fe767db1969c617f0ca9abc2b7a7,Open-label/no sham; subjective outcome,INCLUDE,EXCLUDE,Outside defined quantitative estimands; retained in full descriptive extraction.,,1,,
V33-OD-0032,Zhou 2021,Zhou_2021,ZHOU21_TEAS_vs_UC_OPIOIDUSE,Postoperative TEAS + ERAS,ERAS/usual care,TEAS,Usual care,Opioid consumption,Any postoperative opioid use,Postoperative window not clearly defined as 0-24 h,Outcome-specific analyzed population,41.0,40.0,,,,,18.0,30.0,participants,Events/total,Table 3,,TEAS EA Verification/Source PDFs/getfile.php-5.pdf,187c314f6ed2ab4d736d5f0c790f362884c8fe767db1969c617f0ca9abc2b7a7,Exact postoperative time window is not clearly stated,INCLUDE,EXCLUDE,Outside defined quantitative estimands; retained in full descriptive extraction.,,1,,
V33-OD-0033,Zheng 2025,Zheng_2025,ZHENG25_TEAS_vs_SHAM_PONV,Perioperative TEAS,Sham/no current,TEAS,Sham,PONV,Any PONV,Within 24 h postoperatively,Outcome-specific analyzed population,42.0,43.0,,,,,18.0,29.0,participants,Events/total,Primary outcome / 24-h PONV result,,TEAS EA Verification/Source PDFs/109499.pdf,a99722242c4b1800916d66613b5a0ed223a91f853e14ecce929740eb91dc466b,Counts 18/42 and 29/43 are reconstructed from reported 42.9% and 67.4%; use percentages as source truth,INCLUDE,INCLUDE,Includes Song non-acupoint active-current sham as permitted by broader registered sham definition; diagnostic against conservative main taxonomy.,;ponv24_TEAS_sham;ponv24_TEAS_sham_point_window_sensitivity;ponv24_TEAS_broad_sham_sensitivity,1,,
V33-OD-0034,Zheng 2025,Zheng_2025,ZHENG25_TEAS_vs_SHAM_REMI,Perioperative TEAS,Sham/no current,TEAS,Sham,Intraoperative opioid,Total intraoperative remifentanil consumption,Intraoperative,Outcome-specific analyzed population,42.0,43.0,233.1,29.6,289.5,37.9,,,µg remifentanil,Mean/SD,"Table 3, p9",,TEAS EA Verification/Source PDFs/109499.pdf,a99722242c4b1800916d66613b5a0ed223a91f853e14ecce929740eb91dc466b,Not a postoperative endpoint,INCLUDE,INCLUDE,v36: Pan2023 and Liang2021 no-stimulation controls moved to usual-care body.,;intraop_remifentanil_TEAS_sham,1,,
V33-OD-0035,Zheng 2025,Zheng_2025,ZHENG25_TEAS_vs_SHAM_PCA_PRESS,Perioperative TEAS,Sham/no current,TEAS,Sham,Opioid demand,Total PCIA button presses,Postoperative; exact pump duration NR,Outcome-specific analyzed population,42.0,43.0,6.3,2.2,10.7,3.9,,,presses,Mean/SD,Postoperative PCIA results,,TEAS EA Verification/Source PDFs/109499.pdf,a99722242c4b1800916d66613b5a0ed223a91f853e14ecce929740eb91dc466b,"PCIA final volume/concentration is NR, so presses cannot be converted to sufentanil mass",INCLUDE,EXCLUDE,Outside defined quantitative estimands; retained in full descriptive extraction.,,1,,
V33-OD-0036,Zheng 2025,Zheng_2025,ZHENG25_TEAS_vs_SHAM_OPIOID24,Perioperative TEAS,Sham/no current,TEAS,Sham,Opioid consumption,Exact cumulative postoperative sufentanil mass,0-24 h,Outcome-specific analyzed population,42.0,43.0,,,,,,,µg sufentanil,Not reported,PCIA formulation section / missing outcome,,TEAS EA Verification/Source PDFs/109499.pdf,a99722242c4b1800916d66613b5a0ed223a91f853e14ecce929740eb91dc466b,Final PCIA volume/concentration and exact cumulative sufentanil mass are not reported,NOT REPORTED,HOLD,"No directly tabulated mean/SD or event/denominator for current quantitative body; preserve original statistic, no automatic median or graph conversion.",,1,,
V33-OD-0037,Zhan 2020,Zhan_2020,ZHAN20_TAPTEAS_vs_TAP_PAIN24,TAP block + postoperative TEAS,TAP block,TEAS,CONTROL_TYPE_REVIEW_REQUIRED,Pain,VAS pain intensity,24 h postoperatively,Outcome-specific analyzed population,30.0,30.0,,,,,,,VAS,Source-format ambiguous,"Table 2, p4",,TEAS EA Verification/Source PDFs/covidence_1389_full_article.pdf,29bd9ef73831d7db7c4c06fd0b685eff6a1ff9d942165f2b2b265f8021c8be76,"Printed source values are TAP+TEAS '2 (1.7 ± 2.2)' vs TAP '2 (2.0 ± 3.0)'; format is not defined as mean/SD, median/IQR, or range",HOLD,HOLD,"Source ambiguity or unavailable required statistic: Unresolved source statistic, denominator or timepoint.",,1,,
V33-OD-0038,Zhan 2020,Zhan_2020,ZHAN20_TAPTEAS_vs_TAP_OPIOID24,TAP block + postoperative TEAS,TAP block,TEAS,CONTROL_TYPE_REVIEW_REQUIRED,Opioid consumption,Actual cumulative postoperative sufentanil consumption,0-24 h,Outcome-specific analyzed population,30.0,30.0,,,,,,,µg sufentanil,Not reported,PCIA protocol / exact 24-h opioid section,,TEAS EA Verification/Source PDFs/covidence_1389_full_article.pdf,29bd9ef73831d7db7c4c06fd0b685eff6a1ff9d942165f2b2b265f8021c8be76,Only programmed PCIA reservoir/basal settings are reported; actual group-specific delivered opioid is NR,NOT REPORTED,HOLD,"No directly tabulated mean/SD or event/denominator for current quantitative body; preserve original statistic, no automatic median or graph conversion.",,1,,
V33-OD-0039,Zhang 2025,Zhang_2025,ZHANG25_TEAS_vs_SHAM_SUFPOD1,Perioperative TEAS,Sub-sensory sham,TEAS,Sham,Opioid consumption,Total sufentanil consumption,POD1; approximately 24 h but exact clock window not explicit,Outcome-specific analyzed population,45.0,48.0,50.53,4.46,53.79,5.14,,,µg sufentanil,Mean/SD,"Table 4, p9",,TEAS EA Verification/Source PDFs/109551.pdf,691899a10069da68a1525a13662118fca1d4f9ed245d4304b120c426d27bb053,"Endpoint is directly reported as POD1, not explicitly clock-defined 0-24 h; 15/108 excluded after randomization",INCLUDE,EXCLUDE,Outside defined quantitative estimands; retained in full descriptive extraction.,,1,,
V33-OD-0040,Zhang 2025,Zhang_2025,ZHANG25_TEAS_vs_SHAM_RESCUE,Perioperative TEAS,Sub-sensory sham,TEAS,Sham,Rescue analgesia,Any rescue analgesia demand,POD1 / postoperative period reported in Table 4,Outcome-specific analyzed population,45.0,48.0,,,,,14.0,29.0,participants,Events/total,"Table 4, p9",,TEAS EA Verification/Source PDFs/109551.pdf,691899a10069da68a1525a13662118fca1d4f9ed245d4304b120c426d27bb053,Published RR 0.70 (0.44-1.10) conflicts with raw counts (~0.52) and significant P-value; use raw event counts,INCLUDE,EXCLUDE,Outside defined quantitative estimands; retained in full descriptive extraction.,,1,,
V33-OD-0041,Zhang 2025,Zhang_2025,ZHANG25_TEAS_vs_SHAM_VISCERAL_POD1,Perioperative TEAS,Sub-sensory sham,TEAS,Sham,Pain,Moderate-to-severe visceral pain,POD1,Outcome-specific analyzed population,45.0,48.0,,,,,4.0,18.0,participants,Events/total,"Figure 3D, p8",,TEAS EA Verification/Source PDFs/109551.pdf,691899a10069da68a1525a13662118fca1d4f9ed245d4304b120c426d27bb053,Figure 3D reports 8.9% vs 37.5%; 4/45 and 18/48 are exact denominator reconstructions,INCLUDE,EXCLUDE,Outside defined quantitative estimands; retained in full descriptive extraction.,,1,,
V33-OD-0042,Zhang 2023,Zhang_2023,ZHANG23_TEAS_vs_SHAM_VOID,TEAS,Sham/no current,TEAS,Sham,Urinary recovery,Time to first spontaneous void,Postoperative,Outcome-specific analyzed population,922.0,916.0,,,,,,,hours,Median/IQR,Table 2 / primary spontaneous-void outcome,,TEAS EA Verification/Source PDFs/covidence_308_full_article.pdf,8dec75fafabcec621210b06873dbb8fd42d70c04d4a8490a0f0cd1e2ed1eff44,110/1948 randomized participants were excluded from final analysis; abstract gives sham median 7.0 h but Table 2 gives 7.1 h—use table value,NARRATIVE ONLY,HOLD,"No directly tabulated mean/SD or event/denominator for current quantitative body; preserve original statistic, no automatic median or graph conversion.",,1,,
V33-OD-0043,Zhang 2023,Zhang_2023,ZHANG23_TEAS_vs_SHAM_DELAYED,TEAS,Sham/no current,TEAS,Sham,Urinary recovery,Delayed urinary recovery (>12 h without spontaneous void),Postoperative,Outcome-specific analyzed population,922.0,916.0,,,,,103.0,173.0,participants,Events/total,Table 2 / delayed urinary recovery,,TEAS EA Verification/Source PDFs/covidence_308_full_article.pdf,8dec75fafabcec621210b06873dbb8fd42d70c04d4a8490a0f0cd1e2ed1eff44,"Use analyzed denominators 922 and 916, not randomized denominators",INCLUDE,EXCLUDE,Outside defined quantitative estimands; retained in full descriptive extraction.,,1,,
V33-OD-0044,Zhang 2023,Zhang_2023,ZHANG23_TEAS_vs_SHAM_POUR,TEAS,Sham/no current,TEAS,Sham,Urinary recovery,Postoperative urinary retention,Postoperative,Outcome-specific analyzed population,922.0,916.0,,,,,75.0,104.0,participants,Events/total,Table 2 / POUR result,,TEAS EA Verification/Source PDFs/covidence_308_full_article.pdf,8dec75fafabcec621210b06873dbb8fd42d70c04d4a8490a0f0cd1e2ed1eff44,Use analyzed denominators 922 and 916,INCLUDE,EXCLUDE,Outside defined quantitative estimands; retained in full descriptive extraction.,,1,,
V33-OD-0045,Zhang 2023,Zhang_2023,ZHANG23_TEAS_vs_SHAM_MME48,TEAS,Sham/no current,TEAS,Sham,Opioid consumption,Postoperative IV morphine-equivalent consumption,Within 48 h,Outcome-specific analyzed population,922.0,916.0,,,,,,,mg IV morphine-equivalent,Median/IQR,Table 1 / postoperative opioid-equivalent result,,TEAS EA Verification/Source PDFs/covidence_308_full_article.pdf,8dec75fafabcec621210b06873dbb8fd42d70c04d4a8490a0f0cd1e2ed1eff44,Authors converted opioids using ClinCalc; exact 24-h postoperative dose is not reported,NARRATIVE ONLY,HOLD,"No directly tabulated mean/SD or event/denominator for current quantitative body; preserve original statistic, no automatic median or graph conversion.",,1,,
V33-OD-0046,Zhang 2023,Zhang_2023,ZHANG23_TEAS_vs_SHAM_OPIOID24,TEAS,Sham/no current,TEAS,Sham,Opioid consumption,Exact cumulative postoperative opioid dose,0-24 h,Outcome-specific analyzed population,922.0,916.0,,,,,,,mg IV morphine-equivalent,Not reported,Exact 24-h endpoint absent,,TEAS EA Verification/Source PDFs/covidence_308_full_article.pdf,8dec75fafabcec621210b06873dbb8fd42d70c04d4a8490a0f0cd1e2ed1eff44,Only a postoperative 48-h opioid-equivalent endpoint is reported,NOT REPORTED,HOLD,"No directly tabulated mean/SD or event/denominator for current quantitative body; preserve original statistic, no automatic median or graph conversion.",,1,,
V33-OD-0047,Zhang 2014,Zhang_2014,ZHANG14_TEAS_vs_SHAM_RR,Preoperative TEAS,Sham/no current,TEAS,Sham,Recovery,Recovery-room stay,Recovery-room discharge,Outcome-specific analyzed population,33.0,32.0,35.6,12.9,48.3,16.3,,,minutes,Mean/SD,Primary outcome / recovery-room stay,,retrieved_pdfs/043_zhang_2014.pdf,d11683b0117d0969b067c93da9fc3dee44082ef4c10edd5fb53023a0beced310,Abstract incorrectly states 72 randomized; detailed flowchart/tables show 65 randomized and analyzed,INCLUDE,EXCLUDE,Outside defined quantitative estimands; retained in full descriptive extraction.,,1,,
V33-OD-0048,Zhang 2014,Zhang_2014,ZHANG14_TEAS_vs_SHAM_REMI,Preoperative TEAS,Sham/no current,TEAS,Sham,Intraoperative opioid,Remifentanil consumption rate,Intraoperative,Outcome-specific analyzed population,33.0,32.0,0.06,0.02,0.09,0.03,,,µg/kg/min,Mean/SD,Table 2 / intraoperative remifentanil,,retrieved_pdfs/043_zhang_2014.pdf,d11683b0117d0969b067c93da9fc3dee44082ef4c10edd5fb53023a0beced310,"Weight/time-normalized consumption, not absolute remifentanil dose",INCLUDE,EXCLUDE,Outside defined quantitative estimands; retained in full descriptive extraction.,,1,,
V33-OD-0049,Zhang 2014,Zhang_2014,ZHANG14_TEAS_vs_SHAM_NAUSEA,Preoperative TEAS,Sham/no current,TEAS,Sham,PONV,Postoperative nausea,Postoperative,Outcome-specific analyzed population,33.0,32.0,,,,,7.0,15.0,participants,Events/total,Table 3 / postoperative side effects,,retrieved_pdfs/043_zhang_2014.pdf,d11683b0117d0969b067c93da9fc3dee44082ef4c10edd5fb53023a0beced310,No exact narrower time window reported in the extraction,INCLUDE,EXCLUDE,Outside defined quantitative estimands; retained in full descriptive extraction.,,1,,
V33-OD-0050,Zhang 2014,Zhang_2014,ZHANG14_TEAS_vs_SHAM_VOMIT,Preoperative TEAS,Sham/no current,TEAS,Sham,PONV,Postoperative vomiting,Postoperative,Outcome-specific analyzed population,33.0,32.0,,,,,4.0,11.0,participants,Events/total,Table 3 / postoperative side effects,,retrieved_pdfs/043_zhang_2014.pdf,d11683b0117d0969b067c93da9fc3dee44082ef4c10edd5fb53023a0beced310,No exact narrower time window reported in the extraction,INCLUDE,EXCLUDE,Outside defined quantitative estimands; retained in full descriptive extraction.,,1,,
V33-OD-0051,Zhang 2014,Zhang_2014,ZHANG14_TEAS_vs_SHAM_OPIOID24,Preoperative TEAS,Sham/no current,TEAS,Sham,Opioid consumption,Exact cumulative postoperative opioid dose,0-24 h,Outcome-specific analyzed population,33.0,32.0,,,,,,,mg/µg,Not reported,Postoperative analgesic section,,retrieved_pdfs/043_zhang_2014.pdf,d11683b0117d0969b067c93da9fc3dee44082ef4c10edd5fb53023a0beced310,Study reports intraoperative remifentanil rate but no exact postoperative opioid-consumption total,NOT REPORTED,HOLD,"No directly tabulated mean/SD or event/denominator for current quantitative body; preserve original statistic, no automatic median or graph conversion.",,1,,
V33-OD-0052,Yang 2024,Yang_2024,YANG24_EA_vs_UC_MORPH24,Perioperative EA + usual care,Usual care,EA,Usual care,Opioid consumption,Morphine use via IV PCA,First 24 h / POD1,Outcome-specific analyzed population,90.0,90.0,43.7,4.7,44.0,4.9,,,mg morphine,Mean/SD,Table 3 / Morphine use on POD1,,TEAS EA Verification/Source PDFs/covidence_1930_full_article.pdf,6c2160c1111226035fb3a46cd41746f84d6f420d24c10b329cffcf82e1c8580f,All 180 randomized participants retained in ITT; open-label patients but objective PCA drug-use record,INCLUDE,SENSITIVITY,Source construct/window/contrast reviewed; direct data admitted.,;opioid24_EA_usual_expanded,1,,
V33-OD-0053,Yang 2024,Yang_2024,YANG24_EA_vs_UC_FLATUS,Perioperative EA + usual care,Usual care,EA,Usual care,GI recovery,Time to first flatus,Postoperative,Outcome-specific analyzed population,90.0,90.0,15.4,3.2,17.0,3.7,,,hours,Mean/SD,Table 2 / primary first-flatus outcome,,TEAS EA Verification/Source PDFs/covidence_1930_full_article.pdf,6c2160c1111226035fb3a46cd41746f84d6f420d24c10b329cffcf82e1c8580f,Open-label participants; outcome assessor blinded,INCLUDE,INCLUDE,Same construct and membership as hours MD; no selection by I² or P.,;flatus_EA_usual;flatus_EA_usual_SMD_sensitivity,1,,
V33-OD-0054,Yang 2024,Yang_2024,YANG24_EA_vs_UC_DEFEC,Perioperative EA + usual care,Usual care,EA,Usual care,GI recovery,Time to first defecation,Postoperative,Outcome-specific analyzed population,90.0,90.0,75.9,7.9,79.7,8.1,,,hours,Mean/SD,Table 2 / primary first-defecation outcome,,TEAS EA Verification/Source PDFs/covidence_1930_full_article.pdf,6c2160c1111226035fb3a46cd41746f84d6f420d24c10b329cffcf82e1c8580f,Open-label participants; outcome assessor blinded,INCLUDE,INCLUDE,Source construct/window/contrast reviewed; direct data admitted.,;defecation_EA_usual,1,,
V33-OD-0055,Yang 2024,Yang_2024,YANG24_EA_vs_UC_VOMIT,Perioperative EA + usual care,Usual care,EA,Usual care,PONV,Postoperative vomiting,0-24 h after surgery,Outcome-specific analyzed population,90.0,90.0,,,,,12.0,25.0,participants,Events/total,Secondary outcomes / PONV,,TEAS EA Verification/Source PDFs/covidence_1930_full_article.pdf,6c2160c1111226035fb3a46cd41746f84d6f420d24c10b329cffcf82e1c8580f,No sham acupuncture; patient knowledge could affect subjective nausea but vomiting is more objective,INCLUDE,INCLUDE,Source construct/window/contrast reviewed; direct data admitted.,;vomiting24_EA_usual,1,,
V33-OD-0056,Xiong 2021,Xiong_2021,XIONG21_TEAS_vs_CTRL_PONV48,TEAS + dexamethasone + tropisetron,Dexamethasone + tropisetron,TEAS,Sham,PONV,Any PONV,Within 48 h,Outcome-specific analyzed population,31.0,31.0,,,,,13.0,24.0,participants,Events/total,Abstract / 48-h PONV result,,TEAS EA Verification/Source PDFs/covidence_431_full_article.pdf,85f0cc1e5493db16e616ba5a77950207798546aa0ed9986773bbcefac9ca1d45,Participant blinding intended but active postoperative tingling may have revealed allocation,INCLUDE,INCLUDE,v36: Xiong2021 control had electrodes applied and connected without stimulation (sham); formerly ponv48_TEAS_usual.,;ponv48_TEAS_sham,1,CONTROL_TYPE_REVIEW_REQUIRED,"Xiong 2021: ""the patients in the control group had gel electrodes applied and connected to an acupuncture instrument without stimulation."""
V33-OD-0057,Xiong 2021,Xiong_2021,XIONG21_TEAS_vs_CTRL_CIPONV,TEAS + dexamethasone + tropisetron,Dexamethasone + tropisetron,TEAS,CONTROL_TYPE_REVIEW_REQUIRED,PONV,Clinically important PONV,Within 48 h,Outcome-specific analyzed population,31.0,31.0,,,,,5.0,15.0,participants,Events/total,Abstract / clinically important PONV,,TEAS EA Verification/Source PDFs/covidence_431_full_article.pdf,85f0cc1e5493db16e616ba5a77950207798546aa0ed9986773bbcefac9ca1d45,Patient-reported symptom severity; sensory blinding may be imperfect,INCLUDE,EXCLUDE,Outside defined quantitative estimands; retained in full descriptive extraction.,,1,,
V33-OD-0058,Xiong 2021,Xiong_2021,XIONG21_TEAS_vs_CTRL_RESCUEAE,TEAS + dexamethasone + tropisetron,Dexamethasone + tropisetron,TEAS,CONTROL_TYPE_REVIEW_REQUIRED,Rescue antiemetic,Any rescue antiemetic medication,Within 48 h,Outcome-specific analyzed population,31.0,31.0,,,,,9.0,18.0,participants,Events/total,Abstract / rescue antiemetic result,,TEAS EA Verification/Source PDFs/covidence_431_full_article.pdf,85f0cc1e5493db16e616ba5a77950207798546aa0ed9986773bbcefac9ca1d45,Counts reconstructed exactly from group denominator 31,INCLUDE,EXCLUDE,Outside defined quantitative estimands; retained in full descriptive extraction.,,1,,
V33-OD-0059,Xiong 2021,Xiong_2021,XIONG21_TEAS_vs_CTRL_POSTOPMME,TEAS + dexamethasone + tropisetron,Dexamethasone + tropisetron,TEAS,CONTROL_TYPE_REVIEW_REQUIRED,Opioid consumption,Postoperative opioid consumption,Postoperative window unclear,Outcome-specific analyzed population,31.0,31.0,0.6,0.2,0.6,0.1,,,mg morphine-equivalent/kg,Mean/SD,Table 1 / postoperative opioid consumption,,TEAS EA Verification/Source PDFs/covidence_431_full_article.pdf,85f0cc1e5493db16e616ba5a77950207798546aa0ed9986773bbcefac9ca1d45,Exact postoperative interval is not stated; route terminology in Results is internally inconsistent,HOLD,HOLD,"Source ambiguity or unavailable required statistic: Unresolved source statistic, denominator or timepoint.",,1,,
V33-OD-0060,Xiong 2021,Xiong_2021,XIONG21_TEAS_vs_CTRL_OPIOID24,TEAS + dexamethasone + tropisetron,Dexamethasone + tropisetron,TEAS,CONTROL_TYPE_REVIEW_REQUIRED,Opioid consumption,Exact cumulative postoperative opioid dose,0-24 h,Outcome-specific analyzed population,31.0,31.0,,,,,,,mg morphine-equivalent/kg,Not reported,Exact 24-h endpoint absent,,TEAS EA Verification/Source PDFs/covidence_431_full_article.pdf,85f0cc1e5493db16e616ba5a77950207798546aa0ed9986773bbcefac9ca1d45,Published opioid-equivalent result lacks a fixed time window,NOT REPORTED,HOLD,"No directly tabulated mean/SD or event/denominator for current quantitative body; preserve original statistic, no automatic median or graph conversion.",,1,,
V33-OD-0061,Xing 2022,Xing_2022,XING22_NTG_vs_NG_REMI,TEAS + active TAPB,Sham TEAS + active TAPB,TEAS,Sham,Intraoperative opioid,Total remifentanil consumption,Intraoperative,Outcome-specific analyzed population,29.0,29.0,1182.61,253.61,1415.41,295.67,,,µg remifentanil,Mean/SD,"Table 3, p10",,TEAS EA Verification/Source PDFs/s40122-022-00429-2.pdf,ef7826ca61ea657ea56689464a863c5340af1703488c259420346131727062c3,Direct TEAS contrast is NTG vs NG; do not attribute NTG-vs-G combined package entirely to TEAS,INCLUDE,INCLUDE,Leave-out diagnostic: Zheng2025 printed SD/P internal inconsistency unresolved; not a replacement body.,;intraop_remifentanil_TEAS_sham;intraop_remifentanil_TEAS_sham_without_Zheng2025,1,,
V33-OD-0062,Xing 2022,Xing_2022,XING22_NTG_vs_NG_FLATUS,TEAS + active TAPB,Sham TEAS + active TAPB,TEAS,Sham,GI recovery,Time to first flatus,Postoperative,Outcome-specific analyzed population,29.0,29.0,32.57,6.94,36.83,6.19,,,hours,Mean/SD,Postoperative recovery results,,TEAS EA Verification/Source PDFs/s40122-022-00429-2.pdf,ef7826ca61ea657ea56689464a863c5340af1703488c259420346131727062c3,Three-arm study; use NTG vs NG for incremental TEAS effect,INCLUDE,INCLUDE,Leave-out diagnostic: Zheng2025 printed SD/P internal inconsistency unresolved; not a replacement body.,;flatus_TEAS_sham;flatus_TEAS_sham_SMD_sensitivity;flatus_TEAS_sham_without_Zheng2025,1,,
V33-OD-0063,Xing 2022,Xing_2022,XING22_NTG_vs_NG_PONV,TEAS + active TAPB,Sham TEAS + active TAPB,TEAS,Sham,PONV,PONV incidence,Postoperative,Outcome-specific analyzed population,29.0,29.0,,,,,5.0,11.0,participants,Events/total,Postoperative complications,,TEAS EA Verification/Source PDFs/s40122-022-00429-2.pdf,ef7826ca61ea657ea56689464a863c5340af1703488c259420346131727062c3,Counts reconstructed from n=29 analyzed per arm,INCLUDE,EXCLUDE,Outside defined quantitative estimands; retained in full descriptive extraction.,,1,,
V33-OD-0064,Xing 2022,Xing_2022,XING22_NTG_vs_NG_RESTVAS24,TEAS + active TAPB,Sham TEAS + active TAPB,TEAS,Sham,Pain,Rest pain VAS,24 h,Outcome-specific analyzed population,29.0,29.0,1.18,0.42,1.4,0.52,,,VAS 0-10,Mean/SD,24-h pain result,,TEAS EA Verification/Source PDFs/s40122-022-00429-2.pdf,ef7826ca61ea657ea56689464a863c5340af1703488c259420346131727062c3,"At 24 h both TAPB groups improved versus G, but incremental NTG-vs-NG difference was not reported significant",INCLUDE,INCLUDE,Source construct/window/contrast reviewed; direct data admitted.,;pain24_rest_TEAS_sham,1,,
V33-OD-0065,Xing 2022,Xing_2022,XING22_NTG_vs_NG_PRESS,TEAS + active TAPB,Sham TEAS + active TAPB,TEAS,Sham,Opioid demand,PCIA pump press count,48-h / 2-day PCIA period,Outcome-specific analyzed population,29.0,29.0,6.55,3.19,9.97,3.8,,,presses,Mean/SD,Table 3 / PCIA press count,,TEAS EA Verification/Source PDFs/s40122-022-00429-2.pdf,ef7826ca61ea657ea56689464a863c5340af1703488c259420346131727062c3,Press attempts may not equal successful delivered boluses; do not multiply by 1 µg,INCLUDE,EXCLUDE,Outside defined quantitative estimands; retained in full descriptive extraction.,,1,,
V33-OD-0066,Xing 2022,Xing_2022,XING22_NTG_vs_NG_OPIOID24,TEAS + active TAPB,Sham TEAS + active TAPB,TEAS,Sham,Opioid consumption,Exact cumulative postoperative sufentanil delivered,0-24 h,Outcome-specific analyzed population,29.0,29.0,,,,,,,µg sufentanil,Not reported,Exact 24-h endpoint absent,,TEAS EA Verification/Source PDFs/s40122-022-00429-2.pdf,ef7826ca61ea657ea56689464a863c5340af1703488c259420346131727062c3,PCIA wording is internally contradictory and only press counts are reported,NOT REPORTED,HOLD,"No directly tabulated mean/SD or event/denominator for current quantitative body; preserve original statistic, no automatic median or graph conversion.",,1,,
V33-OD-0067,Xie 2014,Xie_2014,XIE14_EAS_vs_SHAM_TOTALSUF,Active EAS PC4/PC6,Sham needling PC4/PC6,EA,Sham,Opioid consumption,Total postoperative/perioperative sufentanil,Study PCA period; exact fixed window unclear,Outcome-specific analyzed population,20.0,20.0,115.0,6.0,133.0,7.0,,,µg sufentanil,Mean/SD,Table 2 / total sufentanil,,TEAS EA Verification/Source PDFs/covidence_701_full_article.pdf,266dbdedc8cd25d5a1062363b7ead083bd8d7f939052db59b24463cdf7f795a3,Infusion described through POD3; Discussion mentions lower use through 48 h; Table 2 does not define fixed window,HOLD,HOLD,"Source ambiguity or unavailable required statistic: Unresolved source statistic, denominator or timepoint.",,1,,
V33-OD-0068,Xie 2014,Xie_2014,XIE14_EAS_vs_CONTROL_TOTALSUF,Active EAS PC4/PC6,General-anesthesia control,EA,CONTROL_TYPE_REVIEW_REQUIRED,Opioid consumption,Total postoperative/perioperative sufentanil,Study PCA period; exact fixed window unclear,Outcome-specific analyzed population,20.0,20.0,115.0,6.0,134.0,5.9,,,µg sufentanil,Mean/SD,Table 2 / total sufentanil,,TEAS EA Verification/Source PDFs/covidence_701_full_article.pdf,266dbdedc8cd25d5a1062363b7ead083bd8d7f939052db59b24463cdf7f795a3,Three-arm shared-intervention structure; exact fixed observation window not established,HOLD,HOLD,"Source ambiguity or unavailable required statistic: Unresolved source statistic, denominator or timepoint.",,1,,
V33-OD-0069,Xie 2014,Xie_2014,XIE14_EAS_vs_SHAM_PCADEMAND,Active EAS PC4/PC6,Sham needling PC4/PC6,EA,Sham,Opioid demand,Patient-controlled analgesia demand count,Study PCA period,Outcome-specific analyzed population,20.0,20.0,16.0,3.0,43.0,3.0,,,demands,Mean/SD,Table 2 / patient demand,,TEAS EA Verification/Source PDFs/covidence_701_full_article.pdf,266dbdedc8cd25d5a1062363b7ead083bd8d7f939052db59b24463cdf7f795a3,Demand count should not be converted into delivered sufentanil without confirmation,INCLUDE,EXCLUDE,Outside defined quantitative estimands; retained in full descriptive extraction.,,1,,
V33-OD-0070,Xie 2014,Xie_2014,XIE14_EAS_vs_SHAM_OPIOID24,Active EAS PC4/PC6,Sham needling PC4/PC6,EA,Sham,Opioid consumption,Exact cumulative postoperative sufentanil,0-24 h,Outcome-specific analyzed population,20.0,20.0,,,,,,,µg sufentanil,Not reported,Exact 24-h endpoint absent,,TEAS EA Verification/Source PDFs/covidence_701_full_article.pdf,266dbdedc8cd25d5a1062363b7ead083bd8d7f939052db59b24463cdf7f795a3,Directly reported total cannot be assigned to a fixed 24-h window,NOT REPORTED,HOLD,"No directly tabulated mean/SD or event/denominator for current quantitative body; preserve original statistic, no automatic median or graph conversion.",,1,,
V33-OD-0071,Wu 2022,Wu_2022,WU22_PTEAS_vs_CTRL_PAINPOD1,Perioperative pTEAS,No-current control,TEAS,Sham,Pain,VAS pain intensity,POD1,Outcome-specific analyzed population,44.0,40.0,1.77,0.91,2.25,0.71,,,VAS 0-10,Mean/SD,Table 3 / POD1 pain,,TEAS EA Verification/Source PDFs/s12871-022-01875-3.pdf,bb3c8a4aedbf656c306082e2b889c37c04af8d614fb8e8f23b3d6da85e33d3aa,Asymmetric post-randomization exclusions: 1/45 pTEAS vs 5/45 control; participant sensory blinding not convincing,INCLUDE,SENSITIVITY,Rest/movement not established. Never use this mixed-setting body to assert registered pain co-outcome criterion.,;pain24_unclassified_TEAS_sham,1,,
V33-OD-0072,Wu 2022,Wu_2022,WU22_PTEAS_vs_CTRL_REMI,Perioperative pTEAS,No-current control,TEAS,Sham,Intraoperative opioid,Cumulative remifentanil,Intraoperative,Outcome-specific analyzed population,44.0,40.0,1383.0,494.0,1637.0,630.0,,,µg remifentanil,Mean/SD,Table 2 / cumulative remifentanil,,TEAS EA Verification/Source PDFs/s12871-022-01875-3.pdf,bb3c8a4aedbf656c306082e2b889c37c04af8d614fb8e8f23b3d6da85e33d3aa,Complete-case analysis with asymmetric attrition,INCLUDE,INCLUDE,Leave-out diagnostic: Zheng2025 printed SD/P internal inconsistency unresolved; not a replacement body.,;intraop_remifentanil_TEAS_sham;intraop_remifentanil_TEAS_sham_without_Zheng2025,1,,
V33-OD-0073,Wu 2022,Wu_2022,WU22_PTEAS_vs_CTRL_REMIINDEX,Perioperative pTEAS,No-current control,TEAS,Sham,Intraoperative opioid,Remifentanil dose index,Intraoperative,Outcome-specific analyzed population,44.0,40.0,0.084,0.018,0.114,0.09,,,µg/min/kg,Mean/SD,Table 2 / remifentanil index,,TEAS EA Verification/Source PDFs/s12871-022-01875-3.pdf,bb3c8a4aedbf656c306082e2b889c37c04af8d614fb8e8f23b3d6da85e33d3aa,Preserve source units as reported,INCLUDE,EXCLUDE,Outside defined quantitative estimands; retained in full descriptive extraction.,,1,,
V33-OD-0074,Wu 2022,Wu_2022,WU22_PTEAS_vs_CTRL_OPIOID24,Perioperative pTEAS,No-current control,TEAS,Sham,Opioid consumption,Exact cumulative postoperative opioid consumption,0-24 h,Outcome-specific analyzed population,44.0,40.0,,,,,,,mg/µg,Not reported,Postoperative analgesia section,,TEAS EA Verification/Source PDFs/s12871-022-01875-3.pdf,bb3c8a4aedbf656c306082e2b889c37c04af8d614fb8e8f23b3d6da85e33d3aa,"Standard end-of-surgery tramadol/fentanyl are reported, but no randomized group-specific 0-24-h opioid total is provided",NOT REPORTED,HOLD,"No directly tabulated mean/SD or event/denominator for current quantitative body; preserve original statistic, no automatic median or graph conversion.",,1,,
V33-OD-0075,Wu 2025,Wu_2025,WU25_TEAS_vs_SHAM_VAS24,PACU TEAS,Sham/no current,TEAS,Sham,Pain,VAS pain intensity,24 h,Outcome-specific analyzed population,50.0,50.0,1.7,0.9,4.0,1.4,,,VAS 0-10,Mean/SD,Table 2 / primary 24-h VAS,,TEAS EA Verification/Source PDFs/103940.pdf,2fc3db1859c4af6dc85f9a357a2468eb54b002d2c7f87658c9113c207a8beb53,"Three patients could not be contacted at 24 h, yet all 100 were included in ITT; imputation/handling method is not explained",INCLUDE,SENSITIVITY,Rest/movement not established. Never use this mixed-setting body to assert registered pain co-outcome criterion.,;pain24_unclassified_TEAS_sham,1,,
V33-OD-0076,Wu 2025,Wu_2025,WU25_TEAS_vs_SHAM_MODPAIN12,PACU TEAS,Sham/no current,TEAS,Sham,Pain,Moderate-to-severe pain (VAS >4),Within 12 h,Outcome-specific analyzed population,50.0,50.0,,,,,6.0,37.0,participants,Events/total,Moderate-to-severe pain outcome,,TEAS EA Verification/Source PDFs/103940.pdf,2fc3db1859c4af6dc85f9a357a2468eb54b002d2c7f87658c9113c207a8beb53,Very large subjective effect; interpret with incomplete sensory blinding,INCLUDE,EXCLUDE,Outside defined quantitative estimands; retained in full descriptive extraction.,,1,,
V33-OD-0077,Wu 2025,Wu_2025,WU25_TEAS_vs_SHAM_INTRAOPSUF,PACU TEAS,Sham/no current,TEAS,Sham,Intraoperative opioid,Sufentanil consumption,Intraoperative,Outcome-specific analyzed population,50.0,50.0,24.2,9.5,24.3,10.9,,,µg sufentanil,Mean/SD,Table 1 / sufentanil,,TEAS EA Verification/Source PDFs/103940.pdf,2fc3db1859c4af6dc85f9a357a2468eb54b002d2c7f87658c9113c207a8beb53,No intraoperative opioid-sparing effect,EXCLUDE,EXCLUDE,Outside defined quantitative estimands; retained in full descriptive extraction.,,1,,
V33-OD-0078,Wu 2025,Wu_2025,WU25_TEAS_vs_SHAM_INTRAOPREMI,PACU TEAS,Sham/no current,TEAS,Sham,Intraoperative opioid,Remifentanil consumption,Intraoperative,Outcome-specific analyzed population,50.0,50.0,489.4,226.0,533.8,263.6,,,µg remifentanil,Mean/SD,Table 1 / remifentanil,,TEAS EA Verification/Source PDFs/103940.pdf,2fc3db1859c4af6dc85f9a357a2468eb54b002d2c7f87658c9113c207a8beb53,No significant intraoperative opioid-sparing effect,EXCLUDE,INCLUDE,Leave-out diagnostic: Zheng2025 printed SD/P internal inconsistency unresolved; not a replacement body.,;intraop_remifentanil_TEAS_sham;intraop_remifentanil_TEAS_sham_without_Zheng2025,1,,
V33-OD-0079,Wu 2025,Wu_2025,WU25_TEAS_vs_SHAM_OPIOID24,PACU TEAS,Sham/no current,TEAS,Sham,Opioid consumption,Exact postoperative opioid/MME consumption,0-24 h,Outcome-specific analyzed population,50.0,50.0,,,,,,,MME,Not calculable,Postoperative rescue-analgesia section,,TEAS EA Verification/Source PDFs/103940.pdf,2fc3db1859c4af6dc85f9a357a2468eb54b002d2c7f87658c9113c207a8beb53,Oxycodone/acetaminophen rescue strength is not reported; rescue regimen is mixed opioid/non-opioid,HOLD,HOLD,Source ambiguity or unavailable required statistic: Nonstandard or incomplete statistic; no inferred quantities.,,1,,
V33-OD-0080,Wang 2023,Wang_2023,WANG23_TEAS_vs_SHAM_SLEEPD1,Nighttime TEAS,Sham/no current,TEAS,Sham,Sleep quality,PSQI and AIS postoperative sleep quality,POD1,Outcome-specific analyzed population,40.0,43.0,,,,,,,PSQI/AIS points,Graph-only continuous data,"Figure 3, p8",,TEAS EA Verification/Source PDFs/s40122-023-00493-2.pdf,9eae987a3d59d97843498faa079d7eac7ae430cae80d2971d356bb988714bd6c,Exact POD1 means/SDs are figure-only; do not use fabricated exact AIS/PSQI values,GRAPH ONLY,HOLD,"No directly tabulated mean/SD or event/denominator for current quantitative body; preserve original statistic, no automatic median or graph conversion.",,1,,
V33-OD-0081,Wang 2023,Wang_2023,WANG23_TEAS_vs_SHAM_RESCUEDOSE,Nighttime TEAS,Sham/no current,TEAS,Sham,Rescue analgesia,Cumulative number of additional rescue-analgesia doses,0-72 h,Outcome-specific analyzed population,40.0,43.0,0.53,0.55,0.98,0.96,,,rescue doses,Mean/SD,Table 2 / rescue analgesia,,TEAS EA Verification/Source PDFs/s40122-023-00493-2.pdf,9eae987a3d59d97843498faa079d7eac7ae430cae80d2971d356bb988714bd6c,"Rescue drug, dose, route and opioid/non-opioid identity are not specified in the main article",INCLUDE,EXCLUDE,Outside defined quantitative estimands; retained in full descriptive extraction.,,1,,
V33-OD-0082,Wang 2023,Wang_2023,WANG23_TEAS_vs_SHAM_FLATUS,Nighttime TEAS,Sham/no current,TEAS,Sham,GI recovery,Time to first flatus,Postoperative,Outcome-specific analyzed population,40.0,43.0,54.57,16.62,60.7,19.1,,,hours,Mean/SD,Table 1 / postoperative first flatus,,TEAS EA Verification/Source PDFs/s40122-023-00493-2.pdf,9eae987a3d59d97843498faa079d7eac7ae430cae80d2971d356bb988714bd6c,5/88 randomized participants excluded for protocol breaches; no full ITT,INCLUDE,INCLUDE,Leave-out diagnostic: Zheng2025 printed SD/P internal inconsistency unresolved; not a replacement body.,;flatus_TEAS_sham;flatus_TEAS_sham_SMD_sensitivity;flatus_TEAS_sham_without_Zheng2025,1,,
V33-OD-0083,Wang 2023,Wang_2023,WANG23_TEAS_vs_SHAM_PAIN24,Nighttime TEAS,Sham/no current,TEAS,Sham,Pain,Activity pain VAS,24 h,Outcome-specific analyzed population,40.0,43.0,,,,,,,VAS 0-10,Graph-only mean/SD,"Figure 4, p8",,TEAS EA Verification/Source PDFs/s40122-023-00493-2.pdf,9eae987a3d59d97843498faa079d7eac7ae430cae80d2971d356bb988714bd6c,Exact 24-h activity VAS values are only shown graphically; stored derivative exact values were fabricated,GRAPH ONLY,HOLD,"No directly tabulated mean/SD or event/denominator for current quantitative body; preserve original statistic, no automatic median or graph conversion.",,1,,
V33-OD-0084,Wang 2023,Wang_2023,WANG23_TEAS_vs_SHAM_OPIOID24,Nighttime TEAS,Sham/no current,TEAS,Sham,Opioid consumption,Exact cumulative postoperative opioid dose,0-24 h,Outcome-specific analyzed population,40.0,43.0,,,,,,,mg/µg,Not reported,Postoperative analgesia outcomes,,TEAS EA Verification/Source PDFs/s40122-023-00493-2.pdf,9eae987a3d59d97843498faa079d7eac7ae430cae80d2971d356bb988714bd6c,Only rescue-dose counts are reported and the rescue drug is not identified,NOT REPORTED,HOLD,"No directly tabulated mean/SD or event/denominator for current quantitative body; preserve original statistic, no automatic median or graph conversion.",,1,,
V33-OD-0085,Wang 2024,Wang_2024,WANG24_SNVP_ODT_vs_OD_PONV6_12,SNVP: ondansetron+dexamethasone+TEAS,SNVP: ondansetron+dexamethasone,TEAS,CONTROL_TYPE_REVIEW_REQUIRED,PONV,PONV incidence,6-12 h,Outcome-specific analyzed population,33.0,35.0,,,,,7.0,16.0,participants,Events/total,Table 3 / SNVP randomized contrast,,TEAS EA Verification/Source PDFs/covidence_212_full_article.pdf,0d6dfc8648e5411a59cb9c8c9af42519fedd58975fe97916b08b61fde82f946e,Do not pool across SNVP/MNVP as if strata were randomized; 2 ODT patients excluded after randomization due postoperative fever,INCLUDE,EXCLUDE,Outside defined quantitative estimands; retained in full descriptive extraction.,,1,,
V33-OD-0086,Wang 2024,Wang_2024,WANG24_SNVP_ODT_vs_OD_PONV12_24,SNVP: ondansetron+dexamethasone+TEAS,SNVP: ondansetron+dexamethasone,TEAS,CONTROL_TYPE_REVIEW_REQUIRED,PONV,PONV incidence,12-24 h,Outcome-specific analyzed population,33.0,35.0,,,,,2.0,11.0,participants,Events/total,Table 3 / SNVP randomized contrast,,TEAS EA Verification/Source PDFs/covidence_212_full_article.pdf,0d6dfc8648e5411a59cb9c8c9af42519fedd58975fe97916b08b61fde82f946e,Two post-randomization ODT exclusions; marked surgical-procedure imbalance (radical mastectomy + axillary dissection 36.4% vs 71.4%),INCLUDE,EXCLUDE,Outside defined quantitative estimands; retained in full descriptive extraction.,,1,,
V33-OD-0087,Wang 2024,Wang_2024,WANG24_SNVP_ODT_vs_OD_TOTALPONV,SNVP: ondansetron+dexamethasone+TEAS,SNVP: ondansetron+dexamethasone,TEAS,CONTROL_TYPE_REVIEW_REQUIRED,PONV,Any PONV over reported follow-up,0-36 h,Outcome-specific analyzed population,33.0,35.0,,,,,14.0,20.0,participants,Events/total,Table 3 / total PONV,,TEAS EA Verification/Source PDFs/covidence_212_full_article.pdf,0d6dfc8648e5411a59cb9c8c9af42519fedd58975fe97916b08b61fde82f946e,No significant overall treatment effect despite time-specific benefits,INCLUDE,EXCLUDE,Outside defined quantitative estimands; retained in full descriptive extraction.,,1,,
V33-OD-0088,Wang 2024,Wang_2024,WANG24_MNVP_ODT_vs_OD_PONV0_2,MNVP: ondansetron+dexamethasone+TEAS,MNVP: ondansetron+dexamethasone,TEAS,CONTROL_TYPE_REVIEW_REQUIRED,PONV,PONV incidence,0-2 h,Outcome-specific analyzed population,35.0,35.0,,,,,2.0,9.0,participants,Events/total,Table 3 / MNVP randomized contrast,,TEAS EA Verification/Source PDFs/covidence_212_full_article.pdf,0d6dfc8648e5411a59cb9c8c9af42519fedd58975fe97916b08b61fde82f946e,Keep separate from SNVP; MNVP-ODT had more segmental mastectomy + axillary dissection (20.0% vs 2.9%),INCLUDE,EXCLUDE,Outside defined quantitative estimands; retained in full descriptive extraction.,,1,,
V33-OD-0089,Wang 2024,Wang_2024,WANG24_MNVP_ODT_vs_OD_PONV2_6,MNVP: ondansetron+dexamethasone+TEAS,MNVP: ondansetron+dexamethasone,TEAS,CONTROL_TYPE_REVIEW_REQUIRED,PONV,PONV incidence,2-6 h,Outcome-specific analyzed population,35.0,35.0,,,,,2.0,8.0,participants,Events/total,Table 3 / MNVP randomized contrast,,TEAS EA Verification/Source PDFs/covidence_212_full_article.pdf,0d6dfc8648e5411a59cb9c8c9af42519fedd58975fe97916b08b61fde82f946e,Keep separate from SNVP risk stratum,INCLUDE,EXCLUDE,Outside defined quantitative estimands; retained in full descriptive extraction.,,1,,
V33-OD-0090,Wang 2024,Wang_2024,WANG24_MNVP_ODT_vs_OD_TOTALPONV,MNVP: ondansetron+dexamethasone+TEAS,MNVP: ondansetron+dexamethasone,TEAS,CONTROL_TYPE_REVIEW_REQUIRED,PONV,Any PONV over reported follow-up,0-36 h,Outcome-specific analyzed population,35.0,35.0,,,,,5.0,10.0,participants,Events/total,Table 3 / total PONV,,TEAS EA Verification/Source PDFs/covidence_212_full_article.pdf,0d6dfc8648e5411a59cb9c8c9af42519fedd58975fe97916b08b61fde82f946e,No significant overall treatment effect despite early time-specific benefit,INCLUDE,EXCLUDE,Outside defined quantitative estimands; retained in full descriptive extraction.,,1,,
V33-OD-0091,Wang 2024,Wang_2024,WANG24_SNVP_ODT_vs_OD_INTRAOPSUF,SNVP: ondansetron+dexamethasone+TEAS,SNVP: ondansetron+dexamethasone,TEAS,CONTROL_TYPE_REVIEW_REQUIRED,Intraoperative opioid,Total sufentanil,Intraoperative,Outcome-specific analyzed population,33.0,35.0,21.2,3.1,21.9,3.2,,,µg sufentanil,Mean/SD,Table 1 / SNVP sufentanil,,TEAS EA Verification/Source PDFs/covidence_212_full_article.pdf,0d6dfc8648e5411a59cb9c8c9af42519fedd58975fe97916b08b61fde82f946e,No intraoperative opioid-sparing effect,INCLUDE,EXCLUDE,Outside defined quantitative estimands; retained in full descriptive extraction.,,1,,
V33-OD-0092,Wang 2024,Wang_2024,WANG24_MNVP_ODT_vs_OD_INTRAOPSUF,MNVP: ondansetron+dexamethasone+TEAS,MNVP: ondansetron+dexamethasone,TEAS,CONTROL_TYPE_REVIEW_REQUIRED,Intraoperative opioid,Total sufentanil,Intraoperative,Outcome-specific analyzed population,35.0,35.0,21.0,3.4,20.9,3.1,,,µg sufentanil,Mean/SD,Table 1 / MNVP sufentanil,,TEAS EA Verification/Source PDFs/covidence_212_full_article.pdf,0d6dfc8648e5411a59cb9c8c9af42519fedd58975fe97916b08b61fde82f946e,No intraoperative opioid-sparing effect,INCLUDE,EXCLUDE,Outside defined quantitative estimands; retained in full descriptive extraction.,,1,,
V33-OD-0093,Wang 2024,Wang_2024,WANG24_POSTOP_OPIOID24,TEAS within risk strata,OD within risk strata,TEAS,CONTROL_TYPE_REVIEW_REQUIRED,Opioid consumption,Postoperative opioid consumption,0-24 h,Outcome-specific analyzed population,,,,,,,,,mg/µg,Not reported,Postoperative analgesia section,,TEAS EA Verification/Source PDFs/covidence_212_full_article.pdf,0d6dfc8648e5411a59cb9c8c9af42519fedd58975fe97916b08b61fde82f946e,Postoperative rescue analgesia was non-opioid flurbiprofen; no postoperative opioid-consumption endpoint,NOT REPORTED,HOLD,"No directly tabulated mean/SD or event/denominator for current quantitative body; preserve original statistic, no automatic median or graph conversion.",,1,,
V33-OD-0094,Tu 2024,Tu_2024,TU24_TEAS_vs_SHAM_VOMIT2_6,Postoperative TEAS,Sham/no current,TEAS,Sham,PONV,Vomiting incidence,2-6 h,Outcome-specific analyzed population,57.0,58.0,,,,,8.0,17.0,participants,Events/total,Table 3 / vomiting 2-6 h,,TEAS EA Verification/Source PDFs/study_244_Tu_2023.pdf,1824c6c671f079873a5d612106952736a050d5201fa906089b59943bfb9dcd61,"Five post-randomization exclusions include one sham participant excluded specifically for vomiting caused by intracranial hypertension | V34: Table 3/abstract P=0.047; Results prose P=0.47; retain table P, preserve both.",INCLUDE,EXCLUDE,Outside defined quantitative estimands; retained in full descriptive extraction.,,1,,
V33-OD-0095,Tu 2024,Tu_2024,TU24_TEAS_vs_SHAM_VOMIT6_24,Postoperative TEAS,Sham/no current,TEAS,Sham,PONV,Vomiting incidence,6-24 h,Outcome-specific analyzed population,57.0,58.0,,,,,11.0,15.0,participants,Events/total,Table 3 / vomiting 6-24 h,,TEAS EA Verification/Source PDFs/study_244_Tu_2023.pdf,1824c6c671f079873a5d612106952736a050d5201fa906089b59943bfb9dcd61,Same post-randomization exclusion concern,INCLUDE,EXCLUDE,Outside defined quantitative estimands; retained in full descriptive extraction.,,1,,
V33-OD-0096,Tu 2024,Tu_2024,TU24_TEAS_vs_SHAM_PAIN6_24,Postoperative TEAS,Sham/no current,TEAS,Sham,Pain,VAS pain intensity,6-24 h,Outcome-specific analyzed population,57.0,58.0,,,,,,,VAS 0-10,Median/IQR,Pain outcome 6-24 h,,TEAS EA Verification/Source PDFs/study_244_Tu_2023.pdf,1824c6c671f079873a5d612106952736a050d5201fa906089b59943bfb9dcd61,Subjective outcome; sensory difference between active de qi and no-current sham may affect participant masking,NARRATIVE ONLY,HOLD,"No directly tabulated mean/SD or event/denominator for current quantitative body; preserve original statistic, no automatic median or graph conversion.",,1,,
V33-OD-0097,Tu 2024,Tu_2024,TU24_TEAS_vs_SHAM_TRAMADOL,Postoperative TEAS,Sham/no current,TEAS,Sham,Rescue opioid use,Any rescue tramadol use,6–24 h,Outcome-specific analyzed population,57.0,58.0,,,,,3.0,6.0,participants,Events/total,"Table 4 / rescue tramadol, 6–24 h",,TEAS EA Verification/Source PDFs/study_244_Tu_2023.pdf,1824c6c671f079873a5d612106952736a050d5201fa906089b59943bfb9dcd61,Tramadol was 10 mg IM for VAS >6; number of doses/cumulative tramadol per patient is not reported,INCLUDE,EXCLUDE,Outside defined quantitative estimands; retained in full descriptive extraction.,,1,,
V33-OD-0098,Tu 2024,Tu_2024,TU24_TEAS_vs_SHAM_OPIOID24,Postoperative TEAS,Sham/no current,TEAS,Sham,Opioid consumption,Cumulative rescue tramadol consumption,0-24 h,Outcome-specific analyzed population,57.0,58.0,,,,,,,mg tramadol,Not reported,Rescue analgesia section,,TEAS EA Verification/Source PDFs/study_244_Tu_2023.pdf,1824c6c671f079873a5d612106952736a050d5201fa906089b59943bfb9dcd61,Only number of patients receiving rescue tramadol is reported; cumulative dose is unavailable,NOT REPORTED,HOLD,"No directly tabulated mean/SD or event/denominator for current quantitative body; preserve original statistic, no automatic median or graph conversion.",,1,,
V33-OD-0099,Sun 2017,Sun_2017,SUN17_TSS_vs_SSS_ACTIVITY24,Preoperative true TEAS only,All-period sham TEAS (SSS),TEAS,Sham,Pain,Activity-evoked VAS,24 h,Outcome-specific analyzed population,91.0,90.0,,,,,,,VAS 0-10,Median/IQR,"Primary activity-pain outcome, 24 h",,TEAS EA Verification/Source PDFs/sun2017-2.pdf,08bff012301811eee2caa149fca626ae6787f61dcee2951fce77830ac7b5de44,"Four-arm timing trial; sham received 5 min perceptible low-current stimulation, not electrically inert",NARRATIVE ONLY,HOLD,"No directly tabulated mean/SD or event/denominator for current quantitative body; preserve original statistic, no automatic median or graph conversion.",,1,,
V33-OD-0100,Sun 2017,Sun_2017,SUN17_TTS_vs_SSS_ACTIVITY24,Preoperative + intraoperative true TEAS,All-period sham TEAS (SSS),TEAS,Sham,Pain,Activity-evoked VAS,24 h,Outcome-specific analyzed population,91.0,90.0,,,,,,,VAS 0-10,Median/IQR,"Primary activity-pain outcome, 24 h",,TEAS EA Verification/Source PDFs/sun2017-2.pdf,08bff012301811eee2caa149fca626ae6787f61dcee2951fce77830ac7b5de44,"Four-arm timing trial; sham received 5 min perceptible low-current stimulation, not electrically inert",NARRATIVE ONLY,HOLD,"No directly tabulated mean/SD or event/denominator for current quantitative body; preserve original statistic, no automatic median or graph conversion.",,1,,
V33-OD-0101,Sun 2017,Sun_2017,SUN17_TST_vs_SSS_ACTIVITY24,Preoperative + postoperative true TEAS,All-period sham TEAS (SSS),TEAS,Sham,Pain,Activity-evoked VAS,24 h,Outcome-specific analyzed population,89.0,90.0,,,,,,,VAS 0-10,Median/IQR,"Primary activity-pain outcome, 24 h",,TEAS EA Verification/Source PDFs/sun2017-2.pdf,08bff012301811eee2caa149fca626ae6787f61dcee2951fce77830ac7b5de44,"Four-arm timing trial; sham received 5 min perceptible low-current stimulation, not electrically inert",NARRATIVE ONLY,HOLD,"No directly tabulated mean/SD or event/denominator for current quantitative body; preserve original statistic, no automatic median or graph conversion.",,1,,
V33-OD-0102,Sun 2017,Sun_2017,SUN17_TSS_vs_SSS_NSAID48,Preoperative true TEAS only,All-period sham TEAS (SSS),TEAS,Sham,Rescue analgesia,Supplemental flurbiprofen axetil requirement,Within 48 h,Outcome-specific analyzed population,91.0,90.0,,,,,,,11.0% intervention vs 23.3% SSS,Published percentage,Table 2 / supplemental analgesic requirement,,TEAS EA Verification/Source PDFs/sun2017-2.pdf,08bff012301811eee2caa149fca626ae6787f61dcee2951fce77830ac7b5de44,Do not convert printed percentages to exact event counts without confirmation,NARRATIVE ONLY,EXCLUDE,Outside defined quantitative estimands; retained in full descriptive extraction.,,1,,
V33-OD-0103,Sun 2017,Sun_2017,SUN17_TTS_vs_SSS_NSAID48,Preoperative + intraoperative true TEAS,All-period sham TEAS (SSS),TEAS,Sham,Rescue analgesia,Supplemental flurbiprofen axetil requirement,Within 48 h,Outcome-specific analyzed population,91.0,90.0,,,,,,,15.4% intervention vs 23.3% SSS,Published percentage,Table 2 / supplemental analgesic requirement,,TEAS EA Verification/Source PDFs/sun2017-2.pdf,08bff012301811eee2caa149fca626ae6787f61dcee2951fce77830ac7b5de44,Do not convert printed percentages to exact event counts without confirmation,NARRATIVE ONLY,EXCLUDE,Outside defined quantitative estimands; retained in full descriptive extraction.,,1,,
V33-OD-0104,Sun 2017,Sun_2017,SUN17_TST_vs_SSS_NSAID48,Preoperative + postoperative true TEAS,All-period sham TEAS (SSS),TEAS,Sham,Rescue analgesia,Supplemental flurbiprofen axetil requirement,Within 48 h,Outcome-specific analyzed population,89.0,90.0,,,,,,,7.9% intervention vs 23.3% SSS,Published percentage,Table 2 / supplemental analgesic requirement,,TEAS EA Verification/Source PDFs/sun2017-2.pdf,08bff012301811eee2caa149fca626ae6787f61dcee2951fce77830ac7b5de44,Do not convert printed percentages to exact event counts without confirmation,NARRATIVE ONLY,EXCLUDE,Outside defined quantitative estimands; retained in full descriptive extraction.,,1,,
V33-OD-0105,Sun 2017,Sun_2017,SUN17_INTRAOP_MORPH_EQUIV,Pre/intraoperative TEAS timing arms,All-period sham TEAS,TEAS,Sham,Intraoperative opioid,Author-defined intraoperative morphine-equivalent exposure,Intraoperative,Outcome-specific analyzed population,91.0,90.0,,,,,,,mg/kg morphine-equivalent,Study-defined converted metric,Table 2 / intraoperative anesthetic consumption,,TEAS EA Verification/Source PDFs/sun2017-2.pdf,08bff012301811eee2caa149fca626ae6787f61dcee2951fce77830ac7b5de44,Values ~1.5-1.6 mg/kg across all four groups; study-specific conversion of sufentanil/remifentanil | V34: Historical aggregate placeholder superseded for active analysis by three audit arm-specific converted-metric rows; no double counting. Author-defined intraoperative metric is not review postoperative MME.,EXCLUDE,EXCLUDE,Outside defined quantitative estimands; retained in full descriptive extraction.,,1,,
V33-OD-0106,Sun 2017,Sun_2017,SUN17_POSTOP_OPIOID24,True TEAS timing arms,All-period sham TEAS,TEAS,Sham,Opioid consumption,Postoperative opioid consumption,0-24 h,Outcome-specific analyzed population,,,,,,,,,mg/µg,Not applicable / not reported,Postoperative analgesia protocol,,TEAS EA Verification/Source PDFs/sun2017-2.pdf,08bff012301811eee2caa149fca626ae6787f61dcee2951fce77830ac7b5de44,"Postoperative rescue analgesia was flurbiprofen axetil (NSAID), not an opioid",NOT REPORTED,HOLD,"No directly tabulated mean/SD or event/denominator for current quantitative body; preserve original statistic, no automatic median or graph conversion.",,1,,
V33-OD-0107,Sim 2002,Sim_2002,SIM02_PREOP_vs_PLACEBO_MORPH24,Preoperative EA,Placebo EA,EA,Sham,Opioid consumption,Cumulative postoperative IV PCA morphine,0-24 h,Outcome-specific analyzed population,30.0,30.0,0.52,0.19,0.68,0.38,,,mg/kg morphine,Mean/SD,Figure 4 / cumulative 24-h morphine,,TEAS EA Verification/Source PDFs/covidence_952_full_article.pdf,1cf418faabb4104db030b3f0b0196783cd6198d2ff5ed51c539c88ca51e6bd8a,Do not convert mg/kg to absolute mg using group mean body weight; aggregate means cannot reconstruct individual absolute dose,INCLUDE,SENSITIVITY,Source construct/window/contrast reviewed; direct data admitted.,;opioid24_EA_sham_weight_normalized,1,,
V33-OD-0108,Sim 2002,Sim_2002,SIM02_POSTOP_vs_PLACEBO_MORPH24,Postoperative EA,Placebo EA,EA,Sham,Opioid consumption,Cumulative postoperative IV PCA morphine,0-24 h,Outcome-specific analyzed population,30.0,30.0,0.58,0.27,0.68,0.38,,,mg/kg morphine,Mean/SD,Figure 4 / cumulative 24-h morphine,,TEAS EA Verification/Source PDFs/covidence_952_full_article.pdf,1cf418faabb4104db030b3f0b0196783cd6198d2ff5ed51c539c88ca51e6bd8a,Postoperative EA is a distinct randomized timing arm and must not be merged with preoperative EA,INCLUDE,SENSITIVITY,Source construct/window/contrast reviewed; direct data admitted.,;opioid24_EA_sham_weight_normalized,1,,
V33-OD-0109,Sim 2002,Sim_2002,SIM02_PREOP_vs_PLACEBO_MORPH6_12,Preoperative EA,Placebo EA,EA,Sham,Opioid consumption,Postoperative IV PCA morphine,6-12 h,Outcome-specific analyzed population,30.0,30.0,,,,,,,mg/kg morphine,Median/IQR width as printed,6-12-h morphine interval,,TEAS EA Verification/Source PDFs/covidence_952_full_article.pdf,1cf418faabb4104db030b3f0b0196783cd6198d2ff5ed51c539c88ca51e6bd8a,Source reports median (IQR) as 0.03 (0.05) vs 0.10 (0.11); IQR is reported as a single width rather than Q1/Q3,NARRATIVE ONLY,HOLD,"No directly tabulated mean/SD or event/denominator for current quantitative body; preserve original statistic, no automatic median or graph conversion.",,1,,
V33-OD-0110,Sim 2002,Sim_2002,SIM02_PREOP_vs_PLACEBO_ALFENT,Preoperative EA,Placebo EA,EA,Sham,Intraoperative opioid,Alfentanil requirement rate,Intraoperative,Outcome-specific analyzed population,30.0,30.0,0.44,0.15,0.51,0.21,,,µg/kg/min,Mean/SD,Figure 2 / alfentanil requirement,,TEAS EA Verification/Source PDFs/covidence_952_full_article.pdf,1cf418faabb4104db030b3f0b0196783cd6198d2ff5ed51c539c88ca51e6bd8a,No significant placebo-controlled intraoperative opioid-sparing effect,INCLUDE,EXCLUDE,Outside defined quantitative estimands; retained in full descriptive extraction.,,1,,
V33-OD-0111,Ntritsou 2014,Ntritsou_2014,NTRI14_EA_vs_SHAM_TRAMSUM,Perioperative EA + tramadol/ketamine,Sham + tramadol/ketamine,EA,Sham,Opioid consumption,Total tramadol exposure,Perioperative / first 24 h most consistent with protocol; table does not restate window,Outcome-specific analyzed population,35.0,35.0,443.7,67.4,461.5,63.2,,,mg tramadol,Mean/SD,Table 1 / tramadol sum,,TEAS EA Verification/Source PDFs/covidence_729_full_article.pdf,f75d422117f1c9468f6bfaf215e0c43c38fd842380657e42e1508b6a9aa13242,Includes scheduled/background tramadol and likely rescue tramadol; rescue morphine quantity not reported,INCLUDE,EXCLUDE,Outside defined quantitative estimands; retained in full descriptive extraction.,,1,,
V33-OD-0112,Ntritsou 2014,Ntritsou_2014,NTRI14_EA_vs_SHAM_REMI,Perioperative EA + tramadol/ketamine,Sham + tramadol/ketamine,EA,Sham,Intraoperative opioid,Remifentanil consumption,Intraoperative,Outcome-specific analyzed population,35.0,35.0,1003.6,522.7,1041.9,631.9,,,µg remifentanil,Mean/SD,Table 1 / remifentanil,,TEAS EA Verification/Source PDFs/covidence_729_full_article.pdf,f75d422117f1c9468f6bfaf215e0c43c38fd842380657e42e1508b6a9aa13242,No significant intraoperative opioid-sparing effect,INCLUDE,INCLUDE,Source construct/window/contrast reviewed; direct data admitted.,;intraop_remifentanil_EA_sham,1,,
V33-OD-0113,Ntritsou 2014,Ntritsou_2014,NTRI14_EA_vs_SHAM_RESCUE,Perioperative EA + tramadol/ketamine,Sham + tramadol/ketamine,EA,Sham,Rescue opioid use,Total rescue analgesia,First 24 h,Outcome-specific analyzed population,35.0,35.0,,,,,,,tramadol 50 mg IV then morphine 2 mg IV as needed,Qualitative / exact quantities unavailable,Rescue analgesia results,,TEAS EA Verification/Source PDFs/covidence_729_full_article.pdf,f75d422117f1c9468f6bfaf215e0c43c38fd842380657e42e1508b6a9aa13242,Main article reports significantly less total rescue analgesia but does not tabulate exact rescue tramadol/morphine quantities,HOLD,HOLD,Source ambiguity or unavailable required statistic: Nonstandard or incomplete statistic; no inferred quantities.,,1,,
V33-OD-0114,Ntritsou 2014,Ntritsou_2014,NTRI14_EA_vs_SHAM_MME24,Perioperative EA + tramadol/ketamine,Sham + tramadol/ketamine,EA,Sham,Opioid consumption,Complete 24-h opioid/MME exposure,0-24 h,Outcome-specific analyzed population,35.0,35.0,,,,,,,MME,Not calculable,Combined opioid exposure,,TEAS EA Verification/Source PDFs/covidence_729_full_article.pdf,f75d422117f1c9468f6bfaf215e0c43c38fd842380657e42e1508b6a9aa13242,Do not equate lower rescue use with significantly lower total opioid exposure,HOLD,HOLD,Source ambiguity or unavailable required statistic: Nonstandard or incomplete statistic; no inferred quantities.,,1,,
V33-OD-0115,Ng 2013,Ng_2013,NG13_EA_vs_SHAM_BOWEL,Electroacupuncture,Sham acupuncture,EA,Sham,GI recovery,Time to first bowel motion / defecation,Postoperative,Outcome-specific analyzed population,55.0,55.0,85.9,36.1,107.5,46.2,,,hours,Mean/SD,Primary outcome / first bowel motion,,TEAS EA Verification/Source PDFs/covidence_1970_ng_2013.pdf,18ce931a2b3a17e4ba1f7b4f0ddfac5274721367802ebdcdf92d027afa51c781,Allocation used sealed nonopaque envelopes; EA-vs-sham participants and outcome assessors were blinded,INCLUDE,INCLUDE,Source construct/window/contrast reviewed; direct data admitted.,;defecation_EA_sham,1,,
V33-OD-0116,Ng 2013,Ng_2013,NG13_EA_vs_NOACU_BOWEL,Electroacupuncture,No acupuncture,EA,Usual care,GI recovery,Time to first bowel motion / defecation,Postoperative,Outcome-specific analyzed population,55.0,55.0,85.9,36.1,122.1,53.5,,,hours,Mean/SD,Primary outcome / first bowel motion,,TEAS EA Verification/Source PDFs/covidence_1970_ng_2013.pdf,18ce931a2b3a17e4ba1f7b4f0ddfac5274721367802ebdcdf92d027afa51c781,No-acupuncture group could not be participant blinded,INCLUDE,INCLUDE,Source construct/window/contrast reviewed; direct data admitted.,;defecation_EA_usual,1,,
V33-OD-0117,Ng 2013,Ng_2013,NG13_EA_vs_SHAM_FLATUS,Electroacupuncture,Sham acupuncture,EA,Sham,GI recovery,Time to first flatus,Postoperative,Outcome-specific analyzed population,55.0,55.0,2.0,0.9,2.3,1.1,,,days,Mean/SD,Secondary outcome / first flatus,,TEAS EA Verification/Source PDFs/covidence_1970_ng_2013.pdf,18ce931a2b3a17e4ba1f7b4f0ddfac5274721367802ebdcdf92d027afa51c781,No statistically significant EA-vs-sham difference,INCLUDE,INCLUDE,Same construct and membership as hours MD; no selection by I² or P.,;flatus_EA_sham;flatus_EA_sham_SMD_sensitivity,1,,
V33-OD-0118,Ng 2013,Ng_2013,NG13_EA_vs_SHAM_PAINPOD1,Electroacupuncture,Sham acupuncture,EA,Sham,Pain,VAS pain intensity,POD1,Outcome-specific analyzed population,55.0,55.0,5.6,2.0,5.8,1.9,,,VAS 0-10,Mean/SD,Pain outcome / POD1,,TEAS EA Verification/Source PDFs/covidence_1970_ng_2013.pdf,18ce931a2b3a17e4ba1f7b4f0ddfac5274721367802ebdcdf92d027afa51c781,POD1 is not an exact clock-defined 24-h point,INCLUDE,SENSITIVITY,Source construct/window/contrast reviewed; direct data admitted.,;pain24_Ng_unspecified,1,,
V33-OD-0119,Ng 2013,Ng_2013,NG13_EA_vs_SHAM_PETHCOUNT,Electroacupuncture,Sham acupuncture,EA,Sham,Opioid demand,Number of postoperative pethidine injections,Postoperative; exact window NR,Outcome-specific analyzed population,55.0,55.0,2.7,2.3,5.2,4.7,,,number of injections,Mean/SD,Analgesic requirement tables,,TEAS EA Verification/Source PDFs/covidence_1970_ng_2013.pdf,18ce931a2b3a17e4ba1f7b4f0ddfac5274721367802ebdcdf92d027afa51c781,"Methods say 1 mg/kg q4h PRN, tables say 50-mg injections; exact observation window and route not clearly defined",INCLUDE,EXCLUDE,Outside defined quantitative estimands; retained in full descriptive extraction.,,1,,
V33-OD-0120,Ng 2013,Ng_2013,NG13_EA_vs_SHAM_OPIOID24,Electroacupuncture,Sham acupuncture,EA,Sham,Opioid consumption,Cumulative pethidine consumption,0-24 h,Outcome-specific analyzed population,55.0,55.0,,,,,,,mg pethidine,Not reported,Exact 24-h opioid endpoint absent,,TEAS EA Verification/Source PDFs/covidence_1970_ng_2013.pdf,18ce931a2b3a17e4ba1f7b4f0ddfac5274721367802ebdcdf92d027afa51c781,Do not multiply injection counts by 50 mg and call it a 24-h dose; source time window/dosing statement is ambiguous,NOT REPORTED,HOLD,"No directly tabulated mean/SD or event/denominator for current quantitative body; preserve original statistic, no automatic median or graph conversion.",,1,,
V33-OD-0121,Ma 2026,Ma_2026,MA26_T_vs_S_PAIN24,Group T: sleep disturbance + preop TEAS,"Group S: sleep disturbance, no TEAS",TEAS,CONTROL_TYPE_REVIEW_REQUIRED,Pain,Resting NRS pain,24 h,Outcome-specific analyzed population,17.0,16.0,,,,,,,NRS 0-10,Graph-only continuous data,Figure / 24-h postoperative NRS,,TEAS EA Verification/Source PDFs/117210.pdf,792cd9b25f49e9a14ef853c8c7e8240cee879bd9660bed9d2acc1184a832fbf3,Partially randomized trial: only T vs S is randomized. Exact 24-h means/SDs are graph-only and must not be inferred from Antigravity candidate values,GRAPH ONLY,HOLD,"No directly tabulated mean/SD or event/denominator for current quantitative body; preserve original statistic, no automatic median or graph conversion.",,1,,
V33-OD-0122,Ma 2026,Ma_2026,MA26_T_vs_S_AISPOD1,Group T: sleep disturbance + preop TEAS,"Group S: sleep disturbance, no TEAS",TEAS,CONTROL_TYPE_REVIEW_REQUIRED,Sleep quality,Athens Insomnia Scale,POD1,Outcome-specific analyzed population,17.0,16.0,,,,,,,AIS points,Graph-only continuous data,Figure 4 / POD1 AIS,,TEAS EA Verification/Source PDFs/117210.pdf,792cd9b25f49e9a14ef853c8c7e8240cee879bd9660bed9d2acc1184a832fbf3,Exact postoperative AIS means/SDs are graph-only; Group C is non-randomized and must not be used as a randomized comparator,GRAPH ONLY,HOLD,"No directly tabulated mean/SD or event/denominator for current quantitative body; preserve original statistic, no automatic median or graph conversion.",,1,,
V33-OD-0123,Ma 2026,Ma_2026,MA26_T_vs_S_NAUSEA24,Group T: sleep disturbance + preop TEAS,"Group S: sleep disturbance, no TEAS",TEAS,CONTROL_TYPE_REVIEW_REQUIRED,PONV,Nausea,24 h,Outcome-specific analyzed population,17.0,16.0,,,,,6.0,8.0,participants,Events/total,24-h PONV table,,TEAS EA Verification/Source PDFs/117210.pdf,792cd9b25f49e9a14ef853c8c7e8240cee879bd9660bed9d2acc1184a832fbf3,Overall P-value includes non-randomized Group C; do not treat it as the randomized pairwise P-value,INCLUDE,EXCLUDE,Outside defined quantitative estimands; retained in full descriptive extraction.,,1,,
V33-OD-0124,Ma 2026,Ma_2026,MA26_T_vs_S_VOMIT24,Group T: sleep disturbance + preop TEAS,"Group S: sleep disturbance, no TEAS",TEAS,CONTROL_TYPE_REVIEW_REQUIRED,PONV,Vomiting,24 h,Outcome-specific analyzed population,17.0,16.0,,,,,6.0,7.0,participants,Events/total,24-h PONV table,,TEAS EA Verification/Source PDFs/117210.pdf,792cd9b25f49e9a14ef853c8c7e8240cee879bd9660bed9d2acc1184a832fbf3,Overall P-value includes non-randomized Group C,INCLUDE,EXCLUDE,Outside defined quantitative estimands; retained in full descriptive extraction.,,1,,
V33-OD-0125,Ma 2026,Ma_2026,MA26_T_vs_S_OPIOID24,Group T: sleep disturbance + preop TEAS,"Group S: sleep disturbance, no TEAS",TEAS,CONTROL_TYPE_REVIEW_REQUIRED,Opioid consumption,Cumulative postoperative opioid consumption,0-24 h,Outcome-specific analyzed population,17.0,16.0,,,,,,,mg/µg,Not reported,Postoperative analgesia section,,TEAS EA Verification/Source PDFs/117210.pdf,792cd9b25f49e9a14ef853c8c7e8240cee879bd9660bed9d2acc1184a832fbf3,Routine postoperative analgesia was non-opioid flurbiprofen; whether any postoperative opioid was given is not reported,NOT REPORTED,HOLD,"No directly tabulated mean/SD or event/denominator for current quantitative body; preserve original statistic, no automatic median or graph conversion.",,1,,
V33-OD-0126,Lu 2021,Lu_2021,LU21_COMB_vs_SHAM_CHRONIC6M,Combined PC6+CV17 TEAS,Sham/no current,TEAS,Sham,Chronic pain,Post-mastectomy chronic pain incidence,6 months,Outcome-specific analyzed population,190.0,188.0,,,,,42.0,65.0,participants,Events/total,Table 2 / primary 6-month chronic pain,,TEAS EA Verification/Source PDFs/covidence_414_full_article.pdf,7f03819dbf9b4b292cfed8ba78be7233349e036cc4f9cb144cfa1e0db17094a7,"Printed RR/P-values conflict across abstract, Results and Table 2; raw counts 42/190 vs 65/188 are the stable source facts",INCLUDE,EXCLUDE,Outside defined quantitative estimands; retained in full descriptive extraction.,,1,,
V33-OD-0127,Lu 2021,Lu_2021,LU21_SINGLE_vs_SHAM_CHRONIC6M,Single PC6 TEAS,Sham/no current,TEAS,Sham,Chronic pain,Post-mastectomy chronic pain incidence,6 months,Outcome-specific analyzed population,198.0,188.0,,,,,72.0,65.0,participants,Events/total,Table 2 / primary 6-month chronic pain,,TEAS EA Verification/Source PDFs/covidence_414_full_article.pdf,7f03819dbf9b4b292cfed8ba78be7233349e036cc4f9cb144cfa1e0db17094a7,Table 2 gives 72/198; Results prose gives 79/196. Preserve Table 2 here and flag conflict rather than silently reconcile,INCLUDE,EXCLUDE,Outside defined quantitative estimands; retained in full descriptive extraction.,,1,,
V33-OD-0128,Lu 2021,Lu_2021,LU21_COMB_vs_SHAM_REMI,Combined PC6+CV17 TEAS,Sham/no current,TEAS,Sham,Intraoperative opioid,Total remifentanil,Intraoperative,Outcome-specific analyzed population,190.0,188.0,1.2,0.5,1.4,0.7,,,mg remifentanil,Mean/SD,Table 3 / intraoperative remifentanil,,TEAS EA Verification/Source PDFs/covidence_414_full_article.pdf,7f03819dbf9b4b292cfed8ba78be7233349e036cc4f9cb144cfa1e0db17094a7,Three-arm trial; sham is a shared comparator,INCLUDE,INCLUDE,Leave-out diagnostic: Zheng2025 printed SD/P internal inconsistency unresolved; not a replacement body.,;intraop_remifentanil_TEAS_sham;intraop_remifentanil_TEAS_sham_without_Zheng2025,1,,
V33-OD-0129,Lu 2021,Lu_2021,LU21_SINGLE_vs_SHAM_REMI,Single PC6 TEAS,Sham/no current,TEAS,Sham,Intraoperative opioid,Total remifentanil,Intraoperative,Outcome-specific analyzed population,198.0,188.0,1.3,0.6,1.4,0.7,,,mg remifentanil,Mean/SD,Table 3 / intraoperative remifentanil,,TEAS EA Verification/Source PDFs/covidence_414_full_article.pdf,7f03819dbf9b4b292cfed8ba78be7233349e036cc4f9cb144cfa1e0db17094a7,Three-arm trial; do not describe P=0.04 as multiplicity-adjusted significant,INCLUDE,INCLUDE,Leave-out diagnostic: Zheng2025 printed SD/P internal inconsistency unresolved; not a replacement body.,;intraop_remifentanil_TEAS_sham;intraop_remifentanil_TEAS_sham_without_Zheng2025,1,,
V33-OD-0130,Lu 2021,Lu_2021,LU21_COMB_vs_SHAM_PONV24,Combined PC6+CV17 TEAS,Sham/no current,TEAS,Sham,PONV,Any PONV,24 h,Outcome-specific analyzed population,190.0,188.0,,,,,35.0,68.0,participants,Events/total,24-h PONV table,,TEAS EA Verification/Source PDFs/covidence_414_full_article.pdf,7f03819dbf9b4b292cfed8ba78be7233349e036cc4f9cb144cfa1e0db17094a7,Use raw event counts; three-arm shared sham comparator,INCLUDE,INCLUDE,Includes Song non-acupoint active-current sham as permitted by broader registered sham definition; diagnostic against conservative main taxonomy.,;ponv24_TEAS_sham;ponv24_TEAS_sham_point_window_sensitivity;ponv24_TEAS_broad_sham_sensitivity,1,,
V33-OD-0131,Lu 2021,Lu_2021,LU21_SINGLE_vs_SHAM_PONV24,Single PC6 TEAS,Sham/no current,TEAS,Sham,PONV,Any PONV,24 h,Outcome-specific analyzed population,198.0,188.0,,,,,59.0,68.0,participants,Events/total,24-h PONV table,,TEAS EA Verification/Source PDFs/covidence_414_full_article.pdf,7f03819dbf9b4b292cfed8ba78be7233349e036cc4f9cb144cfa1e0db17094a7,Overall P is three-group; pairwise significance should not be inferred unless directly reported,INCLUDE,INCLUDE,Includes Song non-acupoint active-current sham as permitted by broader registered sham definition; diagnostic against conservative main taxonomy.,;ponv24_TEAS_sham;ponv24_TEAS_sham_point_window_sensitivity;ponv24_TEAS_broad_sham_sensitivity,1,,
V33-OD-0132,Lu 2021,Lu_2021,LU21_POSTOP_OPIOID24,TEAS arms,Sham/no current,TEAS,Sham,Opioid consumption,Cumulative postoperative sufentanil PCA consumption,0-24 h,Outcome-specific analyzed population,,,,,,,,,µg sufentanil,Not reported,Postoperative PCA section,,TEAS EA Verification/Source PDFs/covidence_414_full_article.pdf,7f03819dbf9b4b292cfed8ba78be7233349e036cc4f9cb144cfa1e0db17094a7,PCA opioid is sufentanil but prescription and cumulative 24-h consumption are not reported,NOT REPORTED,HOLD,"No directly tabulated mean/SD or event/denominator for current quantitative body; preserve original statistic, no automatic median or graph conversion.",,1,,
V33-OD-0133,Lu 2022,Lu_2022,LU22_TEAS_vs_CTRL_DISCHARGE,TEAS + ERAS,No-current control + ERAS,TEAS,Sham,Recovery,Time to meet discharge criteria,Postoperative,Outcome-specific analyzed population,47.0,47.0,6.0,1.8,7.0,2.4,,,days,Mean/SD,Primary outcome / time to discharge,,TEAS EA Verification/Source PDFs/getfile.php-3.pdf,83439ead7b747aa55a3be6aab468dc4350619651c2dfd0c516ffbf47d7b16f7c,Six randomized patients were excluded because they did not receive allocated intervention; open conversion is plausibly related to discharge time,INCLUDE,EXCLUDE,Outside defined quantitative estimands; retained in full descriptive extraction.,,1,,
V33-OD-0134,Lu 2022,Lu_2022,LU22_TEAS_vs_CTRL_FLATUS,TEAS + ERAS,No-current control + ERAS,TEAS,Sham,GI recovery,Time to first flatus,Postoperative,Outcome-specific analyzed population,47.0,47.0,34.5,16.7,42.4,22.9,,,hours,Mean/SD,First flatus result,,TEAS EA Verification/Source PDFs/getfile.php-3.pdf,83439ead7b747aa55a3be6aab468dc4350619651c2dfd0c516ffbf47d7b16f7c,Same 6 post-randomization exclusions apply,INCLUDE,INCLUDE,Leave-out diagnostic: Zheng2025 printed SD/P internal inconsistency unresolved; not a replacement body.,;flatus_TEAS_sham;flatus_TEAS_sham_SMD_sensitivity;flatus_TEAS_sham_without_Zheng2025,1,,
V33-OD-0135,Lu 2022,Lu_2022,LU22_TEAS_vs_CTRL_DEFEC,TEAS + ERAS,No-current control + ERAS,TEAS,Sham,GI recovery,Time to first defecation,Postoperative,Outcome-specific analyzed population,47.0,47.0,42.0,25.0,55.4,29.7,,,hours,Mean/SD,First defecation result,,TEAS EA Verification/Source PDFs/getfile.php-3.pdf,83439ead7b747aa55a3be6aab468dc4350619651c2dfd0c516ffbf47d7b16f7c,Same 6 post-randomization exclusions apply,INCLUDE,INCLUDE,Source construct/window/contrast reviewed; direct data admitted.,;defecation_TEAS_sham,1,,
V33-OD-0136,Lu 2022,Lu_2022,LU22_TEAS_vs_CTRL_PCAATTEMPT24,TEAS + ERAS,No-current control + ERAS,TEAS,Sham,Opioid demand,PCA attempts,24 h,Outcome-specific analyzed population,47.0,47.0,,,,,,,attempts,Median/IQR,PCA table / 24-h attempts,,TEAS EA Verification/Source PDFs/getfile.php-3.pdf,83439ead7b747aa55a3be6aab468dc4350619651c2dfd0c516ffbf47d7b16f7c,"PCA drug, bolus dose, concentration, basal infusion and lockout are not reported",NARRATIVE ONLY,HOLD,"No directly tabulated mean/SD or event/denominator for current quantitative body; preserve original statistic, no automatic median or graph conversion.",,1,,
V33-OD-0137,Lu 2022,Lu_2022,LU22_TEAS_vs_CTRL_PCADELIV24,TEAS + ERAS,No-current control + ERAS,TEAS,Sham,Opioid demand,Successful PCA deliveries,24 h,Outcome-specific analyzed population,47.0,47.0,,,,,,,deliveries,Median/IQR,PCA table / 24-h deliveries,,TEAS EA Verification/Source PDFs/getfile.php-3.pdf,83439ead7b747aa55a3be6aab468dc4350619651c2dfd0c516ffbf47d7b16f7c,Do not convert successful deliveries into opioid dose because the PCA prescription is absent,NARRATIVE ONLY,HOLD,"No directly tabulated mean/SD or event/denominator for current quantitative body; preserve original statistic, no automatic median or graph conversion.",,1,,
V33-OD-0138,Lu 2022,Lu_2022,LU22_TEAS_vs_CTRL_OPIOID24,TEAS + ERAS,No-current control + ERAS,TEAS,Sham,Opioid consumption,Exact cumulative PCA opioid consumption,0-24 h,Outcome-specific analyzed population,47.0,47.0,,,,,,,mg/µg,Not reported,Postoperative PCA section,,TEAS EA Verification/Source PDFs/getfile.php-3.pdf,83439ead7b747aa55a3be6aab468dc4350619651c2dfd0c516ffbf47d7b16f7c,The main article never identifies the PCA drug or dose,NOT REPORTED,HOLD,"No directly tabulated mean/SD or event/denominator for current quantitative body; preserve original statistic, no automatic median or graph conversion.",,1,,
V33-OD-0139,Luo 2026,Luo_2026,LUO26_TEAS_vs_SHAM_NAUSEA48,Intraoperative PC6 TEAS + standard antiemetics,Sham/no current + standard antiemetics,TEAS,Sham,PONV,Cumulative postoperative nausea,0-48 h,Outcome-specific analyzed population,138.0,139.0,,,,,24.0,53.0,participants,Events/total,Primary outcome / cumulative nausea,,TEAS EA Verification/Source PDFs/covidence_35_verified.pdf,c0f7a5e88ad8a000c8179382c1d55220fe9e798b9a4f8f6480f348d112898f51,Participant blinding was empirically poor: 77.5% of TEAS and 66.2% of sham participants correctly guessed allocation,INCLUDE,INCLUDE,Source construct/window/contrast reviewed; direct data admitted.,;nausea48_TEAS_sham,1,,
V33-OD-0140,Luo 2026,Luo_2026,LUO26_TEAS_vs_SHAM_VOMIT48,Intraoperative PC6 TEAS + standard antiemetics,Sham/no current + standard antiemetics,TEAS,Sham,PONV,Cumulative postoperative vomiting,0-48 h,Outcome-specific analyzed population,138.0,139.0,,,,,9.0,27.0,participants,Events/total,Primary outcome / cumulative vomiting,,TEAS EA Verification/Source PDFs/covidence_35_verified.pdf,c0f7a5e88ad8a000c8179382c1d55220fe9e798b9a4f8f6480f348d112898f51,"Vomiting is more objective than nausea, but participant masking was incomplete",INCLUDE,INCLUDE,Source construct/window/contrast reviewed; direct data admitted.,;vomiting48_TEAS_sham,1,,
V33-OD-0141,Luo 2026,Luo_2026,LUO26_TEAS_vs_SHAM_COMPLETE48,Intraoperative PC6 TEAS + standard antiemetics,Sham/no current + standard antiemetics,TEAS,Sham,PONV,Complete response: no vomiting and no rescue antiemetic,0-48 h,Outcome-specific analyzed population,138.0,139.0,,,,,112.0,83.0,participants,Events/total,Complete-response result,,TEAS EA Verification/Source PDFs/covidence_35_verified.pdf,c0f7a5e88ad8a000c8179382c1d55220fe9e798b9a4f8f6480f348d112898f51,Abstract percentage differs slightly from table-derived 112/138; use raw counts,INCLUDE,EXCLUDE,Outside defined quantitative estimands; retained in full descriptive extraction.,,1,,
V33-OD-0142,Luo 2026,Luo_2026,LUO26_TEAS_vs_SHAM_NRS24,Intraoperative PC6 TEAS + standard antiemetics,Sham/no current + standard antiemetics,TEAS,Sham,Pain,Postoperative NRS pain,24 h,Outcome-specific analyzed population,138.0,139.0,1.3,0.92,1.65,0.95,,,NRS 0-10,Mean/SD,Postoperative pain table / 24 h,,TEAS EA Verification/Source PDFs/covidence_35_verified.pdf,c0f7a5e88ad8a000c8179382c1d55220fe9e798b9a4f8f6480f348d112898f51,Rest-versus-movement condition is not reported; participant masking was incomplete,INCLUDE,SENSITIVITY,Rest/movement not established. Never use this mixed-setting body to assert registered pain co-outcome criterion.,;pain24_unclassified_TEAS_sham,1,,
V33-OD-0143,Luo 2026,Luo_2026,LUO26_TEAS_vs_SHAM_OPIOIDEQUIV,Intraoperative PC6 TEAS + standard antiemetics,Sham/no current + standard antiemetics,TEAS,Sham,Perioperative opioid,Published 'sufentanil equivalents' metric,Perioperative,Outcome-specific analyzed population,138.0,139.0,15.86,5.11,15.18,4.95,,,published as mg; definition/unit unresolved,Mean/SD,Table 1 / perioperative opioid metric,,TEAS EA Verification/Source PDFs/covidence_35_verified.pdf,c0f7a5e88ad8a000c8179382c1d55220fe9e798b9a4f8f6480f348d112898f51,Source labels approximately 15-16 as 'sufentanil equivalents (mg)' without explaining conversion; preserve verbatim,INCLUDE,EXCLUDE,Outside defined quantitative estimands; retained in full descriptive extraction.,,1,,
V33-OD-0144,Luo 2026,Luo_2026,LUO26_TEAS_vs_SHAM_OPIOID24,Intraoperative PC6 TEAS + standard antiemetics,Sham/no current + standard antiemetics,TEAS,Sham,Opioid consumption,Cumulative postoperative oxycodone consumption,0-24 h,Outcome-specific analyzed population,138.0,139.0,,,,,,,mg oxycodone,Not reported,Postoperative analgesia / exact 24-h endpoint absent,,TEAS EA Verification/Source PDFs/covidence_35_verified.pdf,c0f7a5e88ad8a000c8179382c1d55220fe9e798b9a4f8f6480f348d112898f51,"Postoperative IV oxycodone is described, but schedule and group-specific cumulative 24-h consumption are not reported",NOT REPORTED,HOLD,"No directly tabulated mean/SD or event/denominator for current quantitative body; preserve original statistic, no automatic median or graph conversion.",,1,,
V33-OD-0145,Long 2025,Long_2025,LONG25_TEAS_vs_CTRL_PND1,Perioperative electrical acupoint stimulation,Electrodes/no current,UNCLEAR,Sham,Neurocognitive,Perioperative neurocognitive disorder (PND),POD1,Outcome-specific analyzed population,27.0,26.0,,,,,7.0,14.0,Active: 7 cases (25.0%); Control: 14 cases (56.0%),Published event count + percentage; denominator inconsistent,PND incidence table / POD1,,TEAS EA Verification/Source PDFs/1-s2.0-S0020138325005200.pdf,96e50ce97c0abd3a6258ae9935df22a79c14454aa3293252100fca9474b275da,Published percentages do not reconcile with final analyzed n=27 active/26 control; do not back-calculate denominators | V34: PND denominator conflict: study-level n=27/26 differs from percentages implying 28/25. No denominator reconstruction; HOLD.,HOLD,HOLD,Physical modality unresolved: needle OR patch in source.,,1,,
V33-OD-0146,Long 2025,Long_2025,LONG25_TEAS_vs_CTRL_PND3,Perioperative electrical acupoint stimulation,Electrodes/no current,UNCLEAR,Sham,Neurocognitive,Perioperative neurocognitive disorder (PND),POD3,Outcome-specific analyzed population,27.0,26.0,,,,,4.0,12.0,Active: 4 cases (14.3%); Control: 12 cases (48.0%),Published event count + percentage; denominator inconsistent,PND incidence table / POD3,,TEAS EA Verification/Source PDFs/1-s2.0-S0020138325005200.pdf,96e50ce97c0abd3a6258ae9935df22a79c14454aa3293252100fca9474b275da,Published percentages do not reconcile with reported analyzed denominators | V34: PND denominator conflict: study-level n=27/26 differs from percentages implying 28/25. No denominator reconstruction; HOLD.,HOLD,HOLD,Physical modality unresolved: needle OR patch in source.,,1,,
V33-OD-0147,Long 2025,Long_2025,LONG25_TEAS_vs_CTRL_VAS24,Perioperative electrical acupoint stimulation,Electrodes/no current,UNCLEAR,Sham,Pain,VAS pain intensity,24 h,Outcome-specific analyzed population,27.0,26.0,2.78,0.97,3.96,0.96,,,VAS 0-10,Mean/SD,Table 7 / Figure 9,,TEAS EA Verification/Source PDFs/1-s2.0-S0020138325005200.pdf,96e50ce97c0abd3a6258ae9935df22a79c14454aa3293252100fca9474b275da,Abstract/Results prose gives active 2.65 ± 0.94; Table 7/Figure 9 gives 2.78 ± 0.97. Master uses the directly tabulated Table 7 value and retains discrepancy | V34: Long Table 7 EA 24-h VAS 2.78±0.97; abstract 2.65±0.94. Table values retained; quantitative HOLD pending adjudication.,HOLD,HOLD,Physical modality unresolved: needle OR patch in source.,,1,,
V33-OD-0148,Long 2025,Long_2025,LONG25_TEAS_vs_CTRL_PCIA48VOL,Perioperative electrical acupoint stimulation,Electrodes/no current,UNCLEAR,Sham,Opioid demand,PCIA solution consumption,48 h,Outcome-specific analyzed population,27.0,26.0,86.22,4.27,89.23,3.67,,,mL of weight-based sufentanil solution,Mean/SD,Table 7 / Figure 9,,TEAS EA Verification/Source PDFs/1-s2.0-S0020138325005200.pdf,96e50ce97c0abd3a6258ae9935df22a79c14454aa3293252100fca9474b275da,"Reservoir contains 2 µg/kg sufentanil in 100 mL; group body weight is unavailable, so solution volume cannot be converted to group mean opioid mass",INCLUDE,HOLD,Physical modality unresolved: needle OR patch in source.,,1,,
V33-OD-0149,Long 2025,Long_2025,LONG25_TEAS_vs_CTRL_PCIAPRESS48,Perioperative electrical acupoint stimulation,Electrodes/no current,UNCLEAR,Sham,Opioid demand,PCIA compression count,48 h,Outcome-specific analyzed population,27.0,26.0,7.11,2.14,8.62,1.84,,,presses,Mean/SD,Table 7 / Figure 9,,TEAS EA Verification/Source PDFs/1-s2.0-S0020138325005200.pdf,96e50ce97c0abd3a6258ae9935df22a79c14454aa3293252100fca9474b275da,Do not translate compression count into delivered sufentanil mass,INCLUDE,HOLD,Physical modality unresolved: needle OR patch in source.,,1,,
V33-OD-0150,Long 2025,Long_2025,LONG25_TEAS_vs_CTRL_PONV,Perioperative electrical acupoint stimulation,Electrodes/no current,UNCLEAR,Sham,PONV,PONV incidence,Postoperative,Outcome-specific analyzed population,27.0,26.0,,,,,1.0,8.0,participants,Events/total,Adverse events / PONV,,TEAS EA Verification/Source PDFs/1-s2.0-S0020138325005200.pdf,96e50ce97c0abd3a6258ae9935df22a79c14454aa3293252100fca9474b275da,Adverse-event percentages elsewhere are internally inconsistent; raw 1/27 vs 8/26 is retained,INCLUDE,HOLD,Physical modality unresolved: needle OR patch in source.,,1,,
V33-OD-0151,Long 2025,Long_2025,LONG25_TEAS_vs_CTRL_OPIOID24,Perioperative electrical acupoint stimulation,Electrodes/no current,UNCLEAR,Sham,Opioid consumption,Exact cumulative postoperative sufentanil consumption,0-24 h,Outcome-specific analyzed population,27.0,26.0,,,,,,,µg sufentanil,Not reported,Exact 24-h opioid endpoint absent,,TEAS EA Verification/Source PDFs/1-s2.0-S0020138325005200.pdf,96e50ce97c0abd3a6258ae9935df22a79c14454aa3293252100fca9474b275da,24-h PCIA volume/compressions are not reported; even 48-h volume cannot be converted exactly to sufentanil mass without body weight,NOT REPORTED,HOLD,Physical modality unresolved: needle OR patch in source.,,1,,
V33-OD-0152,Li 2021,Li_2021,LI21_TEAS_vs_SHAM_BOWEL,Perioperative TEAS,Sham-point/no current,TEAS,Sham,GI recovery,Time to first bowel motion by auscultation,Postoperative,Outcome-specific analyzed population,140.0,140.0,,,,,,,hours,Median/IQR,Primary outcome / first bowel motion,,TEAS EA Verification/Source PDFs/covidence_437_full_article.pdf,52c6875e2a79825acdfc51e806e848b8da74b70d9a854fcb8a042e264e1b5aca,26/306 randomized patients excluded in per-protocol analysis; exclusions include ICU transfer and operation cancellation,NARRATIVE ONLY,HOLD,"No directly tabulated mean/SD or event/denominator for current quantitative body; preserve original statistic, no automatic median or graph conversion.",,1,,
V33-OD-0153,Li 2021,Li_2021,LI21_TEAS_vs_SHAM_FLATUS,Perioperative TEAS,Sham-point/no current,TEAS,Sham,GI recovery,Time to first flatus,Postoperative,Outcome-specific analyzed population,140.0,140.0,,,,,,,hours,Median/IQR,First-flatus result,,TEAS EA Verification/Source PDFs/covidence_437_full_article.pdf,52c6875e2a79825acdfc51e806e848b8da74b70d9a854fcb8a042e264e1b5aca,Use PP analyzed denominators explicitly; do not fabricate mean/SD,NARRATIVE ONLY,HOLD,"No directly tabulated mean/SD or event/denominator for current quantitative body; preserve original statistic, no automatic median or graph conversion.",,1,,
V33-OD-0154,Li 2021,Li_2021,LI21_TEAS_vs_SHAM_PGD,Perioperative TEAS,Sham-point/no current,TEAS,Sham,GI recovery,Postoperative gastrointestinal dysfunction: no bowel sounds >48 h,Postoperative,Outcome-specific analyzed population,140.0,140.0,,,,,26.0,44.0,participants,Events/total,PGD incidence,,TEAS EA Verification/Source PDFs/covidence_437_full_article.pdf,52c6875e2a79825acdfc51e806e848b8da74b70d9a854fcb8a042e264e1b5aca,Study-specific PGD definition; majority of events were in colorectal stratum,INCLUDE,EXCLUDE,Outside defined quantitative estimands; retained in full descriptive extraction.,,1,,
V33-OD-0155,Li 2021,Li_2021,LI21_TEAS_vs_SHAM_PAIN6,Perioperative TEAS,Sham-point/no current,TEAS,Sham,Pain,VAS ≥4,6 h,Outcome-specific analyzed population,140.0,140.0,,,,,30.0,50.0,participants,Events/total,Postoperative pain table / 6 h,,TEAS EA Verification/Source PDFs/covidence_437_full_article.pdf,52c6875e2a79825acdfc51e806e848b8da74b70d9a854fcb8a042e264e1b5aca,Pain is reported as binary VAS ≥4 rather than continuous score,INCLUDE,EXCLUDE,Outside defined quantitative estimands; retained in full descriptive extraction.,,1,,
V33-OD-0156,Li 2021,Li_2021,LI21_TEAS_vs_SHAM_OPIOID24,Perioperative TEAS,Sham-point/no current,TEAS,Sham,Opioid consumption,Cumulative postoperative sufentanil consumption,0-24 h,Outcome-specific analyzed population,140.0,140.0,,,,,,,published pump formulation says 250 mg sufentanil/250 mL,Not reported,Postoperative analgesia pump / exact 24-h endpoint absent,,TEAS EA Verification/Source PDFs/covidence_437_full_article.pdf,52c6875e2a79825acdfc51e806e848b8da74b70d9a854fcb8a042e264e1b5aca,"Printed pump unit is clinically implausible, programming is missing, and actual 24-h delivered dose is not reported; do not silently change mg to µg",NOT REPORTED,HOLD,"No directly tabulated mean/SD or event/denominator for current quantitative body; preserve original statistic, no automatic median or graph conversion.",,1,,
V33-OD-0157,Liu 2026 (ESD),Liu_2026_ESD,LIU26ESD_TEAS_vs_SHAM_MODPAIN24,Perioperative TEAS,Sham-point/no current,TEAS,Sham,Pain,Moderate-to-severe pain (NRS ≥4),Within 24 h,Outcome-specific analyzed population,58.0,62.0,,,,,22.0,40.0,participants,Events/total,Primary outcome / NRS ≥4 within 24 h,,TEAS EA Verification/Source PDFs/covidence_69_full_article.pdf,0ec8f5810960f2beec2574fbd8779b1cc4402a328d3c844cbd146357dab63623,"9/129 randomized participants excluded after randomization, including postoperative bleeding and conversion to laparotomy; no ITT sensitivity analysis",INCLUDE,EXCLUDE,Outside defined quantitative estimands; retained in full descriptive extraction.,,1,,
V33-OD-0158,Liu 2026 (ESD),Liu_2026_ESD,LIU26ESD_TEAS_vs_SHAM_NRS24,Perioperative TEAS,Sham-point/no current,TEAS,Sham,Pain,NRS pain intensity,24 h,Outcome-specific analyzed population,58.0,62.0,1.2,1.3,2.8,1.9,,,NRS 0-10,Mean/SD,Serial NRS results / 24 h,,TEAS EA Verification/Source PDFs/covidence_69_full_article.pdf,0ec8f5810960f2beec2574fbd8779b1cc4402a328d3c844cbd146357dab63623,Active TEAS at maximum tolerated intensity vs sham no current; sensory blinding success was not tested,INCLUDE,SENSITIVITY,Rest/movement not established. Never use this mixed-setting body to assert registered pain co-outcome criterion.,;pain24_unclassified_TEAS_sham,1,,
V33-OD-0159,Liu 2026 (ESD),Liu_2026_ESD,LIU26ESD_TEAS_vs_SHAM_ANYMORPH,Perioperative TEAS,Sham-point/no current,TEAS,Sham,Rescue opioid use,Any rescue IV morphine use,Through 48 h,Outcome-specific analyzed population,58.0,62.0,,,,,19.0,40.0,participants,Events/total,Postoperative rescue analgesia,,TEAS EA Verification/Source PDFs/covidence_69_full_article.pdf,0ec8f5810960f2beec2574fbd8779b1cc4402a328d3c844cbd146357dab63623,"Morphine was 1 mg IV per administration, but number of administrations and cumulative dose per patient are not reported",INCLUDE,EXCLUDE,Outside defined quantitative estimands; retained in full descriptive extraction.,,1,,
V33-OD-0160,Liu 2026 (ESD),Liu_2026_ESD,LIU26ESD_TEAS_vs_SHAM_PONV,Perioperative TEAS,Sham-point/no current,TEAS,Sham,PONV,PONV incidence,Postoperative follow-up,Outcome-specific analyzed population,58.0,62.0,,,,,4.0,14.0,participants,Events/total,Postoperative complication table,,TEAS EA Verification/Source PDFs/covidence_69_full_article.pdf,0ec8f5810960f2beec2574fbd8779b1cc4402a328d3c844cbd146357dab63623,Published RR/P-value for PONV are internally inconsistent; use raw 4/58 vs 14/62,INCLUDE,EXCLUDE,Outside defined quantitative estimands; retained in full descriptive extraction.,,1,,
V33-OD-0161,Liu 2026 (ESD),Liu_2026_ESD,LIU26ESD_TEAS_vs_SHAM_MORPH24,Perioperative TEAS,Sham-point/no current,TEAS,Sham,Opioid consumption,Cumulative postoperative morphine consumption,0-24 h,Outcome-specific analyzed population,58.0,62.0,,,,,,,mg IV morphine,Not reported,Exact 24-h opioid dose absent,,TEAS EA Verification/Source PDFs/covidence_69_full_article.pdf,0ec8f5810960f2beec2574fbd8779b1cc4402a328d3c844cbd146357dab63623,"Binary morphine use is reported, but administration counts and cumulative dose are not",NOT REPORTED,HOLD,"No directly tabulated mean/SD or event/denominator for current quantitative body; preserve original statistic, no automatic median or graph conversion.",,1,,
V33-OD-0162,Liu 2021,Liu_2021,LIU21_TEAS_vs_CTRL_POCD1,Perioperative TEAS,Electrodes/no current,TEAS,Sham,Neurocognitive,Postoperative cognitive decline (MMSE Z-score ≤ -2),POD1,Outcome-specific analyzed population,50.0,50.0,,,,,5.0,11.0,participants,Events/total,POCD incidence table / POD1,,TEAS EA Verification/Source PDFs/getfile.php-2.pdf,02e9d16c8cb8dd39b10b0e073b010a22888c05ae8dd4c6cc7ccfafdf2e0bf2cb,"Control prose prints 11 cases as 25%, but 11/50 = 22%; preserve count as authoritative",INCLUDE,EXCLUDE,Outside defined quantitative estimands; retained in full descriptive extraction.,,1,,
V33-OD-0163,Liu 2021,Liu_2021,LIU21_TEAS_vs_CTRL_VASREST24,Perioperative TEAS,Electrodes/no current,TEAS,Sham,Pain,VAS at rest,24 h,Outcome-specific analyzed population,50.0,50.0,2.52,0.505,2.66,0.626,,,VAS,Mean/SD,Table 2 / 24-h rest VAS,,TEAS EA Verification/Source PDFs/getfile.php-2.pdf,02e9d16c8cb8dd39b10b0e073b010a22888c05ae8dd4c6cc7ccfafdf2e0bf2cb,Participant blinding is unclear because active stimulation was maximum tolerated and control received no current,INCLUDE,INCLUDE,Source construct/window/contrast reviewed; direct data admitted.,;pain24_rest_TEAS_sham,1,,
V33-OD-0164,Liu 2021,Liu_2021,LIU21_TEAS_vs_CTRL_VASCOUGH24,Perioperative TEAS,Electrodes/no current,TEAS,Sham,Pain,VAS with coughing,24 h,Outcome-specific analyzed population,50.0,50.0,3.2,0.571,3.16,0.681,,,VAS,Mean/SD,Table 2 / 24-h coughing VAS,,TEAS EA Verification/Source PDFs/getfile.php-2.pdf,02e9d16c8cb8dd39b10b0e073b010a22888c05ae8dd4c6cc7ccfafdf2e0bf2cb,No evidence of analgesic benefit at 24 h,INCLUDE,INCLUDE,Source construct/window/contrast reviewed; direct data admitted.,;pain24_movement_TEAS_sham,1,,
V33-OD-0165,Liu 2021,Liu_2021,LIU21_TEAS_vs_CTRL_PCAPRESS24,Perioperative TEAS,Electrodes/no current,TEAS,Sham,Opioid demand,PCA pump compressions,0-24 h,Outcome-specific analyzed population,50.0,50.0,17.62,2.687,17.38,3.801,,,presses,Mean/SD,24-h PCA compression result,,TEAS EA Verification/Source PDFs/getfile.php-2.pdf,02e9d16c8cb8dd39b10b0e073b010a22888c05ae8dd4c6cc7ccfafdf2e0bf2cb,Compressions may represent demands rather than successful boluses; do not convert to sufentanil mass,INCLUDE,EXCLUDE,Outside defined quantitative estimands; retained in full descriptive extraction.,,1,,
V33-OD-0166,Liu 2021,Liu_2021,LIU21_TEAS_vs_CTRL_OPIOID24,Perioperative TEAS,Electrodes/no current,TEAS,Sham,Opioid consumption,Cumulative postoperative sufentanil consumption,0-24 h,Outcome-specific analyzed population,50.0,50.0,,,,,,,published formulation 0.15 µg/kg in 100 mL,Not calculable,Postoperative PCIA section,,TEAS EA Verification/Source PDFs/getfile.php-2.pdf,02e9d16c8cb8dd39b10b0e073b010a22888c05ae8dd4c6cc7ccfafdf2e0bf2cb,"Published PCA formulation is ambiguous/implausibly low, successful delivered boluses are not reported, and actual cumulative sufentanil is unavailable",HOLD,HOLD,Source ambiguity or unavailable required statistic: Nonstandard or incomplete statistic; no inferred quantities.,,1,,
V33-OD-0167,Liu 2026 (burn),Liu_2026_burn,LIU26BURN_TEAS_vs_SHAM_REMI,Pre-induction TEAS,Placebo/sham TEAS,TEAS,Sham,Intraoperative opioid,Remifentanil consumption,Intraoperative,Outcome-specific analyzed population,43.0,43.0,,,,,,,mg remifentanil,Median/IQR,Results / Figure 4,,TEAS EA Verification/Source PDFs/covidence_48_verified.pdf,ad454ee8b62ea93e4001edd3f7e8329ea09a0caaa10204d00e93b2f28891200d,Abstract gives TEAS 0.65 (0.45-1.00) and control 0.90 (0.67-1.23); master uses Results/Figure 4 values and retains source discrepancy,NARRATIVE ONLY,HOLD,"No directly tabulated mean/SD or event/denominator for current quantitative body; preserve original statistic, no automatic median or graph conversion.",,1,,
V33-OD-0168,Liu 2026 (burn),Liu_2026_burn,LIU26BURN_TEAS_vs_SHAM_PONV24,Pre-induction TEAS,Placebo/sham TEAS,TEAS,Sham,PONV,Nausea-vomiting,Through POD1 / approximately 24 h,Outcome-specific analyzed population,43.0,43.0,,,,,7.0,16.0,participants,Events/total,Secondary postoperative outcomes,,TEAS EA Verification/Source PDFs/covidence_48_verified.pdf,ad454ee8b62ea93e4001edd3f7e8329ea09a0caaa10204d00e93b2f28891200d,Two different P-values are printed for the same result,INCLUDE,INCLUDE,Includes Song non-acupoint active-current sham as permitted by broader registered sham definition; diagnostic against conservative main taxonomy.,;ponv24_TEAS_sham;ponv24_TEAS_sham_point_window_sensitivity;ponv24_TEAS_broad_sham_sensitivity,1,,
V33-OD-0169,Liu 2026 (burn),Liu_2026_burn,LIU26BURN_TEAS_vs_SHAM_RESCUE,Pre-induction TEAS,Placebo/sham TEAS,TEAS,Sham,Rescue opioid use,Any rescue dezocine use,Through POD1,Outcome-specific analyzed population,43.0,43.0,,,,,3.0,8.0,participants,Events/total,Rescue analgesia,,TEAS EA Verification/Source PDFs/covidence_48_verified.pdf,ad454ee8b62ea93e4001edd3f7e8329ea09a0caaa10204d00e93b2f28891200d,All rescue users received one 5-mg IM dezocine dose; no repeat rescue doses were required,INCLUDE,EXCLUDE,Outside defined quantitative estimands; retained in full descriptive extraction.,,1,,
V33-OD-0170,Liu 2026 (burn),Liu_2026_burn,LIU26BURN_TEAS_vs_SHAM_FVAS24,Pre-induction TEAS,Placebo/sham TEAS,TEAS,Sham,Pain,Resting F-VAS pain,24 h,Outcome-specific analyzed population,43.0,43.0,,,,,,,F-VAS 0-100 mm,Graph-only continuous data,Figure 5 / F3 24 h,,TEAS EA Verification/Source PDFs/covidence_48_verified.pdf,ad454ee8b62ea93e4001edd3f7e8329ea09a0caaa10204d00e93b2f28891200d,Exact means/SDs are figure-only; do not infer numeric values from bar heights,GRAPH ONLY,HOLD,"No directly tabulated mean/SD or event/denominator for current quantitative body; preserve original statistic, no automatic median or graph conversion.",,1,,
V33-OD-0171,Liu 2026 (burn),Liu_2026_burn,LIU26BURN_TEAS_vs_SHAM_OPIOID24,Pre-induction TEAS,Placebo/sham TEAS,TEAS,Sham,Opioid consumption,Complete postoperative opioid/MME exposure,0-24 h,Outcome-specific analyzed population,43.0,43.0,,,,,,,sufentanil + butorphanol PCIA; rescue dezocine,Not calculable,Postoperative PCIA section,,TEAS EA Verification/Source PDFs/covidence_48_verified.pdf,ad454ee8b62ea93e4001edd3f7e8329ea09a0caaa10204d00e93b2f28891200d,"PCIA composition is known but bolus volume, basal rate, delivered-volume and successful-delivery counts are not; two opioids are present in the pump",HOLD,HOLD,Source ambiguity or unavailable required statistic: Nonstandard or incomplete statistic; no inferred quantities.,,1,,
V33-OD-0172,Liu 2025,Liu_2025,LIU25_EA_vs_CTRL_SVT24,Perioperative electroacupuncture,Control/sham procedure,EA,Sham,Cardiac rhythm,New-onset supraventricular tachycardia (SVT),First 24 h,Outcome-specific analyzed population,38.0,39.0,,,,,4.0,13.0,participants,Events/total,Primary outcome / first-24-h SVT,,TEAS EA Verification/Source PDFs/pdf.pdf,8d22773bc606f1237bace50aa5e6e9e1179a33e4a1d7ebd5e45d10f53167706a,Three randomized participants discontinued after randomization; preserve analyzed denominators 38 and 39,INCLUDE,EXCLUDE,Outside defined quantitative estimands; retained in full descriptive extraction.,,1,,
V33-OD-0173,Liu 2025,Liu_2025,LIU25_EA_vs_CTRL_TSTN1,Perioperative electroacupuncture,Control/sham procedure,EA,Sham,Sleep quality,Total sleep time measured by ambulatory sleep recorder,First postoperative night,Outcome-specific analyzed population,38.0,39.0,,,,,,,minutes,Median/IQR,Objective sleep monitoring / first night,,TEAS EA Verification/Source PDFs/pdf.pdf,8d22773bc606f1237bace50aa5e6e9e1179a33e4a1d7ebd5e45d10f53167706a,Objective sleep-recorder endpoint; control electrical-current status is not completely clear in the publication,NARRATIVE ONLY,HOLD,"No directly tabulated mean/SD or event/denominator for current quantitative body; preserve original statistic, no automatic median or graph conversion.",,1,,
V33-OD-0174,Liu 2025,Liu_2025,LIU25_EA_vs_CTRL_PAIN24,Perioperative electroacupuncture,Control/sham procedure,EA,Sham,Pain,VAS pain intensity,24 h,Outcome-specific analyzed population,38.0,39.0,,,,,,,VAS 0-10,Graph-only continuous data,Figure 2 / 24-h pain,,TEAS EA Verification/Source PDFs/pdf.pdf,8d22773bc606f1237bace50aa5e6e9e1179a33e4a1d7ebd5e45d10f53167706a,"Figure shows approximately 2/10 in both groups, but exact means/SDs are not numerically reported",GRAPH ONLY,HOLD,"No directly tabulated mean/SD or event/denominator for current quantitative body; preserve original statistic, no automatic median or graph conversion.",,1,,
V33-OD-0175,Liu 2025,Liu_2025,LIU25_EA_vs_CTRL_OPIOID24,Perioperative electroacupuncture,Control/sham procedure,EA,Sham,Opioid consumption,Exact cumulative postoperative opioid consumption,0-24 h,Outcome-specific analyzed population,38.0,39.0,,,,,,,mg/µg,Not reported,Exact 24-h opioid endpoint absent,,TEAS EA Verification/Source PDFs/pdf.pdf,8d22773bc606f1237bace50aa5e6e9e1179a33e4a1d7ebd5e45d10f53167706a,No source-grounded exact 0-24-h postoperative opioid total is available in the reconciled extraction,NOT REPORTED,HOLD,"No directly tabulated mean/SD or event/denominator for current quantitative body; preserve original statistic, no automatic median or graph conversion.",,1,,
V33-OD-0176,Li 2022,Li_2022,LI22_EA_vs_SHAM_NRS24,Preoperative electroacupuncture,Sham electroacupuncture,EA,Sham,Pain,Postoperative NRS pain,24 h,Outcome-specific analyzed population,39.0,40.0,,,,,,,NRS 0-10,Median/IQR,24-h postoperative NRS,,TEAS EA Verification/Source PDFs/getfile.php.pdf,adc64abb5486e6a8fc358d6ffe320df7742a381dc3592167dc97dfbabb4b2d8d,One randomized participant was not included in the final EA analysis; the 24-h pain difference is not significant,NARRATIVE ONLY,HOLD,"No directly tabulated mean/SD or event/denominator for current quantitative body; preserve original statistic, no automatic median or graph conversion.",,1,,
V33-OD-0177,Li 2022,Li_2022,LI22_EA_vs_SHAM_MPT24,Preoperative electroacupuncture,Sham electroacupuncture,EA,Sham,Experimental pain,Mechanical pain threshold around surgical incision,24 h,Outcome-specific analyzed population,39.0,40.0,,,,,,,mechanical threshold,Source-reported direction; exact value not promoted,Mechanical-threshold longitudinal result,,TEAS EA Verification/Source PDFs/getfile.php.pdf,adc64abb5486e6a8fc358d6ffe320df7742a381dc3592167dc97dfbabb4b2d8d,"EA advantage was reported at 30 min and 6 h, not at 24 or 48 h; the earlier stored RoB fabricated a significant 24-h result",HOLD,HOLD,Source ambiguity or unavailable required statistic: Nonstandard or incomplete statistic; no inferred quantities.,,1,,
V33-OD-0178,Li 2022,Li_2022,LI22_EA_vs_SHAM_OPIOID24,Preoperative electroacupuncture,Sham electroacupuncture,EA,Sham,Opioid consumption,Exact cumulative postoperative opioid consumption,0-24 h,Outcome-specific analyzed population,39.0,40.0,,,,,,,mg/µg,Not reported,Exact 24-h opioid endpoint absent,,TEAS EA Verification/Source PDFs/getfile.php.pdf,adc64abb5486e6a8fc358d6ffe320df7742a381dc3592167dc97dfbabb4b2d8d,The prior derivative's 24-h sufentanil result was fabricated; no source-grounded exact 24-h postoperative opioid total is available,NOT REPORTED,HOLD,"No directly tabulated mean/SD or event/denominator for current quantitative body; preserve original statistic, no automatic median or graph conversion.",,1,,
V33-OD-0179,Liang 2021,Liang_2021,LIANG21_TEAS_vs_CTRL_CRBD_END,Preoperative TEAS,Control/no stimulation,TEAS,Sham,Catheter-related bladder discomfort,CRBD incidence,End of surgery,Outcome-specific analyzed population,35.0,35.0,,,,,9.0,28.0,participants,Events/total,CRBD incidence table,,retrieved_pdfs/014_liang_2021.pdf,cf2cc8a627b115ade55a85190c39352aa1a8e63ff1974e4a33dc7b65f961a5a3,75 randomized but only 70 analyzed; preserve 35/35 outcome denominators. The stored 6-h CRBD endpoint does not exist in the source,INCLUDE,EXCLUDE,Outside defined quantitative estimands; retained in full descriptive extraction.,,1,,
V33-OD-0180,Liang 2021,Liang_2021,LIANG21_TEAS_vs_CTRL_CRBD_PACU,Preoperative TEAS,Control/no stimulation,TEAS,Sham,Catheter-related bladder discomfort,CRBD incidence,PACU discharge,Outcome-specific analyzed population,35.0,35.0,,,,,20.0,28.0,participants,Events/total,CRBD incidence table,,retrieved_pdfs/014_liang_2021.pdf,cf2cc8a627b115ade55a85190c39352aa1a8e63ff1974e4a33dc7b65f961a5a3,75 randomized but only 70 analyzed; preserve 35/35 outcome denominators. The stored 6-h CRBD endpoint does not exist in the source,INCLUDE,EXCLUDE,Outside defined quantitative estimands; retained in full descriptive extraction.,,1,,
V33-OD-0181,Liang 2021,Liang_2021,LIANG21_TEAS_vs_CTRL_CRBD24,Preoperative TEAS,Control/no stimulation,TEAS,Sham,Catheter-related bladder discomfort,CRBD incidence,24 h,Outcome-specific analyzed population,35.0,35.0,,,,,7.0,31.0,participants,Events/total,CRBD incidence table,,retrieved_pdfs/014_liang_2021.pdf,cf2cc8a627b115ade55a85190c39352aa1a8e63ff1974e4a33dc7b65f961a5a3,75 randomized but only 70 analyzed; preserve 35/35 outcome denominators. The stored 6-h CRBD endpoint does not exist in the source,INCLUDE,EXCLUDE,Outside defined quantitative estimands; retained in full descriptive extraction.,,1,,
V33-OD-0182,Liang 2021,Liang_2021,LIANG21_TEAS_vs_CTRL_CRBD48,Preoperative TEAS,Control/no stimulation,TEAS,Sham,Catheter-related bladder discomfort,CRBD incidence,48 h,Outcome-specific analyzed population,35.0,35.0,,,,,4.0,19.0,participants,Events/total,CRBD incidence table,,retrieved_pdfs/014_liang_2021.pdf,cf2cc8a627b115ade55a85190c39352aa1a8e63ff1974e4a33dc7b65f961a5a3,75 randomized but only 70 analyzed; preserve 35/35 outcome denominators. The stored 6-h CRBD endpoint does not exist in the source | V34: SOURCE CONFLICT: abstract 48-h CRBD 4/35 versus 7/35; Table 2 4/35 versus 19/35. Retain table values; quantitative HOLD pending adjudication.,HOLD,HOLD,"Source ambiguity or unavailable required statistic: Unresolved source conflict or undefined endpoint; printed values retained, excluded from quantitative models.",,1,,
V33-OD-0183,Liang 2021,Liang_2021,LIANG21_TEAS_vs_CTRL_OPIOID24,Preoperative TEAS,Control/no stimulation,TEAS,Sham,Opioid consumption,Exact cumulative postoperative opioid consumption,0-24 h,Outcome-specific analyzed population,35.0,35.0,,,,,,,mg/µg,Not reported,Exact 24-h opioid endpoint absent,,retrieved_pdfs/014_liang_2021.pdf,cf2cc8a627b115ade55a85190c39352aa1a8e63ff1974e4a33dc7b65f961a5a3,The source trial focuses on CRBD; no source-grounded exact cumulative 24-h opioid endpoint is available,NOT REPORTED,HOLD,"No directly tabulated mean/SD or event/denominator for current quantitative body; preserve original statistic, no automatic median or graph conversion.",,1,,
V33-OD-0184,Lee 2011,Lee_2011,LEE11_LOW_vs_SHAM_MORPH24,Low-frequency dense-sparse SSP,Sham SSP,TEAS,Sham,Opioid consumption,Cumulative IV PCA morphine delivered,First 24 postoperative hours,Outcome-specific analyzed population,10.0,12.0,29.29,8.89,34.2,6.4,,,mg IV morphine,Mean/SD,Table 8 / total morphine delivered,,retrieved_pdfs/049_lee_2011.pdf,7ccfcd9d5a6cb8d3957f2666285774d528469a929b619a9e28a7c2b56ca36fe5,Two of 12 low-frequency participants discontinued because they could not complete VAS; publication analyzed 47/49 with no ITT,INCLUDE,SENSITIVITY,Lee Table8 excludes recovery-room doses; combine low/high arms; sham interval sum differs fromTable8.,;opioid_partial_TEAS_sham,1,,
V33-OD-0185,Lee 2011,Lee_2011,LEE11_HIGH_vs_SHAM_MORPH24,100-Hz SSP,Sham SSP,TEAS,Sham,Opioid consumption,Cumulative IV PCA morphine delivered,First 24 postoperative hours,Outcome-specific analyzed population,12.0,12.0,31.14,8.15,34.2,6.4,,,mg IV morphine,Mean/SD,Table 8 / total morphine delivered,,retrieved_pdfs/049_lee_2011.pdf,7ccfcd9d5a6cb8d3957f2666285774d528469a929b619a9e28a7c2b56ca36fe5,Four-arm RCT; do not reconstruct total dose by summing interval means,INCLUDE,SENSITIVITY,Lee Table8 excludes recovery-room doses; combine low/high arms; sham interval sum differs fromTable8.,;opioid_partial_TEAS_sham,1,,
V33-OD-0186,Lee 2011,Lee_2011,LEE11_LOW_vs_CONTROL_MORPH24,Low-frequency dense-sparse SSP,Untreated control,TEAS,CONTROL_TYPE_REVIEW_REQUIRED,Opioid consumption,Cumulative IV PCA morphine delivered,First 24 postoperative hours,Outcome-specific analyzed population,10.0,13.0,29.29,8.89,38.63,11.08,,,mg IV morphine,Mean/SD,Table 8 / total morphine delivered,,retrieved_pdfs/049_lee_2011.pdf,7ccfcd9d5a6cb8d3957f2666285774d528469a929b619a9e28a7c2b56ca36fe5,This is not the sham-controlled contrast; keep separate from active-vs-sham synthesis,INCLUDE,EXCLUDE,Outside defined quantitative estimands; retained in full descriptive extraction.,,1,,
V33-OD-0187,Lee 2011,Lee_2011,LEE11_LOW_vs_SHAM_VAS24,Low-frequency dense-sparse SSP,Sham SSP,TEAS,Sham,Pain,VAS pain intensity,24 h,Outcome-specific analyzed population,10.0,12.0,1.21,1.31,2.54,0.86,,,VAS 0-10,Mean/SD,24-h VAS table,,retrieved_pdfs/049_lee_2011.pdf,7ccfcd9d5a6cb8d3957f2666285774d528469a929b619a9e28a7c2b56ca36fe5,Rest vs movement not reported; two low-frequency participants excluded because unable to complete VAS,INCLUDE,SENSITIVITY,Available low-frequency arm only; not admitted as a complete multiarm evidence body.,;pain24_Lee_low_arm_only,1,,
V33-OD-0188,Jin 2023,Jin_2023,JIN23_2HZ_vs_SHAM_NAPC48,2-Hz postoperative EA,Sham nonpenetrating EA/no current,EA,Sham,Opioid demand,Cumulative analgesic pump compressions,48 h,Outcome-specific analyzed population,53.0,52.0,,,,,,,pump compressions,Median/IQR,Primary outcome / Table 3,,retrieved_pdfs/009_jin_2023.pdf,928c915846bbaba438191b56e2ce56d1cbfc88d52a6b213a40270366b05edf50,174 randomized but outcome tables use only 158 completers; dropout reasons include 'unsatisfactory effects' despite ITT terminology,NARRATIVE ONLY,HOLD,General anaesthesia unverified from available main report.,,1,,
V33-OD-0189,Jin 2023,Jin_2023,JIN23_20100_vs_SHAM_NAPC48,20/100-Hz postoperative EA,Sham nonpenetrating EA/no current,EA,Sham,Opioid demand,Cumulative analgesic pump compressions,48 h,Outcome-specific analyzed population,53.0,52.0,,,,,,,pump compressions,Median/IQR,Primary outcome / Table 3,,retrieved_pdfs/009_jin_2023.pdf,928c915846bbaba438191b56e2ce56d1cbfc88d52a6b213a40270366b05edf50,174 randomized but outcome tables use only 158 completers; dropout reasons include 'unsatisfactory effects' despite ITT terminology,NARRATIVE ONLY,HOLD,General anaesthesia unverified from available main report.,,1,,
V33-OD-0190,Jin 2023,Jin_2023,JIN23_2HZ_vs_SHAM_VOL24,2-Hz postoperative EA,Sham nonpenetrating EA/no current,EA,Sham,Opioid consumption,Published 'fentanyl consumption' / PCIA solution volume,24 h,Outcome-specific analyzed population,53.0,52.0,39.31,15.58,56.54,12.5,,,mL PCIA solution,Mean/SD,Table 3 / 24-h 'fentanyl consumption',,retrieved_pdfs/009_jin_2023.pdf,928c915846bbaba438191b56e2ce56d1cbfc88d52a6b213a40270366b05edf50,Main article does not report fentanyl concentration. Do not convert mL to µg/mg/MME. 2-Hz vs 20/100-Hz inferential statistics conflict between table and prose,INCLUDE,HOLD,General anaesthesia unverified from available main report.,,1,,
V33-OD-0191,Jin 2023,Jin_2023,JIN23_20100_vs_SHAM_VOL24,20/100-Hz postoperative EA,Sham nonpenetrating EA/no current,EA,Sham,Opioid consumption,Published 'fentanyl consumption' / PCIA solution volume,24 h,Outcome-specific analyzed population,53.0,52.0,45.72,16.92,56.54,12.5,,,mL PCIA solution,Mean/SD,Table 3 / 24-h 'fentanyl consumption',,retrieved_pdfs/009_jin_2023.pdf,928c915846bbaba438191b56e2ce56d1cbfc88d52a6b213a40270366b05edf50,Main article does not report fentanyl concentration. Do not convert mL to µg/mg/MME. 2-Hz vs 20/100-Hz inferential statistics conflict between table and prose,INCLUDE,HOLD,General anaesthesia unverified from available main report.,,1,,
V33-OD-0192,Jin 2023,Jin_2023,JIN23_OPIOID24_MASS,Active EA arms,Sham nonpenetrating EA/no current,EA,Sham,Opioid consumption,Exact cumulative fentanyl mass / MME,0-24 h,Outcome-specific analyzed population,,,,,,,,,µg fentanyl / MME,Not calculable,PCIA formulation absent from main article,,retrieved_pdfs/009_jin_2023.pdf,928c915846bbaba438191b56e2ce56d1cbfc88d52a6b213a40270366b05edf50,Only mL of solution are reported in the main article,HOLD,HOLD,General anaesthesia unverified from available main report.,,1,,
V33-OD-0193,Jiang 2026,Jiang_2026,JIANG26_TEAS_vs_SHAM_FLATUS_PP,Perioperative TEAS,Sham/no current,TEAS,Sham,GI recovery,Time to first flatus,Postoperative,Outcome-specific analyzed population,294.0,293.0,,,,,,,hours,Median/IQR,Primary outcome / PP analysis,,TEAS EA Verification/Source PDFs/study_4_Jiang_2026.pdf,a980f1476ff869174b7b605dbceff078e5885e02049ca2ea0b95cc19e2a5ac66,614 randomized but only 587 in PP. Sex/ASA baseline counts contain internal denominator errors,NARRATIVE ONLY,HOLD,"No directly tabulated mean/SD or event/denominator for current quantitative body; preserve original statistic, no automatic median or graph conversion.",,1,,
V33-OD-0194,Jiang 2026,Jiang_2026,JIANG26_TEAS_vs_SHAM_FLATUS_MITT,Perioperative TEAS,Sham/no current,TEAS,Sham,GI recovery,Time to first flatus,Modified-ITT-type analysis among intervention recipients,Outcome-specific analyzed population,296.0,297.0,,,,,,,hours,Median/IQR,Primary outcome / reported ITT analysis,,TEAS EA Verification/Source PDFs/study_4_Jiang_2026.pdf,a980f1476ff869174b7b605dbceff078e5885e02049ca2ea0b95cc19e2a5ac66,"Authors call this ITT, but it includes 593 who received allocated intervention, not all 614 randomized; 6 post-treatment missing values were conservatively imputed",NARRATIVE ONLY,HOLD,"No directly tabulated mean/SD or event/denominator for current quantitative body; preserve original statistic, no automatic median or graph conversion.",,1,,
V33-OD-0195,Jiang 2026,Jiang_2026,JIANG26_TEAS_vs_SHAM_PONV24,Perioperative TEAS,Sham/no current,TEAS,Sham,PONV,PONV incidence,Within 24 h,Outcome-specific analyzed population,294.0,293.0,,,,,44.0,67.0,participants,Events/total,24-h PONV result,,TEAS EA Verification/Source PDFs/study_4_Jiang_2026.pdf,a980f1476ff869174b7b605dbceff078e5885e02049ca2ea0b95cc19e2a5ac66,Use 44/294 vs 67/293; do not relabel 587 as randomized/ITT,INCLUDE,INCLUDE,Includes Song non-acupoint active-current sham as permitted by broader registered sham definition; diagnostic against conservative main taxonomy.,;ponv24_TEAS_sham;ponv24_TEAS_sham_point_window_sensitivity;ponv24_TEAS_broad_sham_sensitivity,1,,
V33-OD-0196,Jiang 2026,Jiang_2026,JIANG26_TEAS_vs_SHAM_INTRAOP_REMI,Perioperative TEAS,Sham/no current,TEAS,Sham,Intraoperative opioid,Remifentanil consumption,Intraoperative,Outcome-specific analyzed population,294.0,293.0,,,,,,,µg remifentanil,Median/IQR,Perioperative characteristics table,,TEAS EA Verification/Source PDFs/study_4_Jiang_2026.pdf,a980f1476ff869174b7b605dbceff078e5885e02049ca2ea0b95cc19e2a5ac66,Direct source result; not a postoperative endpoint,NARRATIVE ONLY,HOLD,"No directly tabulated mean/SD or event/denominator for current quantitative body; preserve original statistic, no automatic median or graph conversion.",,1,,
V33-OD-0197,Jiang 2026,Jiang_2026,JIANG26_TEAS_vs_SHAM_OPIOID24,Perioperative TEAS,Sham/no current,TEAS,Sham,Opioid consumption,Exact cumulative postoperative opioid consumption,0-24 h,Outcome-specific analyzed population,294.0,293.0,,,,,,,mg/µg,Not reported,Postoperative analgesia section,,TEAS EA Verification/Source PDFs/study_4_Jiang_2026.pdf,a980f1476ff869174b7b605dbceff078e5885e02049ca2ea0b95cc19e2a5ac66,PCIA use is reported but exact group-specific postoperative dose is not,NOT REPORTED,HOLD,"No directly tabulated mean/SD or event/denominator for current quantitative body; preserve original statistic, no automatic median or graph conversion.",,1,,
V33-OD-0198,Huang 2025,Huang_2025,HUANG25_EA_vs_UC_FLATUS,Postoperative EA + ERAS,ERAS/standard care,EA,Usual care,GI recovery,Time to first flatus,Postoperative,Outcome-specific analyzed population,43.0,45.0,36.4,8.0,42.2,8.5,,,hours,Mean/SD,Co-primary outcome / first flatus,,TEAS EA Verification/Source PDFs/covidence_131_verified.pdf,9868368dc35509a1f6a7618e93e28e16831aeb38eb1f3418ce56f55ecc8dd9fa,13/101 randomized participants excluded after randomization; no sham procedure and patient blinding is not credible for penetrating postoperative EA,INCLUDE,INCLUDE,Same construct and membership as hours MD; no selection by I² or P.,;flatus_EA_usual;flatus_EA_usual_SMD_sensitivity,1,,
V33-OD-0199,Huang 2025,Huang_2025,HUANG25_EA_vs_UC_DEFEC,Postoperative EA + ERAS,ERAS/standard care,EA,Usual care,GI recovery,Time to first defecation,Postoperative,Outcome-specific analyzed population,43.0,45.0,46.0,8.0,51.3,9.4,,,hours,Mean/SD,Co-primary outcome / first defecation,,TEAS EA Verification/Source PDFs/covidence_131_verified.pdf,9868368dc35509a1f6a7618e93e28e16831aeb38eb1f3418ce56f55ecc8dd9fa,Same post-randomization exclusion and no-sham concerns apply,INCLUDE,INCLUDE,Source construct/window/contrast reviewed; direct data admitted.,;defecation_EA_usual,1,,
V33-OD-0200,Huang 2025,Huang_2025,HUANG25_EA_vs_UC_OPIOID24,Postoperative EA + ERAS,ERAS/standard care,EA,Usual care,Opioid consumption,Exact cumulative postoperative opioid consumption,0-24 h,Outcome-specific analyzed population,43.0,45.0,,,,,,,mg/µg,Not reported,Postoperative analgesia section,,TEAS EA Verification/Source PDFs/covidence_131_verified.pdf,9868368dc35509a1f6a7618e93e28e16831aeb38eb1f3418ce56f55ecc8dd9fa,"PCA drug/composition and consumption are not reported; rescue analgesia was ketorolac, a non-opioid NSAID",NOT REPORTED,HOLD,"No directly tabulated mean/SD or event/denominator for current quantitative body; preserve original statistic, no automatic median or graph conversion.",,1,,
V33-OD-0201,Huang 2024,Huang_2024,HUANG24_CONTRA_vs_SHAM_VASD1,Contralateral EA,Bilateral sham EA,EA,Sham,Pain,VAS during walking/knee movement,POD1,Outcome-specific analyzed population,38.0,38.0,53.16,9.99,56.71,9.84,,,VAS 0-100,Mean/SD,Primary serial VAS / Day 1,,TEAS EA Verification/Source PDFs/covidence_245_full_article.pdf,728873a206e9cc158128f082bbe4a4cd75de6f417e9cd52738e8d1b23d883644,Three-arm trial; 6 did not complete allocated intervention but authors state ITT and follow-up was obtained for all 114,INCLUDE,INCLUDE,He2026 reported SDs conflict with threshold counts; retain literal SD only as diagnostic.,;pain24_movement_EA_sham;pain24_movement_EA_sham_with_He,1,,
V33-OD-0202,Huang 2024,Huang_2024,HUANG24_IPSI_vs_SHAM_VASD1,Ipsilateral EA,Bilateral sham EA,EA,Sham,Pain,VAS during walking/knee movement,POD1,Outcome-specific analyzed population,38.0,38.0,53.5,10.79,56.71,9.84,,,VAS 0-100,Mean/SD,Primary serial VAS / Day 1,,TEAS EA Verification/Source PDFs/covidence_245_full_article.pdf,728873a206e9cc158128f082bbe4a4cd75de6f417e9cd52738e8d1b23d883644,Three-arm trial; 6 did not complete allocated intervention but authors state ITT and follow-up was obtained for all 114,INCLUDE,INCLUDE,He2026 reported SDs conflict with threshold counts; retain literal SD only as diagnostic.,;pain24_movement_EA_sham;pain24_movement_EA_sham_with_He,1,,
V33-OD-0203,Huang 2024,Huang_2024,HUANG24_CONTRA_vs_SHAM_PCA_D2,Contralateral EA,Bilateral sham EA,EA,Sham,Opioid demand,Additional PCA dose/release,"POD2; 24 h after first EA session, not necessarily 24 h after surgery",Outcome-specific analyzed population,38.0,38.0,,,,,,,source unit not reported,Median/IQR,Primary PCA outcome / POD2,,TEAS EA Verification/Source PDFs/covidence_245_full_article.pdf,728873a206e9cc158128f082bbe4a4cd75de6f417e9cd52738e8d1b23d883644,"PCA drug, dose per release and outcome unit are not reported; timing is 24 h after first EA rather than explicitly 24 h after surgery",NARRATIVE ONLY,HOLD,"No directly tabulated mean/SD or event/denominator for current quantitative body; preserve original statistic, no automatic median or graph conversion.",,1,,
V33-OD-0204,Huang 2024,Huang_2024,HUANG24_OPIOID24,True-EA arms,Bilateral sham EA,EA,Sham,Opioid consumption,Exact cumulative postoperative opioid dose,0-24 h,Outcome-specific analyzed population,38.0,38.0,,,,,,,MME,Not calculable,PCA regimen incomplete,,TEAS EA Verification/Source PDFs/covidence_245_full_article.pdf,728873a206e9cc158128f082bbe4a4cd75de6f417e9cd52738e8d1b23d883644,"PCA drug identity/composition, bolus dose and exact 24-h-after-surgery exposure are unavailable",HOLD,HOLD,Source ambiguity or unavailable required statistic: Nonstandard or incomplete statistic; no inferred quantities.,,1,,
V33-OD-0205,Hou 2023,Hou_2023,HOU23_TEAS_vs_SHAM_PONV,Perioperative TEAS,Sham/no-current TEAS,TEAS,Sham,PONV,PONV incidence,Postoperative / reported review window,Outcome-specific analyzed population,36.0,36.0,,,,,4.0,12.0,participants,Events/total,PONV result,,retrieved_pdfs/007_hou_2023.pdf,e942cff2967fe015df636ad7e2c2070c665cdc8ac23b7dafab141d6d16cddbe6,Two withdrawals (one/group) for personal reasons; no blinding-success test despite active 6-15 mA vibration vs no current,INCLUDE,EXCLUDE,Outside defined quantitative estimands; retained in full descriptive extraction.,,1,,
V33-OD-0206,Hou 2023,Hou_2023,HOU23_TEAS_vs_SHAM_PAIN_D2,Perioperative TEAS,Sham/no-current TEAS,TEAS,Sham,Pain,VAS-P pain,"D2 = one day after surgery, not exact clock-time 24 h",Outcome-specific analyzed population,36.0,36.0,,,,,,,VAS 0-100 mm,Median/IQR,Postoperative pain / D2,,retrieved_pdfs/007_hou_2023.pdf,e942cff2967fe015df636ad7e2c2070c665cdc8ac23b7dafab141d6d16cddbe6,D2 is author-defined as one day after surgery; do not silently label it exact 24 h,NARRATIVE ONLY,HOLD,"No directly tabulated mean/SD or event/denominator for current quantitative body; preserve original statistic, no automatic median or graph conversion.",,1,,
V33-OD-0207,Hou 2023,Hou_2023,HOU23_TEAS_vs_SHAM_RESCUE,Perioperative TEAS,Sham/no-current TEAS,TEAS,Sham,Rescue analgesia,Any rescue flurbiprofen use,Postoperative,Outcome-specific analyzed population,36.0,36.0,,,,,15.0,28.0,participants,Events/total,Rescue analgesia,,retrieved_pdfs/007_hou_2023.pdf,e942cff2967fe015df636ad7e2c2070c665cdc8ac23b7dafab141d6d16cddbe6,"Flurbiprofen is an NSAID, not an opioid",INCLUDE,EXCLUDE,Outside defined quantitative estimands; retained in full descriptive extraction.,,1,,
V33-OD-0208,Hou 2023,Hou_2023,HOU23_TEAS_vs_SHAM_OPIOID24,Perioperative TEAS,Sham/no-current TEAS,TEAS,Sham,Opioid consumption,Actual total postoperative sufentanil consumption,0-24 h,Outcome-specific analyzed population,36.0,36.0,,,,,,,µg sufentanil,Not reported,PCIA regimen / consumption absent,,retrieved_pdfs/007_hou_2023.pdf,e942cff2967fe015df636ad7e2c2070c665cdc8ac23b7dafab141d6d16cddbe6,"PCIA concentration and basal/bolus settings are known, but actual bolus use/total delivered sufentanil are not reported; fixed basal exposure is not total consumption",NOT REPORTED,HOLD,"No directly tabulated mean/SD or event/denominator for current quantitative body; preserve original statistic, no automatic median or graph conversion.",,1,,
V33-OD-0209,Huang 2017,Huang_2017,HUANG17_2100_vs_CTRL_REMI,2/100-Hz TEAS,Placebo TEAS/no current,TEAS,Sham,Intraoperative opioid,Total opioid as remifentanil-equivalent rate,Intraoperative,Outcome-specific analyzed population,20.0,20.0,0.1128,0.034,0.1617,0.037,,,µg/kg/min remifentanil-equivalent,Mean/SD,Table 2 / intraoperative anesthetic consumption,,TEAS EA Verification/Source PDFs/covidence_666_full_article.pdf,aebf2cb5816d3f198cd3a6b5c0ed9d22ad96abac984d877a70077e9c95f4c317,Four-arm frequency trial; preserve each active frequency separately,INCLUDE,EXCLUDE,Outside defined quantitative estimands; retained in full descriptive extraction.,,1,,
V33-OD-0210,Huang 2017,Huang_2017,HUANG17_2HZ_vs_CTRL_REMI,2-Hz TEAS,Placebo TEAS/no current,TEAS,Sham,Intraoperative opioid,Total opioid as remifentanil-equivalent rate,Intraoperative,Outcome-specific analyzed population,20.0,20.0,0.1718,0.066,0.1617,0.037,,,µg/kg/min remifentanil-equivalent,Mean/SD,Table 2 / intraoperative anesthetic consumption,,TEAS EA Verification/Source PDFs/covidence_666_full_article.pdf,aebf2cb5816d3f198cd3a6b5c0ed9d22ad96abac984d877a70077e9c95f4c317,Four-arm frequency trial; preserve each active frequency separately,INCLUDE,EXCLUDE,Outside defined quantitative estimands; retained in full descriptive extraction.,,1,,
V33-OD-0211,Huang 2017,Huang_2017,HUANG17_100HZ_vs_CTRL_REMI,100-Hz TEAS,Placebo TEAS/no current,TEAS,Sham,Intraoperative opioid,Total opioid as remifentanil-equivalent rate,Intraoperative,Outcome-specific analyzed population,20.0,20.0,0.1451,0.036,0.1617,0.037,,,µg/kg/min remifentanil-equivalent,Mean/SD,Table 2 / intraoperative anesthetic consumption,,TEAS EA Verification/Source PDFs/covidence_666_full_article.pdf,aebf2cb5816d3f198cd3a6b5c0ed9d22ad96abac984d877a70077e9c95f4c317,Four-arm frequency trial; preserve each active frequency separately,INCLUDE,EXCLUDE,Outside defined quantitative estimands; retained in full descriptive extraction.,,1,,
V33-OD-0212,Huang 2017,Huang_2017,HUANG17_POSTOP_SUF_AGG,2/100-Hz TEAS,Placebo TEAS/no current,TEAS,Sham,Opioid consumption,Published postoperative sufentanil aggregate,Observation window unclear,Outcome-specific analyzed population,20.0,20.0,1.67,0.59,1.32,0.48,,,µg/kg sufentanil,Mean/SD,Table 5 / postoperative analgesic consumption,,TEAS EA Verification/Source PDFs/covidence_666_full_article.pdf,aebf2cb5816d3f198cd3a6b5c0ed9d22ad96abac984d877a70077e9c95f4c317,Methods mention 6/12/24/48-h assessments but Table 5 gives only one aggregate dose per group,HOLD,HOLD,"Source ambiguity or unavailable required statistic: Unresolved source statistic, denominator or timepoint.",,1,,
V33-OD-0213,Huang 2017,Huang_2017,HUANG17_OPIOID24,Active TEAS frequency arms,Placebo TEAS/no current,TEAS,Sham,Opioid consumption,Exact cumulative postoperative sufentanil consumption,0-24 h,Outcome-specific analyzed population,20.0,20.0,,,,,,,µg/kg sufentanil,Not reported,Exact 24-h postoperative endpoint absent,,TEAS EA Verification/Source PDFs/covidence_666_full_article.pdf,aebf2cb5816d3f198cd3a6b5c0ed9d22ad96abac984d877a70077e9c95f4c317,Exact 24-h group values and PCA demand/delivery counts are not published,NOT REPORTED,HOLD,"No directly tabulated mean/SD or event/denominator for current quantitative body; preserve original statistic, no automatic median or graph conversion.",,1,,
V33-OD-0214,He 2026 (hepatectomy/JIS),He_2026_hepatectomy_JIS,HEJIS26_TEAS_vs_CTRL_MME24,Intraoperative PC6 TEAS,No-current PC6 control,TEAS,Sham,Opioid consumption,Total postoperative opioid consumption in morphine equivalents,0-24 h,Outcome-specific analyzed population,80.0,79.0,20.0,2.5,20.6,4.5,,,mg MME,Mean/SD,"Supplemental Material 2, eTable 1",,TEAS EA Verification/Source PDFs/covidence_25_verified.pdf,4fc22447f980bacde9572ec5b1998318f5c4c38aedd82b7809644644e00d7e96,Supplemental eTable 1 directly reports MME; mITT excludes one canceled surgery and one consent withdrawal after randomization,INCLUDE,SENSITIVITY,Expanded device/rescue/unit-uncertain body. Published source values unchanged. Not the registered systemic estimand.,;opioid24_TEAS_sham_expanded_suf0.25;opioid24_TEAS_sham_expanded_suf0.25_without_Chen2020;opioid24_TEAS_sham_expanded_suf0.5;opioid24_TEAS_sham_expanded_suf0.5_without_Chen2020;opioid24_TEAS_sham_expanded_suf1;opioid24_TEAS_sham_expanded_suf1_without_Chen2020,1,,
V33-OD-0215,He 2026 (hepatectomy/JIS),He_2026_hepatectomy_JIS,HEJIS26_TEAS_vs_CTRL_PONV24,Intraoperative PC6 TEAS,No-current PC6 control,TEAS,Sham,PONV,PONV incidence,0-24 h,Outcome-specific analyzed population,80.0,79.0,,,,,19.0,21.0,participants,Events/total,Primary PONV outcome / mITT,,TEAS EA Verification/Source PDFs/covidence_25_verified.pdf,4fc22447f980bacde9572ec5b1998318f5c4c38aedd82b7809644644e00d7e96,Primary trial outcome; no meaningful between-group difference,INCLUDE,INCLUDE,Includes Song non-acupoint active-current sham as permitted by broader registered sham definition; diagnostic against conservative main taxonomy.,;ponv24_TEAS_sham;ponv24_TEAS_sham_point_window_sensitivity;ponv24_TEAS_broad_sham_sensitivity,1,,
V33-OD-0216,He 2026 (hepatectomy/JIS),He_2026_hepatectomy_JIS,HEJIS26_TEAS_vs_CTRL_PCAATT24,Intraoperative PC6 TEAS,No-current PC6 control,TEAS,Sham,Opioid demand,PCA attempts,24 h,Outcome-specific analyzed population,80.0,79.0,2.7,3.3,3.5,6.1,,,attempts,Mean/SD,Supplemental/secondary outcome,,TEAS EA Verification/Source PDFs/covidence_25_verified.pdf,4fc22447f980bacde9572ec5b1998318f5c4c38aedd82b7809644644e00d7e96,Fewer attempts despite no difference in total MME,INCLUDE,EXCLUDE,Outside defined quantitative estimands; retained in full descriptive extraction.,,1,,
V33-OD-0217,He 2026 (breast/WJCO),He_2026_breast_WJCO,HEBREAST26_EA_vs_SHAM_MODMOV24,Perioperative EA + flurbiprofen,Sham acupuncture + flurbiprofen,EA,Sham,Pain,Moderate-to-severe movement-evoked pain (VAS >4),24 h,Outcome-specific analyzed population,65.0,65.0,,,,,32.0,42.0,participants,Events/total,Primary outcome / 24-h movement pain,,TEAS EA Verification/Source PDFs/covidence_41_verified.pdf,c72b10318ea20c6c8d9c26a001fcbccbb77e7330991aa41644433139108a8cb4,"All 130 analyzed; participant masking intended with shallow sham puncture, but sensory differences were possible",INCLUDE,EXCLUDE,Outside defined quantitative estimands; retained in full descriptive extraction.,,1,,
V33-OD-0218,He 2026 (breast/WJCO),He_2026_breast_WJCO,HEBREAST26_EA_vs_SHAM_VASMOV24,Perioperative EA + flurbiprofen,Sham acupuncture + flurbiprofen,EA,Sham,Pain,Movement VAS,24 h,Outcome-specific analyzed population,65.0,65.0,2.862,0.233,3.954,0.233,,,VAS,Mean/SD,Postoperative VAS table,,TEAS EA Verification/Source PDFs/covidence_41_verified.pdf,c72b10318ea20c6c8d9c26a001fcbccbb77e7330991aa41644433139108a8cb4,"Article labels values mean±SD, but identical very small dispersions across arms/timepoints warrant source-verification caution",INCLUDE,SENSITIVITY,He2026 reported SDs conflict with threshold counts; retain literal SD only as diagnostic.,;pain24_movement_EA_sham_with_He,1,,
V33-OD-0219,He 2026 (breast/WJCO),He_2026_breast_WJCO,HEBREAST26_EA_vs_SHAM_VASREST24,Perioperative EA + flurbiprofen,Sham acupuncture + flurbiprofen,EA,Sham,Pain,Resting VAS,24 h,Outcome-specific analyzed population,65.0,65.0,1.789,0.174,2.692,0.174,,,VAS,Mean/SD,Postoperative VAS table,,TEAS EA Verification/Source PDFs/covidence_41_verified.pdf,c72b10318ea20c6c8d9c26a001fcbccbb77e7330991aa41644433139108a8cb4,Same dispersion-format caution as movement VAS,INCLUDE,SENSITIVITY,He2026 extremely small repeated SDs cannot be reconciled with threshold counts; no fabricated replacement.,;pain24_rest_EA_sham_He_reported_SD,1,,
V33-OD-0220,He 2026 (breast/WJCO),He_2026_breast_WJCO,HEBREAST26_OPIOID24,Perioperative EA + flurbiprofen,Sham acupuncture + flurbiprofen,EA,Sham,Opioid consumption,Cumulative rescue morphine consumption,0-24 h,Outcome-specific analyzed population,65.0,65.0,,,,,,,mg IV morphine,Not reported,Postoperative analgesia limitation,,TEAS EA Verification/Source PDFs/covidence_41_verified.pdf,c72b10318ea20c6c8d9c26a001fcbccbb77e7330991aa41644433139108a8cb4,"Rescue morphine 1-3 mg IV was allowed, but authors explicitly state rescue opioid consumption was not recorded or compared",NOT REPORTED,HOLD,"No directly tabulated mean/SD or event/denominator for current quantitative body; preserve original statistic, no automatic median or graph conversion.",,1,,
V33-OD-0221,Gu 2019,Gu_2019,GU19_LTEAS_vs_CTEAS_VAS24,Long-duration TEAS,Sham/no-current TEAS,TEAS,Sham,Pain,VAS pain intensity,24 h,Outcome-specific analyzed population,58.0,59.0,1.98,0.39,2.72,0.73,,,VAS 0-10,Mean/SD,Figure 3 / 24-h VAS,,TEAS EA Verification/Source PDFs/covidence_1471_full_article.pdf,b6fb0c0901f5f6716bd6cc6facc06f0844dca5c5e9d357527f55936d5de0aa33,Three randomized patients excluded; active 5-30 mA stimulation vs sham no current with no blinding-success assessment,INCLUDE,SENSITIVITY,Rest/movement not established. Never use this mixed-setting body to assert registered pain co-outcome criterion.,;pain24_unclassified_TEAS_sham,1,,
V33-OD-0222,Gu 2019,Gu_2019,GU19_LTEAS_vs_CTEAS_BOWEL,Long-duration TEAS,Sham/no-current TEAS,TEAS,Sham,GI recovery,Time to first bowel sounds,Postoperative,Outcome-specific analyzed population,58.0,59.0,19.69,7.61,26.58,7.43,,,hours,Mean/SD,GI recovery table,,TEAS EA Verification/Source PDFs/covidence_1471_full_article.pdf,b6fb0c0901f5f6716bd6cc6facc06f0844dca5c5e9d357527f55936d5de0aa33,First flatus/defecation were patient self-recorded; bowel sounds were nurse-assessed,INCLUDE,INCLUDE,Leave-out diagnostic: Zheng2025 printed SD/P internal inconsistency unresolved; not a replacement body.,;bowelsounds_TEAS_sham;bowelsounds_TEAS_sham_without_Zheng2025,1,,
V33-OD-0223,Gu 2019,Gu_2019,GU19_LTEAS_vs_CTEAS_FLATUS,Long-duration TEAS,Sham/no-current TEAS,TEAS,Sham,GI recovery,Time to first flatus,Postoperative,Outcome-specific analyzed population,58.0,59.0,36.58,10.75,43.56,9.57,,,hours,Mean/SD,GI recovery table,,TEAS EA Verification/Source PDFs/covidence_1471_full_article.pdf,b6fb0c0901f5f6716bd6cc6facc06f0844dca5c5e9d357527f55936d5de0aa33,First flatus/defecation were patient self-recorded; bowel sounds were nurse-assessed,INCLUDE,INCLUDE,Leave-out diagnostic: Zheng2025 printed SD/P internal inconsistency unresolved; not a replacement body.,;flatus_TEAS_sham;flatus_TEAS_sham_SMD_sensitivity;flatus_TEAS_sham_without_Zheng2025,1,,
V33-OD-0224,Gu 2019,Gu_2019,GU19_LTEAS_vs_CTEAS_DEFEC,Long-duration TEAS,Sham/no-current TEAS,TEAS,Sham,GI recovery,Time to first defecation,Postoperative,Outcome-specific analyzed population,58.0,59.0,71.48,20.62,77.27,22.67,,,hours,Mean/SD,GI recovery table,,TEAS EA Verification/Source PDFs/covidence_1471_full_article.pdf,b6fb0c0901f5f6716bd6cc6facc06f0844dca5c5e9d357527f55936d5de0aa33,First flatus/defecation were patient self-recorded; bowel sounds were nurse-assessed,INCLUDE,INCLUDE,Source construct/window/contrast reviewed; direct data admitted.,;defecation_TEAS_sham,1,,
V33-OD-0225,Gu 2019,Gu_2019,GU19_LTEAS_vs_CTEAS_PCIA4,Long-duration TEAS,Sham/no-current TEAS,TEAS,Sham,PCIA solution volume,Cumulative multimodal PCIA solution consumed,4 h,Outcome-specific analyzed population,58.0,59.0,10.02,2.26,13.38,2.98,,,mL multimodal PCIA solution,Mean/SD,Figure 4 / 4 h cumulative PCIA,,TEAS EA Verification/Source PDFs/covidence_1471_full_article.pdf,b6fb0c0901f5f6716bd6cc6facc06f0844dca5c5e9d357527f55936d5de0aa33,"Pump also contains dexmedetomidine, flurbiprofen and palonosetron; exact 24-h value is graph-only | V34: Solution contains sufentanil, dexmedetomidine, flurbiprofen and palonosetron. No v34 conversion to opioid mass.",INCLUDE,EXCLUDE,Outside defined quantitative estimands; retained in full descriptive extraction.,,1,,
V33-OD-0226,Gu 2019,Gu_2019,GU19_LTEAS_vs_CTEAS_PCIA8,Long-duration TEAS,Sham/no-current TEAS,TEAS,Sham,PCIA solution volume,Cumulative multimodal PCIA solution consumed,8 h,Outcome-specific analyzed population,58.0,59.0,20.55,4.59,24.63,3.94,,,mL multimodal PCIA solution,Mean/SD,Figure 4 / 8 h cumulative PCIA,,TEAS EA Verification/Source PDFs/covidence_1471_full_article.pdf,b6fb0c0901f5f6716bd6cc6facc06f0844dca5c5e9d357527f55936d5de0aa33,"Pump also contains dexmedetomidine, flurbiprofen and palonosetron; exact 24-h value is graph-only | V34: Solution contains sufentanil, dexmedetomidine, flurbiprofen and palonosetron. No v34 conversion to opioid mass.",INCLUDE,EXCLUDE,Outside defined quantitative estimands; retained in full descriptive extraction.,,1,,
V33-OD-0227,Gu 2019,Gu_2019,GU19_LTEAS_vs_CTEAS_PCIA36,Long-duration TEAS,Sham/no-current TEAS,TEAS,Sham,PCIA solution volume,Cumulative multimodal PCIA solution consumed,36 h,Outcome-specific analyzed population,58.0,59.0,72.64,9.74,76.01,10.43,,,mL multimodal PCIA solution,Mean/SD,Figure 4 / 36 h cumulative PCIA,,TEAS EA Verification/Source PDFs/covidence_1471_full_article.pdf,b6fb0c0901f5f6716bd6cc6facc06f0844dca5c5e9d357527f55936d5de0aa33,"Pump also contains dexmedetomidine, flurbiprofen and palonosetron; exact 24-h value is graph-only | V34: Solution contains sufentanil, dexmedetomidine, flurbiprofen and palonosetron. No v34 conversion to opioid mass.",INCLUDE,EXCLUDE,Outside defined quantitative estimands; retained in full descriptive extraction.,,1,,
V33-OD-0228,Gu 2019,Gu_2019,GU19_OPIOID24,Long-duration TEAS,Sham/no-current TEAS,TEAS,Sham,PCIA solution volume,Cumulative multimodal PCIA solution volume,0-24 h,Outcome-specific analyzed population,58.0,59.0,,,,,,,mL multimodal PCIA solution,Graph-only continuous data,Figure 4 / 24-h point,,TEAS EA Verification/Source PDFs/covidence_1471_full_article.pdf,b6fb0c0901f5f6716bd6cc6facc06f0844dca5c5e9d357527f55936d5de0aa33,"24-h PCIA point is visible graphically but not numerically reported | V34: Solution contains sufentanil, dexmedetomidine, flurbiprofen and palonosetron. No v34 conversion to opioid mass.",GRAPH ONLY,HOLD,"No directly tabulated mean/SD or event/denominator for current quantitative body; preserve original statistic, no automatic median or graph conversion.",,1,,
V33-OD-0229,Guo 2023,Guo_2023,GUO23_TEAS_vs_SHAM_POCD1,Perioperative TEAS,Sham/no-current TEAS,TEAS,Sham,Neurocognitive,Postoperative cognitive dysfunction (MoCA decline ≥1 SD),POD1,Outcome-specific analyzed population,55.0,55.0,,,,,11.0,36.0,participants,Events/total,Primary POCD result,,retrieved_pdfs/006_guo_2023.pdf,939a5c0639ee8f9d570b5f1de578831009fb452fc1caabbb1c7879faf8849434,"18/128 randomized participants excluded from analysis, including conversions, repeat surgery, refusal and deaths",INCLUDE,EXCLUDE,Outside defined quantitative estimands; retained in full descriptive extraction.,,1,,
V33-OD-0230,Guo 2023,Guo_2023,GUO23_TEAS_vs_SHAM_POCD7,Perioperative TEAS,Sham/no-current TEAS,TEAS,Sham,Neurocognitive,Postoperative cognitive dysfunction (MoCA decline ≥1 SD),POD7,Outcome-specific analyzed population,55.0,55.0,,,,,4.0,24.0,participants,Events/total,Primary POCD result,,retrieved_pdfs/006_guo_2023.pdf,939a5c0639ee8f9d570b5f1de578831009fb452fc1caabbb1c7879faf8849434,"18/128 randomized participants excluded from analysis, including conversions, repeat surgery, refusal and deaths",INCLUDE,EXCLUDE,Outside defined quantitative estimands; retained in full descriptive extraction.,,1,,
V33-OD-0231,Guo 2023,Guo_2023,GUO23_TEAS_vs_SHAM_POCD30,Perioperative TEAS,Sham/no-current TEAS,TEAS,Sham,Neurocognitive,Postoperative cognitive dysfunction (MoCA decline ≥1 SD),POD30,Outcome-specific analyzed population,55.0,55.0,,,,,2.0,22.0,participants,Events/total,Primary POCD result,,retrieved_pdfs/006_guo_2023.pdf,939a5c0639ee8f9d570b5f1de578831009fb452fc1caabbb1c7879faf8849434,"18/128 randomized participants excluded from analysis, including conversions, repeat surgery, refusal and deaths",INCLUDE,EXCLUDE,Outside defined quantitative estimands; retained in full descriptive extraction.,,1,,
V33-OD-0232,Guo 2023,Guo_2023,GUO23_TEAS_vs_SHAM_REMI,Perioperative TEAS,Sham/no-current TEAS,TEAS,Sham,Intraoperative opioid,Remifentanil consumption,Intraoperative,Outcome-specific analyzed population,55.0,55.0,0.87,0.3,1.01,0.39,,,mg remifentanil,Mean/SD,Perioperative anesthetic table,,retrieved_pdfs/006_guo_2023.pdf,939a5c0639ee8f9d570b5f1de578831009fb452fc1caabbb1c7879faf8849434,Complete-case n=55/group,INCLUDE,INCLUDE,Leave-out diagnostic: Zheng2025 printed SD/P internal inconsistency unresolved; not a replacement body.,;intraop_remifentanil_TEAS_sham;intraop_remifentanil_TEAS_sham_without_Zheng2025,1,,
V33-OD-0233,Guo 2023,Guo_2023,GUO23_PAINPOD1,Perioperative TEAS,Sham/no-current TEAS,TEAS,Sham,Pain,NRS pain intensity,POD1,Outcome-specific analyzed population,55.0,55.0,,,,,,,NRS,Graph-only continuous data,Figure 3B,,retrieved_pdfs/006_guo_2023.pdf,939a5c0639ee8f9d570b5f1de578831009fb452fc1caabbb1c7879faf8849434,Exact means/SDs are figure-only,GRAPH ONLY,HOLD,"No directly tabulated mean/SD or event/denominator for current quantitative body; preserve original statistic, no automatic median or graph conversion.",,1,,
V33-OD-0234,Guo 2023,Guo_2023,GUO23_OPIOID24,Perioperative TEAS,Sham/no-current TEAS,TEAS,Sham,Opioid consumption,Actual postoperative sufentanil consumption,0-24 h,Outcome-specific analyzed population,55.0,55.0,,,,,,,µg sufentanil,Not reported,Postoperative PCIA section,,retrieved_pdfs/006_guo_2023.pdf,939a5c0639ee8f9d570b5f1de578831009fb452fc1caabbb1c7879faf8849434,PCIA prescription is reported but actual delivered 24-h/48-h sufentanil is not,NOT REPORTED,HOLD,"No directly tabulated mean/SD or event/denominator for current quantitative body; preserve original statistic, no automatic median or graph conversion.",,1,,
V33-OD-0235,Grech 2016,Grech_2016,GRECH16_EA_vs_CTRL_PACU_MME_WOMEN,Intraoperative low-frequency EA,Sham/control,EA,Sham,Opioid consumption,PACU analgesic requirement in women-only subgroup,PACU,Outcome-specific analyzed population,9.0,9.0,,,,,,,mg morphine-equivalent,Graph-only morphine-equivalent outcome,Figure 1D / women-only PACU analgesic requirement,,retrieved_pdfs/030_grech_2016_lund.pdf,3e8ef2e6a5e8768cc4f9c4635ed2156fe7d03d529e4d140df84d8789138f6a63,Post hoc women-only subgroup excludes two men from EA arm; exact means/SEM are not tabulated,GRAPH ONLY,HOLD,"No directly tabulated mean/SD or event/denominator for current quantitative body; preserve original statistic, no automatic median or graph conversion.",,1,,
V33-OD-0236,Grech 2016,Grech_2016,GRECH16_EA_vs_CTRL_OPIOID24,Intraoperative low-frequency EA,Sham/control,EA,Sham,Opioid consumption,Exact cumulative 24-h postoperative morphine-equivalent consumption,0-24 h,Outcome-specific analyzed population,,,,,,,,,mg morphine-equivalent,Not reported,Postoperative analgesic figures,,retrieved_pdfs/030_grech_2016_lund.pdf,3e8ef2e6a5e8768cc4f9c4635ed2156fe7d03d529e4d140df84d8789138f6a63,Day-1 analgesic use is graphical and exact 24-h mean/dispersion is not tabulated,NOT REPORTED,HOLD,"No directly tabulated mean/SD or event/denominator for current quantitative body; preserve original statistic, no automatic median or graph conversion.",,1,,
V33-OD-0237,Grech 2016,Grech_2016,GRECH16_EA_vs_CTRL_PAIN,Intraoperative low-frequency EA,Sham/control,EA,Sham,Pain,Postoperative VAS pain,PACU and POD1-3,Outcome-specific analyzed population,,,,,,,,,VAS 0-10,Graph-only continuous data,Postoperative pain figures,,retrieved_pdfs/030_grech_2016_lund.pdf,3e8ef2e6a5e8768cc4f9c4635ed2156fe7d03d529e4d140df84d8789138f6a63,Exact numeric pain means/SEM are not tabulated,GRAPH ONLY,HOLD,"No directly tabulated mean/SD or event/denominator for current quantitative body; preserve original statistic, no automatic median or graph conversion.",,1,,
V33-OD-0238,Gao 2021,Gao_2021,GAO21_TEAS_vs_SHAM_POI,Postoperative TEAS,Sham/no-current TEAS,TEAS,Sham,GI recovery,Postoperative paralytic ileus: no flatus >72 h,Postoperative,Outcome-specific analyzed population,303.0,307.0,,,,,98.0,126.0,participants,Events/total,Primary POI outcome,,TEAS EA Verification/Source PDFs/covidence_400_full_article.pdf,9dccc7912cf6c84c466abdf8e09b879b53113bafa6d3d72306ad087bdc48e18a,Full ITT of all 610 randomized; participant sensory masking limited because active TEAS was perceptible,INCLUDE,EXCLUDE,Outside defined quantitative estimands; retained in full descriptive extraction.,,1,,
V33-OD-0239,Gao 2021,Gao_2021,GAO21_TEAS_vs_SHAM_FLATUS,Postoperative TEAS,Sham/no-current TEAS,TEAS,Sham,GI recovery,Time to first flatus,Postoperative,Outcome-specific analyzed population,303.0,307.0,63.4,29.0,76.3,37.9,,,hours,Mean/SD,GI recovery outcomes,,TEAS EA Verification/Source PDFs/covidence_400_full_article.pdf,9dccc7912cf6c84c466abdf8e09b879b53113bafa6d3d72306ad087bdc48e18a,Full randomized sample retained; participant awareness may influence self-reported GI milestones,INCLUDE,INCLUDE,Leave-out diagnostic: Zheng2025 printed SD/P internal inconsistency unresolved; not a replacement body.,;flatus_TEAS_sham;flatus_TEAS_sham_SMD_sensitivity;flatus_TEAS_sham_without_Zheng2025,1,,
V33-OD-0240,Gao 2021,Gao_2021,GAO21_TEAS_vs_SHAM_DEFEC,Postoperative TEAS,Sham/no-current TEAS,TEAS,Sham,GI recovery,Time to first defecation,Postoperative,Outcome-specific analyzed population,303.0,307.0,106.7,65.6,121.5,65.6,,,hours,Mean/SD,GI recovery outcomes,,TEAS EA Verification/Source PDFs/covidence_400_full_article.pdf,9dccc7912cf6c84c466abdf8e09b879b53113bafa6d3d72306ad087bdc48e18a,Full randomized sample retained; participant awareness may influence self-reported GI milestones,INCLUDE,INCLUDE,Source construct/window/contrast reviewed; direct data admitted.,;defecation_TEAS_sham,1,,
V33-OD-0241,Gao 2021,Gao_2021,GAO21_TEAS_vs_SHAM_DIET,Postoperative TEAS,Sham/no-current TEAS,TEAS,Sham,GI recovery,Time to resume normal diet,Postoperative,Outcome-specific analyzed population,303.0,307.0,373.9,224.9,425.5,235.6,,,hours,Mean/SD,GI recovery outcomes,,TEAS EA Verification/Source PDFs/covidence_400_full_article.pdf,9dccc7912cf6c84c466abdf8e09b879b53113bafa6d3d72306ad087bdc48e18a,Full randomized sample retained; participant awareness may influence self-reported GI milestones,INCLUDE,EXCLUDE,Outside defined quantitative estimands; retained in full descriptive extraction.,,1,,
V33-OD-0242,Gao 2021,Gao_2021,GAO21_OPIOID24,Postoperative TEAS,Sham/no-current TEAS,TEAS,Sham,Opioid consumption,Exact cumulative postoperative opioid consumption,0-24 h,Outcome-specific analyzed population,303.0,307.0,,,,,,,mg/µg,Not reported,Postoperative analgesia section,,TEAS EA Verification/Source PDFs/covidence_400_full_article.pdf,9dccc7912cf6c84c466abdf8e09b879b53113bafa6d3d72306ad087bdc48e18a,"Main article reports only whether postoperative analgesia was used, not drug-specific dose/route/PCA consumption",NOT REPORTED,HOLD,"No directly tabulated mean/SD or event/denominator for current quantitative body; preserve original statistic, no automatic median or graph conversion.",,1,,
V33-OD-0243,Yeh 2010,Yeh_probable_family,YEH10_AES_vs_SHAM_MORPH24,True-acupoint AES,Electrical sham/nonmeridian AES,TEAS,Sham,Opioid consumption,24-h morphine PCA dose,First 24 postoperative hours,Outcome-specific analyzed population,33.0,30.0,18.6,9.7,21.6,13.1,,,mg morphine; source explicitly calls PCA epidural,Mean/SD,Table 4 / 24-h opiate dose,,TEAS EA Verification/Source PDFs/015_PainATHM-2.pdf,58b5e1536bc704b429f00e4886606814fbec60efa6ffe63e7098571548c41994,Probable overlapping publication/cohort with Yeh 2011. Five of 99 entrants did not complete and randomized arm assignment of losses is NR. Do not treat both papers as independent.,DUPLICATE HOLD,HOLD,Probable overlapping family; conflicting epidural/IV route for opioids. No independent duplicated cohort admitted.,,1,,
V33-OD-0244,Yeh 2010,Yeh_probable_family,YEH10_AES_vs_CONTROL_MORPH24,True-acupoint AES,No-AES control,TEAS,CONTROL_TYPE_REVIEW_REQUIRED,Opioid consumption,24-h morphine PCA dose,First 24 postoperative hours,Outcome-specific analyzed population,33.0,31.0,18.6,9.7,27.2,12.5,,,mg morphine; source explicitly calls PCA epidural,Mean/SD,Table 4 / 24-h opiate dose,,TEAS EA Verification/Source PDFs/015_PainATHM-2.pdf,58b5e1536bc704b429f00e4886606814fbec60efa6ffe63e7098571548c41994,Same probable overlapping cohort issue; route must not be silently recoded as IV.,DUPLICATE HOLD,HOLD,Probable overlapping family; conflicting epidural/IV route for opioids. No independent duplicated cohort admitted.,,1,,
V33-OD-0245,Yeh 2011,Yeh_probable_family,YEH11_AES_vs_SHAM_MORPH24,True-acupoint AES,Electrical sham/nonacupoint AES,TEAS,Sham,Opioid consumption,24-h IV morphine PCA dose,First 24 postoperative hours,Outcome-specific analyzed population,30.0,30.0,19.3,9.7,21.6,13.1,,,mg IV morphine,Mean/SD,Table 3 / 24-h opiate dose,,TEAS EA Verification/Source PDFs/covidence_828_full_article.pdf,f0616419764d81993b6427b4cb4a46af14743f42a5262b8d8a1918d3de66e74a,"Highly similar to Yeh 2010 in population, acupoints, comparator and 24-h opioid values; do not count independently until cohort/publication linkage is adjudicated.",DUPLICATE HOLD,HOLD,Probable overlapping family; conflicting epidural/IV route for opioids. No independent duplicated cohort admitted.,,1,,
V33-OD-0246,Yeh 2011,Yeh_probable_family,YEH11_AES_vs_CONTROL_MORPH24,True-acupoint AES,No-AES control,TEAS,CONTROL_TYPE_REVIEW_REQUIRED,Opioid consumption,24-h IV morphine PCA dose,First 24 postoperative hours,Outcome-specific analyzed population,30.0,30.0,19.3,9.7,28.0,12.1,,,mg IV morphine,Mean/SD,Table 3 / 24-h opiate dose,,TEAS EA Verification/Source PDFs/covidence_828_full_article.pdf,f0616419764d81993b6427b4cb4a46af14743f42a5262b8d8a1918d3de66e74a,Sequential allocation without sealed envelopes; probable overlapping publication family with Yeh 2010.,DUPLICATE HOLD,HOLD,Probable overlapping family; conflicting epidural/IV route for opioids. No independent duplicated cohort admitted.,,1,,
V33-OD-0247,Wong 2006,Wong_2006,WONG06_EA_vs_SHAM_MORPHD0,Postoperative electroacupuncture,Nonpenetrating sham acupuncture,EA,Sham,Opioid consumption,IV PCA morphine consumption,Day 0,Outcome-specific analyzed population,13.0,12.0,8.3,4.9,7.8,6.4,,,mg IV morphine,Mean/SD,Table 2 / postoperative PCA morphine,,TEAS EA Verification/Source PDFs/covidence_912_wong_2006.pdf,898210345f2f104e6b98a21b11532d3b53872ab18a90e0b9e232052d2718b877,Both groups also received scheduled oral dextropropoxyphene. Two randomized sham patients were excluded after serious postoperative complications.,INCLUDE,EXCLUDE,Outside defined quantitative estimands; retained in full descriptive extraction.,,1,,
V33-OD-0248,Wong 2006,Wong_2006,WONG06_EA_vs_SHAM_MORPHD1,Postoperative electroacupuncture,Nonpenetrating sham acupuncture,EA,Sham,Opioid consumption,IV PCA morphine consumption,Day 1,Outcome-specific analyzed population,13.0,12.0,18.0,8.8,18.8,9.8,,,mg IV morphine,Mean/SD,Table 2 / postoperative PCA morphine,,TEAS EA Verification/Source PDFs/covidence_912_wong_2006.pdf,898210345f2f104e6b98a21b11532d3b53872ab18a90e0b9e232052d2718b877,Both groups also received scheduled oral dextropropoxyphene. Two randomized sham patients were excluded after serious postoperative complications.,INCLUDE,EXCLUDE,Outside defined quantitative estimands; retained in full descriptive extraction.,,1,,
V33-OD-0249,Wong 2006,Wong_2006,WONG06_EA_vs_SHAM_MORPHD2,Postoperative electroacupuncture,Nonpenetrating sham acupuncture,EA,Sham,Opioid consumption,IV PCA morphine consumption,Day 2,Outcome-specific analyzed population,13.0,12.0,7.5,5.0,15.7,12.0,,,mg IV morphine,Mean/SD,Table 2 / postoperative PCA morphine,,TEAS EA Verification/Source PDFs/covidence_912_wong_2006.pdf,898210345f2f104e6b98a21b11532d3b53872ab18a90e0b9e232052d2718b877,Both groups also received scheduled oral dextropropoxyphene. Two randomized sham patients were excluded after serious postoperative complications.,INCLUDE,EXCLUDE,Outside defined quantitative estimands; retained in full descriptive extraction.,,1,,
V33-OD-0250,Wong 2006,Wong_2006,WONG06_EA_vs_SHAM_MORPHTOTAL,Postoperative electroacupuncture,Nonpenetrating sham acupuncture,EA,Sham,Opioid consumption,IV PCA morphine consumption,First 3 postoperative days total,Outcome-specific analyzed population,13.0,12.0,33.9,12.8,42.3,21.3,,,mg IV morphine,Mean/SD,Table 2 / postoperative PCA morphine,,TEAS EA Verification/Source PDFs/covidence_912_wong_2006.pdf,898210345f2f104e6b98a21b11532d3b53872ab18a90e0b9e232052d2718b877,Both groups also received scheduled oral dextropropoxyphene. Two randomized sham patients were excluded after serious postoperative complications.,INCLUDE,INCLUDE,Published three-day PCA mean/SD; separate from strict systemic24h outcome.,;opioid72_EA_sham_PCA,1,,
V33-OD-0251,Wong 2006,Wong_2006,WONG06_EA_vs_SHAM_OPIOID24,Postoperative electroacupuncture,Nonpenetrating sham acupuncture,EA,Sham,Opioid consumption,Exact total opioid exposure,0-24 h,Outcome-specific analyzed population,13.0,12.0,,,,,,,mg MME,Not reported,Timing/analgesia protocol,,TEAS EA Verification/Source PDFs/covidence_912_wong_2006.pdf,898210345f2f104e6b98a21b11532d3b53872ab18a90e0b9e232052d2718b877,Day labels are not defined as exact consecutive 24-h windows and scheduled dextropropoxyphene contributes additional opioid exposure.,NOT REPORTED,HOLD,"No directly tabulated mean/SD or event/denominator for current quantitative body; preserve original statistic, no automatic median or graph conversion.",,1,,
V33-OD-0252,El-Rakshy 2009,El_Rakshy_2009,ELR09_EA_vs_CTRL_MORPH24,Intraoperative EA + PCA,PCA alone/no acupuncture,EA,Usual care,Opioid consumption,Total IV morphine analgesia,First 24 h,Outcome-specific analyzed population,42.0,53.0,35.3,18.0,36.9,18.0,,,mg IV morphine,Mean/SD,Table 2 / total analgesia in 24 h,,TEAS EA Verification/Source PDFs/covidence_868_full_article.pdf,afb7b0095736da9d64b2c771296a6b74cb30c9287b7aa3e2644a14b5e0307529,Publication has irreconcilable allocation/analyzed group labels. Use Table 2 n=42 EA and n=53 control for this result; do not substitute overall study denominators.,INCLUDE,INCLUDE,Source construct/window/contrast reviewed; direct data admitted.,;opioid24_EA_usual;opioid24_EA_usual_expanded,1,,
V33-OD-0253,El-Rakshy 2009,El_Rakshy_2009,ELR09_EA_vs_CTRL_MORPH4,Intraoperative EA + PCA,PCA alone/no acupuncture,EA,Usual care,Opioid consumption,Total IV morphine analgesia,First 4 h,Outcome-specific analyzed population,40.0,53.0,13.4,7.5,13.2,8.6,,,mg IV morphine,Mean/SD,Table 2 / first 4 h,,TEAS EA Verification/Source PDFs/covidence_868_full_article.pdf,afb7b0095736da9d64b2c771296a6b74cb30c9287b7aa3e2644a14b5e0307529,Again preserve outcome-specific n=40 EA and n=53 control.,INCLUDE,EXCLUDE,Outside defined quantitative estimands; retained in full descriptive extraction.,,1,,
V33-OD-0254,An 2014,An_2014,AN14_EA_vs_CTRL_FENT48,Intraoperative electroacupuncture,No acupuncture control,EA,Usual care,Opioid consumption,Total postoperative fentanyl PCIA dose,Through reported 48-h PCIA period,Outcome-specific analyzed population,41.0,40.0,0.67,0.09,0.73,0.12,,,mg fentanyl,Mean/SD,Opioid/PCIA results,,TEAS EA Verification/Source PDFs/covidence_698_full_article.pdf,56f30fc7755720d3fe7611252f8c3700faa6c6ab57cddc112fef729cc913c645,Seven of 88 randomized patients were excluded from analysis; total fentanyl is not isolated to 0-24 h.,INCLUDE,INCLUDE,Source construct/window/contrast reviewed; direct data admitted.,;opioid48_EA_usual_PCA,1,,
V33-OD-0255,An 2014,An_2014,AN14_EA_vs_CTRL_OPIOID24,Intraoperative electroacupuncture,No acupuncture control,EA,Usual care,Opioid consumption,Exact cumulative postoperative fentanyl,0-24 h,Outcome-specific analyzed population,41.0,40.0,,,,,,,mg/µg fentanyl,Not reported,PCIA results,,TEAS EA Verification/Source PDFs/covidence_698_full_article.pdf,56f30fc7755720d3fe7611252f8c3700faa6c6ab57cddc112fef729cc913c645,Published bolus activity is split 0-6 h and 6-48 h; exact 0-24-h fentanyl cannot be reconstructed.,NOT REPORTED,HOLD,"No directly tabulated mean/SD or event/denominator for current quantitative body; preserve original statistic, no automatic median or graph conversion.",,1,,
V33-OD-0256,Chen 2015,Chen_2015,CHEN15Q_TEAS_vs_CTRL_QOR40,Preoperative TEAS,Electrodes/device with no stimulation,TEAS,Sham,Quality of recovery,Global QoR-40,24 h,Outcome-specific analyzed population,41.0,42.0,,,,,,,QoR-40 points,Median/IQR,Table 2 / global QoR-40,,037_chen_2015_thyroidectomy_lund.pdf,60361dc28f099a330d13fe98c9e96d8f94334920f0eaffd65c450ffd6dc87bfc,One TEAS participant excluded for protocol breach; active 6-9 mA stimulation vs no-current control may compromise patient blinding for a patient-reported primary outcome.,NARRATIVE ONLY,HOLD,"No directly tabulated mean/SD or event/denominator for current quantitative body; preserve original statistic, no automatic median or graph conversion.",,1,,
V33-OD-0257,Chen 2015,Chen_2015,CHEN15Q_TEAS_vs_CTRL_PONV24,Preoperative TEAS,Electrodes/device with no stimulation,TEAS,Sham,PONV,PONV incidence,0-24 h,Outcome-specific analyzed population,41.0,42.0,,,,,10.0,26.0,participants,Events/total,Table 3 / PONV,,037_chen_2015_thyroidectomy_lund.pdf,60361dc28f099a330d13fe98c9e96d8f94334920f0eaffd65c450ffd6dc87bfc,Use analyzed denominators 41 and 42.,INCLUDE,INCLUDE,Includes Song non-acupoint active-current sham as permitted by broader registered sham definition; diagnostic against conservative main taxonomy.,;ponv24_TEAS_sham;ponv24_TEAS_sham_point_window_sensitivity;ponv24_TEAS_broad_sham_sensitivity,1,,
V33-OD-0258,Chen 2015,Chen_2015,CHEN15Q_TEAS_vs_CTRL_RESCUEMORPH24,Preoperative TEAS,Electrodes/device with no stimulation,TEAS,Sham,Opioid consumption,Cumulative rescue IV morphine dose derived from fixed 2-mg rescue administrations,0-24 h,Outcome-specific analyzed population,41.0,42.0,,,,,,,mg IV morphine,Median/IQR,Methods + Table 3,,037_chen_2015_thyroidectomy_lund.pdf,60361dc28f099a330d13fe98c9e96d8f94334920f0eaffd65c450ffd6dc87bfc,"Source reports rescue-administration count 1 (1-3) vs 3.5 (2-7); each rescue administration was fixed at morphine 2 mg. Linear conversion to mg is exact, but the source itself reports counts rather than dose.",NARRATIVE ONLY,HOLD,"No directly tabulated mean/SD or event/denominator for current quantitative body; preserve original statistic, no automatic median or graph conversion.",,1,,
V33-OD-0259,Chen 2015 (Hyperalgesia),Chen_2015_Hyperalgesia,CHEN15H_TEAS_vs_SHAM_RESCUECOUNT24,Preoperative TEAS,Electrodes/no-current sham,TEAS,Sham,Opioid demand,Cumulative number of rescue sufentanil PCIA boluses,0-24 h,Outcome-specific analyzed population,29.0,30.0,,,,,,,boluses,Median/IQR,Table 2 / cumulative rescue analgesia,,040_chen_2015_hyperalgesia_lund.pdf,88719bd172fa29650c9503944c2e6f7cf083d1dac34c978d8f0d2ddf12b7d2ba,One TEAS participant excluded for protocol breach. Do not convert using group-average body weight to absolute µg.,NARRATIVE ONLY,HOLD,"No directly tabulated mean/SD or event/denominator for current quantitative body; preserve original statistic, no automatic median or graph conversion.",,1,,
V33-OD-0260,Chen 2015 (Hyperalgesia),Chen_2015_Hyperalgesia,CHEN15H_TEAS_vs_SHAM_SUFKG24,Preoperative TEAS,Electrodes/no-current sham,TEAS,Sham,Opioid consumption,Derived cumulative sufentanil dose from fixed 0.05 µg/kg bolus,0-24 h,Outcome-specific analyzed population,29.0,30.0,,,,,,,µg/kg sufentanil,Median/IQR,PCIA protocol + Table 2,,040_chen_2015_hyperalgesia_lund.pdf,88719bd172fa29650c9503944c2e6f7cf083d1dac34c978d8f0d2ddf12b7d2ba,Exact linear conversion from 0.05 µg/kg per bolus × reported bolus count. Do not convert to absolute µg or MME without individual body weights.,NARRATIVE ONLY,HOLD,"No directly tabulated mean/SD or event/denominator for current quantitative body; preserve original statistic, no automatic median or graph conversion.",,1,,
V33-OD-0261,Chen 2015 (Hyperalgesia),Chen_2015_Hyperalgesia,CHEN15H_TEAS_vs_SHAM_PONV24,Preoperative TEAS,Electrodes/no-current sham,TEAS,Sham,PONV,PONV incidence,0-24 h,Outcome-specific analyzed population,29.0,30.0,,,,,5.0,13.0,participants,Events/total,Table 2 / PONV,,040_chen_2015_hyperalgesia_lund.pdf,88719bd172fa29650c9503944c2e6f7cf083d1dac34c978d8f0d2ddf12b7d2ba,Use 29 analyzed TEAS and 30 control; one TEAS protocol-breach exclusion.,INCLUDE,INCLUDE,Includes Song non-acupoint active-current sham as permitted by broader registered sham definition; diagnostic against conservative main taxonomy.,;ponv24_TEAS_sham;ponv24_TEAS_sham_point_window_sensitivity;ponv24_TEAS_broad_sham_sensitivity,1,,
V33-OD-0262,Ao 2021,Ao_2021,AO21_TEAS_vs_SHAM_PCA48,Repeated perioperative TEAS,Sham/no current,TEAS,Sham,Opioid demand,Cumulative PCA solution consumption,48 h,Outcome-specific analyzed population,32.0,33.0,102.8,7.4,120.6,9.2,,,mL PCA solution,Mean/SD,48-h PCA result,,TEAS EA Verification/Source PDFs/download.pdf,023be0cdbc3241bf59fa7725d3149866a3e4066f696415c969ee99adfce8cfda,Exact 24-h sufentanil total is not reported; the earlier 24-h VAS row is graph-digitized and remains derived.,INCLUDE,EXCLUDE,Outside defined quantitative estimands; retained in full descriptive extraction.,,1,,
V33-OD-0263,Wu 2016,Wu_2016,WU16_TAES_vs_ACTIVE_OPIOID24,Perioperative true-acupoint TAES (LI4/PC6/SI3/SJ6),Active nonacupoint electrical stimulation (identical 2/100-Hz current),TEAS,CONTROL_TYPE_REVIEW_REQUIRED,Opioid consumption,Exact cumulative postoperative opioid/tramadol consumption,0-24 h,Outcome-specific analyzed population,27.0,27.0,,,,,,,mg tramadol (IV rescue),Not reported,Pain measurement / rescue analgesia methods and results,,TEAS EA Verification/Source PDFs/wu2015.pdf,193321b7d3e57c0519cd87df66886a7015c5d816b43403e67b12ff198fd54999,"IV tramadol 100 mg was available as rescue, but group-specific cumulative dose/number of rescues for 0-24 h is not reported.",NOT REPORTED,HOLD,"No directly tabulated mean/SD or event/denominator for current quantitative body; preserve original statistic, no automatic median or graph conversion.",,1,,
V33-OD-0264,Wu 2016,Wu_2016,WU16_TAES_vs_UC_OPIOID24,Perioperative true-acupoint TAES (LI4/PC6/SI3/SJ6),No-TAES thoracotomy control,TEAS,CONTROL_TYPE_REVIEW_REQUIRED,Opioid consumption,Exact cumulative postoperative opioid/tramadol consumption,0-24 h,Outcome-specific analyzed population,27.0,27.0,,,,,,,mg tramadol (IV rescue),Not reported,Pain measurement / rescue analgesia methods and results,,TEAS EA Verification/Source PDFs/wu2015.pdf,193321b7d3e57c0519cd87df66886a7015c5d816b43403e67b12ff198fd54999,"Rescue analgesic demand was lower with true TAES vs no TAES, but exact 0-24-h tramadol dose/number of rescues is not reported.",NOT REPORTED,HOLD,"No directly tabulated mean/SD or event/denominator for current quantitative body; preserve original statistic, no automatic median or graph conversion.",,1,,
V33-OD-0265,Wu 2016,Wu_2016,WU16_TAES_vs_ACTIVE_REST24,Perioperative true-acupoint TAES (LI4/PC6/SI3/SJ6),Active nonacupoint electrical stimulation (identical 2/100-Hz current),TEAS,CONTROL_TYPE_REVIEW_REQUIRED,Pain,VAS pain intensity at rest,24 h postoperatively,Outcome-specific analyzed population,27.0,27.0,,,,,,,VAS 0-10,Graph-only continuous data,Figure 1A / 24-h point,,TEAS EA Verification/Source PDFs/wu2015.pdf,193321b7d3e57c0519cd87df66886a7015c5d816b43403e67b12ff198fd54999,Exact 24-h mean/SD are shown only in Figure 1A; do not infer numeric values from the plot without formal digitization.,GRAPH ONLY,HOLD,"No directly tabulated mean/SD or event/denominator for current quantitative body; preserve original statistic, no automatic median or graph conversion.",,1,,
V33-OD-0266,Wu 2016,Wu_2016,WU16_TAES_vs_UC_REST24,Perioperative true-acupoint TAES (LI4/PC6/SI3/SJ6),No-TAES thoracotomy control,TEAS,CONTROL_TYPE_REVIEW_REQUIRED,Pain,VAS pain intensity at rest,24 h postoperatively,Outcome-specific analyzed population,27.0,27.0,,,,,,,VAS 0-10,Graph-only continuous data,Figure 1A / 24-h point,,TEAS EA Verification/Source PDFs/wu2015.pdf,193321b7d3e57c0519cd87df66886a7015c5d816b43403e67b12ff198fd54999,Exact 24-h mean/SD are shown only in Figure 1A; do not infer numeric values from the plot without formal digitization.,GRAPH ONLY,HOLD,"No directly tabulated mean/SD or event/denominator for current quantitative body; preserve original statistic, no automatic median or graph conversion.",,1,,
V33-OD-0267,Wu 2016,Wu_2016,WU16_TAES_vs_ACTIVE_COUGH24,Perioperative true-acupoint TAES (LI4/PC6/SI3/SJ6),Active nonacupoint electrical stimulation (identical 2/100-Hz current),TEAS,CONTROL_TYPE_REVIEW_REQUIRED,Pain,VAS pain intensity during coughing,24 h postoperatively,Outcome-specific analyzed population,27.0,27.0,,,,,,,VAS 0-10,Graph-only continuous data,Figure 1B / 24-h point,,TEAS EA Verification/Source PDFs/wu2015.pdf,193321b7d3e57c0519cd87df66886a7015c5d816b43403e67b12ff198fd54999,Exact 24-h mean/SD are shown only in Figure 1B; do not infer numeric values from the plot without formal digitization.,GRAPH ONLY,HOLD,"No directly tabulated mean/SD or event/denominator for current quantitative body; preserve original statistic, no automatic median or graph conversion.",,1,,
V33-OD-0268,Wu 2016,Wu_2016,WU16_TAES_vs_UC_COUGH24,Perioperative true-acupoint TAES (LI4/PC6/SI3/SJ6),No-TAES thoracotomy control,TEAS,CONTROL_TYPE_REVIEW_REQUIRED,Pain,VAS pain intensity during coughing,24 h postoperatively,Outcome-specific analyzed population,27.0,27.0,,,,,,,VAS 0-10,Graph-only continuous data,Figure 1B / 24-h point,,TEAS EA Verification/Source PDFs/wu2015.pdf,193321b7d3e57c0519cd87df66886a7015c5d816b43403e67b12ff198fd54999,Exact 24-h mean/SD are shown only in Figure 1B; do not infer numeric values from the plot without formal digitization.,GRAPH ONLY,HOLD,"No directly tabulated mean/SD or event/denominator for current quantitative body; preserve original statistic, no automatic median or graph conversion.",,1,,
V33-OD-0269,Wu 2016,Wu_2016,WU16_TAES_vs_ACTIVE_PONV,Perioperative true-acupoint TAES (LI4/PC6/SI3/SJ6),Active nonacupoint electrical stimulation (identical 2/100-Hz current),TEAS,CONTROL_TYPE_REVIEW_REQUIRED,PONV,Postoperative nausea/vomiting incidence,Postoperative period; exact window not reported,Outcome-specific analyzed population,27.0,27.0,,,,,3.0,8.0,participants,Events/total,Table II / postoperative complications,,TEAS EA Verification/Source PDFs/wu2015.pdf,193321b7d3e57c0519cd87df66886a7015c5d816b43403e67b12ff198fd54999,Table II does not specify the postoperative complication ascertainment window; do not relabel as 0-24 h.,INCLUDE,EXCLUDE,Outside defined quantitative estimands; retained in full descriptive extraction.,,1,,
V33-OD-0270,Wu 2016,Wu_2016,WU16_TAES_vs_UC_PONV,Perioperative true-acupoint TAES (LI4/PC6/SI3/SJ6),No-TAES thoracotomy control,TEAS,CONTROL_TYPE_REVIEW_REQUIRED,PONV,Postoperative nausea/vomiting incidence,Postoperative period; exact window not reported,Outcome-specific analyzed population,27.0,27.0,,,,,3.0,9.0,participants,Events/total,Table II / postoperative complications,,TEAS EA Verification/Source PDFs/wu2015.pdf,193321b7d3e57c0519cd87df66886a7015c5d816b43403e67b12ff198fd54999,Table II does not specify the postoperative complication ascertainment window; do not relabel as 0-24 h.,INCLUDE,EXCLUDE,Outside defined quantitative estimands; retained in full descriptive extraction.,,1,,
V33-OD-0271,Wu 2016,Wu_2016,WU16_TAES_vs_ACTIVE_LOS,Perioperative true-acupoint TAES (LI4/PC6/SI3/SJ6),Active nonacupoint electrical stimulation (identical 2/100-Hz current),TEAS,CONTROL_TYPE_REVIEW_REQUIRED,Recovery,Hospital length of stay,Postoperative hospitalization,Outcome-specific analyzed population,27.0,27.0,8.7,1.9,11.5,1.6,,,days,Mean/SD,Results / hospital stays,,TEAS EA Verification/Source PDFs/wu2015.pdf,193321b7d3e57c0519cd87df66886a7015c5d816b43403e67b12ff198fd54999,Three-arm RCT with 3 post-randomization exclusions per arm; pairwise P not reported.,INCLUDE,EXCLUDE,Outside defined quantitative estimands; retained in full descriptive extraction.,,1,,
V33-OD-0272,Wu 2016,Wu_2016,WU16_TAES_vs_UC_LOS,Perioperative true-acupoint TAES (LI4/PC6/SI3/SJ6),No-TAES thoracotomy control,TEAS,CONTROL_TYPE_REVIEW_REQUIRED,Recovery,Hospital length of stay,Postoperative hospitalization,Outcome-specific analyzed population,27.0,27.0,8.7,1.9,10.3,1.5,,,days,Mean/SD,Results / hospital stays,,TEAS EA Verification/Source PDFs/wu2015.pdf,193321b7d3e57c0519cd87df66886a7015c5d816b43403e67b12ff198fd54999,Three-arm RCT with 3 post-randomization exclusions per arm; pairwise P not reported.,INCLUDE,EXCLUDE,Outside defined quantitative estimands; retained in full descriptive extraction.,,1,,
V33-OD-0273,Wu 2016,Wu_2016,WU16_TAES_vs_UC_RESCUE,Perioperative true-acupoint TAES (LI4/PC6/SI3/SJ6),No-TAES thoracotomy control,TEAS,CONTROL_TYPE_REVIEW_REQUIRED,Rescue analgesia,Rescue IV tramadol requirement,Postoperative period; exact window not reported,Outcome-specific analyzed population,27.0,27.0,,,,,,,100 mg IV tramadol per rescue,Qualitative / exact quantities unavailable,Results / rescue analgesic demand,,TEAS EA Verification/Source PDFs/wu2015.pdf,193321b7d3e57c0519cd87df66886a7015c5d816b43403e67b12ff198fd54999,"Authors report significantly lower rescue analgesic demand with true TAES vs no TAES, but no exact participant counts, number of doses, or cumulative tramadol dose are tabulated.",HOLD,HOLD,Source ambiguity or unavailable required statistic: Nonstandard or incomplete statistic; no inferred quantities.,,1,,
V33-OD-0274,Gao 2022,Gao_2022,GAO22_TEAS_vs_SHAM_SUFPUMP24,"Postoperative TEAS at bilateral P6/ST36 (2/10 Hz, 30 min ×2)",No-current sham with identical electrode/device setup,TEAS,Sham,Opioid consumption,Cumulative postoperative sufentanil delivered by analgesic pump,0-24 h,Outcome-specific analyzed population,827.0,828.0,,,,,,,µg sufentanil,Median/IQR,"Table 2 / 24 h analgesic pump, µg",,TEAS EA Verification/Source PDFs/pdf-2.pdf,5cfa6412264e74d7e713676f049fb116278621263c2a13a84c82c48084231492,Analgesic pump was individualized; 72.2% TEAS vs 71.0% sham received sufentanil pump. Preserve the reported full-group median/IQR including zeros; do not relabel as mean/SD.,NARRATIVE ONLY,HOLD,"No directly tabulated mean/SD or event/denominator for current quantitative body; preserve original statistic, no automatic median or graph conversion.",,1,,
V33-OD-0275,Gao 2022,Gao_2022,GAO22_TEAS_vs_SHAM_PAIN24,"Postoperative TEAS at bilateral P6/ST36 (2/10 Hz, 30 min ×2)",No-current sham with identical electrode/device setup,TEAS,Sham,Pain,24 h postoperative pain VAS score,0-24 h / 24 h assessment,Outcome-specific analyzed population,827.0,828.0,2.0,1.7,2.2,1.8,,,VAS 0-10,Mean/SD,Table 3 / 24 h pain VAS,,TEAS EA Verification/Source PDFs/pdf-2.pdf,5cfa6412264e74d7e713676f049fb116278621263c2a13a84c82c48084231492,Patient-reported subjective outcome; the authors state patients could not be fully blinded because true stimulation was perceptible. Outcome-specific RoB should be assessed separately from the opioid result.,INCLUDE,EXCLUDE,Outside defined quantitative estimands; retained in full descriptive extraction.,,1,,
V33-OD-0276,Gao 2022,Gao_2022,GAO22_TEAS_vs_SHAM_PONV24,"Postoperative TEAS at bilateral P6/ST36 (2/10 Hz, 30 min ×2)",No-current sham with identical electrode/device setup,TEAS,Sham,PONV,Any postoperative nausea and/or retching and/or vomiting,0-24 h,Outcome-specific analyzed population,827.0,828.0,,,,,243.0,283.0,participants with PONV,Events/total,Table 3 / primary 24 h PONV outcome,,TEAS EA Verification/Source PDFs/pdf-2.pdf,5cfa6412264e74d7e713676f049fb116278621263c2a13a84c82c48084231492,Use raw events/total for unadjusted RR. The composite includes subjective nausea and patients were not fully blinded to stimulation sensation; outcome-specific RoB may be higher than for the objective opioid result.,INCLUDE,INCLUDE,Includes Song non-acupoint active-current sham as permitted by broader registered sham definition; diagnostic against conservative main taxonomy.,;ponv24_TEAS_sham;ponv24_TEAS_sham_point_window_sensitivity;ponv24_TEAS_broad_sham_sensitivity,1,,
V33-OD-0277,Gao 2022,Gao_2022,GAO22_TEAS_vs_SHAM_VOMIT24,"Postoperative TEAS at bilateral P6/ST36 (2/10 Hz, 30 min ×2)",No-current sham with identical electrode/device setup,TEAS,Sham,PONV,Postoperative vomiting incidence,0-24 h,Outcome-specific analyzed population,827.0,828.0,,,,,86.0,147.0,participants with vomiting,Events/total,Table 3 / 24 h vomiting,,TEAS EA Verification/Source PDFs/pdf-2.pdf,5cfa6412264e74d7e713676f049fb116278621263c2a13a84c82c48084231492,Use raw events/total rather than the adjusted logistic OR for meta-analysis unless the protocol specifies adjusted effects. Sensory blinding was imperfect.,INCLUDE,INCLUDE,v36: Pan2023 moved to usual-care body (control did not undergo TEAS; no sham procedure).,;vomiting24_TEAS_sham,1,,
V33-OD-0278,Gao 2022,Gao_2022,GAO22_TEAS_vs_SHAM_PERSISTNAUSEA24,"Postoperative TEAS at bilateral P6/ST36 (2/10 Hz, 30 min ×2)",No-current sham with identical electrode/device setup,TEAS,Sham,PONV,Persistent nausea (>5 min),0-24 h,Outcome-specific analyzed population,827.0,828.0,,,,,18.0,42.0,participants with persistent nausea,Events/total,Table 3 / persistent nausea,,TEAS EA Verification/Source PDFs/pdf-2.pdf,5cfa6412264e74d7e713676f049fb116278621263c2a13a84c82c48084231492,Subjective nausea outcome with imperfect participant blinding; keep separate from composite PONV and vomiting.,INCLUDE,INCLUDE,Source construct/window/contrast reviewed; direct data admitted.,;persistent_nausea24_TEAS_sham,1,,
V33-OD-0279,Gao 2022,Gao_2022,GAO22_TEAS_vs_SHAM_SUFINTRA,"Postoperative TEAS at bilateral P6/ST36 (2/10 Hz, 30 min ×2)",No-current sham with identical electrode/device setup,TEAS,Sham,Intraoperative opioid,Intraoperative sufentanil dose,Intraoperative,Outcome-specific analyzed population,827.0,828.0,,,,,,,µg sufentanil,Median/IQR,Table 2 / intraoperative sufentanil,,TEAS EA Verification/Source PDFs/pdf-2.pdf,5cfa6412264e74d7e713676f049fb116278621263c2a13a84c82c48084231492,Preserve native median/IQR; do not relabel as mean/SD.,NARRATIVE ONLY,HOLD,"No directly tabulated mean/SD or event/denominator for current quantitative body; preserve original statistic, no automatic median or graph conversion.",,1,,
V33-OD-0280,Gao 2022,Gao_2022,GAO22_TEAS_vs_SHAM_REMIINTRA,"Postoperative TEAS at bilateral P6/ST36 (2/10 Hz, 30 min ×2)",No-current sham with identical electrode/device setup,TEAS,Sham,Intraoperative opioid,Intraoperative remifentanil dose,Intraoperative,Outcome-specific analyzed population,827.0,828.0,,,,,,,µg remifentanil,Median/IQR,Table 2 / intraoperative remifentanil,,TEAS EA Verification/Source PDFs/pdf-2.pdf,5cfa6412264e74d7e713676f049fb116278621263c2a13a84c82c48084231492,Preserve native median/IQR; do not relabel as mean/SD.,NARRATIVE ONLY,HOLD,"No directly tabulated mean/SD or event/denominator for current quantitative body; preserve original statistic, no automatic median or graph conversion.",,1,,
V33-OD-0281,Liu 2015,Liu_2015,LIU15_TEAS_vs_SHAM_OPIOID24,Multipoint intraoperative TEAS (2/100 Hz; 30 min pre-induction through end of surgery),No-current sham TEAS with identical electrode placement/device setup,TEAS,Sham,Opioid consumption,Exact cumulative postoperative sufentanil PCIA consumption,0-24 h,Outcome-specific analyzed population,44.0,44.0,,,,,,,µg sufentanil,Not reported,Postoperative analgesia methods; no cumulative 0-24 h dose in results,,TEAS EA Verification/Source PDFs/covidence_681_full_article.pdf,9cf5bec1437acb80b316e677836c7069282325820a6c6c9ceab4600976ec253c,PCIA contained sufentanil 100 µg in 50 mL at 1 mL/h with 0.5-mL patient boluses. Basal infusion alone is not total consumption; cumulative bolus count/dose and total 0-24-h sufentanil are not reported.,NOT REPORTED,HOLD,"No directly tabulated mean/SD or event/denominator for current quantitative body; preserve original statistic, no automatic median or graph conversion.",,1,,
V33-OD-0282,Liu 2015,Liu_2015,LIU15_TEAS_vs_SHAM_SUFINTRA,Multipoint intraoperative TEAS (2/100 Hz; 30 min pre-induction through end of surgery),No-current sham TEAS with identical electrode placement/device setup,TEAS,Sham,Intraoperative opioid,Total intraoperative sufentanil consumption,Intraoperative,Outcome-specific analyzed population,44.0,44.0,95.6,21.76,117.7,37.95,,,µg sufentanil,Mean/SD,Table 2 / intraoperative anesthetics consumption,,TEAS EA Verification/Source PDFs/covidence_681_full_article.pdf,9cf5bec1437acb80b316e677836c7069282325820a6c6c9ceab4600976ec253c,Four post-randomization exclusions (2/group) met prespecified withdrawal criteria; total-dose outcome is objective but exclusions may affect the estimand.,INCLUDE,EXCLUDE,Outside defined quantitative estimands; retained in full descriptive extraction.,,1,,
V33-OD-0283,Liu 2015,Liu_2015,LIU15_TEAS_vs_SHAM_PROPINTRA,Multipoint intraoperative TEAS (2/100 Hz; 30 min pre-induction through end of surgery),No-current sham TEAS with identical electrode placement/device setup,TEAS,Sham,Intraoperative anesthetic,Total intraoperative propofol consumption,Intraoperative,Outcome-specific analyzed population,44.0,44.0,216.3,67.72,234.1,71.3,,,mg propofol,Mean/SD,Table 2 / intraoperative anesthetics consumption,,TEAS EA Verification/Source PDFs/covidence_681_full_article.pdf,9cf5bec1437acb80b316e677836c7069282325820a6c6c9ceab4600976ec253c,Objective total propofol dose; four post-randomization exclusions (2/group).,INCLUDE,EXCLUDE,Outside defined quantitative estimands; retained in full descriptive extraction.,,1,,
V33-OD-0284,Liu 2015,Liu_2015,LIU15_TEAS_vs_SHAM_RESP,Multipoint intraoperative TEAS (2/100 Hz; 30 min pre-induction through end of surgery),No-current sham TEAS with identical electrode placement/device setup,TEAS,Sham,Recovery,Time to spontaneous respiration after anesthesia,Immediate postoperative recovery,Outcome-specific analyzed population,44.0,44.0,16.0,9.99,23.4,14.13,,,minutes,Mean/SD,Table 2 / clinical recovery from anesthesia,,TEAS EA Verification/Source PDFs/covidence_681_full_article.pdf,9cf5bec1437acb80b316e677836c7069282325820a6c6c9ceab4600976ec253c,Directly reported recovery-time endpoint; four post-randomization exclusions (2/group).,INCLUDE,EXCLUDE,Outside defined quantitative estimands; retained in full descriptive extraction.,,1,,
V33-OD-0285,Liu 2015,Liu_2015,LIU15_TEAS_vs_SHAM_EXTUB,Multipoint intraoperative TEAS (2/100 Hz; 30 min pre-induction through end of surgery),No-current sham TEAS with identical electrode placement/device setup,TEAS,Sham,Recovery,Extubation time,Immediate postoperative recovery,Outcome-specific analyzed population,44.0,44.0,26.6,14.17,33.7,17.4,,,minutes,Mean/SD,Table 2 / clinical recovery from anesthesia,,TEAS EA Verification/Source PDFs/covidence_681_full_article.pdf,9cf5bec1437acb80b316e677836c7069282325820a6c6c9ceab4600976ec253c,Directly reported recovery-time endpoint; four post-randomization exclusions (2/group).,INCLUDE,EXCLUDE,Outside defined quantitative estimands; retained in full descriptive extraction.,,1,,
V33-OD-0286,Liu 2015,Liu_2015,LIU15_TEAS_vs_SHAM_EYEOPEN,Multipoint intraoperative TEAS (2/100 Hz; 30 min pre-induction through end of surgery),No-current sham TEAS with identical electrode placement/device setup,TEAS,Sham,Recovery,Eye-opening time,Immediate postoperative recovery,Outcome-specific analyzed population,44.0,44.0,22.2,12.04,28.2,17.74,,,minutes,Mean/SD,Table 2 / clinical recovery from anesthesia,,TEAS EA Verification/Source PDFs/covidence_681_full_article.pdf,9cf5bec1437acb80b316e677836c7069282325820a6c6c9ceab4600976ec253c,Directly reported recovery-time endpoint; four post-randomization exclusions (2/group).,INCLUDE,EXCLUDE,Outside defined quantitative estimands; retained in full descriptive extraction.,,1,,
V33-OD-0287,Liu 2015,Liu_2015,LIU15_TEAS_vs_SHAM_MOVE,Multipoint intraoperative TEAS (2/100 Hz; 30 min pre-induction through end of surgery),No-current sham TEAS with identical electrode placement/device setup,TEAS,Sham,Recovery,Time to spontaneous movement,Immediate postoperative recovery,Outcome-specific analyzed population,44.0,44.0,27.5,13.79,34.3,22.59,,,minutes,Mean/SD,Table 2 / clinical recovery from anesthesia,,TEAS EA Verification/Source PDFs/covidence_681_full_article.pdf,9cf5bec1437acb80b316e677836c7069282325820a6c6c9ceab4600976ec253c,Directly reported recovery-time endpoint; four post-randomization exclusions (2/group).,INCLUDE,EXCLUDE,Outside defined quantitative estimands; retained in full descriptive extraction.,,1,,
V33-OD-0288,Liu 2015,Liu_2015,LIU15_TEAS_vs_SHAM_REORIENT,Multipoint intraoperative TEAS (2/100 Hz; 30 min pre-induction through end of surgery),No-current sham TEAS with identical electrode placement/device setup,TEAS,Sham,Recovery,Time to reorientation,Immediate postoperative recovery,Outcome-specific analyzed population,44.0,44.0,35.3,16.11,42.7,19.8,,,minutes,Mean/SD,Table 2 / clinical recovery from anesthesia,,TEAS EA Verification/Source PDFs/covidence_681_full_article.pdf,9cf5bec1437acb80b316e677836c7069282325820a6c6c9ceab4600976ec253c,Directly reported recovery-time endpoint; four post-randomization exclusions (2/group).,INCLUDE,EXCLUDE,Outside defined quantitative estimands; retained in full descriptive extraction.,,1,,
V33-OD-0289,Liu 2015,Liu_2015,LIU15_TEAS_vs_SHAM_ORDISCH,Multipoint intraoperative TEAS (2/100 Hz; 30 min pre-induction through end of surgery),No-current sham TEAS with identical electrode placement/device setup,TEAS,Sham,Recovery,Time to discharge from operating room,Immediate postoperative recovery,Outcome-specific analyzed population,44.0,44.0,39.8,15.74,48.7,16.7,,,minutes,Mean/SD,Table 2 / clinical recovery from anesthesia,,TEAS EA Verification/Source PDFs/covidence_681_full_article.pdf,9cf5bec1437acb80b316e677836c7069282325820a6c6c9ceab4600976ec253c,Directly reported recovery-time endpoint; four post-randomization exclusions (2/group).,INCLUDE,EXCLUDE,Outside defined quantitative estimands; retained in full descriptive extraction.,,1,,
V33-OD-0290,Liu 2015,Liu_2015,LIU15_TEAS_vs_SHAM_PAINPOD1,Multipoint intraoperative TEAS (2/100 Hz; 30 min pre-induction through end of surgery),No-current sham TEAS with identical electrode placement/device setup,TEAS,Sham,Pain,Postoperative VAS pain score,Postoperative day 1,Outcome-specific analyzed population,44.0,44.0,,,,,,,VAS 0-10,Graph-only continuous data,Figure 2 / Postoperative day 1,,TEAS EA Verification/Source PDFs/covidence_681_full_article.pdf,9cf5bec1437acb80b316e677836c7069282325820a6c6c9ceab4600976ec253c,Exact Postoperative day 1 mean/SD are shown only in Figure 2; do not infer numeric values from the plot without formal digitization.,GRAPH ONLY,HOLD,"No directly tabulated mean/SD or event/denominator for current quantitative body; preserve original statistic, no automatic median or graph conversion.",,1,,
V33-OD-0291,Liu 2015,Liu_2015,LIU15_TEAS_vs_SHAM_PAINPOD2,Multipoint intraoperative TEAS (2/100 Hz; 30 min pre-induction through end of surgery),No-current sham TEAS with identical electrode placement/device setup,TEAS,Sham,Pain,Postoperative VAS pain score,Postoperative day 2,Outcome-specific analyzed population,44.0,44.0,,,,,,,VAS 0-10,Graph-only continuous data,Figure 2 / Postoperative day 2,,TEAS EA Verification/Source PDFs/covidence_681_full_article.pdf,9cf5bec1437acb80b316e677836c7069282325820a6c6c9ceab4600976ec253c,Exact Postoperative day 2 mean/SD are shown only in Figure 2; do not infer numeric values from the plot without formal digitization.,GRAPH ONLY,HOLD,"No directly tabulated mean/SD or event/denominator for current quantitative body; preserve original statistic, no automatic median or graph conversion.",,1,,
V33-OD-0292,Liu 2015,Liu_2015,LIU15_TEAS_vs_SHAM_PAINPOD3,Multipoint intraoperative TEAS (2/100 Hz; 30 min pre-induction through end of surgery),No-current sham TEAS with identical electrode placement/device setup,TEAS,Sham,Pain,Postoperative VAS pain score,Postoperative day 3,Outcome-specific analyzed population,44.0,44.0,,,,,,,VAS 0-10,Graph-only continuous data,Figure 2 / Postoperative day 3,,TEAS EA Verification/Source PDFs/covidence_681_full_article.pdf,9cf5bec1437acb80b316e677836c7069282325820a6c6c9ceab4600976ec253c,Exact Postoperative day 3 mean/SD are shown only in Figure 2; do not infer numeric values from the plot without formal digitization.,GRAPH ONLY,HOLD,"No directly tabulated mean/SD or event/denominator for current quantitative body; preserve original statistic, no automatic median or graph conversion.",,1,,
V33-OD-0293,Liu 2015,Liu_2015,LIU15_TEAS_vs_SHAM_NAUSEAPOD1,Multipoint intraoperative TEAS (2/100 Hz; 30 min pre-induction through end of surgery),No-current sham TEAS with identical electrode placement/device setup,TEAS,Sham,PONV,Postoperative nausea incidence,Postoperative day 1,Outcome-specific analyzed population,44.0,44.0,,,,,11.0,9.0,participants with nausea,Events/total,Table 3 / Postoperative day 1,,TEAS EA Verification/Source PDFs/covidence_681_full_article.pdf,9cf5bec1437acb80b316e677836c7069282325820a6c6c9ceab4600976ec253c,The article states nausea/vomiting incidences did not differ significantly between groups; table provides day-labelled event counts without clock-defined ascertainment windows. Use raw events/total.,INCLUDE,INCLUDE,Source construct/window/contrast reviewed; direct data admitted.,;nausea24_TEAS_sham,1,,
V33-OD-0294,Liu 2015,Liu_2015,LIU15_TEAS_vs_SHAM_NAUSEAPOD2,Multipoint intraoperative TEAS (2/100 Hz; 30 min pre-induction through end of surgery),No-current sham TEAS with identical electrode placement/device setup,TEAS,Sham,PONV,Postoperative nausea incidence,Postoperative day 2,Outcome-specific analyzed population,44.0,44.0,,,,,2.0,5.0,participants with nausea,Events/total,Table 3 / Postoperative day 2,,TEAS EA Verification/Source PDFs/covidence_681_full_article.pdf,9cf5bec1437acb80b316e677836c7069282325820a6c6c9ceab4600976ec253c,The article states nausea/vomiting incidences did not differ significantly between groups; table provides day-labelled event counts without clock-defined ascertainment windows. Use raw events/total.,INCLUDE,EXCLUDE,Outside defined quantitative estimands; retained in full descriptive extraction.,,1,,
V33-OD-0295,Liu 2015,Liu_2015,LIU15_TEAS_vs_SHAM_NAUSEAPOD3,Multipoint intraoperative TEAS (2/100 Hz; 30 min pre-induction through end of surgery),No-current sham TEAS with identical electrode placement/device setup,TEAS,Sham,PONV,Postoperative nausea incidence,Postoperative day 3,Outcome-specific analyzed population,44.0,44.0,,,,,2.0,2.0,participants with nausea,Events/total,Table 3 / Postoperative day 3,,TEAS EA Verification/Source PDFs/covidence_681_full_article.pdf,9cf5bec1437acb80b316e677836c7069282325820a6c6c9ceab4600976ec253c,The article states nausea/vomiting incidences did not differ significantly between groups; table provides day-labelled event counts without clock-defined ascertainment windows. Use raw events/total.,INCLUDE,EXCLUDE,Outside defined quantitative estimands; retained in full descriptive extraction.,,1,,
V33-OD-0296,Liu 2015,Liu_2015,LIU15_TEAS_vs_SHAM_VOMITPOD1,Multipoint intraoperative TEAS (2/100 Hz; 30 min pre-induction through end of surgery),No-current sham TEAS with identical electrode placement/device setup,TEAS,Sham,PONV,Postoperative vomiting incidence,Postoperative day 1,Outcome-specific analyzed population,44.0,44.0,,,,,9.0,8.0,participants with vomiting,Events/total,Table 3 / Postoperative day 1,,TEAS EA Verification/Source PDFs/covidence_681_full_article.pdf,9cf5bec1437acb80b316e677836c7069282325820a6c6c9ceab4600976ec253c,The article states nausea/vomiting incidences did not differ significantly between groups; table provides day-labelled event counts without clock-defined ascertainment windows. Use raw events/total.,INCLUDE,INCLUDE,v36: Pan2023 moved to usual-care body (control did not undergo TEAS; no sham procedure).,;vomiting24_TEAS_sham,1,,
V33-OD-0297,Liu 2015,Liu_2015,LIU15_TEAS_vs_SHAM_VOMITPOD2,Multipoint intraoperative TEAS (2/100 Hz; 30 min pre-induction through end of surgery),No-current sham TEAS with identical electrode placement/device setup,TEAS,Sham,PONV,Postoperative vomiting incidence,Postoperative day 2,Outcome-specific analyzed population,44.0,44.0,,,,,2.0,4.0,participants with vomiting,Events/total,Table 3 / Postoperative day 2,,TEAS EA Verification/Source PDFs/covidence_681_full_article.pdf,9cf5bec1437acb80b316e677836c7069282325820a6c6c9ceab4600976ec253c,The article states nausea/vomiting incidences did not differ significantly between groups; table provides day-labelled event counts without clock-defined ascertainment windows. Use raw events/total.,INCLUDE,EXCLUDE,Outside defined quantitative estimands; retained in full descriptive extraction.,,1,,
V33-OD-0298,Liu 2015,Liu_2015,LIU15_TEAS_vs_SHAM_VOMITPOD3,Multipoint intraoperative TEAS (2/100 Hz; 30 min pre-induction through end of surgery),No-current sham TEAS with identical electrode placement/device setup,TEAS,Sham,PONV,Postoperative vomiting incidence,Postoperative day 3,Outcome-specific analyzed population,44.0,44.0,,,,,1.0,0.0,participants with vomiting,Events/total,Table 3 / Postoperative day 3,,TEAS EA Verification/Source PDFs/covidence_681_full_article.pdf,9cf5bec1437acb80b316e677836c7069282325820a6c6c9ceab4600976ec253c,The article states nausea/vomiting incidences did not differ significantly between groups; table provides day-labelled event counts without clock-defined ascertainment windows. Use raw events/total.,INCLUDE,EXCLUDE,Outside defined quantitative estimands; retained in full descriptive extraction.,,1,,
V33-OD-0299,Oztas 2019,Oztas_2019,OZT19_TAES_vs_CTRL_TRAM24,"Postoperative TAES at ST25, P6, ST36 and LI4 (2–100 Hz; max 12 mA; 30 min ×6)",No electrical-stimulation intervention + standard PCA analgesia,TEAS,Usual care,Opioid consumption,Cumulative IV PCA tramadol HCl consumption,0-24 h,Outcome-specific analyzed population,15.0,16.0,228.4,87.89,357.81,123.7,,,mg tramadol,Mean/SD,Table 4 / Tramadol HCl (0–24 h),,TEAS EA Verification/Source PDFs/covidence_505_full_article.pdf,04adf93c41df2ef075a05eb2692f4d5354e114c333dfceadbfd642050d04dcb8,Separate rescue IM pethidine was also used and reported; combined all-opioid mean/SD cannot be derived without covariance/raw data. One TAES patient excluded post-randomization.,INCLUDE,SENSITIVITY,Source construct/window/contrast reviewed; direct data admitted.,;tramadol24_TEAS_usual_PCA,1,Usual care,Oztas 2019: control received no electrical-stimulation intervention with standard PCA.
V33-OD-0300,Oztas 2019,Oztas_2019,OZT19_TAES_vs_TENS_TRAM24,"Postoperative TAES at ST25, P6, ST36 and LI4 (2–100 Hz; max 12 mA; 30 min ×6)",Incision-periphery TENS (2–100 Hz; max 12 mA; 30 min ×6),TEAS,Active electrical,Opioid consumption,Cumulative IV PCA tramadol HCl consumption,0-24 h,Outcome-specific analyzed population,15.0,16.0,228.4,87.89,257.68,65.55,,,mg tramadol,Mean/SD,Table 4 / Tramadol HCl (0–24 h),,TEAS EA Verification/Source PDFs/covidence_505_full_article.pdf,04adf93c41df2ef075a05eb2692f4d5354e114c333dfceadbfd642050d04dcb8,Separate rescue pethidine also used; active comparator must not be relabeled as sham/usual care. One TAES patient excluded post-randomization.,INCLUDE,SENSITIVITY,Source construct/window/contrast reviewed; direct data admitted.,;tramadol24_TEAS_active_PCA,1,CONTROL_TYPE_REVIEW_REQUIRED,Oztas 2019: incision-periphery TENS (2-100 Hz) is an active electrical comparator.
V33-OD-0301,Oztas 2019,Oztas_2019,OZT19_TAES_vs_CTRL_TRAM48,"Postoperative TAES at ST25, P6, ST36 and LI4 (2–100 Hz; max 12 mA; 30 min ×6)",No electrical-stimulation intervention + standard PCA analgesia,TEAS,Usual care,Opioid consumption,Cumulative IV PCA tramadol HCl consumption,24-48 h,Outcome-specific analyzed population,15.0,16.0,164.46,61.31,265.65,96.71,,,mg tramadol,Mean/SD,Table 4 / Tramadol HCl (24–48 h),,TEAS EA Verification/Source PDFs/covidence_505_full_article.pdf,04adf93c41df2ef075a05eb2692f4d5354e114c333dfceadbfd642050d04dcb8,Separate rescue pethidine was also used; not a 0-24 h endpoint.,INCLUDE,EXCLUDE,Outside defined quantitative estimands; retained in full descriptive extraction.,,1,,
V33-OD-0302,Oztas 2019,Oztas_2019,OZT19_TAES_vs_TENS_TRAM48,"Postoperative TAES at ST25, P6, ST36 and LI4 (2–100 Hz; max 12 mA; 30 min ×6)",Incision-periphery TENS (2–100 Hz; max 12 mA; 30 min ×6),TEAS,CONTROL_TYPE_REVIEW_REQUIRED,Opioid consumption,Cumulative IV PCA tramadol HCl consumption,24-48 h,Outcome-specific analyzed population,15.0,16.0,164.46,61.31,195.5,71.74,,,mg tramadol,Mean/SD,Table 4 / Tramadol HCl (24–48 h),,TEAS EA Verification/Source PDFs/covidence_505_full_article.pdf,04adf93c41df2ef075a05eb2692f4d5354e114c333dfceadbfd642050d04dcb8,Separate rescue pethidine was also used; not a 0-24 h endpoint.,INCLUDE,EXCLUDE,Outside defined quantitative estimands; retained in full descriptive extraction.,,1,,
V33-OD-0303,Oztas 2019,Oztas_2019,OZT19_TAES_vs_CTRL_PETH24,"Postoperative TAES at ST25, P6, ST36 and LI4 (2–100 Hz; max 12 mA; 30 min ×6)",No electrical-stimulation intervention + standard PCA analgesia,TEAS,Usual care,Rescue opioid use,Rescue IM pethidine HCl consumption,0-24 h,Outcome-specific analyzed population,15.0,16.0,20.66,27.89,33.12,42.69,,,mg pethidine,Mean/SD,Table 4 / Pethidine HCl (0–24 h),,TEAS EA Verification/Source PDFs/covidence_505_full_article.pdf,04adf93c41df2ef075a05eb2692f4d5354e114c333dfceadbfd642050d04dcb8,Rescue opioid reported separately from PCA tramadol; do not sum aggregate SDs without covariance/raw data.,INCLUDE,INCLUDE,Source construct/window/contrast reviewed; direct data admitted.,;pethidine24_TEAS_usual_rescue,1,Usual care,Oztas 2019: control received no electrical-stimulation intervention with standard PCA.
V33-OD-0304,Oztas 2019,Oztas_2019,OZT19_TAES_vs_TENS_PETH24,"Postoperative TAES at ST25, P6, ST36 and LI4 (2–100 Hz; max 12 mA; 30 min ×6)",Incision-periphery TENS (2–100 Hz; max 12 mA; 30 min ×6),TEAS,Active electrical,Rescue opioid use,Rescue IM pethidine HCl consumption,0-24 h,Outcome-specific analyzed population,15.0,16.0,20.66,27.89,33.75,56.55,,,mg pethidine,Mean/SD,Table 4 / Pethidine HCl (0–24 h),,TEAS EA Verification/Source PDFs/covidence_505_full_article.pdf,04adf93c41df2ef075a05eb2692f4d5354e114c333dfceadbfd642050d04dcb8,Rescue opioid reported separately from PCA tramadol; active comparator must remain separate.,INCLUDE,INCLUDE,Source construct/window/contrast reviewed; direct data admitted.,;pethidine24_TEAS_active_rescue,1,CONTROL_TYPE_REVIEW_REQUIRED,Oztas 2019: incision-periphery TENS (2-100 Hz) is an active electrical comparator.
V33-OD-0305,Oztas 2019,Oztas_2019,OZT19_TAES_vs_CTRL_PETH48,"Postoperative TAES at ST25, P6, ST36 and LI4 (2–100 Hz; max 12 mA; 30 min ×6)",No electrical-stimulation intervention + standard PCA analgesia,TEAS,Usual care,Rescue opioid use,Rescue IM pethidine HCl consumption,24-48 h,Outcome-specific analyzed population,15.0,16.0,10.0,20.7,6.25,17.07,,,mg pethidine,Mean/SD,Table 4 / Pethidine HCl (24–48 h),,TEAS EA Verification/Source PDFs/covidence_505_full_article.pdf,04adf93c41df2ef075a05eb2692f4d5354e114c333dfceadbfd642050d04dcb8,Rescue opioid reported separately from PCA tramadol; do not sum aggregate SDs without covariance/raw data.,INCLUDE,EXCLUDE,Outside defined quantitative estimands; retained in full descriptive extraction.,,1,,
V33-OD-0306,Oztas 2019,Oztas_2019,OZT19_TAES_vs_TENS_PETH48,"Postoperative TAES at ST25, P6, ST36 and LI4 (2–100 Hz; max 12 mA; 30 min ×6)",Incision-periphery TENS (2–100 Hz; max 12 mA; 30 min ×6),TEAS,CONTROL_TYPE_REVIEW_REQUIRED,Rescue opioid use,Rescue IM pethidine HCl consumption,24-48 h,Outcome-specific analyzed population,15.0,16.0,10.0,20.7,6.31,17.05,,,mg pethidine,Mean/SD,Table 4 / Pethidine HCl (24–48 h),,TEAS EA Verification/Source PDFs/covidence_505_full_article.pdf,04adf93c41df2ef075a05eb2692f4d5354e114c333dfceadbfd642050d04dcb8,Rescue opioid reported separately from PCA tramadol; active comparator must remain separate.,INCLUDE,EXCLUDE,Outside defined quantitative estimands; retained in full descriptive extraction.,,1,,
V33-OD-0307,Oztas 2019,Oztas_2019,OZT19_TAES_vs_CTRL_DEX24,"Postoperative TAES at ST25, P6, ST36 and LI4 (2–100 Hz; max 12 mA; 30 min ×6)",No electrical-stimulation intervention + standard PCA analgesia,TEAS,Usual care,Rescue analgesia,Rescue IV dexketoprofen trometamol consumption,0-24 h,Outcome-specific analyzed population,15.0,16.0,53.33,35.18,71.87,40.69,,,mg dexketoprofen,Mean/SD,Table 4 / Dexketoprofen trometamol (0–24 h),,TEAS EA Verification/Source PDFs/covidence_505_full_article.pdf,04adf93c41df2ef075a05eb2692f4d5354e114c333dfceadbfd642050d04dcb8,Non-opioid rescue analgesic; never relabel as opioid consumption.,INCLUDE,EXCLUDE,Outside defined quantitative estimands; retained in full descriptive extraction.,,1,,
V33-OD-0308,Oztas 2019,Oztas_2019,OZT19_TAES_vs_TENS_DEX24,"Postoperative TAES at ST25, P6, ST36 and LI4 (2–100 Hz; max 12 mA; 30 min ×6)",Incision-periphery TENS (2–100 Hz; max 12 mA; 30 min ×6),TEAS,CONTROL_TYPE_REVIEW_REQUIRED,Rescue analgesia,Rescue IV dexketoprofen trometamol consumption,0-24 h,Outcome-specific analyzed population,15.0,16.0,53.33,35.18,46.87,46.43,,,mg dexketoprofen,Mean/SD,Table 4 / Dexketoprofen trometamol (0–24 h),,TEAS EA Verification/Source PDFs/covidence_505_full_article.pdf,04adf93c41df2ef075a05eb2692f4d5354e114c333dfceadbfd642050d04dcb8,Non-opioid rescue analgesic; active comparator must remain separate.,INCLUDE,EXCLUDE,Outside defined quantitative estimands; retained in full descriptive extraction.,,1,,
V33-OD-0309,Oztas 2019,Oztas_2019,OZT19_TAES_vs_CTRL_DEX48,"Postoperative TAES at ST25, P6, ST36 and LI4 (2–100 Hz; max 12 mA; 30 min ×6)",No electrical-stimulation intervention + standard PCA analgesia,TEAS,Usual care,Rescue analgesia,Rescue IV dexketoprofen trometamol consumption,24-48 h,Outcome-specific analyzed population,15.0,16.0,33.33,40.82,53.12,59.07,,,mg dexketoprofen,Mean/SD,Table 4 / Dexketoprofen trometamol (24–48 h),,TEAS EA Verification/Source PDFs/covidence_505_full_article.pdf,04adf93c41df2ef075a05eb2692f4d5354e114c333dfceadbfd642050d04dcb8,Non-opioid rescue analgesic; never relabel as opioid consumption.,INCLUDE,EXCLUDE,Outside defined quantitative estimands; retained in full descriptive extraction.,,1,,
V33-OD-0310,Oztas 2019,Oztas_2019,OZT19_TAES_vs_TENS_DEX48,"Postoperative TAES at ST25, P6, ST36 and LI4 (2–100 Hz; max 12 mA; 30 min ×6)",Incision-periphery TENS (2–100 Hz; max 12 mA; 30 min ×6),TEAS,CONTROL_TYPE_REVIEW_REQUIRED,Rescue analgesia,Rescue IV dexketoprofen trometamol consumption,24-48 h,Outcome-specific analyzed population,15.0,16.0,33.33,40.82,31.25,35.93,,,mg dexketoprofen,Mean/SD,Table 4 / Dexketoprofen trometamol (24–48 h),,TEAS EA Verification/Source PDFs/covidence_505_full_article.pdf,04adf93c41df2ef075a05eb2692f4d5354e114c333dfceadbfd642050d04dcb8,Non-opioid rescue analgesic; active comparator must remain separate.,INCLUDE,EXCLUDE,Outside defined quantitative estimands; retained in full descriptive extraction.,,1,,
V33-OD-0311,Oztas 2019,Oztas_2019,OZT19_TAES_vs_CTRL_PAIN2H,"Postoperative TAES at ST25, P6, ST36 and LI4 (2–100 Hz; max 12 mA; 30 min ×6)",No electrical-stimulation intervention + standard PCA analgesia,TEAS,Usual care,Pain,Resting postoperative pain after stimulation,2 h after surgery / after intervention,Outcome-specific analyzed population,15.0,16.0,3.67,1.44,6.38,2.09,,,VAS (methods state 1–10; tables include 0),Mean/SD,Table 3 / after-implementation pain at 2 h,,TEAS EA Verification/Source PDFs/covidence_505_full_article.pdf,04adf93c41df2ef075a05eb2692f4d5354e114c333dfceadbfd642050d04dcb8,Open-label subjective outcome; source methods describe VAS 1–10 although tabulated minima include 0.,INCLUDE,EXCLUDE,Outside defined quantitative estimands; retained in full descriptive extraction.,,1,,
V33-OD-0312,Oztas 2019,Oztas_2019,OZT19_TAES_vs_TENS_PAIN2H,"Postoperative TAES at ST25, P6, ST36 and LI4 (2–100 Hz; max 12 mA; 30 min ×6)",Incision-periphery TENS (2–100 Hz; max 12 mA; 30 min ×6),TEAS,CONTROL_TYPE_REVIEW_REQUIRED,Pain,Resting postoperative pain after stimulation,2 h after surgery / after intervention,Outcome-specific analyzed population,15.0,16.0,3.67,1.44,4.75,1.57,,,VAS (methods state 1–10; tables include 0),Mean/SD,Table 3 / after-implementation pain at 2 h,,TEAS EA Verification/Source PDFs/covidence_505_full_article.pdf,04adf93c41df2ef075a05eb2692f4d5354e114c333dfceadbfd642050d04dcb8,Open-label subjective outcome; source methods describe VAS 1–10 although tabulated minima include 0.,INCLUDE,EXCLUDE,Outside defined quantitative estimands; retained in full descriptive extraction.,,1,,
V33-OD-0313,Oztas 2019,Oztas_2019,OZT19_TAES_vs_CTRL_PAIN18H,"Postoperative TAES at ST25, P6, ST36 and LI4 (2–100 Hz; max 12 mA; 30 min ×6)",No electrical-stimulation intervention + standard PCA analgesia,TEAS,Usual care,Pain,Resting postoperative pain after stimulation,18 h after surgery / after intervention,Outcome-specific analyzed population,15.0,16.0,2.67,1.23,5.81,2.31,,,VAS (methods state 1–10; tables include 0),Mean/SD,Table 3 / after-implementation pain at 18 h,,TEAS EA Verification/Source PDFs/covidence_505_full_article.pdf,04adf93c41df2ef075a05eb2692f4d5354e114c333dfceadbfd642050d04dcb8,Open-label subjective outcome; source methods describe VAS 1–10 although tabulated minima include 0.,INCLUDE,EXCLUDE,Outside defined quantitative estimands; retained in full descriptive extraction.,,1,,
V33-OD-0314,Oztas 2019,Oztas_2019,OZT19_TAES_vs_TENS_PAIN18H,"Postoperative TAES at ST25, P6, ST36 and LI4 (2–100 Hz; max 12 mA; 30 min ×6)",Incision-periphery TENS (2–100 Hz; max 12 mA; 30 min ×6),TEAS,CONTROL_TYPE_REVIEW_REQUIRED,Pain,Resting postoperative pain after stimulation,18 h after surgery / after intervention,Outcome-specific analyzed population,15.0,16.0,2.67,1.23,2.19,1.27,,,VAS (methods state 1–10; tables include 0),Mean/SD,Table 3 / after-implementation pain at 18 h,,TEAS EA Verification/Source PDFs/covidence_505_full_article.pdf,04adf93c41df2ef075a05eb2692f4d5354e114c333dfceadbfd642050d04dcb8,Open-label subjective outcome; source methods describe VAS 1–10 although tabulated minima include 0.,INCLUDE,EXCLUDE,Outside defined quantitative estimands; retained in full descriptive extraction.,,1,,
V33-OD-0315,Oztas 2019,Oztas_2019,OZT19_TAES_vs_CTRL_PAIN22H,"Postoperative TAES at ST25, P6, ST36 and LI4 (2–100 Hz; max 12 mA; 30 min ×6)",No electrical-stimulation intervention + standard PCA analgesia,TEAS,Usual care,Pain,Resting postoperative pain after stimulation,22 h after surgery / after intervention,Outcome-specific analyzed population,15.0,16.0,3.0,1.3,4.88,1.78,,,VAS (methods state 1–10; tables include 0),Mean/SD,Table 3 / after-implementation pain at 22 h,,TEAS EA Verification/Source PDFs/covidence_505_full_article.pdf,04adf93c41df2ef075a05eb2692f4d5354e114c333dfceadbfd642050d04dcb8,Open-label subjective outcome; source methods describe VAS 1–10 although tabulated minima include 0.,INCLUDE,EXCLUDE,Outside defined quantitative estimands; retained in full descriptive extraction.,,1,,
V33-OD-0316,Oztas 2019,Oztas_2019,OZT19_TAES_vs_TENS_PAIN22H,"Postoperative TAES at ST25, P6, ST36 and LI4 (2–100 Hz; max 12 mA; 30 min ×6)",Incision-periphery TENS (2–100 Hz; max 12 mA; 30 min ×6),TEAS,CONTROL_TYPE_REVIEW_REQUIRED,Pain,Resting postoperative pain after stimulation,22 h after surgery / after intervention,Outcome-specific analyzed population,15.0,16.0,3.0,1.3,2.19,1.22,,,VAS (methods state 1–10; tables include 0),Mean/SD,Table 3 / after-implementation pain at 22 h,,TEAS EA Verification/Source PDFs/covidence_505_full_article.pdf,04adf93c41df2ef075a05eb2692f4d5354e114c333dfceadbfd642050d04dcb8,Open-label subjective outcome; source methods describe VAS 1–10 although tabulated minima include 0.,INCLUDE,EXCLUDE,Outside defined quantitative estimands; retained in full descriptive extraction.,,1,,
V33-OD-0317,Oztas 2019,Oztas_2019,OZT19_TAES_vs_CTRL_PAIN42H,"Postoperative TAES at ST25, P6, ST36 and LI4 (2–100 Hz; max 12 mA; 30 min ×6)",No electrical-stimulation intervention + standard PCA analgesia,TEAS,Usual care,Pain,Resting postoperative pain after stimulation,42 h after surgery / after intervention,Outcome-specific analyzed population,15.0,16.0,2.27,1.28,4.19,1.6,,,VAS (methods state 1–10; tables include 0),Mean/SD,Table 3 / after-implementation pain at 42 h,,TEAS EA Verification/Source PDFs/covidence_505_full_article.pdf,04adf93c41df2ef075a05eb2692f4d5354e114c333dfceadbfd642050d04dcb8,Open-label subjective outcome; source methods describe VAS 1–10 although tabulated minima include 0.,INCLUDE,EXCLUDE,Outside defined quantitative estimands; retained in full descriptive extraction.,,1,,
V33-OD-0318,Oztas 2019,Oztas_2019,OZT19_TAES_vs_TENS_PAIN42H,"Postoperative TAES at ST25, P6, ST36 and LI4 (2–100 Hz; max 12 mA; 30 min ×6)",Incision-periphery TENS (2–100 Hz; max 12 mA; 30 min ×6),TEAS,CONTROL_TYPE_REVIEW_REQUIRED,Pain,Resting postoperative pain after stimulation,42 h after surgery / after intervention,Outcome-specific analyzed population,15.0,16.0,2.27,1.28,1.56,1.15,,,VAS (methods state 1–10; tables include 0),Mean/SD,Table 3 / after-implementation pain at 42 h,,TEAS EA Verification/Source PDFs/covidence_505_full_article.pdf,04adf93c41df2ef075a05eb2692f4d5354e114c333dfceadbfd642050d04dcb8,Open-label subjective outcome; source methods describe VAS 1–10 although tabulated minima include 0.,INCLUDE,EXCLUDE,Outside defined quantitative estimands; retained in full descriptive extraction.,,1,,
V33-OD-0319,Oztas 2019,Oztas_2019,OZT19_TAES_vs_CTRL_PAIN46H,"Postoperative TAES at ST25, P6, ST36 and LI4 (2–100 Hz; max 12 mA; 30 min ×6)",No electrical-stimulation intervention + standard PCA analgesia,TEAS,Usual care,Pain,Resting postoperative pain after stimulation,46 h after surgery / after intervention,Outcome-specific analyzed population,15.0,16.0,2.33,0.81,4.0,1.46,,,VAS (methods state 1–10; tables include 0),Mean/SD,Table 3 / after-implementation pain at 46 h,,TEAS EA Verification/Source PDFs/covidence_505_full_article.pdf,04adf93c41df2ef075a05eb2692f4d5354e114c333dfceadbfd642050d04dcb8,Open-label subjective outcome; source methods describe VAS 1–10 although tabulated minima include 0.,INCLUDE,EXCLUDE,Outside defined quantitative estimands; retained in full descriptive extraction.,,1,,
V33-OD-0320,Oztas 2019,Oztas_2019,OZT19_TAES_vs_TENS_PAIN46H,"Postoperative TAES at ST25, P6, ST36 and LI4 (2–100 Hz; max 12 mA; 30 min ×6)",Incision-periphery TENS (2–100 Hz; max 12 mA; 30 min ×6),TEAS,CONTROL_TYPE_REVIEW_REQUIRED,Pain,Resting postoperative pain after stimulation,46 h after surgery / after intervention,Outcome-specific analyzed population,15.0,16.0,2.33,0.81,1.75,0.85,,,VAS (methods state 1–10; tables include 0),Mean/SD,Table 3 / after-implementation pain at 46 h,,TEAS EA Verification/Source PDFs/covidence_505_full_article.pdf,04adf93c41df2ef075a05eb2692f4d5354e114c333dfceadbfd642050d04dcb8,Open-label subjective outcome; source methods describe VAS 1–10 although tabulated minima include 0.,INCLUDE,EXCLUDE,Outside defined quantitative estimands; retained in full descriptive extraction.,,1,,
V33-OD-0321,Oztas 2019,Oztas_2019,OZT19_TAES_vs_CTRL_NAUSEA24,"Postoperative TAES at ST25, P6, ST36 and LI4 (2–100 Hz; max 12 mA; 30 min ×6)",No electrical-stimulation intervention + standard PCA analgesia,TEAS,Usual care,PONV,Nausea severity,0-24 h,Outcome-specific analyzed population,15.0,16.0,,,,,,,VAS 1-10,Qualitative / exact group values unavailable,Results / postoperative 0–6 and 6–24 h nausea statement,,TEAS EA Verification/Source PDFs/covidence_505_full_article.pdf,04adf93c41df2ef075a05eb2692f4d5354e114c333dfceadbfd642050d04dcb8,Article states no significant group difference but does not provide group-specific nausea values in the main text/tables.,HOLD,HOLD,Source ambiguity or unavailable required statistic: Nonstandard or incomplete statistic; no inferred quantities.,,1,,
V33-OD-0322,Oztas 2019,Oztas_2019,OZT19_TAES_vs_CTRL_VOMIT24,"Postoperative TAES at ST25, P6, ST36 and LI4 (2–100 Hz; max 12 mA; 30 min ×6)",No electrical-stimulation intervention + standard PCA analgesia,TEAS,Usual care,PONV,Vomiting occurrence,0-24 h,Outcome-specific analyzed population,15.0,16.0,,,,,,,events/participants,Qualitative / exact group values unavailable,Results / postoperative 0–6 and 6–24 h vomiting statement,,TEAS EA Verification/Source PDFs/covidence_505_full_article.pdf,04adf93c41df2ef075a05eb2692f4d5354e114c333dfceadbfd642050d04dcb8,Article states no significant group difference but does not provide group-specific vomiting counts in the main text/tables.,HOLD,HOLD,Source ambiguity or unavailable required statistic: Nonstandard or incomplete statistic; no inferred quantities.,,1,,
V33-OD-0323,Oztas 2019,Oztas_2019,OZT19_TAES_vs_CTRL_TOTALOP24,"Postoperative TAES at ST25, P6, ST36 and LI4 (2–100 Hz; max 12 mA; 30 min ×6)",No electrical-stimulation intervention + standard PCA analgesia,TEAS,Usual care,Opioid consumption,Complete combined postoperative opioid exposure (tramadol + rescue pethidine),0-24 h,Outcome-specific analyzed population,15.0,16.0,,,,,,,MME / combined opioid dose,Not calculable,Table 4 / tramadol + pethidine 0–24 h,,TEAS EA Verification/Source PDFs/covidence_505_full_article.pdf,04adf93c41df2ef075a05eb2692f4d5354e114c333dfceadbfd642050d04dcb8,Tramadol and pethidine are reported separately as aggregate mean/SD. The SD of their within-person sum cannot be recovered from aggregate data without covariance.,HOLD,HOLD,Source ambiguity or unavailable required statistic: Nonstandard or incomplete statistic; no inferred quantities.,,1,,
V33-OD-0324,Song 2020,Song_2020,SONG20_TEAS_vs_SHAM_SUFINTRA,Perioperative TEAS: PC6/HT7 preoperatively; PC6/HT7/ST36/LI4 postoperatively (2/10 Hz; 30-min sessions),Active nonacupoint electrical stimulation with matched timing/frequency,TEAS,CONTROL_TYPE_REVIEW_REQUIRED,Intraoperative opioid,Total intraoperative sufentanil consumption,Intraoperative,Outcome-specific analyzed population,42.0,43.0,18.54,2.3,19.09,2.7,,,µg sufentanil,Mean/SD,Table 1,,TEAS EA Verification/Source PDFs/getfile.php-6.pdf,0a262651d2a78a1454e1b07a661f3c6a77c06b6a6143de7adb70ca1abc9c844a,Authors report 85 in ITT and 78 PP; Table 3/Table 2 retain original 42/43 group denominators. Active nonacupoint stimulation was used to preserve masking.,INCLUDE,EXCLUDE,Outside defined quantitative estimands; retained in full descriptive extraction.,,1,,
V33-OD-0325,Song 2020,Song_2020,SONG20_TEAS_vs_SHAM_PAIN2H,Perioperative TEAS: PC6/HT7 preoperatively; PC6/HT7/ST36/LI4 postoperatively (2/10 Hz; 30-min sessions),Active nonacupoint electrical stimulation with matched timing/frequency,TEAS,CONTROL_TYPE_REVIEW_REQUIRED,Pain,Postoperative VAS pain score,2 h after surgery,Outcome-specific analyzed population,42.0,43.0,4.74,1.5,5.77,1.2,,,VAS 0-10,Mean/SD,Table 3,,TEAS EA Verification/Source PDFs/getfile.php-6.pdf,0a262651d2a78a1454e1b07a661f3c6a77c06b6a6143de7adb70ca1abc9c844a,Authors report 85 in ITT and 78 PP; Table 3/Table 2 retain original 42/43 group denominators. Active nonacupoint stimulation was used to preserve masking.,INCLUDE,EXCLUDE,Outside defined quantitative estimands; retained in full descriptive extraction.,,1,,
V33-OD-0326,Song 2020,Song_2020,SONG20_TEAS_vs_SHAM_PAIN4H,Perioperative TEAS: PC6/HT7 preoperatively; PC6/HT7/ST36/LI4 postoperatively (2/10 Hz; 30-min sessions),Active nonacupoint electrical stimulation with matched timing/frequency,TEAS,CONTROL_TYPE_REVIEW_REQUIRED,Pain,Postoperative VAS pain score,4 h after surgery,Outcome-specific analyzed population,42.0,43.0,3.93,1.3,5.02,1.2,,,VAS 0-10,Mean/SD,Table 3,,TEAS EA Verification/Source PDFs/getfile.php-6.pdf,0a262651d2a78a1454e1b07a661f3c6a77c06b6a6143de7adb70ca1abc9c844a,Authors report 85 in ITT and 78 PP; Table 3/Table 2 retain original 42/43 group denominators. Active nonacupoint stimulation was used to preserve masking.,INCLUDE,EXCLUDE,Outside defined quantitative estimands; retained in full descriptive extraction.,,1,,
V33-OD-0327,Song 2020,Song_2020,SONG20_TEAS_vs_SHAM_PAIN6H,Perioperative TEAS: PC6/HT7 preoperatively; PC6/HT7/ST36/LI4 postoperatively (2/10 Hz; 30-min sessions),Active nonacupoint electrical stimulation with matched timing/frequency,TEAS,CONTROL_TYPE_REVIEW_REQUIRED,Pain,Postoperative VAS pain score,6 h after surgery,Outcome-specific analyzed population,42.0,43.0,3.69,1.1,4.33,1.0,,,VAS 0-10,Mean/SD,Table 3,,TEAS EA Verification/Source PDFs/getfile.php-6.pdf,0a262651d2a78a1454e1b07a661f3c6a77c06b6a6143de7adb70ca1abc9c844a,Authors report 85 in ITT and 78 PP; Table 3/Table 2 retain original 42/43 group denominators. Active nonacupoint stimulation was used to preserve masking.,INCLUDE,EXCLUDE,Outside defined quantitative estimands; retained in full descriptive extraction.,,1,,
V33-OD-0328,Song 2020,Song_2020,SONG20_TEAS_vs_SHAM_PAIN24H,Perioperative TEAS: PC6/HT7 preoperatively; PC6/HT7/ST36/LI4 postoperatively (2/10 Hz; 30-min sessions),Active nonacupoint electrical stimulation with matched timing/frequency,TEAS,Active electrical,Pain,Postoperative VAS pain score,24 h after surgery,Outcome-specific analyzed population,42.0,43.0,2.76,1.1,3.23,1.1,,,VAS 0-10,Mean/SD,Table 3,,TEAS EA Verification/Source PDFs/getfile.php-6.pdf,0a262651d2a78a1454e1b07a661f3c6a77c06b6a6143de7adb70ca1abc9c844a,Authors report 85 in ITT and 78 PP; Table 3/Table 2 retain original 42/43 group denominators. Active nonacupoint stimulation was used to preserve masking.,INCLUDE,SENSITIVITY,Source construct/window/contrast reviewed; direct data admitted.,;pain24_TEAS_active_unspecified,1,CONTROL_TYPE_REVIEW_REQUIRED,"Song 2020: ""electrical stimulation at a nonacupoint"" with matched timing/frequency; conservative active-control class."
V33-OD-0329,Song 2020,Song_2020,SONG20_TEAS_vs_SHAM_PCAPRESS24,Perioperative TEAS: PC6/HT7 preoperatively; PC6/HT7/ST36/LI4 postoperatively (2/10 Hz; 30-min sessions),Active nonacupoint electrical stimulation with matched timing/frequency,TEAS,CONTROL_TYPE_REVIEW_REQUIRED,PCA demand/proxy,PCA pump press number,0-24 h,Outcome-specific analyzed population,42.0,43.0,30.12,4.3,36.91,2.4,,,pump presses,Mean/SD,Table 3,,TEAS EA Verification/Source PDFs/getfile.php-6.pdf,0a262651d2a78a1454e1b07a661f3c6a77c06b6a6143de7adb70ca1abc9c844a,"Authors report 85 in ITT and 78 PP; Table 3/Table 2 retain original 42/43 group denominators. Active nonacupoint stimulation was used to preserve masking. Direct endpoint is press count, not drug mass.",INCLUDE,EXCLUDE,Outside defined quantitative estimands; retained in full descriptive extraction.,,1,,
V33-OD-0330,Song 2020,Song_2020,SONG20_TEAS_vs_SHAM_BUTORPCA24_DERIVED,Perioperative TEAS: PC6/HT7 preoperatively; PC6/HT7/ST36/LI4 postoperatively (2/10 Hz; 30-min sessions),Active nonacupoint electrical stimulation with matched timing/frequency,TEAS,CONTROL_TYPE_REVIEW_REQUIRED,Opioid consumption,Nominal butorphanol PCA bolus component derived from reported pump presses,0-24 h,Outcome-specific analyzed population,42.0,43.0,2.4096,0.344,2.9528,0.192,,,mg butorphanol,Derived mean/SD (linear from press count),PCA formulation in Methods + Table 3 press counts,,TEAS EA Verification/Source PDFs/getfile.php-6.pdf,0a262651d2a78a1454e1b07a661f3c6a77c06b6a6143de7adb70ca1abc9c844a,Derived only if each reported pump press corresponds to the programmed 2-mL infusion; 15-min lockout creates device-semantics ambiguity. Butorphanol-to-review-standard MME conversion must be explicitly prespecified.,HOLD,HOLD,Source ambiguity or unavailable required statistic: Nonstandard or incomplete statistic; no inferred quantities.,,1,,
V33-OD-0331,Song 2020,Song_2020,SONG20_TEAS_vs_SHAM_PONV24,Perioperative TEAS: PC6/HT7 preoperatively; PC6/HT7/ST36/LI4 postoperatively (2/10 Hz; 30-min sessions),Active nonacupoint electrical stimulation with matched timing/frequency,TEAS,Active electrical,PONV,Nausea and vomiting adverse event,0-24 h,Outcome-specific analyzed population,42.0,43.0,,,,,3.0,10.0,participants with nausea/vomiting,Events/total,Table 3,,TEAS EA Verification/Source PDFs/getfile.php-6.pdf,0a262651d2a78a1454e1b07a661f3c6a77c06b6a6143de7adb70ca1abc9c844a,Authors report 85 in ITT and 78 PP; Table 3/Table 2 retain original 42/43 group denominators. Active nonacupoint stimulation was used to preserve masking.,INCLUDE,INCLUDE,Includes Song non-acupoint active-current sham as permitted by broader registered sham definition; diagnostic against conservative main taxonomy.,;ponv24_TEAS_active;ponv24_TEAS_broad_sham_sensitivity,1,CONTROL_TYPE_REVIEW_REQUIRED,"Song 2020: ""electrical stimulation at a nonacupoint"" with matched timing/frequency; conservative active-control class."
V33-OD-0332,Song 2020,Song_2020,SONG20_TEAS_vs_SHAM_DIZZY24,Perioperative TEAS: PC6/HT7 preoperatively; PC6/HT7/ST36/LI4 postoperatively (2/10 Hz; 30-min sessions),Active nonacupoint electrical stimulation with matched timing/frequency,TEAS,CONTROL_TYPE_REVIEW_REQUIRED,Other adverse events,Dizziness,0-24 h,Outcome-specific analyzed population,42.0,43.0,,,,,3.0,12.0,participants with dizziness,Events/total,Table 3,,TEAS EA Verification/Source PDFs/getfile.php-6.pdf,0a262651d2a78a1454e1b07a661f3c6a77c06b6a6143de7adb70ca1abc9c844a,Authors report 85 in ITT and 78 PP; Table 3/Table 2 retain original 42/43 group denominators. Active nonacupoint stimulation was used to preserve masking.,INCLUDE,EXCLUDE,Outside defined quantitative estimands; retained in full descriptive extraction.,,1,,
V33-OD-0333,Song 2020,Song_2020,SONG20_TEAS_vs_SHAM_RESPDEP24,Perioperative TEAS: PC6/HT7 preoperatively; PC6/HT7/ST36/LI4 postoperatively (2/10 Hz; 30-min sessions),Active nonacupoint electrical stimulation with matched timing/frequency,TEAS,CONTROL_TYPE_REVIEW_REQUIRED,Other adverse events,Respiratory depression,0-24 h,Outcome-specific analyzed population,42.0,43.0,,,,,0.0,0.0,participants with respiratory depression,Events/total,Table 3,,TEAS EA Verification/Source PDFs/getfile.php-6.pdf,0a262651d2a78a1454e1b07a661f3c6a77c06b6a6143de7adb70ca1abc9c844a,Authors report 85 in ITT and 78 PP; Table 3/Table 2 retain original 42/43 group denominators. Active nonacupoint stimulation was used to preserve masking.,INCLUDE,EXCLUDE,Outside defined quantitative estimands; retained in full descriptive extraction.,,1,,
V33-OD-0334,Song 2020,Song_2020,SONG20_TEAS_vs_SHAM_BRADY24,Perioperative TEAS: PC6/HT7 preoperatively; PC6/HT7/ST36/LI4 postoperatively (2/10 Hz; 30-min sessions),Active nonacupoint electrical stimulation with matched timing/frequency,TEAS,CONTROL_TYPE_REVIEW_REQUIRED,Other adverse events,Bradycardia,0-24 h,Outcome-specific analyzed population,42.0,43.0,,,,,2.0,4.0,participants with bradycardia,Events/total,Table 3,,TEAS EA Verification/Source PDFs/getfile.php-6.pdf,0a262651d2a78a1454e1b07a661f3c6a77c06b6a6143de7adb70ca1abc9c844a,Authors report 85 in ITT and 78 PP; Table 3/Table 2 retain original 42/43 group denominators. Active nonacupoint stimulation was used to preserve masking.,INCLUDE,EXCLUDE,Outside defined quantitative estimands; retained in full descriptive extraction.,,1,,
V33-OD-0335,Song 2020,Song_2020,SONG20_TEAS_vs_SHAM_SLEEPEFFICIENCY_PREOP1,Perioperative TEAS: PC6/HT7 preoperatively; PC6/HT7/ST36/LI4 postoperatively (2/10 Hz; 30-min sessions),Active nonacupoint electrical stimulation with matched timing/frequency,TEAS,CONTROL_TYPE_REVIEW_REQUIRED,Sleep quality,Sleep efficiency,First night before surgery after preoperative stimulation,Outcome-specific analyzed population,42.0,43.0,87.78,3.6,84.71,3.5,,,%,Mean/SD,Table 2,,TEAS EA Verification/Source PDFs/getfile.php-6.pdf,0a262651d2a78a1454e1b07a661f3c6a77c06b6a6143de7adb70ca1abc9c844a,Authors report 85 in ITT and 78 PP; Table 3/Table 2 retain original 42/43 group denominators. Active nonacupoint stimulation was used to preserve masking.,INCLUDE,EXCLUDE,Outside defined quantitative estimands; retained in full descriptive extraction.,,1,,
V33-OD-0336,Song 2020,Song_2020,SONG20_TEAS_vs_SHAM_AIS_PREOP1,Perioperative TEAS: PC6/HT7 preoperatively; PC6/HT7/ST36/LI4 postoperatively (2/10 Hz; 30-min sessions),Active nonacupoint electrical stimulation with matched timing/frequency,TEAS,CONTROL_TYPE_REVIEW_REQUIRED,Sleep quality,AIS score,First night before surgery after preoperative stimulation,Outcome-specific analyzed population,42.0,43.0,2.0,0.6,2.33,0.7,,,AIS points,Mean/SD,Table 2,,TEAS EA Verification/Source PDFs/getfile.php-6.pdf,0a262651d2a78a1454e1b07a661f3c6a77c06b6a6143de7adb70ca1abc9c844a,Authors report 85 in ITT and 78 PP; Table 3/Table 2 retain original 42/43 group denominators. Active nonacupoint stimulation was used to preserve masking.,INCLUDE,EXCLUDE,Outside defined quantitative estimands; retained in full descriptive extraction.,,1,,
V33-OD-0337,Song 2020,Song_2020,SONG20_TEAS_vs_SHAM_REMSLEEP_PREOP1,Perioperative TEAS: PC6/HT7 preoperatively; PC6/HT7/ST36/LI4 postoperatively (2/10 Hz; 30-min sessions),Active nonacupoint electrical stimulation with matched timing/frequency,TEAS,CONTROL_TYPE_REVIEW_REQUIRED,Sleep quality,REM sleep,First night before surgery after preoperative stimulation,Outcome-specific analyzed population,42.0,43.0,25.13,2.3,23.92,2.0,,,%,Mean/SD,Table 2,,TEAS EA Verification/Source PDFs/getfile.php-6.pdf,0a262651d2a78a1454e1b07a661f3c6a77c06b6a6143de7adb70ca1abc9c844a,Authors report 85 in ITT and 78 PP; Table 3/Table 2 retain original 42/43 group denominators. Active nonacupoint stimulation was used to preserve masking.,INCLUDE,EXCLUDE,Outside defined quantitative estimands; retained in full descriptive extraction.,,1,,
V33-OD-0338,Song 2020,Song_2020,SONG20_TEAS_vs_SHAM_STABLESLEEP_PREOP1,Perioperative TEAS: PC6/HT7 preoperatively; PC6/HT7/ST36/LI4 postoperatively (2/10 Hz; 30-min sessions),Active nonacupoint electrical stimulation with matched timing/frequency,TEAS,CONTROL_TYPE_REVIEW_REQUIRED,Sleep quality,Stable sleep,First night before surgery after preoperative stimulation,Outcome-specific analyzed population,42.0,43.0,36.0,2.9,34.46,3.0,,,%,Mean/SD,Table 2,,TEAS EA Verification/Source PDFs/getfile.php-6.pdf,0a262651d2a78a1454e1b07a661f3c6a77c06b6a6143de7adb70ca1abc9c844a,Authors report 85 in ITT and 78 PP; Table 3/Table 2 retain original 42/43 group denominators. Active nonacupoint stimulation was used to preserve masking.,INCLUDE,EXCLUDE,Outside defined quantitative estimands; retained in full descriptive extraction.,,1,,
V33-OD-0339,Song 2020,Song_2020,SONG20_TEAS_vs_SHAM_UNSTABLESLEEP_PREOP1,Perioperative TEAS: PC6/HT7 preoperatively; PC6/HT7/ST36/LI4 postoperatively (2/10 Hz; 30-min sessions),Active nonacupoint electrical stimulation with matched timing/frequency,TEAS,CONTROL_TYPE_REVIEW_REQUIRED,Sleep quality,Unstable sleep,First night before surgery after preoperative stimulation,Outcome-specific analyzed population,42.0,43.0,43.41,3.4,40.67,2.7,,,%,Mean/SD,Table 2,,TEAS EA Verification/Source PDFs/getfile.php-6.pdf,0a262651d2a78a1454e1b07a661f3c6a77c06b6a6143de7adb70ca1abc9c844a,Authors report 85 in ITT and 78 PP; Table 3/Table 2 retain original 42/43 group denominators. Active nonacupoint stimulation was used to preserve masking.,INCLUDE,EXCLUDE,Outside defined quantitative estimands; retained in full descriptive extraction.,,1,,
V33-OD-0340,Song 2020,Song_2020,SONG20_TEAS_vs_SHAM_SLEEPEFFICIENCY_POD1,Perioperative TEAS: PC6/HT7 preoperatively; PC6/HT7/ST36/LI4 postoperatively (2/10 Hz; 30-min sessions),Active nonacupoint electrical stimulation with matched timing/frequency,TEAS,CONTROL_TYPE_REVIEW_REQUIRED,Sleep quality,Sleep efficiency,First postoperative night,Outcome-specific analyzed population,42.0,43.0,76.63,2.9,70.35,2.5,,,%,Mean/SD,Table 2,,TEAS EA Verification/Source PDFs/getfile.php-6.pdf,0a262651d2a78a1454e1b07a661f3c6a77c06b6a6143de7adb70ca1abc9c844a,Authors report 85 in ITT and 78 PP; Table 3/Table 2 retain original 42/43 group denominators. Active nonacupoint stimulation was used to preserve masking.,INCLUDE,EXCLUDE,Outside defined quantitative estimands; retained in full descriptive extraction.,,1,,
V33-OD-0341,Song 2020,Song_2020,SONG20_TEAS_vs_SHAM_AIS_POD1,Perioperative TEAS: PC6/HT7 preoperatively; PC6/HT7/ST36/LI4 postoperatively (2/10 Hz; 30-min sessions),Active nonacupoint electrical stimulation with matched timing/frequency,TEAS,CONTROL_TYPE_REVIEW_REQUIRED,Sleep quality,AIS score,First postoperative night,Outcome-specific analyzed population,42.0,43.0,4.14,0.8,5.44,0.6,,,AIS points,Mean/SD,Table 2,,TEAS EA Verification/Source PDFs/getfile.php-6.pdf,0a262651d2a78a1454e1b07a661f3c6a77c06b6a6143de7adb70ca1abc9c844a,Authors report 85 in ITT and 78 PP; Table 3/Table 2 retain original 42/43 group denominators. Active nonacupoint stimulation was used to preserve masking.,INCLUDE,EXCLUDE,Outside defined quantitative estimands; retained in full descriptive extraction.,,1,,
V33-OD-0342,Song 2020,Song_2020,SONG20_TEAS_vs_SHAM_REMSLEEP_POD1,Perioperative TEAS: PC6/HT7 preoperatively; PC6/HT7/ST36/LI4 postoperatively (2/10 Hz; 30-min sessions),Active nonacupoint electrical stimulation with matched timing/frequency,TEAS,CONTROL_TYPE_REVIEW_REQUIRED,Sleep quality,REM sleep,First postoperative night,Outcome-specific analyzed population,42.0,43.0,19.42,1.6,16.07,1.8,,,%,Mean/SD,Table 2,,TEAS EA Verification/Source PDFs/getfile.php-6.pdf,0a262651d2a78a1454e1b07a661f3c6a77c06b6a6143de7adb70ca1abc9c844a,Authors report 85 in ITT and 78 PP; Table 3/Table 2 retain original 42/43 group denominators. Active nonacupoint stimulation was used to preserve masking.,INCLUDE,EXCLUDE,Outside defined quantitative estimands; retained in full descriptive extraction.,,1,,
V33-OD-0343,Song 2020,Song_2020,SONG20_TEAS_vs_SHAM_STABLESLEEP_POD1,Perioperative TEAS: PC6/HT7 preoperatively; PC6/HT7/ST36/LI4 postoperatively (2/10 Hz; 30-min sessions),Active nonacupoint electrical stimulation with matched timing/frequency,TEAS,CONTROL_TYPE_REVIEW_REQUIRED,Sleep quality,Stable sleep,First postoperative night,Outcome-specific analyzed population,42.0,43.0,28.24,2.7,24.85,3.3,,,%,Mean/SD,Table 2,,TEAS EA Verification/Source PDFs/getfile.php-6.pdf,0a262651d2a78a1454e1b07a661f3c6a77c06b6a6143de7adb70ca1abc9c844a,Authors report 85 in ITT and 78 PP; Table 3/Table 2 retain original 42/43 group denominators. Active nonacupoint stimulation was used to preserve masking.,INCLUDE,EXCLUDE,Outside defined quantitative estimands; retained in full descriptive extraction.,,1,,
V33-OD-0344,Song 2020,Song_2020,SONG20_TEAS_vs_SHAM_UNSTABLESLEEP_POD1,Perioperative TEAS: PC6/HT7 preoperatively; PC6/HT7/ST36/LI4 postoperatively (2/10 Hz; 30-min sessions),Active nonacupoint electrical stimulation with matched timing/frequency,TEAS,CONTROL_TYPE_REVIEW_REQUIRED,Sleep quality,Unstable sleep,First postoperative night,Outcome-specific analyzed population,42.0,43.0,33.59,3.4,27.15,2.8,,,%,Mean/SD,Table 2,,TEAS EA Verification/Source PDFs/getfile.php-6.pdf,0a262651d2a78a1454e1b07a661f3c6a77c06b6a6143de7adb70ca1abc9c844a,Authors report 85 in ITT and 78 PP; Table 3/Table 2 retain original 42/43 group denominators. Active nonacupoint stimulation was used to preserve masking.,INCLUDE,EXCLUDE,Outside defined quantitative estimands; retained in full descriptive extraction.,,1,,
V33-OD-0345,Song 2020,Song_2020,SONG20_TEAS_vs_SHAM_SLEEPEFFICIENCY_POD3,Perioperative TEAS: PC6/HT7 preoperatively; PC6/HT7/ST36/LI4 postoperatively (2/10 Hz; 30-min sessions),Active nonacupoint electrical stimulation with matched timing/frequency,TEAS,CONTROL_TYPE_REVIEW_REQUIRED,Sleep quality,Sleep efficiency,Third postoperative night,Outcome-specific analyzed population,42.0,43.0,82.0,3.4,78.18,3.2,,,%,Mean/SD,Table 2,,TEAS EA Verification/Source PDFs/getfile.php-6.pdf,0a262651d2a78a1454e1b07a661f3c6a77c06b6a6143de7adb70ca1abc9c844a,Authors report 85 in ITT and 78 PP; Table 3/Table 2 retain original 42/43 group denominators. Active nonacupoint stimulation was used to preserve masking.,INCLUDE,EXCLUDE,Outside defined quantitative estimands; retained in full descriptive extraction.,,1,,
V33-OD-0346,Song 2020,Song_2020,SONG20_TEAS_vs_SHAM_AIS_POD3,Perioperative TEAS: PC6/HT7 preoperatively; PC6/HT7/ST36/LI4 postoperatively (2/10 Hz; 30-min sessions),Active nonacupoint electrical stimulation with matched timing/frequency,TEAS,CONTROL_TYPE_REVIEW_REQUIRED,Sleep quality,AIS score,Third postoperative night,Outcome-specific analyzed population,42.0,43.0,3.33,0.8,4.33,0.9,,,AIS points,Mean/SD,Table 2,,TEAS EA Verification/Source PDFs/getfile.php-6.pdf,0a262651d2a78a1454e1b07a661f3c6a77c06b6a6143de7adb70ca1abc9c844a,Authors report 85 in ITT and 78 PP; Table 3/Table 2 retain original 42/43 group denominators. Active nonacupoint stimulation was used to preserve masking.,INCLUDE,EXCLUDE,Outside defined quantitative estimands; retained in full descriptive extraction.,,1,,
V33-OD-0347,Song 2020,Song_2020,SONG20_TEAS_vs_SHAM_REMSLEEP_POD3,Perioperative TEAS: PC6/HT7 preoperatively; PC6/HT7/ST36/LI4 postoperatively (2/10 Hz; 30-min sessions),Active nonacupoint electrical stimulation with matched timing/frequency,TEAS,CONTROL_TYPE_REVIEW_REQUIRED,Sleep quality,REM sleep,Third postoperative night,Outcome-specific analyzed population,42.0,43.0,21.5,1.7,18.64,1.5,,,%,Mean/SD,Table 2,,TEAS EA Verification/Source PDFs/getfile.php-6.pdf,0a262651d2a78a1454e1b07a661f3c6a77c06b6a6143de7adb70ca1abc9c844a,Authors report 85 in ITT and 78 PP; Table 3/Table 2 retain original 42/43 group denominators. Active nonacupoint stimulation was used to preserve masking.,INCLUDE,EXCLUDE,Outside defined quantitative estimands; retained in full descriptive extraction.,,1,,
V33-OD-0348,Song 2020,Song_2020,SONG20_TEAS_vs_SHAM_STABLESLEEP_POD3,Perioperative TEAS: PC6/HT7 preoperatively; PC6/HT7/ST36/LI4 postoperatively (2/10 Hz; 30-min sessions),Active nonacupoint electrical stimulation with matched timing/frequency,TEAS,CONTROL_TYPE_REVIEW_REQUIRED,Sleep quality,Stable sleep,Third postoperative night,Outcome-specific analyzed population,42.0,43.0,30.11,3.0,27.13,3.4,,,%,Mean/SD,Table 2,,TEAS EA Verification/Source PDFs/getfile.php-6.pdf,0a262651d2a78a1454e1b07a661f3c6a77c06b6a6143de7adb70ca1abc9c844a,Authors report 85 in ITT and 78 PP; Table 3/Table 2 retain original 42/43 group denominators. Active nonacupoint stimulation was used to preserve masking.,INCLUDE,EXCLUDE,Outside defined quantitative estimands; retained in full descriptive extraction.,,1,,
V33-OD-0349,Song 2020,Song_2020,SONG20_TEAS_vs_SHAM_UNSTABLESLEEP_POD3,Perioperative TEAS: PC6/HT7 preoperatively; PC6/HT7/ST36/LI4 postoperatively (2/10 Hz; 30-min sessions),Active nonacupoint electrical stimulation with matched timing/frequency,TEAS,CONTROL_TYPE_REVIEW_REQUIRED,Sleep quality,Unstable sleep,Third postoperative night,Outcome-specific analyzed population,42.0,43.0,38.16,3.4,31.39,2.7,,,%,Mean/SD,Table 2,,TEAS EA Verification/Source PDFs/getfile.php-6.pdf,0a262651d2a78a1454e1b07a661f3c6a77c06b6a6143de7adb70ca1abc9c844a,Authors report 85 in ITT and 78 PP; Table 3/Table 2 retain original 42/43 group denominators. Active nonacupoint stimulation was used to preserve masking.,INCLUDE,EXCLUDE,Outside defined quantitative estimands; retained in full descriptive extraction.,,1,,
V33-OD-0350,Szmit 2021,Szmit_2021,SZMIT21_TEAS_vs_SHAM_MORPH24,Postoperative TEAS: bilateral LI4 + ipsilateral peri-incisional ashi points; alternating 2/100 Hz; 30 min every 2 h through 24 h,Sham TEAS: identical devices/placement with no electrical stimulation + PCA,TEAS,Sham,Postoperative opioid consumption,Total IV PCA morphine dose,0–24 h postoperative,Outcome-specific analyzed population,24.0,24.0,7.5,3.8,15.2,6.24,,,mg IV morphine,Mean/SD,Table 2 / primary outcome,,TEAS EA Verification/Source PDFs/pdf-3.pdf,2a45730009de55f8953ed7f8d3e052d8e3a72e2ee51620b4ed800fcc67542b89,Source reports both mean/SD and median/IQR; mean/SD used for the strict primary dataset. Participants were blinded; personnel were not.,INCLUDE,INCLUDE,Expanded device/rescue/unit-uncertain body. Published source values unchanged. Not the registered systemic estimand.,;opioid24_TEAS_sham;opioid24_TEAS_sham_expanded_suf0.25;opioid24_TEAS_sham_expanded_suf0.25_without_Chen2020;opioid24_TEAS_sham_expanded_suf0.5;opioid24_TEAS_sham_expanded_suf0.5_without_Chen2020;opioid24_TEAS_sham_expanded_suf1;opioid24_TEAS_sham_expanded_suf1_without_Chen2020,1,,
V33-OD-0351,Szmit 2021,Szmit_2021,SZMIT21_TEAS_vs_CTRL_MORPH24,Postoperative TEAS: bilateral LI4 + ipsilateral peri-incisional ashi points; alternating 2/100 Hz; 30 min every 2 h through 24 h,PCA only / no TEAS,TEAS,Usual care,Postoperative opioid consumption,Total IV PCA morphine dose,0–24 h postoperative,Outcome-specific analyzed population,24.0,23.0,7.5,3.8,15.5,6.1,,,mg IV morphine,Mean/SD,Table 2 / primary outcome,,TEAS EA Verification/Source PDFs/pdf-3.pdf,2a45730009de55f8953ed7f8d3e052d8e3a72e2ee51620b4ed800fcc67542b89,Do not count this alternative comparator as a second independent study in a simple pairwise meta-analysis.,INCLUDE,INCLUDE,Source construct/window/contrast reviewed; direct data admitted.,;opioid24_TEAS_usual,1,CONTROL_TYPE_REVIEW_REQUIRED,"Szmit 2021: third arm ""PCA only"" without TEAS or sham-TEAS."
V33-OD-0352,Szmit 2021,Szmit_2021,SZMIT21_TEAS_vs_SHAM_NAUSEA24,Postoperative TEAS: bilateral LI4 + ipsilateral peri-incisional ashi points; alternating 2/100 Hz; 30 min every 2 h through 24 h,Sham TEAS: identical devices/placement with no electrical stimulation + PCA,TEAS,Sham,PONV,Nausea incidence,Postoperative observation period; PCA/TEAS discontinued at 24 h,Outcome-specific analyzed population,24.0,24.0,,,,,0.0,4.0,participants with nausea,Events/total,Table 2 / postoperative adverse events,,TEAS EA Verification/Source PDFs/pdf-3.pdf,2a45730009de55f8953ed7f8d3e052d8e3a72e2ee51620b4ed800fcc67542b89,Zero events in TEAS; use events/denominators directly rather than the non-significant overall P value.,INCLUDE,EXCLUDE,Outside defined quantitative estimands; retained in full descriptive extraction.,,1,,
V33-OD-0353,Szmit 2021,Szmit_2021,SZMIT21_TEAS_vs_CTRL_NAUSEA24,Postoperative TEAS: bilateral LI4 + ipsilateral peri-incisional ashi points; alternating 2/100 Hz; 30 min every 2 h through 24 h,PCA only / no TEAS,TEAS,CONTROL_TYPE_REVIEW_REQUIRED,PONV,Nausea incidence,Postoperative observation period; PCA/TEAS discontinued at 24 h,Outcome-specific analyzed population,24.0,23.0,,,,,0.0,2.0,participants with nausea,Events/total,Table 2 / postoperative adverse events,,TEAS EA Verification/Source PDFs/pdf-3.pdf,2a45730009de55f8953ed7f8d3e052d8e3a72e2ee51620b4ed800fcc67542b89,Zero events in TEAS; correlated alternative comparator; do not count independently in a simple pairwise synthesis.,INCLUDE,EXCLUDE,Outside defined quantitative estimands; retained in full descriptive extraction.,,1,,
V33-OD-0354,Szmit 2021,Szmit_2021,SZMIT21_TEAS_vs_SHAM_VASDISCH,Postoperative TEAS: bilateral LI4 + ipsilateral peri-incisional ashi points; alternating 2/100 Hz; 30 min every 2 h through 24 h,Sham TEAS: identical devices/placement with no electrical stimulation + PCA,TEAS,Sham,Pain,VAS pain at discharge,At discharge; exact postoperative clock time not reported,Outcome-specific analyzed population,24.0,24.0,1.3,1.0,2.9,1.5,,,VAS 0–10,Mean/SD,Table 2 / Figure 3b,,TEAS EA Verification/Source PDFs/pdf-3.pdf,2a45730009de55f8953ed7f8d3e052d8e3a72e2ee51620b4ed800fcc67542b89,Figure 3b identifies the VAS result as assessed at discharge; the exact postoperative time of discharge is not stated.,INCLUDE,EXCLUDE,Outside defined quantitative estimands; retained in full descriptive extraction.,,1,,
V33-OD-0355,Szmit 2021,Szmit_2021,SZMIT21_TEAS_vs_CTRL_VASDISCH,Postoperative TEAS: bilateral LI4 + ipsilateral peri-incisional ashi points; alternating 2/100 Hz; 30 min every 2 h through 24 h,PCA only / no TEAS,TEAS,CONTROL_TYPE_REVIEW_REQUIRED,Pain,VAS pain at discharge,At discharge; exact postoperative clock time not reported,Outcome-specific analyzed population,24.0,23.0,1.3,1.0,3.1,1.3,,,VAS 0–10,Mean/SD,Table 2 / Figure 3b,,TEAS EA Verification/Source PDFs/pdf-3.pdf,2a45730009de55f8953ed7f8d3e052d8e3a72e2ee51620b4ed800fcc67542b89,Figure 3b identifies the VAS result as assessed at discharge; exact timing is unreported and this is a correlated alternative comparator.,INCLUDE,EXCLUDE,Outside defined quantitative estimands; retained in full descriptive extraction.,,1,,
V33-OD-0356,Zhang 2018,Zhang_2018,ZHANG18_TEA_vs_SHAM_OPIOID24,"Postoperative needleless TEA at bilateral ST36 and PC6; 25 Hz, 0.5-ms pulse width, 2–10 mA; 1 h twice daily on POD1–3",Active electrical stimulation at non-acupoints with the same stimulation method,TEAS,CONTROL_TYPE_REVIEW_REQUIRED,Postoperative opioid consumption,Exact cumulative postoperative opioid consumption,0–24 h,Outcome-specific analyzed population,21.0,21.0,,,,,,,opioid dose,Not reported,Methods/results,,TEAS EA Verification/Source PDFs/Needleless Transcutaneous Electrical Acustimulation_ A Pilot Study Evaluating Improvement in Post-Operative Recovery-2.pdf,14060b2cb80b9e271fdeb2d154101eba725b0e4864fe90d95b8730d9848a9d2e,The article does not report postoperative opioid consumption/dose or a quantitative rescue-opioid endpoint.,NOT REPORTED,HOLD,"No directly tabulated mean/SD or event/denominator for current quantitative body; preserve original statistic, no automatic median or graph conversion.",,1,,
V33-OD-0357,Zhang 2018,Zhang_2018,ZHANG18_TEA_vs_SHAM_DEFEC,"Postoperative needleless TEA at bilateral ST36 and PC6; 25 Hz, 0.5-ms pulse width, 2–10 mA; 1 h twice daily on POD1–3",Active electrical stimulation at non-acupoints with the same stimulation method,TEAS,CONTROL_TYPE_REVIEW_REQUIRED,GI recovery,Time to first defecation,Postoperative,Outcome-specific analyzed population,21.0,21.0,,,,,,,hours,Graph-only mean±SE,Figure 2a / Results,,TEAS EA Verification/Source PDFs/Needleless Transcutaneous Electrical Acustimulation_ A Pilot Study Evaluating Improvement in Post-Operative Recovery-2.pdf,14060b2cb80b9e271fdeb2d154101eba725b0e4864fe90d95b8730d9848a9d2e,Exact group mean±SE values are shown only in Figure 2a; do not visually infer. Source text reports a 31.7% reduction.,GRAPH ONLY,HOLD,"No directly tabulated mean/SD or event/denominator for current quantitative body; preserve original statistic, no automatic median or graph conversion.",,1,,
V33-OD-0358,Zhang 2018,Zhang_2018,ZHANG18_TEA_vs_SHAM_FLATUS,"Postoperative needleless TEA at bilateral ST36 and PC6; 25 Hz, 0.5-ms pulse width, 2–10 mA; 1 h twice daily on POD1–3",Active electrical stimulation at non-acupoints with the same stimulation method,TEAS,CONTROL_TYPE_REVIEW_REQUIRED,GI recovery,Time to first flatus,Postoperative,Outcome-specific analyzed population,21.0,21.0,,,,,,,hours,Graph-only mean±SE,Figure 2a / Results,,TEAS EA Verification/Source PDFs/Needleless Transcutaneous Electrical Acustimulation_ A Pilot Study Evaluating Improvement in Post-Operative Recovery-2.pdf,14060b2cb80b9e271fdeb2d154101eba725b0e4864fe90d95b8730d9848a9d2e,Exact group mean±SE values are shown only in Figure 2a; do not visually infer. Source text reports a 35.9% reduction.,GRAPH ONLY,HOLD,"No directly tabulated mean/SD or event/denominator for current quantitative body; preserve original statistic, no automatic median or graph conversion.",,1,,
V33-OD-0359,Zhang 2018,Zhang_2018,ZHANG18_TEA_vs_SHAM_DIET,"Postoperative needleless TEA at bilateral ST36 and PC6; 25 Hz, 0.5-ms pulse width, 2–10 mA; 1 h twice daily on POD1–3",Active electrical stimulation at non-acupoints with the same stimulation method,TEAS,CONTROL_TYPE_REVIEW_REQUIRED,GI recovery,Time to resume diet,Postoperative,Outcome-specific analyzed population,21.0,21.0,,,,,,,days,Graph-only mean±SE,Figure 2b / Results,,TEAS EA Verification/Source PDFs/Needleless Transcutaneous Electrical Acustimulation_ A Pilot Study Evaluating Improvement in Post-Operative Recovery-2.pdf,14060b2cb80b9e271fdeb2d154101eba725b0e4864fe90d95b8730d9848a9d2e,Exact group mean±SE values are shown only in Figure 2b; do not visually infer. Source text reports a 26.5% reduction.,GRAPH ONLY,HOLD,"No directly tabulated mean/SD or event/denominator for current quantitative body; preserve original statistic, no automatic median or graph conversion.",,1,,
V33-OD-0360,Zhang 2018,Zhang_2018,ZHANG18_TEA_vs_SHAM_POI96,"Postoperative needleless TEA at bilateral ST36 and PC6; 25 Hz, 0.5-ms pulse width, 2–10 mA; 1 h twice daily on POD1–3",Active electrical stimulation at non-acupoints with the same stimulation method,TEAS,CONTROL_TYPE_REVIEW_REQUIRED,GI recovery,Prolonged postoperative ileus / time to first defecation >96 h,Postoperative,Outcome-specific analyzed population,21.0,21.0,,,,,0.0,5.0,participants,Events/total,Results text / Table 2,,TEAS EA Verification/Source PDFs/Needleless Transcutaneous Electrical Acustimulation_ A Pilot Study Evaluating Improvement in Post-Operative Recovery-2.pdf,14060b2cb80b9e271fdeb2d154101eba725b0e4864fe90d95b8730d9848a9d2e,"Text reports 0/21 TEA vs 5/21 sham, but Table 2 lists 33 non-endpoint + 11 endpoint patients (44 total) despite 42 randomized. Preserve raw text counts but hold quantitative use.",HOLD,HOLD,"Source ambiguity or unavailable required statistic: Preserved v33 source-QC gate: Raw text gives 0/21 vs 5/21, but Table 2 endpoint/non-endpoint totals equal 44 rather than 42; adjudication required.",,1,,
V33-OD-0361,Zhang 2018,Zhang_2018,ZHANG18_TEA_vs_SHAM_AMB,"Postoperative needleless TEA at bilateral ST36 and PC6; 25 Hz, 0.5-ms pulse width, 2–10 mA; 1 h twice daily on POD1–3",Active electrical stimulation at non-acupoints with the same stimulation method,TEAS,CONTROL_TYPE_REVIEW_REQUIRED,Functional recovery,Time to ambulation,Postoperative,Outcome-specific analyzed population,21.0,21.0,,,,,,,days,Graph-only mean±SE,Figure 2b / Results,,TEAS EA Verification/Source PDFs/Needleless Transcutaneous Electrical Acustimulation_ A Pilot Study Evaluating Improvement in Post-Operative Recovery-2.pdf,14060b2cb80b9e271fdeb2d154101eba725b0e4864fe90d95b8730d9848a9d2e,Exact group mean±SE values are shown only in Figure 2b; source text reports a 42.8% reduction.,GRAPH ONLY,HOLD,"No directly tabulated mean/SD or event/denominator for current quantitative body; preserve original statistic, no automatic median or graph conversion.",,1,,
V33-OD-0362,Zhang 2018,Zhang_2018,ZHANG18_TEA_vs_SHAM_LOS,"Postoperative needleless TEA at bilateral ST36 and PC6; 25 Hz, 0.5-ms pulse width, 2–10 mA; 1 h twice daily on POD1–3",Active electrical stimulation at non-acupoints with the same stimulation method,TEAS,CONTROL_TYPE_REVIEW_REQUIRED,Functional recovery,Postoperative hospital length of stay,Postoperative,Outcome-specific analyzed population,21.0,21.0,,,,,,,days,Graph-only mean±SE,Figure 2b / Results,,TEAS EA Verification/Source PDFs/Needleless Transcutaneous Electrical Acustimulation_ A Pilot Study Evaluating Improvement in Post-Operative Recovery-2.pdf,14060b2cb80b9e271fdeb2d154101eba725b0e4864fe90d95b8730d9848a9d2e,Exact group mean±SE values are shown only in Figure 2b; source text reports a 30.2% reduction. Adjusted regression coefficient for TEA was −6.3 days (95% CI −12.0 to −0.6).,GRAPH ONLY,HOLD,"No directly tabulated mean/SD or event/denominator for current quantitative body; preserve original statistic, no automatic median or graph conversion.",,1,,
V33-OD-0363,Zhang 2018,Zhang_2018,ZHANG18_TEA_vs_SHAM_PAINPOD1,"Postoperative needleless TEA at bilateral ST36 and PC6; 25 Hz, 0.5-ms pulse width, 2–10 mA; 1 h twice daily on POD1–3",Active electrical stimulation at non-acupoints with the same stimulation method,TEAS,CONTROL_TYPE_REVIEW_REQUIRED,Pain,VAS pain score,Postoperative day 1,Outcome-specific analyzed population,21.0,21.0,,,,,,,VAS 0–10,Graph-only mean±SE,Figure 2c / Results,,TEAS EA Verification/Source PDFs/Needleless Transcutaneous Electrical Acustimulation_ A Pilot Study Evaluating Improvement in Post-Operative Recovery-2.pdf,14060b2cb80b9e271fdeb2d154101eba725b0e4864fe90d95b8730d9848a9d2e,Figure 2c shows POD1 means±SE but exact values are not tabulated. The Results text highlights significant reductions only on POD2 and POD3.,GRAPH ONLY,HOLD,"No directly tabulated mean/SD or event/denominator for current quantitative body; preserve original statistic, no automatic median or graph conversion.",,1,,
V33-OD-0364,Zhang 2018,Zhang_2018,ZHANG18_TEA_vs_SHAM_PAINPOD2,"Postoperative needleless TEA at bilateral ST36 and PC6; 25 Hz, 0.5-ms pulse width, 2–10 mA; 1 h twice daily on POD1–3",Active electrical stimulation at non-acupoints with the same stimulation method,TEAS,CONTROL_TYPE_REVIEW_REQUIRED,Pain,VAS pain score,Postoperative day 2,Outcome-specific analyzed population,21.0,21.0,,,,,,,VAS 0–10,Graph-only mean±SE,Figure 2c / Results,,TEAS EA Verification/Source PDFs/Needleless Transcutaneous Electrical Acustimulation_ A Pilot Study Evaluating Improvement in Post-Operative Recovery-2.pdf,14060b2cb80b9e271fdeb2d154101eba725b0e4864fe90d95b8730d9848a9d2e,Exact group mean±SE values are shown only in Figure 2c; source text reports a 50.8% reduction.,GRAPH ONLY,HOLD,"No directly tabulated mean/SD or event/denominator for current quantitative body; preserve original statistic, no automatic median or graph conversion.",,1,,
V33-OD-0365,Zhang 2018,Zhang_2018,ZHANG18_TEA_vs_SHAM_PAINPOD3,"Postoperative needleless TEA at bilateral ST36 and PC6; 25 Hz, 0.5-ms pulse width, 2–10 mA; 1 h twice daily on POD1–3",Active electrical stimulation at non-acupoints with the same stimulation method,TEAS,CONTROL_TYPE_REVIEW_REQUIRED,Pain,VAS pain score,Postoperative day 3,Outcome-specific analyzed population,21.0,21.0,,,,,,,VAS 0–10,Graph-only mean±SE,Figure 2c / Results,,TEAS EA Verification/Source PDFs/Needleless Transcutaneous Electrical Acustimulation_ A Pilot Study Evaluating Improvement in Post-Operative Recovery-2.pdf,14060b2cb80b9e271fdeb2d154101eba725b0e4864fe90d95b8730d9848a9d2e,Exact group mean±SE values are shown only in Figure 2c; source text reports a 64.9% reduction.,GRAPH ONLY,HOLD,"No directly tabulated mean/SD or event/denominator for current quantitative body; preserve original statistic, no automatic median or graph conversion.",,1,,
V33-OD-0366,Yu 2020,Yu_2020,YU20_TEAS_vs_CTRL_RESCUEOP24,Preoperative TEAS,Control/no current (electrodes applied),TEAS,Sham,Rescue opioid use,Participants requiring rescue sufentanil,0-24 h postoperative,Outcome-specific analyzed population,30.0,30.0,,,,,13.0,24.0,participants,Events/total,Table 3 (Cases of remedial analgesia),,TEAS EA Verification/Source PDFs/s13063-019-3892-4.pdf,12fbd503870f7f12216ff5f2544b159c66fecd557d4838bcabceec1aa151fb69,"Binary incidence of rescue analgesia, NOT cumulative opioid dose. Rescue dose/number of administrations not reported, so no MME is derivable.",INCLUDE,EXCLUDE,Outside defined quantitative estimands; retained in full descriptive extraction.,,1,,
V33-OD-0367,Yu 2020,Yu_2020,YU20_TEAS_vs_CTRL_PAIN_POD1,Preoperative TEAS,Control/no current (electrodes applied),TEAS,Sham,Pain,Resting pain VAS,POD1 (~24 h),Outcome-specific analyzed population,30.0,30.0,3.7,1.53,4.73,1.53,,,VAS 0-10,Mean/SD,Table 2 (VAS scores); abstract Results,,TEAS EA Verification/Source PDFs/s13063-019-3892-4.pdf,12fbd503870f7f12216ff5f2544b159c66fecd557d4838bcabceec1aa151fb69,"SOURCE CONFLICT: Table 2 reports TEAS 3.70 (1.53); the abstract reports 3.70 +/- 1.41 for the same result. Table 2's TEAS SD is also identical to the control SD (1.53), which is itself suspicious. Table 2 value recorded here as the primary transcription because a table outranks an abstract; the conflict is unresolved and this row must NOT be pooled. Author contact required. | V34: Yu Table 2 TEAS SDs POD1/POD2 = 1.53/0.98; abstract = 1.41/0.88. POD2 prose P=0.26, table *P<0.05, abstract significant. Table values retained; pain quantitative HOLD.",HOLD,INCLUDE,Source construct/window/contrast reviewed; direct data admitted.,;pain24_rest_TEAS_sham,1,,
V33-OD-0368,Yu 2020,Yu_2020,YU20_TEAS_vs_CTRL_PAIN_POD2,Preoperative TEAS,Control/no current (electrodes applied),TEAS,Sham,Pain,Resting pain VAS,POD2 (~48 h),Outcome-specific analyzed population,30.0,30.0,1.83,0.98,2.3,0.95,,,VAS 0-10,Mean/SD,Table 2; Results 'Pain assessment'; abstract,,TEAS EA Verification/Source PDFs/s13063-019-3892-4.pdf,12fbd503870f7f12216ff5f2544b159c66fecd557d4838bcabceec1aa151fb69,"TWO SOURCE CONFLICTS. (1) SD: Table 2 gives TEAS 1.83 (0.98); the abstract gives 1.83 +/- 0.88. (2) P value: the Results text states 'P = 0.042 and P = 0.26 for T1 and T2 respectively', i.e. POD2 non-significant, while Table 2 stars this result as P < 0.05 and the abstract claims P < 0.05 for both timepoints. Unresolved; do not pool. Author contact required. | V34: Yu Table 2 TEAS SDs POD1/POD2 = 1.53/0.98; abstract = 1.41/0.88. POD2 prose P=0.26, table *P<0.05, abstract significant. Table values retained; pain quantitative HOLD.",HOLD,HOLD,"Source ambiguity or unavailable required statistic: Unresolved source conflict or undefined endpoint; printed values retained, excluded from quantitative models.",,1,,
V33-OD-0369,Yao 2015,Yao_2015,YAO15_TEAS_vs_CTRL_RESCUECOUNT24,Preoperative TEAS,Control/no current,TEAS,Sham,Rescue opioid use,Cumulative number of rescue analgesia administrations,0-24 h postoperative,Outcome-specific analyzed population,35.0,36.0,,,,,,,administrations,Median/IQR,Table 3 (Cumulative number of rescue analgesia),,retrieved_pdfs/039_yao_2015.pdf,769574c60b55724c5f5d1bb988ebb6cbd252be9b95734e3b11bf61bf5ae9272f,"Rescue was IV sufentanil 0.05 ug/kg per administration. Do NOT multiply the median count by 0.05 ug/kg and a mean body weight to manufacture cumulative MME: the product of a median count and a mean weight is not the median or mean of the individual-level product, and no patient-level data are available.",NARRATIVE ONLY,HOLD,"No directly tabulated mean/SD or event/denominator for current quantitative body; preserve original statistic, no automatic median or graph conversion.",,1,,
V33-OD-0370,Yao 2015,Yao_2015,YAO15_TEAS_vs_CTRL_TIMETORESCUE,Preoperative TEAS,Control/no current,TEAS,Sham,Rescue analgesia,Time to first rescue analgesia,0-24 h postoperative,Outcome-specific analyzed population,35.0,36.0,,,,,,,minutes,Median/range,Table 3 (Time to first rescue analgesia),,retrieved_pdfs/039_yao_2015.pdf,769574c60b55724c5f5d1bb988ebb6cbd252be9b95734e3b11bf61bf5ae9272f,"The intervention arm's upper bound of 1440 min is the full 24-h observation window, i.e. censoring at end of follow-up. Treating this as an IQR bound would be wrong; it is a range. Not pooled as a mean difference.",NARRATIVE ONLY,HOLD,"No directly tabulated mean/SD or event/denominator for current quantitative body; preserve original statistic, no automatic median or graph conversion.",,1,,
V33-OD-0371,Yao 2015,Yao_2015,YAO15_TEAS_vs_CTRL_NAUSEA24,Preoperative TEAS,Control/no current,TEAS,Sham,PONV,Postoperative nausea,0-24 h postoperative,Outcome-specific analyzed population,35.0,36.0,,,,,17.0,26.0,participants,Events/total,Table 3 (Nausea),,retrieved_pdfs/039_yao_2015.pdf,769574c60b55724c5f5d1bb988ebb6cbd252be9b95734e3b11bf61bf5ae9272f,Reported as 17 (48.6%) vs 26 (72.2%); denominators confirmed from Table 3 headers.,INCLUDE,INCLUDE,Source construct/window/contrast reviewed; direct data admitted.,;nausea24_TEAS_sham,1,,
V33-OD-0372,Yao 2015,Yao_2015,YAO15_TEAS_vs_CTRL_VOMIT24,Preoperative TEAS,Control/no current,TEAS,Sham,PONV,Postoperative vomiting,0-24 h postoperative,Outcome-specific analyzed population,35.0,36.0,,,,,7.0,19.0,participants,Events/total,Table 3 (Vomiting),,retrieved_pdfs/039_yao_2015.pdf,769574c60b55724c5f5d1bb988ebb6cbd252be9b95734e3b11bf61bf5ae9272f,Source-extracted during verification of the supplementary nausea row; the supplement did not list it. Reported as 7 (20.0%) vs 19 (52.8%).,INCLUDE,INCLUDE,v36: Pan2023 moved to usual-care body (control did not undergo TEAS; no sham procedure).,;vomiting24_TEAS_sham,1,,
V33-OD-0373,Zhu 2022,Zhu_2022,ZHU22_PRE_vs_USUAL_INTRAOPSUF,EA day before surgery,Usual care alone,EA,Usual care,Intraoperative opioid,Intraoperative sufentanil,Intraoperative,Outcome-specific analyzed population,101.0,101.0,38.1,4.97,37.8,4.87,,,ug sufentanil,Mean/SD,Table 1 (Intraoperative sufentanil),,TEAS EA Verification/Source PDFs/covidence_381_full_article.pdf,81b253dfbb68322da8383e775b391e0eb829702de456e01224fa82bf6b56bde0,"Reported in Table 1 among baseline/anaesthesia parameters, with a single 4-group omnibus P (0.892); no pairwise contrast is reported. Do not enter more than one Zhu 2022 contrast into a pairwise model without splitting the shared control.",INCLUDE,EXCLUDE,Outside defined quantitative estimands; retained in full descriptive extraction.,,1,,
V33-OD-0374,Zhu 2022,Zhu_2022,ZHU22_30MIN_vs_USUAL_INTRAOPSUF,EA 30 min before surgery,Usual care alone,EA,Usual care,Intraoperative opioid,Intraoperative sufentanil,Intraoperative,Outcome-specific analyzed population,98.0,101.0,39.1,4.83,37.8,4.87,,,ug sufentanil,Mean/SD,Table 1 (Intraoperative sufentanil),,TEAS EA Verification/Source PDFs/covidence_381_full_article.pdf,81b253dfbb68322da8383e775b391e0eb829702de456e01224fa82bf6b56bde0,See ZHU22_PRE_vs_USUAL_INTRAOPSUF.,INCLUDE,EXCLUDE,Outside defined quantitative estimands; retained in full descriptive extraction.,,1,,
V33-OD-0375,Zhu 2022,Zhu_2022,ZHU22_COMB_vs_USUAL_INTRAOPSUF,EA day before + 30 min before,Usual care alone,EA,Usual care,Intraoperative opioid,Intraoperative sufentanil,Intraoperative,Outcome-specific analyzed population,100.0,101.0,39.0,5.12,37.8,4.87,,,ug sufentanil,Mean/SD,Table 1 (Intraoperative sufentanil),,TEAS EA Verification/Source PDFs/covidence_381_full_article.pdf,81b253dfbb68322da8383e775b391e0eb829702de456e01224fa82bf6b56bde0,See ZHU22_PRE_vs_USUAL_INTRAOPSUF.,INCLUDE,EXCLUDE,Outside defined quantitative estimands; retained in full descriptive extraction.,,1,,
V33-OD-0376,Zhu 2022,Zhu_2022,ZHU22_PRE_vs_USUAL_INTRAOPREMI,EA day before surgery,Usual care alone,EA,Usual care,Intraoperative opioid,Intraoperative remifentanil,Intraoperative,Outcome-specific analyzed population,101.0,101.0,0.58,0.23,0.57,0.26,,,mg remifentanil,Mean/SD,Table 1 (Intraoperative remifentanil),,TEAS EA Verification/Source PDFs/covidence_381_full_article.pdf,81b253dfbb68322da8383e775b391e0eb829702de456e01224fa82bf6b56bde0,Table 1 baseline/anaesthesia parameter with a single 4-group omnibus P (0.948).,INCLUDE,INCLUDE,Source construct/window/contrast reviewed; direct data admitted.,;intraop_remifentanil_EA_usual,1,,
V33-OD-0377,Zhu 2022,Zhu_2022,ZHU22_30MIN_vs_USUAL_INTRAOPREMI,EA 30 min before surgery,Usual care alone,EA,Usual care,Intraoperative opioid,Intraoperative remifentanil,Intraoperative,Outcome-specific analyzed population,98.0,101.0,0.58,0.23,0.57,0.26,,,mg remifentanil,Mean/SD,Table 1 (Intraoperative remifentanil),,TEAS EA Verification/Source PDFs/covidence_381_full_article.pdf,81b253dfbb68322da8383e775b391e0eb829702de456e01224fa82bf6b56bde0,See ZHU22_PRE_vs_USUAL_INTRAOPREMI.,INCLUDE,INCLUDE,Source construct/window/contrast reviewed; direct data admitted.,;intraop_remifentanil_EA_usual,1,,
V33-OD-0378,Zhu 2022,Zhu_2022,ZHU22_COMB_vs_USUAL_INTRAOPREMI,EA day before + 30 min before,Usual care alone,EA,Usual care,Intraoperative opioid,Intraoperative remifentanil,Intraoperative,Outcome-specific analyzed population,100.0,101.0,0.5,0.25,0.57,0.26,,,mg remifentanil,Mean/SD,Table 1 (Intraoperative remifentanil),,TEAS EA Verification/Source PDFs/covidence_381_full_article.pdf,81b253dfbb68322da8383e775b391e0eb829702de456e01224fa82bf6b56bde0,See ZHU22_PRE_vs_USUAL_INTRAOPREMI.,INCLUDE,INCLUDE,Source construct/window/contrast reviewed; direct data admitted.,;intraop_remifentanil_EA_usual,1,,
V33-OD-0379,Pan 2023,Pan_2023,PAN23_TEAS_vs_CTRL_INTRAOPREMI,TEAS,Control/usual care,TEAS,Usual care,Intraoperative opioid,Intraoperative remifentanil,Intraoperative,Outcome-specific analyzed population,52.0,53.0,740.1,276.9,854.0,287.5,,,ug remifentanil,Mean/SD,"Table 2 (Duration Remifentanil, ug)",,TEAS EA Verification/Source PDFs/getfile.php-4.pdf,7f51a98abb60112923a7996495bc8d143af74aa710175a70c29894b62a64479d,"Analysis Ns taken from the Table 2 column headers (Group T N=52, Group C N=53) against 105 randomized, i.e. post-randomization exclusions occurred. Existing RoB 2 concern for this trial is retained and NOT downgraded by this addition.",INCLUDE,INCLUDE,v36: Pan2023 and Liang2021 controls received no TEAS/no stimulation without a described sham procedure.,;intraop_remifentanil_TEAS_usual,1,Usual care,"Pan 2023: ""Patients in Group C did not undergo TEAS."" No sham procedure described."
V33-OD-0380,Yang 2020,Yang_2020,YANG20_EA_vs_UC_DEFECATION,EA + usual care,Usual care,EA,Usual care,GI recovery,Time to first defecation,Postoperative,Outcome-specific analyzed population,29.0,28.0,53.9,6.0,57.5,7.2,,,hours,Mean/SD,Abstract Results; GI recovery table,,TEAS EA Verification/Source PDFs/covidence_464_verified.pdf,74195fd297db01dd46bc70ce30960d6ada974359a832f17219120a2cb8491d14,Analysis Ns mirror the existing v32 first-flatus row for this trial (29/28 of 30/29 randomized; 57 of 59 completed). Open-label design; existing RoB concern retained.,INCLUDE,INCLUDE,Source construct/window/contrast reviewed; direct data admitted.,;defecation_EA_usual,1,,
V33-OD-0381,Liang 2021,Liang_2021,LIANG21_TEAS_vs_CTRL_QOR40_24H,Preoperative TEAS,Control/no stimulation,TEAS,Sham,Quality of recovery,Global QoR-40,24 h (T11),Outcome-specific analyzed population,35.0,35.0,191.7,4.4,189.1,4.3,,,QoR-40 points,Mean/SD,Table 4; Results 3.3; Methods 2.7 (T11 definition),,retrieved_pdfs/014_liang_2021.pdf,cf2cc8a627b115ade55a85190c39352aa1a8e63ff1974e4a33dc7b65f961a5a3,"T11 is defined in the source as postoperative 24 hours. Analysis N 35/35 taken from the CONSORT flow diagram (Figure 2), against 37/38 allocated.",INCLUDE,EXCLUDE,Outside defined quantitative estimands; retained in full descriptive extraction.,,1,,
V33-OD-0382,Liang 2021,Liang_2021,LIANG21_TEAS_vs_CTRL_QOR40_48H,Preoperative TEAS,Control/no stimulation,TEAS,Sham,Quality of recovery,Global QoR-40,48 h (T12),Outcome-specific analyzed population,35.0,35.0,195.3,1.9,193.3,3.0,,,QoR-40 points,Mean/SD,Table 4; Results 3.3; Methods 2.7 (T12 definition),,retrieved_pdfs/014_liang_2021.pdf,cf2cc8a627b115ade55a85190c39352aa1a8e63ff1974e4a33dc7b65f961a5a3,T12 is defined in the source as postoperative 48 hours.,INCLUDE,EXCLUDE,Outside defined quantitative estimands; retained in full descriptive extraction.,,1,,
V33-OD-0383,Liang 2021,Liang_2021,LIANG21_TEAS_vs_CTRL_ANALGREQ,Preoperative TEAS,Control/no stimulation,TEAS,Sham,Rescue analgesia,Postoperative analgesia requirement (metric undefined),Early postoperative period - exact window not stated,Outcome-specific analyzed population,35.0,35.0,,,,,,,UNRESOLVED - source does not define the metric,Reported as value (dispersion); statistic type ambiguous,Table 4; Results 3.3; abstract,,retrieved_pdfs/014_liang_2021.pdf,cf2cc8a627b115ade55a85190c39352aa1a8e63ff1974e4a33dc7b65f961a5a3,"HOLD. The source describes this as 'the number of patients who required extra analgesia', but 3.8 (1.9) and 5.0 (2.9) cannot be a count of patients out of 35 - the wording and the statistic are mutually inconsistent. Unit, metric and time window are all unresolved. Do NOT interpret as mg morphine or MME. Author contact required.",HOLD,HOLD,"Source ambiguity or unavailable required statistic: Unresolved source conflict or undefined endpoint; printed values retained, excluded from quantitative models.",,1,,
AUDIT-0002,Zhu 2022,Zhu_2022,V34_B1_001,Group Pre — EA day before surgery,Group Usual — usual care alone,EA,Usual care,Pain,Pain on movement (NRS),6–24 h,Per-protocol,101.0,101.0,1.15,1.02,1.44,1.3,,,NRS 0-10,Mean/SD,p. 422; Table 3,Pain at 6–24 h (mean±SD): Pre 1.15±1.02; 30 1.12±1.03; Comb 1.17±1.17; Usual 1.44±1.3; p=0.179,TEAS EA Verification/Source PDFs/covidence_381_full_article.pdf,81b253dfbb68322da8383e775b391e0eb829702de456e01224fa82bf6b56bde0,"Randomized arm sizes taken from CONSORT Fig 1 (Pre 103/30 103/Comb 103/Usual 104). Abstract instead reports Pre 103/30 104/Comb 103/Usual 103; source is internally inconsistent. Methods call the primary pain outcome 'pain on movement at 24h', while Table 3 labels the row 'Pain at 6–24 h'.",INCLUDE,SENSITIVITY,Interval summary cannot be assumed a point24h co-outcome.,;pain6to24_movement_EA_usual,1,,
AUDIT-0003,Zhu 2022,Zhu_2022,V34_B1_002,Group 30 — EA 30 min before surgery,Group Usual — usual care alone,EA,Usual care,Pain,Pain on movement (NRS),6–24 h,Per-protocol,98.0,101.0,1.12,1.03,1.44,1.3,,,NRS 0-10,Mean/SD,p. 422; Table 3,Pain at 6–24 h (mean±SD): Pre 1.15±1.02; 30 1.12±1.03; Comb 1.17±1.17; Usual 1.44±1.3; p=0.179,TEAS EA Verification/Source PDFs/covidence_381_full_article.pdf,81b253dfbb68322da8383e775b391e0eb829702de456e01224fa82bf6b56bde0,"Randomized arm sizes taken from CONSORT Fig 1 (Pre 103/30 103/Comb 103/Usual 104). Abstract instead reports Pre 103/30 104/Comb 103/Usual 103; source is internally inconsistent. Methods call the primary pain outcome 'pain on movement at 24h', while Table 3 labels the row 'Pain at 6–24 h'.",INCLUDE,SENSITIVITY,Interval summary cannot be assumed a point24h co-outcome.,;pain6to24_movement_EA_usual,1,,
AUDIT-0004,Zhu 2022,Zhu_2022,V34_B1_003,Group Comb — EA day before + 30 min before surgery,Group Usual — usual care alone,EA,Usual care,Pain,Pain on movement (NRS),6–24 h,Per-protocol,100.0,101.0,1.17,1.17,1.44,1.3,,,NRS 0-10,Mean/SD,p. 422; Table 3,Pain at 6–24 h (mean±SD): Pre 1.15±1.02; 30 1.12±1.03; Comb 1.17±1.17; Usual 1.44±1.3; p=0.179,TEAS EA Verification/Source PDFs/covidence_381_full_article.pdf,81b253dfbb68322da8383e775b391e0eb829702de456e01224fa82bf6b56bde0,"Randomized arm sizes taken from CONSORT Fig 1 (Pre 103/30 103/Comb 103/Usual 104). Abstract instead reports Pre 103/30 104/Comb 103/Usual 103; source is internally inconsistent. Methods call the primary pain outcome 'pain on movement at 24h', while Table 3 labels the row 'Pain at 6–24 h'.",INCLUDE,SENSITIVITY,Interval summary cannot be assumed a point24h co-outcome.,;pain6to24_movement_EA_usual,1,,
AUDIT-0005,Zhu 2022,Zhu_2022,V34_B1_004,Group Pre — EA day before surgery,Group Usual — usual care alone,EA,Usual care,Pain,Pain on movement (NRS),0–6 h,Per-protocol,101.0,101.0,1.89,1.47,2.45,1.6,,,NRS 0-10,Mean/SD,p. 422; Table 3,Pain at 0–6 h (mean±SD): Pre 1.89±1.47; 30 2.01±1.25; Comb 1.97±1.25; Usual 2.45±1.6; p=0.024*,TEAS EA Verification/Source PDFs/covidence_381_full_article.pdf,81b253dfbb68322da8383e775b391e0eb829702de456e01224fa82bf6b56bde0,Randomized arm sizes taken from CONSORT Fig 1 (Pre 103/30 103/Comb 103/Usual 104). Abstract instead reports Pre 103/30 104/Comb 103/Usual 103; source is internally inconsistent.,INCLUDE,EXCLUDE,Outside defined quantitative estimands; retained in full descriptive extraction.,,1,,
AUDIT-0006,Zhu 2022,Zhu_2022,V34_B1_005,Group 30 — EA 30 min before surgery,Group Usual — usual care alone,EA,Usual care,Pain,Pain on movement (NRS),0–6 h,Per-protocol,98.0,101.0,2.01,1.25,2.45,1.6,,,NRS 0-10,Mean/SD,p. 422; Table 3,Pain at 0–6 h (mean±SD): Pre 1.89±1.47; 30 2.01±1.25; Comb 1.97±1.25; Usual 2.45±1.6; p=0.024*,TEAS EA Verification/Source PDFs/covidence_381_full_article.pdf,81b253dfbb68322da8383e775b391e0eb829702de456e01224fa82bf6b56bde0,Randomized arm sizes taken from CONSORT Fig 1 (Pre 103/30 103/Comb 103/Usual 104). Abstract instead reports Pre 103/30 104/Comb 103/Usual 103; source is internally inconsistent.,INCLUDE,EXCLUDE,Outside defined quantitative estimands; retained in full descriptive extraction.,,1,,
AUDIT-0007,Zhu 2022,Zhu_2022,V34_B1_006,Group Comb — EA day before + 30 min before surgery,Group Usual — usual care alone,EA,Usual care,Pain,Pain on movement (NRS),0–6 h,Per-protocol,100.0,101.0,1.97,1.25,2.45,1.6,,,NRS 0-10,Mean/SD,p. 422; Table 3,Pain at 0–6 h (mean±SD): Pre 1.89±1.47; 30 2.01±1.25; Comb 1.97±1.25; Usual 2.45±1.6; p=0.024*,TEAS EA Verification/Source PDFs/covidence_381_full_article.pdf,81b253dfbb68322da8383e775b391e0eb829702de456e01224fa82bf6b56bde0,Randomized arm sizes taken from CONSORT Fig 1 (Pre 103/30 103/Comb 103/Usual 104). Abstract instead reports Pre 103/30 104/Comb 103/Usual 103; source is internally inconsistent.,INCLUDE,EXCLUDE,Outside defined quantitative estimands; retained in full descriptive extraction.,,1,,
AUDIT-0008,Zhu 2022,Zhu_2022,V34_B1_007,Group Pre — EA day before surgery,Group Usual — usual care alone,EA,Usual care,Pain,Pain on movement (NRS),24–48 h,Per-protocol,101.0,101.0,0.4,0.76,0.73,0.97,,,NRS 0-10,Mean/SD,p. 422; Table 3,Pain at 24–48 h (mean±SD): Pre 0.4±0.76; 30 0.54±0.86; Comb 0.5±0.96; Usual 0.73±0.97; p=0.058,TEAS EA Verification/Source PDFs/covidence_381_full_article.pdf,81b253dfbb68322da8383e775b391e0eb829702de456e01224fa82bf6b56bde0,Randomized arm sizes taken from CONSORT Fig 1 (Pre 103/30 103/Comb 103/Usual 104). Abstract instead reports Pre 103/30 104/Comb 103/Usual 103; source is internally inconsistent.,INCLUDE,EXCLUDE,Outside defined quantitative estimands; retained in full descriptive extraction.,,1,,
AUDIT-0009,Zhu 2022,Zhu_2022,V34_B1_008,Group 30 — EA 30 min before surgery,Group Usual — usual care alone,EA,Usual care,Pain,Pain on movement (NRS),24–48 h,Per-protocol,98.0,101.0,0.54,0.86,0.73,0.97,,,NRS 0-10,Mean/SD,p. 422; Table 3,Pain at 24–48 h (mean±SD): Pre 0.4±0.76; 30 0.54±0.86; Comb 0.5±0.96; Usual 0.73±0.97; p=0.058,TEAS EA Verification/Source PDFs/covidence_381_full_article.pdf,81b253dfbb68322da8383e775b391e0eb829702de456e01224fa82bf6b56bde0,Randomized arm sizes taken from CONSORT Fig 1 (Pre 103/30 103/Comb 103/Usual 104). Abstract instead reports Pre 103/30 104/Comb 103/Usual 103; source is internally inconsistent.,INCLUDE,EXCLUDE,Outside defined quantitative estimands; retained in full descriptive extraction.,,1,,
AUDIT-0010,Zhu 2022,Zhu_2022,V34_B1_009,Group Comb — EA day before + 30 min before surgery,Group Usual — usual care alone,EA,Usual care,Pain,Pain on movement (NRS),24–48 h,Per-protocol,100.0,101.0,0.5,0.96,0.73,0.97,,,NRS 0-10,Mean/SD,p. 422; Table 3,Pain at 24–48 h (mean±SD): Pre 0.4±0.76; 30 0.54±0.86; Comb 0.5±0.96; Usual 0.73±0.97; p=0.058,TEAS EA Verification/Source PDFs/covidence_381_full_article.pdf,81b253dfbb68322da8383e775b391e0eb829702de456e01224fa82bf6b56bde0,Randomized arm sizes taken from CONSORT Fig 1 (Pre 103/30 103/Comb 103/Usual 104). Abstract instead reports Pre 103/30 104/Comb 103/Usual 103; source is internally inconsistent.,INCLUDE,EXCLUDE,Outside defined quantitative estimands; retained in full descriptive extraction.,,1,,
AUDIT-0011,Zhu 2022,Zhu_2022,V34_B1_010,Group Pre — EA day before surgery,Group Usual — usual care alone,EA,Usual care,Pain,Pain on movement (NRS),48–72 h,Per-protocol,101.0,101.0,0.19,0.56,0.31,0.7,,,NRS 0-10,Mean/SD,p. 422; Table 3,Pain at 48–72 h (mean±SD): Pre 0.19±0.56; 30 0.23±0.59; Comb 0.19±0.56; Usual 0.31±0.7; p=0.469,TEAS EA Verification/Source PDFs/covidence_381_full_article.pdf,81b253dfbb68322da8383e775b391e0eb829702de456e01224fa82bf6b56bde0,Randomized arm sizes taken from CONSORT Fig 1 (Pre 103/30 103/Comb 103/Usual 104). Abstract instead reports Pre 103/30 104/Comb 103/Usual 103; source is internally inconsistent.,INCLUDE,EXCLUDE,Outside defined quantitative estimands; retained in full descriptive extraction.,,1,,
AUDIT-0012,Zhu 2022,Zhu_2022,V34_B1_011,Group 30 — EA 30 min before surgery,Group Usual — usual care alone,EA,Usual care,Pain,Pain on movement (NRS),48–72 h,Per-protocol,98.0,101.0,0.23,0.59,0.31,0.7,,,NRS 0-10,Mean/SD,p. 422; Table 3,Pain at 48–72 h (mean±SD): Pre 0.19±0.56; 30 0.23±0.59; Comb 0.19±0.56; Usual 0.31±0.7; p=0.469,TEAS EA Verification/Source PDFs/covidence_381_full_article.pdf,81b253dfbb68322da8383e775b391e0eb829702de456e01224fa82bf6b56bde0,Randomized arm sizes taken from CONSORT Fig 1 (Pre 103/30 103/Comb 103/Usual 104). Abstract instead reports Pre 103/30 104/Comb 103/Usual 103; source is internally inconsistent.,INCLUDE,EXCLUDE,Outside defined quantitative estimands; retained in full descriptive extraction.,,1,,
AUDIT-0013,Zhu 2022,Zhu_2022,V34_B1_012,Group Comb — EA day before + 30 min before surgery,Group Usual — usual care alone,EA,Usual care,Pain,Pain on movement (NRS),48–72 h,Per-protocol,100.0,101.0,0.19,0.56,0.31,0.7,,,NRS 0-10,Mean/SD,p. 422; Table 3,Pain at 48–72 h (mean±SD): Pre 0.19±0.56; 30 0.23±0.59; Comb 0.19±0.56; Usual 0.31±0.7; p=0.469,TEAS EA Verification/Source PDFs/covidence_381_full_article.pdf,81b253dfbb68322da8383e775b391e0eb829702de456e01224fa82bf6b56bde0,Randomized arm sizes taken from CONSORT Fig 1 (Pre 103/30 103/Comb 103/Usual 104). Abstract instead reports Pre 103/30 104/Comb 103/Usual 103; source is internally inconsistent.,INCLUDE,EXCLUDE,Outside defined quantitative estimands; retained in full descriptive extraction.,,1,,
AUDIT-0014,Zhu 2022,Zhu_2022,V34_B1_013,Group Pre — EA day before surgery,Group Usual — usual care alone,EA,Usual care,Rescue analgesia,Participants requiring postoperative analgesics,0–48 h after surgery,Per-protocol,101.0,101.0,,,,,2.0,3.0,participants,Events/total,p. 422; Table 3,Analgesics 0–48 h after surgery (n) 2 3 1 3 –,TEAS EA Verification/Source PDFs/covidence_381_full_article.pdf,81b253dfbb68322da8383e775b391e0eb829702de456e01224fa82bf6b56bde0,"Randomized arm sizes taken from CONSORT Fig 1 (Pre 103/30 103/Comb 103/Usual 104). Abstract instead reports Pre 103/30 104/Comb 103/Usual 103; source is internally inconsistent. Rescue analgesic protocol was flurbiprofen 100 mg when NRS >3; table reports only number of patients, not doses.",INCLUDE,EXCLUDE,Outside defined quantitative estimands; retained in full descriptive extraction.,,1,,
AUDIT-0015,Zhu 2022,Zhu_2022,V34_B1_014,Group 30 — EA 30 min before surgery,Group Usual — usual care alone,EA,Usual care,Rescue analgesia,Participants requiring postoperative analgesics,0–48 h after surgery,Per-protocol,98.0,101.0,,,,,3.0,3.0,participants,Events/total,p. 422; Table 3,Analgesics 0–48 h after surgery (n) 2 3 1 3 –,TEAS EA Verification/Source PDFs/covidence_381_full_article.pdf,81b253dfbb68322da8383e775b391e0eb829702de456e01224fa82bf6b56bde0,"Randomized arm sizes taken from CONSORT Fig 1 (Pre 103/30 103/Comb 103/Usual 104). Abstract instead reports Pre 103/30 104/Comb 103/Usual 103; source is internally inconsistent. Rescue analgesic protocol was flurbiprofen 100 mg when NRS >3; table reports only number of patients, not doses.",INCLUDE,EXCLUDE,Outside defined quantitative estimands; retained in full descriptive extraction.,,1,,
AUDIT-0016,Zhu 2022,Zhu_2022,V34_B1_015,Group Comb — EA day before + 30 min before surgery,Group Usual — usual care alone,EA,Usual care,Rescue analgesia,Participants requiring postoperative analgesics,0–48 h after surgery,Per-protocol,100.0,101.0,,,,,1.0,3.0,participants,Events/total,p. 422; Table 3,Analgesics 0–48 h after surgery (n) 2 3 1 3 –,TEAS EA Verification/Source PDFs/covidence_381_full_article.pdf,81b253dfbb68322da8383e775b391e0eb829702de456e01224fa82bf6b56bde0,"Randomized arm sizes taken from CONSORT Fig 1 (Pre 103/30 103/Comb 103/Usual 104). Abstract instead reports Pre 103/30 104/Comb 103/Usual 103; source is internally inconsistent. Rescue analgesic protocol was flurbiprofen 100 mg when NRS >3; table reports only number of patients, not doses.",INCLUDE,EXCLUDE,Outside defined quantitative estimands; retained in full descriptive extraction.,,1,,
AUDIT-0017,Zhu 2022,Zhu_2022,V34_B1_016,Group Pre — EA day before surgery,Group Usual — usual care alone,EA,Usual care,GI recovery,Time to passage of first flatus,From end of surgery to first flatus,Per-protocol,101.0,101.0,18.38,6.11,21.56,8.07,,,hours,Mean/SD,p. 422; Table 3,Time to passage of first flatus (h; mean±SD) 18.38±6.11 18.47±6.47 18.82±7.50 21.56±8.07 ... 0.003**,TEAS EA Verification/Source PDFs/covidence_381_full_article.pdf,81b253dfbb68322da8383e775b391e0eb829702de456e01224fa82bf6b56bde0,Randomized arm sizes taken from CONSORT Fig 1 (Pre 103/30 103/Comb 103/Usual 104). Abstract instead reports Pre 103/30 104/Comb 103/Usual 103; source is internally inconsistent.,INCLUDE,INCLUDE,Same construct and membership as hours MD; no selection by I² or P.,;flatus_EA_usual;flatus_EA_usual_SMD_sensitivity,1,,
AUDIT-0018,Zhu 2022,Zhu_2022,V34_B1_017,Group 30 — EA 30 min before surgery,Group Usual — usual care alone,EA,Usual care,GI recovery,Time to passage of first flatus,From end of surgery to first flatus,Per-protocol,98.0,101.0,18.47,6.47,21.56,8.07,,,hours,Mean/SD,p. 422; Table 3,Time to passage of first flatus (h; mean±SD) 18.38±6.11 18.47±6.47 18.82±7.50 21.56±8.07 ... 0.003**,TEAS EA Verification/Source PDFs/covidence_381_full_article.pdf,81b253dfbb68322da8383e775b391e0eb829702de456e01224fa82bf6b56bde0,Randomized arm sizes taken from CONSORT Fig 1 (Pre 103/30 103/Comb 103/Usual 104). Abstract instead reports Pre 103/30 104/Comb 103/Usual 103; source is internally inconsistent.,INCLUDE,INCLUDE,Same construct and membership as hours MD; no selection by I² or P.,;flatus_EA_usual;flatus_EA_usual_SMD_sensitivity,1,,
AUDIT-0019,Zhu 2022,Zhu_2022,V34_B1_018,Group Comb — EA day before + 30 min before surgery,Group Usual — usual care alone,EA,Usual care,GI recovery,Time to passage of first flatus,From end of surgery to first flatus,Per-protocol,100.0,101.0,18.82,7.5,21.56,8.07,,,hours,Mean/SD,p. 422; Table 3,Time to passage of first flatus (h; mean±SD) 18.38±6.11 18.47±6.47 18.82±7.50 21.56±8.07 ... 0.003**,TEAS EA Verification/Source PDFs/covidence_381_full_article.pdf,81b253dfbb68322da8383e775b391e0eb829702de456e01224fa82bf6b56bde0,Randomized arm sizes taken from CONSORT Fig 1 (Pre 103/30 103/Comb 103/Usual 104). Abstract instead reports Pre 103/30 104/Comb 103/Usual 103; source is internally inconsistent.,INCLUDE,INCLUDE,Same construct and membership as hours MD; no selection by I² or P.,;flatus_EA_usual;flatus_EA_usual_SMD_sensitivity,1,,
AUDIT-0020,Zhu 2022,Zhu_2022,V34_B1_019,Group Pre — EA day before surgery,Group Usual — usual care alone,EA,Usual care,Quality of recovery,Overall QoR-15,AMBIGUOUS,Per-protocol,101.0,101.0,142.94,6.82,144.23,4.95,,,QoR-15 points,Mean/SD,p. 422; Table 3,Overall QoR-15 (mean±SD) 142.94±6.82 144.74±5.21 144.61±5.35 144.23±4.95 ... 0.095,TEAS EA Verification/Source PDFs/covidence_381_full_article.pdf,81b253dfbb68322da8383e775b391e0eb829702de456e01224fa82bf6b56bde0,Randomized arm sizes taken from CONSORT Fig 1 (Pre 103/30 103/Comb 103/Usual 104). Abstract instead reports Pre 103/30 104/Comb 103/Usual 103; source is internally inconsistent. The table/methods do not state the assessment timepoint for the reported overall QoR-15 value.,HOLD,HOLD,"Source ambiguity or unavailable required statistic: Source definition, timepoint, denominator, scale, statistic, or post-randomization subset requires adjudication; see raw source/QC.",,1,,
AUDIT-0021,Zhu 2022,Zhu_2022,V34_B1_020,Group 30 — EA 30 min before surgery,Group Usual — usual care alone,EA,Usual care,Quality of recovery,Overall QoR-15,AMBIGUOUS,Per-protocol,98.0,101.0,144.74,5.21,144.23,4.95,,,QoR-15 points,Mean/SD,p. 422; Table 3,Overall QoR-15 (mean±SD) 142.94±6.82 144.74±5.21 144.61±5.35 144.23±4.95 ... 0.095,TEAS EA Verification/Source PDFs/covidence_381_full_article.pdf,81b253dfbb68322da8383e775b391e0eb829702de456e01224fa82bf6b56bde0,Randomized arm sizes taken from CONSORT Fig 1 (Pre 103/30 103/Comb 103/Usual 104). Abstract instead reports Pre 103/30 104/Comb 103/Usual 103; source is internally inconsistent. The table/methods do not state the assessment timepoint for the reported overall QoR-15 value.,HOLD,HOLD,"Source ambiguity or unavailable required statistic: Source definition, timepoint, denominator, scale, statistic, or post-randomization subset requires adjudication; see raw source/QC.",,1,,
AUDIT-0022,Zhu 2022,Zhu_2022,V34_B1_021,Group Comb — EA day before + 30 min before surgery,Group Usual — usual care alone,EA,Usual care,Quality of recovery,Overall QoR-15,AMBIGUOUS,Per-protocol,100.0,101.0,144.61,5.35,144.23,4.95,,,QoR-15 points,Mean/SD,p. 422; Table 3,Overall QoR-15 (mean±SD) 142.94±6.82 144.74±5.21 144.61±5.35 144.23±4.95 ... 0.095,TEAS EA Verification/Source PDFs/covidence_381_full_article.pdf,81b253dfbb68322da8383e775b391e0eb829702de456e01224fa82bf6b56bde0,Randomized arm sizes taken from CONSORT Fig 1 (Pre 103/30 103/Comb 103/Usual 104). Abstract instead reports Pre 103/30 104/Comb 103/Usual 103; source is internally inconsistent. The table/methods do not state the assessment timepoint for the reported overall QoR-15 value.,HOLD,HOLD,"Source ambiguity or unavailable required statistic: Source definition, timepoint, denominator, scale, statistic, or post-randomization subset requires adjudication; see raw source/QC.",,1,,
AUDIT-0023,Zhu 2022,Zhu_2022,V34_B1_022,Group Pre — EA day before surgery,Group Usual — usual care alone,EA,Usual care,PONV,Postoperative nausea incidence,0–6 h after surgery,Per-protocol,101.0,101.0,,,,,9.0,20.0,participants,Events/total,p. 420; Table 2,0–6 h after surgery: Nausea (n) 9 11 7 20 0.013*,TEAS EA Verification/Source PDFs/covidence_381_full_article.pdf,81b253dfbb68322da8383e775b391e0eb829702de456e01224fa82bf6b56bde0,Randomized arm sizes taken from CONSORT Fig 1 (Pre 103/30 103/Comb 103/Usual 104). Abstract instead reports Pre 103/30 104/Comb 103/Usual 103; source is internally inconsistent. Table 2 values are per-protocol.,INCLUDE,EXCLUDE,Outside defined quantitative estimands; retained in full descriptive extraction.,,1,,
AUDIT-0024,Zhu 2022,Zhu_2022,V34_B1_023,Group Pre — EA day before surgery,Group Usual — usual care alone,EA,Usual care,PONV,Postoperative vomiting incidence,0–6 h after surgery,Per-protocol,101.0,101.0,,,,,7.0,17.0,participants,Events/total,p. 420; Table 2,0–6 h after surgery: Vomiting (n) 7 9 6 17 0.021*,TEAS EA Verification/Source PDFs/covidence_381_full_article.pdf,81b253dfbb68322da8383e775b391e0eb829702de456e01224fa82bf6b56bde0,Randomized arm sizes taken from CONSORT Fig 1 (Pre 103/30 103/Comb 103/Usual 104). Abstract instead reports Pre 103/30 104/Comb 103/Usual 103; source is internally inconsistent. Table 2 values are per-protocol.,INCLUDE,EXCLUDE,Outside defined quantitative estimands; retained in full descriptive extraction.,,1,,
AUDIT-0025,Zhu 2022,Zhu_2022,V34_B1_024,Group Pre — EA day before surgery,Group Usual — usual care alone,EA,Usual care,PONV,Nausea severity score,0–6 h after surgery,Per-protocol,101.0,101.0,0.2,0.68,0.46,0.95,,,4-point Likert-type severity scale 0-3,Mean/SD,p. 420; Table 2,0–6 h after surgery: Nausea (mean±SD) 0.2±0.68 0.22±0.67 0.14±0.53 0.46±0.95 0.012*,TEAS EA Verification/Source PDFs/covidence_381_full_article.pdf,81b253dfbb68322da8383e775b391e0eb829702de456e01224fa82bf6b56bde0,Randomized arm sizes taken from CONSORT Fig 1 (Pre 103/30 103/Comb 103/Usual 104). Abstract instead reports Pre 103/30 104/Comb 103/Usual 103; source is internally inconsistent.,INCLUDE,EXCLUDE,Outside defined quantitative estimands; retained in full descriptive extraction.,,1,,
AUDIT-0026,Zhu 2022,Zhu_2022,V34_B1_025,Group Pre — EA day before surgery,Group Usual — usual care alone,EA,Usual care,PONV,Vomiting severity score,0–6 h after surgery,Per-protocol,101.0,101.0,0.16,0.61,0.36,0.79,,,4-point Likert-type severity scale 0-3,Mean/SD,p. 420; Table 2,0–6 h after surgery: Vomiting (mean±SD) 0.16±0.61 0.18±0.63 0.11±0.47 0.36±0.79 0.037*,TEAS EA Verification/Source PDFs/covidence_381_full_article.pdf,81b253dfbb68322da8383e775b391e0eb829702de456e01224fa82bf6b56bde0,Randomized arm sizes taken from CONSORT Fig 1 (Pre 103/30 103/Comb 103/Usual 104). Abstract instead reports Pre 103/30 104/Comb 103/Usual 103; source is internally inconsistent.,INCLUDE,EXCLUDE,Outside defined quantitative estimands; retained in full descriptive extraction.,,1,,
AUDIT-0027,Zhu 2022,Zhu_2022,V34_B1_026,Group Pre — EA day before surgery,Group Usual — usual care alone,EA,Usual care,Rescue antiemetic,Participants requiring metoclopramide rescue antiemetic,0–6 h after surgery,Per-protocol,101.0,101.0,,,,,4.0,18.0,participants,Events/total,p. 420; Table 2,0–6 h after surgery: Antiemetic requirement (n) 4 11 4 18 0.001**,TEAS EA Verification/Source PDFs/covidence_381_full_article.pdf,81b253dfbb68322da8383e775b391e0eb829702de456e01224fa82bf6b56bde0,Randomized arm sizes taken from CONSORT Fig 1 (Pre 103/30 103/Comb 103/Usual 104). Abstract instead reports Pre 103/30 104/Comb 103/Usual 103; source is internally inconsistent. Methods specify metoclopramide 10 mg as rescue therapy.,INCLUDE,EXCLUDE,Outside defined quantitative estimands; retained in full descriptive extraction.,,1,,
AUDIT-0028,Zhu 2022,Zhu_2022,V34_B1_027,Group 30 — EA 30 min before surgery,Group Usual — usual care alone,EA,Usual care,PONV,Postoperative nausea incidence,0–6 h after surgery,Per-protocol,98.0,101.0,,,,,11.0,20.0,participants,Events/total,p. 420; Table 2,0–6 h after surgery: Nausea (n) 9 11 7 20 0.013*,TEAS EA Verification/Source PDFs/covidence_381_full_article.pdf,81b253dfbb68322da8383e775b391e0eb829702de456e01224fa82bf6b56bde0,Randomized arm sizes taken from CONSORT Fig 1 (Pre 103/30 103/Comb 103/Usual 104). Abstract instead reports Pre 103/30 104/Comb 103/Usual 103; source is internally inconsistent. Table 2 values are per-protocol.,INCLUDE,EXCLUDE,Outside defined quantitative estimands; retained in full descriptive extraction.,,1,,
AUDIT-0029,Zhu 2022,Zhu_2022,V34_B1_028,Group 30 — EA 30 min before surgery,Group Usual — usual care alone,EA,Usual care,PONV,Postoperative vomiting incidence,0–6 h after surgery,Per-protocol,98.0,101.0,,,,,9.0,17.0,participants,Events/total,p. 420; Table 2,0–6 h after surgery: Vomiting (n) 7 9 6 17 0.021*,TEAS EA Verification/Source PDFs/covidence_381_full_article.pdf,81b253dfbb68322da8383e775b391e0eb829702de456e01224fa82bf6b56bde0,Randomized arm sizes taken from CONSORT Fig 1 (Pre 103/30 103/Comb 103/Usual 104). Abstract instead reports Pre 103/30 104/Comb 103/Usual 103; source is internally inconsistent. Table 2 values are per-protocol.,INCLUDE,EXCLUDE,Outside defined quantitative estimands; retained in full descriptive extraction.,,1,,
AUDIT-0030,Zhu 2022,Zhu_2022,V34_B1_029,Group 30 — EA 30 min before surgery,Group Usual — usual care alone,EA,Usual care,PONV,Nausea severity score,0–6 h after surgery,Per-protocol,98.0,101.0,0.22,0.67,0.46,0.95,,,4-point Likert-type severity scale 0-3,Mean/SD,p. 420; Table 2,0–6 h after surgery: Nausea (mean±SD) 0.2±0.68 0.22±0.67 0.14±0.53 0.46±0.95 0.012*,TEAS EA Verification/Source PDFs/covidence_381_full_article.pdf,81b253dfbb68322da8383e775b391e0eb829702de456e01224fa82bf6b56bde0,Randomized arm sizes taken from CONSORT Fig 1 (Pre 103/30 103/Comb 103/Usual 104). Abstract instead reports Pre 103/30 104/Comb 103/Usual 103; source is internally inconsistent.,INCLUDE,EXCLUDE,Outside defined quantitative estimands; retained in full descriptive extraction.,,1,,
AUDIT-0031,Zhu 2022,Zhu_2022,V34_B1_030,Group 30 — EA 30 min before surgery,Group Usual — usual care alone,EA,Usual care,PONV,Vomiting severity score,0–6 h after surgery,Per-protocol,98.0,101.0,0.18,0.63,0.36,0.79,,,4-point Likert-type severity scale 0-3,Mean/SD,p. 420; Table 2,0–6 h after surgery: Vomiting (mean±SD) 0.16±0.61 0.18±0.63 0.11±0.47 0.36±0.79 0.037*,TEAS EA Verification/Source PDFs/covidence_381_full_article.pdf,81b253dfbb68322da8383e775b391e0eb829702de456e01224fa82bf6b56bde0,Randomized arm sizes taken from CONSORT Fig 1 (Pre 103/30 103/Comb 103/Usual 104). Abstract instead reports Pre 103/30 104/Comb 103/Usual 103; source is internally inconsistent.,INCLUDE,EXCLUDE,Outside defined quantitative estimands; retained in full descriptive extraction.,,1,,
AUDIT-0032,Zhu 2022,Zhu_2022,V34_B1_031,Group 30 — EA 30 min before surgery,Group Usual — usual care alone,EA,Usual care,Rescue antiemetic,Participants requiring metoclopramide rescue antiemetic,0–6 h after surgery,Per-protocol,98.0,101.0,,,,,11.0,18.0,participants,Events/total,p. 420; Table 2,0–6 h after surgery: Antiemetic requirement (n) 4 11 4 18 0.001**,TEAS EA Verification/Source PDFs/covidence_381_full_article.pdf,81b253dfbb68322da8383e775b391e0eb829702de456e01224fa82bf6b56bde0,Randomized arm sizes taken from CONSORT Fig 1 (Pre 103/30 103/Comb 103/Usual 104). Abstract instead reports Pre 103/30 104/Comb 103/Usual 103; source is internally inconsistent. Methods specify metoclopramide 10 mg as rescue therapy.,INCLUDE,EXCLUDE,Outside defined quantitative estimands; retained in full descriptive extraction.,,1,,
AUDIT-0033,Zhu 2022,Zhu_2022,V34_B1_032,Group Comb — EA day before + 30 min before surgery,Group Usual — usual care alone,EA,Usual care,PONV,Postoperative nausea incidence,0–6 h after surgery,Per-protocol,100.0,101.0,,,,,7.0,20.0,participants,Events/total,p. 420; Table 2,0–6 h after surgery: Nausea (n) 9 11 7 20 0.013*,TEAS EA Verification/Source PDFs/covidence_381_full_article.pdf,81b253dfbb68322da8383e775b391e0eb829702de456e01224fa82bf6b56bde0,Randomized arm sizes taken from CONSORT Fig 1 (Pre 103/30 103/Comb 103/Usual 104). Abstract instead reports Pre 103/30 104/Comb 103/Usual 103; source is internally inconsistent. Table 2 values are per-protocol.,INCLUDE,EXCLUDE,Outside defined quantitative estimands; retained in full descriptive extraction.,,1,,
AUDIT-0034,Zhu 2022,Zhu_2022,V34_B1_033,Group Comb — EA day before + 30 min before surgery,Group Usual — usual care alone,EA,Usual care,PONV,Postoperative vomiting incidence,0–6 h after surgery,Per-protocol,100.0,101.0,,,,,6.0,17.0,participants,Events/total,p. 420; Table 2,0–6 h after surgery: Vomiting (n) 7 9 6 17 0.021*,TEAS EA Verification/Source PDFs/covidence_381_full_article.pdf,81b253dfbb68322da8383e775b391e0eb829702de456e01224fa82bf6b56bde0,Randomized arm sizes taken from CONSORT Fig 1 (Pre 103/30 103/Comb 103/Usual 104). Abstract instead reports Pre 103/30 104/Comb 103/Usual 103; source is internally inconsistent. Table 2 values are per-protocol.,INCLUDE,EXCLUDE,Outside defined quantitative estimands; retained in full descriptive extraction.,,1,,
AUDIT-0035,Zhu 2022,Zhu_2022,V34_B1_034,Group Comb — EA day before + 30 min before surgery,Group Usual — usual care alone,EA,Usual care,PONV,Nausea severity score,0–6 h after surgery,Per-protocol,100.0,101.0,0.14,0.53,0.46,0.95,,,4-point Likert-type severity scale 0-3,Mean/SD,p. 420; Table 2,0–6 h after surgery: Nausea (mean±SD) 0.2±0.68 0.22±0.67 0.14±0.53 0.46±0.95 0.012*,TEAS EA Verification/Source PDFs/covidence_381_full_article.pdf,81b253dfbb68322da8383e775b391e0eb829702de456e01224fa82bf6b56bde0,Randomized arm sizes taken from CONSORT Fig 1 (Pre 103/30 103/Comb 103/Usual 104). Abstract instead reports Pre 103/30 104/Comb 103/Usual 103; source is internally inconsistent.,INCLUDE,EXCLUDE,Outside defined quantitative estimands; retained in full descriptive extraction.,,1,,
AUDIT-0036,Zhu 2022,Zhu_2022,V34_B1_035,Group Comb — EA day before + 30 min before surgery,Group Usual — usual care alone,EA,Usual care,PONV,Vomiting severity score,0–6 h after surgery,Per-protocol,100.0,101.0,0.11,0.47,0.36,0.79,,,4-point Likert-type severity scale 0-3,Mean/SD,p. 420; Table 2,0–6 h after surgery: Vomiting (mean±SD) 0.16±0.61 0.18±0.63 0.11±0.47 0.36±0.79 0.037*,TEAS EA Verification/Source PDFs/covidence_381_full_article.pdf,81b253dfbb68322da8383e775b391e0eb829702de456e01224fa82bf6b56bde0,Randomized arm sizes taken from CONSORT Fig 1 (Pre 103/30 103/Comb 103/Usual 104). Abstract instead reports Pre 103/30 104/Comb 103/Usual 103; source is internally inconsistent.,INCLUDE,EXCLUDE,Outside defined quantitative estimands; retained in full descriptive extraction.,,1,,
AUDIT-0037,Zhu 2022,Zhu_2022,V34_B1_036,Group Comb — EA day before + 30 min before surgery,Group Usual — usual care alone,EA,Usual care,Rescue antiemetic,Participants requiring metoclopramide rescue antiemetic,0–6 h after surgery,Per-protocol,100.0,101.0,,,,,4.0,18.0,participants,Events/total,p. 420; Table 2,0–6 h after surgery: Antiemetic requirement (n) 4 11 4 18 0.001**,TEAS EA Verification/Source PDFs/covidence_381_full_article.pdf,81b253dfbb68322da8383e775b391e0eb829702de456e01224fa82bf6b56bde0,Randomized arm sizes taken from CONSORT Fig 1 (Pre 103/30 103/Comb 103/Usual 104). Abstract instead reports Pre 103/30 104/Comb 103/Usual 103; source is internally inconsistent. Methods specify metoclopramide 10 mg as rescue therapy.,INCLUDE,EXCLUDE,Outside defined quantitative estimands; retained in full descriptive extraction.,,1,,
AUDIT-0038,Zhu 2022,Zhu_2022,V34_B1_037,Group Pre — EA day before surgery,Group Usual — usual care alone,EA,Usual care,PONV,Nausea severity score,6–24 h after surgery,Per-protocol,101.0,101.0,0.22,0.66,0.5,0.88,,,4-point Likert-type severity scale 0-3,Mean/SD,p. 420; Table 2,6–24 h after surgery: Nausea (mean±SD) 0.22±0.66 0.34±0.76 0.2±0.6 0.5±0.88 0.011,TEAS EA Verification/Source PDFs/covidence_381_full_article.pdf,81b253dfbb68322da8383e775b391e0eb829702de456e01224fa82bf6b56bde0,Randomized arm sizes taken from CONSORT Fig 1 (Pre 103/30 103/Comb 103/Usual 104). Abstract instead reports Pre 103/30 104/Comb 103/Usual 103; source is internally inconsistent.,INCLUDE,EXCLUDE,Outside defined quantitative estimands; retained in full descriptive extraction.,,1,,
AUDIT-0039,Zhu 2022,Zhu_2022,V34_B1_038,Group Pre — EA day before surgery,Group Usual — usual care alone,EA,Usual care,PONV,Vomiting severity score,6–24 h after surgery,Per-protocol,101.0,101.0,0.12,0.53,0.41,0.8,,,4-point Likert-type severity scale 0-3,Mean/SD,p. 420; Table 2,6–24 h after surgery: Vomiting (mean±SD) 0.12±0.53 0.15±0.54 0.2±0.67 0.41±0.8 0.008,TEAS EA Verification/Source PDFs/covidence_381_full_article.pdf,81b253dfbb68322da8383e775b391e0eb829702de456e01224fa82bf6b56bde0,Randomized arm sizes taken from CONSORT Fig 1 (Pre 103/30 103/Comb 103/Usual 104). Abstract instead reports Pre 103/30 104/Comb 103/Usual 103; source is internally inconsistent.,INCLUDE,EXCLUDE,Outside defined quantitative estimands; retained in full descriptive extraction.,,1,,
AUDIT-0040,Zhu 2022,Zhu_2022,V34_B1_039,Group Pre — EA day before surgery,Group Usual — usual care alone,EA,Usual care,Rescue antiemetic,Participants requiring metoclopramide rescue antiemetic,6–24 h after surgery,Per-protocol,101.0,101.0,,,,,8.0,28.0,participants,Events/total,p. 420; Table 2,6–24 h after surgery: Antiemetic requirement (n) 8 16 9 28 <0.001**,TEAS EA Verification/Source PDFs/covidence_381_full_article.pdf,81b253dfbb68322da8383e775b391e0eb829702de456e01224fa82bf6b56bde0,Randomized arm sizes taken from CONSORT Fig 1 (Pre 103/30 103/Comb 103/Usual 104). Abstract instead reports Pre 103/30 104/Comb 103/Usual 103; source is internally inconsistent. Methods specify metoclopramide 10 mg as rescue therapy.,INCLUDE,EXCLUDE,Outside defined quantitative estimands; retained in full descriptive extraction.,,1,,
AUDIT-0041,Zhu 2022,Zhu_2022,V34_B1_040,Group 30 — EA 30 min before surgery,Group Usual — usual care alone,EA,Usual care,PONV,Nausea severity score,6–24 h after surgery,Per-protocol,98.0,101.0,0.34,0.76,0.5,0.88,,,4-point Likert-type severity scale 0-3,Mean/SD,p. 420; Table 2,6–24 h after surgery: Nausea (mean±SD) 0.22±0.66 0.34±0.76 0.2±0.6 0.5±0.88 0.011,TEAS EA Verification/Source PDFs/covidence_381_full_article.pdf,81b253dfbb68322da8383e775b391e0eb829702de456e01224fa82bf6b56bde0,Randomized arm sizes taken from CONSORT Fig 1 (Pre 103/30 103/Comb 103/Usual 104). Abstract instead reports Pre 103/30 104/Comb 103/Usual 103; source is internally inconsistent.,INCLUDE,EXCLUDE,Outside defined quantitative estimands; retained in full descriptive extraction.,,1,,
AUDIT-0042,Zhu 2022,Zhu_2022,V34_B1_041,Group 30 — EA 30 min before surgery,Group Usual — usual care alone,EA,Usual care,PONV,Vomiting severity score,6–24 h after surgery,Per-protocol,98.0,101.0,0.15,0.54,0.41,0.8,,,4-point Likert-type severity scale 0-3,Mean/SD,p. 420; Table 2,6–24 h after surgery: Vomiting (mean±SD) 0.12±0.53 0.15±0.54 0.2±0.67 0.41±0.8 0.008,TEAS EA Verification/Source PDFs/covidence_381_full_article.pdf,81b253dfbb68322da8383e775b391e0eb829702de456e01224fa82bf6b56bde0,Randomized arm sizes taken from CONSORT Fig 1 (Pre 103/30 103/Comb 103/Usual 104). Abstract instead reports Pre 103/30 104/Comb 103/Usual 103; source is internally inconsistent.,INCLUDE,EXCLUDE,Outside defined quantitative estimands; retained in full descriptive extraction.,,1,,
AUDIT-0043,Zhu 2022,Zhu_2022,V34_B1_042,Group 30 — EA 30 min before surgery,Group Usual — usual care alone,EA,Usual care,Rescue antiemetic,Participants requiring metoclopramide rescue antiemetic,6–24 h after surgery,Per-protocol,98.0,101.0,,,,,16.0,28.0,participants,Events/total,p. 420; Table 2,6–24 h after surgery: Antiemetic requirement (n) 8 16 9 28 <0.001**,TEAS EA Verification/Source PDFs/covidence_381_full_article.pdf,81b253dfbb68322da8383e775b391e0eb829702de456e01224fa82bf6b56bde0,Randomized arm sizes taken from CONSORT Fig 1 (Pre 103/30 103/Comb 103/Usual 104). Abstract instead reports Pre 103/30 104/Comb 103/Usual 103; source is internally inconsistent. Methods specify metoclopramide 10 mg as rescue therapy.,INCLUDE,EXCLUDE,Outside defined quantitative estimands; retained in full descriptive extraction.,,1,,
AUDIT-0044,Zhu 2022,Zhu_2022,V34_B1_043,Group Comb — EA day before + 30 min before surgery,Group Usual — usual care alone,EA,Usual care,PONV,Nausea severity score,6–24 h after surgery,Per-protocol,100.0,101.0,0.2,0.6,0.5,0.88,,,4-point Likert-type severity scale 0-3,Mean/SD,p. 420; Table 2,6–24 h after surgery: Nausea (mean±SD) 0.22±0.66 0.34±0.76 0.2±0.6 0.5±0.88 0.011,TEAS EA Verification/Source PDFs/covidence_381_full_article.pdf,81b253dfbb68322da8383e775b391e0eb829702de456e01224fa82bf6b56bde0,Randomized arm sizes taken from CONSORT Fig 1 (Pre 103/30 103/Comb 103/Usual 104). Abstract instead reports Pre 103/30 104/Comb 103/Usual 103; source is internally inconsistent.,INCLUDE,EXCLUDE,Outside defined quantitative estimands; retained in full descriptive extraction.,,1,,
AUDIT-0045,Zhu 2022,Zhu_2022,V34_B1_044,Group Comb — EA day before + 30 min before surgery,Group Usual — usual care alone,EA,Usual care,PONV,Vomiting severity score,6–24 h after surgery,Per-protocol,100.0,101.0,0.2,0.67,0.41,0.8,,,4-point Likert-type severity scale 0-3,Mean/SD,p. 420; Table 2,6–24 h after surgery: Vomiting (mean±SD) 0.12±0.53 0.15±0.54 0.2±0.67 0.41±0.8 0.008,TEAS EA Verification/Source PDFs/covidence_381_full_article.pdf,81b253dfbb68322da8383e775b391e0eb829702de456e01224fa82bf6b56bde0,Randomized arm sizes taken from CONSORT Fig 1 (Pre 103/30 103/Comb 103/Usual 104). Abstract instead reports Pre 103/30 104/Comb 103/Usual 103; source is internally inconsistent.,INCLUDE,EXCLUDE,Outside defined quantitative estimands; retained in full descriptive extraction.,,1,,
AUDIT-0046,Zhu 2022,Zhu_2022,V34_B1_045,Group Comb — EA day before + 30 min before surgery,Group Usual — usual care alone,EA,Usual care,Rescue antiemetic,Participants requiring metoclopramide rescue antiemetic,6–24 h after surgery,Per-protocol,100.0,101.0,,,,,9.0,28.0,participants,Events/total,p. 420; Table 2,6–24 h after surgery: Antiemetic requirement (n) 8 16 9 28 <0.001**,TEAS EA Verification/Source PDFs/covidence_381_full_article.pdf,81b253dfbb68322da8383e775b391e0eb829702de456e01224fa82bf6b56bde0,Randomized arm sizes taken from CONSORT Fig 1 (Pre 103/30 103/Comb 103/Usual 104). Abstract instead reports Pre 103/30 104/Comb 103/Usual 103; source is internally inconsistent. Methods specify metoclopramide 10 mg as rescue therapy.,INCLUDE,EXCLUDE,Outside defined quantitative estimands; retained in full descriptive extraction.,,1,,
AUDIT-0047,Zhu 2022,Zhu_2022,V34_B1_046,Group Pre — EA day before surgery,Group Usual — usual care alone,EA,Usual care,PONV,Postoperative nausea incidence,24–48 h after surgery,Per-protocol,101.0,101.0,,,,,2.0,7.0,participants,Events/total,p. 420; Table 2,24–48 h after surgery: Nausea (n) 2 2 2 7 0.164,TEAS EA Verification/Source PDFs/covidence_381_full_article.pdf,81b253dfbb68322da8383e775b391e0eb829702de456e01224fa82bf6b56bde0,Randomized arm sizes taken from CONSORT Fig 1 (Pre 103/30 103/Comb 103/Usual 104). Abstract instead reports Pre 103/30 104/Comb 103/Usual 103; source is internally inconsistent. Table 2 values are per-protocol.,INCLUDE,EXCLUDE,Outside defined quantitative estimands; retained in full descriptive extraction.,,1,,
AUDIT-0048,Zhu 2022,Zhu_2022,V34_B1_047,Group Pre — EA day before surgery,Group Usual — usual care alone,EA,Usual care,PONV,Postoperative vomiting incidence,24–48 h after surgery,Per-protocol,101.0,101.0,,,,,1.0,5.0,participants,Events/total,p. 420; Table 2,24–48 h after surgery: Vomiting (n) 1 2 1 5 0.307,TEAS EA Verification/Source PDFs/covidence_381_full_article.pdf,81b253dfbb68322da8383e775b391e0eb829702de456e01224fa82bf6b56bde0,Randomized arm sizes taken from CONSORT Fig 1 (Pre 103/30 103/Comb 103/Usual 104). Abstract instead reports Pre 103/30 104/Comb 103/Usual 103; source is internally inconsistent. Table 2 values are per-protocol.,INCLUDE,EXCLUDE,Outside defined quantitative estimands; retained in full descriptive extraction.,,1,,
AUDIT-0049,Zhu 2022,Zhu_2022,V34_B1_048,Group Pre — EA day before surgery,Group Usual — usual care alone,EA,Usual care,PONV,Nausea severity score,24–48 h after surgery,Per-protocol,101.0,101.0,0.04,0.28,0.12,0.45,,,4-point Likert-type severity scale 0-3,Mean/SD,p. 420; Table 2,24–48 h after surgery: Nausea (mean±SD) 0.04±0.28 0.03±0.22 0.04±0.28 0.12±0.45 0.178,TEAS EA Verification/Source PDFs/covidence_381_full_article.pdf,81b253dfbb68322da8383e775b391e0eb829702de456e01224fa82bf6b56bde0,Randomized arm sizes taken from CONSORT Fig 1 (Pre 103/30 103/Comb 103/Usual 104). Abstract instead reports Pre 103/30 104/Comb 103/Usual 103; source is internally inconsistent.,INCLUDE,EXCLUDE,Outside defined quantitative estimands; retained in full descriptive extraction.,,1,,
AUDIT-0050,Zhu 2022,Zhu_2022,V34_B1_049,Group Pre — EA day before surgery,Group Usual — usual care alone,EA,Usual care,PONV,Vomiting severity score,24–48 h after surgery,Per-protocol,101.0,101.0,0.02,0.2,0.08,0.37,,,4-point Likert-type severity scale 0-3,Mean/SD,p. 420; Table 2,24–48 h after surgery: Vomiting (mean±SD) 0.02±0.2 0.02±0.14 0.02±0.2 0.08±0.37 0.214,TEAS EA Verification/Source PDFs/covidence_381_full_article.pdf,81b253dfbb68322da8383e775b391e0eb829702de456e01224fa82bf6b56bde0,Randomized arm sizes taken from CONSORT Fig 1 (Pre 103/30 103/Comb 103/Usual 104). Abstract instead reports Pre 103/30 104/Comb 103/Usual 103; source is internally inconsistent.,INCLUDE,EXCLUDE,Outside defined quantitative estimands; retained in full descriptive extraction.,,1,,
AUDIT-0051,Zhu 2022,Zhu_2022,V34_B1_050,Group Pre — EA day before surgery,Group Usual — usual care alone,EA,Usual care,Rescue antiemetic,Participants requiring metoclopramide rescue antiemetic,24–48 h after surgery,Per-protocol,101.0,101.0,,,,,1.0,7.0,participants,Events/total,p. 420; Table 2,24–48 h after surgery: Antiemetic requirement (n) 1 2 1 7 0.045*,TEAS EA Verification/Source PDFs/covidence_381_full_article.pdf,81b253dfbb68322da8383e775b391e0eb829702de456e01224fa82bf6b56bde0,Randomized arm sizes taken from CONSORT Fig 1 (Pre 103/30 103/Comb 103/Usual 104). Abstract instead reports Pre 103/30 104/Comb 103/Usual 103; source is internally inconsistent. Methods specify metoclopramide 10 mg as rescue therapy.,INCLUDE,EXCLUDE,Outside defined quantitative estimands; retained in full descriptive extraction.,,1,,
AUDIT-0052,Zhu 2022,Zhu_2022,V34_B1_051,Group 30 — EA 30 min before surgery,Group Usual — usual care alone,EA,Usual care,PONV,Postoperative nausea incidence,24–48 h after surgery,Per-protocol,98.0,101.0,,,,,2.0,7.0,participants,Events/total,p. 420; Table 2,24–48 h after surgery: Nausea (n) 2 2 2 7 0.164,TEAS EA Verification/Source PDFs/covidence_381_full_article.pdf,81b253dfbb68322da8383e775b391e0eb829702de456e01224fa82bf6b56bde0,Randomized arm sizes taken from CONSORT Fig 1 (Pre 103/30 103/Comb 103/Usual 104). Abstract instead reports Pre 103/30 104/Comb 103/Usual 103; source is internally inconsistent. Table 2 values are per-protocol.,INCLUDE,EXCLUDE,Outside defined quantitative estimands; retained in full descriptive extraction.,,1,,
AUDIT-0053,Zhu 2022,Zhu_2022,V34_B1_052,Group 30 — EA 30 min before surgery,Group Usual — usual care alone,EA,Usual care,PONV,Postoperative vomiting incidence,24–48 h after surgery,Per-protocol,98.0,101.0,,,,,2.0,5.0,participants,Events/total,p. 420; Table 2,24–48 h after surgery: Vomiting (n) 1 2 1 5 0.307,TEAS EA Verification/Source PDFs/covidence_381_full_article.pdf,81b253dfbb68322da8383e775b391e0eb829702de456e01224fa82bf6b56bde0,Randomized arm sizes taken from CONSORT Fig 1 (Pre 103/30 103/Comb 103/Usual 104). Abstract instead reports Pre 103/30 104/Comb 103/Usual 103; source is internally inconsistent. Table 2 values are per-protocol.,INCLUDE,EXCLUDE,Outside defined quantitative estimands; retained in full descriptive extraction.,,1,,
AUDIT-0054,Zhu 2022,Zhu_2022,V34_B1_053,Group 30 — EA 30 min before surgery,Group Usual — usual care alone,EA,Usual care,PONV,Nausea severity score,24–48 h after surgery,Per-protocol,98.0,101.0,0.03,0.22,0.12,0.45,,,4-point Likert-type severity scale 0-3,Mean/SD,p. 420; Table 2,24–48 h after surgery: Nausea (mean±SD) 0.04±0.28 0.03±0.22 0.04±0.28 0.12±0.45 0.178,TEAS EA Verification/Source PDFs/covidence_381_full_article.pdf,81b253dfbb68322da8383e775b391e0eb829702de456e01224fa82bf6b56bde0,Randomized arm sizes taken from CONSORT Fig 1 (Pre 103/30 103/Comb 103/Usual 104). Abstract instead reports Pre 103/30 104/Comb 103/Usual 103; source is internally inconsistent.,INCLUDE,EXCLUDE,Outside defined quantitative estimands; retained in full descriptive extraction.,,1,,
AUDIT-0055,Zhu 2022,Zhu_2022,V34_B1_054,Group 30 — EA 30 min before surgery,Group Usual — usual care alone,EA,Usual care,PONV,Vomiting severity score,24–48 h after surgery,Per-protocol,98.0,101.0,0.02,0.14,0.08,0.37,,,4-point Likert-type severity scale 0-3,Mean/SD,p. 420; Table 2,24–48 h after surgery: Vomiting (mean±SD) 0.02±0.2 0.02±0.14 0.02±0.2 0.08±0.37 0.214,TEAS EA Verification/Source PDFs/covidence_381_full_article.pdf,81b253dfbb68322da8383e775b391e0eb829702de456e01224fa82bf6b56bde0,Randomized arm sizes taken from CONSORT Fig 1 (Pre 103/30 103/Comb 103/Usual 104). Abstract instead reports Pre 103/30 104/Comb 103/Usual 103; source is internally inconsistent.,INCLUDE,EXCLUDE,Outside defined quantitative estimands; retained in full descriptive extraction.,,1,,
AUDIT-0056,Zhu 2022,Zhu_2022,V34_B1_055,Group 30 — EA 30 min before surgery,Group Usual — usual care alone,EA,Usual care,Rescue antiemetic,Participants requiring metoclopramide rescue antiemetic,24–48 h after surgery,Per-protocol,98.0,101.0,,,,,2.0,7.0,participants,Events/total,p. 420; Table 2,24–48 h after surgery: Antiemetic requirement (n) 1 2 1 7 0.045*,TEAS EA Verification/Source PDFs/covidence_381_full_article.pdf,81b253dfbb68322da8383e775b391e0eb829702de456e01224fa82bf6b56bde0,Randomized arm sizes taken from CONSORT Fig 1 (Pre 103/30 103/Comb 103/Usual 104). Abstract instead reports Pre 103/30 104/Comb 103/Usual 103; source is internally inconsistent. Methods specify metoclopramide 10 mg as rescue therapy.,INCLUDE,EXCLUDE,Outside defined quantitative estimands; retained in full descriptive extraction.,,1,,
AUDIT-0057,Zhu 2022,Zhu_2022,V34_B1_056,Group Comb — EA day before + 30 min before surgery,Group Usual — usual care alone,EA,Usual care,PONV,Postoperative nausea incidence,24–48 h after surgery,Per-protocol,100.0,101.0,,,,,2.0,7.0,participants,Events/total,p. 420; Table 2,24–48 h after surgery: Nausea (n) 2 2 2 7 0.164,TEAS EA Verification/Source PDFs/covidence_381_full_article.pdf,81b253dfbb68322da8383e775b391e0eb829702de456e01224fa82bf6b56bde0,Randomized arm sizes taken from CONSORT Fig 1 (Pre 103/30 103/Comb 103/Usual 104). Abstract instead reports Pre 103/30 104/Comb 103/Usual 103; source is internally inconsistent. Table 2 values are per-protocol.,INCLUDE,EXCLUDE,Outside defined quantitative estimands; retained in full descriptive extraction.,,1,,
AUDIT-0058,Zhu 2022,Zhu_2022,V34_B1_057,Group Comb — EA day before + 30 min before surgery,Group Usual — usual care alone,EA,Usual care,PONV,Postoperative vomiting incidence,24–48 h after surgery,Per-protocol,100.0,101.0,,,,,1.0,5.0,participants,Events/total,p. 420; Table 2,24–48 h after surgery: Vomiting (n) 1 2 1 5 0.307,TEAS EA Verification/Source PDFs/covidence_381_full_article.pdf,81b253dfbb68322da8383e775b391e0eb829702de456e01224fa82bf6b56bde0,Randomized arm sizes taken from CONSORT Fig 1 (Pre 103/30 103/Comb 103/Usual 104). Abstract instead reports Pre 103/30 104/Comb 103/Usual 103; source is internally inconsistent. Table 2 values are per-protocol.,INCLUDE,EXCLUDE,Outside defined quantitative estimands; retained in full descriptive extraction.,,1,,
AUDIT-0059,Zhu 2022,Zhu_2022,V34_B1_058,Group Comb — EA day before + 30 min before surgery,Group Usual — usual care alone,EA,Usual care,PONV,Nausea severity score,24–48 h after surgery,Per-protocol,100.0,101.0,0.04,0.28,0.12,0.45,,,4-point Likert-type severity scale 0-3,Mean/SD,p. 420; Table 2,24–48 h after surgery: Nausea (mean±SD) 0.04±0.28 0.03±0.22 0.04±0.28 0.12±0.45 0.178,TEAS EA Verification/Source PDFs/covidence_381_full_article.pdf,81b253dfbb68322da8383e775b391e0eb829702de456e01224fa82bf6b56bde0,Randomized arm sizes taken from CONSORT Fig 1 (Pre 103/30 103/Comb 103/Usual 104). Abstract instead reports Pre 103/30 104/Comb 103/Usual 103; source is internally inconsistent.,INCLUDE,EXCLUDE,Outside defined quantitative estimands; retained in full descriptive extraction.,,1,,
AUDIT-0060,Zhu 2022,Zhu_2022,V34_B1_059,Group Comb — EA day before + 30 min before surgery,Group Usual — usual care alone,EA,Usual care,PONV,Vomiting severity score,24–48 h after surgery,Per-protocol,100.0,101.0,0.02,0.2,0.08,0.37,,,4-point Likert-type severity scale 0-3,Mean/SD,p. 420; Table 2,24–48 h after surgery: Vomiting (mean±SD) 0.02±0.2 0.02±0.14 0.02±0.2 0.08±0.37 0.214,TEAS EA Verification/Source PDFs/covidence_381_full_article.pdf,81b253dfbb68322da8383e775b391e0eb829702de456e01224fa82bf6b56bde0,Randomized arm sizes taken from CONSORT Fig 1 (Pre 103/30 103/Comb 103/Usual 104). Abstract instead reports Pre 103/30 104/Comb 103/Usual 103; source is internally inconsistent.,INCLUDE,EXCLUDE,Outside defined quantitative estimands; retained in full descriptive extraction.,,1,,
AUDIT-0061,Zhu 2022,Zhu_2022,V34_B1_060,Group Comb — EA day before + 30 min before surgery,Group Usual — usual care alone,EA,Usual care,Rescue antiemetic,Participants requiring metoclopramide rescue antiemetic,24–48 h after surgery,Per-protocol,100.0,101.0,,,,,1.0,7.0,participants,Events/total,p. 420; Table 2,24–48 h after surgery: Antiemetic requirement (n) 1 2 1 7 0.045*,TEAS EA Verification/Source PDFs/covidence_381_full_article.pdf,81b253dfbb68322da8383e775b391e0eb829702de456e01224fa82bf6b56bde0,Randomized arm sizes taken from CONSORT Fig 1 (Pre 103/30 103/Comb 103/Usual 104). Abstract instead reports Pre 103/30 104/Comb 103/Usual 103; source is internally inconsistent. Methods specify metoclopramide 10 mg as rescue therapy.,INCLUDE,EXCLUDE,Outside defined quantitative estimands; retained in full descriptive extraction.,,1,,
AUDIT-0062,Zhu 2022,Zhu_2022,V34_B1_061,Group Pre — EA day before surgery,Group Usual — usual care alone,EA,Usual care,PONV,Postoperative nausea incidence,48–72 h after surgery,Per-protocol,101.0,101.0,,,,,0.0,0.0,participants,Events/total,p. 421; Results text; data not shown,"At 48–72h after surgery, the incidence of PON and POV was zero in all groups (data not shown).",TEAS EA Verification/Source PDFs/covidence_381_full_article.pdf,81b253dfbb68322da8383e775b391e0eb829702de456e01224fa82bf6b56bde0,Randomized arm sizes taken from CONSORT Fig 1 (Pre 103/30 103/Comb 103/Usual 104). Abstract instead reports Pre 103/30 104/Comb 103/Usual 103; source is internally inconsistent. Counts are stated as zero for all groups in text; no table is shown.,INCLUDE,EXCLUDE,Outside defined quantitative estimands; retained in full descriptive extraction.,,1,,
AUDIT-0063,Zhu 2022,Zhu_2022,V34_B1_062,Group Pre — EA day before surgery,Group Usual — usual care alone,EA,Usual care,PONV,Postoperative vomiting incidence,48–72 h after surgery,Per-protocol,101.0,101.0,,,,,0.0,0.0,participants,Events/total,p. 421; Results text; data not shown,"At 48–72h after surgery, the incidence of PON and POV was zero in all groups (data not shown).",TEAS EA Verification/Source PDFs/covidence_381_full_article.pdf,81b253dfbb68322da8383e775b391e0eb829702de456e01224fa82bf6b56bde0,Randomized arm sizes taken from CONSORT Fig 1 (Pre 103/30 103/Comb 103/Usual 104). Abstract instead reports Pre 103/30 104/Comb 103/Usual 103; source is internally inconsistent. Counts are stated as zero for all groups in text; no table is shown.,INCLUDE,EXCLUDE,Outside defined quantitative estimands; retained in full descriptive extraction.,,1,,
AUDIT-0064,Zhu 2022,Zhu_2022,V34_B1_063,Group 30 — EA 30 min before surgery,Group Usual — usual care alone,EA,Usual care,PONV,Postoperative nausea incidence,48–72 h after surgery,Per-protocol,98.0,101.0,,,,,0.0,0.0,participants,Events/total,p. 421; Results text; data not shown,"At 48–72h after surgery, the incidence of PON and POV was zero in all groups (data not shown).",TEAS EA Verification/Source PDFs/covidence_381_full_article.pdf,81b253dfbb68322da8383e775b391e0eb829702de456e01224fa82bf6b56bde0,Randomized arm sizes taken from CONSORT Fig 1 (Pre 103/30 103/Comb 103/Usual 104). Abstract instead reports Pre 103/30 104/Comb 103/Usual 103; source is internally inconsistent. Counts are stated as zero for all groups in text; no table is shown.,INCLUDE,EXCLUDE,Outside defined quantitative estimands; retained in full descriptive extraction.,,1,,
AUDIT-0065,Zhu 2022,Zhu_2022,V34_B1_064,Group 30 — EA 30 min before surgery,Group Usual — usual care alone,EA,Usual care,PONV,Postoperative vomiting incidence,48–72 h after surgery,Per-protocol,98.0,101.0,,,,,0.0,0.0,participants,Events/total,p. 421; Results text; data not shown,"At 48–72h after surgery, the incidence of PON and POV was zero in all groups (data not shown).",TEAS EA Verification/Source PDFs/covidence_381_full_article.pdf,81b253dfbb68322da8383e775b391e0eb829702de456e01224fa82bf6b56bde0,Randomized arm sizes taken from CONSORT Fig 1 (Pre 103/30 103/Comb 103/Usual 104). Abstract instead reports Pre 103/30 104/Comb 103/Usual 103; source is internally inconsistent. Counts are stated as zero for all groups in text; no table is shown.,INCLUDE,EXCLUDE,Outside defined quantitative estimands; retained in full descriptive extraction.,,1,,
AUDIT-0066,Zhu 2022,Zhu_2022,V34_B1_065,Group Comb — EA day before + 30 min before surgery,Group Usual — usual care alone,EA,Usual care,PONV,Postoperative nausea incidence,48–72 h after surgery,Per-protocol,100.0,101.0,,,,,0.0,0.0,participants,Events/total,p. 421; Results text; data not shown,"At 48–72h after surgery, the incidence of PON and POV was zero in all groups (data not shown).",TEAS EA Verification/Source PDFs/covidence_381_full_article.pdf,81b253dfbb68322da8383e775b391e0eb829702de456e01224fa82bf6b56bde0,Randomized arm sizes taken from CONSORT Fig 1 (Pre 103/30 103/Comb 103/Usual 104). Abstract instead reports Pre 103/30 104/Comb 103/Usual 103; source is internally inconsistent. Counts are stated as zero for all groups in text; no table is shown.,INCLUDE,EXCLUDE,Outside defined quantitative estimands; retained in full descriptive extraction.,,1,,
AUDIT-0067,Zhu 2022,Zhu_2022,V34_B1_066,Group Comb — EA day before + 30 min before surgery,Group Usual — usual care alone,EA,Usual care,PONV,Postoperative vomiting incidence,48–72 h after surgery,Per-protocol,100.0,101.0,,,,,0.0,0.0,participants,Events/total,p. 421; Results text; data not shown,"At 48–72h after surgery, the incidence of PON and POV was zero in all groups (data not shown).",TEAS EA Verification/Source PDFs/covidence_381_full_article.pdf,81b253dfbb68322da8383e775b391e0eb829702de456e01224fa82bf6b56bde0,Randomized arm sizes taken from CONSORT Fig 1 (Pre 103/30 103/Comb 103/Usual 104). Abstract instead reports Pre 103/30 104/Comb 103/Usual 103; source is internally inconsistent. Counts are stated as zero for all groups in text; no table is shown.,INCLUDE,EXCLUDE,Outside defined quantitative estimands; retained in full descriptive extraction.,,1,,
AUDIT-0068,Yang 2020,Yang_2020,V34_B1_067,EA group,UC group,EA,Usual care,GI adverse effect,Abdominal distension incidence,Postoperative; assessment window not separately stated,Available-case,29.0,28.0,,,,,9.0,11.0,participants,Events/total,e920648-5; Table 3,AD’s incidence (n [%])** 9 (31.03) 11 (39.28) 0.514,TEAS EA Verification/Source PDFs/covidence_464_verified.pdf,74195fd297db01dd46bc70ce30960d6ada974359a832f17219120a2cb8491d14,The article reports AD as a postoperative outcome but Table 3 does not attach a distinct clock time to this summary.,INCLUDE,EXCLUDE,Outside defined quantitative estimands; retained in full descriptive extraction.,,1,,
AUDIT-0069,Yang 2020,Yang_2020,V34_B1_068,EA group,UC group,EA,Usual care,GI adverse effect,Abdominal distension severity grade 0,Postoperative; assessment window not separately stated,Available-case,29.0,28.0,,,,,20.0,17.0,participants,Events/total,e920648-5; Table 3,AD’s degree ... 0 20 (70) 17 (60.7),TEAS EA Verification/Source PDFs/covidence_464_verified.pdf,74195fd297db01dd46bc70ce30960d6ada974359a832f17219120a2cb8491d14,"P=0.290 is the overall comparison of the AD severity distribution, not a grade-specific P value.",INCLUDE,EXCLUDE,Outside defined quantitative estimands; retained in full descriptive extraction.,,1,,
AUDIT-0070,Yang 2020,Yang_2020,V34_B1_069,EA group,UC group,EA,Usual care,GI adverse effect,Abdominal distension severity grade 1,Postoperative; assessment window not separately stated,Available-case,29.0,28.0,,,,,1.0,2.0,participants,Events/total,e920648-5; Table 3,AD’s degree ... 1 1 (3.4) 2 (7.1),TEAS EA Verification/Source PDFs/covidence_464_verified.pdf,74195fd297db01dd46bc70ce30960d6ada974359a832f17219120a2cb8491d14,"P=0.290 is the overall comparison of the AD severity distribution, not a grade-specific P value.",INCLUDE,EXCLUDE,Outside defined quantitative estimands; retained in full descriptive extraction.,,1,,
AUDIT-0071,Yang 2020,Yang_2020,V34_B1_070,EA group,UC group,EA,Usual care,GI adverse effect,Abdominal distension severity grade 2,Postoperative; assessment window not separately stated,Available-case,29.0,28.0,,,,,2.0,2.0,participants,Events/total,e920648-5; Table 3,AD’s degree ... 2 2 (6.9) 2 (7.1),TEAS EA Verification/Source PDFs/covidence_464_verified.pdf,74195fd297db01dd46bc70ce30960d6ada974359a832f17219120a2cb8491d14,"P=0.290 is the overall comparison of the AD severity distribution, not a grade-specific P value.",INCLUDE,EXCLUDE,Outside defined quantitative estimands; retained in full descriptive extraction.,,1,,
AUDIT-0072,Yang 2020,Yang_2020,V34_B1_071,EA group,UC group,EA,Usual care,GI adverse effect,Abdominal distension severity grade 3,Postoperative; assessment window not separately stated,Available-case,29.0,28.0,,,,,6.0,7.0,participants,Events/total,e920648-5; Table 3,AD’s degree ... 3 6 (20.7) 7 (25.0),TEAS EA Verification/Source PDFs/covidence_464_verified.pdf,74195fd297db01dd46bc70ce30960d6ada974359a832f17219120a2cb8491d14,"P=0.290 is the overall comparison of the AD severity distribution, not a grade-specific P value.",INCLUDE,EXCLUDE,Outside defined quantitative estimands; retained in full descriptive extraction.,,1,,
AUDIT-0073,Yang 2020,Yang_2020,V34_B1_072,EA group,UC group,EA,Usual care,GI adverse effect,Abdominal distension severity grade 4,Postoperative; assessment window not separately stated,Available-case,29.0,28.0,,,,,0.0,0.0,participants,Events/total,e920648-5; Table 3,AD’s degree ... 4 0 (0) 0 (0),TEAS EA Verification/Source PDFs/covidence_464_verified.pdf,74195fd297db01dd46bc70ce30960d6ada974359a832f17219120a2cb8491d14,"P=0.290 is the overall comparison of the AD severity distribution, not a grade-specific P value.",INCLUDE,EXCLUDE,Outside defined quantitative estimands; retained in full descriptive extraction.,,1,,
AUDIT-0074,Yang 2020,Yang_2020,V34_B1_073,EA group,UC group,EA,Usual care,Rescue analgesia,Participants given rescue medication,Postoperative; exact window not stated,Available-case,29.0,28.0,,,,,5.0,7.0,participants,Events/total,e920648-5; Table 3,Rescue medication given (n [%])** 5 (17.24) 7 (25.00) 0.473,TEAS EA Verification/Source PDFs/covidence_464_verified.pdf,74195fd297db01dd46bc70ce30960d6ada974359a832f17219120a2cb8491d14,Methods define rescue medication as bucinnazine 100 mg IM if VAS >3/10; Table 3 does not state a time window.,HOLD,HOLD,"Source ambiguity or unavailable required statistic: Source definition, timepoint, denominator, scale, statistic, or post-randomization subset requires adjudication; see raw source/QC.",,1,,
AUDIT-0075,Yang 2020,Yang_2020,V34_B1_074,EA group,UC group,EA,Usual care,PONV,Nausea severity score,0–24 h after surgery,Available-case,29.0,28.0,,,,,,,4-point rating scale 0-3,Median/IQR,e920648-6; Table 4,0–24 h after surgery: Nausea score* 0 (0–1) 0 (0–1) 1.000,TEAS EA Verification/Source PDFs/covidence_464_verified.pdf,74195fd297db01dd46bc70ce30960d6ada974359a832f17219120a2cb8491d14,"Table 4 footnote states starred continuous outcomes are median (quartile range). Where the table prints only '0' without a parenthetical range, dispersion is not reported.",NARRATIVE ONLY,HOLD,"No directly tabulated mean/SD or event/denominator for current quantitative body; preserve original statistic, no automatic median or graph conversion.",,1,,
AUDIT-0076,Yang 2020,Yang_2020,V34_B1_075,EA group,UC group,EA,Usual care,PONV,Vomiting severity score,0–24 h after surgery,Available-case,29.0,28.0,,,,,,,4-point rating scale 0-3,Median/IQR,e920648-6; Table 4,0–24 h after surgery: Vomiting score* 0 (0–0) 0 (0–0.75) 0.486,TEAS EA Verification/Source PDFs/covidence_464_verified.pdf,74195fd297db01dd46bc70ce30960d6ada974359a832f17219120a2cb8491d14,"Table 4 footnote states starred continuous outcomes are median (quartile range). Where the table prints only '0' without a parenthetical range, dispersion is not reported.",NARRATIVE ONLY,HOLD,"No directly tabulated mean/SD or event/denominator for current quantitative body; preserve original statistic, no automatic median or graph conversion.",,1,,
AUDIT-0077,Yang 2020,Yang_2020,V34_B1_076,EA group,UC group,EA,Usual care,PONV,Nausea incidence,0–24 h after surgery,Available-case,29.0,28.0,,,,,8.0,8.0,participants,Events/total,e920648-6; Table 4,0–24 h after surgery: Nausea [incidence; n (%)] 8 ... 8 ... 0.934,TEAS EA Verification/Source PDFs/covidence_464_verified.pdf,74195fd297db01dd46bc70ce30960d6ada974359a832f17219120a2cb8491d14,NOT REPORTED,INCLUDE,INCLUDE,Source construct/window/contrast reviewed; direct data admitted.,;nausea24_EA_usual,1,,
AUDIT-0078,Yang 2020,Yang_2020,V34_B1_077,EA group,UC group,EA,Usual care,PONV,Vomiting incidence,0–24 h after surgery,Available-case,29.0,28.0,,,,,5.0,7.0,participants,Events/total,e920648-6; Table 4,0–24 h after surgery: Vomiting [incidence; n (%)] 5 ... 7 ... 0.473,TEAS EA Verification/Source PDFs/covidence_464_verified.pdf,74195fd297db01dd46bc70ce30960d6ada974359a832f17219120a2cb8491d14,NOT REPORTED,INCLUDE,INCLUDE,Source construct/window/contrast reviewed; direct data admitted.,;vomiting24_EA_usual,1,,
AUDIT-0079,Yang 2020,Yang_2020,V34_B1_078,EA group,UC group,EA,Usual care,Pain,Static pain VAS,0–24 h after surgery,Available-case,29.0,28.0,,,,,,,VAS 0-10,Median/IQR,e920648-6; Table 4,0–24 h after surgery: Static pain VAS* 2 (2–2) 2 (2–2) 0.651,TEAS EA Verification/Source PDFs/covidence_464_verified.pdf,74195fd297db01dd46bc70ce30960d6ada974359a832f17219120a2cb8491d14,"The paper labels these as static and dynamic pain, not rest/movement with further operational detail.",NARRATIVE ONLY,HOLD,"No directly tabulated mean/SD or event/denominator for current quantitative body; preserve original statistic, no automatic median or graph conversion.",,1,,
AUDIT-0080,Yang 2020,Yang_2020,V34_B1_079,EA group,UC group,EA,Usual care,Pain,Dynamic pain VAS,0–24 h after surgery,Available-case,29.0,28.0,,,,,,,VAS 0-10,Median/IQR,e920648-6; Table 4,0–24 h after surgery: Dynamic pain VAS* 3 (3–3) 3 (3–3) 0.153,TEAS EA Verification/Source PDFs/covidence_464_verified.pdf,74195fd297db01dd46bc70ce30960d6ada974359a832f17219120a2cb8491d14,"The paper labels these as static and dynamic pain, not rest/movement with further operational detail.",NARRATIVE ONLY,HOLD,"No directly tabulated mean/SD or event/denominator for current quantitative body; preserve original statistic, no automatic median or graph conversion.",,1,,
AUDIT-0081,Yang 2020,Yang_2020,V34_B1_080,EA group,UC group,EA,Usual care,PONV,Nausea severity score,24–48 h after surgery,Available-case,29.0,28.0,,,,,,,4-point rating scale 0-3,Median/IQR,e920648-6; Table 4,24–48 h after surgery: Nausea score* 0 (0–0) 0 (0–0) 0.726,TEAS EA Verification/Source PDFs/covidence_464_verified.pdf,74195fd297db01dd46bc70ce30960d6ada974359a832f17219120a2cb8491d14,"Table 4 footnote states starred continuous outcomes are median (quartile range). Where the table prints only '0' without a parenthetical range, dispersion is not reported.",NARRATIVE ONLY,HOLD,"No directly tabulated mean/SD or event/denominator for current quantitative body; preserve original statistic, no automatic median or graph conversion.",,1,,
AUDIT-0082,Yang 2020,Yang_2020,V34_B1_081,EA group,UC group,EA,Usual care,PONV,Vomiting severity score,24–48 h after surgery,Available-case,29.0,28.0,,,,,,,4-point rating scale 0-3,Other (describe),e920648-6; Table 4,24–48 h after surgery: Vomiting score* 0 0 –,TEAS EA Verification/Source PDFs/covidence_464_verified.pdf,74195fd297db01dd46bc70ce30960d6ada974359a832f17219120a2cb8491d14,"Table 4 footnote states starred continuous outcomes are median (quartile range). Where the table prints only '0' without a parenthetical range, dispersion is not reported.",HOLD,HOLD,Source ambiguity or unavailable required statistic: Nonstandard or incomplete statistic; no inferred quantities.,,1,,
AUDIT-0083,Yang 2020,Yang_2020,V34_B1_082,EA group,UC group,EA,Usual care,PONV,Nausea incidence,24–48 h after surgery,Available-case,29.0,28.0,,,,,4.0,3.0,participants,Events/total,e920648-6; Table 4,24–48 h after surgery: Nausea [incidence; n (%)] 4 ... 3 ... 1.000,TEAS EA Verification/Source PDFs/covidence_464_verified.pdf,74195fd297db01dd46bc70ce30960d6ada974359a832f17219120a2cb8491d14,NOT REPORTED,INCLUDE,EXCLUDE,Outside defined quantitative estimands; retained in full descriptive extraction.,,1,,
AUDIT-0084,Yang 2020,Yang_2020,V34_B1_083,EA group,UC group,EA,Usual care,PONV,Vomiting incidence,24–48 h after surgery,Available-case,29.0,28.0,,,,,0.0,0.0,participants,Events/total,e920648-6; Table 4,24–48 h after surgery: Vomiting [incidence; n (%)] 0 ... 0 ... –,TEAS EA Verification/Source PDFs/covidence_464_verified.pdf,74195fd297db01dd46bc70ce30960d6ada974359a832f17219120a2cb8491d14,NOT REPORTED,INCLUDE,EXCLUDE,Outside defined quantitative estimands; retained in full descriptive extraction.,,1,,
AUDIT-0085,Yang 2020,Yang_2020,V34_B1_084,EA group,UC group,EA,Usual care,Pain,Static pain VAS,24–48 h after surgery,Available-case,29.0,28.0,,,,,,,VAS 0-10,Median/IQR,e920648-6; Table 4,24–48 h after surgery: Static pain VAS* 2 (2–3) 2 (2–3) 0.930,TEAS EA Verification/Source PDFs/covidence_464_verified.pdf,74195fd297db01dd46bc70ce30960d6ada974359a832f17219120a2cb8491d14,"The paper labels these as static and dynamic pain, not rest/movement with further operational detail.",NARRATIVE ONLY,HOLD,"No directly tabulated mean/SD or event/denominator for current quantitative body; preserve original statistic, no automatic median or graph conversion.",,1,,
AUDIT-0086,Yang 2020,Yang_2020,V34_B1_085,EA group,UC group,EA,Usual care,Pain,Dynamic pain VAS,24–48 h after surgery,Available-case,29.0,28.0,,,,,,,VAS 0-10,Median/IQR,e920648-6; Table 4,24–48 h after surgery: Dynamic pain VAS* 3 (3–3) 3 (3–3) 0.401,TEAS EA Verification/Source PDFs/covidence_464_verified.pdf,74195fd297db01dd46bc70ce30960d6ada974359a832f17219120a2cb8491d14,"The paper labels these as static and dynamic pain, not rest/movement with further operational detail.",NARRATIVE ONLY,HOLD,"No directly tabulated mean/SD or event/denominator for current quantitative body; preserve original statistic, no automatic median or graph conversion.",,1,,
AUDIT-0087,Yang 2020,Yang_2020,V34_B1_086,EA group,UC group,EA,Usual care,PONV,Nausea severity score,48–72 h after surgery,Available-case,29.0,28.0,,,,,,,4-point rating scale 0-3,Other (describe),e920648-6; Table 4,48–72 h after surgery: Nausea score* 0 0 –,TEAS EA Verification/Source PDFs/covidence_464_verified.pdf,74195fd297db01dd46bc70ce30960d6ada974359a832f17219120a2cb8491d14,"Table 4 footnote states starred continuous outcomes are median (quartile range). Where the table prints only '0' without a parenthetical range, dispersion is not reported.",HOLD,HOLD,Source ambiguity or unavailable required statistic: Nonstandard or incomplete statistic; no inferred quantities.,,1,,
AUDIT-0088,Yang 2020,Yang_2020,V34_B1_087,EA group,UC group,EA,Usual care,PONV,Vomiting severity score,48–72 h after surgery,Available-case,29.0,28.0,,,,,,,4-point rating scale 0-3,Other (describe),e920648-6; Table 4,48–72 h after surgery: Vomiting score* 0 0 –,TEAS EA Verification/Source PDFs/covidence_464_verified.pdf,74195fd297db01dd46bc70ce30960d6ada974359a832f17219120a2cb8491d14,"Table 4 footnote states starred continuous outcomes are median (quartile range). Where the table prints only '0' without a parenthetical range, dispersion is not reported.",HOLD,HOLD,Source ambiguity or unavailable required statistic: Nonstandard or incomplete statistic; no inferred quantities.,,1,,
AUDIT-0089,Yang 2020,Yang_2020,V34_B1_088,EA group,UC group,EA,Usual care,PONV,Nausea incidence,48–72 h after surgery,Available-case,29.0,28.0,,,,,0.0,0.0,participants,Events/total,e920648-6; Table 4,48–72 h after surgery: Nausea [incidence; n (%)] 0 ... 0 ... –,TEAS EA Verification/Source PDFs/covidence_464_verified.pdf,74195fd297db01dd46bc70ce30960d6ada974359a832f17219120a2cb8491d14,NOT REPORTED,INCLUDE,EXCLUDE,Outside defined quantitative estimands; retained in full descriptive extraction.,,1,,
AUDIT-0090,Yang 2020,Yang_2020,V34_B1_089,EA group,UC group,EA,Usual care,PONV,Vomiting incidence,48–72 h after surgery,Available-case,29.0,28.0,,,,,0.0,0.0,participants,Events/total,e920648-6; Table 4,48–72 h after surgery: Vomiting [incidence; n (%)] 0 ... 0 ... –,TEAS EA Verification/Source PDFs/covidence_464_verified.pdf,74195fd297db01dd46bc70ce30960d6ada974359a832f17219120a2cb8491d14,NOT REPORTED,INCLUDE,EXCLUDE,Outside defined quantitative estimands; retained in full descriptive extraction.,,1,,
AUDIT-0091,Yang 2020,Yang_2020,V34_B1_090,EA group,UC group,EA,Usual care,Pain,Static pain VAS,48–72 h after surgery,Available-case,29.0,28.0,,,,,,,VAS 0-10,Median/IQR,e920648-6; Table 4,48–72 h after surgery: Static pain VAS* 3 (2–3) 3 (2–3) 0.703,TEAS EA Verification/Source PDFs/covidence_464_verified.pdf,74195fd297db01dd46bc70ce30960d6ada974359a832f17219120a2cb8491d14,"The paper labels these as static and dynamic pain, not rest/movement with further operational detail.",NARRATIVE ONLY,HOLD,"No directly tabulated mean/SD or event/denominator for current quantitative body; preserve original statistic, no automatic median or graph conversion.",,1,,
AUDIT-0092,Yang 2020,Yang_2020,V34_B1_091,EA group,UC group,EA,Usual care,Pain,Dynamic pain VAS,48–72 h after surgery,Available-case,29.0,28.0,,,,,,,VAS 0-10,Median/IQR,e920648-6; Table 4,48–72 h after surgery: Dynamic pain VAS* 3 (3–3) 3 (3–3) 0.079,TEAS EA Verification/Source PDFs/covidence_464_verified.pdf,74195fd297db01dd46bc70ce30960d6ada974359a832f17219120a2cb8491d14,"The paper labels these as static and dynamic pain, not rest/movement with further operational detail.",NARRATIVE ONLY,HOLD,"No directly tabulated mean/SD or event/denominator for current quantitative body; preserve original statistic, no automatic median or graph conversion.",,1,,
AUDIT-0093,Yang 2020,Yang_2020,V34_B1_092,EA group,UC group,EA,Usual care,Functional recovery,Time to out-of-bed activity,Postoperative,Available-case,29.0,28.0,11.2,1.0,13.0,3.5,,,hours,Mean/SD,e920648-6; Table 4,Time to out-of-bed activity (h)# 11.2±1.0 13±3.5 0.5,TEAS EA Verification/Source PDFs/covidence_464_verified.pdf,74195fd297db01dd46bc70ce30960d6ada974359a832f17219120a2cb8491d14,NOT REPORTED,INCLUDE,EXCLUDE,Outside defined quantitative estimands; retained in full descriptive extraction.,,1,,
AUDIT-0094,Yang 2020,Yang_2020,V34_B1_093,EA group,UC group,EA,Usual care,Length of stay,Hospital stay,Postoperative hospitalization,Available-case,29.0,28.0,6.1,2.15,6.5,2.05,,,days,Mean/SD,e920648-6; Table 4,Hospital stay (d)# 6.1±2.15 6.5±2.05 0.442,TEAS EA Verification/Source PDFs/covidence_464_verified.pdf,74195fd297db01dd46bc70ce30960d6ada974359a832f17219120a2cb8491d14,NOT REPORTED,INCLUDE,EXCLUDE,Outside defined quantitative estimands; retained in full descriptive extraction.,,1,,
AUDIT-0095,Pan 2023,Pan_2023,V34_B1_094,Group T — TEAS,Group C — control,TEAS,Usual care,Pain,NRS in the mobile state,1 h after operation,Unstated,52.0,53.0,,,,,,,NRS 0-10,Other (describe),p. 815; Table 7,NRS 1h 2 (1.4) 3 (2.4) 0.04*,TEAS EA Verification/Source PDFs/getfile.php-4.pdf,7f51a98abb60112923a7996495bc8d143af74aa710175a70c29894b62a64479d,Results text specifies the NRS was assessed 'while in the mobile state'. Table prints parenthetical values but does not label them as SD/IQR in Table 7; statistic type therefore left as Other (describe).,HOLD,HOLD,"Source ambiguity or unavailable required statistic: Source definition, timepoint, denominator, scale, statistic, or post-randomization subset requires adjudication; see raw source/QC.",,1,,
AUDIT-0096,Pan 2023,Pan_2023,V34_B1_095,Group T — TEAS,Group C — control,TEAS,Usual care,Pain,NRS in the mobile state,24 h after operation,Unstated,52.0,53.0,,,,,,,NRS 0-10,Other (describe),p. 815; Table 7,NRS 24h 2 (2.3) 3 (3.4) 0.00*,TEAS EA Verification/Source PDFs/getfile.php-4.pdf,7f51a98abb60112923a7996495bc8d143af74aa710175a70c29894b62a64479d,Results text specifies the NRS was assessed 'while in the mobile state'. Table prints parenthetical values but does not label them as SD/IQR in Table 7; statistic type therefore left as Other (describe).,HOLD,HOLD,"Source ambiguity or unavailable required statistic: Source definition, timepoint, denominator, scale, statistic, or post-randomization subset requires adjudication; see raw source/QC.",,1,,
AUDIT-0097,Pan 2023,Pan_2023,V34_B1_096,Group T — TEAS,Group C — control,TEAS,Usual care,Pain,Resting pain,Postoperative,Unstated,52.0,53.0,,,,,,,NRS 0-10,Other (describe),pp. 810–816; Methods + Tables 6–7,The NRS score while in the mobile state was significantly lower in Group T at 1 hour and at 24 hours after operation (Table 7).,TEAS EA Verification/Source PDFs/getfile.php-4.pdf,7f51a98abb60112923a7996495bc8d143af74aa710175a70c29894b62a64479d,A separate resting-pain outcome is not reported.,NOT REPORTED,EXCLUDE,Outside defined quantitative estimands; retained in full descriptive extraction.,,1,,
AUDIT-0098,Pan 2023,Pan_2023,V34_B1_097,Group T — TEAS,Group C — control,TEAS,Usual care,Pain,PACU highest NRS score,PACU,Unstated,52.0,53.0,,,,,,,NRS 0-10,Other (describe),p. 815; Table 6,PACU highest NRS score 0 (0.1) 0 (0.2) 0.00*,TEAS EA Verification/Source PDFs/getfile.php-4.pdf,7f51a98abb60112923a7996495bc8d143af74aa710175a70c29894b62a64479d,The table does not define the parenthetical statistic for this row; do not assume SD or IQR.,HOLD,HOLD,"Source ambiguity or unavailable required statistic: Source definition, timepoint, denominator, scale, statistic, or post-randomization subset requires adjudication; see raw source/QC.",,1,,
AUDIT-0099,Pan 2023,Pan_2023,V34_B1_098,Group T — TEAS,Group C — control,TEAS,Usual care,PONV,Vomiting incidence,1 h after operation,Unstated,52.0,53.0,,,,,2.0,3.0,participants,Events/total,p. 815; Table 7,Vomiting at 1h 2 (4) 3 (6) 0.66,TEAS EA Verification/Source PDFs/getfile.php-4.pdf,7f51a98abb60112923a7996495bc8d143af74aa710175a70c29894b62a64479d,The table reports counts and rounded percentages.,INCLUDE,EXCLUDE,Outside defined quantitative estimands; retained in full descriptive extraction.,,1,,
AUDIT-0100,Pan 2023,Pan_2023,V34_B1_099,Group T — TEAS,Group C — control,TEAS,Usual care,PONV,Vomiting incidence,Within 24 h after operation,Unstated,52.0,53.0,,,,,9.0,19.0,participants,Events/total,p. 815; Table 7,Vomiting at 24h 9 (17) 19 (36) 0.03*,TEAS EA Verification/Source PDFs/getfile.php-4.pdf,7f51a98abb60112923a7996495bc8d143af74aa710175a70c29894b62a64479d,The table reports counts and rounded percentages.,INCLUDE,INCLUDE,v36: Pan2023 no-TEAS control; supportive comparison.,;vomiting24_TEAS_usual,1,Usual care,"Pan 2023: ""Patients in Group C did not undergo TEAS."" No sham procedure described."
AUDIT-0101,Pan 2023,Pan_2023,V34_B1_100,Group T — TEAS,Group C — control,TEAS,Usual care,PONV,Nausea incidence,Within 24 h after operation,Unstated,52.0,53.0,,,,,,,participants,Other (describe),p. 815; Table 7,"Table 7 Comparison of NRS, the Incidence of Vomiting and Utilization Rate of Analgesic and Antiemetic Drugs in 24h Between the Two Groups",TEAS EA Verification/Source PDFs/getfile.php-4.pdf,7f51a98abb60112923a7996495bc8d143af74aa710175a70c29894b62a64479d,Nausea is discussed generally but is not separately tabulated as an incidence outcome.,NOT REPORTED,EXCLUDE,Outside defined quantitative estimands; retained in full descriptive extraction.,,1,,
AUDIT-0102,Pan 2023,Pan_2023,V34_B1_101,Group T — TEAS,Group C — control,TEAS,Usual care,Rescue analgesia,Participants using analgesic drugs,Within 24 h after operation,Unstated,52.0,53.0,,,,,19.0,23.0,participants,Events/total,p. 815; Table 7,Analgesic drugs (n%) 19 (37) 23 (43) 0.47,TEAS EA Verification/Source PDFs/getfile.php-4.pdf,7f51a98abb60112923a7996495bc8d143af74aa710175a70c29894b62a64479d,"The table reports use of analgesic drugs, not a drug dose or opioid amount.",HOLD,HOLD,"Source ambiguity or unavailable required statistic: Source definition, timepoint, denominator, scale, statistic, or post-randomization subset requires adjudication; see raw source/QC.",,1,,
AUDIT-0103,Pan 2023,Pan_2023,V34_B1_102,Group T — TEAS,Group C — control,TEAS,Usual care,Rescue antiemetic,Participants using antiemetic drugs,Within 24 h after operation,Unstated,52.0,53.0,,,,,25.0,34.0,participants,Events/total,p. 815; Table 7,Antiemetic drugs (n%) 25 (48) 34 (64) 0.10,TEAS EA Verification/Source PDFs/getfile.php-4.pdf,7f51a98abb60112923a7996495bc8d143af74aa710175a70c29894b62a64479d,NOT REPORTED,INCLUDE,EXCLUDE,Outside defined quantitative estimands; retained in full descriptive extraction.,,1,,
AUDIT-0104,Pan 2023,Pan_2023,V34_B1_103,Group T — TEAS,Group C — control,TEAS,Usual care,Rescue medication,Utilization of remedial drugs in PACU,PACU,Unstated,52.0,53.0,,,,,10.0,18.0,participants,Events/total,p. 815; Table 6,"The utilization rate of remedial drugs in PACU (n,%) 10 (19) 18 (34) 0.09",TEAS EA Verification/Source PDFs/getfile.php-4.pdf,7f51a98abb60112923a7996495bc8d143af74aa710175a70c29894b62a64479d,Table 6 does not specify which remedial drug(s) were used.,HOLD,HOLD,"Source ambiguity or unavailable required statistic: Source definition, timepoint, denominator, scale, statistic, or post-randomization subset requires adjudication; see raw source/QC.",,1,,
AUDIT-0105,Pan 2023,Pan_2023,V34_B1_104,Group T — TEAS,Group C — control,TEAS,Usual care,Functional recovery,Time of respiratory recovery,PACU/recovery,Unstated,52.0,53.0,10.2,2.7,10.9,3.7,,,minutes,Mean/SD,p. 815; Table 6,Time of respiratory recovery 10.2±2.7 10.9±3.7 0.22,TEAS EA Verification/Source PDFs/getfile.php-4.pdf,7f51a98abb60112923a7996495bc8d143af74aa710175a70c29894b62a64479d,NOT REPORTED,INCLUDE,EXCLUDE,Outside defined quantitative estimands; retained in full descriptive extraction.,,1,,
AUDIT-0106,Pan 2023,Pan_2023,V34_B1_105,Group T — TEAS,Group C — control,TEAS,Usual care,Functional recovery,Time of conscious,PACU/recovery,Unstated,52.0,53.0,10.7,2.7,11.3,3.8,,,minutes,Mean/SD,p. 815; Table 6,Time of conscious 10.7±2.7 11.3±3.8 0.28,TEAS EA Verification/Source PDFs/getfile.php-4.pdf,7f51a98abb60112923a7996495bc8d143af74aa710175a70c29894b62a64479d,NOT REPORTED,INCLUDE,EXCLUDE,Outside defined quantitative estimands; retained in full descriptive extraction.,,1,,
AUDIT-0107,Pan 2023,Pan_2023,V34_B1_106,Group T — TEAS,Group C — control,TEAS,Usual care,Functional recovery,Time of extubation,PACU/recovery,Unstated,52.0,53.0,11.4,3.0,12.1,3.8,,,minutes,Mean/SD,p. 815; Table 6,Time of extubation 11.4±3.0 12.1±3.8 0.27,TEAS EA Verification/Source PDFs/getfile.php-4.pdf,7f51a98abb60112923a7996495bc8d143af74aa710175a70c29894b62a64479d,NOT REPORTED,INCLUDE,EXCLUDE,Outside defined quantitative estimands; retained in full descriptive extraction.,,1,,
AUDIT-0108,Pan 2023,Pan_2023,V34_B1_107,Group T — TEAS,Group C — control,TEAS,Usual care,Functional recovery,PACU Aldrete score,PACU,Unstated,52.0,53.0,8.8,0.8,8.9,0.8,,,Aldrete points,Mean/SD,p. 815; Table 6,PACU Aldrete score 8.8±0.8 8.9±0.8 0.79,TEAS EA Verification/Source PDFs/getfile.php-4.pdf,7f51a98abb60112923a7996495bc8d143af74aa710175a70c29894b62a64479d,NOT REPORTED,INCLUDE,EXCLUDE,Outside defined quantitative estimands; retained in full descriptive extraction.,,1,,
AUDIT-0109,Pan 2023,Pan_2023,V34_B1_108,Group T — TEAS,Group C — control,TEAS,Usual care,Functional recovery,PACU retention time,PACU,Unstated,52.0,53.0,50.9,20.9,52.7,17.6,,,minutes,Mean/SD,p. 815; Table 6,PACU retention time 50.9±20.9 52.7±17.6 0.62,TEAS EA Verification/Source PDFs/getfile.php-4.pdf,7f51a98abb60112923a7996495bc8d143af74aa710175a70c29894b62a64479d,NOT REPORTED,INCLUDE,EXCLUDE,Outside defined quantitative estimands; retained in full descriptive extraction.,,1,,
AUDIT-0110,Pan 2023,Pan_2023,V34_B1_109,Group T — TEAS,Group C — control,TEAS,Usual care,Length of stay,Postoperative hospitalization time,Postoperative hospitalization,Unstated,52.0,53.0,4.1,2.3,4.1,1.5,,,days,Mean/SD,p. 816; Table 9,Postoperative hospitalization time 4.1±2.3 4.1±1.5 0.88,TEAS EA Verification/Source PDFs/getfile.php-4.pdf,7f51a98abb60112923a7996495bc8d143af74aa710175a70c29894b62a64479d,NOT REPORTED,INCLUDE,EXCLUDE,Outside defined quantitative estimands; retained in full descriptive extraction.,,1,,
AUDIT-0111,Pan 2023,Pan_2023,V34_B1_110,Group T — TEAS,Group C — control,TEAS,Usual care,Functional recovery,First postoperative water intake time,Postoperative,Unstated,52.0,53.0,,,,,,,minutes,Median/IQR,p. 816; Table 9,"First postoperative water intake time (min) 698.0 (389.8,900.5) 698.0 (494.5,946.0) 0.33",TEAS EA Verification/Source PDFs/getfile.php-4.pdf,7f51a98abb60112923a7996495bc8d143af74aa710175a70c29894b62a64479d,NOT REPORTED,NARRATIVE ONLY,HOLD,"No directly tabulated mean/SD or event/denominator for current quantitative body; preserve original statistic, no automatic median or graph conversion.",,1,,
AUDIT-0112,Pan 2023,Pan_2023,V34_B1_111,Group T — TEAS,Group C — control,TEAS,Usual care,Functional recovery,First solid food tolerance time,Postoperative,Unstated,52.0,53.0,,,,,,,minutes,Median/IQR,p. 816; Table 9,"First solid food tolerance time (min) 1207.5 (998.5,1414.5) 1328.0 (1133.5,1521.5) 0.02*",TEAS EA Verification/Source PDFs/getfile.php-4.pdf,7f51a98abb60112923a7996495bc8d143af74aa710175a70c29894b62a64479d,NOT REPORTED,NARRATIVE ONLY,HOLD,"No directly tabulated mean/SD or event/denominator for current quantitative body; preserve original statistic, no automatic median or graph conversion.",,1,,
AUDIT-0113,Pan 2023,Pan_2023,V34_B1_112,Group T — TEAS,Group C — control,TEAS,Usual care,Functional recovery,Removing the catheter time,Postoperative,Unstated,52.0,53.0,,,,,,,minutes,Median/IQR,p. 816; Table 9,"Removing the catheter time (min) 1389.0 (1015.0,2505.3) 1375.0 (1148.5,2400.0) 0.76",TEAS EA Verification/Source PDFs/getfile.php-4.pdf,7f51a98abb60112923a7996495bc8d143af74aa710175a70c29894b62a64479d,NOT REPORTED,NARRATIVE ONLY,HOLD,"No directly tabulated mean/SD or event/denominator for current quantitative body; preserve original statistic, no automatic median or graph conversion.",,1,,
AUDIT-0114,Pan 2023,Pan_2023,V34_B1_113,Group T — TEAS,Group C — control,TEAS,Usual care,Functional recovery,First postoperative implantation activity time,Postoperative,Unstated,52.0,53.0,,,,,,,minutes,Median/IQR,p. 816; Table 9,"First postoperative implantation activity time (min) 1253.0 (992.8,1496.3) 1360.0 (1019.0,1526.0) 0.40",TEAS EA Verification/Source PDFs/getfile.php-4.pdf,7f51a98abb60112923a7996495bc8d143af74aa710175a70c29894b62a64479d,"The source literally prints 'implantation activity'; this appears likely to be a wording error, but it is preserved verbatim and not silently corrected.",HOLD,HOLD,"Source ambiguity or unavailable required statistic: Source definition, timepoint, denominator, scale, statistic, or post-randomization subset requires adjudication; see raw source/QC.",,1,,
AUDIT-0115,Pan 2023,Pan_2023,V34_B1_114,Group T — TEAS,Group C — control,TEAS,Usual care,Quality of recovery,Physical comfort,24 h after operation,Unstated,52.0,53.0,54.6,2.8,52.3,3.6,,,QoR-40 points,Mean/SD,p. 816; Table 10,Physical comfort 54.6±2.8 52.3±3.6 0.00*,TEAS EA Verification/Source PDFs/getfile.php-4.pdf,7f51a98abb60112923a7996495bc8d143af74aa710175a70c29894b62a64479d,NOT REPORTED,INCLUDE,EXCLUDE,Outside defined quantitative estimands; retained in full descriptive extraction.,,1,,
AUDIT-0116,Pan 2023,Pan_2023,V34_B1_115,Group T — TEAS,Group C — control,TEAS,Usual care,Quality of recovery,Emotional state,24 h after operation,Unstated,52.0,53.0,41.7,2.3,39.7,2.9,,,QoR-40 points,Mean/SD,p. 816; Table 10,Emotional state 41.7±2.3 39.7±2.9 0.00*,TEAS EA Verification/Source PDFs/getfile.php-4.pdf,7f51a98abb60112923a7996495bc8d143af74aa710175a70c29894b62a64479d,NOT REPORTED,INCLUDE,EXCLUDE,Outside defined quantitative estimands; retained in full descriptive extraction.,,1,,
AUDIT-0117,Pan 2023,Pan_2023,V34_B1_116,Group T — TEAS,Group C — control,TEAS,Usual care,Quality of recovery,Physical independence,24 h after operation,Unstated,52.0,53.0,20.9,3.3,20.4,3.1,,,QoR-40 points,Mean/SD,p. 816; Table 10,Physical independence 20.9±3.3 20.4±3.1 0.37,TEAS EA Verification/Source PDFs/getfile.php-4.pdf,7f51a98abb60112923a7996495bc8d143af74aa710175a70c29894b62a64479d,NOT REPORTED,INCLUDE,EXCLUDE,Outside defined quantitative estimands; retained in full descriptive extraction.,,1,,
AUDIT-0118,Pan 2023,Pan_2023,V34_B1_117,Group T — TEAS,Group C — control,TEAS,Usual care,Quality of recovery,Psychological support,24 h after operation,Unstated,52.0,53.0,32.5,2.3,32.0,1.9,,,QoR-40 points,Mean/SD,p. 816; Table 10,Psychological support 32.5±2.3 32.0±1.9 0.19,TEAS EA Verification/Source PDFs/getfile.php-4.pdf,7f51a98abb60112923a7996495bc8d143af74aa710175a70c29894b62a64479d,NOT REPORTED,INCLUDE,EXCLUDE,Outside defined quantitative estimands; retained in full descriptive extraction.,,1,,
AUDIT-0119,Pan 2023,Pan_2023,V34_B1_118,Group T — TEAS,Group C — control,TEAS,Usual care,Quality of recovery,Pain subscale,24 h after operation,Unstated,52.0,53.0,32.9,1.3,32.0,1.5,,,QoR-40 points,Mean/SD,p. 816; Table 10,Pain 32.9±1.3 32.0±1.5 0.00*,TEAS EA Verification/Source PDFs/getfile.php-4.pdf,7f51a98abb60112923a7996495bc8d143af74aa710175a70c29894b62a64479d,NOT REPORTED,INCLUDE,EXCLUDE,Outside defined quantitative estimands; retained in full descriptive extraction.,,1,,
AUDIT-0120,Pan 2023,Pan_2023,V34_B1_119,Group T — TEAS,Group C — control,TEAS,Usual care,Quality of recovery,Total QoR-40 score,24 h after operation,Unstated,52.0,53.0,182.7,6.9,176.4,7.1,,,QoR-40 points,Mean/SD,p. 816; Table 10,Total score 182.7±6.9 176.4±7.1 0.00*,TEAS EA Verification/Source PDFs/getfile.php-4.pdf,7f51a98abb60112923a7996495bc8d143af74aa710175a70c29894b62a64479d,NOT REPORTED,INCLUDE,EXCLUDE,Outside defined quantitative estimands; retained in full descriptive extraction.,,1,,
AUDIT-0121,Lu 2022,Lu_2022,V34_B1_120,TEAS,Control,TEAS,Sham,Pain,VAS at rest,24 h after surgery,Available-case,47.0,47.0,,,,,,,VAS 0-10,Median/range,p. 2874; Table 3,"24 h after surgery: VAS at rest ... 2.2(0.0, 10.0) ... 1.2(0.0–8.1) 0.41",TEAS EA Verification/Source PDFs/getfile.php-3.pdf,83439ead7b747aa55a3be6aab468dc4350619651c2dfd0c516ffbf47d7b16f7c,"Table header states median (min, max).",NARRATIVE ONLY,HOLD,"No directly tabulated mean/SD or event/denominator for current quantitative body; preserve original statistic, no automatic median or graph conversion.",,1,,
AUDIT-0122,Lu 2022,Lu_2022,V34_B1_121,TEAS,Control,TEAS,Sham,Pain,VAS at cough,24 h after surgery,Available-case,47.0,47.0,,,,,,,VAS 0-10,Median/range,p. 2874; Table 3,"24 h after surgery: VAS at cough ... 5.8(0.4, 10.0) ... 5.5(1.4–10.0) 0.94",TEAS EA Verification/Source PDFs/getfile.php-3.pdf,83439ead7b747aa55a3be6aab468dc4350619651c2dfd0c516ffbf47d7b16f7c,"Table header states median (min, max).",NARRATIVE ONLY,HOLD,"No directly tabulated mean/SD or event/denominator for current quantitative body; preserve original statistic, no automatic median or graph conversion.",,1,,
AUDIT-0123,Lu 2022,Lu_2022,V34_B1_122,TEAS,Control,TEAS,Sham,Pain,VAS at rest,48 h after surgery,Available-case,47.0,47.0,,,,,,,VAS 0-10,Median/range,p. 2874; Table 3,"48 h after surgery: VAS at rest ... 1.2(0.0, 6.7) ... 1.6(0.0–6.0) 0.80",TEAS EA Verification/Source PDFs/getfile.php-3.pdf,83439ead7b747aa55a3be6aab468dc4350619651c2dfd0c516ffbf47d7b16f7c,"Table header states median (min, max).",NARRATIVE ONLY,HOLD,"No directly tabulated mean/SD or event/denominator for current quantitative body; preserve original statistic, no automatic median or graph conversion.",,1,,
AUDIT-0124,Lu 2022,Lu_2022,V34_B1_123,TEAS,Control,TEAS,Sham,Pain,VAS at cough,48 h after surgery,Available-case,47.0,47.0,,,,,,,VAS 0-10,Median/range,p. 2874; Table 3,"48 h after surgery: VAS at cough ... 5.0(0.3, 10.0) ... 5.0(0.7, 10.0) 0.98",TEAS EA Verification/Source PDFs/getfile.php-3.pdf,83439ead7b747aa55a3be6aab468dc4350619651c2dfd0c516ffbf47d7b16f7c,"Table header states median (min, max).",NARRATIVE ONLY,HOLD,"No directly tabulated mean/SD or event/denominator for current quantitative body; preserve original statistic, no automatic median or graph conversion.",,1,,
AUDIT-0125,Lu 2022,Lu_2022,V34_B1_124,TEAS,Control,TEAS,Sham,Pain,VAS at rest,72 h after surgery,Available-case,47.0,47.0,,,,,,,VAS 0-10,Median/range,p. 2874; Table 3,"72 h after surgery: VAS at rest ... 0.6(0.0, 5.0) ... 1.0(0.0, 6.2) 0.05",TEAS EA Verification/Source PDFs/getfile.php-3.pdf,83439ead7b747aa55a3be6aab468dc4350619651c2dfd0c516ffbf47d7b16f7c,"Table header states median (min, max).",NARRATIVE ONLY,HOLD,"No directly tabulated mean/SD or event/denominator for current quantitative body; preserve original statistic, no automatic median or graph conversion.",,1,,
AUDIT-0126,Lu 2022,Lu_2022,V34_B1_125,TEAS,Control,TEAS,Sham,Pain,VAS at cough,72 h after surgery,Available-case,47.0,47.0,,,,,,,VAS 0-10,Median/range,p. 2874; Table 3,"72 h after surgery: VAS at cough ... 3.5(0.1, 10.0) ... 4.0(0.3, 10.0) 0.33",TEAS EA Verification/Source PDFs/getfile.php-3.pdf,83439ead7b747aa55a3be6aab468dc4350619651c2dfd0c516ffbf47d7b16f7c,"Table header states median (min, max).",NARRATIVE ONLY,HOLD,"No directly tabulated mean/SD or event/denominator for current quantitative body; preserve original statistic, no automatic median or graph conversion.",,1,,
AUDIT-0127,Lu 2022,Lu_2022,V34_B1_126,TEAS,Control,TEAS,Sham,PONV,PONV incidence,24 h after surgery,Available-case,47.0,47.0,,,,,30.0,22.0,participants,Events/total,p. 2874; Table 3,"24 h after surgery: PONV, n (%) 30 ... 22 ... 0.17",TEAS EA Verification/Source PDFs/getfile.php-3.pdf,83439ead7b747aa55a3be6aab468dc4350619651c2dfd0c516ffbf47d7b16f7c,The paper reports these as PONV at each assessment time; it does not state that these are cumulative non-overlapping intervals.,INCLUDE,SENSITIVITY,Adds Lu2022 24h assessment; cumulative window not presumed in main body. v36: Liang2021 removed (no-stimulation control without sham procedure).,;ponv24_TEAS_sham_point_window_sensitivity,1,,
AUDIT-0128,Lu 2022,Lu_2022,V34_B1_127,TEAS,Control,TEAS,Sham,PONV,PONV incidence,48 h after surgery,Available-case,47.0,47.0,,,,,10.0,9.0,participants,Events/total,p. 2874; Table 3,"48 h after surgery: PONV, n (%) 10 ... 9 ... 0.76",TEAS EA Verification/Source PDFs/getfile.php-3.pdf,83439ead7b747aa55a3be6aab468dc4350619651c2dfd0c516ffbf47d7b16f7c,The paper reports these as PONV at each assessment time; it does not state that these are cumulative non-overlapping intervals.,INCLUDE,EXCLUDE,Outside defined quantitative estimands; retained in full descriptive extraction.,,1,,
AUDIT-0129,Lu 2022,Lu_2022,V34_B1_128,TEAS,Control,TEAS,Sham,PONV,PONV incidence,72 h after surgery,Available-case,47.0,47.0,,,,,8.0,4.0,participants,Events/total,p. 2874; Table 3,"72 h after surgery: PONV, n (%) 8 ... 4 ... 0.23",TEAS EA Verification/Source PDFs/getfile.php-3.pdf,83439ead7b747aa55a3be6aab468dc4350619651c2dfd0c516ffbf47d7b16f7c,The paper reports these as PONV at each assessment time; it does not state that these are cumulative non-overlapping intervals.,INCLUDE,EXCLUDE,Outside defined quantitative estimands; retained in full descriptive extraction.,,1,,
AUDIT-0130,Lu 2022,Lu_2022,V34_B1_129,TEAS,Control,TEAS,Sham,Quality of recovery,QoR-15 score,24 h after surgery,Available-case,47.0,47.0,,,,,,,QoR-15 points,Median/range,p. 2875; Table 3 (continued),"24 h after surgery 54.5(15.0, 92.0) 59.0(27.0, 136.0) 0.01 /",TEAS EA Verification/Source PDFs/getfile.php-3.pdf,83439ead7b747aa55a3be6aab468dc4350619651c2dfd0c516ffbf47d7b16f7c,"Major internal conflict: Results prose reports 24-h QoR-15 as 50.5 (IQR 42.3–61.8) vs 44.5 (IQR 35.0–57.0), P=0.04, whereas Table 3 reports the values in this row and labels them median (min,max). Both locations should be preserved; this extraction uses the table per protocol.",HOLD,HOLD,"Source ambiguity or unavailable required statistic: Source definition, timepoint, denominator, scale, statistic, or post-randomization subset requires adjudication; see raw source/QC.",,1,,
AUDIT-0131,Lu 2022,Lu_2022,V34_B1_130,TEAS,Control,TEAS,Sham,Quality of recovery,QoR-15 score,48 h after surgery,Available-case,47.0,47.0,,,,,,,QoR-15 points,Median/range,p. 2875; Table 3 (continued),"48 h after surgery 59.0(35.0, 104.0) 62.0(0.0, 130.0) 0.35 /",TEAS EA Verification/Source PDFs/getfile.php-3.pdf,83439ead7b747aa55a3be6aab468dc4350619651c2dfd0c516ffbf47d7b16f7c,"Table header states median (min, max).",NARRATIVE ONLY,HOLD,"No directly tabulated mean/SD or event/denominator for current quantitative body; preserve original statistic, no automatic median or graph conversion.",,1,,
AUDIT-0132,Lu 2022,Lu_2022,V34_B1_131,TEAS,Control,TEAS,Sham,Quality of recovery,QoR-15 score,72 h after surgery,Available-case,47.0,47.0,,,,,,,QoR-15 points,Median/range,p. 2875; Table 3 (continued),"72 h after surgery 67.0(31.0, 113.0) 67.0(11.0, 136.0) 0.75 /",TEAS EA Verification/Source PDFs/getfile.php-3.pdf,83439ead7b747aa55a3be6aab468dc4350619651c2dfd0c516ffbf47d7b16f7c,"Table header states median (min, max).",NARRATIVE ONLY,HOLD,"No directly tabulated mean/SD or event/denominator for current quantitative body; preserve original statistic, no automatic median or graph conversion.",,1,,
AUDIT-0133,Lu 2022,Lu_2022,V34_B1_132,TEAS,Control,TEAS,Sham,Opioid demand,PCA attempts,48 h after surgery,Available-case,47.0,47.0,,,,,,,PCA attempts,Median/range,p. 2874; Table 3,"48 h after surgery: PCA attempts 13.0(5.0, 22.0) 26.0(11.5, 45.5) 0.002",TEAS EA Verification/Source PDFs/getfile.php-3.pdf,83439ead7b747aa55a3be6aab468dc4350619651c2dfd0c516ffbf47d7b16f7c,Counts of button attempts; not opioid dose.,NARRATIVE ONLY,HOLD,"No directly tabulated mean/SD or event/denominator for current quantitative body; preserve original statistic, no automatic median or graph conversion.",,1,,
AUDIT-0134,Lu 2022,Lu_2022,V34_B1_133,TEAS,Control,TEAS,Sham,Opioid demand,Successful PCA deliveries,48 h after surgery,Available-case,47.0,47.0,,,,,,,PCA deliveries,Median/range,p. 2874; Table 3,"48 h after surgery: PCA deliveries 7.0(3.0, 14.0) 16.5(8.0, 35.0) 0.001",TEAS EA Verification/Source PDFs/getfile.php-3.pdf,83439ead7b747aa55a3be6aab468dc4350619651c2dfd0c516ffbf47d7b16f7c,Number of PCA deliveries; not opioid dose.,NARRATIVE ONLY,HOLD,"No directly tabulated mean/SD or event/denominator for current quantitative body; preserve original statistic, no automatic median or graph conversion.",,1,,
AUDIT-0135,Lu 2022,Lu_2022,V34_B1_134,TEAS,Control,TEAS,Sham,Opioid demand,PCA attempts,72 h after surgery,Available-case,47.0,47.0,,,,,,,PCA attempts,Median/range,p. 2874; Table 3,"72 h after surgery: PCA attempts 13.0(5.0, 24.0) 24.5(13.0, 46.0) 0.002",TEAS EA Verification/Source PDFs/getfile.php-3.pdf,83439ead7b747aa55a3be6aab468dc4350619651c2dfd0c516ffbf47d7b16f7c,Counts of button attempts; not opioid dose.,NARRATIVE ONLY,HOLD,"No directly tabulated mean/SD or event/denominator for current quantitative body; preserve original statistic, no automatic median or graph conversion.",,1,,
AUDIT-0136,Lu 2022,Lu_2022,V34_B1_135,TEAS,Control,TEAS,Sham,Opioid demand,Successful PCA deliveries,72 h after surgery,Available-case,47.0,47.0,,,,,,,PCA deliveries,Median/range,p. 2874; Table 3,"72 h after surgery: PCA deliveries 7.0(3.0, 20.0) 16.5(10.0, 36.0) 0.003",TEAS EA Verification/Source PDFs/getfile.php-3.pdf,83439ead7b747aa55a3be6aab468dc4350619651c2dfd0c516ffbf47d7b16f7c,Number of PCA deliveries; not opioid dose.,NARRATIVE ONLY,HOLD,"No directly tabulated mean/SD or event/denominator for current quantitative body; preserve original statistic, no automatic median or graph conversion.",,1,,
AUDIT-0137,Lu 2022,Lu_2022,V34_B1_136,TEAS,Control,TEAS,Sham,Functional recovery,Time to first oral intake of water,Postoperative,Available-case,47.0,47.0,33.5,22.3,28.9,17.5,,,hours,Mean/SD,p. 2874; Table 3,"Time to first oral intake of water, h 33.5±22.3 28.9±17.5 0.28 /",TEAS EA Verification/Source PDFs/getfile.php-3.pdf,83439ead7b747aa55a3be6aab468dc4350619651c2dfd0c516ffbf47d7b16f7c,NOT REPORTED,INCLUDE,EXCLUDE,Outside defined quantitative estimands; retained in full descriptive extraction.,,1,,
AUDIT-0139,Li 2021,Li_2021,V34_B1_138,Group T — TEAS,Group S — sham,TEAS,Sham,PONV,PONV occurrence,6 h post-OP,Unstated,140.0,140.0,,,,,51.0,100.0,participants,Events/total,p. 215; Table 5,6 h post-OP ... PONV occurred: 51 ... 100 ... 0.000**,TEAS EA Verification/Source PDFs/covidence_437_full_article.pdf,52c6875e2a79825acdfc51e806e848b8da74b70d9a854fcb8a042e264e1b5aca,These are assessment-time PONV occurrence counts as printed; the article does not relabel them as cumulative 0–x-hour windows.,INCLUDE,EXCLUDE,Outside defined quantitative estimands; retained in full descriptive extraction.,,1,,
AUDIT-0140,Li 2021,Li_2021,V34_B1_139,Group T — TEAS,Group S — sham,TEAS,Sham,Pain,Participants with postoperative VAS score ≥4,12 h post-OP,Unstated,140.0,140.0,,,,,45.0,54.0,participants,Events/total,p. 215; Table 5,12 h post-OP ... Postoperative VAS score ≥4: 45 ... 54 ... 0.261,TEAS EA Verification/Source PDFs/covidence_437_full_article.pdf,52c6875e2a79825acdfc51e806e848b8da74b70d9a854fcb8a042e264e1b5aca,"This is a dichotomized VAS threshold, not a continuous VAS score.",INCLUDE,EXCLUDE,Outside defined quantitative estimands; retained in full descriptive extraction.,,1,,
AUDIT-0141,Li 2021,Li_2021,V34_B1_140,Group T — TEAS,Group S — sham,TEAS,Sham,PONV,PONV occurrence,12 h post-OP,Unstated,140.0,140.0,,,,,54.0,81.0,participants,Events/total,p. 215; Table 5,12 h post-OP ... PONV occurred: 54 ... 81 ... 0.001**,TEAS EA Verification/Source PDFs/covidence_437_full_article.pdf,52c6875e2a79825acdfc51e806e848b8da74b70d9a854fcb8a042e264e1b5aca,These are assessment-time PONV occurrence counts as printed; the article does not relabel them as cumulative 0–x-hour windows.,INCLUDE,EXCLUDE,Outside defined quantitative estimands; retained in full descriptive extraction.,,1,,
AUDIT-0142,Li 2021,Li_2021,V34_B1_141,Group T — TEAS,Group S — sham,TEAS,Sham,Pain,Participants with postoperative VAS score ≥4,9 am on day 1,Unstated,140.0,140.0,,,,,14.0,6.0,participants,Events/total,p. 215; Table 5,9 am on day 1 ... Postoperative VAS score ≥4: 14 ... 6 ... 0.063,TEAS EA Verification/Source PDFs/covidence_437_full_article.pdf,52c6875e2a79825acdfc51e806e848b8da74b70d9a854fcb8a042e264e1b5aca,"This is a dichotomized VAS threshold, not a continuous VAS score.",INCLUDE,EXCLUDE,Outside defined quantitative estimands; retained in full descriptive extraction.,,1,,
AUDIT-0143,Li 2021,Li_2021,V34_B1_142,Group T — TEAS,Group S — sham,TEAS,Sham,PONV,PONV occurrence,9 am on day 1,Unstated,140.0,140.0,,,,,81.0,66.0,participants,Events/total,p. 215; Table 5,9 am on day 1 ... PONV occurred: 81 ... 66 ... 0.073,TEAS EA Verification/Source PDFs/covidence_437_full_article.pdf,52c6875e2a79825acdfc51e806e848b8da74b70d9a854fcb8a042e264e1b5aca,These are assessment-time PONV occurrence counts as printed; the article does not relabel them as cumulative 0–x-hour windows.,INCLUDE,EXCLUDE,Outside defined quantitative estimands; retained in full descriptive extraction.,,1,,
AUDIT-0144,Li 2021,Li_2021,V34_B1_143,Group T — TEAS,Group S — sham,TEAS,Sham,Pain,Participants with postoperative VAS score ≥4,3 pm on day 1,Unstated,140.0,140.0,,,,,26.0,25.0,participants,Events/total,p. 215; Table 5,3 pm on day 1 ... Postoperative VAS score ≥4: 26 ... 25 ... 0.877,TEAS EA Verification/Source PDFs/covidence_437_full_article.pdf,52c6875e2a79825acdfc51e806e848b8da74b70d9a854fcb8a042e264e1b5aca,"This is a dichotomized VAS threshold, not a continuous VAS score.",INCLUDE,EXCLUDE,Outside defined quantitative estimands; retained in full descriptive extraction.,,1,,
AUDIT-0145,Li 2021,Li_2021,V34_B1_144,Group T — TEAS,Group S — sham,TEAS,Sham,PONV,PONV occurrence,3 pm on day 1,Unstated,140.0,140.0,,,,,36.0,66.0,participants,Events/total,p. 215; Table 5,3 pm on day 1 ... PONV occurred: 36 ... 66 ... 0.000**,TEAS EA Verification/Source PDFs/covidence_437_full_article.pdf,52c6875e2a79825acdfc51e806e848b8da74b70d9a854fcb8a042e264e1b5aca,These are assessment-time PONV occurrence counts as printed; the article does not relabel them as cumulative 0–x-hour windows.,INCLUDE,EXCLUDE,Outside defined quantitative estimands; retained in full descriptive extraction.,,1,,
AUDIT-0146,Li 2021,Li_2021,V34_B1_145,Group T — TEAS,Group S — sham,TEAS,Sham,Pain,Participants with postoperative VAS score ≥4,9 am on day 2,Unstated,140.0,140.0,,,,,4.0,0.0,participants,Events/total,p. 215; Table 5,9 am on day 2 ... Postoperative VAS score ≥4: 4 ... 0 ... 0.122,TEAS EA Verification/Source PDFs/covidence_437_full_article.pdf,52c6875e2a79825acdfc51e806e848b8da74b70d9a854fcb8a042e264e1b5aca,"This is a dichotomized VAS threshold, not a continuous VAS score.",INCLUDE,EXCLUDE,Outside defined quantitative estimands; retained in full descriptive extraction.,,1,,
AUDIT-0147,Li 2021,Li_2021,V34_B1_146,Group T — TEAS,Group S — sham,TEAS,Sham,PONV,PONV occurrence,9 am on day 2,Unstated,140.0,140.0,,,,,50.0,56.0,participants,Events/total,p. 215; Table 5,9 am on day 2 ... PONV occurred: 50 ... 56 ... 0.460,TEAS EA Verification/Source PDFs/covidence_437_full_article.pdf,52c6875e2a79825acdfc51e806e848b8da74b70d9a854fcb8a042e264e1b5aca,These are assessment-time PONV occurrence counts as printed; the article does not relabel them as cumulative 0–x-hour windows.,INCLUDE,EXCLUDE,Outside defined quantitative estimands; retained in full descriptive extraction.,,1,,
AUDIT-0148,Li 2021,Li_2021,V34_B1_147,Group T — TEAS,Group S — sham,TEAS,Sham,Pain,Participants with postoperative VAS score ≥4,3 pm on day 2,Unstated,140.0,140.0,,,,,7.0,7.0,participants,Events/total,p. 215; Table 5,3 pm on day 2 ... Postoperative VAS score ≥4: 7 ... 7 ... 1.000,TEAS EA Verification/Source PDFs/covidence_437_full_article.pdf,52c6875e2a79825acdfc51e806e848b8da74b70d9a854fcb8a042e264e1b5aca,"This is a dichotomized VAS threshold, not a continuous VAS score.",INCLUDE,EXCLUDE,Outside defined quantitative estimands; retained in full descriptive extraction.,,1,,
AUDIT-0149,Li 2021,Li_2021,V34_B1_148,Group T — TEAS,Group S — sham,TEAS,Sham,PONV,PONV occurrence,3 pm on day 2,Unstated,140.0,140.0,,,,,55.0,55.0,participants,Events/total,p. 215; Table 5,3 pm on day 2 ... PONV occurred: 55 ... 55 ... 1.000,TEAS EA Verification/Source PDFs/covidence_437_full_article.pdf,52c6875e2a79825acdfc51e806e848b8da74b70d9a854fcb8a042e264e1b5aca,These are assessment-time PONV occurrence counts as printed; the article does not relabel them as cumulative 0–x-hour windows.,INCLUDE,EXCLUDE,Outside defined quantitative estimands; retained in full descriptive extraction.,,1,,
AUDIT-0150,Li 2021,Li_2021,V34_B1_149,Group T — TEAS,Group S — sham,TEAS,Sham,Length of stay,Length of postoperative hospital stay,From date of surgery to discharge,Unstated,140.0,140.0,6.2,3.3,8.1,3.6,,,days,Mean/SD,p. 215; Table 6,Group T (n = 140) 6.2 ± 3.3** ... Group S (n = 140) 8.1 ± 3.6,TEAS EA Verification/Source PDFs/covidence_437_full_article.pdf,52c6875e2a79825acdfc51e806e848b8da74b70d9a854fcb8a042e264e1b5aca,Table 6 uses ** and footnote **P <0.01 vs group S rather than a numeric exact P value.,INCLUDE,EXCLUDE,Outside defined quantitative estimands; retained in full descriptive extraction.,,1,,
AUDIT-0151,Gu 2019,Gu_2019,V34_B2_001,Long-duration TEAS (L-TEAS),Placebo/no-current TEAS (C-TEAS),TEAS,Sham,Pain,VAS pain intensity,4 h,Available-case/completer analysis,58.0,59.0,2.79,0.48,3.41,0.62,,,VAS 0-10,Mean/SD,p. 15 (results text); Fig. 3 on p. 14; Results §3.2 + Figure 3,VAS at 4 h: 2.79 ± 0.48 vs 3.41 ± 0.62.,TEAS EA Verification/Source PDFs/covidence_1471_full_article.pdf,b6fb0c0901f5f6716bd6cc6facc06f0844dca5c5e9d357527f55936d5de0aa33,Exact P value is not printed; source reports P<0.05.,INCLUDE,EXCLUDE,Outside defined quantitative estimands; retained in full descriptive extraction.,,1,,
AUDIT-0152,Gu 2019,Gu_2019,V34_B2_002,Long-duration TEAS (L-TEAS),Placebo/no-current TEAS (C-TEAS),TEAS,Sham,Pain,VAS pain intensity,8 h,Available-case/completer analysis,58.0,59.0,2.65,0.42,3.17,0.49,,,VAS 0-10,Mean/SD,p. 15 (results text); Fig. 3 on p. 14; Results §3.2 + Figure 3,VAS at 8 h: 2.65 ± 0.42 vs 3.17 ± 0.49.,TEAS EA Verification/Source PDFs/covidence_1471_full_article.pdf,b6fb0c0901f5f6716bd6cc6facc06f0844dca5c5e9d357527f55936d5de0aa33,Exact P value is not printed; source reports P<0.05.,INCLUDE,EXCLUDE,Outside defined quantitative estimands; retained in full descriptive extraction.,,1,,
AUDIT-0153,Gu 2019,Gu_2019,V34_B2_003,Long-duration TEAS (L-TEAS),Placebo/no-current TEAS (C-TEAS),TEAS,Sham,Pain,VAS pain intensity,16 h,Available-case/completer analysis,58.0,59.0,,,,,,,VAS 0-10,Graph only,p. 14; Figure 3,Figure 3 includes T3/T5 = 16 h after operation.,TEAS EA Verification/Source PDFs/covidence_1471_full_article.pdf,b6fb0c0901f5f6716bd6cc6facc06f0844dca5c5e9d357527f55936d5de0aa33,No exact numeric values are printed; do not estimate from bar height.,GRAPH ONLY,HOLD,"No directly tabulated mean/SD or event/denominator for current quantitative body; preserve original statistic, no automatic median or graph conversion.",,1,,
AUDIT-0154,Gu 2019,Gu_2019,V34_B2_004,Long-duration TEAS (L-TEAS),Placebo/no-current TEAS (C-TEAS),TEAS,Sham,Pain,VAS pain intensity,36 h,Available-case/completer analysis,58.0,59.0,,,,,,,VAS 0-10,Graph only,p. 14; Figure 3,Figure 3 includes T3/T5 = 36 h after operation.,TEAS EA Verification/Source PDFs/covidence_1471_full_article.pdf,b6fb0c0901f5f6716bd6cc6facc06f0844dca5c5e9d357527f55936d5de0aa33,No exact numeric values are printed; do not estimate from bar height.,GRAPH ONLY,HOLD,"No directly tabulated mean/SD or event/denominator for current quantitative body; preserve original statistic, no automatic median or graph conversion.",,1,,
AUDIT-0155,Gu 2019,Gu_2019,V34_B2_005,Long-duration TEAS (L-TEAS),Placebo/no-current TEAS (C-TEAS),TEAS,Sham,Opioid demand,Cumulative multimodal PCIA solution consumed,16 h,Available-case/completer analysis,58.0,59.0,,,,,,,mL of multimodal PCIA solution,Graph only,p. 14; Figure 4,Figure 4 reports analgesics consumption at T1-T5; T3 is 16 h.,TEAS EA Verification/Source PDFs/covidence_1471_full_article.pdf,b6fb0c0901f5f6716bd6cc6facc06f0844dca5c5e9d357527f55936d5de0aa33,"No exact numeric 16-h value is printed. PCIA contains sufentanil plus dexmedetomidine, flurbiprofen and palonosetron; do not label solution volume as pure opioid mass.",GRAPH ONLY,HOLD,"No directly tabulated mean/SD or event/denominator for current quantitative body; preserve original statistic, no automatic median or graph conversion.",,1,,
AUDIT-0156,Gu 2019,Gu_2019,V34_B2_006,Long-duration TEAS (L-TEAS),Placebo/no-current TEAS (C-TEAS),TEAS,Sham,PONV,Any postoperative nausea and/or vomiting (PONV),Postoperative follow-up; exact window not stated,Available-case/completer analysis,58.0,59.0,,,,,7.0,19.0,participants,Events/total,p. 15; Figure 5,Figure 5 labels 19 PONV cases in C-TEAS and 7 in L-TEAS.,TEAS EA Verification/Source PDFs/covidence_1471_full_article.pdf,b6fb0c0901f5f6716bd6cc6facc06f0844dca5c5e9d357527f55936d5de0aa33,"Results text reports 12% vs 32.2%; these match 7/58 and 19/59. The exact observation window is not stated, although discussion says most PONV occurred within 24 h.",HOLD,HOLD,"Source ambiguity or unavailable required statistic: Source definition, timepoint, denominator, scale, statistic, or post-randomization subset requires adjudication; see raw source/QC.",,1,,
AUDIT-0157,Gu 2019,Gu_2019,V34_B2_007,Long-duration TEAS (L-TEAS),Placebo/no-current TEAS (C-TEAS),TEAS,Sham,Patient satisfaction,Very satisfied,36 h postoperatively,Available-case/completer analysis,58.0,59.0,,,,,32.0,9.0,participants,Events/total,p. 15; Table 4,Very satisfied: L-TEAS 32/58; C-TEAS 9/59.,TEAS EA Verification/Source PDFs/covidence_1471_full_article.pdf,b6fb0c0901f5f6716bd6cc6facc06f0844dca5c5e9d357527f55936d5de0aa33,"Table 4 category counts are internally coherent, but Results text reports 'moderately satisfied and above' 67.3% vs 42.4%, which does not reconcile with the table. Do not use that composite without adjudication.",INCLUDE,EXCLUDE,Outside defined quantitative estimands; retained in full descriptive extraction.,,1,,
AUDIT-0158,Gu 2019,Gu_2019,V34_B2_008,Long-duration TEAS (L-TEAS),Placebo/no-current TEAS (C-TEAS),TEAS,Sham,Patient satisfaction,Satisfied,36 h postoperatively,Available-case/completer analysis,58.0,59.0,,,,,19.0,32.0,participants,Events/total,p. 15; Table 4,Satisfied: L-TEAS 19/58; C-TEAS 32/59.,TEAS EA Verification/Source PDFs/covidence_1471_full_article.pdf,b6fb0c0901f5f6716bd6cc6facc06f0844dca5c5e9d357527f55936d5de0aa33,"Table 4 category counts are internally coherent, but Results text reports 'moderately satisfied and above' 67.3% vs 42.4%, which does not reconcile with the table. Do not use that composite without adjudication.",INCLUDE,EXCLUDE,Outside defined quantitative estimands; retained in full descriptive extraction.,,1,,
AUDIT-0159,Gu 2019,Gu_2019,V34_B2_009,Long-duration TEAS (L-TEAS),Placebo/no-current TEAS (C-TEAS),TEAS,Sham,Patient satisfaction,Moderately satisfied,36 h postoperatively,Available-case/completer analysis,58.0,59.0,,,,,7.0,16.0,participants,Events/total,p. 15; Table 4,Moderately satisfied: L-TEAS 7/58; C-TEAS 16/59.,TEAS EA Verification/Source PDFs/covidence_1471_full_article.pdf,b6fb0c0901f5f6716bd6cc6facc06f0844dca5c5e9d357527f55936d5de0aa33,"Table 4 category counts are internally coherent, but Results text reports 'moderately satisfied and above' 67.3% vs 42.4%, which does not reconcile with the table. Do not use that composite without adjudication.",INCLUDE,EXCLUDE,Outside defined quantitative estimands; retained in full descriptive extraction.,,1,,
AUDIT-0160,Gu 2019,Gu_2019,V34_B2_010,Long-duration TEAS (L-TEAS),Placebo/no-current TEAS (C-TEAS),TEAS,Sham,Patient satisfaction,Not satisfied,36 h postoperatively,Available-case/completer analysis,58.0,59.0,,,,,0.0,2.0,participants,Events/total,p. 15; Table 4,Not satisfied: L-TEAS 0/58; C-TEAS 2/59.,TEAS EA Verification/Source PDFs/covidence_1471_full_article.pdf,b6fb0c0901f5f6716bd6cc6facc06f0844dca5c5e9d357527f55936d5de0aa33,"Table 4 category counts are internally coherent, but Results text reports 'moderately satisfied and above' 67.3% vs 42.4%, which does not reconcile with the table. Do not use that composite without adjudication.",INCLUDE,EXCLUDE,Outside defined quantitative estimands; retained in full descriptive extraction.,,1,,
AUDIT-0161,Huang 2025,Huang_2025,V34_B2_011,Postoperative EA + ERAS,ERAS/standard care,EA,Usual care,Pain,VAS pain score,24 h,Available-case/completer analysis,43.0,45.0,,,,,,,VAS 0-10,Median/range,p. 2749; Table 4,Postoperative 24 h: VAS 5 (3-7) vs 6 (4-8).,TEAS EA Verification/Source PDFs/covidence_131_verified.pdf,9868368dc35509a1f6a7618e93e28e16831aeb38eb1f3418ce56f55ecc8dd9fa,"Table explicitly labels dispersion as min-max, not IQR.",NARRATIVE ONLY,HOLD,"No directly tabulated mean/SD or event/denominator for current quantitative body; preserve original statistic, no automatic median or graph conversion.",,1,,
AUDIT-0162,Huang 2025,Huang_2025,V34_B2_012,Postoperative EA + ERAS,ERAS/standard care,EA,Usual care,Pain,VAS pain score,48 h,Available-case/completer analysis,43.0,45.0,,,,,,,VAS 0-10,Median/range,p. 2749; Table 4,Postoperative 48 h: VAS 3 (1-5) vs 4 (1-7).,TEAS EA Verification/Source PDFs/covidence_131_verified.pdf,9868368dc35509a1f6a7618e93e28e16831aeb38eb1f3418ce56f55ecc8dd9fa,"Table explicitly labels dispersion as min-max, not IQR.",NARRATIVE ONLY,HOLD,"No directly tabulated mean/SD or event/denominator for current quantitative body; preserve original statistic, no automatic median or graph conversion.",,1,,
AUDIT-0163,Huang 2025,Huang_2025,V34_B2_013,Postoperative EA + ERAS,ERAS/standard care,EA,Usual care,Pain,VAS pain score,72 h,Available-case/completer analysis,43.0,45.0,,,,,,,VAS 0-10,Median/range,p. 2749; Table 4,Postoperative 72 h: VAS 2 (1-4) vs 3 (1-5).,TEAS EA Verification/Source PDFs/covidence_131_verified.pdf,9868368dc35509a1f6a7618e93e28e16831aeb38eb1f3418ce56f55ecc8dd9fa,"Table explicitly labels dispersion as min-max, not IQR.",NARRATIVE ONLY,HOLD,"No directly tabulated mean/SD or event/denominator for current quantitative body; preserve original statistic, no automatic median or graph conversion.",,1,,
AUDIT-0164,Huang 2025,Huang_2025,V34_B2_014,Postoperative EA + ERAS,ERAS/standard care,EA,Usual care,GI recovery,I-FEED score,24 h,Available-case/completer analysis,43.0,45.0,,,,,,,I-FEED score,Median/range,p. 2749; Table 4,Postoperative 24 h: I-FEED 3 (2-4) vs 3 (2-4).,TEAS EA Verification/Source PDFs/covidence_131_verified.pdf,9868368dc35509a1f6a7618e93e28e16831aeb38eb1f3418ce56f55ecc8dd9fa,Table explicitly labels dispersion as min-max. Equal medians at 24 h do not invalidate the reported rank-test P value.,NARRATIVE ONLY,HOLD,"No directly tabulated mean/SD or event/denominator for current quantitative body; preserve original statistic, no automatic median or graph conversion.",,1,,
AUDIT-0165,Huang 2025,Huang_2025,V34_B2_015,Postoperative EA + ERAS,ERAS/standard care,EA,Usual care,GI recovery,I-FEED score,48 h,Available-case/completer analysis,43.0,45.0,,,,,,,I-FEED score,Median/range,p. 2749; Table 4,Postoperative 48 h: I-FEED 2 (0-2) vs 2 (1-3).,TEAS EA Verification/Source PDFs/covidence_131_verified.pdf,9868368dc35509a1f6a7618e93e28e16831aeb38eb1f3418ce56f55ecc8dd9fa,Table explicitly labels dispersion as min-max. Equal medians at 24 h do not invalidate the reported rank-test P value.,NARRATIVE ONLY,HOLD,"No directly tabulated mean/SD or event/denominator for current quantitative body; preserve original statistic, no automatic median or graph conversion.",,1,,
AUDIT-0166,Huang 2025,Huang_2025,V34_B2_016,Postoperative EA + ERAS,ERAS/standard care,EA,Usual care,GI recovery,I-FEED score,72 h,Available-case/completer analysis,43.0,45.0,,,,,,,I-FEED score,Median/range,p. 2749; Table 4,Postoperative 72 h: I-FEED 1 (0-2) vs 2 (1-3).,TEAS EA Verification/Source PDFs/covidence_131_verified.pdf,9868368dc35509a1f6a7618e93e28e16831aeb38eb1f3418ce56f55ecc8dd9fa,Table explicitly labels dispersion as min-max. Equal medians at 24 h do not invalidate the reported rank-test P value.,NARRATIVE ONLY,HOLD,"No directly tabulated mean/SD or event/denominator for current quantitative body; preserve original statistic, no automatic median or graph conversion.",,1,,
AUDIT-0167,Huang 2025,Huang_2025,V34_B2_017,Postoperative EA + ERAS,ERAS/standard care,EA,Usual care,Quality of recovery,QoR-40 total score,Day of discharge,Available-case/completer analysis,43.0,45.0,,,,,,,QoR-40 points,Median/range,p. 2749; Table 4,QoR-40 at discharge: 196 (192-198) vs 192 (188-198).,TEAS EA Verification/Source PDFs/covidence_131_verified.pdf,9868368dc35509a1f6a7618e93e28e16831aeb38eb1f3418ce56f55ecc8dd9fa,Table shows a higher EA score; Results prose incorrectly says QoR-40 scores were 'lower' in EA. Higher QoR-40 indicates better recovery.,NARRATIVE ONLY,HOLD,"No directly tabulated mean/SD or event/denominator for current quantitative body; preserve original statistic, no automatic median or graph conversion.",,1,,
AUDIT-0168,Huang 2025,Huang_2025,V34_B2_018,Postoperative EA + ERAS,ERAS/standard care,EA,Usual care,Length of stay,Hospital length of stay,Postoperative hospitalization,Available-case/completer analysis,43.0,45.0,6.1,1.7,6.2,1.3,,,days,Mean/SD,p. 2749; Table 4,Length of hospital stay: 6.1 (1.7) vs 6.2 (1.3) days.,TEAS EA Verification/Source PDFs/covidence_131_verified.pdf,9868368dc35509a1f6a7618e93e28e16831aeb38eb1f3418ce56f55ecc8dd9fa,Table header states mean (SD).,INCLUDE,EXCLUDE,Outside defined quantitative estimands; retained in full descriptive extraction.,,1,,
AUDIT-0169,Huang 2025,Huang_2025,V34_B2_019,Postoperative EA + ERAS,ERAS/standard care,EA,Usual care,PONV,Vomiting,Postoperative,Available-case/completer analysis,43.0,45.0,,,,,3.0,9.0,participants,Events/total,p. 2749; Table 4,Vomiting: 3/43 vs 9/45.,TEAS EA Verification/Source PDFs/covidence_131_verified.pdf,9868368dc35509a1f6a7618e93e28e16831aeb38eb1f3418ce56f55ecc8dd9fa,Table gives postoperative vomiting without a more specific clock-time label.,INCLUDE,EXCLUDE,Outside defined quantitative estimands; retained in full descriptive extraction.,,1,,
AUDIT-0170,Huang 2025,Huang_2025,V34_B2_020,Postoperative EA + ERAS,ERAS/standard care,EA,Usual care,Rescue analgesia,Use of additional analgesic,Postoperative,Available-case/completer analysis,43.0,45.0,,,,,1.0,4.0,participants,Events/total,p. 2749; Table 4,Use of additional analgesic: 1/43 vs 4/45.,TEAS EA Verification/Source PDFs/covidence_131_verified.pdf,9868368dc35509a1f6a7618e93e28e16831aeb38eb1f3418ce56f55ecc8dd9fa,Methods specify ketorolac tromethamine 30 mg IM for VAS≥6 or patient request within 24 h.,INCLUDE,EXCLUDE,Outside defined quantitative estimands; retained in full descriptive extraction.,,1,,
AUDIT-0171,Huang 2025,Huang_2025,V34_B2_021,Postoperative EA + ERAS,ERAS/standard care,EA,Usual care,GI adverse event,Bowel obstruction,Postoperative,Available-case/completer analysis,43.0,45.0,,,,,1.0,0.0,participants,Events/total,p. 2749; Table 4,Bowel obstruction: 1/43 vs 0/45.,TEAS EA Verification/Source PDFs/covidence_131_verified.pdf,9868368dc35509a1f6a7618e93e28e16831aeb38eb1f3418ce56f55ecc8dd9fa,Postoperative bowel obstruction.,INCLUDE,EXCLUDE,Outside defined quantitative estimands; retained in full descriptive extraction.,,1,,
AUDIT-0172,Huang 2025,Huang_2025,V34_B2_022,Postoperative EA + ERAS,ERAS/standard care,EA,Usual care,Adverse events,Serious adverse events or fatalities,Study follow-up,Available-case/completer analysis,43.0,45.0,,,,,0.0,0.0,participants,Events/total,p. 2748; Results text,"In both arms, there were no serious adverse events or fatalities.",TEAS EA Verification/Source PDFs/covidence_131_verified.pdf,9868368dc35509a1f6a7618e93e28e16831aeb38eb1f3418ce56f55ecc8dd9fa,The article also states no serious adverse events or complications related to the EA procedure were recorded.,INCLUDE,EXCLUDE,Outside defined quantitative estimands; retained in full descriptive extraction.,,1,,
AUDIT-0173,Gao 2021,Gao_2021,V34_B2_023,Postoperative TEAS,Sham/no-current TEAS,TEAS,Sham,GI recovery,Time to first bowel sounds,Postoperative,Intention-to-treat; all randomized patients,303.0,307.0,41.4,22.6,46.0,24.1,,,hours,Mean/SD,p. 1623; Table III,Time to first bowel sounds: 41.4 ± 22.6 vs 46.0 ± 24.1.,TEAS EA Verification/Source PDFs/covidence_400_full_article.pdf,9dccc7912cf6c84c466abdf8e09b879b53113bafa6d3d72306ad087bdc48e18a,NOT REPORTED,INCLUDE,INCLUDE,Leave-out diagnostic: Zheng2025 printed SD/P internal inconsistency unresolved; not a replacement body.,;bowelsounds_TEAS_sham;bowelsounds_TEAS_sham_without_Zheng2025,1,,
AUDIT-0174,Gao 2021,Gao_2021,V34_B2_024,Postoperative TEAS,Sham/no-current TEAS,TEAS,Sham,Pain,Abdominal pain score,Postoperative 72 h,Intention-to-treat; all randomized patients,303.0,307.0,1.4,1.4,1.3,1.5,,,Score; scale not defined in main article,Mean/SD,p. 1623; Table III,Abdominal pain score: 1.4 ± 1.4 vs 1.3 ± 1.5.,TEAS EA Verification/Source PDFs/covidence_400_full_article.pdf,9dccc7912cf6c84c466abdf8e09b879b53113bafa6d3d72306ad087bdc48e18a,Main article states symptom scores/vomiting were assessed at postoperative 72 h.,HOLD,HOLD,"Source ambiguity or unavailable required statistic: Source definition, timepoint, denominator, scale, statistic, or post-randomization subset requires adjudication; see raw source/QC.",,1,,
AUDIT-0175,Gao 2021,Gao_2021,V34_B2_025,Postoperative TEAS,Sham/no-current TEAS,TEAS,Sham,GI symptoms,Distention score,Postoperative 72 h,Intention-to-treat; all randomized patients,303.0,307.0,1.6,0.9,1.6,0.9,,,Score; scale not defined in main article,Mean/SD,p. 1623; Table III,Distention score: 1.6 ± 0.9 vs 1.6 ± 0.9.,TEAS EA Verification/Source PDFs/covidence_400_full_article.pdf,9dccc7912cf6c84c466abdf8e09b879b53113bafa6d3d72306ad087bdc48e18a,Main article states symptom scores/vomiting were assessed at postoperative 72 h.,HOLD,HOLD,"Source ambiguity or unavailable required statistic: Source definition, timepoint, denominator, scale, statistic, or post-randomization subset requires adjudication; see raw source/QC.",,1,,
AUDIT-0176,Gao 2021,Gao_2021,V34_B2_026,Postoperative TEAS,Sham/no-current TEAS,TEAS,Sham,PONV,Nausea score,Postoperative 72 h,Intention-to-treat; all randomized patients,303.0,307.0,1.0,1.6,1.1,1.7,,,Score; scale not defined in main article,Mean/SD,p. 1623; Table III,Nausea score: 1.0 ± 1.6 vs 1.1 ± 1.7.,TEAS EA Verification/Source PDFs/covidence_400_full_article.pdf,9dccc7912cf6c84c466abdf8e09b879b53113bafa6d3d72306ad087bdc48e18a,Main article states symptom scores/vomiting were assessed at postoperative 72 h.,HOLD,HOLD,"Source ambiguity or unavailable required statistic: Source definition, timepoint, denominator, scale, statistic, or post-randomization subset requires adjudication; see raw source/QC.",,1,,
AUDIT-0177,Gao 2021,Gao_2021,V34_B2_027,Postoperative TEAS,Sham/no-current TEAS,TEAS,Sham,PONV,Number of vomiting episodes,Postoperative 72 h,Intention-to-treat; all randomized patients,303.0,307.0,0.0,0.5,0.0,0.1,,,episodes,Mean/SD,p. 1623; Table III,Number of vomiting episodes: 0.0 ± 0.5 vs 0.0 ± 0.1.,TEAS EA Verification/Source PDFs/covidence_400_full_article.pdf,9dccc7912cf6c84c466abdf8e09b879b53113bafa6d3d72306ad087bdc48e18a,Main article states symptom scores/vomiting were assessed at postoperative 72 h.,INCLUDE,EXCLUDE,Outside defined quantitative estimands; retained in full descriptive extraction.,,1,,
AUDIT-0178,Jiang 2026,Jiang_2026,V34_B2_028,Perioperative TEAS,Sham/no-current TEAS,TEAS,Sham,GI recovery,Time to first defecation,Postoperative,Per-protocol for secondary outcomes,294.0,293.0,,,,,,,hours,Median/IQR,PDF p. 5; Table 4,Time to defecation: 41.2 (38.5-45.0) vs 46.0 (42.0-52.0) h.,TEAS EA Verification/Source PDFs/study_4_Jiang_2026.pdf,a980f1476ff869174b7b605dbceff078e5885e02049ca2ea0b95cc19e2a5ac66,The effect CI is printed in descending numerical order (−3.8 to −6.0); preserved verbatim.,NARRATIVE ONLY,HOLD,"No directly tabulated mean/SD or event/denominator for current quantitative body; preserve original statistic, no automatic median or graph conversion.",,1,,
AUDIT-0179,Jiang 2026,Jiang_2026,V34_B2_029,Perioperative TEAS,Sham/no-current TEAS,TEAS,Sham,Pain,NRS pain score,"AMBIGUOUS — single summary; Methods planned 6 h, 24 h and 48 h",Per-protocol for secondary outcomes,294.0,293.0,,,,,,,NRS 0-10,Median/IQR,PDF p. 3; Results §3.3,"NRS pain score, 3 [2,3] vs 3 [2-3.5], p=0.026.",TEAS EA Verification/Source PDFs/study_4_Jiang_2026.pdf,a980f1476ff869174b7b605dbceff078e5885e02049ca2ea0b95cc19e2a5ac66,"The paper prespecifies NRS at 6, 24 and 48 h but reports only this one numerical summary without identifying which timepoint it represents. Do not relabel as 24 h.",HOLD,HOLD,"Source ambiguity or unavailable required statistic: Source definition, timepoint, denominator, scale, statistic, or post-randomization subset requires adjudication; see raw source/QC.",,1,,
AUDIT-0180,Jiang 2026,Jiang_2026,V34_B2_030,Perioperative TEAS,Sham/no-current TEAS,TEAS,Sham,GI adverse event,Abdominal distention incidence,Postoperative,Per-protocol for secondary outcomes,294.0,293.0,,,,,62.0,87.0,participants,Events/total,PDF p. 5; Table 4,Abdominal distention: 62 (21.1%) vs 87 (29.7%).,TEAS EA Verification/Source PDFs/study_4_Jiang_2026.pdf,a980f1476ff869174b7b605dbceff078e5885e02049ca2ea0b95cc19e2a5ac66,NOT REPORTED,INCLUDE,EXCLUDE,Outside defined quantitative estimands; retained in full descriptive extraction.,,1,,
AUDIT-0181,Jiang 2026,Jiang_2026,V34_B2_031,Perioperative TEAS,Sham/no-current TEAS,TEAS,Sham,Healthcare utilization,Hospital cost,Hospitalization,Per-protocol for secondary outcomes,294.0,293.0,,,,,,,Chinese yuan,Median/IQR,PDF p. 5; Table 4,Hospital cost: 22646.44 (...) vs 21957.81 (...) CNY.,TEAS EA Verification/Source PDFs/study_4_Jiang_2026.pdf,a980f1476ff869174b7b605dbceff078e5885e02049ca2ea0b95cc19e2a5ac66,The printed effect estimate direction does not equal the raw median difference; preserve as printed and do not recompute silently.,NARRATIVE ONLY,HOLD,"No directly tabulated mean/SD or event/denominator for current quantitative body; preserve original statistic, no automatic median or graph conversion.",,1,,
AUDIT-0182,Jiang 2026,Jiang_2026,V34_B2_032,Perioperative TEAS,Sham/no-current TEAS,TEAS,Sham,Length of stay,Postoperative hospital stay,Postoperative hospitalization,Per-protocol for secondary outcomes,294.0,293.0,,,,,,,days,Median/IQR,PDF p. 5; Table 4,Postoperative hospital stay: 3.0 (2-4) vs 3.0 (2-4) days.,TEAS EA Verification/Source PDFs/study_4_Jiang_2026.pdf,a980f1476ff869174b7b605dbceff078e5885e02049ca2ea0b95cc19e2a5ac66,NOT REPORTED,NARRATIVE ONLY,HOLD,"No directly tabulated mean/SD or event/denominator for current quantitative body; preserve original statistic, no automatic median or graph conversion.",,1,,
AUDIT-0183,Jiang 2026,Jiang_2026,V34_B2_033,Perioperative TEAS,Sham/no-current TEAS,TEAS,Sham,Adverse events,Any postoperative complication/adverse event,Study follow-up,Per-protocol for secondary outcomes,294.0,293.0,,,,,8.0,7.0,participants,Events/total,PDF p. 5; Table 5,Any postoperative complication/adverse event: 8/294 vs 7/293.,TEAS EA Verification/Source PDFs/study_4_Jiang_2026.pdf,a980f1476ff869174b7b605dbceff078e5885e02049ca2ea0b95cc19e2a5ac66,Do not pool the overall adverse-event row together with its component rows in the same analysis.,INCLUDE,EXCLUDE,Outside defined quantitative estimands; retained in full descriptive extraction.,,1,,
AUDIT-0184,Jiang 2026,Jiang_2026,V34_B2_034,Perioperative TEAS,Sham/no-current TEAS,TEAS,Sham,Adverse events,Severe adverse events,Study follow-up,Per-protocol for secondary outcomes,294.0,293.0,,,,,0.0,0.0,participants,Events/total,PDF p. 5; Table 5,Severe adverse events: 0/294 vs 0/293.,TEAS EA Verification/Source PDFs/study_4_Jiang_2026.pdf,a980f1476ff869174b7b605dbceff078e5885e02049ca2ea0b95cc19e2a5ac66,NOT REPORTED,INCLUDE,EXCLUDE,Outside defined quantitative estimands; retained in full descriptive extraction.,,1,,
AUDIT-0185,Jiang 2026,Jiang_2026,V34_B2_035,Perioperative TEAS,Sham/no-current TEAS,TEAS,Sham,Adverse events,Subcutaneous hematoma,Study follow-up,Per-protocol for secondary outcomes,294.0,293.0,,,,,0.0,0.0,participants,Events/total,PDF p. 5; Table 5,Subcutaneous hematoma: 0/294 vs 0/293.,TEAS EA Verification/Source PDFs/study_4_Jiang_2026.pdf,a980f1476ff869174b7b605dbceff078e5885e02049ca2ea0b95cc19e2a5ac66,NOT REPORTED,INCLUDE,EXCLUDE,Outside defined quantitative estimands; retained in full descriptive extraction.,,1,,
AUDIT-0186,Jiang 2026,Jiang_2026,V34_B2_036,Perioperative TEAS,Sham/no-current TEAS,TEAS,Sham,Adverse events,Rubefaction,Study follow-up,Per-protocol for secondary outcomes,294.0,293.0,,,,,6.0,6.0,participants,Events/total,PDF p. 5; Table 5,Rubefaction: 6/294 vs 6/293.,TEAS EA Verification/Source PDFs/study_4_Jiang_2026.pdf,a980f1476ff869174b7b605dbceff078e5885e02049ca2ea0b95cc19e2a5ac66,NOT REPORTED,INCLUDE,EXCLUDE,Outside defined quantitative estimands; retained in full descriptive extraction.,,1,,
AUDIT-0187,Jiang 2026,Jiang_2026,V34_B2_037,Perioperative TEAS,Sham/no-current TEAS,TEAS,Sham,Adverse events,Hydroderma,Study follow-up,Per-protocol for secondary outcomes,294.0,293.0,,,,,2.0,1.0,participants,Events/total,PDF p. 5; Table 5,Hydroderma: 2/294 vs 1/293.,TEAS EA Verification/Source PDFs/study_4_Jiang_2026.pdf,a980f1476ff869174b7b605dbceff078e5885e02049ca2ea0b95cc19e2a5ac66,NOT REPORTED,INCLUDE,EXCLUDE,Outside defined quantitative estimands; retained in full descriptive extraction.,,1,,
AUDIT-0188,Wang 2023,Wang_2023,V34_B2_038,Nighttime TEAS,Sham/no-current TEAS,TEAS,Sham,Sleep quality,PSQI and AIS postoperative sleep quality,POD3,Available-case/completer analysis after protocol breaches,40.0,43.0,,,,,,,PSQI and AIS scores,Graph only,p. 714; Figure 3,"Figure 3 reports PSQI and AIS at P1, D1 and D3.",TEAS EA Verification/Source PDFs/s40122-023-00493-2.pdf,9eae987a3d59d97843498faa079d7eac7ae430cae80d2971d356bb988714bd6c,Exact numerical values are not printed; do not estimate from bar heights.,GRAPH ONLY,HOLD,"No directly tabulated mean/SD or event/denominator for current quantitative body; preserve original statistic, no automatic median or graph conversion.",,1,,
AUDIT-0189,Wang 2023,Wang_2023,V34_B2_039,Nighttime TEAS,Sham/no-current TEAS,TEAS,Sham,Pain,Rest pain VAS,24 h,Available-case/completer analysis after protocol breaches,40.0,43.0,,,,,,,VAS 0-10,Graph only,p. 714; Figure 4a,Figure 4a plots rest VAS at 24 h.,TEAS EA Verification/Source PDFs/s40122-023-00493-2.pdf,9eae987a3d59d97843498faa079d7eac7ae430cae80d2971d356bb988714bd6c,Exact mean/SD values are not printed; formal digitization would be required.,GRAPH ONLY,HOLD,"No directly tabulated mean/SD or event/denominator for current quantitative body; preserve original statistic, no automatic median or graph conversion.",,1,,
AUDIT-0190,Wang 2023,Wang_2023,V34_B2_040,Nighttime TEAS,Sham/no-current TEAS,TEAS,Sham,Pain,Rest pain VAS,48 h,Available-case/completer analysis after protocol breaches,40.0,43.0,,,,,,,VAS 0-10,Graph only,p. 714; Figure 4a,Figure 4a plots rest VAS at 48 h.,TEAS EA Verification/Source PDFs/s40122-023-00493-2.pdf,9eae987a3d59d97843498faa079d7eac7ae430cae80d2971d356bb988714bd6c,Exact mean/SD values are not printed; formal digitization would be required.,GRAPH ONLY,HOLD,"No directly tabulated mean/SD or event/denominator for current quantitative body; preserve original statistic, no automatic median or graph conversion.",,1,,
AUDIT-0191,Wang 2023,Wang_2023,V34_B2_041,Nighttime TEAS,Sham/no-current TEAS,TEAS,Sham,Pain,Rest pain VAS,72 h,Available-case/completer analysis after protocol breaches,40.0,43.0,,,,,,,VAS 0-10,Graph only,p. 714; Figure 4a,Figure 4a plots rest VAS at 72 h.,TEAS EA Verification/Source PDFs/s40122-023-00493-2.pdf,9eae987a3d59d97843498faa079d7eac7ae430cae80d2971d356bb988714bd6c,Exact mean/SD values are not printed; formal digitization would be required.,GRAPH ONLY,HOLD,"No directly tabulated mean/SD or event/denominator for current quantitative body; preserve original statistic, no automatic median or graph conversion.",,1,,
AUDIT-0192,Wang 2023,Wang_2023,V34_B2_042,Nighttime TEAS,Sham/no-current TEAS,TEAS,Sham,Pain,Activity pain VAS,48 h,Available-case/completer analysis after protocol breaches,40.0,43.0,,,,,,,VAS 0-10,Graph only,p. 714; Figure 4b,Activity VAS was lower with TEAS at 48 h (P<0.05).,TEAS EA Verification/Source PDFs/s40122-023-00493-2.pdf,9eae987a3d59d97843498faa079d7eac7ae430cae80d2971d356bb988714bd6c,Exact mean/SD values are not printed; do not estimate from the graph.,GRAPH ONLY,HOLD,"No directly tabulated mean/SD or event/denominator for current quantitative body; preserve original statistic, no automatic median or graph conversion.",,1,,
AUDIT-0193,Wang 2023,Wang_2023,V34_B2_043,Nighttime TEAS,Sham/no-current TEAS,TEAS,Sham,Pain,Activity pain VAS,72 h,Available-case/completer analysis after protocol breaches,40.0,43.0,,,,,,,VAS 0-10,Graph only,p. 714; Figure 4b,Activity VAS was lower with TEAS at 72 h (P<0.05).,TEAS EA Verification/Source PDFs/s40122-023-00493-2.pdf,9eae987a3d59d97843498faa079d7eac7ae430cae80d2971d356bb988714bd6c,Exact mean/SD values are not printed; do not estimate from the graph.,GRAPH ONLY,HOLD,"No directly tabulated mean/SD or event/denominator for current quantitative body; preserve original statistic, no automatic median or graph conversion.",,1,,
AUDIT-0194,Wang 2023,Wang_2023,V34_B2_044,Nighttime TEAS,Sham/no-current TEAS,TEAS,Sham,Length of stay,Postoperative hospitalization,Postoperative hospitalization,Available-case/completer analysis after protocol breaches,40.0,43.0,8.6,3.86,8.65,3.47,,,days,Mean/SD,p. 713; Table 1,Postoperative hospitalizations: 8.60 ± 3.86 vs 8.65 ± 3.47 days.,TEAS EA Verification/Source PDFs/s40122-023-00493-2.pdf,9eae987a3d59d97843498faa079d7eac7ae430cae80d2971d356bb988714bd6c,NOT REPORTED,INCLUDE,EXCLUDE,Outside defined quantitative estimands; retained in full descriptive extraction.,,1,,
AUDIT-0195,Wang 2023,Wang_2023,V34_B2_045,Nighttime TEAS,Sham/no-current TEAS,TEAS,Sham,GI adverse event,Abdominal distension,Within 72 h after surgery,Available-case/completer analysis after protocol breaches,40.0,43.0,,,,,11.0,24.0,participants,Events/total,p. 715; Table 2,Abdominal distension: 11/40 vs 24/43.,TEAS EA Verification/Source PDFs/s40122-023-00493-2.pdf,9eae987a3d59d97843498faa079d7eac7ae430cae80d2971d356bb988714bd6c,NOT REPORTED,INCLUDE,EXCLUDE,Outside defined quantitative estimands; retained in full descriptive extraction.,,1,,
AUDIT-0196,Wang 2023,Wang_2023,V34_B2_046,Nighttime TEAS,Sham/no-current TEAS,TEAS,Sham,Adverse events,Dizziness,Within 72 h after surgery,Available-case/completer analysis after protocol breaches,40.0,43.0,,,,,10.0,16.0,participants,Events/total,p. 715; Table 2,Dizziness: 10/40 vs 16/43.,TEAS EA Verification/Source PDFs/s40122-023-00493-2.pdf,9eae987a3d59d97843498faa079d7eac7ae430cae80d2971d356bb988714bd6c,NOT REPORTED,INCLUDE,EXCLUDE,Outside defined quantitative estimands; retained in full descriptive extraction.,,1,,
AUDIT-0197,Wang 2023,Wang_2023,V34_B2_047,Nighttime TEAS,Sham/no-current TEAS,TEAS,Sham,PONV,PONV incidence,Within 72 h after surgery,Available-case/completer analysis after protocol breaches,40.0,43.0,,,,,6.0,19.0,participants,Events/total,p. 715; Table 2,PONV incidence: 6/40 vs 19/43.,TEAS EA Verification/Source PDFs/s40122-023-00493-2.pdf,9eae987a3d59d97843498faa079d7eac7ae430cae80d2971d356bb988714bd6c,NOT REPORTED,INCLUDE,EXCLUDE,Outside defined quantitative estimands; retained in full descriptive extraction.,,1,,
AUDIT-0198,Wang 2023,Wang_2023,V34_B2_048,Nighttime TEAS,Sham/no-current TEAS,TEAS,Sham,Adverse events,Postoperative pulmonary complications,Within 72 h after surgery,Available-case/completer analysis after protocol breaches,40.0,43.0,,,,,7.0,13.0,participants,Events/total,p. 715; Table 2,Postoperative pulmonary complications: 7/40 vs 13/43.,TEAS EA Verification/Source PDFs/s40122-023-00493-2.pdf,9eae987a3d59d97843498faa079d7eac7ae430cae80d2971d356bb988714bd6c,NOT REPORTED,INCLUDE,EXCLUDE,Outside defined quantitative estimands; retained in full descriptive extraction.,,1,,
AUDIT-0199,Tu 2024,Tu_2024,V34_B3_001,Postoperative TEAS at bilateral P6,Sham TEAS / no current at bilateral P6,TEAS,Sham,PONV,Vomiting incidence,0–2 h after craniotomy,Available-case/completer analysis (115 analyzed),57.0,58.0,,,,,4.0,10.0,participants,Events/total,PDF p. 4; Table 3,Vomiting within 0–2 h: TEAS 4 (7.0%) vs sham 10 (17.2%); P=0.095.,TEAS EA Verification/Source PDFs/study_244_Tu_2023.pdf,1824c6c671f079873a5d612106952736a050d5201fa906089b59943bfb9dcd61,NOT REPORTED,INCLUDE,EXCLUDE,Outside defined quantitative estimands; retained in full descriptive extraction.,,1,,
AUDIT-0200,Tu 2024,Tu_2024,V34_B3_002,Postoperative TEAS at bilateral P6,Sham TEAS / no current at bilateral P6,TEAS,Sham,PONV,Nausea severity score,0–2 h after craniotomy,Available-case/completer analysis (115 analyzed),57.0,58.0,,,,,,,"WHO PONV 4-class nausea rating, 0–3",Median/IQR,PDF p. 4; Table 3,Nausea score 0–2 h after craniotomy: 0 (0–1) vs 0 (0–1); P=0.502.,TEAS EA Verification/Source PDFs/study_244_Tu_2023.pdf,1824c6c671f079873a5d612106952736a050d5201fa906089b59943bfb9dcd61,"The paper describes a 4-class WHO PONV rating: 0 no nausea, 1 mild nausea/abdominal discomfort, 2 evident nausea without vomiting, 3 extreme nausea/vomiting.",NARRATIVE ONLY,HOLD,"No directly tabulated mean/SD or event/denominator for current quantitative body; preserve original statistic, no automatic median or graph conversion.",,1,,
AUDIT-0201,Tu 2024,Tu_2024,V34_B3_003,Postoperative TEAS at bilateral P6,Sham TEAS / no current at bilateral P6,TEAS,Sham,PONV,Nausea severity score,2–6 h after craniotomy,Available-case/completer analysis (115 analyzed),57.0,58.0,,,,,,,"WHO PONV 4-class nausea rating, 0–3",Median/IQR,PDF p. 4; Table 3,Nausea score 2–6 h after craniotomy: 0 (0–1) vs 0 (0–2); P=0.146.,TEAS EA Verification/Source PDFs/study_244_Tu_2023.pdf,1824c6c671f079873a5d612106952736a050d5201fa906089b59943bfb9dcd61,"The paper describes a 4-class WHO PONV rating: 0 no nausea, 1 mild nausea/abdominal discomfort, 2 evident nausea without vomiting, 3 extreme nausea/vomiting.",NARRATIVE ONLY,HOLD,"No directly tabulated mean/SD or event/denominator for current quantitative body; preserve original statistic, no automatic median or graph conversion.",,1,,
AUDIT-0202,Tu 2024,Tu_2024,V34_B3_004,Postoperative TEAS at bilateral P6,Sham TEAS / no current at bilateral P6,TEAS,Sham,PONV,Nausea severity score,6–24 h after craniotomy,Available-case/completer analysis (115 analyzed),57.0,58.0,,,,,,,"WHO PONV 4-class nausea rating, 0–3",Median/IQR,PDF p. 4; Table 3,Nausea score 6–24 h after craniotomy: 0 (0–1) vs 0 (0–1); P=0.574.,TEAS EA Verification/Source PDFs/study_244_Tu_2023.pdf,1824c6c671f079873a5d612106952736a050d5201fa906089b59943bfb9dcd61,"The paper describes a 4-class WHO PONV rating: 0 no nausea, 1 mild nausea/abdominal discomfort, 2 evident nausea without vomiting, 3 extreme nausea/vomiting.",NARRATIVE ONLY,HOLD,"No directly tabulated mean/SD or event/denominator for current quantitative body; preserve original statistic, no automatic median or graph conversion.",,1,,
AUDIT-0203,Tu 2024,Tu_2024,V34_B3_005,Postoperative TEAS at bilateral P6,Sham TEAS / no current at bilateral P6,TEAS,Sham,Rescue antiemetic,Use of metoclopramide 10 mg IM,0–2 h after craniotomy,Available-case/completer analysis (115 analyzed),57.0,58.0,,,,,0.0,0.0,participants,Events/total,PDF p. 4; Table 4,Metoclopramide use 0–2 h after craniotomy: 0/57 vs 0/58; P=1.000.,TEAS EA Verification/Source PDFs/study_244_Tu_2023.pdf,1824c6c671f079873a5d612106952736a050d5201fa906089b59943bfb9dcd61,Metoclopramide 10 mg IM was the prespecified rescue antiemetic for difficult-to-tolerate nausea/vomiting.,INCLUDE,EXCLUDE,Outside defined quantitative estimands; retained in full descriptive extraction.,,1,,
AUDIT-0204,Tu 2024,Tu_2024,V34_B3_006,Postoperative TEAS at bilateral P6,Sham TEAS / no current at bilateral P6,TEAS,Sham,Rescue antiemetic,Use of metoclopramide 10 mg IM,2–6 h after craniotomy,Available-case/completer analysis (115 analyzed),57.0,58.0,,,,,0.0,0.0,participants,Events/total,PDF p. 4; Table 4,Metoclopramide use 2–6 h after craniotomy: 0/57 vs 0/58; P=1.000.,TEAS EA Verification/Source PDFs/study_244_Tu_2023.pdf,1824c6c671f079873a5d612106952736a050d5201fa906089b59943bfb9dcd61,Metoclopramide 10 mg IM was the prespecified rescue antiemetic for difficult-to-tolerate nausea/vomiting.,INCLUDE,EXCLUDE,Outside defined quantitative estimands; retained in full descriptive extraction.,,1,,
AUDIT-0205,Tu 2024,Tu_2024,V34_B3_007,Postoperative TEAS at bilateral P6,Sham TEAS / no current at bilateral P6,TEAS,Sham,Rescue antiemetic,Use of metoclopramide 10 mg IM,6–24 h after craniotomy,Available-case/completer analysis (115 analyzed),57.0,58.0,,,,,1.0,1.0,participants,Events/total,PDF p. 4; Table 4,Metoclopramide use 6–24 h after craniotomy: 1/57 vs 1/58; P=0.990.,TEAS EA Verification/Source PDFs/study_244_Tu_2023.pdf,1824c6c671f079873a5d612106952736a050d5201fa906089b59943bfb9dcd61,Metoclopramide 10 mg IM was the prespecified rescue antiemetic for difficult-to-tolerate nausea/vomiting.,INCLUDE,EXCLUDE,Outside defined quantitative estimands; retained in full descriptive extraction.,,1,,
AUDIT-0206,Tu 2024,Tu_2024,V34_B3_008,Postoperative TEAS at bilateral P6,Sham TEAS / no current at bilateral P6,TEAS,Sham,Pain,VAS pain intensity,0–2 h after craniotomy,Available-case/completer analysis (115 analyzed),57.0,58.0,,,,,,,VAS 0–10,Median/IQR,PDF p. 4; Table 5,VAS 0–2 h after craniotomy: 2 (1–3) vs 3 (2–4); P=0.091.,TEAS EA Verification/Source PDFs/study_244_Tu_2023.pdf,1824c6c671f079873a5d612106952736a050d5201fa906089b59943bfb9dcd61,NOT REPORTED,NARRATIVE ONLY,HOLD,"No directly tabulated mean/SD or event/denominator for current quantitative body; preserve original statistic, no automatic median or graph conversion.",,1,,
AUDIT-0207,Tu 2024,Tu_2024,V34_B3_009,Postoperative TEAS at bilateral P6,Sham TEAS / no current at bilateral P6,TEAS,Sham,Pain,VAS pain intensity,2–6 h after craniotomy,Available-case/completer analysis (115 analyzed),57.0,58.0,,,,,,,VAS 0–10,Median/IQR,PDF p. 4; Table 5,VAS 2–6 h after craniotomy: 2 (1–3) vs 3 (2–3.25); P=0.057.,TEAS EA Verification/Source PDFs/study_244_Tu_2023.pdf,1824c6c671f079873a5d612106952736a050d5201fa906089b59943bfb9dcd61,NOT REPORTED,NARRATIVE ONLY,HOLD,"No directly tabulated mean/SD or event/denominator for current quantitative body; preserve original statistic, no automatic median or graph conversion.",,1,,
AUDIT-0208,Tu 2024,Tu_2024,V34_B3_010,Postoperative TEAS at bilateral P6,Sham TEAS / no current at bilateral P6,TEAS,Sham,Adverse events,TEAS-related adverse events,0–24 h testing period,Available-case/completer analysis (115 analyzed),57.0,58.0,,,,,0.0,0.0,participants,Events/total,PDF p. 4; Results §3.3,AEs were not observed in any patient during the 0–24-h testing period.,TEAS EA Verification/Source PDFs/study_244_Tu_2023.pdf,1824c6c671f079873a5d612106952736a050d5201fa906089b59943bfb9dcd61,"The article prospectively listed malignant arrhythmia, abnormal blood-pressure fluctuation, fainting, serious pain and local infection as TEAS adverse events.",INCLUDE,EXCLUDE,Outside defined quantitative estimands; retained in full descriptive extraction.,,1,,
AUDIT-0209,Sun 2017,Sun_2017,V34_B3_011,Preoperative true TEAS only (TSS),All-period sham TEAS (SSS),TEAS,Sham,Pain,Resting VAS,1 h,Available-case/completer analysis,91.0,90.0,,,,,,,VAS 0–10,Graph only,Clin J Pain 2017;33:343–344; Figure 2,Resting pain VAS was assessed at 1 h; Figure 2 presents the distributions.,TEAS EA Verification/Source PDFs/sun2017-2.pdf,08bff012301811eee2caa149fca626ae6787f61dcee2951fce77830ac7b5de44,Exact numerical values are not printed in text/table. No visual digitization performed.,GRAPH ONLY,HOLD,"No directly tabulated mean/SD or event/denominator for current quantitative body; preserve original statistic, no automatic median or graph conversion.",,1,,
AUDIT-0210,Sun 2017,Sun_2017,V34_B3_012,Preoperative true TEAS only (TSS),All-period sham TEAS (SSS),TEAS,Sham,Pain,Resting VAS,6 h,Available-case/completer analysis,91.0,90.0,,,,,,,VAS 0–10,Graph only,Clin J Pain 2017;33:343–344; Figure 2,Resting pain VAS was assessed at 6 h; Figure 2 presents the distributions.,TEAS EA Verification/Source PDFs/sun2017-2.pdf,08bff012301811eee2caa149fca626ae6787f61dcee2951fce77830ac7b5de44,Exact numerical values are not printed in text/table. No visual digitization performed.,GRAPH ONLY,HOLD,"No directly tabulated mean/SD or event/denominator for current quantitative body; preserve original statistic, no automatic median or graph conversion.",,1,,
AUDIT-0211,Sun 2017,Sun_2017,V34_B3_013,Preoperative true TEAS only (TSS),All-period sham TEAS (SSS),TEAS,Sham,Pain,Resting VAS,24 h,Available-case/completer analysis,91.0,90.0,,,,,,,VAS 0–10,Graph only,Clin J Pain 2017;33:343–344; Figure 2,Resting pain VAS was assessed at 24 h; Figure 2 presents the distributions.,TEAS EA Verification/Source PDFs/sun2017-2.pdf,08bff012301811eee2caa149fca626ae6787f61dcee2951fce77830ac7b5de44,Exact numerical values are not printed in text/table. No visual digitization performed.,GRAPH ONLY,HOLD,"No directly tabulated mean/SD or event/denominator for current quantitative body; preserve original statistic, no automatic median or graph conversion.",,1,,
AUDIT-0212,Sun 2017,Sun_2017,V34_B3_014,Preoperative true TEAS only (TSS),All-period sham TEAS (SSS),TEAS,Sham,Pain,Resting VAS,48 h,Available-case/completer analysis,91.0,90.0,,,,,,,VAS 0–10,Graph only,Clin J Pain 2017;33:343–344; Figure 2,Resting pain VAS was assessed at 48 h; Figure 2 presents the distributions.,TEAS EA Verification/Source PDFs/sun2017-2.pdf,08bff012301811eee2caa149fca626ae6787f61dcee2951fce77830ac7b5de44,Exact numerical values are not printed in text/table. No visual digitization performed.,GRAPH ONLY,HOLD,"No directly tabulated mean/SD or event/denominator for current quantitative body; preserve original statistic, no automatic median or graph conversion.",,1,,
AUDIT-0213,Sun 2017,Sun_2017,V34_B3_015,Preoperative true TEAS only (TSS),All-period sham TEAS (SSS),TEAS,Sham,Pain,Activity-evoked VAS during coughing,1 h,Available-case/completer analysis,91.0,90.0,,,,,,,VAS 0–10,Graph only,Clin J Pain 2017;33:343–344; Figure 2,Activity pain VAS was assessed at 1 h; Figure 2 presents the distributions.,TEAS EA Verification/Source PDFs/sun2017-2.pdf,08bff012301811eee2caa149fca626ae6787f61dcee2951fce77830ac7b5de44,Exact numerical values are not printed in text/table. No visual digitization performed.,GRAPH ONLY,HOLD,"No directly tabulated mean/SD or event/denominator for current quantitative body; preserve original statistic, no automatic median or graph conversion.",,1,,
AUDIT-0214,Sun 2017,Sun_2017,V34_B3_016,Preoperative true TEAS only (TSS),All-period sham TEAS (SSS),TEAS,Sham,Pain,Activity-evoked VAS during coughing,6 h,Available-case/completer analysis,91.0,90.0,,,,,,,VAS 0–10,Graph only,Clin J Pain 2017;33:343–344; Figure 2,Activity pain VAS was assessed at 6 h; Figure 2 presents the distributions.,TEAS EA Verification/Source PDFs/sun2017-2.pdf,08bff012301811eee2caa149fca626ae6787f61dcee2951fce77830ac7b5de44,Exact numerical values are not printed in text/table. No visual digitization performed.,GRAPH ONLY,HOLD,"No directly tabulated mean/SD or event/denominator for current quantitative body; preserve original statistic, no automatic median or graph conversion.",,1,,
AUDIT-0215,Sun 2017,Sun_2017,V34_B3_017,Preoperative true TEAS only (TSS),All-period sham TEAS (SSS),TEAS,Sham,Pain,Activity-evoked VAS during coughing,48 h,Available-case/completer analysis,91.0,90.0,,,,,,,VAS 0–10,Graph only,Clin J Pain 2017;33:343–344; Figure 2,Activity pain VAS was assessed at 48 h; Figure 2 presents the distributions.,TEAS EA Verification/Source PDFs/sun2017-2.pdf,08bff012301811eee2caa149fca626ae6787f61dcee2951fce77830ac7b5de44,Exact numerical values are not printed in text/table. No visual digitization performed.,GRAPH ONLY,HOLD,"No directly tabulated mean/SD or event/denominator for current quantitative body; preserve original statistic, no automatic median or graph conversion.",,1,,
AUDIT-0216,Sun 2017,Sun_2017,V34_B3_018,Preoperative + intraoperative true TEAS (TTS),All-period sham TEAS (SSS),TEAS,Sham,Pain,Resting VAS,1 h,Available-case/completer analysis,91.0,90.0,,,,,,,VAS 0–10,Graph only,Clin J Pain 2017;33:343–344; Figure 2,Resting pain VAS was assessed at 1 h; Figure 2 presents the distributions.,TEAS EA Verification/Source PDFs/sun2017-2.pdf,08bff012301811eee2caa149fca626ae6787f61dcee2951fce77830ac7b5de44,Exact numerical values are not printed in text/table. No visual digitization performed.,GRAPH ONLY,HOLD,"No directly tabulated mean/SD or event/denominator for current quantitative body; preserve original statistic, no automatic median or graph conversion.",,1,,
AUDIT-0217,Sun 2017,Sun_2017,V34_B3_019,Preoperative + intraoperative true TEAS (TTS),All-period sham TEAS (SSS),TEAS,Sham,Pain,Resting VAS,6 h,Available-case/completer analysis,91.0,90.0,,,,,,,VAS 0–10,Graph only,Clin J Pain 2017;33:343–344; Figure 2,Resting pain VAS was assessed at 6 h; Figure 2 presents the distributions.,TEAS EA Verification/Source PDFs/sun2017-2.pdf,08bff012301811eee2caa149fca626ae6787f61dcee2951fce77830ac7b5de44,Exact numerical values are not printed in text/table. No visual digitization performed.,GRAPH ONLY,HOLD,"No directly tabulated mean/SD or event/denominator for current quantitative body; preserve original statistic, no automatic median or graph conversion.",,1,,
AUDIT-0218,Sun 2017,Sun_2017,V34_B3_020,Preoperative + intraoperative true TEAS (TTS),All-period sham TEAS (SSS),TEAS,Sham,Pain,Resting VAS,24 h,Available-case/completer analysis,91.0,90.0,,,,,,,VAS 0–10,Graph only,Clin J Pain 2017;33:343–344; Figure 2,Resting pain VAS was assessed at 24 h; Figure 2 presents the distributions.,TEAS EA Verification/Source PDFs/sun2017-2.pdf,08bff012301811eee2caa149fca626ae6787f61dcee2951fce77830ac7b5de44,Exact numerical values are not printed in text/table. No visual digitization performed.,GRAPH ONLY,HOLD,"No directly tabulated mean/SD or event/denominator for current quantitative body; preserve original statistic, no automatic median or graph conversion.",,1,,
AUDIT-0219,Sun 2017,Sun_2017,V34_B3_021,Preoperative + intraoperative true TEAS (TTS),All-period sham TEAS (SSS),TEAS,Sham,Pain,Resting VAS,48 h,Available-case/completer analysis,91.0,90.0,,,,,,,VAS 0–10,Graph only,Clin J Pain 2017;33:343–344; Figure 2,Resting pain VAS was assessed at 48 h; Figure 2 presents the distributions.,TEAS EA Verification/Source PDFs/sun2017-2.pdf,08bff012301811eee2caa149fca626ae6787f61dcee2951fce77830ac7b5de44,Exact numerical values are not printed in text/table. No visual digitization performed.,GRAPH ONLY,HOLD,"No directly tabulated mean/SD or event/denominator for current quantitative body; preserve original statistic, no automatic median or graph conversion.",,1,,
AUDIT-0220,Sun 2017,Sun_2017,V34_B3_022,Preoperative + intraoperative true TEAS (TTS),All-period sham TEAS (SSS),TEAS,Sham,Pain,Activity-evoked VAS during coughing,1 h,Available-case/completer analysis,91.0,90.0,,,,,,,VAS 0–10,Graph only,Clin J Pain 2017;33:343–344; Figure 2,Activity pain VAS was assessed at 1 h; Figure 2 presents the distributions.,TEAS EA Verification/Source PDFs/sun2017-2.pdf,08bff012301811eee2caa149fca626ae6787f61dcee2951fce77830ac7b5de44,Exact numerical values are not printed in text/table. No visual digitization performed.,GRAPH ONLY,HOLD,"No directly tabulated mean/SD or event/denominator for current quantitative body; preserve original statistic, no automatic median or graph conversion.",,1,,
AUDIT-0221,Sun 2017,Sun_2017,V34_B3_023,Preoperative + intraoperative true TEAS (TTS),All-period sham TEAS (SSS),TEAS,Sham,Pain,Activity-evoked VAS during coughing,6 h,Available-case/completer analysis,91.0,90.0,,,,,,,VAS 0–10,Graph only,Clin J Pain 2017;33:343–344; Figure 2,Activity pain VAS was assessed at 6 h; Figure 2 presents the distributions.,TEAS EA Verification/Source PDFs/sun2017-2.pdf,08bff012301811eee2caa149fca626ae6787f61dcee2951fce77830ac7b5de44,Exact numerical values are not printed in text/table. No visual digitization performed.,GRAPH ONLY,HOLD,"No directly tabulated mean/SD or event/denominator for current quantitative body; preserve original statistic, no automatic median or graph conversion.",,1,,
AUDIT-0222,Sun 2017,Sun_2017,V34_B3_024,Preoperative + intraoperative true TEAS (TTS),All-period sham TEAS (SSS),TEAS,Sham,Pain,Activity-evoked VAS during coughing,48 h,Available-case/completer analysis,91.0,90.0,,,,,,,VAS 0–10,Graph only,Clin J Pain 2017;33:343–344; Figure 2,Activity pain VAS was assessed at 48 h; Figure 2 presents the distributions.,TEAS EA Verification/Source PDFs/sun2017-2.pdf,08bff012301811eee2caa149fca626ae6787f61dcee2951fce77830ac7b5de44,Exact numerical values are not printed in text/table. No visual digitization performed.,GRAPH ONLY,HOLD,"No directly tabulated mean/SD or event/denominator for current quantitative body; preserve original statistic, no automatic median or graph conversion.",,1,,
AUDIT-0223,Sun 2017,Sun_2017,V34_B3_025,Preoperative + postoperative true TEAS (TST),All-period sham TEAS (SSS),TEAS,Sham,Pain,Resting VAS,1 h,Available-case/completer analysis,89.0,90.0,,,,,,,VAS 0–10,Graph only,Clin J Pain 2017;33:343–344; Figure 2,Resting pain VAS was assessed at 1 h; Figure 2 presents the distributions.,TEAS EA Verification/Source PDFs/sun2017-2.pdf,08bff012301811eee2caa149fca626ae6787f61dcee2951fce77830ac7b5de44,Exact numerical values are not printed in text/table. No visual digitization performed.,GRAPH ONLY,HOLD,"No directly tabulated mean/SD or event/denominator for current quantitative body; preserve original statistic, no automatic median or graph conversion.",,1,,
AUDIT-0224,Sun 2017,Sun_2017,V34_B3_026,Preoperative + postoperative true TEAS (TST),All-period sham TEAS (SSS),TEAS,Sham,Pain,Resting VAS,6 h,Available-case/completer analysis,89.0,90.0,,,,,,,VAS 0–10,Graph only,Clin J Pain 2017;33:343–344; Figure 2,Resting pain VAS was assessed at 6 h; Figure 2 presents the distributions.,TEAS EA Verification/Source PDFs/sun2017-2.pdf,08bff012301811eee2caa149fca626ae6787f61dcee2951fce77830ac7b5de44,Exact numerical values are not printed in text/table. No visual digitization performed.,GRAPH ONLY,HOLD,"No directly tabulated mean/SD or event/denominator for current quantitative body; preserve original statistic, no automatic median or graph conversion.",,1,,
AUDIT-0225,Sun 2017,Sun_2017,V34_B3_027,Preoperative + postoperative true TEAS (TST),All-period sham TEAS (SSS),TEAS,Sham,Pain,Resting VAS,24 h,Available-case/completer analysis,89.0,90.0,,,,,,,VAS 0–10,Graph only,Clin J Pain 2017;33:343–344; Figure 2,Resting pain VAS was assessed at 24 h; Figure 2 presents the distributions.,TEAS EA Verification/Source PDFs/sun2017-2.pdf,08bff012301811eee2caa149fca626ae6787f61dcee2951fce77830ac7b5de44,Exact numerical values are not printed in text/table. No visual digitization performed.,GRAPH ONLY,HOLD,"No directly tabulated mean/SD or event/denominator for current quantitative body; preserve original statistic, no automatic median or graph conversion.",,1,,
AUDIT-0226,Sun 2017,Sun_2017,V34_B3_028,Preoperative + postoperative true TEAS (TST),All-period sham TEAS (SSS),TEAS,Sham,Pain,Resting VAS,48 h,Available-case/completer analysis,89.0,90.0,,,,,,,VAS 0–10,Graph only,Clin J Pain 2017;33:343–344; Figure 2,Resting pain VAS was assessed at 48 h; Figure 2 presents the distributions.,TEAS EA Verification/Source PDFs/sun2017-2.pdf,08bff012301811eee2caa149fca626ae6787f61dcee2951fce77830ac7b5de44,Exact numerical values are not printed in text/table. No visual digitization performed.,GRAPH ONLY,HOLD,"No directly tabulated mean/SD or event/denominator for current quantitative body; preserve original statistic, no automatic median or graph conversion.",,1,,
AUDIT-0227,Sun 2017,Sun_2017,V34_B3_029,Preoperative + postoperative true TEAS (TST),All-period sham TEAS (SSS),TEAS,Sham,Pain,Activity-evoked VAS during coughing,1 h,Available-case/completer analysis,89.0,90.0,,,,,,,VAS 0–10,Graph only,Clin J Pain 2017;33:343–344; Figure 2,Activity pain VAS was assessed at 1 h; Figure 2 presents the distributions.,TEAS EA Verification/Source PDFs/sun2017-2.pdf,08bff012301811eee2caa149fca626ae6787f61dcee2951fce77830ac7b5de44,Exact numerical values are not printed in text/table. No visual digitization performed.,GRAPH ONLY,HOLD,"No directly tabulated mean/SD or event/denominator for current quantitative body; preserve original statistic, no automatic median or graph conversion.",,1,,
AUDIT-0228,Sun 2017,Sun_2017,V34_B3_030,Preoperative + postoperative true TEAS (TST),All-period sham TEAS (SSS),TEAS,Sham,Pain,Activity-evoked VAS during coughing,6 h,Available-case/completer analysis,89.0,90.0,,,,,,,VAS 0–10,Graph only,Clin J Pain 2017;33:343–344; Figure 2,Activity pain VAS was assessed at 6 h; Figure 2 presents the distributions.,TEAS EA Verification/Source PDFs/sun2017-2.pdf,08bff012301811eee2caa149fca626ae6787f61dcee2951fce77830ac7b5de44,Exact numerical values are not printed in text/table. No visual digitization performed.,GRAPH ONLY,HOLD,"No directly tabulated mean/SD or event/denominator for current quantitative body; preserve original statistic, no automatic median or graph conversion.",,1,,
AUDIT-0229,Sun 2017,Sun_2017,V34_B3_031,Preoperative + postoperative true TEAS (TST),All-period sham TEAS (SSS),TEAS,Sham,Pain,Activity-evoked VAS during coughing,48 h,Available-case/completer analysis,89.0,90.0,,,,,,,VAS 0–10,Graph only,Clin J Pain 2017;33:343–344; Figure 2,Activity pain VAS was assessed at 48 h; Figure 2 presents the distributions.,TEAS EA Verification/Source PDFs/sun2017-2.pdf,08bff012301811eee2caa149fca626ae6787f61dcee2951fce77830ac7b5de44,Exact numerical values are not printed in text/table. No visual digitization performed.,GRAPH ONLY,HOLD,"No directly tabulated mean/SD or event/denominator for current quantitative body; preserve original statistic, no automatic median or graph conversion.",,1,,
AUDIT-0230,Sun 2017,Sun_2017,V34_B3_032,Preoperative true TEAS only (TSS),All-period sham TEAS (SSS),TEAS,Sham,PONV,Nausea,Within 48 h after surgery,Available-case/completer analysis,91.0,90.0,,,,,,,percent,Published percentage (95% CI),Clin J Pain 2017;33:344; Table 2,Nausea: SSS 25.6% (16.5–34.6); active arm 34.1% (24.3–43.9); overall P=0.376.,TEAS EA Verification/Source PDFs/sun2017-2.pdf,08bff012301811eee2caa149fca626ae6787f61dcee2951fce77830ac7b5de44,Only percentages and 95% confidence intervals are printed. Raw event counts are NOT REPORTED and were not reverse-engineered.,NARRATIVE ONLY,EXCLUDE,Outside defined quantitative estimands; retained in full descriptive extraction.,,1,,
AUDIT-0231,Sun 2017,Sun_2017,V34_B3_033,Preoperative + intraoperative true TEAS (TTS),All-period sham TEAS (SSS),TEAS,Sham,PONV,Nausea,Within 48 h after surgery,Available-case/completer analysis,91.0,90.0,,,,,,,percent,Published percentage (95% CI),Clin J Pain 2017;33:344; Table 2,Nausea: SSS 25.6% (16.5–34.6); active arm 26.4% (17.3–35.5); overall P=0.376.,TEAS EA Verification/Source PDFs/sun2017-2.pdf,08bff012301811eee2caa149fca626ae6787f61dcee2951fce77830ac7b5de44,Only percentages and 95% confidence intervals are printed. Raw event counts are NOT REPORTED and were not reverse-engineered.,NARRATIVE ONLY,EXCLUDE,Outside defined quantitative estimands; retained in full descriptive extraction.,,1,,
AUDIT-0232,Sun 2017,Sun_2017,V34_B3_034,Preoperative + postoperative true TEAS (TST),All-period sham TEAS (SSS),TEAS,Sham,PONV,Nausea,Within 48 h after surgery,Available-case/completer analysis,89.0,90.0,,,,,,,percent,Published percentage (95% CI),Clin J Pain 2017;33:344; Table 2,Nausea: SSS 25.6% (16.5–34.6); active arm 34.8% (24.8–44.8); overall P=0.376.,TEAS EA Verification/Source PDFs/sun2017-2.pdf,08bff012301811eee2caa149fca626ae6787f61dcee2951fce77830ac7b5de44,Only percentages and 95% confidence intervals are printed. Raw event counts are NOT REPORTED and were not reverse-engineered.,NARRATIVE ONLY,EXCLUDE,Outside defined quantitative estimands; retained in full descriptive extraction.,,1,,
AUDIT-0233,Sun 2017,Sun_2017,V34_B3_035,Preoperative true TEAS only (TSS),All-period sham TEAS (SSS),TEAS,Sham,PONV,Vomiting,Within 48 h after surgery,Available-case/completer analysis,91.0,90.0,,,,,,,percent,Published percentage (95% CI),Clin J Pain 2017;33:344; Table 2,Vomiting: SSS 22.2% (13.6–30.8); active arm 25.3% (16.3–34.3); overall P=0.759.,TEAS EA Verification/Source PDFs/sun2017-2.pdf,08bff012301811eee2caa149fca626ae6787f61dcee2951fce77830ac7b5de44,Only percentages and 95% confidence intervals are printed. Raw event counts are NOT REPORTED and were not reverse-engineered.,NARRATIVE ONLY,EXCLUDE,Outside defined quantitative estimands; retained in full descriptive extraction.,,1,,
AUDIT-0234,Sun 2017,Sun_2017,V34_B3_036,Preoperative + intraoperative true TEAS (TTS),All-period sham TEAS (SSS),TEAS,Sham,PONV,Vomiting,Within 48 h after surgery,Available-case/completer analysis,91.0,90.0,,,,,,,percent,Published percentage (95% CI),Clin J Pain 2017;33:344; Table 2,Vomiting: SSS 22.2% (13.6–30.8); active arm 26.4% (17.3–35.5); overall P=0.759.,TEAS EA Verification/Source PDFs/sun2017-2.pdf,08bff012301811eee2caa149fca626ae6787f61dcee2951fce77830ac7b5de44,Only percentages and 95% confidence intervals are printed. Raw event counts are NOT REPORTED and were not reverse-engineered.,NARRATIVE ONLY,EXCLUDE,Outside defined quantitative estimands; retained in full descriptive extraction.,,1,,
AUDIT-0235,Sun 2017,Sun_2017,V34_B3_037,Preoperative + postoperative true TEAS (TST),All-period sham TEAS (SSS),TEAS,Sham,PONV,Vomiting,Within 48 h after surgery,Available-case/completer analysis,89.0,90.0,,,,,,,percent,Published percentage (95% CI),Clin J Pain 2017;33:344; Table 2,Vomiting: SSS 22.2% (13.6–30.8); active arm 29.2% (19.7–38.7); overall P=0.759.,TEAS EA Verification/Source PDFs/sun2017-2.pdf,08bff012301811eee2caa149fca626ae6787f61dcee2951fce77830ac7b5de44,Only percentages and 95% confidence intervals are printed. Raw event counts are NOT REPORTED and were not reverse-engineered.,NARRATIVE ONLY,EXCLUDE,Outside defined quantitative estimands; retained in full descriptive extraction.,,1,,
AUDIT-0236,Sun 2017,Sun_2017,V34_B3_038,Preoperative true TEAS only (TSS),All-period sham TEAS (SSS),TEAS,Sham,Rescue antiemetic,Additional antiemetic requirement,Within 48 h after surgery,Available-case/completer analysis,91.0,90.0,,,,,,,percent,Published percentage (95% CI),Clin J Pain 2017;33:344; Table 2,Additional antiemetic requirement: SSS 23.3% (14.5–32.1); active arm 25.3% (16.3–34.3); overall P=0.840.,TEAS EA Verification/Source PDFs/sun2017-2.pdf,08bff012301811eee2caa149fca626ae6787f61dcee2951fce77830ac7b5de44,Only percentages and 95% confidence intervals are printed. Raw event counts are NOT REPORTED and were not reverse-engineered.,NARRATIVE ONLY,EXCLUDE,Outside defined quantitative estimands; retained in full descriptive extraction.,,1,,
AUDIT-0237,Sun 2017,Sun_2017,V34_B3_039,Preoperative + intraoperative true TEAS (TTS),All-period sham TEAS (SSS),TEAS,Sham,Rescue antiemetic,Additional antiemetic requirement,Within 48 h after surgery,Available-case/completer analysis,91.0,90.0,,,,,,,percent,Published percentage (95% CI),Clin J Pain 2017;33:344; Table 2,Additional antiemetic requirement: SSS 23.3% (14.5–32.1); active arm 26.4% (17.3–35.5); overall P=0.840.,TEAS EA Verification/Source PDFs/sun2017-2.pdf,08bff012301811eee2caa149fca626ae6787f61dcee2951fce77830ac7b5de44,Only percentages and 95% confidence intervals are printed. Raw event counts are NOT REPORTED and were not reverse-engineered.,NARRATIVE ONLY,EXCLUDE,Outside defined quantitative estimands; retained in full descriptive extraction.,,1,,
AUDIT-0238,Sun 2017,Sun_2017,V34_B3_040,Preoperative + postoperative true TEAS (TST),All-period sham TEAS (SSS),TEAS,Sham,Rescue antiemetic,Additional antiemetic requirement,Within 48 h after surgery,Available-case/completer analysis,89.0,90.0,,,,,,,percent,Published percentage (95% CI),Clin J Pain 2017;33:344; Table 2,Additional antiemetic requirement: SSS 23.3% (14.5–32.1); active arm 29.2% (19.7–38.7); overall P=0.840.,TEAS EA Verification/Source PDFs/sun2017-2.pdf,08bff012301811eee2caa149fca626ae6787f61dcee2951fce77830ac7b5de44,Only percentages and 95% confidence intervals are printed. Raw event counts are NOT REPORTED and were not reverse-engineered.,NARRATIVE ONLY,EXCLUDE,Outside defined quantitative estimands; retained in full descriptive extraction.,,1,,
AUDIT-0239,Sun 2017,Sun_2017,V34_B3_041,Preoperative true TEAS only (TSS),All-period sham TEAS (SSS),TEAS,Sham,Patient satisfaction,Patient satisfaction — extremely satisfied,Postoperative assessment; exact clock time not separately stated,Available-case/completer analysis,91.0,90.0,,,,,,,percent,Published percentage (95% CI),Clin J Pain 2017;33:344; Table 2,Patient satisfaction — extremely satisfied: SSS 88.9% (82.4–95.4); active arm 98.9% (96.7–101.1); overall P=<0.001.,TEAS EA Verification/Source PDFs/sun2017-2.pdf,08bff012301811eee2caa149fca626ae6787f61dcee2951fce77830ac7b5de44,Only percentages and 95% confidence intervals are printed. Raw event counts are NOT REPORTED and were not reverse-engineered.,NARRATIVE ONLY,EXCLUDE,Outside defined quantitative estimands; retained in full descriptive extraction.,,1,,
AUDIT-0240,Sun 2017,Sun_2017,V34_B3_042,Preoperative + intraoperative true TEAS (TTS),All-period sham TEAS (SSS),TEAS,Sham,Patient satisfaction,Patient satisfaction — extremely satisfied,Postoperative assessment; exact clock time not separately stated,Available-case/completer analysis,91.0,90.0,,,,,,,percent,Published percentage (95% CI),Clin J Pain 2017;33:344; Table 2,Patient satisfaction — extremely satisfied: SSS 88.9% (82.4–95.4); active arm 100.0% (100–100); overall P=<0.001.,TEAS EA Verification/Source PDFs/sun2017-2.pdf,08bff012301811eee2caa149fca626ae6787f61dcee2951fce77830ac7b5de44,Only percentages and 95% confidence intervals are printed. Raw event counts are NOT REPORTED and were not reverse-engineered.,NARRATIVE ONLY,EXCLUDE,Outside defined quantitative estimands; retained in full descriptive extraction.,,1,,
AUDIT-0241,Sun 2017,Sun_2017,V34_B3_043,Preoperative + postoperative true TEAS (TST),All-period sham TEAS (SSS),TEAS,Sham,Patient satisfaction,Patient satisfaction — extremely satisfied,Postoperative assessment; exact clock time not separately stated,Available-case/completer analysis,89.0,90.0,,,,,,,percent,Published percentage (95% CI),Clin J Pain 2017;33:344; Table 2,Patient satisfaction — extremely satisfied: SSS 88.9% (82.4–95.4); active arm 100.0% (100–100); overall P=<0.001.,TEAS EA Verification/Source PDFs/sun2017-2.pdf,08bff012301811eee2caa149fca626ae6787f61dcee2951fce77830ac7b5de44,Only percentages and 95% confidence intervals are printed. Raw event counts are NOT REPORTED and were not reverse-engineered.,NARRATIVE ONLY,EXCLUDE,Outside defined quantitative estimands; retained in full descriptive extraction.,,1,,
AUDIT-0242,Sun 2017,Sun_2017,V34_B3_044,Preoperative true TEAS only (TSS),All-period sham TEAS (SSS),TEAS,Sham,Intraoperative opioid,Author-defined intraoperative morphine-equivalent exposure,Intraoperative,Available-case/completer analysis,91.0,90.0,1.6,0.4,1.5,0.4,,,mg/kg; author-defined conversion metric,Mean/SD,Clin J Pain 2017;33:344; Table 2,Intraoperative morphine (mg/kg): SSS 1.5±0.4; Preoperative true TEAS only 1.6±0.4; overall P=0.303.,TEAS EA Verification/Source PDFs/sun2017-2.pdf,08bff012301811eee2caa149fca626ae6787f61dcee2951fce77830ac7b5de44,Authors converted intraoperative sufentanil/remifentanil to a study-defined morphine metric using their stated equivalencies. Preserve as author-defined; do not mix automatically with standardized postoperative IV MME.,CONDITIONAL,EXCLUDE,Outside defined quantitative estimands; retained in full descriptive extraction.,,1,,
AUDIT-0243,Sun 2017,Sun_2017,V34_B3_045,Preoperative + intraoperative true TEAS (TTS),All-period sham TEAS (SSS),TEAS,Sham,Intraoperative opioid,Author-defined intraoperative morphine-equivalent exposure,Intraoperative,Available-case/completer analysis,91.0,90.0,1.6,0.4,1.5,0.4,,,mg/kg; author-defined conversion metric,Mean/SD,Clin J Pain 2017;33:344; Table 2,Intraoperative morphine (mg/kg): SSS 1.5±0.4; Preoperative + intraoperative true TEAS 1.6±0.4; overall P=0.303.,TEAS EA Verification/Source PDFs/sun2017-2.pdf,08bff012301811eee2caa149fca626ae6787f61dcee2951fce77830ac7b5de44,Authors converted intraoperative sufentanil/remifentanil to a study-defined morphine metric using their stated equivalencies. Preserve as author-defined; do not mix automatically with standardized postoperative IV MME.,CONDITIONAL,EXCLUDE,Outside defined quantitative estimands; retained in full descriptive extraction.,,1,,
AUDIT-0244,Sun 2017,Sun_2017,V34_B3_046,Preoperative + postoperative true TEAS (TST),All-period sham TEAS (SSS),TEAS,Sham,Intraoperative opioid,Author-defined intraoperative morphine-equivalent exposure,Intraoperative,Available-case/completer analysis,89.0,90.0,1.5,0.4,1.5,0.4,,,mg/kg; author-defined conversion metric,Mean/SD,Clin J Pain 2017;33:344; Table 2,Intraoperative morphine (mg/kg): SSS 1.5±0.4; Preoperative + postoperative true TEAS 1.5±0.4; overall P=0.303.,TEAS EA Verification/Source PDFs/sun2017-2.pdf,08bff012301811eee2caa149fca626ae6787f61dcee2951fce77830ac7b5de44,Authors converted intraoperative sufentanil/remifentanil to a study-defined morphine metric using their stated equivalencies. Preserve as author-defined; do not mix automatically with standardized postoperative IV MME.,CONDITIONAL,EXCLUDE,Outside defined quantitative estimands; retained in full descriptive extraction.,,1,,
AUDIT-0245,Sun 2017,Sun_2017,V34_B3_047,Preoperative true TEAS only (TSS),All-period sham TEAS (SSS),TEAS,Sham,Functional recovery,Extubation time,Postoperative,Available-case/completer analysis,91.0,90.0,20.8,15.8,22.5,13.2,,,minutes,Mean/SD,Clin J Pain 2017;33:344; Table 2,Extubation time: SSS 22.5±13.2; active arm 20.8±15.8; overall P=0.180.,TEAS EA Verification/Source PDFs/sun2017-2.pdf,08bff012301811eee2caa149fca626ae6787f61dcee2951fce77830ac7b5de44,NOT REPORTED,INCLUDE,EXCLUDE,Outside defined quantitative estimands; retained in full descriptive extraction.,,1,,
AUDIT-0246,Sun 2017,Sun_2017,V34_B3_048,Preoperative + intraoperative true TEAS (TTS),All-period sham TEAS (SSS),TEAS,Sham,Functional recovery,Extubation time,Postoperative,Available-case/completer analysis,91.0,90.0,18.4,10.1,22.5,13.2,,,minutes,Mean/SD,Clin J Pain 2017;33:344; Table 2,Extubation time: SSS 22.5±13.2; active arm 18.4±10.1; overall P=0.180.,TEAS EA Verification/Source PDFs/sun2017-2.pdf,08bff012301811eee2caa149fca626ae6787f61dcee2951fce77830ac7b5de44,NOT REPORTED,INCLUDE,EXCLUDE,Outside defined quantitative estimands; retained in full descriptive extraction.,,1,,
AUDIT-0247,Sun 2017,Sun_2017,V34_B3_049,Preoperative + postoperative true TEAS (TST),All-period sham TEAS (SSS),TEAS,Sham,Functional recovery,Extubation time,Postoperative,Available-case/completer analysis,89.0,90.0,21.5,12.3,22.5,13.2,,,minutes,Mean/SD,Clin J Pain 2017;33:344; Table 2,Extubation time: SSS 22.5±13.2; active arm 21.5±12.3; overall P=0.180.,TEAS EA Verification/Source PDFs/sun2017-2.pdf,08bff012301811eee2caa149fca626ae6787f61dcee2951fce77830ac7b5de44,NOT REPORTED,INCLUDE,EXCLUDE,Outside defined quantitative estimands; retained in full descriptive extraction.,,1,,
AUDIT-0248,Sun 2017,Sun_2017,V34_B3_050,Preoperative true TEAS only (TSS),All-period sham TEAS (SSS),TEAS,Sham,Functional recovery,Length of stay in PACU,Postoperative,Available-case/completer analysis,91.0,90.0,62.2,19.4,66.0,16.0,,,minutes,Mean/SD,Clin J Pain 2017;33:344; Table 2,Length of stay in PACU: SSS 66.0±16.0; active arm 62.2±19.4; overall P=0.379.,TEAS EA Verification/Source PDFs/sun2017-2.pdf,08bff012301811eee2caa149fca626ae6787f61dcee2951fce77830ac7b5de44,NOT REPORTED,INCLUDE,EXCLUDE,Outside defined quantitative estimands; retained in full descriptive extraction.,,1,,
AUDIT-0249,Sun 2017,Sun_2017,V34_B3_051,Preoperative + intraoperative true TEAS (TTS),All-period sham TEAS (SSS),TEAS,Sham,Functional recovery,Length of stay in PACU,Postoperative,Available-case/completer analysis,91.0,90.0,62.7,16.3,66.0,16.0,,,minutes,Mean/SD,Clin J Pain 2017;33:344; Table 2,Length of stay in PACU: SSS 66.0±16.0; active arm 62.7±16.3; overall P=0.379.,TEAS EA Verification/Source PDFs/sun2017-2.pdf,08bff012301811eee2caa149fca626ae6787f61dcee2951fce77830ac7b5de44,NOT REPORTED,INCLUDE,EXCLUDE,Outside defined quantitative estimands; retained in full descriptive extraction.,,1,,
AUDIT-0250,Sun 2017,Sun_2017,V34_B3_052,Preoperative + postoperative true TEAS (TST),All-period sham TEAS (SSS),TEAS,Sham,Functional recovery,Length of stay in PACU,Postoperative,Available-case/completer analysis,89.0,90.0,64.8,15.5,66.0,16.0,,,minutes,Mean/SD,Clin J Pain 2017;33:344; Table 2,Length of stay in PACU: SSS 66.0±16.0; active arm 64.8±15.5; overall P=0.379.,TEAS EA Verification/Source PDFs/sun2017-2.pdf,08bff012301811eee2caa149fca626ae6787f61dcee2951fce77830ac7b5de44,NOT REPORTED,INCLUDE,EXCLUDE,Outside defined quantitative estimands; retained in full descriptive extraction.,,1,,
AUDIT-0251,Sun 2017,Sun_2017,V34_B3_053,Preoperative true TEAS only (TSS),All-period sham TEAS (SSS),TEAS,Sham,GI recovery,Time to first postoperative flatus,Postoperative,Available-case/completer analysis,91.0,90.0,45.2,19.9,41.5,19.6,,,hours,Mean/SD,Clin J Pain 2017;33:344; Table 2,Time to first postoperative flatus: SSS 41.5±19.6; active arm 45.2±19.9; overall P=0.391.,TEAS EA Verification/Source PDFs/sun2017-2.pdf,08bff012301811eee2caa149fca626ae6787f61dcee2951fce77830ac7b5de44,NOT REPORTED,INCLUDE,INCLUDE,Leave-out diagnostic: Zheng2025 printed SD/P internal inconsistency unresolved; not a replacement body.,;flatus_TEAS_sham;flatus_TEAS_sham_SMD_sensitivity;flatus_TEAS_sham_without_Zheng2025,1,,
AUDIT-0252,Sun 2017,Sun_2017,V34_B3_054,Preoperative + intraoperative true TEAS (TTS),All-period sham TEAS (SSS),TEAS,Sham,GI recovery,Time to first postoperative flatus,Postoperative,Available-case/completer analysis,91.0,90.0,44.7,16.6,41.5,19.6,,,hours,Mean/SD,Clin J Pain 2017;33:344; Table 2,Time to first postoperative flatus: SSS 41.5±19.6; active arm 44.7±16.6; overall P=0.391.,TEAS EA Verification/Source PDFs/sun2017-2.pdf,08bff012301811eee2caa149fca626ae6787f61dcee2951fce77830ac7b5de44,NOT REPORTED,INCLUDE,INCLUDE,Leave-out diagnostic: Zheng2025 printed SD/P internal inconsistency unresolved; not a replacement body.,;flatus_TEAS_sham;flatus_TEAS_sham_SMD_sensitivity;flatus_TEAS_sham_without_Zheng2025,1,,
AUDIT-0253,Sun 2017,Sun_2017,V34_B3_055,Preoperative + postoperative true TEAS (TST),All-period sham TEAS (SSS),TEAS,Sham,GI recovery,Time to first postoperative flatus,Postoperative,Available-case/completer analysis,89.0,90.0,41.6,18.1,41.5,19.6,,,hours,Mean/SD,Clin J Pain 2017;33:344; Table 2,Time to first postoperative flatus: SSS 41.5±19.6; active arm 41.6±18.1; overall P=0.391.,TEAS EA Verification/Source PDFs/sun2017-2.pdf,08bff012301811eee2caa149fca626ae6787f61dcee2951fce77830ac7b5de44,NOT REPORTED,INCLUDE,INCLUDE,Leave-out diagnostic: Zheng2025 printed SD/P internal inconsistency unresolved; not a replacement body.,;flatus_TEAS_sham;flatus_TEAS_sham_SMD_sensitivity;flatus_TEAS_sham_without_Zheng2025,1,,
AUDIT-0254,Sun 2017,Sun_2017,V34_B3_056,Preoperative true TEAS only (TSS),All-period sham TEAS (SSS),TEAS,Sham,GI recovery,Time to first postoperative defecation,Postoperative,Available-case/completer analysis,91.0,90.0,63.6,19.8,63.4,22.9,,,hours,Mean/SD,Clin J Pain 2017;33:344; Table 2,Time to first postoperative defecation: SSS 63.4±22.9; active arm 63.6±19.8; overall P=0.127.,TEAS EA Verification/Source PDFs/sun2017-2.pdf,08bff012301811eee2caa149fca626ae6787f61dcee2951fce77830ac7b5de44,NOT REPORTED,INCLUDE,INCLUDE,Source construct/window/contrast reviewed; direct data admitted.,;defecation_TEAS_sham,1,,
AUDIT-0255,Sun 2017,Sun_2017,V34_B3_057,Preoperative + intraoperative true TEAS (TTS),All-period sham TEAS (SSS),TEAS,Sham,GI recovery,Time to first postoperative defecation,Postoperative,Available-case/completer analysis,91.0,90.0,61.8,15.7,63.4,22.9,,,hours,Mean/SD,Clin J Pain 2017;33:344; Table 2,Time to first postoperative defecation: SSS 63.4±22.9; active arm 61.8±15.7; overall P=0.127.,TEAS EA Verification/Source PDFs/sun2017-2.pdf,08bff012301811eee2caa149fca626ae6787f61dcee2951fce77830ac7b5de44,NOT REPORTED,INCLUDE,INCLUDE,Source construct/window/contrast reviewed; direct data admitted.,;defecation_TEAS_sham,1,,
AUDIT-0256,Sun 2017,Sun_2017,V34_B3_058,Preoperative + postoperative true TEAS (TST),All-period sham TEAS (SSS),TEAS,Sham,GI recovery,Time to first postoperative defecation,Postoperative,Available-case/completer analysis,89.0,90.0,57.3,20.6,63.4,22.9,,,hours,Mean/SD,Clin J Pain 2017;33:344; Table 2,Time to first postoperative defecation: SSS 63.4±22.9; active arm 57.3±20.6; overall P=0.127.,TEAS EA Verification/Source PDFs/sun2017-2.pdf,08bff012301811eee2caa149fca626ae6787f61dcee2951fce77830ac7b5de44,NOT REPORTED,INCLUDE,INCLUDE,Source construct/window/contrast reviewed; direct data admitted.,;defecation_TEAS_sham,1,,
AUDIT-0257,Sun 2017,Sun_2017,V34_B3_059,Preoperative true TEAS only (TSS),All-period sham TEAS (SSS),TEAS,Sham,Adverse events,TEAS-related side effects,0–48 h postoperative,Available-case/completer analysis,91.0,90.0,,,,,0.0,0.0,participants,Events/total,Clin J Pain 2017;33:344; Results text,No side effect related to TEAS was observed during the postoperative 48 hours.,TEAS EA Verification/Source PDFs/sun2017-2.pdf,08bff012301811eee2caa149fca626ae6787f61dcee2951fce77830ac7b5de44,"Specific monitored TEAS side effects included local irritation, redness, contact dermatitis and muscle ache.",INCLUDE,EXCLUDE,Outside defined quantitative estimands; retained in full descriptive extraction.,,1,,
AUDIT-0258,Sun 2017,Sun_2017,V34_B3_060,Preoperative + intraoperative true TEAS (TTS),All-period sham TEAS (SSS),TEAS,Sham,Adverse events,TEAS-related side effects,0–48 h postoperative,Available-case/completer analysis,91.0,90.0,,,,,0.0,0.0,participants,Events/total,Clin J Pain 2017;33:344; Results text,No side effect related to TEAS was observed during the postoperative 48 hours.,TEAS EA Verification/Source PDFs/sun2017-2.pdf,08bff012301811eee2caa149fca626ae6787f61dcee2951fce77830ac7b5de44,"Specific monitored TEAS side effects included local irritation, redness, contact dermatitis and muscle ache.",INCLUDE,EXCLUDE,Outside defined quantitative estimands; retained in full descriptive extraction.,,1,,
AUDIT-0259,Sun 2017,Sun_2017,V34_B3_061,Preoperative + postoperative true TEAS (TST),All-period sham TEAS (SSS),TEAS,Sham,Adverse events,TEAS-related side effects,0–48 h postoperative,Available-case/completer analysis,89.0,90.0,,,,,0.0,0.0,participants,Events/total,Clin J Pain 2017;33:344; Results text,No side effect related to TEAS was observed during the postoperative 48 hours.,TEAS EA Verification/Source PDFs/sun2017-2.pdf,08bff012301811eee2caa149fca626ae6787f61dcee2951fce77830ac7b5de44,"Specific monitored TEAS side effects included local irritation, redness, contact dermatitis and muscle ache.",INCLUDE,EXCLUDE,Outside defined quantitative estimands; retained in full descriptive extraction.,,1,,
AUDIT-0260,Sim 2002,Sim_2002,V34_B3_062,Preoperative EA (Group II),Placebo EA (Group I),EA,Sham,Pain,Mean resting VAS over first 24 h,0–24 h mean across 6-hourly assessments,All randomized/analyzed,30.0,30.0,4.7,1.8,4.5,2.1,,,VAS 0–10,Mean/SD,Acupuncture in Medicine 2002;20:60–61; Table 2,Mean VAS over 24 hours: Group I 4.5±2.1; active arm 4.7±1.8.,TEAS EA Verification/Source PDFs/covidence_952_full_article.pdf,1cf418faabb4104db030b3f0b0196783cd6198d2ff5ed51c539c88ca51e6bd8a,"Table footnote states these are mean values over 24 h, not the exact 24-h point measurement.",INCLUDE,EXCLUDE,Outside defined quantitative estimands; retained in full descriptive extraction.,,1,,
AUDIT-0261,Sim 2002,Sim_2002,V34_B3_063,Postoperative EA (Group III),Placebo EA (Group I),EA,Sham,Pain,Mean resting VAS over first 24 h,0–24 h mean across 6-hourly assessments,All randomized/analyzed,30.0,30.0,3.9,1.6,4.5,2.1,,,VAS 0–10,Mean/SD,Acupuncture in Medicine 2002;20:60–61; Table 2,Mean VAS over 24 hours: Group I 4.5±2.1; active arm 3.9±1.6.,TEAS EA Verification/Source PDFs/covidence_952_full_article.pdf,1cf418faabb4104db030b3f0b0196783cd6198d2ff5ed51c539c88ca51e6bd8a,"Table footnote states these are mean values over 24 h, not the exact 24-h point measurement.",INCLUDE,EXCLUDE,Outside defined quantitative estimands; retained in full descriptive extraction.,,1,,
AUDIT-0262,Sim 2002,Sim_2002,V34_B3_064,Preoperative EA (Group II),Placebo EA (Group I),EA,Sham,Pain,Resting VAS,6 h,All randomized/analyzed,30.0,30.0,,,,,,,VAS 0–10,Other (describe),Acupuncture in Medicine 2002;20:59–61; Outcomes/Results text,The VAS for pain assessed every 6 hours was not different among the three groups.,TEAS EA Verification/Source PDFs/covidence_952_full_article.pdf,1cf418faabb4104db030b3f0b0196783cd6198d2ff5ed51c539c88ca51e6bd8a,Exact group values for this individual clock-time assessment are NOT REPORTED. Do not substitute the Table 2 24-h mean.,NOT REPORTED,EXCLUDE,Outside defined quantitative estimands; retained in full descriptive extraction.,,1,,
AUDIT-0263,Sim 2002,Sim_2002,V34_B3_065,Preoperative EA (Group II),Placebo EA (Group I),EA,Sham,Pain,Resting VAS,12 h,All randomized/analyzed,30.0,30.0,,,,,,,VAS 0–10,Other (describe),Acupuncture in Medicine 2002;20:59–61; Outcomes/Results text,The VAS for pain assessed every 6 hours was not different among the three groups.,TEAS EA Verification/Source PDFs/covidence_952_full_article.pdf,1cf418faabb4104db030b3f0b0196783cd6198d2ff5ed51c539c88ca51e6bd8a,Exact group values for this individual clock-time assessment are NOT REPORTED. Do not substitute the Table 2 24-h mean.,NOT REPORTED,EXCLUDE,Outside defined quantitative estimands; retained in full descriptive extraction.,,1,,
AUDIT-0264,Sim 2002,Sim_2002,V34_B3_066,Preoperative EA (Group II),Placebo EA (Group I),EA,Sham,Pain,Resting VAS,18 h,All randomized/analyzed,30.0,30.0,,,,,,,VAS 0–10,Other (describe),Acupuncture in Medicine 2002;20:59–61; Outcomes/Results text,The VAS for pain assessed every 6 hours was not different among the three groups.,TEAS EA Verification/Source PDFs/covidence_952_full_article.pdf,1cf418faabb4104db030b3f0b0196783cd6198d2ff5ed51c539c88ca51e6bd8a,Exact group values for this individual clock-time assessment are NOT REPORTED. Do not substitute the Table 2 24-h mean.,NOT REPORTED,EXCLUDE,Outside defined quantitative estimands; retained in full descriptive extraction.,,1,,
AUDIT-0265,Sim 2002,Sim_2002,V34_B3_067,Preoperative EA (Group II),Placebo EA (Group I),EA,Sham,Pain,Resting VAS,24 h,All randomized/analyzed,30.0,30.0,,,,,,,VAS 0–10,Other (describe),Acupuncture in Medicine 2002;20:59–61; Outcomes/Results text,The VAS for pain assessed every 6 hours was not different among the three groups.,TEAS EA Verification/Source PDFs/covidence_952_full_article.pdf,1cf418faabb4104db030b3f0b0196783cd6198d2ff5ed51c539c88ca51e6bd8a,Exact group values for this individual clock-time assessment are NOT REPORTED. Do not substitute the Table 2 24-h mean.,NOT REPORTED,EXCLUDE,Outside defined quantitative estimands; retained in full descriptive extraction.,,1,,
AUDIT-0266,Sim 2002,Sim_2002,V34_B3_068,Postoperative EA (Group III),Placebo EA (Group I),EA,Sham,Pain,Resting VAS,6 h,All randomized/analyzed,30.0,30.0,,,,,,,VAS 0–10,Other (describe),Acupuncture in Medicine 2002;20:59–61; Outcomes/Results text,The VAS for pain assessed every 6 hours was not different among the three groups.,TEAS EA Verification/Source PDFs/covidence_952_full_article.pdf,1cf418faabb4104db030b3f0b0196783cd6198d2ff5ed51c539c88ca51e6bd8a,Exact group values for this individual clock-time assessment are NOT REPORTED. Do not substitute the Table 2 24-h mean.,NOT REPORTED,EXCLUDE,Outside defined quantitative estimands; retained in full descriptive extraction.,,1,,
AUDIT-0267,Sim 2002,Sim_2002,V34_B3_069,Postoperative EA (Group III),Placebo EA (Group I),EA,Sham,Pain,Resting VAS,12 h,All randomized/analyzed,30.0,30.0,,,,,,,VAS 0–10,Other (describe),Acupuncture in Medicine 2002;20:59–61; Outcomes/Results text,The VAS for pain assessed every 6 hours was not different among the three groups.,TEAS EA Verification/Source PDFs/covidence_952_full_article.pdf,1cf418faabb4104db030b3f0b0196783cd6198d2ff5ed51c539c88ca51e6bd8a,Exact group values for this individual clock-time assessment are NOT REPORTED. Do not substitute the Table 2 24-h mean.,NOT REPORTED,EXCLUDE,Outside defined quantitative estimands; retained in full descriptive extraction.,,1,,
AUDIT-0268,Sim 2002,Sim_2002,V34_B3_070,Postoperative EA (Group III),Placebo EA (Group I),EA,Sham,Pain,Resting VAS,18 h,All randomized/analyzed,30.0,30.0,,,,,,,VAS 0–10,Other (describe),Acupuncture in Medicine 2002;20:59–61; Outcomes/Results text,The VAS for pain assessed every 6 hours was not different among the three groups.,TEAS EA Verification/Source PDFs/covidence_952_full_article.pdf,1cf418faabb4104db030b3f0b0196783cd6198d2ff5ed51c539c88ca51e6bd8a,Exact group values for this individual clock-time assessment are NOT REPORTED. Do not substitute the Table 2 24-h mean.,NOT REPORTED,EXCLUDE,Outside defined quantitative estimands; retained in full descriptive extraction.,,1,,
AUDIT-0269,Sim 2002,Sim_2002,V34_B3_071,Postoperative EA (Group III),Placebo EA (Group I),EA,Sham,Pain,Resting VAS,24 h,All randomized/analyzed,30.0,30.0,,,,,,,VAS 0–10,Other (describe),Acupuncture in Medicine 2002;20:59–61; Outcomes/Results text,The VAS for pain assessed every 6 hours was not different among the three groups.,TEAS EA Verification/Source PDFs/covidence_952_full_article.pdf,1cf418faabb4104db030b3f0b0196783cd6198d2ff5ed51c539c88ca51e6bd8a,Exact group values for this individual clock-time assessment are NOT REPORTED. Do not substitute the Table 2 24-h mean.,NOT REPORTED,EXCLUDE,Outside defined quantitative estimands; retained in full descriptive extraction.,,1,,
AUDIT-0270,Sim 2002,Sim_2002,V34_B3_072,Preoperative EA (Group II),Placebo EA (Group I),EA,Sham,PONV,PONV,0–24 h,All randomized/analyzed,30.0,30.0,,,,,,,percent,Published percentage,Acupuncture in Medicine 2002;20:60–61; Table 2,PONV (%): Group I 46.6; Group II 43.3; Group III 56.7.,TEAS EA Verification/Source PDFs/covidence_952_full_article.pdf,1cf418faabb4104db030b3f0b0196783cd6198d2ff5ed51c539c88ca51e6bd8a,Raw event counts are NOT REPORTED and were not reconstructed from rounded percentages.,NARRATIVE ONLY,EXCLUDE,Outside defined quantitative estimands; retained in full descriptive extraction.,,1,,
AUDIT-0271,Sim 2002,Sim_2002,V34_B3_073,Postoperative EA (Group III),Placebo EA (Group I),EA,Sham,PONV,PONV,0–24 h,All randomized/analyzed,30.0,30.0,,,,,,,percent,Published percentage,Acupuncture in Medicine 2002;20:60–61; Table 2,PONV (%): Group I 46.6; Group II 43.3; Group III 56.7.,TEAS EA Verification/Source PDFs/covidence_952_full_article.pdf,1cf418faabb4104db030b3f0b0196783cd6198d2ff5ed51c539c88ca51e6bd8a,Raw event counts are NOT REPORTED and were not reconstructed from rounded percentages.,NARRATIVE ONLY,EXCLUDE,Outside defined quantitative estimands; retained in full descriptive extraction.,,1,,
AUDIT-0272,Sim 2002,Sim_2002,V34_B3_074,Preoperative EA (Group II),Placebo EA (Group I),EA,Sham,Opioid-related adverse effect,Drowsiness,0–24 h,All randomized/analyzed,30.0,30.0,,,,,,,percent,Published percentage,Acupuncture in Medicine 2002;20:60–61; Table 2,Drowsiness (%): Group I 30.0; Group II 23.3; Group III 33.3.,TEAS EA Verification/Source PDFs/covidence_952_full_article.pdf,1cf418faabb4104db030b3f0b0196783cd6198d2ff5ed51c539c88ca51e6bd8a,Raw event counts are NOT REPORTED and were not reconstructed from rounded percentages.,NARRATIVE ONLY,EXCLUDE,Outside defined quantitative estimands; retained in full descriptive extraction.,,1,,
AUDIT-0273,Sim 2002,Sim_2002,V34_B3_075,Postoperative EA (Group III),Placebo EA (Group I),EA,Sham,Opioid-related adverse effect,Drowsiness,0–24 h,All randomized/analyzed,30.0,30.0,,,,,,,percent,Published percentage,Acupuncture in Medicine 2002;20:60–61; Table 2,Drowsiness (%): Group I 30.0; Group II 23.3; Group III 33.3.,TEAS EA Verification/Source PDFs/covidence_952_full_article.pdf,1cf418faabb4104db030b3f0b0196783cd6198d2ff5ed51c539c88ca51e6bd8a,Raw event counts are NOT REPORTED and were not reconstructed from rounded percentages.,NARRATIVE ONLY,EXCLUDE,Outside defined quantitative estimands; retained in full descriptive extraction.,,1,,
AUDIT-0274,Sim 2002,Sim_2002,V34_B3_076,Preoperative EA (Group II),Placebo EA (Group I),EA,Sham,Opioid-related adverse effect,Pruritus,0–24 h,All randomized/analyzed,30.0,30.0,,,,,,,percent,Published percentage,Acupuncture in Medicine 2002;20:60–61; Table 2,Pruritus (%): Group I 16.7; Group II 13.3; Group III 16.7.,TEAS EA Verification/Source PDFs/covidence_952_full_article.pdf,1cf418faabb4104db030b3f0b0196783cd6198d2ff5ed51c539c88ca51e6bd8a,Raw event counts are NOT REPORTED and were not reconstructed from rounded percentages.,NARRATIVE ONLY,EXCLUDE,Outside defined quantitative estimands; retained in full descriptive extraction.,,1,,
AUDIT-0275,Sim 2002,Sim_2002,V34_B3_077,Postoperative EA (Group III),Placebo EA (Group I),EA,Sham,Opioid-related adverse effect,Pruritus,0–24 h,All randomized/analyzed,30.0,30.0,,,,,,,percent,Published percentage,Acupuncture in Medicine 2002;20:60–61; Table 2,Pruritus (%): Group I 16.7; Group II 13.3; Group III 16.7.,TEAS EA Verification/Source PDFs/covidence_952_full_article.pdf,1cf418faabb4104db030b3f0b0196783cd6198d2ff5ed51c539c88ca51e6bd8a,Raw event counts are NOT REPORTED and were not reconstructed from rounded percentages.,NARRATIVE ONLY,EXCLUDE,Outside defined quantitative estimands; retained in full descriptive extraction.,,1,,
AUDIT-0276,Sim 2002,Sim_2002,V34_B3_078,Preoperative EA (Group II),Placebo EA (Group I),EA,Sham,Opioid consumption,Postoperative IV PCA morphine in interval,0–6 h,All randomized/analyzed,30.0,30.0,,,,,,,mg/kg,Graph only,Acupuncture in Medicine 2002;20:60; Figure 3,Figure 3 presents postoperative morphine requirement for 0–6 h.,TEAS EA Verification/Source PDFs/covidence_952_full_article.pdf,1cf418faabb4104db030b3f0b0196783cd6198d2ff5ed51c539c88ca51e6bd8a,Exact numerical interval value is not printed. No visual digitization performed.,GRAPH ONLY,HOLD,"No directly tabulated mean/SD or event/denominator for current quantitative body; preserve original statistic, no automatic median or graph conversion.",,1,,
AUDIT-0277,Sim 2002,Sim_2002,V34_B3_079,Preoperative EA (Group II),Placebo EA (Group I),EA,Sham,Opioid consumption,Postoperative IV PCA morphine in interval,12–18 h,All randomized/analyzed,30.0,30.0,,,,,,,mg/kg,Graph only,Acupuncture in Medicine 2002;20:60; Figure 3,Figure 3 presents postoperative morphine requirement for 12–18 h.,TEAS EA Verification/Source PDFs/covidence_952_full_article.pdf,1cf418faabb4104db030b3f0b0196783cd6198d2ff5ed51c539c88ca51e6bd8a,Exact numerical interval value is not printed. No visual digitization performed.,GRAPH ONLY,HOLD,"No directly tabulated mean/SD or event/denominator for current quantitative body; preserve original statistic, no automatic median or graph conversion.",,1,,
AUDIT-0278,Sim 2002,Sim_2002,V34_B3_080,Preoperative EA (Group II),Placebo EA (Group I),EA,Sham,Opioid consumption,Postoperative IV PCA morphine in interval,18–24 h,All randomized/analyzed,30.0,30.0,,,,,,,mg/kg,Graph only,Acupuncture in Medicine 2002;20:60; Figure 3,Figure 3 presents postoperative morphine requirement for 18–24 h.,TEAS EA Verification/Source PDFs/covidence_952_full_article.pdf,1cf418faabb4104db030b3f0b0196783cd6198d2ff5ed51c539c88ca51e6bd8a,Exact numerical interval value is not printed. No visual digitization performed.,GRAPH ONLY,HOLD,"No directly tabulated mean/SD or event/denominator for current quantitative body; preserve original statistic, no automatic median or graph conversion.",,1,,
AUDIT-0279,Sim 2002,Sim_2002,V34_B3_081,Postoperative EA (Group III),Placebo EA (Group I),EA,Sham,Opioid consumption,Postoperative IV PCA morphine in interval,0–6 h,All randomized/analyzed,30.0,30.0,,,,,,,mg/kg,Graph only,Acupuncture in Medicine 2002;20:60; Figure 3,Figure 3 presents postoperative morphine requirement for 0–6 h.,TEAS EA Verification/Source PDFs/covidence_952_full_article.pdf,1cf418faabb4104db030b3f0b0196783cd6198d2ff5ed51c539c88ca51e6bd8a,Exact numerical interval value is not printed. No visual digitization performed.,GRAPH ONLY,HOLD,"No directly tabulated mean/SD or event/denominator for current quantitative body; preserve original statistic, no automatic median or graph conversion.",,1,,
AUDIT-0280,Sim 2002,Sim_2002,V34_B3_082,Postoperative EA (Group III),Placebo EA (Group I),EA,Sham,Opioid consumption,Postoperative IV PCA morphine in interval,12–18 h,All randomized/analyzed,30.0,30.0,,,,,,,mg/kg,Graph only,Acupuncture in Medicine 2002;20:60; Figure 3,Figure 3 presents postoperative morphine requirement for 12–18 h.,TEAS EA Verification/Source PDFs/covidence_952_full_article.pdf,1cf418faabb4104db030b3f0b0196783cd6198d2ff5ed51c539c88ca51e6bd8a,Exact numerical interval value is not printed. No visual digitization performed.,GRAPH ONLY,HOLD,"No directly tabulated mean/SD or event/denominator for current quantitative body; preserve original statistic, no automatic median or graph conversion.",,1,,
AUDIT-0281,Sim 2002,Sim_2002,V34_B3_083,Postoperative EA (Group III),Placebo EA (Group I),EA,Sham,Opioid consumption,Postoperative IV PCA morphine in interval,18–24 h,All randomized/analyzed,30.0,30.0,,,,,,,mg/kg,Graph only,Acupuncture in Medicine 2002;20:60; Figure 3,Figure 3 presents postoperative morphine requirement for 18–24 h.,TEAS EA Verification/Source PDFs/covidence_952_full_article.pdf,1cf418faabb4104db030b3f0b0196783cd6198d2ff5ed51c539c88ca51e6bd8a,Exact numerical interval value is not printed. No visual digitization performed.,GRAPH ONLY,HOLD,"No directly tabulated mean/SD or event/denominator for current quantitative body; preserve original statistic, no automatic median or graph conversion.",,1,,
AUDIT-0282,Lu 2021,Lu_2021,V34_B3_084,Single PC6 TEAS,Sham/no current,TEAS,Sham,Functional recovery,Time to first verbal response,Immediate postoperative recovery,Intention-to-treat,198.0,188.0,9.1,4.4,9.2,5.1,,,minutes,Mean/SD,"Journal of Clinical Anesthesia 74 (2021), Table 3; Table 3",Time to first verbal response: sham 9.2±5.1; single 9.1±4.4; combined 9.1±4.9; P=0.80.,TEAS EA Verification/Source PDFs/covidence_414_full_article.pdf,7f03819dbf9b4b292cfed8ba78be7233349e036cc4f9cb144cfa1e0db17094a7,NOT REPORTED,INCLUDE,EXCLUDE,Outside defined quantitative estimands; retained in full descriptive extraction.,,1,,
AUDIT-0283,Lu 2021,Lu_2021,V34_B3_085,Combined PC6+CV17 TEAS,Sham/no current,TEAS,Sham,Functional recovery,Time to first verbal response,Immediate postoperative recovery,Intention-to-treat,190.0,188.0,9.1,4.9,9.2,5.1,,,minutes,Mean/SD,"Journal of Clinical Anesthesia 74 (2021), Table 3; Table 3",Time to first verbal response: sham 9.2±5.1; single 9.1±4.4; combined 9.1±4.9; P=0.80.,TEAS EA Verification/Source PDFs/covidence_414_full_article.pdf,7f03819dbf9b4b292cfed8ba78be7233349e036cc4f9cb144cfa1e0db17094a7,NOT REPORTED,INCLUDE,EXCLUDE,Outside defined quantitative estimands; retained in full descriptive extraction.,,1,,
AUDIT-0284,Lu 2021,Lu_2021,V34_B3_086,Single PC6 TEAS,Sham/no current,TEAS,Sham,Functional recovery,Time to extubation,Immediate postoperative recovery,Intention-to-treat,198.0,188.0,10.4,4.8,10.7,5.9,,,minutes,Mean/SD,"Journal of Clinical Anesthesia 74 (2021), Table 3; Table 3",Time to extubation: sham 10.7±5.9; single 10.4±4.8; combined 10.6±5.2; P=0.82.,TEAS EA Verification/Source PDFs/covidence_414_full_article.pdf,7f03819dbf9b4b292cfed8ba78be7233349e036cc4f9cb144cfa1e0db17094a7,NOT REPORTED,INCLUDE,EXCLUDE,Outside defined quantitative estimands; retained in full descriptive extraction.,,1,,
AUDIT-0285,Lu 2021,Lu_2021,V34_B3_087,Combined PC6+CV17 TEAS,Sham/no current,TEAS,Sham,Functional recovery,Time to extubation,Immediate postoperative recovery,Intention-to-treat,190.0,188.0,10.6,5.2,10.7,5.9,,,minutes,Mean/SD,"Journal of Clinical Anesthesia 74 (2021), Table 3; Table 3",Time to extubation: sham 10.7±5.9; single 10.4±4.8; combined 10.6±5.2; P=0.82.,TEAS EA Verification/Source PDFs/covidence_414_full_article.pdf,7f03819dbf9b4b292cfed8ba78be7233349e036cc4f9cb144cfa1e0db17094a7,NOT REPORTED,INCLUDE,EXCLUDE,Outside defined quantitative estimands; retained in full descriptive extraction.,,1,,
AUDIT-0286,Lu 2021,Lu_2021,V34_B3_088,Single PC6 TEAS,Sham/no current,TEAS,Sham,Pain,NRS at rest,24 h after surgery,Intention-to-treat,198.0,188.0,,,,,,,NRS 0–10,Median/IQR,"Journal of Clinical Anesthesia 74 (2021), pp. 4–6; Table 3 + Results §3.3",NRS at rest at 24 h: sham 1(0–1.6); single 0.9(0–1.3); combined 1(0–1).,TEAS EA Verification/Source PDFs/covidence_414_full_article.pdf,7f03819dbf9b4b292cfed8ba78be7233349e036cc4f9cb144cfa1e0db17094a7,INTERNAL SOURCE CONFLICT: Table 3 and Results prose give different omnibus P values. Values are taken from Table 3; both P values are preserved.,NARRATIVE ONLY,HOLD,"No directly tabulated mean/SD or event/denominator for current quantitative body; preserve original statistic, no automatic median or graph conversion.",,1,,
AUDIT-0287,Lu 2021,Lu_2021,V34_B3_089,Combined PC6+CV17 TEAS,Sham/no current,TEAS,Sham,Pain,NRS at rest,24 h after surgery,Intention-to-treat,190.0,188.0,,,,,,,NRS 0–10,Median/IQR,"Journal of Clinical Anesthesia 74 (2021), pp. 4–6; Table 3 + Results §3.3",NRS at rest at 24 h: sham 1(0–1.6); single 0.9(0–1.3); combined 1(0–1).,TEAS EA Verification/Source PDFs/covidence_414_full_article.pdf,7f03819dbf9b4b292cfed8ba78be7233349e036cc4f9cb144cfa1e0db17094a7,INTERNAL SOURCE CONFLICT: Table 3 and Results prose give different omnibus P values. Values are taken from Table 3; both P values are preserved.,NARRATIVE ONLY,HOLD,"No directly tabulated mean/SD or event/denominator for current quantitative body; preserve original statistic, no automatic median or graph conversion.",,1,,
AUDIT-0288,Lu 2021,Lu_2021,V34_B3_090,Single PC6 TEAS,Sham/no current,TEAS,Sham,Pain,NRS at cough,24 h after surgery,Intention-to-treat,198.0,188.0,,,,,,,NRS 0–10,Median/IQR,"Journal of Clinical Anesthesia 74 (2021), pp. 4–6; Table 3 + Results §3.3",NRS at cough at 24 h: sham 1.1(0.1–2.8); single 1.3(0.3–2.9); combined 1(0–2.3).,TEAS EA Verification/Source PDFs/covidence_414_full_article.pdf,7f03819dbf9b4b292cfed8ba78be7233349e036cc4f9cb144cfa1e0db17094a7,INTERNAL SOURCE CONFLICT: Table 3 and Results prose give different omnibus P values. Values are taken from Table 3; both P values are preserved.,NARRATIVE ONLY,HOLD,"No directly tabulated mean/SD or event/denominator for current quantitative body; preserve original statistic, no automatic median or graph conversion.",,1,,
AUDIT-0289,Lu 2021,Lu_2021,V34_B3_091,Combined PC6+CV17 TEAS,Sham/no current,TEAS,Sham,Pain,NRS at cough,24 h after surgery,Intention-to-treat,190.0,188.0,,,,,,,NRS 0–10,Median/IQR,"Journal of Clinical Anesthesia 74 (2021), pp. 4–6; Table 3 + Results §3.3",NRS at cough at 24 h: sham 1.1(0.1–2.8); single 1.3(0.3–2.9); combined 1(0–2.3).,TEAS EA Verification/Source PDFs/covidence_414_full_article.pdf,7f03819dbf9b4b292cfed8ba78be7233349e036cc4f9cb144cfa1e0db17094a7,INTERNAL SOURCE CONFLICT: Table 3 and Results prose give different omnibus P values. Values are taken from Table 3; both P values are preserved.,NARRATIVE ONLY,HOLD,"No directly tabulated mean/SD or event/denominator for current quantitative body; preserve original statistic, no automatic median or graph conversion.",,1,,
AUDIT-0290,Lu 2021,Lu_2021,V34_B3_092,Single PC6 TEAS,Sham/no current,TEAS,Sham,Rescue analgesia,Demand for rescue parecoxib,0–24 h,Intention-to-treat,198.0,188.0,,,,,3.0,7.0,participants,Events/total,"Journal of Clinical Anesthesia 74 (2021), Table 3; Table 3 + Results §3.3",Rescue analgesia by 24 h: sham 7/188; single 3/198; combined 4/190.,TEAS EA Verification/Source PDFs/covidence_414_full_article.pdf,7f03819dbf9b4b292cfed8ba78be7233349e036cc4f9cb144cfa1e0db17094a7,INTERNAL SOURCE CONFLICT in reported omnibus P value. Rescue protocol: parecoxib sodium 40 mg for NRS >4.,INCLUDE,EXCLUDE,Outside defined quantitative estimands; retained in full descriptive extraction.,,1,,
AUDIT-0291,Lu 2021,Lu_2021,V34_B3_093,Combined PC6+CV17 TEAS,Sham/no current,TEAS,Sham,Rescue analgesia,Demand for rescue parecoxib,0–24 h,Intention-to-treat,190.0,188.0,,,,,4.0,7.0,participants,Events/total,"Journal of Clinical Anesthesia 74 (2021), Table 3; Table 3 + Results §3.3",Rescue analgesia by 24 h: sham 7/188; single 3/198; combined 4/190.,TEAS EA Verification/Source PDFs/covidence_414_full_article.pdf,7f03819dbf9b4b292cfed8ba78be7233349e036cc4f9cb144cfa1e0db17094a7,INTERNAL SOURCE CONFLICT in reported omnibus P value. Rescue protocol: parecoxib sodium 40 mg for NRS >4.,INCLUDE,EXCLUDE,Outside defined quantitative estimands; retained in full descriptive extraction.,,1,,
AUDIT-0292,Lu 2021,Lu_2021,V34_B3_094,Single PC6 TEAS,Sham/no current,TEAS,Sham,PONV,Nausea incidence,0–24 h,Intention-to-treat,198.0,188.0,,,,,38.0,45.0,participants,Events/total,"Journal of Clinical Anesthesia 74 (2021), Table 3; Table 3",Nausea incidence: sham 45/188; single 38/198; combined 12/190.,TEAS EA Verification/Source PDFs/covidence_414_full_article.pdf,7f03819dbf9b4b292cfed8ba78be7233349e036cc4f9cb144cfa1e0db17094a7,NOT REPORTED,INCLUDE,INCLUDE,Source construct/window/contrast reviewed; direct data admitted.,;nausea24_TEAS_sham,1,,
AUDIT-0293,Lu 2021,Lu_2021,V34_B3_095,Combined PC6+CV17 TEAS,Sham/no current,TEAS,Sham,PONV,Nausea incidence,0–24 h,Intention-to-treat,190.0,188.0,,,,,12.0,45.0,participants,Events/total,"Journal of Clinical Anesthesia 74 (2021), Table 3; Table 3",Nausea incidence: sham 45/188; single 38/198; combined 12/190.,TEAS EA Verification/Source PDFs/covidence_414_full_article.pdf,7f03819dbf9b4b292cfed8ba78be7233349e036cc4f9cb144cfa1e0db17094a7,NOT REPORTED,INCLUDE,INCLUDE,Source construct/window/contrast reviewed; direct data admitted.,;nausea24_TEAS_sham,1,,
AUDIT-0294,Lu 2021,Lu_2021,V34_B3_096,Single PC6 TEAS,Sham/no current,TEAS,Sham,PONV,Vomiting incidence,0–24 h,Intention-to-treat,198.0,188.0,,,,,21.0,22.0,participants,Events/total,"Journal of Clinical Anesthesia 74 (2021), Table 3; Table 3",Vomiting incidence: sham 22/188; single 21/198; combined 22/190.,TEAS EA Verification/Source PDFs/covidence_414_full_article.pdf,7f03819dbf9b4b292cfed8ba78be7233349e036cc4f9cb144cfa1e0db17094a7,NOT REPORTED,INCLUDE,INCLUDE,v36: Pan2023 moved to usual-care body (control did not undergo TEAS; no sham procedure).,;vomiting24_TEAS_sham,1,,
AUDIT-0295,Lu 2021,Lu_2021,V34_B3_097,Combined PC6+CV17 TEAS,Sham/no current,TEAS,Sham,PONV,Vomiting incidence,0–24 h,Intention-to-treat,190.0,188.0,,,,,22.0,22.0,participants,Events/total,"Journal of Clinical Anesthesia 74 (2021), Table 3; Table 3",Vomiting incidence: sham 22/188; single 21/198; combined 22/190.,TEAS EA Verification/Source PDFs/covidence_414_full_article.pdf,7f03819dbf9b4b292cfed8ba78be7233349e036cc4f9cb144cfa1e0db17094a7,NOT REPORTED,INCLUDE,INCLUDE,v36: Pan2023 moved to usual-care body (control did not undergo TEAS; no sham procedure).,;vomiting24_TEAS_sham,1,,
AUDIT-0296,Lu 2021,Lu_2021,V34_B3_098,Single PC6 TEAS,Sham/no current,TEAS,Sham,PONV,PONV severity score,0–24 h,Intention-to-treat,198.0,188.0,0.4,0.7,0.4,0.7,,,PONV severity score; scale definition not repeated in Table 3,Mean/SD,"Journal of Clinical Anesthesia 74 (2021), Table 3; Table 3",Score of PONV: sham 0.4±0.7; single 0.4±0.7; combined 0.3±0.7; omnibus P=0.03.,TEAS EA Verification/Source PDFs/covidence_414_full_article.pdf,7f03819dbf9b4b292cfed8ba78be7233349e036cc4f9cb144cfa1e0db17094a7,NOT REPORTED,INCLUDE,EXCLUDE,Outside defined quantitative estimands; retained in full descriptive extraction.,,1,,
AUDIT-0297,Lu 2021,Lu_2021,V34_B3_099,Combined PC6+CV17 TEAS,Sham/no current,TEAS,Sham,PONV,PONV severity score,0–24 h,Intention-to-treat,190.0,188.0,0.3,0.7,0.4,0.7,,,PONV severity score; scale definition not repeated in Table 3,Mean/SD,"Journal of Clinical Anesthesia 74 (2021), Table 3; Table 3",Score of PONV: sham 0.4±0.7; single 0.4±0.7; combined 0.3±0.7; omnibus P=0.03.,TEAS EA Verification/Source PDFs/covidence_414_full_article.pdf,7f03819dbf9b4b292cfed8ba78be7233349e036cc4f9cb144cfa1e0db17094a7,NOT REPORTED,INCLUDE,EXCLUDE,Outside defined quantitative estimands; retained in full descriptive extraction.,,1,,
AUDIT-0298,Lu 2021,Lu_2021,V34_B3_100,Single PC6 TEAS,Sham/no current,TEAS,Sham,Patient satisfaction,Analgesia satisfaction score,By 24 h after surgery,Intention-to-treat,198.0,188.0,8.2,1.1,8.2,0.9,,,satisfaction score; scale range not stated in retrieved table text,Mean/SD,"Journal of Clinical Anesthesia 74 (2021), Table 3; Table 3",Patient satisfaction: sham 8.2±0.9; single 8.2±1.1; combined 8.4±0.9; P=0.16.,TEAS EA Verification/Source PDFs/covidence_414_full_article.pdf,7f03819dbf9b4b292cfed8ba78be7233349e036cc4f9cb144cfa1e0db17094a7,NOT REPORTED,HOLD,HOLD,"Source ambiguity or unavailable required statistic: Source definition, timepoint, denominator, scale, statistic, or post-randomization subset requires adjudication; see raw source/QC.",,1,,
AUDIT-0299,Lu 2021,Lu_2021,V34_B3_101,Combined PC6+CV17 TEAS,Sham/no current,TEAS,Sham,Patient satisfaction,Analgesia satisfaction score,By 24 h after surgery,Intention-to-treat,190.0,188.0,8.4,0.9,8.2,0.9,,,satisfaction score; scale range not stated in retrieved table text,Mean/SD,"Journal of Clinical Anesthesia 74 (2021), Table 3; Table 3",Patient satisfaction: sham 8.2±0.9; single 8.2±1.1; combined 8.4±0.9; P=0.16.,TEAS EA Verification/Source PDFs/covidence_414_full_article.pdf,7f03819dbf9b4b292cfed8ba78be7233349e036cc4f9cb144cfa1e0db17094a7,NOT REPORTED,HOLD,HOLD,"Source ambiguity or unavailable required statistic: Source definition, timepoint, denominator, scale, statistic, or post-randomization subset requires adjudication; see raw source/QC.",,1,,
AUDIT-0300,Lu 2021,Lu_2021,V34_B3_102,Single PC6 TEAS,Sham/no current,TEAS,Sham,Chronic pain,Post-mastectomy chronic pain incidence,3 months,Intention-to-treat,198.0,188.0,,,,,70.0,75.0,participants,Events/total,"Journal of Clinical Anesthesia 74 (2021), Table 2; Table 2",Chronic pain at 3 months: sham 75/188; single 70/198; combined 58/190.,TEAS EA Verification/Source PDFs/covidence_414_full_article.pdf,7f03819dbf9b4b292cfed8ba78be7233349e036cc4f9cb144cfa1e0db17094a7,NOT REPORTED,INCLUDE,EXCLUDE,Outside defined quantitative estimands; retained in full descriptive extraction.,,1,,
AUDIT-0301,Lu 2021,Lu_2021,V34_B3_103,Combined PC6+CV17 TEAS,Sham/no current,TEAS,Sham,Chronic pain,Post-mastectomy chronic pain incidence,3 months,Intention-to-treat,190.0,188.0,,,,,58.0,75.0,participants,Events/total,"Journal of Clinical Anesthesia 74 (2021), Table 2; Table 2",Chronic pain at 3 months: sham 75/188; single 70/198; combined 58/190.,TEAS EA Verification/Source PDFs/covidence_414_full_article.pdf,7f03819dbf9b4b292cfed8ba78be7233349e036cc4f9cb144cfa1e0db17094a7,NOT REPORTED,INCLUDE,EXCLUDE,Outside defined quantitative estimands; retained in full descriptive extraction.,,1,,
AUDIT-0302,Lu 2021,Lu_2021,V34_B3_104,Single PC6 TEAS,Sham/no current,TEAS,Sham,Chronic pain,NRS among participants reporting chronic pain,3 months,Subset with chronic pain,70.0,75.0,2.6,2.0,2.8,2.0,,,NRS 0–10,Mean/SD,"Journal of Clinical Anesthesia 74 (2021), Table 2; Table 2",NRS among chronic-pain patients at 3 months: sham 2.8±2.0 (n=75); active 2.6±2.0 (n=70).,TEAS EA Verification/Source PDFs/covidence_414_full_article.pdf,7f03819dbf9b4b292cfed8ba78be7233349e036cc4f9cb144cfa1e0db17094a7,"Subset analysis denominator is the number of participants with chronic pain, not the randomized arm size.",HOLD,HOLD,"Source ambiguity or unavailable required statistic: Source definition, timepoint, denominator, scale, statistic, or post-randomization subset requires adjudication; see raw source/QC.",,1,,
AUDIT-0303,Lu 2021,Lu_2021,V34_B3_105,Combined PC6+CV17 TEAS,Sham/no current,TEAS,Sham,Chronic pain,NRS among participants reporting chronic pain,3 months,Subset with chronic pain,58.0,75.0,2.3,2.0,2.8,2.0,,,NRS 0–10,Mean/SD,"Journal of Clinical Anesthesia 74 (2021), Table 2; Table 2",NRS among chronic-pain patients at 3 months: sham 2.8±2.0 (n=75); active 2.3±2.0 (n=58).,TEAS EA Verification/Source PDFs/covidence_414_full_article.pdf,7f03819dbf9b4b292cfed8ba78be7233349e036cc4f9cb144cfa1e0db17094a7,"Subset analysis denominator is the number of participants with chronic pain, not the randomized arm size.",HOLD,HOLD,"Source ambiguity or unavailable required statistic: Source definition, timepoint, denominator, scale, statistic, or post-randomization subset requires adjudication; see raw source/QC.",,1,,
AUDIT-0304,Lu 2021,Lu_2021,V34_B3_106,Single PC6 TEAS,Sham/no current,TEAS,Sham,Chronic pain,NRS among participants reporting chronic pain,6 months,Subset with chronic pain,72.0,65.0,2.7,2.0,2.8,1.8,,,NRS 0–10,Mean/SD,"Journal of Clinical Anesthesia 74 (2021), Table 2; Table 2",NRS among chronic-pain patients at 6 months: sham 2.8±1.8 (n=65); active 2.7±2.0 (n=72).,TEAS EA Verification/Source PDFs/covidence_414_full_article.pdf,7f03819dbf9b4b292cfed8ba78be7233349e036cc4f9cb144cfa1e0db17094a7,"Subset analysis denominator is the number of participants with chronic pain, not the randomized arm size.",HOLD,HOLD,"Source ambiguity or unavailable required statistic: Source definition, timepoint, denominator, scale, statistic, or post-randomization subset requires adjudication; see raw source/QC.",,1,,
AUDIT-0305,Lu 2021,Lu_2021,V34_B3_107,Combined PC6+CV17 TEAS,Sham/no current,TEAS,Sham,Chronic pain,NRS among participants reporting chronic pain,6 months,Subset with chronic pain,42.0,65.0,2.4,1.9,2.8,1.8,,,NRS 0–10,Mean/SD,"Journal of Clinical Anesthesia 74 (2021), Table 2; Table 2",NRS among chronic-pain patients at 6 months: sham 2.8±1.8 (n=65); active 2.4±1.9 (n=42).,TEAS EA Verification/Source PDFs/covidence_414_full_article.pdf,7f03819dbf9b4b292cfed8ba78be7233349e036cc4f9cb144cfa1e0db17094a7,"Subset analysis denominator is the number of participants with chronic pain, not the randomized arm size.",HOLD,HOLD,"Source ambiguity or unavailable required statistic: Source definition, timepoint, denominator, scale, statistic, or post-randomization subset requires adjudication; see raw source/QC.",,1,,
AUDIT-0306,Long 2025,Long_2025,V34_B3_108,Perioperative electrical acupoint stimulation (Group A),Electrodes/no current control (Group C),UNCLEAR,Sham,Pain,VAS pain intensity,48 h,Available-case analysis; source denominator inconsistencies noted,27.0,26.0,1.85,0.72,2.65,0.94,,,VAS 0–10,Mean/SD,"Injury 56 (2025), p. 9; Table 7",VAS 48 h: Group C 2.65±0.94 vs Group A 1.85±0.72; P=0.001.,TEAS EA Verification/Source PDFs/1-s2.0-S0020138325005200.pdf,96e50ce97c0abd3a6258ae9935df22a79c14454aa3293252100fca9474b275da,NOT REPORTED,INCLUDE,HOLD,Physical modality unresolved: needle OR patch in source.,,1,,
AUDIT-0307,Long 2025,Long_2025,V34_B3_109,Perioperative electrical acupoint stimulation (Group A),Electrodes/no current control (Group C),UNCLEAR,Sham,Length of stay,Hospital stay,Postoperative hospitalization,Available-case analysis; source denominator inconsistencies noted,27.0,26.0,13.37,3.03,14.77,3.57,,,days,Mean/SD,"Injury 56 (2025), p. 9; Table 7",Hospital stay: Group C 14.77±3.57 vs Group A 13.37±3.03 days; P=0.130.,TEAS EA Verification/Source PDFs/1-s2.0-S0020138325005200.pdf,96e50ce97c0abd3a6258ae9935df22a79c14454aa3293252100fca9474b275da,NOT REPORTED,INCLUDE,HOLD,Physical modality unresolved: needle OR patch in source.,,1,,
AUDIT-0308,Long 2025,Long_2025,V34_B3_110,Perioperative electrical acupoint stimulation (Group A),Electrodes/no current control (Group C),UNCLEAR,Sham,Functional recovery,Extubation time,Immediate postoperative recovery,Available-case analysis; source denominator inconsistencies noted,27.0,26.0,7.44,6.03,10.85,8.44,,,minutes,Mean/SD,"Injury 56 (2025), Table 5 / Results; Table 5",Extubation time: Group C 10.85±8.44 min vs Group A 7.44±6.03 min; P=0.097.,TEAS EA Verification/Source PDFs/1-s2.0-S0020138325005200.pdf,96e50ce97c0abd3a6258ae9935df22a79c14454aa3293252100fca9474b275da,NOT REPORTED,INCLUDE,HOLD,Physical modality unresolved: needle OR patch in source.,,1,,
AUDIT-0309,Long 2025,Long_2025,V34_B3_111,Perioperative electrical acupoint stimulation (Group A),Electrodes/no current control (Group C),UNCLEAR,Sham,Functional recovery,Recovery-room stay >30 min,Immediate postoperative recovery,Available-case analysis; source denominator inconsistencies noted,27.0,26.0,,,,,,,percent,Published percentage,"Injury 56 (2025), Table 5 / Results; Table 5",Recovery-room stay >30 min: Group C 42.3% vs Group A 29.6%; P=0.336.,TEAS EA Verification/Source PDFs/1-s2.0-S0020138325005200.pdf,96e50ce97c0abd3a6258ae9935df22a79c14454aa3293252100fca9474b275da,Raw event counts are not used because the article reports percentages and the study has group-denominator inconsistencies.,NARRATIVE ONLY,HOLD,Physical modality unresolved: needle OR patch in source.,,1,,
AUDIT-0310,Long 2025,Long_2025,V34_B3_112,Perioperative electrical acupoint stimulation (Group A),Electrodes/no current control (Group C),UNCLEAR,Sham,Neurocognitive,Perioperative neurocognitive disorder (PND),POD7,Available-case analysis; source denominator inconsistencies noted,,,,,,,1.0,2.0,participants,Published event count + percentage; denominator inconsistent,"Injury 56 (2025), Table 2; Table 2",PND POD7: Group C 2 (8.0%) vs Group A 1 (3.6%); no significant difference.,TEAS EA Verification/Source PDFs/1-s2.0-S0020138325005200.pdf,96e50ce97c0abd3a6258ae9935df22a79c14454aa3293252100fca9474b275da,"Table percentages imply denominators C=25 and A=28, whereas study-level analyzed counts elsewhere are C=26 and A=27 and total n=53. Preserve published counts/percentages; do not reconstruct denominators.",HOLD,HOLD,Physical modality unresolved: needle OR patch in source.,,1,,
AUDIT-0311,Long 2025,Long_2025,V34_B3_113,Perioperative electrical acupoint stimulation (Group A),Electrodes/no current control (Group C),UNCLEAR,Sham,GI adverse event,Stomach pain and distension,Postoperative,Available-case analysis; source denominator inconsistencies noted,27.0,26.0,,,,,3.0,2.0,participants,Events/total,"Injury 56 (2025), Table 6; Table 6",Stomach pain and distension: Group C 2/26 vs Group A 3/27; P=1.000.,TEAS EA Verification/Source PDFs/1-s2.0-S0020138325005200.pdf,96e50ce97c0abd3a6258ae9935df22a79c14454aa3293252100fca9474b275da,NOT REPORTED,INCLUDE,HOLD,Physical modality unresolved: needle OR patch in source.,,1,,
AUDIT-0312,Long 2025,Long_2025,V34_B3_114,Perioperative electrical acupoint stimulation (Group A),Electrodes/no current control (Group C),UNCLEAR,Sham,Adverse events,Postoperative hypotension,Postoperative,Available-case analysis; source denominator inconsistencies noted,27.0,26.0,,,,,3.0,1.0,participants,Events/total,"Injury 56 (2025), Table 6; Table 6",Postoperative hypotension: Group C 1/26 vs Group A 3/27; P=0.631.,TEAS EA Verification/Source PDFs/1-s2.0-S0020138325005200.pdf,96e50ce97c0abd3a6258ae9935df22a79c14454aa3293252100fca9474b275da,NOT REPORTED,INCLUDE,HOLD,Physical modality unresolved: needle OR patch in source.,,1,,
AUDIT-0313,Long 2025,Long_2025,V34_B3_115,Perioperative electrical acupoint stimulation (Group A),Electrodes/no current control (Group C),UNCLEAR,Sham,Adverse events,Postoperative hypertension,Postoperative,Available-case analysis; source denominator inconsistencies noted,27.0,26.0,,,,,3.0,2.0,participants,Events/total,"Injury 56 (2025), Table 6; Table 6",Postoperative hypertension: Group C 2/26 vs Group A 3/27; P=1.000.,TEAS EA Verification/Source PDFs/1-s2.0-S0020138325005200.pdf,96e50ce97c0abd3a6258ae9935df22a79c14454aa3293252100fca9474b275da,NOT REPORTED,INCLUDE,HOLD,Physical modality unresolved: needle OR patch in source.,,1,,
AUDIT-0314,Long 2025,Long_2025,V34_B3_116,Perioperative electrical acupoint stimulation (Group A),Electrodes/no current control (Group C),UNCLEAR,Sham,Adverse events,Tachycardia/bradycardia,Postoperative,Available-case analysis; source denominator inconsistencies noted,27.0,26.0,,,,,2.0,2.0,participants,Events/total,"Injury 56 (2025), Table 6; Table 6",Tachycardia/bradycardia: Group C 2/26 vs Group A 2/27; P=1.000.,TEAS EA Verification/Source PDFs/1-s2.0-S0020138325005200.pdf,96e50ce97c0abd3a6258ae9935df22a79c14454aa3293252100fca9474b275da,NOT REPORTED,INCLUDE,HOLD,Physical modality unresolved: needle OR patch in source.,,1,,
AUDIT-0315,Long 2025,Long_2025,V34_B3_117,Perioperative electrical acupoint stimulation (Group A),Electrodes/no current control (Group C),UNCLEAR,Sham,Adverse events,Hypoxemia,Postoperative,Available-case analysis; source denominator inconsistencies noted,27.0,26.0,,,,,0.0,4.0,participants,Events/total,"Injury 56 (2025), Table 6; Table 6",Hypoxemia: Group C 4/26 vs Group A 0/27; P=0.110.,TEAS EA Verification/Source PDFs/1-s2.0-S0020138325005200.pdf,96e50ce97c0abd3a6258ae9935df22a79c14454aa3293252100fca9474b275da,NOT REPORTED,INCLUDE,HOLD,Physical modality unresolved: needle OR patch in source.,,1,,
AUDIT-0316,Long 2025,Long_2025,V34_B3_118,Perioperative electrical acupoint stimulation (Group A),Electrodes/no current control (Group C),UNCLEAR,Sham,Adverse events,Headache and vertigo,Postoperative,Available-case analysis; source denominator inconsistencies noted,27.0,26.0,,,,,5.0,5.0,participants,Events/total,"Injury 56 (2025), Table 6; Table 6",Headache and vertigo: Group C 5/26 vs Group A 5/27; P=1.000.,TEAS EA Verification/Source PDFs/1-s2.0-S0020138325005200.pdf,96e50ce97c0abd3a6258ae9935df22a79c14454aa3293252100fca9474b275da,NOT REPORTED,INCLUDE,HOLD,Physical modality unresolved: needle OR patch in source.,,1,,
AUDIT-0317,Long 2025,Long_2025,V34_B3_119,Perioperative electrical acupoint stimulation (Group A),Electrodes/no current control (Group C),UNCLEAR,Sham,Adverse events,Delirious agitation,Postoperative,Available-case analysis; source denominator inconsistencies noted,27.0,26.0,,,,,5.0,3.0,participants,Events/total,"Injury 56 (2025), Table 6; Table 6",Delirious agitation: Group C 3/26 vs Group A 5/27; P=0.745.,TEAS EA Verification/Source PDFs/1-s2.0-S0020138325005200.pdf,96e50ce97c0abd3a6258ae9935df22a79c14454aa3293252100fca9474b275da,NOT REPORTED,INCLUDE,HOLD,Physical modality unresolved: needle OR patch in source.,,1,,
AUDIT-0318,Sim 2002,Sim_2002,V34_B3_120,Postoperative EA (Group III),Placebo EA (Group I),EA,Sham,Opioid consumption,Postoperative IV PCA morphine in interval,6–12 h,All randomized/analyzed,30.0,30.0,,,,,,,mg/kg,Median/IQR width as printed,Acupuncture in Medicine 2002;20:60; Results text + Figure 3,"During 6–12 h: Group II 0.03 (0.05), Group I 0.10 (0.11), and Group III 0.08 (0.10) mg/kg.",TEAS EA Verification/Source PDFs/covidence_952_full_article.pdf,1cf418faabb4104db030b3f0b0196783cd6198d2ff5ed51c539c88ca51e6bd8a,"The paper states nonparametric data are presented as median (interquartile range), but prints a single parenthetical IQR value rather than Q1 and Q3. Pairwise P is printed for Group II vs I and II vs III, not Group III vs I.",NARRATIVE ONLY,HOLD,"No directly tabulated mean/SD or event/denominator for current quantitative body; preserve original statistic, no automatic median or graph conversion.",,1,,
AUDIT-0319,Sim 2002,Sim_2002,V34_B3_121,Postoperative EA (Group III),Placebo EA (Group I),EA,Sham,Intraoperative opioid,Alfentanil requirement rate,Intraoperative,All randomized/analyzed,30.0,30.0,0.58,0.22,0.51,0.21,,,μg/kg/min,Mean/SD,"Acupuncture in Medicine 2002;20:56,59–60; Abstract/Results + Figure 2","Alfentanil requirement: Group I 0.51±0.21, Group II 0.44±0.15, Group III 0.58±0.22 μg/kg/min.",TEAS EA Verification/Source PDFs/covidence_952_full_article.pdf,1cf418faabb4104db030b3f0b0196783cd6198d2ff5ed51c539c88ca51e6bd8a,The paper reports P=0.024 for Group II vs III and P=0.472 for Group II vs I; it does not print a Group III vs I P value.,EXCLUDE,EXCLUDE,Outside defined quantitative estimands; retained in full descriptive extraction.,,1,,
AUDIT-0320,Wang 2024,Wang_2024,V34_B4_001,SNVP: ondansetron+dexamethasone+TEAS (SNVP-ODT),SNVP: ondansetron+dexamethasone (SNVP-OD),TEAS,CONTROL_TYPE_REVIEW_REQUIRED,PONV,PONV incidence,0–2 h,Available-case/completer analysis within SNVP risk stratum,33.0,35.0,,,,,13.0,20.0,participants,Events/total,Breast Cancer 2024;31:931–932; Table 3,SNVP stratum PONV 0–2 h: SNVP-OD 20/35 vs SNVP-ODT 13/33.,TEAS EA Verification/Source PDFs/covidence_212_full_article.pdf,0d6dfc8648e5411a59cb9c8c9af42519fedd58975fe97916b08b61fde82f946e,NOT REPORTED,INCLUDE,EXCLUDE,Outside defined quantitative estimands; retained in full descriptive extraction.,,1,,
AUDIT-0321,Wang 2024,Wang_2024,V34_B4_002,SNVP: ondansetron+dexamethasone+TEAS (SNVP-ODT),SNVP: ondansetron+dexamethasone (SNVP-OD),TEAS,CONTROL_TYPE_REVIEW_REQUIRED,PONV,PONV incidence,2–6 h,Available-case/completer analysis within SNVP risk stratum,33.0,35.0,,,,,12.0,19.0,participants,Events/total,Breast Cancer 2024;31:931–932; Table 3,SNVP stratum PONV 2–6 h: SNVP-OD 19/35 vs SNVP-ODT 12/33.,TEAS EA Verification/Source PDFs/covidence_212_full_article.pdf,0d6dfc8648e5411a59cb9c8c9af42519fedd58975fe97916b08b61fde82f946e,NOT REPORTED,INCLUDE,EXCLUDE,Outside defined quantitative estimands; retained in full descriptive extraction.,,1,,
AUDIT-0322,Wang 2024,Wang_2024,V34_B4_003,SNVP: ondansetron+dexamethasone+TEAS (SNVP-ODT),SNVP: ondansetron+dexamethasone (SNVP-OD),TEAS,CONTROL_TYPE_REVIEW_REQUIRED,PONV,PONV incidence,24–36 h,Available-case/completer analysis within SNVP risk stratum,33.0,35.0,,,,,0.0,3.0,participants,Events/total,Breast Cancer 2024;31:931–932; Table 3,SNVP stratum PONV 24–36 h: SNVP-OD 3/35 vs SNVP-ODT 0/33.,TEAS EA Verification/Source PDFs/covidence_212_full_article.pdf,0d6dfc8648e5411a59cb9c8c9af42519fedd58975fe97916b08b61fde82f946e,"For 24–36 h, the table's P value is visually split across the PDF line break as '0.08' + '5'; recorded as 0.085.",INCLUDE,EXCLUDE,Outside defined quantitative estimands; retained in full descriptive extraction.,,1,,
AUDIT-0323,Wang 2024,Wang_2024,V34_B4_004,SNVP: ondansetron+dexamethasone+TEAS (SNVP-ODT),SNVP: ondansetron+dexamethasone (SNVP-OD),TEAS,CONTROL_TYPE_REVIEW_REQUIRED,PONV,Vomiting incidence,0–6 h combined,Available-case/completer analysis within SNVP risk stratum,33.0,35.0,,,,,7.0,19.0,participants,Events/total,"Breast Cancer 2024;31:926,931–932; Abstract + Results text","Within 6 h, vomiting cases: SNVP-ODT 7/33 vs SNVP-OD 19/35, P=0.005.",TEAS EA Verification/Source PDFs/covidence_212_full_article.pdf,0d6dfc8648e5411a59cb9c8c9af42519fedd58975fe97916b08b61fde82f946e,The paper does not provide separate 0–2 h and 2–6 h vomiting counts; only the combined 0–6 h comparison is reported.,INCLUDE,EXCLUDE,Outside defined quantitative estimands; retained in full descriptive extraction.,,1,,
AUDIT-0324,Wang 2024,Wang_2024,V34_B4_005,MNVP: ondansetron+dexamethasone+TEAS (MNVP-ODT),MNVP: ondansetron+dexamethasone (MNVP-OD),TEAS,CONTROL_TYPE_REVIEW_REQUIRED,PONV,PONV incidence,6–12 h,Complete analysis within MNVP risk stratum,35.0,35.0,,,,,2.0,3.0,participants,Events/total,Breast Cancer 2024;31:931–932; Table 3,MNVP stratum PONV 6–12 h: MNVP-OD 3/35 vs MNVP-ODT 2/35.,TEAS EA Verification/Source PDFs/covidence_212_full_article.pdf,0d6dfc8648e5411a59cb9c8c9af42519fedd58975fe97916b08b61fde82f946e,NOT REPORTED,INCLUDE,EXCLUDE,Outside defined quantitative estimands; retained in full descriptive extraction.,,1,,
AUDIT-0325,Wang 2024,Wang_2024,V34_B4_006,MNVP: ondansetron+dexamethasone+TEAS (MNVP-ODT),MNVP: ondansetron+dexamethasone (MNVP-OD),TEAS,CONTROL_TYPE_REVIEW_REQUIRED,PONV,PONV incidence,12–24 h,Complete analysis within MNVP risk stratum,35.0,35.0,,,,,2.0,0.0,participants,Events/total,Breast Cancer 2024;31:931–932; Table 3,MNVP stratum PONV 12–24 h: MNVP-OD 0/35 vs MNVP-ODT 2/35.,TEAS EA Verification/Source PDFs/covidence_212_full_article.pdf,0d6dfc8648e5411a59cb9c8c9af42519fedd58975fe97916b08b61fde82f946e,NOT REPORTED,INCLUDE,EXCLUDE,Outside defined quantitative estimands; retained in full descriptive extraction.,,1,,
AUDIT-0326,Wang 2024,Wang_2024,V34_B4_007,MNVP: ondansetron+dexamethasone+TEAS (MNVP-ODT),MNVP: ondansetron+dexamethasone (MNVP-OD),TEAS,CONTROL_TYPE_REVIEW_REQUIRED,PONV,PONV incidence,24–36 h,Complete analysis within MNVP risk stratum,35.0,35.0,,,,,0.0,0.0,participants,Events/total,Breast Cancer 2024;31:931–932; Table 3,MNVP stratum PONV 24–36 h: MNVP-OD 0/35 vs MNVP-ODT 0/35.,TEAS EA Verification/Source PDFs/covidence_212_full_article.pdf,0d6dfc8648e5411a59cb9c8c9af42519fedd58975fe97916b08b61fde82f946e,NOT REPORTED,INCLUDE,EXCLUDE,Outside defined quantitative estimands; retained in full descriptive extraction.,,1,,
AUDIT-0327,Wang 2024,Wang_2024,V34_B4_008,SNVP: ondansetron+dexamethasone+TEAS (SNVP-ODT),SNVP: ondansetron+dexamethasone (SNVP-OD),TEAS,CONTROL_TYPE_REVIEW_REQUIRED,Pain,Postoperative pain VAS,2 h,Available-case/completer analysis within SNVP risk stratum,33.0,35.0,,,,,,,VAS 0–10,Other (describe),Breast Cancer 2024;31:928–929; Methods / Outcomes,Postoperative pain was assessed simultaneously using VAS at the postoperative PONV assessment times.,TEAS EA Verification/Source PDFs/covidence_212_full_article.pdf,0d6dfc8648e5411a59cb9c8c9af42519fedd58975fe97916b08b61fde82f946e,"Outcome was measured according to Methods, but no treatment-stratum numerical pain result is reported in the accessed article. This is NOT REPORTED, not SOURCE NOT ACCESSED.",NOT REPORTED,EXCLUDE,Outside defined quantitative estimands; retained in full descriptive extraction.,,1,,
AUDIT-0328,Wang 2024,Wang_2024,V34_B4_009,SNVP: ondansetron+dexamethasone+TEAS (SNVP-ODT),SNVP: ondansetron+dexamethasone (SNVP-OD),TEAS,CONTROL_TYPE_REVIEW_REQUIRED,Pain,Postoperative pain VAS,6 h,Available-case/completer analysis within SNVP risk stratum,33.0,35.0,,,,,,,VAS 0–10,Other (describe),Breast Cancer 2024;31:928–929; Methods / Outcomes,Postoperative pain was assessed simultaneously using VAS at the postoperative PONV assessment times.,TEAS EA Verification/Source PDFs/covidence_212_full_article.pdf,0d6dfc8648e5411a59cb9c8c9af42519fedd58975fe97916b08b61fde82f946e,"Outcome was measured according to Methods, but no treatment-stratum numerical pain result is reported in the accessed article. This is NOT REPORTED, not SOURCE NOT ACCESSED.",NOT REPORTED,EXCLUDE,Outside defined quantitative estimands; retained in full descriptive extraction.,,1,,
AUDIT-0329,Wang 2024,Wang_2024,V34_B4_010,SNVP: ondansetron+dexamethasone+TEAS (SNVP-ODT),SNVP: ondansetron+dexamethasone (SNVP-OD),TEAS,CONTROL_TYPE_REVIEW_REQUIRED,Pain,Postoperative pain VAS,12 h,Available-case/completer analysis within SNVP risk stratum,33.0,35.0,,,,,,,VAS 0–10,Other (describe),Breast Cancer 2024;31:928–929; Methods / Outcomes,Postoperative pain was assessed simultaneously using VAS at the postoperative PONV assessment times.,TEAS EA Verification/Source PDFs/covidence_212_full_article.pdf,0d6dfc8648e5411a59cb9c8c9af42519fedd58975fe97916b08b61fde82f946e,"Outcome was measured according to Methods, but no treatment-stratum numerical pain result is reported in the accessed article. This is NOT REPORTED, not SOURCE NOT ACCESSED.",NOT REPORTED,EXCLUDE,Outside defined quantitative estimands; retained in full descriptive extraction.,,1,,
AUDIT-0330,Wang 2024,Wang_2024,V34_B4_011,SNVP: ondansetron+dexamethasone+TEAS (SNVP-ODT),SNVP: ondansetron+dexamethasone (SNVP-OD),TEAS,CONTROL_TYPE_REVIEW_REQUIRED,Pain,Postoperative pain VAS,24 h,Available-case/completer analysis within SNVP risk stratum,33.0,35.0,,,,,,,VAS 0–10,Other (describe),Breast Cancer 2024;31:928–929; Methods / Outcomes,Postoperative pain was assessed simultaneously using VAS at the postoperative PONV assessment times.,TEAS EA Verification/Source PDFs/covidence_212_full_article.pdf,0d6dfc8648e5411a59cb9c8c9af42519fedd58975fe97916b08b61fde82f946e,"Outcome was measured according to Methods, but no treatment-stratum numerical pain result is reported in the accessed article. This is NOT REPORTED, not SOURCE NOT ACCESSED.",NOT REPORTED,EXCLUDE,Outside defined quantitative estimands; retained in full descriptive extraction.,,1,,
AUDIT-0331,Wang 2024,Wang_2024,V34_B4_012,SNVP: ondansetron+dexamethasone+TEAS (SNVP-ODT),SNVP: ondansetron+dexamethasone (SNVP-OD),TEAS,CONTROL_TYPE_REVIEW_REQUIRED,Pain,Postoperative pain VAS,36 h,Available-case/completer analysis within SNVP risk stratum,33.0,35.0,,,,,,,VAS 0–10,Other (describe),Breast Cancer 2024;31:928–929; Methods / Outcomes,Postoperative pain was assessed simultaneously using VAS at the postoperative PONV assessment times.,TEAS EA Verification/Source PDFs/covidence_212_full_article.pdf,0d6dfc8648e5411a59cb9c8c9af42519fedd58975fe97916b08b61fde82f946e,"Outcome was measured according to Methods, but no treatment-stratum numerical pain result is reported in the accessed article. This is NOT REPORTED, not SOURCE NOT ACCESSED.",NOT REPORTED,EXCLUDE,Outside defined quantitative estimands; retained in full descriptive extraction.,,1,,
AUDIT-0332,Zheng 2025,Zheng_2025,V34_B4_013,Perioperative TEAS,Sham/no current,TEAS,Sham,PONV,Nausea incidence,0–2 h,Modified intention-to-treat / completer analysis reported in Table 1,42.0,43.0,,,,,10.0,21.0,participants,Events/total,Journal of Pain Research 2025;18:6455; Table 2,Nausea 0–2 h: TEAS 10/42 vs control 21/43; P=0.013.,TEAS EA Verification/Source PDFs/109499.pdf,a99722242c4b1800916d66613b5a0ed223a91f853e14ecce929740eb91dc466b,NOT REPORTED,INCLUDE,EXCLUDE,Outside defined quantitative estimands; retained in full descriptive extraction.,,1,,
AUDIT-0333,Zheng 2025,Zheng_2025,V34_B4_014,Perioperative TEAS,Sham/no current,TEAS,Sham,PONV,Nausea incidence,2–4 h,Modified intention-to-treat / completer analysis reported in Table 1,42.0,43.0,,,,,8.0,12.0,participants,Events/total,Journal of Pain Research 2025;18:6455; Table 2,Nausea 2–4 h: TEAS 8/42 vs control 12/43; P=0.351.,TEAS EA Verification/Source PDFs/109499.pdf,a99722242c4b1800916d66613b5a0ed223a91f853e14ecce929740eb91dc466b,NOT REPORTED,INCLUDE,EXCLUDE,Outside defined quantitative estimands; retained in full descriptive extraction.,,1,,
AUDIT-0334,Zheng 2025,Zheng_2025,V34_B4_015,Perioperative TEAS,Sham/no current,TEAS,Sham,PONV,Nausea incidence,4–6 h,Modified intention-to-treat / completer analysis reported in Table 1,42.0,43.0,,,,,5.0,7.0,participants,Events/total,Journal of Pain Research 2025;18:6455; Table 2,Nausea 4–6 h: TEAS 5/42 vs control 7/43; P=0.561.,TEAS EA Verification/Source PDFs/109499.pdf,a99722242c4b1800916d66613b5a0ed223a91f853e14ecce929740eb91dc466b,NOT REPORTED,INCLUDE,EXCLUDE,Outside defined quantitative estimands; retained in full descriptive extraction.,,1,,
AUDIT-0335,Zheng 2025,Zheng_2025,V34_B4_016,Perioperative TEAS,Sham/no current,TEAS,Sham,PONV,Nausea incidence,6–24 h,Modified intention-to-treat / completer analysis reported in Table 1,42.0,43.0,,,,,0.0,0.0,participants,Events/total,Journal of Pain Research 2025;18:6455; Table 2,Nausea 6–24 h: TEAS 0/42 vs control 0/43; P=0.999.,TEAS EA Verification/Source PDFs/109499.pdf,a99722242c4b1800916d66613b5a0ed223a91f853e14ecce929740eb91dc466b,NOT REPORTED,INCLUDE,EXCLUDE,Outside defined quantitative estimands; retained in full descriptive extraction.,,1,,
AUDIT-0336,Zheng 2025,Zheng_2025,V34_B4_017,Perioperative TEAS,Sham/no current,TEAS,Sham,PONV,Vomiting incidence,0–2 h,Modified intention-to-treat / completer analysis reported in Table 1,42.0,43.0,,,,,5.0,11.0,participants,Events/total,Journal of Pain Research 2025;18:6455; Table 2,Vomiting 0–2 h: TEAS 5/42 vs control 11/43; P=0.100.,TEAS EA Verification/Source PDFs/109499.pdf,a99722242c4b1800916d66613b5a0ed223a91f853e14ecce929740eb91dc466b,NOT REPORTED,INCLUDE,EXCLUDE,Outside defined quantitative estimands; retained in full descriptive extraction.,,1,,
AUDIT-0337,Zheng 2025,Zheng_2025,V34_B4_018,Perioperative TEAS,Sham/no current,TEAS,Sham,PONV,Vomiting incidence,2–4 h,Modified intention-to-treat / completer analysis reported in Table 1,42.0,43.0,,,,,3.0,5.0,participants,Events/total,Journal of Pain Research 2025;18:6455; Table 2,Vomiting 2–4 h: TEAS 3/42 vs control 5/43; P=0.477.,TEAS EA Verification/Source PDFs/109499.pdf,a99722242c4b1800916d66613b5a0ed223a91f853e14ecce929740eb91dc466b,NOT REPORTED,INCLUDE,EXCLUDE,Outside defined quantitative estimands; retained in full descriptive extraction.,,1,,
AUDIT-0338,Zheng 2025,Zheng_2025,V34_B4_019,Perioperative TEAS,Sham/no current,TEAS,Sham,PONV,Vomiting incidence,4–6 h,Modified intention-to-treat / completer analysis reported in Table 1,42.0,43.0,,,,,2.0,4.0,participants,Events/total,Journal of Pain Research 2025;18:6455; Table 2,Vomiting 4–6 h: TEAS 2/42 vs control 4/43; P=0.410.,TEAS EA Verification/Source PDFs/109499.pdf,a99722242c4b1800916d66613b5a0ed223a91f853e14ecce929740eb91dc466b,NOT REPORTED,INCLUDE,EXCLUDE,Outside defined quantitative estimands; retained in full descriptive extraction.,,1,,
AUDIT-0339,Zheng 2025,Zheng_2025,V34_B4_020,Perioperative TEAS,Sham/no current,TEAS,Sham,PONV,Vomiting incidence,6–24 h,Modified intention-to-treat / completer analysis reported in Table 1,42.0,43.0,,,,,0.0,1.0,participants,Events/total,Journal of Pain Research 2025;18:6455; Table 2,Vomiting 6–24 h: TEAS 0/42 vs control 1/43; P=0.312.,TEAS EA Verification/Source PDFs/109499.pdf,a99722242c4b1800916d66613b5a0ed223a91f853e14ecce929740eb91dc466b,NOT REPORTED,INCLUDE,EXCLUDE,Outside defined quantitative estimands; retained in full descriptive extraction.,,1,,
AUDIT-0340,Zheng 2025,Zheng_2025,V34_B4_021,Perioperative TEAS,Sham/no current,TEAS,Sham,Opioid demand,Effective PCIA button presses,Postoperative; exact pump duration not stated,Modified intention-to-treat / completer analysis reported in Table 1,42.0,43.0,3.8,1.0,4.8,1.6,,,effective PCIA presses,Mean/SD,Journal of Pain Research 2025;18:6458; Table 3 continued,"Times of effective PCIA use: 3.8 (1.0) vs 4.8 (1.6), P=0.039.",TEAS EA Verification/Source PDFs/109499.pdf,a99722242c4b1800916d66613b5a0ed223a91f853e14ecce929740eb91dc466b,"PCIA presses are a proxy for demand, not a measured sufentanil mass.",HOLD,HOLD,"Source ambiguity or unavailable required statistic: Unresolved source statistic, denominator or timepoint.",,1,,
AUDIT-0341,Zheng 2025,Zheng_2025,V34_B4_022,Perioperative TEAS,Sham/no current,TEAS,Sham,Pain,NRS pain score,6 h,Modified intention-to-treat / completer analysis reported in Table 1,42.0,43.0,2.9,1.1,3.4,1.2,,,NRS 0–10,Mean/SD,Journal of Pain Research 2025;18:6458; Table 4,NRS 6 h: TEAS 2.9±1.1 vs control 3.4±1.2.,TEAS EA Verification/Source PDFs/109499.pdf,a99722242c4b1800916d66613b5a0ed223a91f853e14ecce929740eb91dc466b,NOT REPORTED,INCLUDE,EXCLUDE,Outside defined quantitative estimands; retained in full descriptive extraction.,,1,,
AUDIT-0342,Zheng 2025,Zheng_2025,V34_B4_023,Perioperative TEAS,Sham/no current,TEAS,Sham,Pain,NRS pain score,24 h,Modified intention-to-treat / completer analysis reported in Table 1,42.0,43.0,1.7,0.8,2.2,1.1,,,NRS 0–10,Mean/SD,Journal of Pain Research 2025;18:6458; Table 4,NRS 24 h: TEAS 1.7±0.8 vs control 2.2±1.1.,TEAS EA Verification/Source PDFs/109499.pdf,a99722242c4b1800916d66613b5a0ed223a91f853e14ecce929740eb91dc466b,INTERNAL SOURCE CONFLICT: prose reports P=0.042 while Table 4 footnote prints bP=0.422. Do not silently correct.,INCLUDE,SENSITIVITY,Rest/movement not established. Never use this mixed-setting body to assert registered pain co-outcome criterion.,;pain24_unclassified_TEAS_sham,1,,
AUDIT-0343,Zheng 2025,Zheng_2025,V34_B4_024,Perioperative TEAS,Sham/no current,TEAS,Sham,Pain,NRS pain score,48 h,Modified intention-to-treat / completer analysis reported in Table 1,42.0,43.0,0.9,0.8,1.0,0.9,,,NRS 0–10,Mean/SD,Journal of Pain Research 2025;18:6458; Table 4,NRS 48 h: TEAS 0.9±0.8 vs control 1.0±0.9.,TEAS EA Verification/Source PDFs/109499.pdf,a99722242c4b1800916d66613b5a0ed223a91f853e14ecce929740eb91dc466b,No exact between-group P value is printed for 48 h.,INCLUDE,EXCLUDE,Outside defined quantitative estimands; retained in full descriptive extraction.,,1,,
AUDIT-0344,Zheng 2025,Zheng_2025,V34_B4_025,Perioperative TEAS,Sham/no current,TEAS,Sham,Sleep quality,PSQI score,24 h,Modified intention-to-treat / completer analysis reported in Table 1,42.0,43.0,11.5,6.9,15.7,8.1,,,PSQI points,Mean/SD,Journal of Pain Research 2025;18:6458; Table 4,PSQI 24 h: TEAS 11.5±6.9 vs control 15.7±8.1; P=0.015.,TEAS EA Verification/Source PDFs/109499.pdf,a99722242c4b1800916d66613b5a0ed223a91f853e14ecce929740eb91dc466b,The article describes sleep quality as improved in TEAS; this extraction preserves the printed scores without reinterpreting the scale.,INCLUDE,EXCLUDE,Outside defined quantitative estimands; retained in full descriptive extraction.,,1,,
AUDIT-0345,Zheng 2025,Zheng_2025,V34_B4_026,Perioperative TEAS,Sham/no current,TEAS,Sham,Sleep quality,PSQI score,48 h,Modified intention-to-treat / completer analysis reported in Table 1,42.0,43.0,7.4,5.2,10.6,5.4,,,PSQI points,Mean/SD,Journal of Pain Research 2025;18:6458; Table 4,PSQI 48 h: TEAS 7.4±5.2 vs control 10.6±5.4; P=0.024.,TEAS EA Verification/Source PDFs/109499.pdf,a99722242c4b1800916d66613b5a0ed223a91f853e14ecce929740eb91dc466b,The article describes sleep quality as improved in TEAS; this extraction preserves the printed scores without reinterpreting the scale.,INCLUDE,EXCLUDE,Outside defined quantitative estimands; retained in full descriptive extraction.,,1,,
AUDIT-0346,Zheng 2025,Zheng_2025,V34_B4_027,Perioperative TEAS,Sham/no current,TEAS,Sham,GI recovery,Time to first borborygmus,Postoperative,Modified intention-to-treat / completer analysis reported in Table 1,42.0,43.0,19.2,3.3,27.6,2.7,,,hours,Mean/SD,Journal of Pain Research 2025;18:6457–6458; Table 3,Time to first borborygmus: TEAS 19.2 (3.3) vs control 27.6 (2.7); P=0.035.,TEAS EA Verification/Source PDFs/109499.pdf,a99722242c4b1800916d66613b5a0ed223a91f853e14ecce929740eb91dc466b,Table note specifies mean (SD) for these rows.,INCLUDE,INCLUDE,Source construct/window/contrast reviewed; direct data admitted.,;bowelsounds_TEAS_sham,1,,
AUDIT-0347,Zheng 2025,Zheng_2025,V34_B4_028,Perioperative TEAS,Sham/no current,TEAS,Sham,GI recovery,Time to first flatus,Postoperative,Modified intention-to-treat / completer analysis reported in Table 1,42.0,43.0,24.2,2.5,31.6,4.4,,,hours,Mean/SD,Journal of Pain Research 2025;18:6457–6458; Table 3,Time to first flatus: TEAS 24.2 (2.5) vs control 31.6 (4.4); P=0.003.,TEAS EA Verification/Source PDFs/109499.pdf,a99722242c4b1800916d66613b5a0ed223a91f853e14ecce929740eb91dc466b,Table note specifies mean (SD) for these rows.,INCLUDE,INCLUDE,Same construct and membership as hours MD; no selection by I² or P.,;flatus_TEAS_sham;flatus_TEAS_sham_SMD_sensitivity,1,,
AUDIT-0348,Zheng 2025,Zheng_2025,V34_B4_029,Perioperative TEAS,Sham/no current,TEAS,Sham,Functional recovery,Wake-up time,Postoperative,Modified intention-to-treat / completer analysis reported in Table 1,42.0,43.0,12.9,2.5,13.0,2.4,,,minutes,Mean/SD,Journal of Pain Research 2025;18:6457–6458; Table 3,Wake-up time: TEAS 12.9 (2.5) vs control 13.0 (2.4); P=0.476.,TEAS EA Verification/Source PDFs/109499.pdf,a99722242c4b1800916d66613b5a0ed223a91f853e14ecce929740eb91dc466b,Table note specifies mean (SD) for these rows.,INCLUDE,EXCLUDE,Outside defined quantitative estimands; retained in full descriptive extraction.,,1,,
AUDIT-0349,Zheng 2025,Zheng_2025,V34_B4_030,Perioperative TEAS,Sham/no current,TEAS,Sham,Functional recovery,PACU stay time,Postoperative,Modified intention-to-treat / completer analysis reported in Table 1,42.0,43.0,26.8,4.4,28.0,8.1,,,minutes,Mean/SD,Journal of Pain Research 2025;18:6457–6458; Table 3,PACU stay time: TEAS 26.8 (4.4) vs control 28.0 (8.1); P=0.156.,TEAS EA Verification/Source PDFs/109499.pdf,a99722242c4b1800916d66613b5a0ed223a91f853e14ecce929740eb91dc466b,Table note specifies mean (SD) for these rows.,INCLUDE,EXCLUDE,Outside defined quantitative estimands; retained in full descriptive extraction.,,1,,
AUDIT-0350,Zheng 2025,Zheng_2025,V34_B4_031,Perioperative TEAS,Sham/no current,TEAS,Sham,Length of stay,Hospital stay duration,Postoperative hospitalization,Modified intention-to-treat / completer analysis reported in Table 1,42.0,43.0,,,,,,,days,Median/IQR,Journal of Pain Research 2025;18:6458; Table 3 continued,Hospital stay duration: 4 (3–5) vs 4 (3–5) days; P=0.722.,TEAS EA Verification/Source PDFs/109499.pdf,a99722242c4b1800916d66613b5a0ed223a91f853e14ecce929740eb91dc466b,NOT REPORTED,NARRATIVE ONLY,HOLD,"No directly tabulated mean/SD or event/denominator for current quantitative body; preserve original statistic, no automatic median or graph conversion.",,1,,
AUDIT-0351,Zheng 2025,Zheng_2025,V34_B4_032,Perioperative TEAS,Sham/no current,TEAS,Sham,Adverse events,Fever,Postoperative,Modified intention-to-treat / completer analysis reported in Table 1,42.0,43.0,,,,,6.0,8.0,participants,Events/total,Journal of Pain Research 2025;18:6458; Table 3 continued,Fever: TEAS 6/42 vs control 8/43.,TEAS EA Verification/Source PDFs/109499.pdf,a99722242c4b1800916d66613b5a0ed223a91f853e14ecce929740eb91dc466b,NOT REPORTED,INCLUDE,EXCLUDE,Outside defined quantitative estimands; retained in full descriptive extraction.,,1,,
AUDIT-0352,Zheng 2025,Zheng_2025,V34_B4_033,Perioperative TEAS,Sham/no current,TEAS,Sham,Adverse events,Dizziness and headache,Postoperative,Modified intention-to-treat / completer analysis reported in Table 1,42.0,43.0,,,,,2.0,3.0,participants,Events/total,Journal of Pain Research 2025;18:6458; Table 3 continued,Dizziness and headache: TEAS 2/42 vs control 3/43.,TEAS EA Verification/Source PDFs/109499.pdf,a99722242c4b1800916d66613b5a0ed223a91f853e14ecce929740eb91dc466b,NOT REPORTED,INCLUDE,EXCLUDE,Outside defined quantitative estimands; retained in full descriptive extraction.,,1,,
AUDIT-0353,Zheng 2025,Zheng_2025,V34_B4_034,Perioperative TEAS,Sham/no current,TEAS,Sham,Adverse events,Drowsiness,Postoperative,Modified intention-to-treat / completer analysis reported in Table 1,42.0,43.0,,,,,0.0,0.0,participants,Events/total,Journal of Pain Research 2025;18:6458; Table 3 continued,Drowsiness: TEAS 0/42 vs control 0/43.,TEAS EA Verification/Source PDFs/109499.pdf,a99722242c4b1800916d66613b5a0ed223a91f853e14ecce929740eb91dc466b,NOT REPORTED,INCLUDE,EXCLUDE,Outside defined quantitative estimands; retained in full descriptive extraction.,,1,,
AUDIT-0354,Zheng 2025,Zheng_2025,V34_B4_035,Perioperative TEAS,Sham/no current,TEAS,Sham,Quality of recovery,Global QoR-40,6 h,Modified intention-to-treat / completer analysis reported in Table 1,42.0,43.0,,,,,,,QoR-40 points,Graph only,Journal of Pain Research 2025;18:6456; Figure 2A,Figure 2A plots global QoR-40 at 6 h; exact group mean/SD labels are not printed.,TEAS EA Verification/Source PDFs/109499.pdf,a99722242c4b1800916d66613b5a0ed223a91f853e14ecce929740eb91dc466b,Do not visually digitize. The text reports the between-group significance but not exact group mean/SD for this timepoint.,GRAPH ONLY,HOLD,"No directly tabulated mean/SD or event/denominator for current quantitative body; preserve original statistic, no automatic median or graph conversion.",,1,,
AUDIT-0355,Zheng 2025,Zheng_2025,V34_B4_036,Perioperative TEAS,Sham/no current,TEAS,Sham,Quality of recovery,Global QoR-40,24 h,Modified intention-to-treat / completer analysis reported in Table 1,42.0,43.0,,,,,,,QoR-40 points,Graph only,Journal of Pain Research 2025;18:6456; Figure 2A,Figure 2A plots global QoR-40 at 24 h; exact group mean/SD labels are not printed.,TEAS EA Verification/Source PDFs/109499.pdf,a99722242c4b1800916d66613b5a0ed223a91f853e14ecce929740eb91dc466b,Do not visually digitize. The text reports the between-group significance but not exact group mean/SD for this timepoint.,GRAPH ONLY,HOLD,"No directly tabulated mean/SD or event/denominator for current quantitative body; preserve original statistic, no automatic median or graph conversion.",,1,,
AUDIT-0356,Zheng 2025,Zheng_2025,V34_B4_037,Perioperative TEAS,Sham/no current,TEAS,Sham,Quality of recovery,Global QoR-40,48 h,Modified intention-to-treat / completer analysis reported in Table 1,42.0,43.0,184.0,,181.0,,,,QoR-40 points,Mean; SD not numerically reported,"Journal of Pain Research 2025;18:6453,6458; Results text + Figure 2A","At 48 hours, QoR-40 total score was 184.0 in TEAS vs 181.0 in control.",TEAS EA Verification/Source PDFs/109499.pdf,a99722242c4b1800916d66613b5a0ed223a91f853e14ecce929740eb91dc466b,"Figure 2 shows mean±SD graphically, but exact SD values are not printed in text/table; no visual digitization performed.",HOLD,HOLD,Source ambiguity or unavailable required statistic: Nonstandard or incomplete statistic; no inferred quantities.,,1,,
AUDIT-0357,Zheng 2025,Zheng_2025,V34_B4_038,Perioperative TEAS,Sham/no current,TEAS,Sham,Rescue analgesia,Emergency rescue analgesia events,Postoperative; exact window not stated,Modified intention-to-treat / completer analysis reported in Table 1,42.0,43.0,,,,,,,events,Other (describe),Journal of Pain Research 2025;18:6455; Results prose,No significant differences were observed ... in the number of emergency rescue analgesia events (P>0.05).,TEAS EA Verification/Source PDFs/109499.pdf,a99722242c4b1800916d66613b5a0ed223a91f853e14ecce929740eb91dc466b,The accessed Table 3 does not print the numeric rescue-analgesia counts. Record as NOT REPORTED rather than zero.,NOT REPORTED,EXCLUDE,Outside defined quantitative estimands; retained in full descriptive extraction.,,1,,
AUDIT-0358,Yu 2020,Yu_2020,V34_B4_039,Preoperative TEAS,Control/no current (electrodes applied),TEAS,Sham,Quality of recovery,Global QoR-40,Postoperative day 2 (~48 h),Intention-to-treat; all randomized participants analyzed,30.0,30.0,191.4,5.74,187.73,5.47,,,QoR-40 points,Mean/SD,"Trials 2020;21:43, abstract / Fig.4; Abstract + Figure 4",QoR-40 T2: control 187.73±5.47 vs TEAS 191.40±5.74; P=0.015.,TEAS EA Verification/Source PDFs/s13063-019-3892-4.pdf,12fbd503870f7f12216ff5f2544b159c66fecd557d4838bcabceec1aa151fb69,NOT REPORTED,INCLUDE,EXCLUDE,Outside defined quantitative estimands; retained in full descriptive extraction.,,1,,
AUDIT-0359,Yu 2020,Yu_2020,V34_B4_040,Preoperative TEAS,Control/no current (electrodes applied),TEAS,Sham,PONV,Any nausea and/or vomiting,0–24 h,Intention-to-treat; all randomized participants analyzed,30.0,30.0,,,,,7.0,17.0,participants,Events/total,"Trials 2020;21:43, pp.5–7; Table 3 + Results","PONV: control 17/30 (56.7%) vs TEAS 7/30 (23.3%), P<0.01.",TEAS EA Verification/Source PDFs/s13063-019-3892-4.pdf,12fbd503870f7f12216ff5f2544b159c66fecd557d4838bcabceec1aa151fb69,NOT REPORTED,INCLUDE,INCLUDE,Includes Song non-acupoint active-current sham as permitted by broader registered sham definition; diagnostic against conservative main taxonomy.,;ponv24_TEAS_sham;ponv24_TEAS_sham_point_window_sensitivity;ponv24_TEAS_broad_sham_sensitivity,1,,
AUDIT-0360,Yu 2020,Yu_2020,V34_B4_041,Preoperative TEAS,Control/no current (electrodes applied),TEAS,Sham,Rescue antiemetic,Participants requiring tropisetron rescue,0–24 h,Intention-to-treat; all randomized participants analyzed,30.0,30.0,,,,,7.0,16.0,participants,Events/total,"Trials 2020;21:43, pp.5–7; Table 3 + Results","Remedial antiemetic: control 16/30 (53.3%) vs TEAS 7/30 (23.3%), P<0.02.",TEAS EA Verification/Source PDFs/s13063-019-3892-4.pdf,12fbd503870f7f12216ff5f2544b159c66fecd557d4838bcabceec1aa151fb69,The Results text specifies tropisetron as the rescue antiemetic.,INCLUDE,EXCLUDE,Outside defined quantitative estimands; retained in full descriptive extraction.,,1,,
AUDIT-0361,Yu 2020,Yu_2020,V34_B4_042,Preoperative TEAS,Control/no current (electrodes applied),TEAS,Sham,Cognitive recovery,MMSE score,Postoperative day 1 (~24 h),Intention-to-treat; all randomized participants analyzed,30.0,30.0,26.1,2.78,24.6,2.35,,,MMSE 0–30,Mean/SD,"Trials 2020;21:43, abstract / Figure 5; Abstract + Figure 5",MMSE Postoperative day 1 (~24 h): control 24.6±2.35 vs TEAS 26.1±2.78; P=0.048.,TEAS EA Verification/Source PDFs/s13063-019-3892-4.pdf,12fbd503870f7f12216ff5f2544b159c66fecd557d4838bcabceec1aa151fb69,The Results prose oddly states scores were 'significantly lower in the TEAS group' although the printed TEAS means are higher; numerical values are preserved.,INCLUDE,EXCLUDE,Outside defined quantitative estimands; retained in full descriptive extraction.,,1,,
AUDIT-0362,Yu 2020,Yu_2020,V34_B4_043,Preoperative TEAS,Control/no current (electrodes applied),TEAS,Sham,Cognitive recovery,MMSE score,Postoperative day 2 (~48 h),Intention-to-treat; all randomized participants analyzed,30.0,30.0,27.83,2.73,26.53,2.94,,,MMSE 0–30,Mean/SD,"Trials 2020;21:43, abstract / Figure 5; Abstract + Figure 5",MMSE Postoperative day 2 (~48 h): control 26.53±2.94 vs TEAS 27.83±2.73; P=0.02.,TEAS EA Verification/Source PDFs/s13063-019-3892-4.pdf,12fbd503870f7f12216ff5f2544b159c66fecd557d4838bcabceec1aa151fb69,The Results prose oddly states scores were 'significantly lower in the TEAS group' although the printed TEAS means are higher; numerical values are preserved.,INCLUDE,EXCLUDE,Outside defined quantitative estimands; retained in full descriptive extraction.,,1,,
AUDIT-0363,Liang 2021,Liang_2021,V34_B4_044,Preoperative TEAS,Control/no stimulation,TEAS,Sham,Intraoperative opioid,Sufentanil consumption,Intraoperative,"Available-case analysis; 75 randomized, 70 analyzed",35.0,35.0,21.4,3.1,20.0,2.9,,,μg,Mean/SD,"Evidence-Based Complementary and Alternative Medicine 2021, Table 1; Table 1",Sufentanil consumption: TEAS 21.4±3.1 vs control 20.0±2.9.,retrieved_pdfs/014_liang_2021.pdf,cf2cc8a627b115ade55a85190c39352aa1a8e63ff1974e4a33dc7b65f961a5a3,Table 1 gives no outcome-specific P value and states baseline/intraoperative variables did not significantly differ.,INCLUDE,EXCLUDE,Outside defined quantitative estimands; retained in full descriptive extraction.,,1,,
AUDIT-0364,Liang 2021,Liang_2021,V34_B4_045,Preoperative TEAS,Control/no stimulation,TEAS,Usual care,Intraoperative opioid,Remifentanil consumption,Intraoperative,"Available-case analysis; 75 randomized, 70 analyzed",35.0,35.0,521.5,206.8,464.7,156.0,,,μg,Mean/SD,"Evidence-Based Complementary and Alternative Medicine 2021, Table 1; Table 1",Remifentanil consumption: TEAS 521.5±206.8 vs control 464.7±156.0.,retrieved_pdfs/014_liang_2021.pdf,cf2cc8a627b115ade55a85190c39352aa1a8e63ff1974e4a33dc7b65f961a5a3,Table 1 gives no outcome-specific P value and states baseline/intraoperative variables did not significantly differ.,INCLUDE,INCLUDE,v36: Pan2023 and Liang2021 controls received no TEAS/no stimulation without a described sham procedure.,;intraop_remifentanil_TEAS_usual,1,Sham,"Liang 2021: ""in control group, the patients received no stimulation."" No electrode placement or sham procedure described."
AUDIT-0365,Liang 2021,Liang_2021,V34_B4_046,Preoperative TEAS,Control/no stimulation,TEAS,Sham,PONV,PONV occurrence,End of surgery (T5),"Available-case analysis; 75 randomized, 70 analyzed",35.0,35.0,,,,,0.0,0.0,participants,Events/total,"Evidence-Based Complementary and Alternative Medicine 2021, Table 4; Table 4",PONV End of surgery (T5): TEAS 0/35 vs control 0/35.,retrieved_pdfs/014_liang_2021.pdf,cf2cc8a627b115ade55a85190c39352aa1a8e63ff1974e4a33dc7b65f961a5a3,The table labels the row simply 'PONV'; methods use a nausea verbal scale description.,HOLD,HOLD,"Source ambiguity or unavailable required statistic: Source definition, timepoint, denominator, scale, statistic, or post-randomization subset requires adjudication; see raw source/QC.",,1,,
AUDIT-0366,Liang 2021,Liang_2021,V34_B4_047,Preoperative TEAS,Control/no stimulation,TEAS,Sham,Pain,Pain event as reported (threshold/definition not stated),End of surgery (T5),"Available-case analysis; 75 randomized, 70 analyzed",35.0,35.0,,,,,2.0,1.0,participants,Events/total,"Evidence-Based Complementary and Alternative Medicine 2021, Table 4; Table 4",Pain row End of surgery (T5): TEAS 2/35 vs control 1/35.,retrieved_pdfs/014_liang_2021.pdf,cf2cc8a627b115ade55a85190c39352aa1a8e63ff1974e4a33dc7b65f961a5a3,"Methods describe a 0–4 verbal rating scale, but Table 4 reports only a number/proportion in a row labelled 'Pain' without specifying which threshold constitutes an event. Do not pool as a defined pain incidence until clarified.",HOLD,HOLD,"Source ambiguity or unavailable required statistic: Source definition, timepoint, denominator, scale, statistic, or post-randomization subset requires adjudication; see raw source/QC.",,1,,
AUDIT-0367,Liang 2021,Liang_2021,V34_B4_048,Preoperative TEAS,Control/no stimulation,TEAS,Sham,PONV,PONV occurrence,PACU discharge (T9),"Available-case analysis; 75 randomized, 70 analyzed",35.0,35.0,,,,,1.0,2.0,participants,Events/total,"Evidence-Based Complementary and Alternative Medicine 2021, Table 4; Table 4",PONV PACU discharge (T9): TEAS 1/35 vs control 2/35.,retrieved_pdfs/014_liang_2021.pdf,cf2cc8a627b115ade55a85190c39352aa1a8e63ff1974e4a33dc7b65f961a5a3,The table labels the row simply 'PONV'; methods use a nausea verbal scale description.,HOLD,HOLD,"Source ambiguity or unavailable required statistic: Source definition, timepoint, denominator, scale, statistic, or post-randomization subset requires adjudication; see raw source/QC.",,1,,
AUDIT-0368,Liang 2021,Liang_2021,V34_B4_049,Preoperative TEAS,Control/no stimulation,TEAS,Sham,Pain,Pain event as reported (threshold/definition not stated),PACU discharge (T9),"Available-case analysis; 75 randomized, 70 analyzed",35.0,35.0,,,,,7.0,6.0,participants,Events/total,"Evidence-Based Complementary and Alternative Medicine 2021, Table 4; Table 4",Pain row PACU discharge (T9): TEAS 7/35 vs control 6/35.,retrieved_pdfs/014_liang_2021.pdf,cf2cc8a627b115ade55a85190c39352aa1a8e63ff1974e4a33dc7b65f961a5a3,"Methods describe a 0–4 verbal rating scale, but Table 4 reports only a number/proportion in a row labelled 'Pain' without specifying which threshold constitutes an event. Do not pool as a defined pain incidence until clarified.",HOLD,HOLD,"Source ambiguity or unavailable required statistic: Source definition, timepoint, denominator, scale, statistic, or post-randomization subset requires adjudication; see raw source/QC.",,1,,
AUDIT-0369,Liang 2021,Liang_2021,V34_B4_050,Preoperative TEAS,Control/no stimulation,TEAS,Usual care,PONV,PONV occurrence,24 h (T11),"Available-case analysis; 75 randomized, 70 analyzed",35.0,35.0,,,,,2.0,2.0,participants,Events/total,"Evidence-Based Complementary and Alternative Medicine 2021, Table 4; Table 4",PONV 24 h (T11): TEAS 2/35 vs control 2/35.,retrieved_pdfs/014_liang_2021.pdf,cf2cc8a627b115ade55a85190c39352aa1a8e63ff1974e4a33dc7b65f961a5a3,The table labels the row simply 'PONV'; methods use a nausea verbal scale description.,HOLD,HOLD,"Source ambiguity or unavailable required statistic: Source definition, timepoint, denominator, scale, statistic, or post-randomization subset requires adjudication; see raw source/QC.",,1,Sham,"Liang 2021: ""in control group, the patients received no stimulation."" No electrode placement or sham procedure described."
AUDIT-0370,Liang 2021,Liang_2021,V34_B4_051,Preoperative TEAS,Control/no stimulation,TEAS,Sham,Pain,Pain event as reported (threshold/definition not stated),24 h (T11),"Available-case analysis; 75 randomized, 70 analyzed",35.0,35.0,,,,,8.0,8.0,participants,Events/total,"Evidence-Based Complementary and Alternative Medicine 2021, Table 4; Table 4",Pain row 24 h (T11): TEAS 8/35 vs control 8/35.,retrieved_pdfs/014_liang_2021.pdf,cf2cc8a627b115ade55a85190c39352aa1a8e63ff1974e4a33dc7b65f961a5a3,"Methods describe a 0–4 verbal rating scale, but Table 4 reports only a number/proportion in a row labelled 'Pain' without specifying which threshold constitutes an event. Do not pool as a defined pain incidence until clarified.",HOLD,HOLD,"Source ambiguity or unavailable required statistic: Source definition, timepoint, denominator, scale, statistic, or post-randomization subset requires adjudication; see raw source/QC.",,1,,
AUDIT-0371,Liang 2021,Liang_2021,V34_B4_052,Preoperative TEAS,Control/no stimulation,TEAS,Sham,PONV,PONV occurrence,48 h (T12),"Available-case analysis; 75 randomized, 70 analyzed",35.0,35.0,,,,,0.0,0.0,participants,Events/total,"Evidence-Based Complementary and Alternative Medicine 2021, Table 4; Table 4",PONV 48 h (T12): TEAS 0/35 vs control 0/35.,retrieved_pdfs/014_liang_2021.pdf,cf2cc8a627b115ade55a85190c39352aa1a8e63ff1974e4a33dc7b65f961a5a3,The table labels the row simply 'PONV'; methods use a nausea verbal scale description.,HOLD,HOLD,"Source ambiguity or unavailable required statistic: Source definition, timepoint, denominator, scale, statistic, or post-randomization subset requires adjudication; see raw source/QC.",,1,,
AUDIT-0372,Liang 2021,Liang_2021,V34_B4_053,Preoperative TEAS,Control/no stimulation,TEAS,Sham,Pain,Pain event as reported (threshold/definition not stated),48 h (T12),"Available-case analysis; 75 randomized, 70 analyzed",35.0,35.0,,,,,3.0,7.0,participants,Events/total,"Evidence-Based Complementary and Alternative Medicine 2021, Table 4; Table 4",Pain row 48 h (T12): TEAS 3/35 vs control 7/35.,retrieved_pdfs/014_liang_2021.pdf,cf2cc8a627b115ade55a85190c39352aa1a8e63ff1974e4a33dc7b65f961a5a3,"Methods describe a 0–4 verbal rating scale, but Table 4 reports only a number/proportion in a row labelled 'Pain' without specifying which threshold constitutes an event. Do not pool as a defined pain incidence until clarified.",HOLD,HOLD,"Source ambiguity or unavailable required statistic: Source definition, timepoint, denominator, scale, statistic, or post-randomization subset requires adjudication; see raw source/QC.",,1,,
AUDIT-0373,Liang 2021,Liang_2021,V34_B4_054,Preoperative TEAS,Control/no stimulation,TEAS,Sham,Cognitive recovery,MMSE score,PACU discharge (T9),"Available-case analysis; 75 randomized, 70 analyzed",35.0,35.0,26.2,2.8,25.8,3.6,,,MMSE 0–30,Mean/SD,"Evidence-Based Complementary and Alternative Medicine 2021, Table 4; Table 4",MMSE PACU discharge (T9): TEAS 26.2±2.8 vs control 25.8±3.6.,retrieved_pdfs/014_liang_2021.pdf,cf2cc8a627b115ade55a85190c39352aa1a8e63ff1974e4a33dc7b65f961a5a3,The source footnote marks within-group comparisons versus T9; no between-group exact P is printed.,INCLUDE,EXCLUDE,Outside defined quantitative estimands; retained in full descriptive extraction.,,1,,
AUDIT-0374,Liang 2021,Liang_2021,V34_B4_055,Preoperative TEAS,Control/no stimulation,TEAS,Sham,Cognitive recovery,MMSE score,24 h (T11),"Available-case analysis; 75 randomized, 70 analyzed",35.0,35.0,28.1,1.6,28.1,1.6,,,MMSE 0–30,Mean/SD,"Evidence-Based Complementary and Alternative Medicine 2021, Table 4; Table 4",MMSE 24 h (T11): TEAS 28.1±1.6 vs control 28.1±1.6.,retrieved_pdfs/014_liang_2021.pdf,cf2cc8a627b115ade55a85190c39352aa1a8e63ff1974e4a33dc7b65f961a5a3,The source footnote marks within-group comparisons versus T9; no between-group exact P is printed.,INCLUDE,EXCLUDE,Outside defined quantitative estimands; retained in full descriptive extraction.,,1,,
AUDIT-0375,Liang 2021,Liang_2021,V34_B4_056,Preoperative TEAS,Control/no stimulation,TEAS,Sham,Cognitive recovery,MMSE score,48 h (T12),"Available-case analysis; 75 randomized, 70 analyzed",35.0,35.0,28.3,1.4,28.6,1.3,,,MMSE 0–30,Mean/SD,"Evidence-Based Complementary and Alternative Medicine 2021, Table 4; Table 4",MMSE 48 h (T12): TEAS 28.3±1.4 vs control 28.6±1.3.,retrieved_pdfs/014_liang_2021.pdf,cf2cc8a627b115ade55a85190c39352aa1a8e63ff1974e4a33dc7b65f961a5a3,The source footnote marks within-group comparisons versus T9; no between-group exact P is printed.,INCLUDE,EXCLUDE,Outside defined quantitative estimands; retained in full descriptive extraction.,,1,,
SUPP-GAO-1,Gao 2021,Gao_2021,V34_GAO21_SUPP_1,TEAS,Sham,TEAS,Sham,Length of stay,Total hospital length of stay,Total admission,Outcome-specific analyzed population,,,,,,,,,,Source not accessed,Appendix 2 / Supplementary Table S4,,TEAS EA Verification/Source PDFs/covidence_400_full_article.pdf,9dccc7912cf6c84c466abdf8e09b879b53113bafa6d3d72306ad087bdc48e18a,Main paper directs exact values to unaccessed supplement. Not equivalent to NOT REPORTED.,SOURCE NOT ACCESSED,EXCLUDE,Outside defined quantitative estimands; retained in full descriptive extraction.,,1,,
SUPP-GAO-2,Gao 2021,Gao_2021,V34_GAO21_SUPP_2,TEAS,Sham,TEAS,Sham,Adverse events,30-day postoperative complications,0–30 days,Outcome-specific analyzed population,,,,,,,,,,Source not accessed,Appendix 2 / Supplementary Table S4,,TEAS EA Verification/Source PDFs/covidence_400_full_article.pdf,9dccc7912cf6c84c466abdf8e09b879b53113bafa6d3d72306ad087bdc48e18a,Main paper directs exact values to unaccessed supplement. Not equivalent to NOT REPORTED.,SOURCE NOT ACCESSED,EXCLUDE,Outside defined quantitative estimands; retained in full descriptive extraction.,,1,,
V34-OD-0759,Yang 2024,Yang_2024,YANG24_EA_vs_UC_NAUSEA24,Perioperative EA + usual care,Usual care,EA,Usual care,PONV,Postoperative nausea,0-24 h after surgery,Intention-to-treat (90/90 retained),90.0,90.0,,,,,24.0,40.0,participants,Events/total,Table 3 (0-24 h after surgery); Methods (recording windows); Results text,"Table 3, ""0-24 h after surgery"": Incidence of Nausea [n(%)] 24(26.7) EA vs 40(44.4) UC, P=0.013. Methods: ""Incidence of PON and POV ... were recorded at 0-24 h, 24-48 h and 48-72 h after surgery.""",TEAS EA Verification/Source PDFs/covidence_1930_full_article.pdf,6c2160c1111226035fb3a46cd41746f84d6f420d24c10b329cffcf82e1c8580f,No sham acupuncture; nausea is a subjective endpoint reported by unblinded participants,INCLUDE,INCLUDE,Source construct/window/contrast reviewed; direct data admitted.,;nausea24_EA_usual,1,,
V35-CHEN20-48,Chen 2020,Chen_2020,CHEN20_TEAS_vs_SHAM_SUF48,Perioperative TEAS,Sham low/zero-current protocol,TEAS,Sham,Opioid consumption,Cumulative postoperative PCIA sufentanil consumption,0-48 h,Outcome-specific analyzed population,40.0,40.0,118.52,9.77,140.15,7.87,,,µg sufentanil,Mean/SD,48-h cumulative pump result; preserve native µg. Registration retrospective.,118.52±9.77 vs 140.15±7.87 μg,TEAS EA Verification/Source PDFs/Thoracic Cancer - 2020 - Chen - Efficacy of transcutaneous electrical acupoint stimulation combined with general anesthesia.pdf,debc925a549725290efc12e4fde6fbbb63880cb0bbd6425faac2e22b1e5c3663,Sham was 4 mA pre/postoperatively but 0 mA intraoperatively; preserve this nuance,INCLUDE,SENSITIVITY,Chen unresolved basal contradiction and He unknown equivalence basis; no principal claim.,;opioid48_TEAS_sham_uncertain_suf0.25;opioid48_TEAS_sham_uncertain_suf0.5;opioid48_TEAS_sham_uncertain_suf1,1,,
V35-YANG24-72,Yang 2024,Yang_2024,YANG24_EA_vs_UC_MORPH72,Perioperative EA + usual care,Usual care,EA,Usual care,Opioid consumption,Cumulative morphine use via IV PCA,0-72 h / POD1-3,Outcome-specific analyzed population,90.0,90.0,127.0,12.0,127.5,12.5,,,mg morphine,Mean/SD,Extracted from PCA device records; full ITT.,127.0±12.0 vs 127.5±12.5 mg,TEAS EA Verification/Source PDFs/covidence_1930_full_article.pdf,6c2160c1111226035fb3a46cd41746f84d6f420d24c10b329cffcf82e1c8580f,All 180 randomized participants retained in ITT; open-label patients but objective PCA drug-use record,INCLUDE,SENSITIVITY,Yang unquantified IM rescue not included in device total.,;opioid72_EA_usual_PCA,1,,
V35-HE26-48,He 2026 (hepatectomy/JIS),He_2026_hepatectomy_JIS,HEJIS26_TEAS_vs_CTRL_MME24,Intraoperative PC6 TEAS,No-current PC6 control,TEAS,Sham,Opioid consumption,Total postoperative opioid consumption in morphine equivalents,0–48 h,Outcome-specific analyzed population,80.0,79.0,39.5,4,40.4,7.1,,,mg MME,Mean/SD,"Supplemental material 2 eTable 1 (he2026_sm8843.docx; v36 label corrected from sm8842, which is the SAP); mITT80/79",,TEAS EA Verification/Source PDFs/covidence_25_verified.pdf,4fc22447f980bacde9572ec5b1998318f5c4c38aedd82b7809644644e00d7e96,Supplemental eTable 1 directly reports MME; mITT excludes one canceled surgery and one consent withdrawal after randomization,INCLUDE,SENSITIVITY,Chen unresolved basal contradiction and He unknown equivalence basis; no principal claim.,;opioid48_TEAS_sham_uncertain_suf0.25;opioid48_TEAS_sham_uncertain_suf0.5;opioid48_TEAS_sham_uncertain_suf1,1,,
