assessment_id,study,outcome,window,comparison,population,d1,d2,d3,d4,d5,overall,provenance,source,human_signoff_date,result_id,d1_rationale,d2_rationale,d3_rationale,d4_rationale,d5_rationale,overall_rationale,reviewer,review_date,effect_of_interest,source_pdf,source_sha256,source_text,result_location
CORRECTED-V34-001,Yang 2020,Time to first postoperative flatus,Time to event,EA + usual care vs usual care,EA 29 / UC 28,Low,Some concerns,Low,Some concerns,Some concerns,Some concerns,Corrected RoB 2 Replacement Batch 1,v34 master: Corrected_RoB2 row2,NOT PRESENT IN CONSOLIDATED RECORD,,,,,,,,,,,,,,
CORRECTED-V34-002,Seevaunnamtum 2016,Cumulative IV PCA morphine,0-24 h,EA + standard care vs standard care,32 / 32,Some concerns,Low,Low,Low,Some concerns,Some concerns,Corrected RoB 2 Replacement Batch 1,v34 master: Corrected_RoB2 row3,NOT PRESENT IN CONSOLIDATED RECORD,,,,,,,,,,,,,,
CORRECTED-V34-003,Lin 2002,Cumulative IV PCA morphine delivered,24-h test period,Four-arm: control / sham / low-EA / high-EA,25 per arm,Some concerns,Low,Low,Low,Some concerns,Some concerns,Corrected RoB 2 Replacement Batch 1,v34 master: Corrected_RoB2 row4,NOT PRESENT IN CONSOLIDATED RECORD,,,,,,,,,,,,,,
CORRECTED-V34-004,Yao 2015,Global QoR-40,24 h,TEAS vs no-current control,35 / 36,Low,Some concerns,Low,High,Some concerns,High,Corrected RoB 2 Replacement Batch 2,v34 master: Corrected_RoB2 row5,NOT PRESENT IN CONSOLIDATED RECORD,,,,,,,,,,,,,,
CORRECTED-V34-005,Yu 2020,Global QoR-40,POD1 (~24 h),TEAS vs no-current control,30 / 30,Some concerns,Low,Low,High,Some concerns,High,Corrected RoB 2 Replacement Batch 2,v34 master: Corrected_RoB2 row6,NOT PRESENT IN CONSOLIDATED RECORD,,,,,,,,,,,,,,
CORRECTED-V34-006,Pan 2023,Time to first postoperative flatus,Time to event,TEAS vs no-TEAS control,52 / 53,Some concerns,High,High,Some concerns,Some concerns,High,Corrected RoB 2 Replacement Batch 2,v34 master: Corrected_RoB2 row7,NOT PRESENT IN CONSOLIDATED RECORD,,,,,,,,,,,,,,
CORRECTED-V34-007,Zhu 2022,Postoperative vomiting,6-24 h postoperatively,EA day before surgery vs usual care,Pre 101; usual care 101,Low,Some concerns,Low,Low,Some concerns,Some concerns,De novo source-grounded replacement; four-arm design retained,v34 master: Corrected_RoB2 row8,NOT PRESENT IN CONSOLIDATED RECORD,,,,,,,,,,,,,,
CORRECTED-V34-008,Zhou 2025,Global QoR-15,POD1,PACU TEAS vs sham/no current,48 vs 49,Low,Some concerns,Low,High,Some concerns,High,De novo source-grounded replacement; patient-reported outcome with uncertain sensory masking,v34 master: Corrected_RoB2 row9,NOT PRESENT IN CONSOLIDATED RECORD,,,,,,,,,,,,,,
CORRECTED-V34-009,Zhou 2021,Time to first flatus,Postoperative,Postoperative TEAS + ERAS vs ERAS/usual care,41 vs 40,Some concerns,Some concerns,Low,High,Some concerns,High,De novo source-grounded replacement; open-label/no sham and likely participant-reported GI endpoint,v34 master: Corrected_RoB2 row10,NOT PRESENT IN CONSOLIDATED RECORD,,,,,,,,,,,,,,
CORRECTED-V34-010,Zheng 2025,Any PONV,Within 24 h,Perioperative TEAS vs sham/no current,42 vs 43,Low,Some concerns,Low,Some concerns,Some concerns,Some concerns,De novo source-grounded replacement; 3 post-randomization exclusions and uncertain sensory masking,v34 master: Corrected_RoB2 row11,NOT PRESENT IN CONSOLIDATED RECORD,,,,,,,,,,,,,,
CORRECTED-V34-011,Zhan 2020,VAS pain intensity,24 h,TAP + TEAS vs TAP,30 vs 30,Some concerns,Low,Low,High,Some concerns,High,De novo source-grounded replacement; subjective pain outcome without sensory-matched TEAS sham,v34 master: Corrected_RoB2 row12,NOT PRESENT IN CONSOLIDATED RECORD,,,,,,,,,,,,,,
CORRECTED-V34-012,Zhang 2025,Total sufentanil consumption,POD1 (~24 h),Perioperative TEAS vs sub-sensory sham,45 vs 48,Low,High,High,Low,Some concerns,High,De novo source-grounded replacement; 15/108 post-randomization exclusions materially affect effect-of-assignment analysis,v34 master: Corrected_RoB2 row13,NOT PRESENT IN CONSOLIDATED RECORD,,,,,,,,,,,,,,
CORRECTED-V34-013,Zhang 2023,Time to first spontaneous void,Postoperative,TEAS vs sham/no current,922 vs 916,Low,High,Some concerns,Some concerns,Low,High,De novo source-grounded replacement; 110 randomized participants excluded from final analysis after nonreceipt/discontinuation,v34 master: Corrected_RoB2 row14,NOT PRESENT IN CONSOLIDATED RECORD,,,,,,,,,,,,,,
CORRECTED-V34-014,Zhang 2014,Recovery-room stay,Recovery-room discharge,Preoperative TEAS vs sham/no current,33 vs 32,Some concerns,Low,Low,Low,Some concerns,Some concerns,De novo source-grounded replacement; detailed flowchart used instead of abstract's incorrect 72-randomized statement,v34 master: Corrected_RoB2 row15,NOT PRESENT IN CONSOLIDATED RECORD,,,,,,,,,,,,,,
CORRECTED-V34-015,Yang 2024,Morphine use via IV PCA,First 24 h / POD1,Perioperative EA + usual care vs usual care,90 vs 90,Low,Low,Low,Low,Some concerns,Some concerns,De novo source-grounded replacement; full ITT retained despite three protocol deviations; no sham for participants,v34 master: Corrected_RoB2 row16,NOT PRESENT IN CONSOLIDATED RECORD,,,,,,,,,,,,,,
CORRECTED-V34-016,Xiong 2021,Any PONV,Within 48 h,TEAS + dexamethasone + tropisetron vs antiemetics alone,31 vs 31,Low,Low,Low,Some concerns,Some concerns,Some concerns,Fresh re-adjudication of source-matched RoB; participant sensory masking may have failed for a patient-reported PONV outcome,v34 master: Corrected_RoB2 row17,NOT PRESENT IN CONSOLIDATED RECORD,,,,,,,,,,,,,,
CORRECTED-V34-017,Xing 2022,Total intraoperative remifentanil consumption,Intraoperative,TEAS + TAPB vs sham TEAS + TAPB,29 vs 29,Low,Low,Some concerns,Low,Some concerns,Some concerns,De novo source-grounded replacement using the randomized incremental TEAS contrast NTG vs NG,v34 master: Corrected_RoB2 row18,NOT PRESENT IN CONSOLIDATED RECORD,,,,,,,,,,,,,,
CORRECTED-V34-018,Xie 2014,Total postoperative/perioperative sufentanil,Study PCA period; exact fixed window unclear,Active EAS vs sham needling,20 vs 20,Some concerns,Low,Low,Low,Some concerns,Some concerns,De novo source-grounded replacement; result retained with explicit time-window ambiguity rather than relabeling as 24 h,v34 master: Corrected_RoB2 row19,NOT PRESENT IN CONSOLIDATED RECORD,,,,,,,,,,,,,,
CORRECTED-V34-019,Wu 2022,VAS pain intensity,POD1,Perioperative pTEAS vs no-current control,44 vs 40,Some concerns,Some concerns,High,High,Some concerns,High,"De novo source-grounded replacement; asymmetric post-randomization exclusions, subjective pain, and unlikely participant masking",v34 master: Corrected_RoB2 row20,NOT PRESENT IN CONSOLIDATED RECORD,,,,,,,,,,,,,,
CORRECTED-V34-020,Wu 2025,VAS pain intensity,24 h,PACU TEAS vs sham/no current,ITT 50 vs 50; 3 unavailable at 24 h,Some concerns,Low,Some concerns,High,Some concerns,High,"De novo source-grounded replacement; allocation concealment incompletely described, missing 24-h data handling unclear, and sensory masking imperfect for subjective pain",v34 master: Corrected_RoB2 row21,NOT PRESENT IN CONSOLIDATED RECORD,,,,,,,,,,,,,,
CORRECTED-V34-021,Wang 2023,Postoperative sleep quality (PSQI/AIS),POD1,Nighttime TEAS vs sham/no current,40 vs 43,Low,High,Some concerns,High,Some concerns,High,De novo source-grounded replacement; 5 protocol-breach exclusions and subjective patient-reported sleep with imperfect sensory masking,v34 master: Corrected_RoB2 row22,NOT PRESENT IN CONSOLIDATED RECORD,,,,,,,,,,,,,,
CORRECTED-V34-022,Wang 2024,PONV incidence,12-24 h,SNVP ODT vs SNVP OD,33 vs 35,Low,Some concerns,High,Low,Some concerns,High,De novo source-grounded replacement; treatment randomized within SNVP stratum only; two post-randomization ODT exclusions and marked surgical imbalance,v34 master: Corrected_RoB2 row23,NOT PRESENT IN CONSOLIDATED RECORD,,,,,,,,,,,,,,
CORRECTED-V34-023,Tu 2024,Vomiting incidence,2-6 h,Postoperative TEAS vs sham/no current,57 vs 58,Low,Low,High,Low,Some concerns,High,"Fresh re-adjudication; one sham patient excluded specifically for intracranial-hypertension-related vomiting, making missingness outcome-related",v34 master: Corrected_RoB2 row24,NOT PRESENT IN CONSOLIDATED RECORD,,,,,,,,,,,,,,
CORRECTED-V34-024,Sun 2017,Activity-evoked VAS,24 h,Preoperative + postoperative TEAS (TST) vs all-period sham (SSS),89 vs 90,Low,Low,Some concerns,Some concerns,Some concerns,Some concerns,Fresh re-adjudication; four-arm timing design preserved and sham recognized as 5-min perceptible low-current stimulation,v34 master: Corrected_RoB2 row25,NOT PRESENT IN CONSOLIDATED RECORD,,,,,,,,,,,,,,
CORRECTED-V34-025,Sim 2002,Cumulative postoperative IV PCA morphine,0-24 h,Preoperative EA vs placebo EA,30 vs 30,Some concerns,Low,Low,Low,Some concerns,Some concerns,De novo source-grounded replacement; randomized sequence reported but allocation concealment not reported; placebo blinding was empirically assessed,v34 master: Corrected_RoB2 row26,NOT PRESENT IN CONSOLIDATED RECORD,,,,,,,,,,,,,,
CORRECTED-V34-026,Ntritsou 2014,Total tramadol exposure,First 24 h most consistent with protocol,Perioperative EA + tramadol/ketamine vs sham + tramadol/ketamine,35 vs 35,Some concerns,Low,High,Low,Some concerns,High,De novo source-grounded replacement; five post-randomization exclusions included clinically relevant postoperative adverse events,v34 master: Corrected_RoB2 row27,NOT PRESENT IN CONSOLIDATED RECORD,,,,,,,,,,,,,,
CORRECTED-V34-027,Ng 2013,Time to first bowel motion,Postoperative,Electroacupuncture vs sham acupuncture,55 vs 55,Some concerns,Low,Low,Low,Some concerns,Some concerns,De novo source-grounded replacement; computer sequence but explicitly nonopaque envelopes create concealment concern,v34 master: Corrected_RoB2 row28,NOT PRESENT IN CONSOLIDATED RECORD,,,,,,,,,,,,,,
CORRECTED-V34-028,Ma 2026,Resting NRS pain,24 h,Group T (TEAS) vs Group S (no TEAS),17 vs 16,Some concerns,Low,Some concerns,High,Some concerns,High,"De novo source-grounded replacement; only T vs S randomized, allocation concealment unavailable, no participant blinding, and subjective pain is graph-only",v34 master: Corrected_RoB2 row29,NOT PRESENT IN CONSOLIDATED RECORD,,,,,,,,,,,,,,
CORRECTED-V34-029,Lu 2021,Post-mastectomy chronic pain incidence,6 months,Combined PC6+CV17 TEAS vs sham/no current,ITT 190 vs 188,Low,Low,Low,High,Some concerns,High,"De novo source-grounded replacement; central web randomization and worst-case ITT are strong, but chronic pain is patient-reported in an unblinded participant population and published effect estimates conflict",v34 master: Corrected_RoB2 row30,NOT PRESENT IN CONSOLIDATED RECORD,,,,,,,,,,,,,,
CORRECTED-V34-030,Lu 2022,Time to meet discharge criteria,Postoperative,TEAS + ERAS vs no-current control + ERAS,47 vs 47,Some concerns,Low,High,Some concerns,Low,High,"De novo source-grounded replacement; 6 randomized participants excluded after conversion/refusal, with conversion plausibly related to discharge time; participant blinding was not effective",v34 master: Corrected_RoB2 row31,NOT PRESENT IN CONSOLIDATED RECORD,,,,,,,,,,,,,,
CORRECTED-V34-031,Luo 2026,Cumulative postoperative nausea,0-48 h,Intraoperative PC6 TEAS vs sham/no current,138 vs 139,Low,Low,Low,Some concerns,Some concerns,Some concerns,"Fresh re-adjudication of source-matched RoB; full follow-up and concealed randomization are strong, but participant masking demonstrably failed for a subjective nausea outcome",v34 master: Corrected_RoB2 row32,NOT PRESENT IN CONSOLIDATED RECORD,,,,,,,,,,,,,,
CORRECTED-V34-032,Long 2025,Perioperative neurocognitive disorder (PND),POD3,Electrical acupoint stimulation vs electrodes/no current,27 active vs 26 control,Some concerns,Some concerns,High,Some concerns,Some concerns,High,"De novo source-grounded replacement; allocation concealment NR, 7/60 excluded without arm allocation, no full ITT, and primary event denominators are internally inconsistent",v34 master: Corrected_RoB2 row33,NOT PRESENT IN CONSOLIDATED RECORD,,,,,,,,,,,,,,
CORRECTED-V34-033,Li 2021,Time to first bowel motion by auscultation,Postoperative,Perioperative TEAS vs sham-point/no current,140 vs 140,Low,Low,High,Low,Low,High,"De novo source-grounded replacement; 26/306 randomized participants excluded from the explicit per-protocol analysis, including ICU transfer and cancelled operations that can relate to GI recovery",v34 master: Corrected_RoB2 row34,NOT PRESENT IN CONSOLIDATED RECORD,,,,,,,,,,,,,,
CORRECTED-V34-034,Liu 2026 (ESD),Moderate-to-severe pain (NRS ≥4),Within 24 h,Perioperative TEAS vs sham-point/no current,58 vs 62,Low,Some concerns,High,Some concerns,Low,High,"De novo source-grounded replacement; 9 post-randomization exclusions include bleeding/conversion events plausibly related to pain/recovery, with no full ITT",v34 master: Corrected_RoB2 row35,NOT PRESENT IN CONSOLIDATED RECORD,,,,,,,,,,,,,,
CORRECTED-V34-035,Liu 2021,Postoperative cognitive decline (MMSE Z-score ≤ -2),POD1,Perioperative TEAS vs electrodes/no current,50 vs 50,Some concerns,Some concerns,Low,Some concerns,Some concerns,Some concerns,"De novo source-grounded replacement; no attrition and blinded MMSE assessment, but concealment and participant masking are insufficiently reported",v34 master: Corrected_RoB2 row36,NOT PRESENT IN CONSOLIDATED RECORD,,,,,,,,,,,,,,
CORRECTED-V34-036,Liu 2026 (burn),Intraoperative remifentanil consumption,Intraoperative,Pre-induction TEAS vs placebo/sham TEAS,43 vs 43,Low,Low,Some concerns,Low,Some concerns,Some concerns,"De novo source-grounded replacement; strong concealment/blinding and objective outcome, but two post-randomization intervention-related withdrawals plus retrospective registration and abstract/Results value conflict remain",v34 master: Corrected_RoB2 row37,NOT PRESENT IN CONSOLIDATED RECORD,,,,,,,,,,,,,,
CORRECTED-V34-037,Liu 2025,New-onset supraventricular tachycardia (SVT),First 24 h,Perioperative EA vs control/sham procedure,38 vs 39,Low,Low,Some concerns,Low,Low,Some concerns,"De novo source-grounded replacement; concealed randomization and blinded ECG assessment support the objective primary outcome, but three post-randomization discontinuations prevent a clean full-ITT judgment",v34 master: Corrected_RoB2 row38,NOT PRESENT IN CONSOLIDATED RECORD,,,,,,,,,,,,,,
CORRECTED-V34-038,Li 2022,Postoperative NRS pain,24 h,Preoperative EA vs sham EA,39 vs 40,Low,Low,Some concerns,Some concerns,Some concerns,Some concerns,De novo source-grounded replacement; one EA participant was excluded from final analysis and the 24-h subjective pain result shows no significant treatment effect,v34 master: Corrected_RoB2 row39,NOT PRESENT IN CONSOLIDATED RECORD,,,,,,,,,,,,,,
CORRECTED-V34-039,Liang 2021,CRBD incidence,24 h,Preoperative TEAS vs control/no stimulation,35 vs 35,Some concerns,Low,Some concerns,High,Some concerns,High,De novo source-grounded replacement; five randomized participants were not in the final analysis and CRBD is a subjective patient-experienced outcome with no sensory-matched sham,v34 master: Corrected_RoB2 row40,NOT PRESENT IN CONSOLIDATED RECORD,,,,,,,,,,,,,,
CORRECTED-V34-040,Lee 2011,Cumulative IV PCA morphine delivered,First 24 postoperative hours,Low-frequency dense-sparse SSP vs sham SSP,10 vs 12,Some concerns,Low,Some concerns,Low,Some concerns,Some concerns,"De novo source-grounded assessment; random-number table used but concealment NR, two low-frequency participants excluded, objective PCA outcome, and no prospective analysis plan located",v34 master: Corrected_RoB2 row41,NOT PRESENT IN CONSOLIDATED RECORD,,,,,,,,,,,,,,
CORRECTED-V34-041,Jin 2023,Cumulative analgesic pump compressions,48 h,2-Hz postoperative EA vs sham EA,53 vs 52,Some concerns,Low,High,Low,Some concerns,High,"De novo source-grounded replacement; 16/174 dropouts, complete-case outcome tables despite ITT language, and dropout reasons include unsatisfactory effects",v34 master: Corrected_RoB2 row42,NOT PRESENT IN CONSOLIDATED RECORD,,,,,,,,,,,,,,
CORRECTED-V34-042,Jiang 2026,Time to first flatus,Modified-ITT-type analysis,Perioperative TEAS vs sham/no current,296 vs 297,Low,Some concerns,Some concerns,Low,Low,Some concerns,"De novo source-grounded replacement; concealed block randomization and blinded assessment, but the reported ITT excludes 21 randomized non-recipients and is therefore modified ITT rather than full effect-of-assignment analysis",v34 master: Corrected_RoB2 row43,NOT PRESENT IN CONSOLIDATED RECORD,,,,,,,,,,,,,,
CORRECTED-V34-043,Huang 2025,Time to first flatus,Postoperative,Postoperative EA + ERAS vs ERAS/standard care,43 vs 45,Low,High,High,High,Low,High,"De novo source-grounded replacement; 13/101 post-randomization exclusions include treatment discontinuation/conversion/adjunct GI interventions, no sham, and first flatus is vulnerable to unblinded participant reporting",v34 master: Corrected_RoB2 row44,NOT PRESENT IN CONSOLIDATED RECORD,,,,,,,,,,,,,,
CORRECTED-V34-044,Huang 2024,VAS during walking/knee movement,POD1,Contralateral EA vs bilateral sham EA,38 vs 38,Low,Some concerns,Low,Some concerns,Low,Some concerns,"De novo source-grounded replacement; concealed allocation, prospective registration and full follow-up are strengths, but six participants did not complete assigned treatment and subjective pain remains potentially sensitive to treatment awareness despite tested sham masking",v34 master: Corrected_RoB2 row45,NOT PRESENT IN CONSOLIDATED RECORD,,,,,,,,,,,,,,
CORRECTED-V34-045,Hou 2023,PONV incidence,Postoperative,Perioperative TEAS vs sham/no-current TEAS,36 vs 36,Low,Low,Low,Some concerns,Low,Some concerns,"De novo source-grounded replacement; sealed-envelope randomization and balanced personal-reason withdrawals, but active vibration versus zero current without a blinding-success test leaves uncertainty for nausea-containing PONV",v34 master: Corrected_RoB2 row46,NOT PRESENT IN CONSOLIDATED RECORD,,,,,,,,,,,,,,
CORRECTED-V34-046,Huang 2017,Total opioid as remifentanil-equivalent rate,Intraoperative,2/100-Hz TEAS vs placebo/no-current control,20 vs 20,Some concerns,Low,Low,Low,Some concerns,Some concerns,Fresh source-grounded RoB; random numbers generated in Excel but allocation concealment not reported; complete perioperative follow-up and objective anesthetic-consumption outcome are strengths,v34 master: Corrected_RoB2 row47,NOT PRESENT IN CONSOLIDATED RECORD,,,,,,,,,,,,,,
CORRECTED-V34-047,He 2026 (hepatectomy/JIS),Total postoperative opioid consumption in morphine equivalents,0-24 h,Intraoperative PC6 TEAS vs no-current control,80 vs 79,Low,Some concerns,Low,Low,Low,Some concerns,"De novo source-grounded replacement using Supplemental eTable 1; secure web randomization and objective MME endpoint, with two randomized patients excluded from mITT because intervention was never initiated/consent withdrawn",v34 master: Corrected_RoB2 row48,NOT PRESENT IN CONSOLIDATED RECORD,,,,,,,,,,,,,,
CORRECTED-V34-048,He 2026 (breast/WJCO),Moderate-to-severe movement-evoked pain (VAS >4),24 h,Perioperative EA vs sham acupuncture,65 vs 65,Some concerns,Low,Low,Some concerns,Some concerns,Some concerns,"De novo source-grounded replacement; complete analysis and blinded assessors, but allocation concealment is not reported, patient sensory masking is uncertain, and no prospective registration/protocol was located",v34 master: Corrected_RoB2 row49,NOT PRESENT IN CONSOLIDATED RECORD,,,,,,,,,,,,,,
CORRECTED-V34-049,Gu 2019,Time to first flatus,Postoperative,Long-duration TEAS vs sham/no-current TEAS,58 vs 59,Some concerns,Low,Some concerns,Some concerns,Some concerns,Some concerns,"De novo source-grounded replacement; computer randomization but concealment NR, three complete-case exclusions, untested sensory masking, and participant self-recording of flatus",v34 master: Corrected_RoB2 row50,NOT PRESENT IN CONSOLIDATED RECORD,,,,,,,,,,,,,,
CORRECTED-V34-050,Guo 2023,Postoperative cognitive dysfunction,POD1,Perioperative TEAS vs sham/no-current TEAS,55 vs 55,Some concerns,Low,High,Some concerns,Low,High,"De novo source-grounded replacement; 18/128 post-randomization losses excluded with no ITT, including surgical conversions/reoperations/deaths; participant sensory masking is also uncertain",v34 master: Corrected_RoB2 row51,NOT PRESENT IN CONSOLIDATED RECORD,,,,,,,,,,,,,,
CORRECTED-V34-051,Grech 2016,PACU analgesic requirement in women-only subgroup,PACU,Intraoperative low-frequency EA vs sham/control,9 women vs 9 women subgroup,Some concerns,High,Some concerns,Low,High,High,"De novo source-grounded replacement; randomization/concealment inadequately described, result is a post hoc sex subgroup with two EA men excluded, and exact numeric outcome is not tabulated",v34 master: Corrected_RoB2 row52,NOT PRESENT IN CONSOLIDATED RECORD,,,,,,,,,,,,,,
CORRECTED-V34-052,Gao 2021,Postoperative paralytic ileus,No flatus >72 h,Postoperative TEAS vs sham/no-current TEAS,303 vs 307,Low,Low,Low,Some concerns,Low,Some concerns,"De novo source-grounded replacement; central/sealed allocation and full ITT are strengths, but active stimulation was perceptible and POI depends on first-flatus ascertainment",v34 master: Corrected_RoB2 row53,NOT PRESENT IN CONSOLIDATED RECORD,,,,,,,,,,,,,,
CORRECTED-V34-053,Yeh 2010,24-h morphine PCA dose,First 24 postoperative hours,True AES vs electrical sham AES,33 vs 30 analyzed,Some concerns,Low,Some concerns,Low,Some concerns,Some concerns,Fresh source-grounded assessment. Randomization sequence not reported and five unstable participants were excluded with arm allocation NR; outcome is objective PCA use. Separate duplicate-publication overlap hold applies.,v34 master: Corrected_RoB2 row54,NOT PRESENT IN CONSOLIDATED RECORD,,,,,,,,,,,,,,
CORRECTED-V34-054,Yeh 2011,24-h IV morphine PCA dose,First 24 postoperative hours,True AES vs electrical sham AES,30 vs 30,Some concerns,Low,Low,Low,Some concerns,Some concerns,Fresh source-grounded assessment. Computer sequence but sequential allocation without sealed envelopes raises concealment concern; complete follow-up and objective PCA dose are strengths. Duplicate-publication overlap hold applies.,v34 master: Corrected_RoB2 row55,NOT PRESENT IN CONSOLIDATED RECORD,,,,,,,,,,,,,,
CORRECTED-V34-055,Wong 2006,Total IV PCA morphine,First 3 postoperative days,Postoperative EA vs nonpenetrating sham,13 vs 12,Low,Low,High,Low,Some concerns,High,Fresh source-grounded assessment. Two sham participants were excluded after serious postoperative complications likely related to postoperative outcomes; no ITT analysis. Exact 24-h opioid endpoint remains unavailable.,v34 master: Corrected_RoB2 row56,NOT PRESENT IN CONSOLIDATED RECORD,,,,,,,,,,,,,,
CORRECTED-V34-056,El-Rakshy 2009,Total IV morphine analgesia,First 24 h,Intraoperative EA + PCA vs PCA alone,42 EA vs 53 control for this outcome,Some concerns,Low,High,Low,Some concerns,High,Fresh source-grounded assessment. Computer randomization but concealment NR; severe publication-level denominator inconsistencies and outcome-specific missing data preclude confidence in complete outcome data.,v34 master: Corrected_RoB2 row57,NOT PRESENT IN CONSOLIDATED RECORD,,,,,,,,,,,,,,
CORRECTED-V34-057,Coura 2011,Cumulative fentanyl,First 24 h,EA vs sham,13 vs 9,Some concerns,Low,High,Low,Some concerns,High,Fresh source-grounded assessment. Ten of 32 randomized participants were excluded from the final comparison and the publication does not establish that missingness is unrelated to the opioid result.,v34 master: Corrected_RoB2 row58,NOT PRESENT IN CONSOLIDATED RECORD,,,,,,,,,,,,,,
CORRECTED-V34-058,Chen 1998,Cumulative IV PCA hydromorphone,First 24 h,Active ST36 acupoint TENS vs sham ST36 0 mA,25 vs 25,Some concerns,Some concerns,Low,Low,Some concerns,Some concerns,"Fresh source-grounded assessment. Four-arm trial is retained. Randomization/concealment reporting is limited and active postoperative stimulation is perceptible compared with 0-mA sham, but hydromorphone delivery itself is objectively recorded.",v34 master: Corrected_RoB2 row59,NOT PRESENT IN CONSOLIDATED RECORD,,,,,,,,,,,,,,
CORRECTED-V34-059,Chen 2020,Cumulative sufentanil,24 h,Perioperative TEAS vs sham low/zero-current protocol,40 vs 40,Low,Low,Low,Low,Some concerns,Some concerns,Fresh source-grounded assessment. Complete objective opioid outcome and a partially sensory-matched sham support low risk in most domains; uncertainty remains about exact prospective analysis prespecification.,v34 master: Corrected_RoB2 row60,NOT PRESENT IN CONSOLIDATED RECORD,,,,,,,,,,,,,,
CORRECTED-V34-060,Ao 2021,Cumulative PCA solution consumption,48 h,Repeated perioperative TEAS vs sham/no current,32 vs 33,Some concerns,Some concerns,Some concerns,Low,Some concerns,Some concerns,Fresh source-grounded assessment. Five randomized participants were not analyzed and repeated awake active stimulation versus no-current sham may reveal allocation; the selected PCA-volume result is objectively recorded. Exact 24-h opioid dose remains missing.,v34 master: Corrected_RoB2 row61,NOT PRESENT IN CONSOLIDATED RECORD,,,,,,,,,,,,,,
CORRECTED-V34-061,An 2014,Total postoperative fentanyl PCIA dose,Reported 48-h PCIA period,Intraoperative EA vs no-acupuncture control,41 vs 40,Some concerns,Low,High,Low,Some concerns,High,"Fresh source-grounded assessment. Seven of 88 randomized participants were excluded after reoperation, persistent unconsciousness or incomplete information; no ITT analysis. Objective fentanyl result but substantial missing-data concern.",v34 master: Corrected_RoB2 row62,NOT PRESENT IN CONSOLIDATED RECORD,,,,,,,,,,,,,,
CORRECTED-V34-062,Chen 2015,Global QoR-40,24 h,Preoperative TEAS vs no-current control,41 vs 42,Low,Low,Some concerns,High,Low,High,"Fresh source-grounded assessment. Opaque-envelope randomization and prospective registration are strengths, but the patient-reported QoR-40 is vulnerable to treatment awareness because active 6-9 mA TEAS was perceptible and control delivered no current.",v34 master: Corrected_RoB2 row63,NOT PRESENT IN CONSOLIDATED RECORD,,,,,,,,,,,,,,
CORRECTED-V34-063,Chen 2015 (Hyperalgesia),Cumulative rescue sufentanil PCIA boluses,0-24 h,Preoperative TEAS vs no-current sham,29 vs 30,Low,Low,Some concerns,Low,Some concerns,Some concerns,Fresh source-grounded assessment. Computer randomization with sealed envelopes and blinded outcome personnel; one TEAS protocol-breach exclusion and uncertainty about sensory masking/prespecified analysis remain.,v34 master: Corrected_RoB2 row64,NOT PRESENT IN CONSOLIDATED RECORD,,,,,,,,,,,,,,
CORRECTED-V34-064,Wu 2016,Postoperative nausea/vomiting,Postoperative period; exact window not reported,True-acupoint TAES vs active nonacupoint electrical stimulation,27 / 27,Low,Low,Some concerns,Some concerns,Some concerns,Some concerns,De novo source-grounded assessment from full text; v26 Wu 2016 integration,v34 master: Corrected_RoB2 row65,NOT PRESENT IN CONSOLIDATED RECORD,,,,,,,,,,,,,,
CORRECTED-V34-065,Gao 2022,24-h analgesic-pump sufentanil dose,0-24 h,Postoperative TEAS (P6/ST36) vs no-current sham,827 / 828,Some concerns,Low,Low,Low,Some concerns,Some concerns,De novo source-grounded assessment from full text; v27 Gao 2022 integration,v34 master: Corrected_RoB2 row66,NOT PRESENT IN CONSOLIDATED RECORD,,,,,,,,,,,,,,
CORRECTED-V34-066,Liu 2015,Total intraoperative sufentanil consumption,Intraoperative,Multipoint intraoperative TEAS vs no-current sham TEAS,44 / 44,Low,Low,Some concerns,Low,Some concerns,Some concerns,De novo source-grounded assessment from full text; v28 Liu 2015 integration,v34 master: Corrected_RoB2 row67,NOT PRESENT IN CONSOLIDATED RECORD,,,,,,,,,,,,,,
CORRECTED-V34-067,Oztas 2019,0–24 h IV PCA tramadol consumption,0–24 h postoperative,TAES vs no-intervention control,TAES 15 / Control 16,Some concerns,High,High,Low,Some concerns,High,De novo source-grounded assessment from full text; v29 Oztas 2019 integration,v34 master: Corrected_RoB2 row68,NOT PRESENT IN CONSOLIDATED RECORD,,,,,,,,,,,,,,
CORRECTED-V34-068,Song 2020,PCA pump press number,0–24 h postoperative,TEAS vs active nonacupoint electrical-stimulation control,ITT TEAS 42 / Control 43 (PP 38 / 40 reported separately),Low,Low,Low,Low,Some concerns,Some concerns,De novo source-grounded assessment from full text; v30 Song 2020 integration,v34 master: Corrected_RoB2 row69,NOT PRESENT IN CONSOLIDATED RECORD,,,,,,,,,,,,,,
CORRECTED-V34-069,Szmit 2021,Total IV PCA morphine dose,0–24 h postoperative,Postoperative TEAS vs no-current sham TEAS,24 / 24,Low,Low,Low,Low,Some concerns,Some concerns,"De novo source-grounded RoB 2. Independent blinded statistician generated block randomization; allocation table was managed by an independent researcher; participants were blinded with an identical sham device/no current; all randomized patients were analyzed. PCA morphine is an objective drug-delivery endpoint, but study personnel could not be blinded and the supplied article does not provide the full prespecified statistical-analysis plan, leaving some concern for selective reporting.",v34 master: Corrected_RoB2 row70,NOT PRESENT IN CONSOLIDATED RECORD,,,,,,,,,,,,,,
CORRECTED-V34-070,Zhang 2018,Time to first defecation,Postoperative recovery,Postoperative TEA at ST36/PC6 vs active electrical stimulation at non-acupoints,21 / 21,Some concerns,Some concerns,Low,Some concerns,Some concerns,Some concerns,"De novo source-grounded RoB 2. Randomization is stated but sequence generation and allocation concealment are not reported. Both groups received electrical stimulation and participants familiar with acupoints were excluded, which supports masking, but participant masking is not explicitly documented. No attrition is reported. Time to defecation is a clinically concrete event, but ascertainment/blinding for GI milestones is not described. No trial registration or full prespecified analysis plan is reported.",v34 master: Corrected_RoB2 row71,NOT PRESENT IN CONSOLIDATED RECORD,,,,,,,,,,,,,,
AF26-A-001,Chen 2020,Cumulative postoperative PCIA sufentanil consumption,0-48 h,CHEN20_TEAS_vs_SHAM_SUF48,40/40,Low,Low,Low,Low,Some concerns,Some concerns,Clean 48-h cumulative result; preserve μg; registration retrospective.,06_FINAL_ANALYSIS_V26/01_DATA/target_A_48h.csv#A-001,NOT PRESENT IN CONSOLIDATED RECORD,,,,,,,,,,,,,,
AF26-A-002,Zhang 2023,Postoperative IV morphine-equivalent consumption,Within 48 h,ZHANG23_TEAS_vs_SHAM_MME48,922/916,Low,Some concerns,Some concerns,Low,Some concerns,Some concerns,Exact data capture source not reported; substantial post-randomization exclusions.,06_FINAL_ANALYSIS_V26/01_DATA/target_A_48h.csv#A-002,NOT PRESENT IN CONSOLIDATED RECORD,,,,,,,,,,,,,,
AF26-A-003,An 2014,Total postoperative fentanyl PCIA dose,Through reported 48-h PCIA period,AN14_EA_vs_CTRL_FENT48,41/40,Some concerns,Some concerns,Some concerns,Low,Some concerns,Some concerns,Author clarification needed for reservoir/plausibility issue.,06_FINAL_ANALYSIS_V26/01_DATA/target_A_48h.csv#A-003,NOT PRESENT IN CONSOLIDATED RECORD,,,,,,,,,,,,,,
AF26-A-004,Xie 2014,Total postoperative/perioperative sufentanil,Through postoperative 48 h; published total may include 30-min pre-end-of-surgery sufentanil exposure,XIE14_EAS_vs_SHAM_TOTALSUF,20/20,Some concerns,Some concerns,Low,Some concerns,Some concerns,Some concerns,Sufentanil began 30 min before surgery ended; infusion rate 2.25 vs 2.5 μg/h conflict.,06_FINAL_ANALYSIS_V26/01_DATA/target_A_48h.csv#A-004,NOT PRESENT IN CONSOLIDATED RECORD,,,,,,,,,,,,,,
AF26-A-004,Xie 2014,Total postoperative/perioperative sufentanil,Through postoperative 48 h; published total may include 30-min pre-end-of-surgery sufentanil exposure,XIE14_EAS_vs_CONTROL_TOTALSUF,20/20,Some concerns,Some concerns,Low,Some concerns,Some concerns,Some concerns,Sufentanil began 30 min before surgery ended; infusion rate 2.25 vs 2.5 μg/h conflict.,06_FINAL_ANALYSIS_V26/01_DATA/target_A_48h.csv#A-004,NOT PRESENT IN CONSOLIDATED RECORD,,,,,,,,,,,,,,
AF26-B-001,Yang 2024,Cumulative morphine use via IV PCA,0-72 h / POD1-3,YANG24_EA_vs_UC_MORPH72,90/90,Low,Low,Low,Low,Some concerns,Some concerns,PCA-device records; full ITT.,06_FINAL_ANALYSIS_V26/01_DATA/target_B_72h.csv#B-001,NOT PRESENT IN CONSOLIDATED RECORD,,,,,,,,,,,,,,
AF26-B-002,Wong 2006,IV PCA morphine consumption,First 3 postoperative days total,WONG06_EA_vs_SHAM_MORPHTOTAL,13/12,Low,Some concerns,Some concerns,Low,Some concerns,Some concerns,Exact surgery-to-72.0-h clock cutoff not reported.,06_FINAL_ANALYSIS_V26/01_DATA/target_B_72h.csv#B-002,NOT PRESENT IN CONSOLIDATED RECORD,,,,,,,,,,,,,,
AF26-C-001,Xing 2022,Rest pain VAS,24 h,XING22_NTG_vs_NG_RESTVAS24,29/29,Low,Some concerns,Low,High,Low,High,Subjective resting pain; sensory masking concern drives High RoB.,06_FINAL_ANALYSIS_V26/01_DATA/target_C_pain24h.csv#C-001,NOT PRESENT IN CONSOLIDATED RECORD,,,,,,,,,,,,,,
AF26-C-002,Liu 2021,VAS at rest,24 h,LIU21_TEAS_vs_CTRL_VASREST24,50/50,Some concerns,Low,Low,High,Some concerns,High,Subjective resting pain; participant masking concern drives High RoB.,06_FINAL_ANALYSIS_V26/01_DATA/target_C_pain24h.csv#C-002,NOT PRESENT IN CONSOLIDATED RECORD,,,,,,,,,,,,,,
AF26-SONG20-POSTLOCK-C,Song 2020,Rest pain VAS,24 h,SONG20_TEAS_vs_SHAM_PAIN24,42/43,Low,Low,Low,Low,Some concerns,Some concerns,,06_FINAL_ANALYSIS_V26/01_DATA/target_C_pain24h.csv#SONG20-POSTLOCK-C,NOT PRESENT IN CONSOLIDATED RECORD,,,,,,,,,,,,,,
AF26-GAO22-POSTLOCK-C,Gao 2022,Rest pain VAS,24 h,GAO22_TEAS_vs_SHAM_PAIN24,827/828,Some concerns,Low,Low,Low,Some concerns,Some concerns,,06_FINAL_ANALYSIS_V26/01_DATA/target_C_pain24h.csv#GAO22-POSTLOCK-C,NOT PRESENT IN CONSOLIDATED RECORD,,,,,,,,,,,,,,
AF26-D-001,Zheng 2025,Any PONV,Within 24 h postoperatively,ZHENG25_TEAS_vs_SHAM_PONV,42/43,Low,Some concerns,Low,Some concerns,Some concerns,Some concerns,,06_FINAL_ANALYSIS_V26/01_DATA/target_D_ponv.csv#D-001,NOT PRESENT IN CONSOLIDATED RECORD,,,,,,,,,,,,,,
AF26-D-002,Lu 2021,Any PONV,24 h,LU21_COMB_vs_SHAM_PONV24,190/188,Low,Low,Low,High,Some concerns,High,,06_FINAL_ANALYSIS_V26/01_DATA/target_D_ponv.csv#D-002,NOT PRESENT IN CONSOLIDATED RECORD,,,,,,,,,,,,,,
AF26-D-003,Xiong 2021,Any PONV,Within 48 h,XIONG21_TEAS_vs_CTRL_PONV48,31/31,Some concerns,Low,Low,High,Some concerns,High,,06_FINAL_ANALYSIS_V26/01_DATA/target_D_ponv.csv#D-003,NOT PRESENT IN CONSOLIDATED RECORD,,,,,,,,,,,,,,
AF26-D-004,Xing 2022,PONV incidence,Postoperative,XING22_NTG_vs_NG_PONV,29/29,Some concerns,Some concerns,Low,High,Some concerns,High,,06_FINAL_ANALYSIS_V26/01_DATA/target_D_ponv.csv#D-004,NOT PRESENT IN CONSOLIDATED RECORD,,,,,,,,,,,,,,
AF26-D-005,Zhou 2025,PONV incidence,POD1,ZHOU25_TEAS_vs_SHAM_PONV,48/49,Low,Low,Low,Some concerns,Some concerns,Some concerns,POD1 not explicitly 0–24 h.,06_FINAL_ANALYSIS_V26/01_DATA/target_D_ponv.csv#D-005,NOT PRESENT IN CONSOLIDATED RECORD,,,,,,,,,,,,,,
AF26-D-006,Yang 2024,Postoperative nausea incidence,0-24 h,YANG24_EA_vs_UC_NAUSEA24,90/90,Low,Low,Low,High,Some concerns,High,,06_FINAL_ANALYSIS_V26/01_DATA/target_D_ponv.csv#D-006,NOT PRESENT IN CONSOLIDATED RECORD,,,,,,,,,,,,,,
AF26-D-007,Ma 2026,Nausea,24 h,MA26_T_vs_S_NAUSEA24,17/16,Some concerns,Some concerns,Low,High,Some concerns,High,,06_FINAL_ANALYSIS_V26/01_DATA/target_D_ponv.csv#D-007,NOT PRESENT IN CONSOLIDATED RECORD,,,,,,,,,,,,,,
AF26-D-008,Luo 2026,Cumulative postoperative nausea,0-48 h,LUO26_TEAS_vs_SHAM_NAUSEA48,138/139,Low,Low,Low,High,Some concerns,High,,06_FINAL_ANALYSIS_V26/01_DATA/target_D_ponv.csv#D-008,NOT PRESENT IN CONSOLIDATED RECORD,,,,,,,,,,,,,,
AF26-D-009,Yang 2024,Postoperative vomiting,0-24 h,YANG24_EA_vs_UC_VOMIT,90/90,Low,Low,Low,Some concerns,Some concerns,Some concerns,,06_FINAL_ANALYSIS_V26/01_DATA/target_D_ponv.csv#D-009,NOT PRESENT IN CONSOLIDATED RECORD,,,,,,,,,,,,,,
AF26-D-010,Ma 2026,Vomiting,24 h,MA26_T_vs_S_VOMIT24,17/16,Some concerns,Some concerns,Low,Some concerns,Some concerns,Some concerns,,06_FINAL_ANALYSIS_V26/01_DATA/target_D_ponv.csv#D-010,NOT PRESENT IN CONSOLIDATED RECORD,,,,,,,,,,,,,,
AF26-D-011,Luo 2026,Cumulative postoperative vomiting,0-48 h,LUO26_TEAS_vs_SHAM_VOMIT48,138/139,Low,Low,Low,Some concerns,Some concerns,Some concerns,,06_FINAL_ANALYSIS_V26/01_DATA/target_D_ponv.csv#D-011,NOT PRESENT IN CONSOLIDATED RECORD,,,,,,,,,,,,,,
AF26-SZMIT21-POSTLOCK,Szmit 2021,Nausea incidence,Postoperative observation period; PCA/TEAS discontinued at 24 h,SZMIT21_TEAS_vs_SHAM_NAUSEA24,24/24,Low,Low,Low,Low,Some concerns,Some concerns,,06_FINAL_ANALYSIS_V26/01_DATA/target_D_ponv.csv#SZMIT21-POSTLOCK,NOT PRESENT IN CONSOLIDATED RECORD,,,,,,,,,,,,,,
AF26-SONG20-POSTLOCK-D,Song 2020,Any PONV,0-24 h,SONG20_TEAS_vs_SHAM_PONV24,42/43,Low,Low,Low,Low,Some concerns,Some concerns,,06_FINAL_ANALYSIS_V26/01_DATA/target_D_ponv.csv#SONG20-POSTLOCK-D,NOT PRESENT IN CONSOLIDATED RECORD,,,,,,,,,,,,,,
AF26-GAO22-POSTLOCK-D,Gao 2022,Any PONV,0-24 h,GAO22_TEAS_vs_SHAM_PONV24,827/828,Some concerns,Low,Low,Low,Some concerns,Some concerns,,06_FINAL_ANALYSIS_V26/01_DATA/target_D_ponv.csv#GAO22-POSTLOCK-D,NOT PRESENT IN CONSOLIDATED RECORD,,,,,,,,,,,,,,
AF26-E-001,Zhou 2025,Time to first flatus,Postoperative,ZHOU25_TEAS_vs_SHAM_FLATUS,48/49,Low,Some concerns,Low,Some concerns,Some concerns,Some concerns,Time origin/ascertainment not reported.,06_FINAL_ANALYSIS_V26/01_DATA/target_E_flatus.csv#E-001,NOT PRESENT IN CONSOLIDATED RECORD,,,,,,,,,,,,,,
AF26-E-002,Yang 2020,Time to first postoperative flatus,From surgery to first flatus,YANG20_EA_vs_UC,29/28,Low,Some concerns,Low,Some concerns,Some concerns,Some concerns,'Checked regularly'; exact reporter/time origin incomplete.,06_FINAL_ANALYSIS_V26/01_DATA/target_E_flatus.csv#E-002,NOT PRESENT IN CONSOLIDATED RECORD,,,,,,,,,,,,,,
AF26-E-003,Yang 2024,Time to first flatus,Postoperative,YANG24_EA_vs_UC_FLATUS,90/90,Low,Low,Low,High,Some concerns,High,Patient-recorded in open-label trial; High measurement bias.,06_FINAL_ANALYSIS_V26/01_DATA/target_E_flatus.csv#E-003,NOT PRESENT IN CONSOLIDATED RECORD,,,,,,,,,,,,,,
AF26-E-004,Xing 2022,Time to first flatus,Postoperative,XING22_NTG_vs_NG_FLATUS,29/29,Low,Some concerns,Low,Some concerns,Some concerns,Some concerns,Detection method/time origin incompletely described.,06_FINAL_ANALYSIS_V26/01_DATA/target_E_flatus.csv#E-004,NOT PRESENT IN CONSOLIDATED RECORD,,,,,,,,,,,,,,
AF26-E-006,Lu 2022,Time to first flatus,Postoperative,LU22_TEAS_vs_CTRL_FLATUS,47/47,Low,Some concerns,Some concerns,Some concerns,Some concerns,Some concerns,6/100 post-randomization exclusions; ascertainment/time origin not reported.,06_FINAL_ANALYSIS_V26/01_DATA/target_E_flatus.csv#E-006,NOT PRESENT IN CONSOLIDATED RECORD,,,,,,,,,,,,,,
AF26-E-007,Ng 2013,Time to first flatus,Postoperative,NG13_EA_vs_SHAM_FLATUS,55/55,Some concerns,Low,Low,Low,Low,Some concerns,Nonopaque envelope; exact flatus verification/time origin not explicit.,06_FINAL_ANALYSIS_V26/01_DATA/target_E_flatus.csv#E-007,NOT PRESENT IN CONSOLIDATED RECORD,,,,,,,,,,,,,,
AF26-ZHANG18-POSTLOCK-E,Zhang 2018,Time to first flatus,Postoperative,ZHANG18_TEA_vs_SHAM_FLATUS,21/21,Some concerns,Some concerns,Low,Some concerns,Some concerns,Some concerns,,06_FINAL_ANALYSIS_V26/01_DATA/target_E_flatus.csv#ZHANG18-POSTLOCK-E,NOT PRESENT IN CONSOLIDATED RECORD,,,,,,,,,,,,,,
AF26-F-PCA-001,Chen 2020,Total PCIA attempts over 48-h course,0-48 h,CHEN20_TEAS_vs_SHAM_PCAATT48,40/40,Low,Low,Low,High,Some concerns,High,Behavioral endpoint.,06_FINAL_ANALYSIS_V26/01_DATA/target_F_exploratory.csv#F-PCA-001,NOT PRESENT IN CONSOLIDATED RECORD,,,,,,,,,,,,,,
AF26-F-PCA-001,Chen 2020,Effective PCIA attempts over 48-h course,0-48 h,CHEN20_TEAS_vs_SHAM_PCAEFF48,40/40,Low,Low,Low,High,Some concerns,High,Behavioral endpoint.,06_FINAL_ANALYSIS_V26/01_DATA/target_F_exploratory.csv#F-PCA-001,NOT PRESENT IN CONSOLIDATED RECORD,,,,,,,,,,,,,,
AF26-F-PCA-002,He 2026 (hepatectomy/JIS),PCA attempts,24 h,HEJIS26_TEAS_vs_CTRL_PCAATT24,80/79,Low,Some concerns,Low,Low,Some concerns,Some concerns,Mixed sufentanil+oxycodone PCA.,06_FINAL_ANALYSIS_V26/01_DATA/target_F_exploratory.csv#F-PCA-002,NOT PRESENT IN CONSOLIDATED RECORD,,,,,,,,,,,,,,
AF26-F-PCA-002,He 2026 (hepatectomy/JIS),Effective PCA deliveries,24 h,HEJIS26_TEAS_vs_CTRL_PCADELIV24,80/79,Low,Some concerns,Low,Low,Some concerns,Some concerns,Mixed sufentanil+oxycodone PCA.,06_FINAL_ANALYSIS_V26/01_DATA/target_F_exploratory.csv#F-PCA-002,NOT PRESENT IN CONSOLIDATED RECORD,,,,,,,,,,,,,,
AF26-F-PCA-003,Ao 2021,Cumulative PCA solution consumption,48 h,AO21_TEAS_vs_SHAM_PCA48,32/33,Low,Some concerns,Some concerns,Some concerns,Some concerns,Some concerns,Preserve mL; weight-dependent sufentanil concentration.,06_FINAL_ANALYSIS_V26/01_DATA/target_F_exploratory.csv#F-PCA-003,NOT PRESENT IN CONSOLIDATED RECORD,,,,,,,,,,,,,,
AF26-F-PCA-004,Liu 2021,PCA pump compressions,0-24 h,LIU21_TEAS_vs_CTRL_PCAPRESS24,50/50,Some concerns,Some concerns,Low,High,Some concerns,High,Unmasked behavioral endpoint.,06_FINAL_ANALYSIS_V26/01_DATA/target_F_exploratory.csv#F-PCA-004,NOT PRESENT IN CONSOLIDATED RECORD,,,,,,,,,,,,,,
AF26-F-PCA-005,Long 2025,PCIA compression count,48 h,LONG25_TEAS_vs_CTRL_PCIAPRESS48,27/26,Some concerns,Some concerns,Some concerns,High,Some concerns,High,11.7% missing; masking unclear.,06_FINAL_ANALYSIS_V26/01_DATA/target_F_exploratory.csv#F-PCA-005,NOT PRESENT IN CONSOLIDATED RECORD,,,,,,,,,,,,,,
AF26-F-PCA-006,Zheng 2025,Total PCIA button presses,Postoperative; exact pump duration NR,ZHENG25_TEAS_vs_SHAM_PCA_PRESS,42/43,Low,Some concerns,Low,Low,Some concerns,Some concerns,Exact cumulative window not stated.,06_FINAL_ANALYSIS_V26/01_DATA/target_F_exploratory.csv#F-PCA-006,NOT PRESENT IN CONSOLIDATED RECORD,,,,,,,,,,,,,,
AF26-F-PCA-007,Jin 2023,Cumulative analgesic pump compressions,48 h,JIN23_2HZ_vs_SHAM_NAPC48,53/52,Some concerns,Some concerns,Some concerns,Low,Some concerns,Some concerns,16/174 excluded; some due unsatisfying effects.,06_FINAL_ANALYSIS_V26/01_DATA/target_F_exploratory.csv#F-PCA-007,NOT PRESENT IN CONSOLIDATED RECORD,,,,,,,,,,,,,,
AF26-F-PCA-007,Jin 2023,Cumulative analgesic pump compressions,48 h,JIN23_20100_vs_SHAM_NAPC48,53/52,Some concerns,Some concerns,Some concerns,Low,Some concerns,Some concerns,16/174 excluded; some due unsatisfying effects.,06_FINAL_ANALYSIS_V26/01_DATA/target_F_exploratory.csv#F-PCA-007,NOT PRESENT IN CONSOLIDATED RECORD,,,,,,,,,,,,,,
AF26-F-PCA-008,Lee 2011,Total PCA demands,0-24 h,LEE11_LOW_vs_SHAM_PCADEMAND24,10/12,Some concerns,Some concerns,Some concerns,Low,Some concerns,Some concerns,Direct active-vs-sham pairwise P values not reported.,06_FINAL_ANALYSIS_V26/01_DATA/target_F_exploratory.csv#F-PCA-008,NOT PRESENT IN CONSOLIDATED RECORD,,,,,,,,,,,,,,
AF26-F-PCA-008,Lee 2011,Total PCA demands,0-24 h,LEE11_HIGH_vs_SHAM_PCADEMAND24,12/12,Some concerns,Some concerns,Some concerns,Low,Some concerns,Some concerns,Direct active-vs-sham pairwise P values not reported.,06_FINAL_ANALYSIS_V26/01_DATA/target_F_exploratory.csv#F-PCA-008,NOT PRESENT IN CONSOLIDATED RECORD,,,,,,,,,,,,,,
AF26-F-PCA-009,Lu 2022,PCA attempts,72 h,LU22_TEAS_vs_CTRL_PCAATTEMPT72,47/47,Low,Some concerns,Some concerns,High,Some concerns,High,Patient blinding difficult; PCA drug/settings not reported.,06_FINAL_ANALYSIS_V26/01_DATA/target_F_exploratory.csv#F-PCA-009,NOT PRESENT IN CONSOLIDATED RECORD,,,,,,,,,,,,,,
AF26-F-PCA-009,Lu 2022,PCA attempts,48 h,LU22_TEAS_vs_CTRL_PCAATTEMPT48,47/47,Low,Some concerns,Some concerns,High,Some concerns,High,Patient blinding difficult; PCA drug/settings not reported.,06_FINAL_ANALYSIS_V26/01_DATA/target_F_exploratory.csv#F-PCA-009,NOT PRESENT IN CONSOLIDATED RECORD,,,,,,,,,,,,,,
AF26-F-PCA-009,Lu 2022,Successful PCA deliveries,24 h,LU22_TEAS_vs_CTRL_PCADELIV24,47/47,Low,Some concerns,Some concerns,High,Some concerns,High,Patient blinding difficult; PCA drug/settings not reported.,06_FINAL_ANALYSIS_V26/01_DATA/target_F_exploratory.csv#F-PCA-009,NOT PRESENT IN CONSOLIDATED RECORD,,,,,,,,,,,,,,
AF26-F-PCA-009,Lu 2022,Successful PCA deliveries,48 h,LU22_TEAS_vs_CTRL_PCADELIV48,47/47,Low,Some concerns,Some concerns,High,Some concerns,High,Patient blinding difficult; PCA drug/settings not reported.,06_FINAL_ANALYSIS_V26/01_DATA/target_F_exploratory.csv#F-PCA-009,NOT PRESENT IN CONSOLIDATED RECORD,,,,,,,,,,,,,,
AF26-F-PCA-009,Lu 2022,Successful PCA deliveries,72 h,LU22_TEAS_vs_CTRL_PCADELIV72,47/47,Low,Some concerns,Some concerns,High,Some concerns,High,Patient blinding difficult; PCA drug/settings not reported.,06_FINAL_ANALYSIS_V26/01_DATA/target_F_exploratory.csv#F-PCA-009,NOT PRESENT IN CONSOLIDATED RECORD,,,,,,,,,,,,,,
AF26-F-PCA-009,Lu 2022,PCA attempts,24 h,LU22_TEAS_vs_CTRL_PCAATTEMPT24,47/47,Low,Some concerns,Some concerns,High,Some concerns,High,Patient blinding difficult; PCA drug/settings not reported.,06_FINAL_ANALYSIS_V26/01_DATA/target_F_exploratory.csv#F-PCA-009,NOT PRESENT IN CONSOLIDATED RECORD,,,,,,,,,,,,,,
AF26-F-PCA-010,Yeh 2010,PCA button pushes,0-24 h,YEH10_AES_vs_SHAM_PCAPUSH24,33/30,Some concerns,Some concerns,Some concerns,Low,Some concerns,Some concerns,Potential overlap with Yeh2011.,06_FINAL_ANALYSIS_V26/01_DATA/target_F_exploratory.csv#F-PCA-010,NOT PRESENT IN CONSOLIDATED RECORD,,,,,,,,,,,,,,
AF26-F-PCA-011,Lin 2002,Total PCA demands,Postoperative hour1 through hour24,LIN02_HIGH_vs_SHAM_PCADEMAND24,25/25,Some concerns,Some concerns,Low,High,Some concerns,High,Behavioral endpoint.,06_FINAL_ANALYSIS_V26/01_DATA/target_F_exploratory.csv#F-PCA-011,NOT PRESENT IN CONSOLIDATED RECORD,,,,,,,,,,,,,,
AF26-F-PCA-011,Lin 2002,Total PCA demands,Postoperative hour1 through hour24,LIN02_LOW_vs_SHAM_PCADEMAND24,25/25,Some concerns,Some concerns,Low,High,Some concerns,High,Behavioral endpoint.,06_FINAL_ANALYSIS_V26/01_DATA/target_F_exploratory.csv#F-PCA-011,NOT PRESENT IN CONSOLIDATED RECORD,,,,,,,,,,,,,,
AF26-F-PCA-012,Yeh 2011,PCA button pushes,0-24 h,YEH11_AES_vs_SHAM_PCAPUSH24,30/30,Some concerns,Low,Low,Some concerns,Some concerns,Some concerns,Do not count independently with Yeh2010.,06_FINAL_ANALYSIS_V26/01_DATA/target_F_exploratory.csv#F-PCA-012,NOT PRESENT IN CONSOLIDATED RECORD,,,,,,,,,,,,,,
AF26-F-exposure-001,Li 2022,Fixed-rate intraoperative remifentanil exposure,Intraoperative,LI22_EA_vs_SHAM_REMI_FIXED,39/40,—,—,—,—,—,—,Fixed 0.3 μg/kg/min.,06_FINAL_ANALYSIS_V26/01_DATA/target_F_exploratory.csv#F-exposure-001,NOT PRESENT IN CONSOLIDATED RECORD,,,,,,,,,,,,,,
AF26-F-exposure-002,Chen 2015 (Hyperalgesia),Fixed-target intraoperative remifentanil exposure,Intraoperative,CHEN15H_TEAS_vs_SHAM_REMI_FIXED,29/30,Some concerns,Some concerns,Low,Some concerns,Some concerns,Some concerns,Fixed target 5.0 ng/mL.,06_FINAL_ANALYSIS_V26/01_DATA/target_F_exploratory.csv#F-exposure-002,NOT PRESENT IN CONSOLIDATED RECORD,,,,,,,,,,,,,,
AF26-F-exposure-003,Xie 2014,Intraoperative remifentanil exposure,Intraoperative,XIE14_EAS_vs_SHAM_REMI,20/20,Some concerns,Some concerns,Low,Low,Some concerns,Some concerns,Postoperative opioid effect is the main signal.,06_FINAL_ANALYSIS_V26/01_DATA/target_F_exploratory.csv#F-exposure-003,NOT PRESENT IN CONSOLIDATED RECORD,,,,,,,,,,,,,,
AF26-F-exposure-004,Ntritsou 2014,Remifentanil consumption,Intraoperative,NTRI14_EA_vs_SHAM_REMI,35/35,Some concerns,Some concerns,Low,Low,Some concerns,Some concerns,Intraoperative anesthetists knew allocation.,06_FINAL_ANALYSIS_V26/01_DATA/target_F_exploratory.csv#F-exposure-004,NOT PRESENT IN CONSOLIDATED RECORD,,,,,,,,,,,,,,
AF26-F-exposure-005,Sun 2017,Author-defined intraoperative morphine-equivalent exposure,Intraoperative,SUN17_INTRAOP_MORPH_EQUIV,91/90,Low,Some concerns,Some concerns,Low,Some concerns,Some concerns,Author conversion not automatically IV-MME.,06_FINAL_ANALYSIS_V26/01_DATA/target_F_exploratory.csv#F-exposure-005,NOT PRESENT IN CONSOLIDATED RECORD,,,,,,,,,,,,,,
AF26-F-exposure-006,Jiang 2026,Remifentanil consumption,Intraoperative,JIANG26_TEAS_vs_SHAM_INTRAOP_REMI,294/293,Low,Some concerns,Some concerns,Some concerns,Some concerns,Some concerns,Titration algorithm/anesthesiologist masking incompletely reported.,06_FINAL_ANALYSIS_V26/01_DATA/target_F_exploratory.csv#F-exposure-006,NOT PRESENT IN CONSOLIDATED RECORD,,,,,,,,,,,,,,
AF26-F-exposure-007,Wu 2025,Sufentanil consumption,Intraoperative,WU25_TEAS_vs_SHAM_INTRAOPSUF,50/50,Some concerns,Low,Low,Some concerns,Some concerns,Some concerns,Randomization/TEAS occurred after surgery in PACU.,06_FINAL_ANALYSIS_V26/01_DATA/target_F_exploratory.csv#F-exposure-007,NOT PRESENT IN CONSOLIDATED RECORD,,,,,,,,,,,,,,
AF26-F-exposure-007,Wu 2025,Remifentanil consumption,Intraoperative,WU25_TEAS_vs_SHAM_INTRAOPREMI,50/50,Some concerns,Low,Low,Some concerns,Some concerns,Some concerns,Randomization/TEAS occurred after surgery in PACU.,06_FINAL_ANALYSIS_V26/01_DATA/target_F_exploratory.csv#F-exposure-007,NOT PRESENT IN CONSOLIDATED RECORD,,,,,,,,,,,,,,
AF26-F-intra-001,Liu 2026 (burn),Remifentanil consumption,Intraoperative,LIU26BURN_TEAS_vs_SHAM_REMI,43/43,Low,Some concerns,Low,Low,Some concerns,Some concerns,Abstract values differ from main text.,06_FINAL_ANALYSIS_V26/01_DATA/target_F_exploratory.csv#F-intra-001,NOT PRESENT IN CONSOLIDATED RECORD,,,,,,,,,,,,,,
AF26-F-intra-002,Hou 2023,Intraoperative remifentanil consumption,Intraoperative,HOU23_TEAS_vs_SHAM_REMI,36/36,Some concerns,Some concerns,Low,Low,Some concerns,Some concerns,TCI target range; within-range algorithm incomplete.,06_FINAL_ANALYSIS_V26/01_DATA/target_F_exploratory.csv#F-intra-002,NOT PRESENT IN CONSOLIDATED RECORD,,,,,,,,,,,,,,
AF26-F-intra-003,Zhang 2014,Remifentanil consumption rate,Intraoperative,ZHANG14_TEAS_vs_SHAM_REMI,33/32,Some concerns,Low,Low,Low,Some concerns,Some concerns,Blinded titrating anesthesiologist.,06_FINAL_ANALYSIS_V26/01_DATA/target_F_exploratory.csv#F-intra-003,NOT PRESENT IN CONSOLIDATED RECORD,,,,,,,,,,,,,,
AF26-F-intra-004,Huang 2017,Total opioid as remifentanil-equivalent rate,Intraoperative,HUANG17_2100_vs_CTRL_REMI,20/20,Some concerns,Some concerns,Low,Low,Some concerns,Some concerns,Titrating anesthesiologist masking not reported.,06_FINAL_ANALYSIS_V26/01_DATA/target_F_exploratory.csv#F-intra-004,NOT PRESENT IN CONSOLIDATED RECORD,,,,,,,,,,,,,,
AF26-F-intra-005,Sim 2002,Alfentanil requirement rate,Intraoperative,SIM02_PREOP_vs_PLACEBO_ALFENT,30/30,Some concerns,Some concerns,Low,Low,Some concerns,Some concerns,"Relevant comparison is preop EA vs placebo, not preop vs postop.",06_FINAL_ANALYSIS_V26/01_DATA/target_F_exploratory.csv#F-intra-005,NOT PRESENT IN CONSOLIDATED RECORD,,,,,,,,,,,,,,
AF26-F-intra-006,Wu 2022,Cumulative remifentanil,Intraoperative,WU22_PTEAS_vs_CTRL_REMI,44/40,Some concerns,Some concerns,Some concerns,Low,Some concerns,Some concerns,"6/90 excluded, imbalance 1 vs5.",06_FINAL_ANALYSIS_V26/01_DATA/target_F_exploratory.csv#F-intra-006,NOT PRESENT IN CONSOLIDATED RECORD,,,,,,,,,,,,,,
AF26-F-intra-007,Xing 2022,Total remifentanil consumption,Intraoperative,XING22_NTG_vs_NG_REMI,29/29,Low,Some concerns,Low,Low,Some concerns,Some concerns,NTG vs NG; anesthesiologist blinded.,06_FINAL_ANALYSIS_V26/01_DATA/target_F_exploratory.csv#F-intra-007,NOT PRESENT IN CONSOLIDATED RECORD,,,,,,,,,,,,,,
AF26-F-intra-008,Lu 2021,Total remifentanil,Intraoperative,LU21_COMB_vs_SHAM_REMI,190/188,Low,Low,Low,Low,Some concerns,Some concerns,One of the cleanest blinded titration results.,06_FINAL_ANALYSIS_V26/01_DATA/target_F_exploratory.csv#F-intra-008,NOT PRESENT IN CONSOLIDATED RECORD,,,,,,,,,,,,,,
AF26-F-intra-009,Zheng 2025,Total intraoperative remifentanil consumption,Intraoperative,ZHENG25_TEAS_vs_SHAM_REMI,42/43,Low,Some concerns,Low,Low,Some concerns,Some concerns,Anesthesiologist explicitly unblinded.,06_FINAL_ANALYSIS_V26/01_DATA/target_F_exploratory.csv#F-intra-009,NOT PRESENT IN CONSOLIDATED RECORD,,,,,,,,,,,,,,
AF26-F-intra-010,Guo 2023,Remifentanil consumption,Intraoperative,GUO23_TEAS_vs_SHAM_REMI,55/55,Some concerns,Some concerns,Some concerns,Low,Some concerns,Some concerns,18/128 randomized excluded.,06_FINAL_ANALYSIS_V26/01_DATA/target_F_exploratory.csv#F-intra-010,NOT PRESENT IN CONSOLIDATED RECORD,,,,,,,,,,,,,,
AF26-F-intra-011,Yang 2024,Intraoperative remifentanil consumption,Intraoperative,YANG24_EA_vs_UC_REMI,90/90,Low,Low,Low,Low,Some concerns,Some concerns,Preoperative EA occurred before surgery; anesthetist blinded.,06_FINAL_ANALYSIS_V26/01_DATA/target_F_exploratory.csv#F-intra-011,NOT PRESENT IN CONSOLIDATED RECORD,,,,,,,,,,,,,,
AF26-F-intra-012,Liang 2021,Intraoperative remifentanil consumption,Intraoperative,LIANG21_TEAS_vs_CTRL_REMI,35/35,Low,Some concerns,Some concerns,Low,Some concerns,Some concerns,5/75 excluded; printed sufentanil unit anomaly.,06_FINAL_ANALYSIS_V26/01_DATA/target_F_exploratory.csv#F-intra-012,NOT PRESENT IN CONSOLIDATED RECORD,,,,,,,,,,,,,,
AF26-F-intra-013,Pan 2023,Intraoperative remifentanil consumption,Intraoperative,PAN23_TEAS_vs_CONTROL_REMI,52/53,Some concerns,High,High,Some concerns,Some concerns,High,15/120 excluded.,06_FINAL_ANALYSIS_V26/01_DATA/target_F_exploratory.csv#F-intra-013,NOT PRESENT IN CONSOLIDATED RECORD,,,,,,,,,,,,,,
AF26-F-mixed/undefined-001,Wang 2023,Cumulative number of additional rescue-analgesia doses,0-72 h,WANG23_TEAS_vs_SHAM_RESCUEDOSE,40/43,Low,Some concerns,Some concerns,Some concerns,Some concerns,Some concerns,"Drug, dose and trigger unspecified.",06_FINAL_ANALYSIS_V26/01_DATA/target_F_exploratory.csv#F-mixed/undefined-001,NOT PRESENT IN CONSOLIDATED RECORD,,,,,,,,,,,,,,
AF26-F-mixed/undefined-002,Zhang 2025,Any rescue analgesia demand,POD1 / postoperative period reported in Table 4,ZHANG25_TEAS_vs_SHAM_RESCUE,45/48,Low,Some concerns,Some concerns,Some concerns,Some concerns,Some concerns,Mixed PACU sufentanil / ward indomethacin; printed RR/CI/P inconsistent.,06_FINAL_ANALYSIS_V26/01_DATA/target_F_exploratory.csv#F-mixed/undefined-002,NOT PRESENT IN CONSOLIDATED RECORD,,,,,,,,,,,,,,
AF26-F-mixed/undefined-003,Wu 2025,Parecoxib sodium rescue-use metric,Initial 24 h,WU25_TEAS_vs_SHAM_RESCUE_PARECOX24,50/50,Some concerns,Low,Low,Some concerns,Some concerns,Some concerns,Units and drug-choice algorithm unclear.,06_FINAL_ANALYSIS_V26/01_DATA/target_F_exploratory.csv#F-mixed/undefined-003,NOT PRESENT IN CONSOLIDATED RECORD,,,,,,,,,,,,,,
AF26-F-mixed/undefined-003,Wu 2025,Oxycodone + acetaminophen rescue-use metric,Initial 24 h,WU25_TEAS_vs_SHAM_RESCUE_OXYAPAP24,50/50,Some concerns,Low,Low,Some concerns,Some concerns,Some concerns,Units and drug-choice algorithm unclear.,06_FINAL_ANALYSIS_V26/01_DATA/target_F_exploratory.csv#F-mixed/undefined-003,NOT PRESENT IN CONSOLIDATED RECORD,,,,,,,,,,,,,,
AF26-F-mixed/undefined-003,Wu 2025,Compound paracetamol rescue-use metric,Initial 24 h,WU25_TEAS_vs_SHAM_RESCUE_PARACET24,50/50,Some concerns,Low,Low,Some concerns,Some concerns,Some concerns,Units and drug-choice algorithm unclear.,06_FINAL_ANALYSIS_V26/01_DATA/target_F_exploratory.csv#F-mixed/undefined-003,NOT PRESENT IN CONSOLIDATED RECORD,,,,,,,,,,,,,,
AF26-F-mixed/undefined-004,Liang 2021,Published 'extra analgesia' metric,Not reported,LIANG21_TEAS_vs_CTRL_EXTRAANALG,35/35,—,—,—,—,—,—,Drug/unit/window/metric unclear.,06_FINAL_ANALYSIS_V26/01_DATA/target_F_exploratory.csv#F-mixed/undefined-004,NOT PRESENT IN CONSOLIDATED RECORD,,,,,,,,,,,,,,
AF26-F-mixed/undefined-005,Yang 2020,Participants receiving rescue bucinnazine,Postoperative; exact cumulative window not reported,YANG20_EA_vs_UC_BUCINNAZINE,29/28,Low,Some concerns,Low,Some concerns,Some concerns,Some concerns,Exact cumulative time window not reported.,06_FINAL_ANALYSIS_V26/01_DATA/target_F_exploratory.csv#F-mixed/undefined-005,NOT PRESENT IN CONSOLIDATED RECORD,,,,,,,,,,,,,,
AF26-F-mixed/undefined-006,Yang 2024,Participants receiving rescue bucinnazine,Postoperative; exact cumulative window not reported,YANG24_EA_vs_UC_BUCINNAZINE,90/90,Low,Low,Low,Some concerns,Some concerns,Some concerns,Exact cumulative time window not reported.,06_FINAL_ANALYSIS_V26/01_DATA/target_F_exploratory.csv#F-mixed/undefined-006,NOT PRESENT IN CONSOLIDATED RECORD,,,,,,,,,,,,,,
AF26-F-mixed/undefined-007,Zhou 2021,Any postoperative opioid use,Postoperative window not clearly defined as 0-24 h,ZHOU21_TEAS_vs_UC_OPIOIDUSE,41/40,Some concerns,Some concerns,Low,High,Some concerns,High,Time window unclear; morphine-equivalent rule internally inconsistent.,06_FINAL_ANALYSIS_V26/01_DATA/target_F_exploratory.csv#F-mixed/undefined-007,NOT PRESENT IN CONSOLIDATED RECORD,,,,,,,,,,,,,,
AF26-F-mixed/undefined-007,Zhou 2021,Author-defined postoperative morphine-equivalent dose,Postoperative study period; exact cumulative window not reported,ZHOU21_TEAS_vs_UC_MME_POSTOP,41/40,Some concerns,Some concerns,Low,High,Some concerns,High,Time window unclear; morphine-equivalent rule internally inconsistent.,06_FINAL_ANALYSIS_V26/01_DATA/target_F_exploratory.csv#F-mixed/undefined-007,NOT PRESENT IN CONSOLIDATED RECORD,,,,,,,,,,,,,,
AF26-F-postop-dose-001,Seevaunnamtum 2016,Cumulative IV PCA morphine requirement,First 24 h postoperatively,SEEVA16_EA_vs_UC,32/32,Some concerns,Low,Low,Low,Some concerns,Some concerns,Rescue component not separable.,06_FINAL_ANALYSIS_V26/01_DATA/target_F_exploratory.csv#F-postop-dose-001,NOT PRESENT IN CONSOLIDATED RECORD,,,,,,,,,,,,,,
AF26-F-postop-dose-002,Lee 2011,Cumulative IV PCA morphine delivered,First 24 postoperative hours,LEE11_LOW_vs_SHAM_MORPH24,10/12,Some concerns,Some concerns,Some concerns,Low,Some concerns,Some concerns,Four randomized arms; active-vs-sham P NR.,06_FINAL_ANALYSIS_V26/01_DATA/target_F_exploratory.csv#F-postop-dose-002,NOT PRESENT IN CONSOLIDATED RECORD,,,,,,,,,,,,,,
AF26-F-postop-dose-002,Lee 2011,Cumulative IV PCA morphine delivered,First 24 postoperative hours,LEE11_HIGH_vs_SHAM_MORPH24,12/12,Some concerns,Some concerns,Some concerns,Low,Some concerns,Some concerns,Four randomized arms; active-vs-sham P NR.,06_FINAL_ANALYSIS_V26/01_DATA/target_F_exploratory.csv#F-postop-dose-002,NOT PRESENT IN CONSOLIDATED RECORD,,,,,,,,,,,,,,
AF26-F-postop-dose-003,Yeh 2010,24-h morphine PCA dose,First 24 postoperative hours,YEH10_AES_vs_SHAM_MORPH24,33/30,Some concerns,Some concerns,Some concerns,Low,Some concerns,Some concerns,Potential overlap with Yeh2011.,06_FINAL_ANALYSIS_V26/01_DATA/target_F_exploratory.csv#F-postop-dose-003,NOT PRESENT IN CONSOLIDATED RECORD,,,,,,,,,,,,,,
AF26-F-postop-dose-004,Chen 1998,Cumulative IV PCA hydromorphone,First 24 h postoperatively,CHEN98_ACU_vs_SHAM,25/25,Some concerns,Some concerns,Low,High,Some concerns,High,Four-arm study; sensory masking concern.,06_FINAL_ANALYSIS_V26/01_DATA/target_F_exploratory.csv#F-postop-dose-004,NOT PRESENT IN CONSOLIDATED RECORD,,,,,,,,,,,,,,
AF26-F-postop-dose-005,Lin 2002,Cumulative IV PCA morphine delivered during postoperative test period,Postoperative hour 1 through next 23 h (published as 24-h test-period value),LIN02_HIGH_vs_SHAM,25/25,Some concerns,Some concerns,Low,High,Some concerns,High,100/100 completed.,06_FINAL_ANALYSIS_V26/01_DATA/target_F_exploratory.csv#F-postop-dose-005,NOT PRESENT IN CONSOLIDATED RECORD,,,,,,,,,,,,,,
AF26-F-postop-dose-005,Lin 2002,Cumulative IV PCA morphine delivered during postoperative test period,Postoperative hour 1 through next 23 h (published as 24-h test-period value),LIN02_LOW_vs_SHAM,25/25,Some concerns,Some concerns,Low,High,Some concerns,High,100/100 completed.,06_FINAL_ANALYSIS_V26/01_DATA/target_F_exploratory.csv#F-postop-dose-005,NOT PRESENT IN CONSOLIDATED RECORD,,,,,,,,,,,,,,
AF26-F-postop-dose-006,Coura 2011,Cumulative fentanyl,First 24 h postoperatively,COURA11_EA_vs_SHAM,13/9,Some concerns,Some concerns,High,Some concerns,Some concerns,High,Only22/32 analyzed.,06_FINAL_ANALYSIS_V26/01_DATA/target_F_exploratory.csv#F-postop-dose-006,NOT PRESENT IN CONSOLIDATED RECORD,,,,,,,,,,,,,,
AF26-F-postop-dose-007,El-Rakshy 2009,Total IV morphine analgesia,First 24 h,ELR09_EA_vs_CTRL_MORPH24,42/53,Some concerns,Some concerns,High,Low,Some concerns,High,95/107 contribute; raw data inaccessible.,06_FINAL_ANALYSIS_V26/01_DATA/target_F_exploratory.csv#F-postop-dose-007,NOT PRESENT IN CONSOLIDATED RECORD,,,,,,,,,,,,,,
AF26-F-postop-dose-008,Gu 2019,Cumulative multimodal PCIA solution consumed,8 h,GU19_LTEAS_vs_CTEAS_PCIA8,58/59,Some concerns,Some concerns,Low,Some concerns,Some concerns,Some concerns,Not pure opioid; exact24-h graph-only.,06_FINAL_ANALYSIS_V26/01_DATA/target_F_exploratory.csv#F-postop-dose-008,NOT PRESENT IN CONSOLIDATED RECORD,,,,,,,,,,,,,,
AF26-F-postop-dose-008,Gu 2019,Cumulative multimodal PCIA solution consumed,4 h,GU19_LTEAS_vs_CTEAS_PCIA4,58/59,Some concerns,Some concerns,Low,Some concerns,Some concerns,Some concerns,Not pure opioid; exact24-h graph-only.,06_FINAL_ANALYSIS_V26/01_DATA/target_F_exploratory.csv#F-postop-dose-008,NOT PRESENT IN CONSOLIDATED RECORD,,,,,,,,,,,,,,
AF26-F-postop-dose-008,Gu 2019,Cumulative multimodal PCIA solution consumed,36 h,GU19_LTEAS_vs_CTEAS_PCIA36,58/59,Some concerns,Some concerns,Low,Some concerns,Some concerns,Some concerns,Not pure opioid; exact24-h graph-only.,06_FINAL_ANALYSIS_V26/01_DATA/target_F_exploratory.csv#F-postop-dose-008,NOT PRESENT IN CONSOLIDATED RECORD,,,,,,,,,,,,,,
AF26-F-postop-dose-009,Huang 2024,Additional PCA dose/release,"POD2; 24 h after first EA session, not necessarily 24 h after surgery",HUANG24_CONTRA_vs_SHAM_PCA_D2,38/38,Low,Some concerns,Some concerns,Some concerns,Low,Some concerns,PCA drug/unit unclear; not surgery-to-24h.,06_FINAL_ANALYSIS_V26/01_DATA/target_F_exploratory.csv#F-postop-dose-009,NOT PRESENT IN CONSOLIDATED RECORD,,,,,,,,,,,,,,
AF26-F-postop-dose-010,Yeh 2011,24-h IV morphine PCA dose,First 24 postoperative hours,YEH11_AES_vs_SHAM_MORPH24,30/30,Some concerns,Low,Low,Low,Some concerns,Some concerns,Do not count independently with Yeh2010.,06_FINAL_ANALYSIS_V26/01_DATA/target_F_exploratory.csv#F-postop-dose-010,NOT PRESENT IN CONSOLIDATED RECORD,,,,,,,,,,,,,,
AF26-F-rescue-nonopioid-001,Li 2022,Participants receiving rescue flurbiprofen,0-48 h,LI22_EA_vs_SHAM_RESCUEFLURB48,39/40,—,—,—,—,—,—,Double-zero.,06_FINAL_ANALYSIS_V26/01_DATA/target_F_exploratory.csv#F-rescue-nonopioid-001,NOT PRESENT IN CONSOLIDATED RECORD,,,,,,,,,,,,,,
AF26-F-rescue-nonopioid-002,Hou 2023,Any rescue flurbiprofen use,Postoperative,HOU23_TEAS_vs_SHAM_RESCUE,36/36,Some concerns,Some concerns,Low,Some concerns,Some concerns,Some concerns,,06_FINAL_ANALYSIS_V26/01_DATA/target_F_exploratory.csv#F-rescue-nonopioid-002,NOT PRESENT IN CONSOLIDATED RECORD,,,,,,,,,,,,,,
AF26-F-rescue-nonopioid-003,Sun 2017,Supplemental flurbiprofen axetil requirement,Within 48 h,SUN17_TTS_vs_SSS_NSAID48,91/90,Low,Some concerns,Some concerns,Low,Some concerns,Some concerns,Do not call opioid rescue.,06_FINAL_ANALYSIS_V26/01_DATA/target_F_exploratory.csv#F-rescue-nonopioid-003,NOT PRESENT IN CONSOLIDATED RECORD,,,,,,,,,,,,,,
AF26-F-rescue-nonopioid-003,Sun 2017,Supplemental flurbiprofen axetil requirement,Within 48 h,SUN17_TST_vs_SSS_NSAID48,89/90,Low,Some concerns,Some concerns,Low,Some concerns,Some concerns,Do not call opioid rescue.,06_FINAL_ANALYSIS_V26/01_DATA/target_F_exploratory.csv#F-rescue-nonopioid-003,NOT PRESENT IN CONSOLIDATED RECORD,,,,,,,,,,,,,,
AF26-F-rescue-nonopioid-003,Sun 2017,Supplemental flurbiprofen axetil requirement,Within 48 h,SUN17_TSS_vs_SSS_NSAID48,91/90,Low,Some concerns,Some concerns,Low,Some concerns,Some concerns,Do not call opioid rescue.,06_FINAL_ANALYSIS_V26/01_DATA/target_F_exploratory.csv#F-rescue-nonopioid-003,NOT PRESENT IN CONSOLIDATED RECORD,,,,,,,,,,,,,,
AF26-F-rescue-nonopioid-004,Lu 2021,Participants receiving rescue parecoxib,By 24 h,LU21_COMB_vs_SHAM_PARECOX24,190/188,Low,Low,Low,Some concerns,Some concerns,Some concerns,Table P=0.35 vs narrative0.58.,06_FINAL_ANALYSIS_V26/01_DATA/target_F_exploratory.csv#F-rescue-nonopioid-004,NOT PRESENT IN CONSOLIDATED RECORD,,,,,,,,,,,,,,
AF26-F-rescue-opioid-001,Yao 2015,Cumulative rescue sufentanil administrations,0-24 h,YAO15_TEAS_vs_CONTROL_RESCUECOUNT24,35/36,Low,Some concerns,Some concerns,Some concerns,Some concerns,Some concerns,Table P=0.004 vs prose 0.04.,06_FINAL_ANALYSIS_V26/01_DATA/target_F_exploratory.csv#F-rescue-opioid-001,NOT PRESENT IN CONSOLIDATED RECORD,,,,,,,,,,,,,,
AF26-F-rescue-opioid-002,Chen 2015 (Hyperalgesia),Cumulative number of rescue sufentanil PCIA boluses,0-24 h,CHEN15H_TEAS_vs_SHAM_RESCUECOUNT24,29/30,Some concerns,Some concerns,Low,Some concerns,Some concerns,Some concerns,VNRS≥4 PCIA rule.,06_FINAL_ANALYSIS_V26/01_DATA/target_F_exploratory.csv#F-rescue-opioid-002,NOT PRESENT IN CONSOLIDATED RECORD,,,,,,,,,,,,,,
AF26-F-rescue-opioid-003,Chen 2015,Cumulative rescue morphine administrations,0-24 h,CHEN15Q_TEAS_vs_CTRL_RESCUECOUNT24,41/42,Low,Some concerns,Low,Some concerns,Some concerns,Some concerns,Exact pre-dose trigger incompletely stated.,06_FINAL_ANALYSIS_V26/01_DATA/target_F_exploratory.csv#F-rescue-opioid-003,NOT PRESENT IN CONSOLIDATED RECORD,,,,,,,,,,,,,,
AF26-F-rescue-opioid-004,Xie 2014,Participants receiving rescue dezocine,Through postoperative 48 h,XIE14_EAS_vs_SHAM_DEZOCINE48,20/20,Some concerns,Some concerns,Low,Some concerns,Some concerns,Some concerns,Counts derived from percentages; patient-request trigger.,06_FINAL_ANALYSIS_V26/01_DATA/target_F_exploratory.csv#F-rescue-opioid-004,NOT PRESENT IN CONSOLIDATED RECORD,,,,,,,,,,,,,,
AF26-F-rescue-opioid-005,Ntritsou 2014,Total rescue analgesia,First 24 h,NTRI14_EA_vs_SHAM_RESCUE,35/35,Low,Some concerns,Some concerns,Some concerns,Some concerns,Some concerns,Exact rescue-only group quantities absent.,06_FINAL_ANALYSIS_V26/01_DATA/target_F_exploratory.csv#F-rescue-opioid-005,NOT PRESENT IN CONSOLIDATED RECORD,,,,,,,,,,,,,,
AF26-F-rescue-opioid-006,Yu 2020,Participants requiring rescue sufentanil,0-24 h,YU20_TEAS_vs_CONTROL_RESCUE24,30/30,Some concerns,Some concerns,Low,Some concerns,Some concerns,Some concerns,Dose/trigger not reported.,06_FINAL_ANALYSIS_V26/01_DATA/target_F_exploratory.csv#F-rescue-opioid-006,NOT PRESENT IN CONSOLIDATED RECORD,,,,,,,,,,,,,,
AF26-F-rescue-opioid-007,Tu 2024,Any rescue tramadol use,Within 24 h,TU24_TEAS_vs_SHAM_TRAMADOL,57/58,Low,Some concerns,Some concerns,Some concerns,Some concerns,Some concerns,VAS>6 → tramadol10 mg IM.,06_FINAL_ANALYSIS_V26/01_DATA/target_F_exploratory.csv#F-rescue-opioid-007,NOT PRESENT IN CONSOLIDATED RECORD,,,,,,,,,,,,,,
AF26-F-rescue-opioid-008,Liu 2026 (burn),Any rescue dezocine use,Through POD1,LIU26BURN_TEAS_vs_SHAM_RESCUE,43/43,Low,Some concerns,Low,Low,Some concerns,Some concerns,Table P=0.106 vs narrative0.430.,06_FINAL_ANALYSIS_V26/01_DATA/target_F_exploratory.csv#F-rescue-opioid-008,NOT PRESENT IN CONSOLIDATED RECORD,,,,,,,,,,,,,,
AF26-F-rescue-opioid-009,Zhou 2025,Any rescue analgesia,POD1-POD3,ZHOU25_TEAS_vs_SHAM_RESCUE,48/49,Low,Low,Low,Some concerns,Some concerns,Some concerns,Clinician discretion; no fixed pain threshold.,06_FINAL_ANALYSIS_V26/01_DATA/target_F_exploratory.csv#F-rescue-opioid-009,NOT PRESENT IN CONSOLIDATED RECORD,,,,,,,,,,,,,,
V38-AUDIT-0017,Zhu 2022,Time to passage of first flatus,From end of surgery to first flatus,Group Pre — EA day before surgery vs Group Usual — usual care alone,101.0/101.0,Some concerns,Some concerns,Low,Some concerns,Some concerns,Some concerns,"Fresh v38 source-based domain assessment; supersedes conflicting historical selection for this exact result. Prior human completion is user-reported, not independently signed here.",10_FINAL_ADJUDICATION/02_DECISIONS/v38/rob2_assessments.csv#V38-AUDIT-0017,USER REPORTS PRIOR REVIEW COMPLETE; new judgment AI-conducted,AUDIT-0017,"Computer sequence in opaque envelopes, but patient envelope selection leaves sequence implementation concerns.",Usual-care participants unblinded; recovery care/reporting could differ.,"13/413 omitted; limited fraction; reported EM handling, but complete-case denominators used here.",Nausea/flatus self-reports potentially influenced by awareness; vomiting and clinician-masked dose separately rated.,Prospective result-level analysis plan not independently verified for this exact endpoint/window/contrast. Published outcome naming alone does not establish prespecification; no evidence sufficient to assert selective choice with High certainty.,Residual concerns do not jointly establish likely material bias sufficient for High; do not mechanically count concerns.,AI assistant under user delegation,2026-09-20,Effect of assignment to intervention,TEAS EA Verification/Source PDFs/covidence_381_full_article.pdf,81b253dfbb68322da8383e775b391e0eb829702de456e01224fa82bf6b56bde0,10_FINAL_ADJUDICATION/01_SOURCE_EVIDENCE/Zhu_2022.txt,p. 422; Table 3
V38-AUDIT-0018,Zhu 2022,Time to passage of first flatus,From end of surgery to first flatus,Group 30 — EA 30 min before surgery vs Group Usual — usual care alone,98.0/101.0,Some concerns,Some concerns,Low,Some concerns,Some concerns,Some concerns,"Fresh v38 source-based domain assessment; supersedes conflicting historical selection for this exact result. Prior human completion is user-reported, not independently signed here.",10_FINAL_ADJUDICATION/02_DECISIONS/v38/rob2_assessments.csv#V38-AUDIT-0018,USER REPORTS PRIOR REVIEW COMPLETE; new judgment AI-conducted,AUDIT-0018,"Computer sequence in opaque envelopes, but patient envelope selection leaves sequence implementation concerns.",Usual-care participants unblinded; recovery care/reporting could differ.,"13/413 omitted; limited fraction; reported EM handling, but complete-case denominators used here.",Nausea/flatus self-reports potentially influenced by awareness; vomiting and clinician-masked dose separately rated.,Prospective result-level analysis plan not independently verified for this exact endpoint/window/contrast. Published outcome naming alone does not establish prespecification; no evidence sufficient to assert selective choice with High certainty.,Residual concerns do not jointly establish likely material bias sufficient for High; do not mechanically count concerns.,AI assistant under user delegation,2026-09-20,Effect of assignment to intervention,TEAS EA Verification/Source PDFs/covidence_381_full_article.pdf,81b253dfbb68322da8383e775b391e0eb829702de456e01224fa82bf6b56bde0,10_FINAL_ADJUDICATION/01_SOURCE_EVIDENCE/Zhu_2022.txt,p. 422; Table 3
V38-AUDIT-0019,Zhu 2022,Time to passage of first flatus,From end of surgery to first flatus,Group Comb — EA day before + 30 min before surgery vs Group Usual — usual care alone,100.0/101.0,Some concerns,Some concerns,Low,Some concerns,Some concerns,Some concerns,"Fresh v38 source-based domain assessment; supersedes conflicting historical selection for this exact result. Prior human completion is user-reported, not independently signed here.",10_FINAL_ADJUDICATION/02_DECISIONS/v38/rob2_assessments.csv#V38-AUDIT-0019,USER REPORTS PRIOR REVIEW COMPLETE; new judgment AI-conducted,AUDIT-0019,"Computer sequence in opaque envelopes, but patient envelope selection leaves sequence implementation concerns.",Usual-care participants unblinded; recovery care/reporting could differ.,"13/413 omitted; limited fraction; reported EM handling, but complete-case denominators used here.",Nausea/flatus self-reports potentially influenced by awareness; vomiting and clinician-masked dose separately rated.,Prospective result-level analysis plan not independently verified for this exact endpoint/window/contrast. Published outcome naming alone does not establish prespecification; no evidence sufficient to assert selective choice with High certainty.,Residual concerns do not jointly establish likely material bias sufficient for High; do not mechanically count concerns.,AI assistant under user delegation,2026-09-20,Effect of assignment to intervention,TEAS EA Verification/Source PDFs/covidence_381_full_article.pdf,81b253dfbb68322da8383e775b391e0eb829702de456e01224fa82bf6b56bde0,10_FINAL_ADJUDICATION/01_SOURCE_EVIDENCE/Zhu_2022.txt,p. 422; Table 3
V38-AUDIT-0077,Yang 2020,Nausea incidence,0–24 h after surgery,EA group vs UC group,29.0/28.0,Some concerns,Some concerns,Low,Some concerns,Some concerns,Some concerns,"Fresh v38 source-based domain assessment; supersedes conflicting historical selection for this exact result. Prior human completion is user-reported, not independently signed here.",10_FINAL_ADJUDICATION/02_DECISIONS/v38/rob2_assessments.csv#V38-AUDIT-0077,USER REPORTS PRIOR REVIEW COMPLETE; new judgment AI-conducted,AUDIT-0077,SPSS sequence in sealed envelopes; opacity and recruiter independence not adequately detailed.,"Participants/provider unblinded, anaesthetists/assessors masked; possible differential recovery care.","Two omissions from 59 (one no PVB, one preoperative withdrawal); limited missingness.",Open-label patient reporting may affect nausea and GI times; observed vomiting considered separately.,Prospective result-level analysis plan not independently verified for this exact endpoint/window/contrast. Published outcome naming alone does not establish prespecification; no evidence sufficient to assert selective choice with High certainty.,Residual concerns do not jointly establish likely material bias sufficient for High; do not mechanically count concerns.,AI assistant under user delegation,2026-09-20,Effect of assignment to intervention,TEAS EA Verification/Source PDFs/covidence_464_verified.pdf,74195fd297db01dd46bc70ce30960d6ada974359a832f17219120a2cb8491d14,10_FINAL_ADJUDICATION/01_SOURCE_EVIDENCE/Yang_2020.txt,e920648-6; Table 4
V38-AUDIT-0078,Yang 2020,Vomiting incidence,0–24 h after surgery,EA group vs UC group,29.0/28.0,Some concerns,Some concerns,Low,Low,Some concerns,Some concerns,"Fresh v38 source-based domain assessment; supersedes conflicting historical selection for this exact result. Prior human completion is user-reported, not independently signed here.",10_FINAL_ADJUDICATION/02_DECISIONS/v38/rob2_assessments.csv#V38-AUDIT-0078,USER REPORTS PRIOR REVIEW COMPLETE; new judgment AI-conducted,AUDIT-0078,SPSS sequence in sealed envelopes; opacity and recruiter independence not adequately detailed.,"Participants/provider unblinded, anaesthetists/assessors masked; possible differential recovery care.","Two omissions from 59 (one no PVB, one preoperative withdrawal); limited missingness.",Observable vomiting with common ascertainment; no evidence that knowledge of assignment materially altered measurement. Not equated to subjective nausea.,Prospective result-level analysis plan not independently verified for this exact endpoint/window/contrast. Published outcome naming alone does not establish prespecification; no evidence sufficient to assert selective choice with High certainty.,Residual concerns do not jointly establish likely material bias sufficient for High; do not mechanically count concerns.,AI assistant under user delegation,2026-09-20,Effect of assignment to intervention,TEAS EA Verification/Source PDFs/covidence_464_verified.pdf,74195fd297db01dd46bc70ce30960d6ada974359a832f17219120a2cb8491d14,10_FINAL_ADJUDICATION/01_SOURCE_EVIDENCE/Yang_2020.txt,e920648-6; Table 4
V38-AUDIT-0100,Pan 2023,Vomiting incidence,Within 24 h after operation,Group T — TEAS vs Group C — control,52.0/53.0,Some concerns,Some concerns,High,Low,Some concerns,High,"Fresh v38 source-based domain assessment; supersedes conflicting historical selection for this exact result. Prior human completion is user-reported, not independently signed here.",10_FINAL_ADJUDICATION/02_DECISIONS/v38/rob2_assessments.csv#V38-AUDIT-0100,USER REPORTS PRIOR REVIEW COMPLETE; new judgment AI-conducted,AUDIT-0100,"Random grouping reported, allocation concealment insufficiently documented.",No credible stimulation sham; protocol-deviation exclusions and possible differential care.,"Fig 3 (PDF p5): 60/60 allocated before exclusions for external analgesia, PCIA and surgery changes. 105 analysed; arm exclusion sums conflict with final 52/53. Informative missingness likely.",Observable vomiting recorded; clinician-determined remifentanil assessed separately.,Prospective result-level analysis plan not independently verified for this exact endpoint/window/contrast. Published outcome naming alone does not establish prespecification; no evidence sufficient to assert selective choice with High certainty.,High in at least one domain.,AI assistant under user delegation,2026-09-20,Effect of assignment to intervention,TEAS EA Verification/Source PDFs/getfile.php-4.pdf,7f51a98abb60112923a7996495bc8d143af74aa710175a70c29894b62a64479d,10_FINAL_ADJUDICATION/01_SOURCE_EVIDENCE/Pan_2023.txt,p. 815; Table 7
V38-AUDIT-0173,Gao 2021,Time to first bowel sounds,Postoperative,Postoperative TEAS vs Sham/no-current TEAS,303.0/307.0,Low,Some concerns,Low,Low,Some concerns,Some concerns,"Fresh v38 source-based domain assessment; supersedes conflicting historical selection for this exact result. Prior human completion is user-reported, not independently signed here.",10_FINAL_ADJUDICATION/02_DECISIONS/v38/rob2_assessments.csv#V38-AUDIT-0173,USER REPORTS PRIOR REVIEW COMPLETE; new judgment AI-conducted,AUDIT-0173,Central block sequence with sealed allocation.,Patients not blinded; differential postoperative behaviours/care cannot be excluded.,610/307 analysed in the intention-to-treat population.,Bowel sounds obtained by masked auscultation; patient-reported events assessed separately below.,Prospective result-level analysis plan not independently verified for this exact endpoint/window/contrast. Published outcome naming alone does not establish prespecification; no evidence sufficient to assert selective choice with High certainty.,Residual concerns do not jointly establish likely material bias sufficient for High; do not mechanically count concerns.,AI assistant under user delegation,2026-09-20,Effect of assignment to intervention,TEAS EA Verification/Source PDFs/covidence_400_full_article.pdf,9dccc7912cf6c84c466abdf8e09b879b53113bafa6d3d72306ad087bdc48e18a,10_FINAL_ADJUDICATION/01_SOURCE_EVIDENCE/Gao_2021.txt,p. 1623; Table III
V38-AUDIT-0251,Sun 2017,Time to first postoperative flatus,Postoperative,Preoperative true TEAS only (TSS) vs All-period sham TEAS (SSS),91.0/90.0,Low,Low,Some concerns,Low,Some concerns,Some concerns,"Fresh v38 source-based domain assessment; supersedes conflicting historical selection for this exact result. Prior human completion is user-reported, not independently signed here.",10_FINAL_ADJUDICATION/02_DECISIONS/v38/rob2_assessments.csv#V38-AUDIT-0251,USER REPORTS PRIOR REVIEW COMPLETE; new judgment AI-conducted,AUDIT-0251,"Computer sequence in opaque envelopes, operator alone aware.","Patients, anaesthetists and evaluators masked with minimal-sensation sham.","19/380 losses include changed surgery, prolonged operation and complications; GI-related missingness possible.",Masked patient/event recording for all three timing-arm comparisons.,Prospective result-level analysis plan not independently verified for this exact endpoint/window/contrast. Published outcome naming alone does not establish prespecification; no evidence sufficient to assert selective choice with High certainty.,Residual concerns do not jointly establish likely material bias sufficient for High; do not mechanically count concerns.,AI assistant under user delegation,2026-09-20,Effect of assignment to intervention,TEAS EA Verification/Source PDFs/sun2017-2.pdf,08bff012301811eee2caa149fca626ae6787f61dcee2951fce77830ac7b5de44,10_FINAL_ADJUDICATION/01_SOURCE_EVIDENCE/Sun_2017.txt,Clin J Pain 2017;33:344; Table 2
V38-AUDIT-0252,Sun 2017,Time to first postoperative flatus,Postoperative,Preoperative + intraoperative true TEAS (TTS) vs All-period sham TEAS (SSS),91.0/90.0,Low,Low,Some concerns,Low,Some concerns,Some concerns,"Fresh v38 source-based domain assessment; supersedes conflicting historical selection for this exact result. Prior human completion is user-reported, not independently signed here.",10_FINAL_ADJUDICATION/02_DECISIONS/v38/rob2_assessments.csv#V38-AUDIT-0252,USER REPORTS PRIOR REVIEW COMPLETE; new judgment AI-conducted,AUDIT-0252,"Computer sequence in opaque envelopes, operator alone aware.","Patients, anaesthetists and evaluators masked with minimal-sensation sham.","19/380 losses include changed surgery, prolonged operation and complications; GI-related missingness possible.",Masked patient/event recording for all three timing-arm comparisons.,Prospective result-level analysis plan not independently verified for this exact endpoint/window/contrast. Published outcome naming alone does not establish prespecification; no evidence sufficient to assert selective choice with High certainty.,Residual concerns do not jointly establish likely material bias sufficient for High; do not mechanically count concerns.,AI assistant under user delegation,2026-09-20,Effect of assignment to intervention,TEAS EA Verification/Source PDFs/sun2017-2.pdf,08bff012301811eee2caa149fca626ae6787f61dcee2951fce77830ac7b5de44,10_FINAL_ADJUDICATION/01_SOURCE_EVIDENCE/Sun_2017.txt,Clin J Pain 2017;33:344; Table 2
V38-AUDIT-0253,Sun 2017,Time to first postoperative flatus,Postoperative,Preoperative + postoperative true TEAS (TST) vs All-period sham TEAS (SSS),89.0/90.0,Low,Low,Some concerns,Low,Some concerns,Some concerns,"Fresh v38 source-based domain assessment; supersedes conflicting historical selection for this exact result. Prior human completion is user-reported, not independently signed here.",10_FINAL_ADJUDICATION/02_DECISIONS/v38/rob2_assessments.csv#V38-AUDIT-0253,USER REPORTS PRIOR REVIEW COMPLETE; new judgment AI-conducted,AUDIT-0253,"Computer sequence in opaque envelopes, operator alone aware.","Patients, anaesthetists and evaluators masked with minimal-sensation sham.","19/380 losses include changed surgery, prolonged operation and complications; GI-related missingness possible.",Masked patient/event recording for all three timing-arm comparisons.,Prospective result-level analysis plan not independently verified for this exact endpoint/window/contrast. Published outcome naming alone does not establish prespecification; no evidence sufficient to assert selective choice with High certainty.,Residual concerns do not jointly establish likely material bias sufficient for High; do not mechanically count concerns.,AI assistant under user delegation,2026-09-20,Effect of assignment to intervention,TEAS EA Verification/Source PDFs/sun2017-2.pdf,08bff012301811eee2caa149fca626ae6787f61dcee2951fce77830ac7b5de44,10_FINAL_ADJUDICATION/01_SOURCE_EVIDENCE/Sun_2017.txt,Clin J Pain 2017;33:344; Table 2
V38-AUDIT-0254,Sun 2017,Time to first postoperative defecation,Postoperative,Preoperative true TEAS only (TSS) vs All-period sham TEAS (SSS),91.0/90.0,Low,Low,Some concerns,Low,Some concerns,Some concerns,"Fresh v38 source-based domain assessment; supersedes conflicting historical selection for this exact result. Prior human completion is user-reported, not independently signed here.",10_FINAL_ADJUDICATION/02_DECISIONS/v38/rob2_assessments.csv#V38-AUDIT-0254,USER REPORTS PRIOR REVIEW COMPLETE; new judgment AI-conducted,AUDIT-0254,"Computer sequence in opaque envelopes, operator alone aware.","Patients, anaesthetists and evaluators masked with minimal-sensation sham.","19/380 losses include changed surgery, prolonged operation and complications; GI-related missingness possible.",Masked patient/event recording for all three timing-arm comparisons.,Prospective result-level analysis plan not independently verified for this exact endpoint/window/contrast. Published outcome naming alone does not establish prespecification; no evidence sufficient to assert selective choice with High certainty.,Residual concerns do not jointly establish likely material bias sufficient for High; do not mechanically count concerns.,AI assistant under user delegation,2026-09-20,Effect of assignment to intervention,TEAS EA Verification/Source PDFs/sun2017-2.pdf,08bff012301811eee2caa149fca626ae6787f61dcee2951fce77830ac7b5de44,10_FINAL_ADJUDICATION/01_SOURCE_EVIDENCE/Sun_2017.txt,Clin J Pain 2017;33:344; Table 2
V38-AUDIT-0255,Sun 2017,Time to first postoperative defecation,Postoperative,Preoperative + intraoperative true TEAS (TTS) vs All-period sham TEAS (SSS),91.0/90.0,Low,Low,Some concerns,Low,Some concerns,Some concerns,"Fresh v38 source-based domain assessment; supersedes conflicting historical selection for this exact result. Prior human completion is user-reported, not independently signed here.",10_FINAL_ADJUDICATION/02_DECISIONS/v38/rob2_assessments.csv#V38-AUDIT-0255,USER REPORTS PRIOR REVIEW COMPLETE; new judgment AI-conducted,AUDIT-0255,"Computer sequence in opaque envelopes, operator alone aware.","Patients, anaesthetists and evaluators masked with minimal-sensation sham.","19/380 losses include changed surgery, prolonged operation and complications; GI-related missingness possible.",Masked patient/event recording for all three timing-arm comparisons.,Prospective result-level analysis plan not independently verified for this exact endpoint/window/contrast. Published outcome naming alone does not establish prespecification; no evidence sufficient to assert selective choice with High certainty.,Residual concerns do not jointly establish likely material bias sufficient for High; do not mechanically count concerns.,AI assistant under user delegation,2026-09-20,Effect of assignment to intervention,TEAS EA Verification/Source PDFs/sun2017-2.pdf,08bff012301811eee2caa149fca626ae6787f61dcee2951fce77830ac7b5de44,10_FINAL_ADJUDICATION/01_SOURCE_EVIDENCE/Sun_2017.txt,Clin J Pain 2017;33:344; Table 2
V38-AUDIT-0256,Sun 2017,Time to first postoperative defecation,Postoperative,Preoperative + postoperative true TEAS (TST) vs All-period sham TEAS (SSS),89.0/90.0,Low,Low,Some concerns,Low,Some concerns,Some concerns,"Fresh v38 source-based domain assessment; supersedes conflicting historical selection for this exact result. Prior human completion is user-reported, not independently signed here.",10_FINAL_ADJUDICATION/02_DECISIONS/v38/rob2_assessments.csv#V38-AUDIT-0256,USER REPORTS PRIOR REVIEW COMPLETE; new judgment AI-conducted,AUDIT-0256,"Computer sequence in opaque envelopes, operator alone aware.","Patients, anaesthetists and evaluators masked with minimal-sensation sham.","19/380 losses include changed surgery, prolonged operation and complications; GI-related missingness possible.",Masked patient/event recording for all three timing-arm comparisons.,Prospective result-level analysis plan not independently verified for this exact endpoint/window/contrast. Published outcome naming alone does not establish prespecification; no evidence sufficient to assert selective choice with High certainty.,Residual concerns do not jointly establish likely material bias sufficient for High; do not mechanically count concerns.,AI assistant under user delegation,2026-09-20,Effect of assignment to intervention,TEAS EA Verification/Source PDFs/sun2017-2.pdf,08bff012301811eee2caa149fca626ae6787f61dcee2951fce77830ac7b5de44,10_FINAL_ADJUDICATION/01_SOURCE_EVIDENCE/Sun_2017.txt,Clin J Pain 2017;33:344; Table 2
V38-AUDIT-0292,Lu 2021,Nausea incidence,0–24 h,Single PC6 TEAS vs Sham/no current,198.0/188.0,Low,Some concerns,Low,Some concerns,Some concerns,Some concerns,"Fresh v38 source-based domain assessment; supersedes conflicting historical selection for this exact result. Prior human completion is user-reported, not independently signed here.",10_FINAL_ADJUDICATION/02_DECISIONS/v38/rob2_assessments.csv#V38-AUDIT-0292,USER REPORTS PRIOR REVIEW COMPLETE; new judgment AI-conducted,AUDIT-0292,Central web block randomization in multicentre trial.,Patients not fully masked; potential differential care/reporting; clinician dosing assessed separately.,576 intention-to-treat participants retained across the two active arms and shared control.,Patient-reported nausea component potentially influenced; objective vomiting and masked dose assessed separately.,Prospective result-level analysis plan not independently verified for this exact endpoint/window/contrast. Published outcome naming alone does not establish prespecification; no evidence sufficient to assert selective choice with High certainty.,Residual concerns do not jointly establish likely material bias sufficient for High; do not mechanically count concerns.,AI assistant under user delegation,2026-09-20,Effect of assignment to intervention,TEAS EA Verification/Source PDFs/covidence_414_full_article.pdf,7f03819dbf9b4b292cfed8ba78be7233349e036cc4f9cb144cfa1e0db17094a7,10_FINAL_ADJUDICATION/01_SOURCE_EVIDENCE/Lu_2021.txt,"Journal of Clinical Anesthesia 74 (2021), Table 3; Table 3"
V38-AUDIT-0293,Lu 2021,Nausea incidence,0–24 h,Combined PC6+CV17 TEAS vs Sham/no current,190.0/188.0,Low,Some concerns,Low,Some concerns,Some concerns,Some concerns,"Fresh v38 source-based domain assessment; supersedes conflicting historical selection for this exact result. Prior human completion is user-reported, not independently signed here.",10_FINAL_ADJUDICATION/02_DECISIONS/v38/rob2_assessments.csv#V38-AUDIT-0293,USER REPORTS PRIOR REVIEW COMPLETE; new judgment AI-conducted,AUDIT-0293,Central web block randomization in multicentre trial.,Patients not fully masked; potential differential care/reporting; clinician dosing assessed separately.,576 intention-to-treat participants retained across the two active arms and shared control.,Patient-reported nausea component potentially influenced; objective vomiting and masked dose assessed separately.,Prospective result-level analysis plan not independently verified for this exact endpoint/window/contrast. Published outcome naming alone does not establish prespecification; no evidence sufficient to assert selective choice with High certainty.,Residual concerns do not jointly establish likely material bias sufficient for High; do not mechanically count concerns.,AI assistant under user delegation,2026-09-20,Effect of assignment to intervention,TEAS EA Verification/Source PDFs/covidence_414_full_article.pdf,7f03819dbf9b4b292cfed8ba78be7233349e036cc4f9cb144cfa1e0db17094a7,10_FINAL_ADJUDICATION/01_SOURCE_EVIDENCE/Lu_2021.txt,"Journal of Clinical Anesthesia 74 (2021), Table 3; Table 3"
V38-AUDIT-0294,Lu 2021,Vomiting incidence,0–24 h,Single PC6 TEAS vs Sham/no current,198.0/188.0,Low,Some concerns,Low,Low,Some concerns,Some concerns,"Fresh v38 source-based domain assessment; supersedes conflicting historical selection for this exact result. Prior human completion is user-reported, not independently signed here.",10_FINAL_ADJUDICATION/02_DECISIONS/v38/rob2_assessments.csv#V38-AUDIT-0294,USER REPORTS PRIOR REVIEW COMPLETE; new judgment AI-conducted,AUDIT-0294,Central web block randomization in multicentre trial.,Patients not fully masked; potential differential care/reporting; clinician dosing assessed separately.,576 intention-to-treat participants retained across the two active arms and shared control.,Observable vomiting with common ascertainment; no evidence that knowledge of assignment materially altered measurement. Not equated to subjective nausea.,Prospective result-level analysis plan not independently verified for this exact endpoint/window/contrast. Published outcome naming alone does not establish prespecification; no evidence sufficient to assert selective choice with High certainty.,Residual concerns do not jointly establish likely material bias sufficient for High; do not mechanically count concerns.,AI assistant under user delegation,2026-09-20,Effect of assignment to intervention,TEAS EA Verification/Source PDFs/covidence_414_full_article.pdf,7f03819dbf9b4b292cfed8ba78be7233349e036cc4f9cb144cfa1e0db17094a7,10_FINAL_ADJUDICATION/01_SOURCE_EVIDENCE/Lu_2021.txt,"Journal of Clinical Anesthesia 74 (2021), Table 3; Table 3"
V38-AUDIT-0295,Lu 2021,Vomiting incidence,0–24 h,Combined PC6+CV17 TEAS vs Sham/no current,190.0/188.0,Low,Some concerns,Low,Low,Some concerns,Some concerns,"Fresh v38 source-based domain assessment; supersedes conflicting historical selection for this exact result. Prior human completion is user-reported, not independently signed here.",10_FINAL_ADJUDICATION/02_DECISIONS/v38/rob2_assessments.csv#V38-AUDIT-0295,USER REPORTS PRIOR REVIEW COMPLETE; new judgment AI-conducted,AUDIT-0295,Central web block randomization in multicentre trial.,Patients not fully masked; potential differential care/reporting; clinician dosing assessed separately.,576 intention-to-treat participants retained across the two active arms and shared control.,Observable vomiting with common ascertainment; no evidence that knowledge of assignment materially altered measurement. Not equated to subjective nausea.,Prospective result-level analysis plan not independently verified for this exact endpoint/window/contrast. Published outcome naming alone does not establish prespecification; no evidence sufficient to assert selective choice with High certainty.,Residual concerns do not jointly establish likely material bias sufficient for High; do not mechanically count concerns.,AI assistant under user delegation,2026-09-20,Effect of assignment to intervention,TEAS EA Verification/Source PDFs/covidence_414_full_article.pdf,7f03819dbf9b4b292cfed8ba78be7233349e036cc4f9cb144cfa1e0db17094a7,10_FINAL_ADJUDICATION/01_SOURCE_EVIDENCE/Lu_2021.txt,"Journal of Clinical Anesthesia 74 (2021), Table 3; Table 3"
V38-AUDIT-0346,Zheng 2025,Time to first borborygmus,Postoperative,Perioperative TEAS vs Sham/no current,42.0/43.0,Low,Some concerns,Some concerns,Some concerns,Some concerns,Some concerns,"Fresh v38 source-based domain assessment; supersedes conflicting historical selection for this exact result. Prior human completion is user-reported, not independently signed here.",10_FINAL_ADJUDICATION/02_DECISIONS/v38/rob2_assessments.csv#V38-AUDIT-0346,USER REPORTS PRIOR REVIEW COMPLETE; new judgment AI-conducted,AUDIT-0346,Seeded random allocation and sequential opaque envelopes. Equal 44/44 allocation is possible by chance and is NOT evidence of faulty randomization.,Anaesthetists not masked; possible dose/co-intervention differences.,"3/88 excluded for surgical changes/prolonged operation, potentially informative for GI recovery/dose.","Bowel-sound timing/assessment schedule insufficiently clear. SD/P inconsistency is a separate source-validity hold, not automatically a RoB domain.",Prospective result-level analysis plan not independently verified for this exact endpoint/window/contrast. Published outcome naming alone does not establish prespecification; no evidence sufficient to assert selective choice with High certainty.,Residual concerns do not jointly establish likely material bias sufficient for High; do not mechanically count concerns.,AI assistant under user delegation,2026-09-20,Effect of assignment to intervention,TEAS EA Verification/Source PDFs/109499.pdf,a99722242c4b1800916d66613b5a0ed223a91f853e14ecce929740eb91dc466b,10_FINAL_ADJUDICATION/01_SOURCE_EVIDENCE/Zheng_2025.txt,Journal of Pain Research 2025;18:6457–6458; Table 3
V38-AUDIT-0347,Zheng 2025,Time to first flatus,Postoperative,Perioperative TEAS vs Sham/no current,42.0/43.0,Low,Some concerns,Some concerns,High,Some concerns,High,"Fresh v38 source-based domain assessment; supersedes conflicting historical selection for this exact result. Prior human completion is user-reported, not independently signed here.",10_FINAL_ADJUDICATION/02_DECISIONS/v38/rob2_assessments.csv#V38-AUDIT-0347,USER REPORTS PRIOR REVIEW COMPLETE; new judgment AI-conducted,AUDIT-0347,Seeded random allocation and sequential opaque envelopes. Equal 44/44 allocation is possible by chance and is NOT evidence of faulty randomization.,Anaesthetists not masked; possible dose/co-intervention differences.,"3/88 excluded for surgical changes/prolonged operation, potentially informative for GI recovery/dose.","Reported flatus definition refers to stool, compromising the construct; no confident interpretation as first gas passage.",Prospective result-level analysis plan not independently verified for this exact endpoint/window/contrast. Published outcome naming alone does not establish prespecification; no evidence sufficient to assert selective choice with High certainty.,High in at least one domain.,AI assistant under user delegation,2026-09-20,Effect of assignment to intervention,TEAS EA Verification/Source PDFs/109499.pdf,a99722242c4b1800916d66613b5a0ed223a91f853e14ecce929740eb91dc466b,10_FINAL_ADJUDICATION/01_SOURCE_EVIDENCE/Zheng_2025.txt,Journal of Pain Research 2025;18:6457–6458; Table 3
V38-AUDIT-0359,Yu 2020,Any nausea and/or vomiting,0–24 h,Preoperative TEAS vs Control/no current (electrodes applied),30.0/30.0,Some concerns,Low,Low,Low,Some concerns,Some concerns,"Fresh v38 source-based domain assessment; supersedes conflicting historical selection for this exact result. Prior human completion is user-reported, not independently signed here.",10_FINAL_ADJUDICATION/02_DECISIONS/v38/rob2_assessments.csv#V38-AUDIT-0359,USER REPORTS PRIOR REVIEW COMPLETE; new judgment AI-conducted,AUDIT-0359,Computer table and nurse allocation; concealment safeguards insufficiently detailed.,"Only acupuncturist informed, gel electrodes in same setting; clinical staff and participants masked.",60/60 retained.,Blinded collector BN administered questionnaires and collected outcomes.,Prospective result-level analysis plan not independently verified for this exact endpoint/window/contrast. Published outcome naming alone does not establish prespecification; no evidence sufficient to assert selective choice with High certainty.,Residual concerns do not jointly establish likely material bias sufficient for High; do not mechanically count concerns.,AI assistant under user delegation,2026-09-20,Effect of assignment to intervention,TEAS EA Verification/Source PDFs/s13063-019-3892-4.pdf,12fbd503870f7f12216ff5f2544b159c66fecd557d4838bcabceec1aa151fb69,10_FINAL_ADJUDICATION/01_SOURCE_EVIDENCE/Yu_2020.txt,"Trials 2020;21:43, pp.5–7; Table 3 + Results"
V38-AUDIT-0364,Liang 2021,Remifentanil consumption,Intraoperative,Preoperative TEAS vs Control/no stimulation,35.0/35.0,Low,Low,Some concerns,Low,Some concerns,Some concerns,"Fresh v38 source-based domain assessment; supersedes conflicting historical selection for this exact result. Prior human completion is user-reported, not independently signed here.",10_FINAL_ADJUDICATION/02_DECISIONS/v38/rob2_assessments.csv#V38-AUDIT-0364,USER REPORTS PRIOR REVIEW COMPLETE; new judgment AI-conducted,AUDIT-0364,Independent computer sequence and sealed allocation.,Anaesthetist explicitly masked despite absence of a stimulation sham.,5/75 excluded for changed procedure/blood sampling; remifentanil may already have been measured and exclusions are not clearly ignorable.,Objective dose titrated by explicitly masked anaesthetist.,Prospective result-level analysis plan not independently verified for this exact endpoint/window/contrast. Published outcome naming alone does not establish prespecification; no evidence sufficient to assert selective choice with High certainty.,Residual concerns do not jointly establish likely material bias sufficient for High; do not mechanically count concerns.,AI assistant under user delegation,2026-09-20,Effect of assignment to intervention,retrieved_pdfs/014_liang_2021.pdf,cf2cc8a627b115ade55a85190c39352aa1a8e63ff1974e4a33dc7b65f961a5a3,10_FINAL_ADJUDICATION/01_SOURCE_EVIDENCE/Liang_2021.txt,"Evidence-Based Complementary and Alternative Medicine 2021, Table 1; Table 1"
V38-V33-OD-0002,Yang 2020,Time to first postoperative flatus,From surgery to first flatus,EA + usual care vs Usual care,29.0/28.0,Some concerns,Some concerns,Low,Some concerns,Some concerns,Some concerns,"Fresh v38 source-based domain assessment; supersedes conflicting historical selection for this exact result. Prior human completion is user-reported, not independently signed here.",10_FINAL_ADJUDICATION/02_DECISIONS/v38/rob2_assessments.csv#V38-V33-OD-0002,USER REPORTS PRIOR REVIEW COMPLETE; new judgment AI-conducted,V33-OD-0002,SPSS sequence in sealed envelopes; opacity and recruiter independence not adequately detailed.,"Participants/provider unblinded, anaesthetists/assessors masked; possible differential recovery care.","Two omissions from 59 (one no PVB, one preoperative withdrawal); limited missingness.",Open-label patient reporting may affect nausea and GI times; observed vomiting considered separately.,Prospective result-level analysis plan not independently verified for this exact endpoint/window/contrast. Published outcome naming alone does not establish prespecification; no evidence sufficient to assert selective choice with High certainty.,Residual concerns do not jointly establish likely material bias sufficient for High; do not mechanically count concerns.,AI assistant under user delegation,2026-09-20,Effect of assignment to intervention,TEAS EA Verification/Source PDFs/covidence_464_verified.pdf,74195fd297db01dd46bc70ce30960d6ada974359a832f17219120a2cb8491d14,10_FINAL_ADJUDICATION/01_SOURCE_EVIDENCE/Yang_2020.txt,GI recovery results/table
V38-V33-OD-0003,Seevaunnamtum 2016,Cumulative IV PCA morphine requirement,First 24 h postoperatively,Intraoperative EA vs Standard care,32.0/32.0,Some concerns,Low,Low,Low,Some concerns,Some concerns,"Fresh v38 source-based domain assessment; supersedes conflicting historical selection for this exact result. Prior human completion is user-reported, not independently signed here.",10_FINAL_ADJUDICATION/02_DECISIONS/v38/rob2_assessments.csv#V38-V33-OD-0003,USER REPORTS PRIOR REVIEW COMPLETE; new judgment AI-conducted,V33-OD-0003,Computer-generated randomization; concealment not fully described.,EA begun under general anaesthesia; patients and postoperative assessors masked despite usual-care classification.,64/64 retained.,Objective recorded postoperative PCA morphine with masked patients/assessors.,Prospective result-level analysis plan not independently verified for this exact endpoint/window/contrast. Published outcome naming alone does not establish prespecification; no evidence sufficient to assert selective choice with High certainty.,Residual concerns do not jointly establish likely material bias sufficient for High; do not mechanically count concerns.,AI assistant under user delegation,2026-09-20,Effect of assignment to intervention,TEAS EA Verification/Source PDFs/covidence_596_verified.pdf,7c25e5c670ee6ebcd32888161b0b53f2ac88a1eb1061a51def0b529c6320d6a3,10_FINAL_ADJUDICATION/01_SOURCE_EVIDENCE/Seevaunnamtum_2016.txt,Table 2 / 24-h PCA morphine
V38-V33-OD-0019,Zhu 2022,Postoperative nausea,6-24 h postoperatively,EA day before surgery vs Usual care alone,101.0/101.0,Some concerns,Some concerns,Low,Some concerns,Some concerns,Some concerns,"Fresh v38 source-based domain assessment; supersedes conflicting historical selection for this exact result. Prior human completion is user-reported, not independently signed here.",10_FINAL_ADJUDICATION/02_DECISIONS/v38/rob2_assessments.csv#V38-V33-OD-0019,USER REPORTS PRIOR REVIEW COMPLETE; new judgment AI-conducted,V33-OD-0019,"Computer sequence in opaque envelopes, but patient envelope selection leaves sequence implementation concerns.",Usual-care participants unblinded; recovery care/reporting could differ.,"13/413 omitted; limited fraction; reported EM handling, but complete-case denominators used here.",Nausea/flatus self-reports potentially influenced by awareness; vomiting and clinician-masked dose separately rated.,Prospective result-level analysis plan not independently verified for this exact endpoint/window/contrast. Published outcome naming alone does not establish prespecification; no evidence sufficient to assert selective choice with High certainty.,Residual concerns do not jointly establish likely material bias sufficient for High; do not mechanically count concerns.,AI assistant under user delegation,2026-09-20,Effect of assignment to intervention,TEAS EA Verification/Source PDFs/covidence_381_full_article.pdf,81b253dfbb68322da8383e775b391e0eb829702de456e01224fa82bf6b56bde0,10_FINAL_ADJUDICATION/01_SOURCE_EVIDENCE/Zhu_2022.txt,Table 2
V38-V33-OD-0020,Zhu 2022,Postoperative vomiting,6-24 h postoperatively,EA day before surgery vs Usual care alone,101.0/101.0,Some concerns,Some concerns,Low,Low,Some concerns,Some concerns,"Fresh v38 source-based domain assessment; supersedes conflicting historical selection for this exact result. Prior human completion is user-reported, not independently signed here.",10_FINAL_ADJUDICATION/02_DECISIONS/v38/rob2_assessments.csv#V38-V33-OD-0020,USER REPORTS PRIOR REVIEW COMPLETE; new judgment AI-conducted,V33-OD-0020,"Computer sequence in opaque envelopes, but patient envelope selection leaves sequence implementation concerns.",Usual-care participants unblinded; recovery care/reporting could differ.,"13/413 omitted; limited fraction; reported EM handling, but complete-case denominators used here.",Observable vomiting with common ascertainment; no evidence that knowledge of assignment materially altered measurement. Not equated to subjective nausea.,Prospective result-level analysis plan not independently verified for this exact endpoint/window/contrast. Published outcome naming alone does not establish prespecification; no evidence sufficient to assert selective choice with High certainty.,Residual concerns do not jointly establish likely material bias sufficient for High; do not mechanically count concerns.,AI assistant under user delegation,2026-09-20,Effect of assignment to intervention,TEAS EA Verification/Source PDFs/covidence_381_full_article.pdf,81b253dfbb68322da8383e775b391e0eb829702de456e01224fa82bf6b56bde0,10_FINAL_ADJUDICATION/01_SOURCE_EVIDENCE/Zhu_2022.txt,Table 2
V38-V33-OD-0021,Zhu 2022,Postoperative nausea,6-24 h postoperatively,EA 30 min before surgery vs Usual care alone,98.0/101.0,Some concerns,Some concerns,Low,Some concerns,Some concerns,Some concerns,"Fresh v38 source-based domain assessment; supersedes conflicting historical selection for this exact result. Prior human completion is user-reported, not independently signed here.",10_FINAL_ADJUDICATION/02_DECISIONS/v38/rob2_assessments.csv#V38-V33-OD-0021,USER REPORTS PRIOR REVIEW COMPLETE; new judgment AI-conducted,V33-OD-0021,"Computer sequence in opaque envelopes, but patient envelope selection leaves sequence implementation concerns.",Usual-care participants unblinded; recovery care/reporting could differ.,"13/413 omitted; limited fraction; reported EM handling, but complete-case denominators used here.",Nausea/flatus self-reports potentially influenced by awareness; vomiting and clinician-masked dose separately rated.,Prospective result-level analysis plan not independently verified for this exact endpoint/window/contrast. Published outcome naming alone does not establish prespecification; no evidence sufficient to assert selective choice with High certainty.,Residual concerns do not jointly establish likely material bias sufficient for High; do not mechanically count concerns.,AI assistant under user delegation,2026-09-20,Effect of assignment to intervention,TEAS EA Verification/Source PDFs/covidence_381_full_article.pdf,81b253dfbb68322da8383e775b391e0eb829702de456e01224fa82bf6b56bde0,10_FINAL_ADJUDICATION/01_SOURCE_EVIDENCE/Zhu_2022.txt,Table 2
V38-V33-OD-0022,Zhu 2022,Postoperative vomiting,6-24 h postoperatively,EA 30 min before surgery vs Usual care alone,98.0/101.0,Some concerns,Some concerns,Low,Low,Some concerns,Some concerns,"Fresh v38 source-based domain assessment; supersedes conflicting historical selection for this exact result. Prior human completion is user-reported, not independently signed here.",10_FINAL_ADJUDICATION/02_DECISIONS/v38/rob2_assessments.csv#V38-V33-OD-0022,USER REPORTS PRIOR REVIEW COMPLETE; new judgment AI-conducted,V33-OD-0022,"Computer sequence in opaque envelopes, but patient envelope selection leaves sequence implementation concerns.",Usual-care participants unblinded; recovery care/reporting could differ.,"13/413 omitted; limited fraction; reported EM handling, but complete-case denominators used here.",Observable vomiting with common ascertainment; no evidence that knowledge of assignment materially altered measurement. Not equated to subjective nausea.,Prospective result-level analysis plan not independently verified for this exact endpoint/window/contrast. Published outcome naming alone does not establish prespecification; no evidence sufficient to assert selective choice with High certainty.,Residual concerns do not jointly establish likely material bias sufficient for High; do not mechanically count concerns.,AI assistant under user delegation,2026-09-20,Effect of assignment to intervention,TEAS EA Verification/Source PDFs/covidence_381_full_article.pdf,81b253dfbb68322da8383e775b391e0eb829702de456e01224fa82bf6b56bde0,10_FINAL_ADJUDICATION/01_SOURCE_EVIDENCE/Zhu_2022.txt,Table 2
V38-V33-OD-0023,Zhu 2022,Postoperative nausea,6-24 h postoperatively,EA day before + 30 min before vs Usual care alone,100.0/101.0,Some concerns,Some concerns,Low,Some concerns,Some concerns,Some concerns,"Fresh v38 source-based domain assessment; supersedes conflicting historical selection for this exact result. Prior human completion is user-reported, not independently signed here.",10_FINAL_ADJUDICATION/02_DECISIONS/v38/rob2_assessments.csv#V38-V33-OD-0023,USER REPORTS PRIOR REVIEW COMPLETE; new judgment AI-conducted,V33-OD-0023,"Computer sequence in opaque envelopes, but patient envelope selection leaves sequence implementation concerns.",Usual-care participants unblinded; recovery care/reporting could differ.,"13/413 omitted; limited fraction; reported EM handling, but complete-case denominators used here.",Nausea/flatus self-reports potentially influenced by awareness; vomiting and clinician-masked dose separately rated.,Prospective result-level analysis plan not independently verified for this exact endpoint/window/contrast. Published outcome naming alone does not establish prespecification; no evidence sufficient to assert selective choice with High certainty.,Residual concerns do not jointly establish likely material bias sufficient for High; do not mechanically count concerns.,AI assistant under user delegation,2026-09-20,Effect of assignment to intervention,TEAS EA Verification/Source PDFs/covidence_381_full_article.pdf,81b253dfbb68322da8383e775b391e0eb829702de456e01224fa82bf6b56bde0,10_FINAL_ADJUDICATION/01_SOURCE_EVIDENCE/Zhu_2022.txt,Table 2
V38-V33-OD-0024,Zhu 2022,Postoperative vomiting,6-24 h postoperatively,EA day before + 30 min before vs Usual care alone,100.0/101.0,Some concerns,Some concerns,Low,Low,Some concerns,Some concerns,"Fresh v38 source-based domain assessment; supersedes conflicting historical selection for this exact result. Prior human completion is user-reported, not independently signed here.",10_FINAL_ADJUDICATION/02_DECISIONS/v38/rob2_assessments.csv#V38-V33-OD-0024,USER REPORTS PRIOR REVIEW COMPLETE; new judgment AI-conducted,V33-OD-0024,"Computer sequence in opaque envelopes, but patient envelope selection leaves sequence implementation concerns.",Usual-care participants unblinded; recovery care/reporting could differ.,"13/413 omitted; limited fraction; reported EM handling, but complete-case denominators used here.",Observable vomiting with common ascertainment; no evidence that knowledge of assignment materially altered measurement. Not equated to subjective nausea.,Prospective result-level analysis plan not independently verified for this exact endpoint/window/contrast. Published outcome naming alone does not establish prespecification; no evidence sufficient to assert selective choice with High certainty.,Residual concerns do not jointly establish likely material bias sufficient for High; do not mechanically count concerns.,AI assistant under user delegation,2026-09-20,Effect of assignment to intervention,TEAS EA Verification/Source PDFs/covidence_381_full_article.pdf,81b253dfbb68322da8383e775b391e0eb829702de456e01224fa82bf6b56bde0,10_FINAL_ADJUDICATION/01_SOURCE_EVIDENCE/Zhu_2022.txt,Table 2
V38-V33-OD-0027,Zhou 2025,PONV incidence,POD1,PACU TEAS vs Sham/no current,48.0/49.0,Low,Low,Low,Low,Some concerns,Some concerns,"Fresh v38 source-based domain assessment; supersedes conflicting historical selection for this exact result. Prior human completion is user-reported, not independently signed here.",10_FINAL_ADJUDICATION/02_DECISIONS/v38/rob2_assessments.csv#V38-V33-OD-0027,USER REPORTS PRIOR REVIEW COMPLETE; new judgment AI-conducted,V33-OD-0027,Computer sequence and sequential opaque sealed envelopes.,Patient and assessor masking with scripted practitioner interaction.,3/100 missing; little missing information and no documented differential outcome-related attrition.,Masked PONV and flatus collection.,Prospective result-level analysis plan not independently verified for this exact endpoint/window/contrast. Published outcome naming alone does not establish prespecification; no evidence sufficient to assert selective choice with High certainty.,Residual concerns do not jointly establish likely material bias sufficient for High; do not mechanically count concerns.,AI assistant under user delegation,2026-09-20,Effect of assignment to intervention,TEAS EA Verification/Source PDFs/105119.pdf,d9bf76bd7e244dd4513f686ee9be168122d8db4ced699a7f881f93237b3cb52b,10_FINAL_ADJUDICATION/01_SOURCE_EVIDENCE/Zhou_2025.txt,"Table 4, p8"
V38-V33-OD-0028,Zhou 2025,Time to first flatus,Postoperative,PACU TEAS vs Sham/no current,48.0/49.0,Low,Low,Low,Low,Some concerns,Some concerns,"Fresh v38 source-based domain assessment; supersedes conflicting historical selection for this exact result. Prior human completion is user-reported, not independently signed here.",10_FINAL_ADJUDICATION/02_DECISIONS/v38/rob2_assessments.csv#V38-V33-OD-0028,USER REPORTS PRIOR REVIEW COMPLETE; new judgment AI-conducted,V33-OD-0028,Computer sequence and sequential opaque sealed envelopes.,Patient and assessor masking with scripted practitioner interaction.,3/100 missing; little missing information and no documented differential outcome-related attrition.,Masked PONV and flatus collection.,Prospective result-level analysis plan not independently verified for this exact endpoint/window/contrast. Published outcome naming alone does not establish prespecification; no evidence sufficient to assert selective choice with High certainty.,Residual concerns do not jointly establish likely material bias sufficient for High; do not mechanically count concerns.,AI assistant under user delegation,2026-09-20,Effect of assignment to intervention,TEAS EA Verification/Source PDFs/105119.pdf,d9bf76bd7e244dd4513f686ee9be168122d8db4ced699a7f881f93237b3cb52b,10_FINAL_ADJUDICATION/01_SOURCE_EVIDENCE/Zhou_2025.txt,Postoperative recovery-time table
V38-V33-OD-0033,Zheng 2025,Any PONV,Within 24 h postoperatively,Perioperative TEAS vs Sham/no current,42.0/43.0,Low,Some concerns,Some concerns,Low,Some concerns,Some concerns,"Fresh v38 source-based domain assessment; supersedes conflicting historical selection for this exact result. Prior human completion is user-reported, not independently signed here.",10_FINAL_ADJUDICATION/02_DECISIONS/v38/rob2_assessments.csv#V38-V33-OD-0033,USER REPORTS PRIOR REVIEW COMPLETE; new judgment AI-conducted,V33-OD-0033,Seeded random allocation and sequential opaque envelopes. Equal 44/44 allocation is possible by chance and is NOT evidence of faulty randomization.,Anaesthetists not masked; possible dose/co-intervention differences.,"3/88 excluded for surgical changes/prolonged operation, potentially informative for GI recovery/dose.",Patient and outcome-assessor masking; continuous outcome-specific measurement problems handled below.,Prospective result-level analysis plan not independently verified for this exact endpoint/window/contrast. Published outcome naming alone does not establish prespecification; no evidence sufficient to assert selective choice with High certainty.,Residual concerns do not jointly establish likely material bias sufficient for High; do not mechanically count concerns.,AI assistant under user delegation,2026-09-20,Effect of assignment to intervention,TEAS EA Verification/Source PDFs/109499.pdf,a99722242c4b1800916d66613b5a0ed223a91f853e14ecce929740eb91dc466b,10_FINAL_ADJUDICATION/01_SOURCE_EVIDENCE/Zheng_2025.txt,Primary outcome / 24-h PONV result
V38-V33-OD-0034,Zheng 2025,Total intraoperative remifentanil consumption,Intraoperative,Perioperative TEAS vs Sham/no current,42.0/43.0,Low,Some concerns,Some concerns,High,Some concerns,High,"Fresh v38 source-based domain assessment; supersedes conflicting historical selection for this exact result. Prior human completion is user-reported, not independently signed here.",10_FINAL_ADJUDICATION/02_DECISIONS/v38/rob2_assessments.csv#V38-V33-OD-0034,USER REPORTS PRIOR REVIEW COMPLETE; new judgment AI-conducted,V33-OD-0034,Seeded random allocation and sequential opaque envelopes. Equal 44/44 allocation is possible by chance and is NOT evidence of faulty randomization.,Anaesthetists not masked; possible dose/co-intervention differences.,"3/88 excluded for surgical changes/prolonged operation, potentially informative for GI recovery/dose.",Unblinded anaesthetist determines remifentanil titration; likely influenced by allocation.,Prospective result-level analysis plan not independently verified for this exact endpoint/window/contrast. Published outcome naming alone does not establish prespecification; no evidence sufficient to assert selective choice with High certainty.,High in at least one domain.,AI assistant under user delegation,2026-09-20,Effect of assignment to intervention,TEAS EA Verification/Source PDFs/109499.pdf,a99722242c4b1800916d66613b5a0ed223a91f853e14ecce929740eb91dc466b,10_FINAL_ADJUDICATION/01_SOURCE_EVIDENCE/Zheng_2025.txt,"Table 3, p9"
V38-V33-OD-0053,Yang 2024,Time to first flatus,Postoperative,Perioperative EA + usual care vs Usual care,90.0/90.0,Low,Some concerns,Low,High,Some concerns,High,"Fresh v38 source-based domain assessment; supersedes conflicting historical selection for this exact result. Prior human completion is user-reported, not independently signed here.",10_FINAL_ADJUDICATION/02_DECISIONS/v38/rob2_assessments.csv#V38-V33-OD-0053,USER REPORTS PRIOR REVIEW COMPLETE; new judgment AI-conducted,V33-OD-0053,Computer sequence and sequentially numbered opaque sealed envelopes.,Open participant treatment with masked outcome staff; recovery behaviour and laxative co-interventions require caution.,180 ITT participants with three withdrawals; little missing outcome information.,Patient-reported flatus/defecation likely influenced by awareness; 72h laxative rule particularly relevant to defecation. Symptom-specific ratings below.,Prospective result-level analysis plan not independently verified for this exact endpoint/window/contrast. Published outcome naming alone does not establish prespecification; no evidence sufficient to assert selective choice with High certainty.,High in at least one domain.,AI assistant under user delegation,2026-09-20,Effect of assignment to intervention,TEAS EA Verification/Source PDFs/covidence_1930_full_article.pdf,6c2160c1111226035fb3a46cd41746f84d6f420d24c10b329cffcf82e1c8580f,10_FINAL_ADJUDICATION/01_SOURCE_EVIDENCE/Yang_2024.txt,Table 2 / primary first-flatus outcome
V38-V33-OD-0054,Yang 2024,Time to first defecation,Postoperative,Perioperative EA + usual care vs Usual care,90.0/90.0,Low,Some concerns,Low,High,Some concerns,High,"Fresh v38 source-based domain assessment; supersedes conflicting historical selection for this exact result. Prior human completion is user-reported, not independently signed here.",10_FINAL_ADJUDICATION/02_DECISIONS/v38/rob2_assessments.csv#V38-V33-OD-0054,USER REPORTS PRIOR REVIEW COMPLETE; new judgment AI-conducted,V33-OD-0054,Computer sequence and sequentially numbered opaque sealed envelopes.,Open participant treatment with masked outcome staff; recovery behaviour and laxative co-interventions require caution.,180 ITT participants with three withdrawals; little missing outcome information.,Patient-reported flatus/defecation likely influenced by awareness; 72h laxative rule particularly relevant to defecation. Symptom-specific ratings below.,Prospective result-level analysis plan not independently verified for this exact endpoint/window/contrast. Published outcome naming alone does not establish prespecification; no evidence sufficient to assert selective choice with High certainty.,High in at least one domain.,AI assistant under user delegation,2026-09-20,Effect of assignment to intervention,TEAS EA Verification/Source PDFs/covidence_1930_full_article.pdf,6c2160c1111226035fb3a46cd41746f84d6f420d24c10b329cffcf82e1c8580f,10_FINAL_ADJUDICATION/01_SOURCE_EVIDENCE/Yang_2024.txt,Table 2 / primary first-defecation outcome
V38-V33-OD-0055,Yang 2024,Postoperative vomiting,0-24 h after surgery,Perioperative EA + usual care vs Usual care,90.0/90.0,Low,Some concerns,Low,Low,Some concerns,Some concerns,"Fresh v38 source-based domain assessment; supersedes conflicting historical selection for this exact result. Prior human completion is user-reported, not independently signed here.",10_FINAL_ADJUDICATION/02_DECISIONS/v38/rob2_assessments.csv#V38-V33-OD-0055,USER REPORTS PRIOR REVIEW COMPLETE; new judgment AI-conducted,V33-OD-0055,Computer sequence and sequentially numbered opaque sealed envelopes.,Open participant treatment with masked outcome staff; recovery behaviour and laxative co-interventions require caution.,180 ITT participants with three withdrawals; little missing outcome information.,Observable vomiting with common ascertainment; no evidence that knowledge of assignment materially altered measurement. Not equated to subjective nausea.,Prospective result-level analysis plan not independently verified for this exact endpoint/window/contrast. Published outcome naming alone does not establish prespecification; no evidence sufficient to assert selective choice with High certainty.,Residual concerns do not jointly establish likely material bias sufficient for High; do not mechanically count concerns.,AI assistant under user delegation,2026-09-20,Effect of assignment to intervention,TEAS EA Verification/Source PDFs/covidence_1930_full_article.pdf,6c2160c1111226035fb3a46cd41746f84d6f420d24c10b329cffcf82e1c8580f,10_FINAL_ADJUDICATION/01_SOURCE_EVIDENCE/Yang_2024.txt,Secondary outcomes / PONV
V38-V33-OD-0056,Xiong 2021,Any PONV,Within 48 h,TEAS + dexamethasone + tropisetron vs Dexamethasone + tropisetron,31.0/31.0,Some concerns,Some concerns,Low,Some concerns,Some concerns,Some concerns,"Fresh v38 source-based domain assessment; supersedes conflicting historical selection for this exact result. Prior human completion is user-reported, not independently signed here.",10_FINAL_ADJUDICATION/02_DECISIONS/v38/rob2_assessments.csv#V38-V33-OD-0056,USER REPORTS PRIOR REVIEW COMPLETE; new judgment AI-conducted,V33-OD-0056,Computer sequence in sealed envelopes; opacity/sequential safeguards not fully documented.,Anaesthetists aware; co-intervention concerns despite masked postoperative resident.,"67 screened, five excluded BEFORE allocation; all 62 randomized analysed.",No-current sham and possible postoperative tingling; incomplete sensory masking for nausea-containing composite.,Prospective result-level analysis plan not independently verified for this exact endpoint/window/contrast. Published outcome naming alone does not establish prespecification; no evidence sufficient to assert selective choice with High certainty.,Residual concerns do not jointly establish likely material bias sufficient for High; do not mechanically count concerns.,AI assistant under user delegation,2026-09-20,Effect of assignment to intervention,TEAS EA Verification/Source PDFs/covidence_431_full_article.pdf,85f0cc1e5493db16e616ba5a77950207798546aa0ed9986773bbcefac9ca1d45,10_FINAL_ADJUDICATION/01_SOURCE_EVIDENCE/Xiong_2021.txt,Abstract / 48-h PONV result
V38-V33-OD-0061,Xing 2022,Total remifentanil consumption,Intraoperative,TEAS + active TAPB vs Sham TEAS + active TAPB,29.0/29.0,Low,Low,Some concerns,Low,Some concerns,Some concerns,"Fresh v38 source-based domain assessment; supersedes conflicting historical selection for this exact result. Prior human completion is user-reported, not independently signed here.",10_FINAL_ADJUDICATION/02_DECISIONS/v38/rob2_assessments.csv#V38-V33-OD-0061,USER REPORTS PRIOR REVIEW COMPLETE; new judgment AI-conducted,V33-OD-0061,"Computer sequence, sealed allocation relayed by independent nurse.",Opaque shielding and masked clinicians; equal TAP intervention.,One loss per selected 30-patient arm; loss-to-follow-up explanation insufficient to exclude pain/recovery association.,Masked clinicians record dose; possible awake sensory unmasking affects subjective pain/flatus separately.,Prospective result-level analysis plan not independently verified for this exact endpoint/window/contrast. Published outcome naming alone does not establish prespecification; no evidence sufficient to assert selective choice with High certainty.,Residual concerns do not jointly establish likely material bias sufficient for High; do not mechanically count concerns.,AI assistant under user delegation,2026-09-20,Effect of assignment to intervention,TEAS EA Verification/Source PDFs/s40122-022-00429-2.pdf,ef7826ca61ea657ea56689464a863c5340af1703488c259420346131727062c3,10_FINAL_ADJUDICATION/01_SOURCE_EVIDENCE/Xing_2022.txt,"Table 3, p10"
V38-V33-OD-0062,Xing 2022,Time to first flatus,Postoperative,TEAS + active TAPB vs Sham TEAS + active TAPB,29.0/29.0,Low,Low,Some concerns,Some concerns,Some concerns,Some concerns,"Fresh v38 source-based domain assessment; supersedes conflicting historical selection for this exact result. Prior human completion is user-reported, not independently signed here.",10_FINAL_ADJUDICATION/02_DECISIONS/v38/rob2_assessments.csv#V38-V33-OD-0062,USER REPORTS PRIOR REVIEW COMPLETE; new judgment AI-conducted,V33-OD-0062,"Computer sequence, sealed allocation relayed by independent nurse.",Opaque shielding and masked clinicians; equal TAP intervention.,One loss per selected 30-patient arm; loss-to-follow-up explanation insufficient to exclude pain/recovery association.,"Authors acknowledge possible sensory unmasking during awake pre-induction stimulation; subjective pain/flatus may be influenced, but likelihood insufficient for High.",Prospective result-level analysis plan not independently verified for this exact endpoint/window/contrast. Published outcome naming alone does not establish prespecification; no evidence sufficient to assert selective choice with High certainty.,Residual concerns do not jointly establish likely material bias sufficient for High; do not mechanically count concerns.,AI assistant under user delegation,2026-09-20,Effect of assignment to intervention,TEAS EA Verification/Source PDFs/s40122-022-00429-2.pdf,ef7826ca61ea657ea56689464a863c5340af1703488c259420346131727062c3,10_FINAL_ADJUDICATION/01_SOURCE_EVIDENCE/Xing_2022.txt,Postoperative recovery results
V38-V33-OD-0064,Xing 2022,Rest pain VAS,24 h,TEAS + active TAPB vs Sham TEAS + active TAPB,29.0/29.0,Low,Low,Some concerns,Some concerns,Some concerns,Some concerns,"Fresh v38 source-based domain assessment; supersedes conflicting historical selection for this exact result. Prior human completion is user-reported, not independently signed here.",10_FINAL_ADJUDICATION/02_DECISIONS/v38/rob2_assessments.csv#V38-V33-OD-0064,USER REPORTS PRIOR REVIEW COMPLETE; new judgment AI-conducted,V33-OD-0064,"Computer sequence, sealed allocation relayed by independent nurse.",Opaque shielding and masked clinicians; equal TAP intervention.,One loss per selected 30-patient arm; loss-to-follow-up explanation insufficient to exclude pain/recovery association.,"Authors acknowledge possible sensory unmasking during awake pre-induction stimulation; subjective pain/flatus may be influenced, but likelihood insufficient for High.",Prospective result-level analysis plan not independently verified for this exact endpoint/window/contrast. Published outcome naming alone does not establish prespecification; no evidence sufficient to assert selective choice with High certainty.,Residual concerns do not jointly establish likely material bias sufficient for High; do not mechanically count concerns.,AI assistant under user delegation,2026-09-20,Effect of assignment to intervention,TEAS EA Verification/Source PDFs/s40122-022-00429-2.pdf,ef7826ca61ea657ea56689464a863c5340af1703488c259420346131727062c3,10_FINAL_ADJUDICATION/01_SOURCE_EVIDENCE/Xing_2022.txt,24-h pain result
V38-V33-OD-0072,Wu 2022,Cumulative remifentanil,Intraoperative,Perioperative pTEAS vs No-current control,44.0/40.0,Some concerns,Low,Some concerns,Low,Some concerns,Some concerns,"Fresh v38 source-based domain assessment; supersedes conflicting historical selection for this exact result. Prior human completion is user-reported, not independently signed here.",10_FINAL_ADJUDICATION/02_DECISIONS/v38/rob2_assessments.csv#V38-V33-OD-0072,USER REPORTS PRIOR REVIEW COMPLETE; new judgment AI-conducted,V33-OD-0072,Computer sequence; concealment insufficiently documented.,Opaque shielding and masked clinical/research team.,"6/90 omitted (five controls, one active), including complications/incomplete data after intraoperative outcome was obtained.",Recorded remifentanil under clinician masking.,Prospective result-level analysis plan not independently verified for this exact endpoint/window/contrast. Published outcome naming alone does not establish prespecification; no evidence sufficient to assert selective choice with High certainty.,Residual concerns do not jointly establish likely material bias sufficient for High; do not mechanically count concerns.,AI assistant under user delegation,2026-09-20,Effect of assignment to intervention,TEAS EA Verification/Source PDFs/s12871-022-01875-3.pdf,bb3c8a4aedbf656c306082e2b889c37c04af8d614fb8e8f23b3d6da85e33d3aa,10_FINAL_ADJUDICATION/01_SOURCE_EVIDENCE/Wu_2022.txt,Table 2 / cumulative remifentanil
V38-V33-OD-0078,Wu 2025,Remifentanil consumption,Intraoperative,PACU TEAS vs Sham/no current,50.0/50.0,Low,Low,Low,Low,Some concerns,Some concerns,"Fresh v38 source-based domain assessment; supersedes conflicting historical selection for this exact result. Prior human completion is user-reported, not independently signed here.",10_FINAL_ADJUDICATION/02_DECISIONS/v38/rob2_assessments.csv#V38-V33-OD-0078,USER REPORTS PRIOR REVIEW COMPLETE; new judgment AI-conducted,V33-OD-0078,Independent computer-generated randomization on PACU arrival.,Outcome occurred before randomization/treatment: no post-assignment deviations can affect it.,100/100 analysed.,Recorded pre-intervention intraoperative dose. This is NOT a causal efficacy outcome of subsequent PACU treatment; retained only as diagnostic.,Prospective result-level analysis plan not independently verified for this exact endpoint/window/contrast. Published outcome naming alone does not establish prespecification; no evidence sufficient to assert selective choice with High certainty.,Residual concerns do not jointly establish likely material bias sufficient for High; do not mechanically count concerns.,AI assistant under user delegation,2026-09-20,Effect of assignment to intervention,TEAS EA Verification/Source PDFs/103940.pdf,2fc3db1859c4af6dc85f9a357a2468eb54b002d2c7f87658c9113c207a8beb53,10_FINAL_ADJUDICATION/01_SOURCE_EVIDENCE/Wu_2025.txt,Table 1 / remifentanil
V38-V33-OD-0082,Wang 2023,Time to first flatus,Postoperative,Nighttime TEAS vs Sham/no current,40.0/43.0,Low,Low,Some concerns,Low,Some concerns,Some concerns,"Fresh v38 source-based domain assessment; supersedes conflicting historical selection for this exact result. Prior human completion is user-reported, not independently signed here.",10_FINAL_ADJUDICATION/02_DECISIONS/v38/rob2_assessments.csv#V38-V33-OD-0082,USER REPORTS PRIOR REVIEW COMPLETE; new judgment AI-conducted,V33-OD-0082,Computer sequence and sequential opaque envelopes.,Broad patient and assessor masking.,5/88 protocol-breach exclusions rather than full ITT; recovery-related missingness cannot be ruled out.,Masked flatus report collection.,Prospective result-level analysis plan not independently verified for this exact endpoint/window/contrast. Published outcome naming alone does not establish prespecification; no evidence sufficient to assert selective choice with High certainty.,Residual concerns do not jointly establish likely material bias sufficient for High; do not mechanically count concerns.,AI assistant under user delegation,2026-09-20,Effect of assignment to intervention,TEAS EA Verification/Source PDFs/s40122-023-00493-2.pdf,9eae987a3d59d97843498faa079d7eac7ae430cae80d2971d356bb988714bd6c,10_FINAL_ADJUDICATION/01_SOURCE_EVIDENCE/Wang_2023.txt,Table 1 / postoperative first flatus
V38-V33-OD-0112,Ntritsou 2014,Remifentanil consumption,Intraoperative,Perioperative EA + tramadol/ketamine vs Sham + tramadol/ketamine,35.0/35.0,Some concerns,Some concerns,Some concerns,High,Some concerns,High,"Fresh v38 source-based domain assessment; supersedes conflicting historical selection for this exact result. Prior human completion is user-reported, not independently signed here.",10_FINAL_ADJUDICATION/02_DECISIONS/v38/rob2_assessments.csv#V38-V33-OD-0112,USER REPORTS PRIOR REVIEW COMPLETE; new judgment AI-conducted,V33-OD-0112,Computer randomization; concealment controlled by department director but implementation insufficiently detailed.,Clinical staff aware; differential titration/co-intervention concerns.,5/75 excluded with insufficient reasons; missing clinician-titrated dose potentially informative.,Remifentanil is objective once delivered but dose is actively determined by an unblinded anaesthetist and likely influenced.,Prospective result-level analysis plan not independently verified for this exact endpoint/window/contrast. Published outcome naming alone does not establish prespecification; no evidence sufficient to assert selective choice with High certainty.,High in at least one domain.,AI assistant under user delegation,2026-09-20,Effect of assignment to intervention,TEAS EA Verification/Source PDFs/covidence_729_full_article.pdf,f75d422117f1c9468f6bfaf215e0c43c38fd842380657e42e1508b6a9aa13242,10_FINAL_ADJUDICATION/01_SOURCE_EVIDENCE/Ntritsou_2014.txt,Table 1 / remifentanil
V38-V33-OD-0115,Ng 2013,Time to first bowel motion / defecation,Postoperative,Electroacupuncture vs Sham acupuncture,55.0/55.0,Some concerns,Low,Low,Low,Some concerns,Some concerns,"Fresh v38 source-based domain assessment; supersedes conflicting historical selection for this exact result. Prior human completion is user-reported, not independently signed here.",10_FINAL_ADJUDICATION/02_DECISIONS/v38/rob2_assessments.csv#V38-V33-OD-0115,USER REPORTS PRIOR REVIEW COMPLETE; new judgment AI-conducted,V33-OD-0115,Random allocation using NON-opaque envelopes: concealment concern.,EA/sham participants masked; no-acupuncture arm handled separately.,All 165 participants retained.,Masked assessment and sham participant masking for selected sham contrasts.,Prospective result-level analysis plan not independently verified for this exact endpoint/window/contrast. Published outcome naming alone does not establish prespecification; no evidence sufficient to assert selective choice with High certainty.,Residual concerns do not jointly establish likely material bias sufficient for High; do not mechanically count concerns.,AI assistant under user delegation,2026-09-20,Effect of assignment to intervention,TEAS EA Verification/Source PDFs/covidence_1970_ng_2013.pdf,18ce931a2b3a17e4ba1f7b4f0ddfac5274721367802ebdcdf92d027afa51c781,10_FINAL_ADJUDICATION/01_SOURCE_EVIDENCE/Ng_2013.txt,Primary outcome / first bowel motion
V38-V33-OD-0116,Ng 2013,Time to first bowel motion / defecation,Postoperative,Electroacupuncture vs No acupuncture,55.0/55.0,Some concerns,Some concerns,Low,Some concerns,Some concerns,Some concerns,"Fresh v38 source-based domain assessment; supersedes conflicting historical selection for this exact result. Prior human completion is user-reported, not independently signed here.",10_FINAL_ADJUDICATION/02_DECISIONS/v38/rob2_assessments.csv#V38-V33-OD-0116,USER REPORTS PRIOR REVIEW COMPLETE; new judgment AI-conducted,V33-OD-0116,Random allocation using NON-opaque envelopes: concealment concern.,"No-treatment comparator lacks participant masking; possible differential care, without automatic High rating merely for awareness.",All 165 participants retained.,No-acupuncture participants know assignment; bowel-motion reporting may be influenced despite masked assessor.,Prospective result-level analysis plan not independently verified for this exact endpoint/window/contrast. Published outcome naming alone does not establish prespecification; no evidence sufficient to assert selective choice with High certainty.,Residual concerns do not jointly establish likely material bias sufficient for High; do not mechanically count concerns.,AI assistant under user delegation,2026-09-20,Effect of assignment to intervention,TEAS EA Verification/Source PDFs/covidence_1970_ng_2013.pdf,18ce931a2b3a17e4ba1f7b4f0ddfac5274721367802ebdcdf92d027afa51c781,10_FINAL_ADJUDICATION/01_SOURCE_EVIDENCE/Ng_2013.txt,Primary outcome / first bowel motion
V38-V33-OD-0117,Ng 2013,Time to first flatus,Postoperative,Electroacupuncture vs Sham acupuncture,55.0/55.0,Some concerns,Low,Low,Low,Some concerns,Some concerns,"Fresh v38 source-based domain assessment; supersedes conflicting historical selection for this exact result. Prior human completion is user-reported, not independently signed here.",10_FINAL_ADJUDICATION/02_DECISIONS/v38/rob2_assessments.csv#V38-V33-OD-0117,USER REPORTS PRIOR REVIEW COMPLETE; new judgment AI-conducted,V33-OD-0117,Random allocation using NON-opaque envelopes: concealment concern.,EA/sham participants masked; no-acupuncture arm handled separately.,All 165 participants retained.,Masked assessment and sham participant masking for selected sham contrasts.,Prospective result-level analysis plan not independently verified for this exact endpoint/window/contrast. Published outcome naming alone does not establish prespecification; no evidence sufficient to assert selective choice with High certainty.,Residual concerns do not jointly establish likely material bias sufficient for High; do not mechanically count concerns.,AI assistant under user delegation,2026-09-20,Effect of assignment to intervention,TEAS EA Verification/Source PDFs/covidence_1970_ng_2013.pdf,18ce931a2b3a17e4ba1f7b4f0ddfac5274721367802ebdcdf92d027afa51c781,10_FINAL_ADJUDICATION/01_SOURCE_EVIDENCE/Ng_2013.txt,Secondary outcome / first flatus
V38-V33-OD-0128,Lu 2021,Total remifentanil,Intraoperative,Combined PC6+CV17 TEAS vs Sham/no current,190.0/188.0,Low,Low,Low,Low,Some concerns,Some concerns,"Fresh v38 source-based domain assessment; supersedes conflicting historical selection for this exact result. Prior human completion is user-reported, not independently signed here.",10_FINAL_ADJUDICATION/02_DECISIONS/v38/rob2_assessments.csv#V38-V33-OD-0128,USER REPORTS PRIOR REVIEW COMPLETE; new judgment AI-conducted,V33-OD-0128,Central web block randomization in multicentre trial.,Anaesthesia team masked with opaque shielding; standard titration and no demonstrated deviations.,576 intention-to-treat participants retained across the two active arms and shared control.,Objective intraoperative dose recorded by masked anaesthesia team; each active arm linked separately.,Prospective result-level analysis plan not independently verified for this exact endpoint/window/contrast. Published outcome naming alone does not establish prespecification; no evidence sufficient to assert selective choice with High certainty.,Residual concerns do not jointly establish likely material bias sufficient for High; do not mechanically count concerns.,AI assistant under user delegation,2026-09-20,Effect of assignment to intervention,TEAS EA Verification/Source PDFs/covidence_414_full_article.pdf,7f03819dbf9b4b292cfed8ba78be7233349e036cc4f9cb144cfa1e0db17094a7,10_FINAL_ADJUDICATION/01_SOURCE_EVIDENCE/Lu_2021.txt,Table 3 / intraoperative remifentanil
V38-V33-OD-0129,Lu 2021,Total remifentanil,Intraoperative,Single PC6 TEAS vs Sham/no current,198.0/188.0,Low,Low,Low,Low,Some concerns,Some concerns,"Fresh v38 source-based domain assessment; supersedes conflicting historical selection for this exact result. Prior human completion is user-reported, not independently signed here.",10_FINAL_ADJUDICATION/02_DECISIONS/v38/rob2_assessments.csv#V38-V33-OD-0129,USER REPORTS PRIOR REVIEW COMPLETE; new judgment AI-conducted,V33-OD-0129,Central web block randomization in multicentre trial.,Anaesthesia team masked with opaque shielding; standard titration and no demonstrated deviations.,576 intention-to-treat participants retained across the two active arms and shared control.,Objective intraoperative dose recorded by masked anaesthesia team; each active arm linked separately.,Prospective result-level analysis plan not independently verified for this exact endpoint/window/contrast. Published outcome naming alone does not establish prespecification; no evidence sufficient to assert selective choice with High certainty.,Residual concerns do not jointly establish likely material bias sufficient for High; do not mechanically count concerns.,AI assistant under user delegation,2026-09-20,Effect of assignment to intervention,TEAS EA Verification/Source PDFs/covidence_414_full_article.pdf,7f03819dbf9b4b292cfed8ba78be7233349e036cc4f9cb144cfa1e0db17094a7,10_FINAL_ADJUDICATION/01_SOURCE_EVIDENCE/Lu_2021.txt,Table 3 / intraoperative remifentanil
V38-V33-OD-0130,Lu 2021,Any PONV,24 h,Combined PC6+CV17 TEAS vs Sham/no current,190.0/188.0,Low,Some concerns,Low,Some concerns,Some concerns,Some concerns,"Fresh v38 source-based domain assessment; supersedes conflicting historical selection for this exact result. Prior human completion is user-reported, not independently signed here.",10_FINAL_ADJUDICATION/02_DECISIONS/v38/rob2_assessments.csv#V38-V33-OD-0130,USER REPORTS PRIOR REVIEW COMPLETE; new judgment AI-conducted,V33-OD-0130,Central web block randomization in multicentre trial.,Patients not fully masked; potential differential care/reporting; clinician dosing assessed separately.,576 intention-to-treat participants retained across the two active arms and shared control.,Patient-reported nausea component potentially influenced; objective vomiting and masked dose assessed separately.,Prospective result-level analysis plan not independently verified for this exact endpoint/window/contrast. Published outcome naming alone does not establish prespecification; no evidence sufficient to assert selective choice with High certainty.,Residual concerns do not jointly establish likely material bias sufficient for High; do not mechanically count concerns.,AI assistant under user delegation,2026-09-20,Effect of assignment to intervention,TEAS EA Verification/Source PDFs/covidence_414_full_article.pdf,7f03819dbf9b4b292cfed8ba78be7233349e036cc4f9cb144cfa1e0db17094a7,10_FINAL_ADJUDICATION/01_SOURCE_EVIDENCE/Lu_2021.txt,24-h PONV table
V38-V33-OD-0131,Lu 2021,Any PONV,24 h,Single PC6 TEAS vs Sham/no current,198.0/188.0,Low,Some concerns,Low,Some concerns,Some concerns,Some concerns,"Fresh v38 source-based domain assessment; supersedes conflicting historical selection for this exact result. Prior human completion is user-reported, not independently signed here.",10_FINAL_ADJUDICATION/02_DECISIONS/v38/rob2_assessments.csv#V38-V33-OD-0131,USER REPORTS PRIOR REVIEW COMPLETE; new judgment AI-conducted,V33-OD-0131,Central web block randomization in multicentre trial.,Patients not fully masked; potential differential care/reporting; clinician dosing assessed separately.,576 intention-to-treat participants retained across the two active arms and shared control.,Patient-reported nausea component potentially influenced; objective vomiting and masked dose assessed separately.,Prospective result-level analysis plan not independently verified for this exact endpoint/window/contrast. Published outcome naming alone does not establish prespecification; no evidence sufficient to assert selective choice with High certainty.,Residual concerns do not jointly establish likely material bias sufficient for High; do not mechanically count concerns.,AI assistant under user delegation,2026-09-20,Effect of assignment to intervention,TEAS EA Verification/Source PDFs/covidence_414_full_article.pdf,7f03819dbf9b4b292cfed8ba78be7233349e036cc4f9cb144cfa1e0db17094a7,10_FINAL_ADJUDICATION/01_SOURCE_EVIDENCE/Lu_2021.txt,24-h PONV table
V38-V33-OD-0134,Lu 2022,Time to first flatus,Postoperative,TEAS + ERAS vs No-current control + ERAS,47.0/47.0,Low,Some concerns,Some concerns,Some concerns,Some concerns,Some concerns,"Fresh v38 source-based domain assessment; supersedes conflicting historical selection for this exact result. Prior human completion is user-reported, not independently signed here.",10_FINAL_ADJUDICATION/02_DECISIONS/v38/rob2_assessments.csv#V38-V33-OD-0134,USER REPORTS PRIOR REVIEW COMPLETE; new judgment AI-conducted,V33-OD-0134,Computer sequence with sealed allocation.,Patient awareness of treatment possible despite assessor masking.,6/100 excluded (five open conversions and one refusal); recovery-related missingness remains possible.,Patient-reported flatus vulnerable to awareness; observed defecation considered separately.,Prospective result-level analysis plan not independently verified for this exact endpoint/window/contrast. Published outcome naming alone does not establish prespecification; no evidence sufficient to assert selective choice with High certainty.,Residual concerns do not jointly establish likely material bias sufficient for High; do not mechanically count concerns.,AI assistant under user delegation,2026-09-20,Effect of assignment to intervention,TEAS EA Verification/Source PDFs/getfile.php-3.pdf,83439ead7b747aa55a3be6aab468dc4350619651c2dfd0c516ffbf47d7b16f7c,10_FINAL_ADJUDICATION/01_SOURCE_EVIDENCE/Lu_2022.txt,First flatus result
V38-V33-OD-0135,Lu 2022,Time to first defecation,Postoperative,TEAS + ERAS vs No-current control + ERAS,47.0/47.0,Low,Some concerns,Some concerns,Low,Some concerns,Some concerns,"Fresh v38 source-based domain assessment; supersedes conflicting historical selection for this exact result. Prior human completion is user-reported, not independently signed here.",10_FINAL_ADJUDICATION/02_DECISIONS/v38/rob2_assessments.csv#V38-V33-OD-0135,USER REPORTS PRIOR REVIEW COMPLETE; new judgment AI-conducted,V33-OD-0135,Computer sequence with sealed allocation.,Patient awareness of treatment possible despite assessor masking.,6/100 excluded (five open conversions and one refusal); recovery-related missingness remains possible.,Observable bowel motion collected by masked observer; less susceptible than first flatus.,Prospective result-level analysis plan not independently verified for this exact endpoint/window/contrast. Published outcome naming alone does not establish prespecification; no evidence sufficient to assert selective choice with High certainty.,Residual concerns do not jointly establish likely material bias sufficient for High; do not mechanically count concerns.,AI assistant under user delegation,2026-09-20,Effect of assignment to intervention,TEAS EA Verification/Source PDFs/getfile.php-3.pdf,83439ead7b747aa55a3be6aab468dc4350619651c2dfd0c516ffbf47d7b16f7c,10_FINAL_ADJUDICATION/01_SOURCE_EVIDENCE/Lu_2022.txt,First defecation result
V38-V33-OD-0139,Luo 2026,Cumulative postoperative nausea,0-48 h,Intraoperative PC6 TEAS + standard antiemetics vs Sham/no current + standard antiemetics,138.0/139.0,Low,Some concerns,Low,High,Some concerns,High,"Fresh v38 source-based domain assessment; supersedes conflicting historical selection for this exact result. Prior human completion is user-reported, not independently signed here.",10_FINAL_ADJUDICATION/02_DECISIONS/v38/rob2_assessments.csv#V38-V33-OD-0139,USER REPORTS PRIOR REVIEW COMPLETE; new judgment AI-conducted,V33-OD-0139,Computer sequence in sequentially numbered opaque envelopes (methods).,"Anaesthetists unblinded; possible differential care, not demonstrated major deviations.",277/277 retained.,Blinding test: 77.5% active and 66.2% sham correctly guessed allocation. Subjective nausea likely influenced; vomiting has separate rating.,Prospective result-level analysis plan not independently verified for this exact endpoint/window/contrast. Published outcome naming alone does not establish prespecification; no evidence sufficient to assert selective choice with High certainty.,High in at least one domain.,AI assistant under user delegation,2026-09-20,Effect of assignment to intervention,TEAS EA Verification/Source PDFs/covidence_35_verified.pdf,c0f7a5e88ad8a000c8179382c1d55220fe9e798b9a4f8f6480f348d112898f51,10_FINAL_ADJUDICATION/01_SOURCE_EVIDENCE/Luo_2026.txt,Primary outcome / cumulative nausea
V38-V33-OD-0140,Luo 2026,Cumulative postoperative vomiting,0-48 h,Intraoperative PC6 TEAS + standard antiemetics vs Sham/no current + standard antiemetics,138.0/139.0,Low,Some concerns,Low,Low,Some concerns,Some concerns,"Fresh v38 source-based domain assessment; supersedes conflicting historical selection for this exact result. Prior human completion is user-reported, not independently signed here.",10_FINAL_ADJUDICATION/02_DECISIONS/v38/rob2_assessments.csv#V38-V33-OD-0140,USER REPORTS PRIOR REVIEW COMPLETE; new judgment AI-conducted,V33-OD-0140,Computer sequence in sequentially numbered opaque envelopes (methods).,"Anaesthetists unblinded; possible differential care, not demonstrated major deviations.",277/277 retained.,Observable vomiting with common ascertainment; no evidence that knowledge of assignment materially altered measurement. Not equated to subjective nausea.,Prospective result-level analysis plan not independently verified for this exact endpoint/window/contrast. Published outcome naming alone does not establish prespecification; no evidence sufficient to assert selective choice with High certainty.,Residual concerns do not jointly establish likely material bias sufficient for High; do not mechanically count concerns.,AI assistant under user delegation,2026-09-20,Effect of assignment to intervention,TEAS EA Verification/Source PDFs/covidence_35_verified.pdf,c0f7a5e88ad8a000c8179382c1d55220fe9e798b9a4f8f6480f348d112898f51,10_FINAL_ADJUDICATION/01_SOURCE_EVIDENCE/Luo_2026.txt,Primary outcome / cumulative vomiting
V38-V33-OD-0163,Liu 2021,VAS at rest,24 h,Perioperative TEAS vs Electrodes/no current,50.0/50.0,Some concerns,Some concerns,Low,Some concerns,Some concerns,Some concerns,"Fresh v38 source-based domain assessment; supersedes conflicting historical selection for this exact result. Prior human completion is user-reported, not independently signed here.",10_FINAL_ADJUDICATION/02_DECISIONS/v38/rob2_assessments.csv#V38-V33-OD-0163,USER REPORTS PRIOR REVIEW COMPLETE; new judgment AI-conducted,V33-OD-0163,Online sequence; concealment insufficiently specified.,No-current sham with incompletely established clinical/patient masking.,100/100 retained for these pain contrasts.,"Pain is subjective; explicit assessor masking pertains to cognitive testing, not clearly to pain. Possible influence, without evidence justifying automatic High.",Prospective result-level analysis plan not independently verified for this exact endpoint/window/contrast. Published outcome naming alone does not establish prespecification; no evidence sufficient to assert selective choice with High certainty.,Residual concerns do not jointly establish likely material bias sufficient for High; do not mechanically count concerns.,AI assistant under user delegation,2026-09-20,Effect of assignment to intervention,TEAS EA Verification/Source PDFs/getfile.php-2.pdf,02e9d16c8cb8dd39b10b0e073b010a22888c05ae8dd4c6cc7ccfafdf2e0bf2cb,10_FINAL_ADJUDICATION/01_SOURCE_EVIDENCE/Liu_2021.txt,Table 2 / 24-h rest VAS
V38-V33-OD-0164,Liu 2021,VAS with coughing,24 h,Perioperative TEAS vs Electrodes/no current,50.0/50.0,Some concerns,Some concerns,Low,Some concerns,Some concerns,Some concerns,"Fresh v38 source-based domain assessment; supersedes conflicting historical selection for this exact result. Prior human completion is user-reported, not independently signed here.",10_FINAL_ADJUDICATION/02_DECISIONS/v38/rob2_assessments.csv#V38-V33-OD-0164,USER REPORTS PRIOR REVIEW COMPLETE; new judgment AI-conducted,V33-OD-0164,Online sequence; concealment insufficiently specified.,No-current sham with incompletely established clinical/patient masking.,100/100 retained for these pain contrasts.,"Pain is subjective; explicit assessor masking pertains to cognitive testing, not clearly to pain. Possible influence, without evidence justifying automatic High.",Prospective result-level analysis plan not independently verified for this exact endpoint/window/contrast. Published outcome naming alone does not establish prespecification; no evidence sufficient to assert selective choice with High certainty.,Residual concerns do not jointly establish likely material bias sufficient for High; do not mechanically count concerns.,AI assistant under user delegation,2026-09-20,Effect of assignment to intervention,TEAS EA Verification/Source PDFs/getfile.php-2.pdf,02e9d16c8cb8dd39b10b0e073b010a22888c05ae8dd4c6cc7ccfafdf2e0bf2cb,10_FINAL_ADJUDICATION/01_SOURCE_EVIDENCE/Liu_2021.txt,Table 2 / 24-h coughing VAS
V38-V33-OD-0168,Liu 2026 (burn),Nausea-vomiting,Through POD1 / approximately 24 h,Pre-induction TEAS vs Placebo/sham TEAS,43.0/43.0,Low,Low,Low,Low,Some concerns,Some concerns,"Fresh v38 source-based domain assessment; supersedes conflicting historical selection for this exact result. Prior human completion is user-reported, not independently signed here.",10_FINAL_ADJUDICATION/02_DECISIONS/v38/rob2_assessments.csv#V38-V33-OD-0168,USER REPORTS PRIOR REVIEW COMPLETE; new judgment AI-conducted,V33-OD-0168,Computer sequence with opaque envelopes and independent allocation monitoring.,Broad masking and common perioperative care.,"Fig 1 (PDF p5): 102 screened, 14 excluded BEFORE randomization, 88 allocated; one skin-intolerance loss/arm, 86 analysed. Not 16 postrandomization losses.",Masked postoperative nausea-vomiting assessment.,Prospective result-level analysis plan not independently verified for this exact endpoint/window/contrast. Published outcome naming alone does not establish prespecification; no evidence sufficient to assert selective choice with High certainty.,Residual concerns do not jointly establish likely material bias sufficient for High; do not mechanically count concerns.,AI assistant under user delegation,2026-09-20,Effect of assignment to intervention,TEAS EA Verification/Source PDFs/covidence_48_verified.pdf,ad454ee8b62ea93e4001edd3f7e8329ea09a0caaa10204d00e93b2f28891200d,10_FINAL_ADJUDICATION/01_SOURCE_EVIDENCE/Liu_2026_burn.txt,Secondary postoperative outcomes
V38-V33-OD-0195,Jiang 2026,PONV incidence,Within 24 h,Perioperative TEAS vs Sham/no current,294.0/293.0,Low,Low,Some concerns,Low,Some concerns,Some concerns,"Fresh v38 source-based domain assessment; supersedes conflicting historical selection for this exact result. Prior human completion is user-reported, not independently signed here.",10_FINAL_ADJUDICATION/02_DECISIONS/v38/rob2_assessments.csv#V38-V33-OD-0195,USER REPORTS PRIOR REVIEW COMPLETE; new judgment AI-conducted,V33-OD-0195,Independent randomization with opaque envelopes.,Deception sham with patient/assessor masking and common care.,"614 allocated, 587 analysed; text withdrawal arithmetic also inconsistent. Worst/best-case ITT applies to primary flatus, not this per-protocol PONV result.",Masked postoperative symptom assessment.,Prospective result-level analysis plan not independently verified for this exact endpoint/window/contrast. Published outcome naming alone does not establish prespecification; no evidence sufficient to assert selective choice with High certainty.,Residual concerns do not jointly establish likely material bias sufficient for High; do not mechanically count concerns.,AI assistant under user delegation,2026-09-20,Effect of assignment to intervention,TEAS EA Verification/Source PDFs/study_4_Jiang_2026.pdf,a980f1476ff869174b7b605dbceff078e5885e02049ca2ea0b95cc19e2a5ac66,10_FINAL_ADJUDICATION/01_SOURCE_EVIDENCE/Jiang_2026.txt,24-h PONV result
V38-V33-OD-0198,Huang 2025,Time to first flatus,Postoperative,Postoperative EA + ERAS vs ERAS/standard care,43.0/45.0,Low,Some concerns,Some concerns,High,Some concerns,High,"Fresh v38 source-based domain assessment; supersedes conflicting historical selection for this exact result. Prior human completion is user-reported, not independently signed here.",10_FINAL_ADJUDICATION/02_DECISIONS/v38/rob2_assessments.csv#V38-V33-OD-0198,USER REPORTS PRIOR REVIEW COMPLETE; new judgment AI-conducted,V33-OD-0198,Central concealed allocation.,Open usual-care comparison; differential recovery behaviour/co-interventions possible.,"13/101 omitted, including complications; reasons can relate to recovery.",Unblinded patient/family reports determine recovery times and are likely susceptible to expectations.,Prospective result-level analysis plan not independently verified for this exact endpoint/window/contrast. Published outcome naming alone does not establish prespecification; no evidence sufficient to assert selective choice with High certainty.,High in at least one domain.,AI assistant under user delegation,2026-09-20,Effect of assignment to intervention,TEAS EA Verification/Source PDFs/covidence_131_verified.pdf,9868368dc35509a1f6a7618e93e28e16831aeb38eb1f3418ce56f55ecc8dd9fa,10_FINAL_ADJUDICATION/01_SOURCE_EVIDENCE/Huang_2025.txt,Co-primary outcome / first flatus
V38-V33-OD-0199,Huang 2025,Time to first defecation,Postoperative,Postoperative EA + ERAS vs ERAS/standard care,43.0/45.0,Low,Some concerns,Some concerns,High,Some concerns,High,"Fresh v38 source-based domain assessment; supersedes conflicting historical selection for this exact result. Prior human completion is user-reported, not independently signed here.",10_FINAL_ADJUDICATION/02_DECISIONS/v38/rob2_assessments.csv#V38-V33-OD-0199,USER REPORTS PRIOR REVIEW COMPLETE; new judgment AI-conducted,V33-OD-0199,Central concealed allocation.,Open usual-care comparison; differential recovery behaviour/co-interventions possible.,"13/101 omitted, including complications; reasons can relate to recovery.",Unblinded patient/family reports determine recovery times and are likely susceptible to expectations.,Prospective result-level analysis plan not independently verified for this exact endpoint/window/contrast. Published outcome naming alone does not establish prespecification; no evidence sufficient to assert selective choice with High certainty.,High in at least one domain.,AI assistant under user delegation,2026-09-20,Effect of assignment to intervention,TEAS EA Verification/Source PDFs/covidence_131_verified.pdf,9868368dc35509a1f6a7618e93e28e16831aeb38eb1f3418ce56f55ecc8dd9fa,10_FINAL_ADJUDICATION/01_SOURCE_EVIDENCE/Huang_2025.txt,Co-primary outcome / first defecation
V38-V33-OD-0201,Huang 2024,VAS during walking/knee movement,POD1,Contralateral EA vs Bilateral sham EA,38.0/38.0,Low,Low,Some concerns,Some concerns,Some concerns,Some concerns,"Fresh v38 source-based domain assessment; supersedes conflicting historical selection for this exact result. Prior human completion is user-reported, not independently signed here.",10_FINAL_ADJUDICATION/02_DECISIONS/v38/rob2_assessments.csv#V38-V33-OD-0201,USER REPORTS PRIOR REVIEW COMPLETE; new judgment AI-conducted,V33-OD-0201,Computer sequence in opaque envelopes opened only by acupuncturist; prior claim of absent concealment rejected.,Common rehabilitation and analgesia; no demonstrated material deviations.,"114 randomized, 108 completed; ITT claimed and tables retain 38/arm, but handling of missing walking-pain measurements not sufficiently explained.","Subjective walking pain; incomplete sensory masking and active-side sensations leave measurement concerns, not automatic high risk.",Prospective result-level analysis plan not independently verified for this exact endpoint/window/contrast. Published outcome naming alone does not establish prespecification; no evidence sufficient to assert selective choice with High certainty.,Residual concerns do not jointly establish likely material bias sufficient for High; do not mechanically count concerns.,AI assistant under user delegation,2026-09-20,Effect of assignment to intervention,TEAS EA Verification/Source PDFs/covidence_245_full_article.pdf,728873a206e9cc158128f082bbe4a4cd75de6f417e9cd52738e8d1b23d883644,10_FINAL_ADJUDICATION/01_SOURCE_EVIDENCE/Huang_2024.txt,Primary serial VAS / Day 1
V38-V33-OD-0202,Huang 2024,VAS during walking/knee movement,POD1,Ipsilateral EA vs Bilateral sham EA,38.0/38.0,Low,Low,Some concerns,Some concerns,Some concerns,Some concerns,"Fresh v38 source-based domain assessment; supersedes conflicting historical selection for this exact result. Prior human completion is user-reported, not independently signed here.",10_FINAL_ADJUDICATION/02_DECISIONS/v38/rob2_assessments.csv#V38-V33-OD-0202,USER REPORTS PRIOR REVIEW COMPLETE; new judgment AI-conducted,V33-OD-0202,Computer sequence in opaque envelopes opened only by acupuncturist; prior claim of absent concealment rejected.,Common rehabilitation and analgesia; no demonstrated material deviations.,"114 randomized, 108 completed; ITT claimed and tables retain 38/arm, but handling of missing walking-pain measurements not sufficiently explained.","Subjective walking pain; incomplete sensory masking and active-side sensations leave measurement concerns, not automatic high risk.",Prospective result-level analysis plan not independently verified for this exact endpoint/window/contrast. Published outcome naming alone does not establish prespecification; no evidence sufficient to assert selective choice with High certainty.,Residual concerns do not jointly establish likely material bias sufficient for High; do not mechanically count concerns.,AI assistant under user delegation,2026-09-20,Effect of assignment to intervention,TEAS EA Verification/Source PDFs/covidence_245_full_article.pdf,728873a206e9cc158128f082bbe4a4cd75de6f417e9cd52738e8d1b23d883644,10_FINAL_ADJUDICATION/01_SOURCE_EVIDENCE/Huang_2024.txt,Primary serial VAS / Day 1
V38-V33-OD-0215,He 2026 (hepatectomy/JIS),PONV incidence,0-24 h,Intraoperative PC6 TEAS vs No-current PC6 control,80.0/79.0,Low,Low,Low,Low,Low,Low,"Fresh v38 source-based domain assessment; supersedes conflicting historical selection for this exact result. Prior human completion is user-reported, not independently signed here.",10_FINAL_ADJUDICATION/02_DECISIONS/v38/rob2_assessments.csv#V38-V33-OD-0215,USER REPORTS PRIOR REVIEW COMPLETE; new judgment AI-conducted,V33-OD-0215,"Secure web randomization, stratification and blocks.",Patients and clinical/outcome staff masked; treatment under general anaesthesia with concealment.,"Two cancellations/withdrawals from 161; 159 mITT, little outcome loss.",Primary PONV assessed under masking; protocol/SAP and supplement available in the source set.,Primary PONV outcome and analysis supported by available registered protocol/SAP and source supplement; no unexplained selection identified.,No important domain concern identified for this result.,AI assistant under user delegation,2026-09-20,Effect of assignment to intervention,TEAS EA Verification/Source PDFs/covidence_25_verified.pdf,4fc22447f980bacde9572ec5b1998318f5c4c38aedd82b7809644644e00d7e96,10_FINAL_ADJUDICATION/01_SOURCE_EVIDENCE/He_2026_hepatectomy_JIS.txt,Primary PONV outcome / mITT
V38-V33-OD-0222,Gu 2019,Time to first bowel sounds,Postoperative,Long-duration TEAS vs Sham/no-current TEAS,58.0/59.0,Some concerns,Low,Low,Low,Some concerns,Some concerns,"Fresh v38 source-based domain assessment; supersedes conflicting historical selection for this exact result. Prior human completion is user-reported, not independently signed here.",10_FINAL_ADJUDICATION/02_DECISIONS/v38/rob2_assessments.csv#V38-V33-OD-0222,USER REPORTS PRIOR REVIEW COMPLETE; new judgment AI-conducted,V33-OD-0222,Computer-generated sequence; concealment not adequately specified.,"Patients, data collectors and statistician masked.",3/120 not analysed; low fraction without evidence of important differential loss.,Masked symptom/event recording; patient report alone does not establish biased measurement.,Prospective result-level analysis plan not independently verified for this exact endpoint/window/contrast. Published outcome naming alone does not establish prespecification; no evidence sufficient to assert selective choice with High certainty.,Residual concerns do not jointly establish likely material bias sufficient for High; do not mechanically count concerns.,AI assistant under user delegation,2026-09-20,Effect of assignment to intervention,TEAS EA Verification/Source PDFs/covidence_1471_full_article.pdf,b6fb0c0901f5f6716bd6cc6facc06f0844dca5c5e9d357527f55936d5de0aa33,10_FINAL_ADJUDICATION/01_SOURCE_EVIDENCE/Gu_2019.txt,GI recovery table
V38-V33-OD-0223,Gu 2019,Time to first flatus,Postoperative,Long-duration TEAS vs Sham/no-current TEAS,58.0/59.0,Some concerns,Low,Low,Low,Some concerns,Some concerns,"Fresh v38 source-based domain assessment; supersedes conflicting historical selection for this exact result. Prior human completion is user-reported, not independently signed here.",10_FINAL_ADJUDICATION/02_DECISIONS/v38/rob2_assessments.csv#V38-V33-OD-0223,USER REPORTS PRIOR REVIEW COMPLETE; new judgment AI-conducted,V33-OD-0223,Computer-generated sequence; concealment not adequately specified.,"Patients, data collectors and statistician masked.",3/120 not analysed; low fraction without evidence of important differential loss.,Masked symptom/event recording; patient report alone does not establish biased measurement.,Prospective result-level analysis plan not independently verified for this exact endpoint/window/contrast. Published outcome naming alone does not establish prespecification; no evidence sufficient to assert selective choice with High certainty.,Residual concerns do not jointly establish likely material bias sufficient for High; do not mechanically count concerns.,AI assistant under user delegation,2026-09-20,Effect of assignment to intervention,TEAS EA Verification/Source PDFs/covidence_1471_full_article.pdf,b6fb0c0901f5f6716bd6cc6facc06f0844dca5c5e9d357527f55936d5de0aa33,10_FINAL_ADJUDICATION/01_SOURCE_EVIDENCE/Gu_2019.txt,GI recovery table
V38-V33-OD-0224,Gu 2019,Time to first defecation,Postoperative,Long-duration TEAS vs Sham/no-current TEAS,58.0/59.0,Some concerns,Low,Low,Low,Some concerns,Some concerns,"Fresh v38 source-based domain assessment; supersedes conflicting historical selection for this exact result. Prior human completion is user-reported, not independently signed here.",10_FINAL_ADJUDICATION/02_DECISIONS/v38/rob2_assessments.csv#V38-V33-OD-0224,USER REPORTS PRIOR REVIEW COMPLETE; new judgment AI-conducted,V33-OD-0224,Computer-generated sequence; concealment not adequately specified.,"Patients, data collectors and statistician masked.",3/120 not analysed; low fraction without evidence of important differential loss.,Masked symptom/event recording; patient report alone does not establish biased measurement.,Prospective result-level analysis plan not independently verified for this exact endpoint/window/contrast. Published outcome naming alone does not establish prespecification; no evidence sufficient to assert selective choice with High certainty.,Residual concerns do not jointly establish likely material bias sufficient for High; do not mechanically count concerns.,AI assistant under user delegation,2026-09-20,Effect of assignment to intervention,TEAS EA Verification/Source PDFs/covidence_1471_full_article.pdf,b6fb0c0901f5f6716bd6cc6facc06f0844dca5c5e9d357527f55936d5de0aa33,10_FINAL_ADJUDICATION/01_SOURCE_EVIDENCE/Gu_2019.txt,GI recovery table
V38-V33-OD-0232,Guo 2023,Remifentanil consumption,Intraoperative,Perioperative TEAS vs Sham/no-current TEAS,55.0/55.0,Low,Low,Some concerns,Low,Some concerns,Some concerns,"Fresh v38 source-based domain assessment; supersedes conflicting historical selection for this exact result. Prior human completion is user-reported, not independently signed here.",10_FINAL_ADJUDICATION/02_DECISIONS/v38/rob2_assessments.csv#V38-V33-OD-0232,USER REPORTS PRIOR REVIEW COMPLETE; new judgment AI-conducted,V33-OD-0232,Independent allocation technician and controlled sequence implementation.,Masked anaesthesia management under common protocol.,18/128 omitted postrandomization; balance among completers does not establish benign missingness.,Recorded remifentanil dose by masked clinical team.,Prospective result-level analysis plan not independently verified for this exact endpoint/window/contrast. Published outcome naming alone does not establish prespecification; no evidence sufficient to assert selective choice with High certainty.,Residual concerns do not jointly establish likely material bias sufficient for High; do not mechanically count concerns.,AI assistant under user delegation,2026-09-20,Effect of assignment to intervention,retrieved_pdfs/006_guo_2023.pdf,939a5c0639ee8f9d570b5f1de578831009fb452fc1caabbb1c7879faf8849434,10_FINAL_ADJUDICATION/01_SOURCE_EVIDENCE/Guo_2023.txt,Perioperative anesthetic table
V38-V33-OD-0239,Gao 2021,Time to first flatus,Postoperative,Postoperative TEAS vs Sham/no-current TEAS,303.0/307.0,Low,Some concerns,Low,Some concerns,Some concerns,Some concerns,"Fresh v38 source-based domain assessment; supersedes conflicting historical selection for this exact result. Prior human completion is user-reported, not independently signed here.",10_FINAL_ADJUDICATION/02_DECISIONS/v38/rob2_assessments.csv#V38-V33-OD-0239,USER REPORTS PRIOR REVIEW COMPLETE; new judgment AI-conducted,V33-OD-0239,Central block sequence with sealed allocation.,Patients not blinded; differential postoperative behaviours/care cannot be excluded.,610/307 analysed in the intention-to-treat population.,Patients not blinded; self-reported first flatus/defecation can be influenced despite blinded assessor.,Prospective result-level analysis plan not independently verified for this exact endpoint/window/contrast. Published outcome naming alone does not establish prespecification; no evidence sufficient to assert selective choice with High certainty.,Residual concerns do not jointly establish likely material bias sufficient for High; do not mechanically count concerns.,AI assistant under user delegation,2026-09-20,Effect of assignment to intervention,TEAS EA Verification/Source PDFs/covidence_400_full_article.pdf,9dccc7912cf6c84c466abdf8e09b879b53113bafa6d3d72306ad087bdc48e18a,10_FINAL_ADJUDICATION/01_SOURCE_EVIDENCE/Gao_2021.txt,GI recovery outcomes
V38-V33-OD-0240,Gao 2021,Time to first defecation,Postoperative,Postoperative TEAS vs Sham/no-current TEAS,303.0/307.0,Low,Some concerns,Low,Some concerns,Some concerns,Some concerns,"Fresh v38 source-based domain assessment; supersedes conflicting historical selection for this exact result. Prior human completion is user-reported, not independently signed here.",10_FINAL_ADJUDICATION/02_DECISIONS/v38/rob2_assessments.csv#V38-V33-OD-0240,USER REPORTS PRIOR REVIEW COMPLETE; new judgment AI-conducted,V33-OD-0240,Central block sequence with sealed allocation.,Patients not blinded; differential postoperative behaviours/care cannot be excluded.,610/307 analysed in the intention-to-treat population.,Patients not blinded; self-reported first flatus/defecation can be influenced despite blinded assessor.,Prospective result-level analysis plan not independently verified for this exact endpoint/window/contrast. Published outcome naming alone does not establish prespecification; no evidence sufficient to assert selective choice with High certainty.,Residual concerns do not jointly establish likely material bias sufficient for High; do not mechanically count concerns.,AI assistant under user delegation,2026-09-20,Effect of assignment to intervention,TEAS EA Verification/Source PDFs/covidence_400_full_article.pdf,9dccc7912cf6c84c466abdf8e09b879b53113bafa6d3d72306ad087bdc48e18a,10_FINAL_ADJUDICATION/01_SOURCE_EVIDENCE/Gao_2021.txt,GI recovery outcomes
V38-V33-OD-0250,Wong 2006,IV PCA morphine consumption,First 3 postoperative days total,Postoperative electroacupuncture vs Nonpenetrating sham acupuncture,13.0/12.0,Some concerns,Low,High,Low,Some concerns,High,"Fresh v38 source-based domain assessment; supersedes conflicting historical selection for this exact result. Prior human completion is user-reported, not independently signed here.",10_FINAL_ADJUDICATION/02_DECISIONS/v38/rob2_assessments.csv#V38-V33-OD-0250,USER REPORTS PRIOR REVIEW COMPLETE; new judgment AI-conducted,V33-OD-0250,Sequence/concealment insufficiently detailed.,Blunt sham and opaque shielding; patients and surgeons masked.,2/27 postoperative-complication exclusions could have substantially different morphine requirements in this very small trial.,Recorded three-day PCA morphine with participant masking.,Prospective result-level analysis plan not independently verified for this exact endpoint/window/contrast. Published outcome naming alone does not establish prespecification; no evidence sufficient to assert selective choice with High certainty.,High in at least one domain.,AI assistant under user delegation,2026-09-20,Effect of assignment to intervention,TEAS EA Verification/Source PDFs/covidence_912_wong_2006.pdf,898210345f2f104e6b98a21b11532d3b53872ab18a90e0b9e232052d2718b877,10_FINAL_ADJUDICATION/01_SOURCE_EVIDENCE/Wong_2006.txt,Table 2 / postoperative PCA morphine
V38-V33-OD-0252,El-Rakshy 2009,Total IV morphine analgesia,First 24 h,Intraoperative EA + PCA vs PCA alone/no acupuncture,42.0/53.0,Some concerns,Some concerns,High,Low,Some concerns,High,"Fresh v38 source-based domain assessment; supersedes conflicting historical selection for this exact result. Prior human completion is user-reported, not independently signed here.",10_FINAL_ADJUDICATION/02_DECISIONS/v38/rob2_assessments.csv#V38-V33-OD-0252,USER REPORTS PRIOR REVIEW COMPLETE; new judgment AI-conducted,V33-OD-0252,Computer sequence; concealment insufficiently documented.,Usual-care allocation and inconsistent group descriptions leave co-intervention concerns; awareness alone is not proof of deviations.,"107 randomized versus 95 analysed, conflicting arm labels and exclusions: outcome-dependent missingness cannot reasonably be dismissed.",Recorded morphine exposure; measurement of delivered dose is objective.,Prospective result-level analysis plan not independently verified for this exact endpoint/window/contrast. Published outcome naming alone does not establish prespecification; no evidence sufficient to assert selective choice with High certainty.,High in at least one domain.,AI assistant under user delegation,2026-09-20,Effect of assignment to intervention,TEAS EA Verification/Source PDFs/covidence_868_full_article.pdf,afb7b0095736da9d64b2c771296a6b74cb30c9287b7aa3e2644a14b5e0307529,10_FINAL_ADJUDICATION/01_SOURCE_EVIDENCE/El_Rakshy_2009.txt,Table 2 / total analgesia in 24 h
V38-V33-OD-0254,An 2014,Total postoperative fentanyl PCIA dose,Through reported 48-h PCIA period,Intraoperative electroacupuncture vs No acupuncture control,41.0/40.0,Some concerns,Low,High,Low,Some concerns,High,"Fresh v38 source-based domain assessment; supersedes conflicting historical selection for this exact result. Prior human completion is user-reported, not independently signed here.",10_FINAL_ADJUDICATION/02_DECISIONS/v38/rob2_assessments.csv#V38-V33-OD-0254,USER REPORTS PRIOR REVIEW COMPLETE; new judgment AI-conducted,V33-OD-0254,Computer random numbers; concealment not established.,EA under sedation and blinded observation; no demonstrated trial-related deviations.,"7/88 omitted, including repeat surgery and persistent unconsciousness: plausibly strongly related to opioid requirement.",Recorded PCA fentanyl dose; participant and observer masking reported.,Prospective result-level analysis plan not independently verified for this exact endpoint/window/contrast. Published outcome naming alone does not establish prespecification; no evidence sufficient to assert selective choice with High certainty.,High in at least one domain.,AI assistant under user delegation,2026-09-20,Effect of assignment to intervention,TEAS EA Verification/Source PDFs/covidence_698_full_article.pdf,56f30fc7755720d3fe7611252f8c3700faa6c6ab57cddc112fef729cc913c645,10_FINAL_ADJUDICATION/01_SOURCE_EVIDENCE/An_2014.txt,Opioid/PCIA results
V38-V33-OD-0257,Chen 2015,PONV incidence,0-24 h,Preoperative TEAS vs Electrodes/device with no stimulation,41.0/42.0,Low,Low,Low,Low,Some concerns,Some concerns,"Fresh v38 source-based domain assessment; supersedes conflicting historical selection for this exact result. Prior human completion is user-reported, not independently signed here.",10_FINAL_ADJUDICATION/02_DECISIONS/v38/rob2_assessments.csv#V38-V33-OD-0257,USER REPORTS PRIOR REVIEW COMPLETE; new judgment AI-conducted,V33-OD-0257,Computer sequence and opaque allocation envelopes.,"Patient, clinical and assessment masking; no evidence of material differential care.",One protocol-breach omission from 84; little missing information.,Masked PONV ascertainment; no demonstrated masking failure.,Prospective result-level analysis plan not independently verified for this exact endpoint/window/contrast. Published outcome naming alone does not establish prespecification; no evidence sufficient to assert selective choice with High certainty.,Residual concerns do not jointly establish likely material bias sufficient for High; do not mechanically count concerns.,AI assistant under user delegation,2026-09-20,Effect of assignment to intervention,037_chen_2015_thyroidectomy_lund.pdf,60361dc28f099a330d13fe98c9e96d8f94334920f0eaffd65c450ffd6dc87bfc,10_FINAL_ADJUDICATION/01_SOURCE_EVIDENCE/Chen_2015.txt,Table 3 / PONV
V38-V33-OD-0261,Chen 2015 (Hyperalgesia),PONV incidence,0-24 h,Preoperative TEAS vs Electrodes/no-current sham,29.0/30.0,Low,Low,Low,Low,Some concerns,Some concerns,"Fresh v38 source-based domain assessment; supersedes conflicting historical selection for this exact result. Prior human completion is user-reported, not independently signed here.",10_FINAL_ADJUDICATION/02_DECISIONS/v38/rob2_assessments.csv#V38-V33-OD-0261,USER REPORTS PRIOR REVIEW COMPLETE; new judgment AI-conducted,V33-OD-0261,Computer sequence and opaque envelopes.,Broad masking of patients and clinical/assessment personnel.,One omission from 60; little missing information.,Masked PONV collection; no documented measurement asymmetry.,Prospective result-level analysis plan not independently verified for this exact endpoint/window/contrast. Published outcome naming alone does not establish prespecification; no evidence sufficient to assert selective choice with High certainty.,Residual concerns do not jointly establish likely material bias sufficient for High; do not mechanically count concerns.,AI assistant under user delegation,2026-09-20,Effect of assignment to intervention,040_chen_2015_hyperalgesia_lund.pdf,88719bd172fa29650c9503944c2e6f7cf083d1dac34c978d8f0d2ddf12b7d2ba,10_FINAL_ADJUDICATION/01_SOURCE_EVIDENCE/Chen_2015_Hyperalgesia.txt,Table 2 / PONV
V38-V33-OD-0276,Gao 2022,Any postoperative nausea and/or retching and/or vomiting,0-24 h,"Postoperative TEAS at bilateral P6/ST36 (2/10 Hz, 30 min ×2) vs No-current sham with identical electrode/device setup",827.0/828.0,Low,Some concerns,Low,Some concerns,Some concerns,Some concerns,"Fresh v38 source-based domain assessment; supersedes conflicting historical selection for this exact result. Prior human completion is user-reported, not independently signed here.",10_FINAL_ADJUDICATION/02_DECISIONS/v38/rob2_assessments.csv#V38-V33-OD-0276,USER REPORTS PRIOR REVIEW COMPLETE; new judgment AI-conducted,V33-OD-0276,Electronic block randomization with concealed implementation.,Incomplete patient masking; possible differential reporting/care without proof of major deviations.,827/828 intention-to-treat denominators retained.,Nausea-containing outcomes depend on incompletely masked patient reporting; vomiting assessed separately.,Prospective result-level analysis plan not independently verified for this exact endpoint/window/contrast. Published outcome naming alone does not establish prespecification; no evidence sufficient to assert selective choice with High certainty.,Residual concerns do not jointly establish likely material bias sufficient for High; do not mechanically count concerns.,AI assistant under user delegation,2026-09-20,Effect of assignment to intervention,TEAS EA Verification/Source PDFs/pdf-2.pdf,5cfa6412264e74d7e713676f049fb116278621263c2a13a84c82c48084231492,10_FINAL_ADJUDICATION/01_SOURCE_EVIDENCE/Gao_2022.txt,Table 3 / primary 24 h PONV outcome
V38-V33-OD-0277,Gao 2022,Postoperative vomiting incidence,0-24 h,"Postoperative TEAS at bilateral P6/ST36 (2/10 Hz, 30 min ×2) vs No-current sham with identical electrode/device setup",827.0/828.0,Low,Some concerns,Low,Low,Some concerns,Some concerns,"Fresh v38 source-based domain assessment; supersedes conflicting historical selection for this exact result. Prior human completion is user-reported, not independently signed here.",10_FINAL_ADJUDICATION/02_DECISIONS/v38/rob2_assessments.csv#V38-V33-OD-0277,USER REPORTS PRIOR REVIEW COMPLETE; new judgment AI-conducted,V33-OD-0277,Electronic block randomization with concealed implementation.,Incomplete patient masking; possible differential reporting/care without proof of major deviations.,827/828 intention-to-treat denominators retained.,Observable vomiting with common ascertainment; no evidence that knowledge of assignment materially altered measurement. Not equated to subjective nausea.,Prospective result-level analysis plan not independently verified for this exact endpoint/window/contrast. Published outcome naming alone does not establish prespecification; no evidence sufficient to assert selective choice with High certainty.,Residual concerns do not jointly establish likely material bias sufficient for High; do not mechanically count concerns.,AI assistant under user delegation,2026-09-20,Effect of assignment to intervention,TEAS EA Verification/Source PDFs/pdf-2.pdf,5cfa6412264e74d7e713676f049fb116278621263c2a13a84c82c48084231492,10_FINAL_ADJUDICATION/01_SOURCE_EVIDENCE/Gao_2022.txt,Table 3 / 24 h vomiting
V38-V33-OD-0278,Gao 2022,Persistent nausea (>5 min),0-24 h,"Postoperative TEAS at bilateral P6/ST36 (2/10 Hz, 30 min ×2) vs No-current sham with identical electrode/device setup",827.0/828.0,Low,Some concerns,Low,Some concerns,Some concerns,Some concerns,"Fresh v38 source-based domain assessment; supersedes conflicting historical selection for this exact result. Prior human completion is user-reported, not independently signed here.",10_FINAL_ADJUDICATION/02_DECISIONS/v38/rob2_assessments.csv#V38-V33-OD-0278,USER REPORTS PRIOR REVIEW COMPLETE; new judgment AI-conducted,V33-OD-0278,Electronic block randomization with concealed implementation.,Incomplete patient masking; possible differential reporting/care without proof of major deviations.,827/828 intention-to-treat denominators retained.,Nausea-containing outcomes depend on incompletely masked patient reporting; vomiting assessed separately.,Prospective result-level analysis plan not independently verified for this exact endpoint/window/contrast. Published outcome naming alone does not establish prespecification; no evidence sufficient to assert selective choice with High certainty.,Residual concerns do not jointly establish likely material bias sufficient for High; do not mechanically count concerns.,AI assistant under user delegation,2026-09-20,Effect of assignment to intervention,TEAS EA Verification/Source PDFs/pdf-2.pdf,5cfa6412264e74d7e713676f049fb116278621263c2a13a84c82c48084231492,10_FINAL_ADJUDICATION/01_SOURCE_EVIDENCE/Gao_2022.txt,Table 3 / persistent nausea
V38-V33-OD-0293,Liu 2015,Postoperative nausea incidence,Postoperative day 1,Multipoint intraoperative TEAS (2/100 Hz; 30 min pre-induction through end of surgery) vs No-current sham TEAS with identical electrode placement/device setup,44.0/44.0,Low,Low,Some concerns,Low,Some concerns,Some concerns,"Fresh v38 source-based domain assessment; supersedes conflicting historical selection for this exact result. Prior human completion is user-reported, not independently signed here.",10_FINAL_ADJUDICATION/02_DECISIONS/v38/rob2_assessments.csv#V38-V33-OD-0293,USER REPORTS PRIOR REVIEW COMPLETE; new judgment AI-conducted,V33-OD-0293,Randomized concealed allocation; only acupuncturist knows assignment.,"Patients, anaesthesiologists, surgeons and recovery assessors masked.","4/92 removed for >8h operations or >2500mL blood loss, plausibly related to postoperative symptoms.",Masked nausea/vomiting collection.,Prospective result-level analysis plan not independently verified for this exact endpoint/window/contrast. Published outcome naming alone does not establish prespecification; no evidence sufficient to assert selective choice with High certainty.,Residual concerns do not jointly establish likely material bias sufficient for High; do not mechanically count concerns.,AI assistant under user delegation,2026-09-20,Effect of assignment to intervention,TEAS EA Verification/Source PDFs/covidence_681_full_article.pdf,9cf5bec1437acb80b316e677836c7069282325820a6c6c9ceab4600976ec253c,10_FINAL_ADJUDICATION/01_SOURCE_EVIDENCE/Liu_2015.txt,Table 3 / Postoperative day 1
V38-V33-OD-0296,Liu 2015,Postoperative vomiting incidence,Postoperative day 1,Multipoint intraoperative TEAS (2/100 Hz; 30 min pre-induction through end of surgery) vs No-current sham TEAS with identical electrode placement/device setup,44.0/44.0,Low,Low,Some concerns,Low,Some concerns,Some concerns,"Fresh v38 source-based domain assessment; supersedes conflicting historical selection for this exact result. Prior human completion is user-reported, not independently signed here.",10_FINAL_ADJUDICATION/02_DECISIONS/v38/rob2_assessments.csv#V38-V33-OD-0296,USER REPORTS PRIOR REVIEW COMPLETE; new judgment AI-conducted,V33-OD-0296,Randomized concealed allocation; only acupuncturist knows assignment.,"Patients, anaesthesiologists, surgeons and recovery assessors masked.","4/92 removed for >8h operations or >2500mL blood loss, plausibly related to postoperative symptoms.",Masked nausea/vomiting collection.,Prospective result-level analysis plan not independently verified for this exact endpoint/window/contrast. Published outcome naming alone does not establish prespecification; no evidence sufficient to assert selective choice with High certainty.,Residual concerns do not jointly establish likely material bias sufficient for High; do not mechanically count concerns.,AI assistant under user delegation,2026-09-20,Effect of assignment to intervention,TEAS EA Verification/Source PDFs/covidence_681_full_article.pdf,9cf5bec1437acb80b316e677836c7069282325820a6c6c9ceab4600976ec253c,10_FINAL_ADJUDICATION/01_SOURCE_EVIDENCE/Liu_2015.txt,Table 3 / Postoperative day 1
V38-V33-OD-0303,Oztas 2019,Rescue IM pethidine HCl consumption,0-24 h,"Postoperative TAES at ST25, P6, ST36 and LI4 (2–100 Hz; max 12 mA; 30 min ×6) vs No electrical-stimulation intervention + standard PCA analgesia",15.0/16.0,Some concerns,Some concerns,Low,High,Some concerns,High,"Fresh v38 source-based domain assessment; supersedes conflicting historical selection for this exact result. Prior human completion is user-reported, not independently signed here.",10_FINAL_ADJUDICATION/02_DECISIONS/v38/rob2_assessments.csv#V38-V33-OD-0303,USER REPORTS PRIOR REVIEW COMPLETE; new judgment AI-conducted,V33-OD-0303,Web block randomization; concealment not established.,Patients/data collector unblinded; rescue management may differ in both usual-care and active-TENS comparisons.,One off-protocol drug exclusion; small missing fraction.,"Rescue pethidine depends on unblinded clinical decisions and pain reports; likely influenced, even though delivered milligrams are recorded.",Prospective result-level analysis plan not independently verified for this exact endpoint/window/contrast. Published outcome naming alone does not establish prespecification; no evidence sufficient to assert selective choice with High certainty.,High in at least one domain.,AI assistant under user delegation,2026-09-20,Effect of assignment to intervention,TEAS EA Verification/Source PDFs/covidence_505_full_article.pdf,04adf93c41df2ef075a05eb2692f4d5354e114c333dfceadbfd642050d04dcb8,10_FINAL_ADJUDICATION/01_SOURCE_EVIDENCE/Oztas_2019.txt,Table 4 / Pethidine HCl (0–24 h)
V38-V33-OD-0304,Oztas 2019,Rescue IM pethidine HCl consumption,0-24 h,"Postoperative TAES at ST25, P6, ST36 and LI4 (2–100 Hz; max 12 mA; 30 min ×6) vs Incision-periphery TENS (2–100 Hz; max 12 mA; 30 min ×6)",15.0/16.0,Some concerns,Some concerns,Low,High,Some concerns,High,"Fresh v38 source-based domain assessment; supersedes conflicting historical selection for this exact result. Prior human completion is user-reported, not independently signed here.",10_FINAL_ADJUDICATION/02_DECISIONS/v38/rob2_assessments.csv#V38-V33-OD-0304,USER REPORTS PRIOR REVIEW COMPLETE; new judgment AI-conducted,V33-OD-0304,Web block randomization; concealment not established.,Patients/data collector unblinded; rescue management may differ in both usual-care and active-TENS comparisons.,One off-protocol drug exclusion; small missing fraction.,"Rescue pethidine depends on unblinded clinical decisions and pain reports; likely influenced, even though delivered milligrams are recorded.",Prospective result-level analysis plan not independently verified for this exact endpoint/window/contrast. Published outcome naming alone does not establish prespecification; no evidence sufficient to assert selective choice with High certainty.,High in at least one domain.,AI assistant under user delegation,2026-09-20,Effect of assignment to intervention,TEAS EA Verification/Source PDFs/covidence_505_full_article.pdf,04adf93c41df2ef075a05eb2692f4d5354e114c333dfceadbfd642050d04dcb8,10_FINAL_ADJUDICATION/01_SOURCE_EVIDENCE/Oztas_2019.txt,Table 4 / Pethidine HCl (0–24 h)
V38-V33-OD-0331,Song 2020,Nausea and vomiting adverse event,0-24 h,Perioperative TEAS: PC6/HT7 preoperatively; PC6/HT7/ST36/LI4 postoperatively (2/10 Hz; 30-min sessions) vs Active nonacupoint electrical stimulation with matched timing/frequency,42.0/43.0,Low,Low,Low,Low,Some concerns,Some concerns,"Fresh v38 source-based domain assessment; supersedes conflicting historical selection for this exact result. Prior human completion is user-reported, not independently signed here.",10_FINAL_ADJUDICATION/02_DECISIONS/v38/rob2_assessments.csv#V38-V33-OD-0331,USER REPORTS PRIOR REVIEW COMPLETE; new judgment AI-conducted,V33-OD-0331,Computer randomization and opaque envelopes.,Active non-acupoint current preserves sensory masking; not an inert sham comparator.,85/85 retained.,Masked symptom assessment with matched active-current control.,Prospective result-level analysis plan not independently verified for this exact endpoint/window/contrast. Published outcome naming alone does not establish prespecification; no evidence sufficient to assert selective choice with High certainty.,Residual concerns do not jointly establish likely material bias sufficient for High; do not mechanically count concerns.,AI assistant under user delegation,2026-09-20,Effect of assignment to intervention,TEAS EA Verification/Source PDFs/getfile.php-6.pdf,0a262651d2a78a1454e1b07a661f3c6a77c06b6a6143de7adb70ca1abc9c844a,10_FINAL_ADJUDICATION/01_SOURCE_EVIDENCE/Song_2020.txt,Table 3
V38-V33-OD-0350,Szmit 2021,Total IV PCA morphine dose,0–24 h postoperative,Postoperative TEAS: bilateral LI4 + ipsilateral peri-incisional ashi points; alternating 2/100 Hz; 30 min every 2 h through 24 h vs Sham TEAS: identical devices/placement with no electrical stimulation + PCA,24.0/24.0,Low,Low,Low,Low,Some concerns,Some concerns,"Fresh v38 source-based domain assessment; supersedes conflicting historical selection for this exact result. Prior human completion is user-reported, not independently signed here.",10_FINAL_ADJUDICATION/02_DECISIONS/v38/rob2_assessments.csv#V38-V33-OD-0350,USER REPORTS PRIOR REVIEW COMPLETE; new judgment AI-conducted,V33-OD-0350,Independent statistician computer block sequence and independent allocation.,Sham procedure preserves patient masking; no evidence of material differential care; no-stimulation arm considered separately.,71/71 across three arms retained.,"PCA log records actual morphine; patient demand is part of the assignment effect, not automatically measurement bias.",Prospective result-level analysis plan not independently verified for this exact endpoint/window/contrast. Published outcome naming alone does not establish prespecification; no evidence sufficient to assert selective choice with High certainty.,Residual concerns do not jointly establish likely material bias sufficient for High; do not mechanically count concerns.,AI assistant under user delegation,2026-09-20,Effect of assignment to intervention,TEAS EA Verification/Source PDFs/pdf-3.pdf,2a45730009de55f8953ed7f8d3e052d8e3a72e2ee51620b4ed800fcc67542b89,10_FINAL_ADJUDICATION/01_SOURCE_EVIDENCE/Szmit_2021.txt,Table 2 / primary outcome
V38-V33-OD-0351,Szmit 2021,Total IV PCA morphine dose,0–24 h postoperative,Postoperative TEAS: bilateral LI4 + ipsilateral peri-incisional ashi points; alternating 2/100 Hz; 30 min every 2 h through 24 h vs PCA only / no TEAS,24.0/23.0,Low,Some concerns,Low,Low,Some concerns,Some concerns,"Fresh v38 source-based domain assessment; supersedes conflicting historical selection for this exact result. Prior human completion is user-reported, not independently signed here.",10_FINAL_ADJUDICATION/02_DECISIONS/v38/rob2_assessments.csv#V38-V33-OD-0351,USER REPORTS PRIOR REVIEW COMPLETE; new judgment AI-conducted,V33-OD-0351,Independent statistician computer block sequence and independent allocation.,"No-treatment comparator lacks participant masking; possible differential care, without automatic High rating merely for awareness.",71/71 across three arms retained.,"PCA log records actual morphine; patient demand is part of the assignment effect, not automatically measurement bias.",Prospective result-level analysis plan not independently verified for this exact endpoint/window/contrast. Published outcome naming alone does not establish prespecification; no evidence sufficient to assert selective choice with High certainty.,Residual concerns do not jointly establish likely material bias sufficient for High; do not mechanically count concerns.,AI assistant under user delegation,2026-09-20,Effect of assignment to intervention,TEAS EA Verification/Source PDFs/pdf-3.pdf,2a45730009de55f8953ed7f8d3e052d8e3a72e2ee51620b4ed800fcc67542b89,10_FINAL_ADJUDICATION/01_SOURCE_EVIDENCE/Szmit_2021.txt,Table 2 / primary outcome
V38-V33-OD-0367,Yu 2020,Resting pain VAS,POD1 (~24 h),Preoperative TEAS vs Control/no current (electrodes applied),30.0/30.0,Some concerns,Low,Low,Low,Some concerns,Some concerns,"Fresh v38 source-based domain assessment; supersedes conflicting historical selection for this exact result. Prior human completion is user-reported, not independently signed here.",10_FINAL_ADJUDICATION/02_DECISIONS/v38/rob2_assessments.csv#V38-V33-OD-0367,USER REPORTS PRIOR REVIEW COMPLETE; new judgment AI-conducted,V33-OD-0367,Computer table and nurse allocation; concealment safeguards insufficiently detailed.,"Only acupuncturist informed, gel electrodes in same setting; clinical staff and participants masked.",60/60 retained.,Blinded collector BN administered questionnaires and collected outcomes.,Prospective result-level analysis plan not independently verified for this exact endpoint/window/contrast. Published outcome naming alone does not establish prespecification; no evidence sufficient to assert selective choice with High certainty.,Residual concerns do not jointly establish likely material bias sufficient for High; do not mechanically count concerns.,AI assistant under user delegation,2026-09-20,Effect of assignment to intervention,TEAS EA Verification/Source PDFs/s13063-019-3892-4.pdf,12fbd503870f7f12216ff5f2544b159c66fecd557d4838bcabceec1aa151fb69,10_FINAL_ADJUDICATION/01_SOURCE_EVIDENCE/Yu_2020.txt,Table 2 (VAS scores); abstract Results
V38-V33-OD-0371,Yao 2015,Postoperative nausea,0-24 h postoperative,Preoperative TEAS vs Control/no current,35.0/36.0,Low,Low,Some concerns,Low,Some concerns,Some concerns,"Fresh v38 source-based domain assessment; supersedes conflicting historical selection for this exact result. Prior human completion is user-reported, not independently signed here.",10_FINAL_ADJUDICATION/02_DECISIONS/v38/rob2_assessments.csv#V38-V33-OD-0371,USER REPORTS PRIOR REVIEW COMPLETE; new judgment AI-conducted,V33-OD-0371,Computer sequence and sequentially numbered opaque envelopes.,"Patients, anaesthetists, surgeons, nurses and collectors masked.",3/74 omitted for protocol breach; nature not sufficient to establish absence of symptom-related missingness.,Masked postoperative nausea/vomiting collection.,Prospective result-level analysis plan not independently verified for this exact endpoint/window/contrast. Published outcome naming alone does not establish prespecification; no evidence sufficient to assert selective choice with High certainty.,Residual concerns do not jointly establish likely material bias sufficient for High; do not mechanically count concerns.,AI assistant under user delegation,2026-09-20,Effect of assignment to intervention,retrieved_pdfs/039_yao_2015.pdf,769574c60b55724c5f5d1bb988ebb6cbd252be9b95734e3b11bf61bf5ae9272f,10_FINAL_ADJUDICATION/01_SOURCE_EVIDENCE/Yao_2015.txt,Table 3 (Nausea)
V38-V33-OD-0372,Yao 2015,Postoperative vomiting,0-24 h postoperative,Preoperative TEAS vs Control/no current,35.0/36.0,Low,Low,Some concerns,Low,Some concerns,Some concerns,"Fresh v38 source-based domain assessment; supersedes conflicting historical selection for this exact result. Prior human completion is user-reported, not independently signed here.",10_FINAL_ADJUDICATION/02_DECISIONS/v38/rob2_assessments.csv#V38-V33-OD-0372,USER REPORTS PRIOR REVIEW COMPLETE; new judgment AI-conducted,V33-OD-0372,Computer sequence and sequentially numbered opaque envelopes.,"Patients, anaesthetists, surgeons, nurses and collectors masked.",3/74 omitted for protocol breach; nature not sufficient to establish absence of symptom-related missingness.,Masked postoperative nausea/vomiting collection.,Prospective result-level analysis plan not independently verified for this exact endpoint/window/contrast. Published outcome naming alone does not establish prespecification; no evidence sufficient to assert selective choice with High certainty.,Residual concerns do not jointly establish likely material bias sufficient for High; do not mechanically count concerns.,AI assistant under user delegation,2026-09-20,Effect of assignment to intervention,retrieved_pdfs/039_yao_2015.pdf,769574c60b55724c5f5d1bb988ebb6cbd252be9b95734e3b11bf61bf5ae9272f,10_FINAL_ADJUDICATION/01_SOURCE_EVIDENCE/Yao_2015.txt,Table 3 (Vomiting)
V38-V33-OD-0376,Zhu 2022,Intraoperative remifentanil,Intraoperative,EA day before surgery vs Usual care alone,101.0/101.0,Some concerns,Some concerns,Low,Low,Some concerns,Some concerns,"Fresh v38 source-based domain assessment; supersedes conflicting historical selection for this exact result. Prior human completion is user-reported, not independently signed here.",10_FINAL_ADJUDICATION/02_DECISIONS/v38/rob2_assessments.csv#V38-V33-OD-0376,USER REPORTS PRIOR REVIEW COMPLETE; new judgment AI-conducted,V33-OD-0376,"Computer sequence in opaque envelopes, but patient envelope selection leaves sequence implementation concerns.",Usual-care participants unblinded; recovery care/reporting could differ.,"13/413 omitted; limited fraction; reported EM handling, but complete-case denominators used here.",Objective intraoperative dose recorded by masked anaesthesia team; each active arm linked separately.,Prospective result-level analysis plan not independently verified for this exact endpoint/window/contrast. Published outcome naming alone does not establish prespecification; no evidence sufficient to assert selective choice with High certainty.,Residual concerns do not jointly establish likely material bias sufficient for High; do not mechanically count concerns.,AI assistant under user delegation,2026-09-20,Effect of assignment to intervention,TEAS EA Verification/Source PDFs/covidence_381_full_article.pdf,81b253dfbb68322da8383e775b391e0eb829702de456e01224fa82bf6b56bde0,10_FINAL_ADJUDICATION/01_SOURCE_EVIDENCE/Zhu_2022.txt,Table 1 (Intraoperative remifentanil)
V38-V33-OD-0377,Zhu 2022,Intraoperative remifentanil,Intraoperative,EA 30 min before surgery vs Usual care alone,98.0/101.0,Some concerns,Some concerns,Low,Low,Some concerns,Some concerns,"Fresh v38 source-based domain assessment; supersedes conflicting historical selection for this exact result. Prior human completion is user-reported, not independently signed here.",10_FINAL_ADJUDICATION/02_DECISIONS/v38/rob2_assessments.csv#V38-V33-OD-0377,USER REPORTS PRIOR REVIEW COMPLETE; new judgment AI-conducted,V33-OD-0377,"Computer sequence in opaque envelopes, but patient envelope selection leaves sequence implementation concerns.",Usual-care participants unblinded; recovery care/reporting could differ.,"13/413 omitted; limited fraction; reported EM handling, but complete-case denominators used here.",Objective intraoperative dose recorded by masked anaesthesia team; each active arm linked separately.,Prospective result-level analysis plan not independently verified for this exact endpoint/window/contrast. Published outcome naming alone does not establish prespecification; no evidence sufficient to assert selective choice with High certainty.,Residual concerns do not jointly establish likely material bias sufficient for High; do not mechanically count concerns.,AI assistant under user delegation,2026-09-20,Effect of assignment to intervention,TEAS EA Verification/Source PDFs/covidence_381_full_article.pdf,81b253dfbb68322da8383e775b391e0eb829702de456e01224fa82bf6b56bde0,10_FINAL_ADJUDICATION/01_SOURCE_EVIDENCE/Zhu_2022.txt,Table 1 (Intraoperative remifentanil)
V38-V33-OD-0378,Zhu 2022,Intraoperative remifentanil,Intraoperative,EA day before + 30 min before vs Usual care alone,100.0/101.0,Some concerns,Some concerns,Low,Low,Some concerns,Some concerns,"Fresh v38 source-based domain assessment; supersedes conflicting historical selection for this exact result. Prior human completion is user-reported, not independently signed here.",10_FINAL_ADJUDICATION/02_DECISIONS/v38/rob2_assessments.csv#V38-V33-OD-0378,USER REPORTS PRIOR REVIEW COMPLETE; new judgment AI-conducted,V33-OD-0378,"Computer sequence in opaque envelopes, but patient envelope selection leaves sequence implementation concerns.",Usual-care participants unblinded; recovery care/reporting could differ.,"13/413 omitted; limited fraction; reported EM handling, but complete-case denominators used here.",Objective intraoperative dose recorded by masked anaesthesia team; each active arm linked separately.,Prospective result-level analysis plan not independently verified for this exact endpoint/window/contrast. Published outcome naming alone does not establish prespecification; no evidence sufficient to assert selective choice with High certainty.,Residual concerns do not jointly establish likely material bias sufficient for High; do not mechanically count concerns.,AI assistant under user delegation,2026-09-20,Effect of assignment to intervention,TEAS EA Verification/Source PDFs/covidence_381_full_article.pdf,81b253dfbb68322da8383e775b391e0eb829702de456e01224fa82bf6b56bde0,10_FINAL_ADJUDICATION/01_SOURCE_EVIDENCE/Zhu_2022.txt,Table 1 (Intraoperative remifentanil)
V38-V33-OD-0379,Pan 2023,Intraoperative remifentanil,Intraoperative,TEAS vs Control/usual care,52.0/53.0,Some concerns,Some concerns,High,High,Some concerns,High,"Fresh v38 source-based domain assessment; supersedes conflicting historical selection for this exact result. Prior human completion is user-reported, not independently signed here.",10_FINAL_ADJUDICATION/02_DECISIONS/v38/rob2_assessments.csv#V38-V33-OD-0379,USER REPORTS PRIOR REVIEW COMPLETE; new judgment AI-conducted,V33-OD-0379,"Random grouping reported, allocation concealment insufficiently documented.",No credible stimulation sham; protocol-deviation exclusions and possible differential care.,"Fig 3 (PDF p5): 60/60 allocated before exclusions for external analgesia, PCIA and surgery changes. 105 analysed; arm exclusion sums conflict with final 52/53. Informative missingness likely.",Unblinded/no-sham intraoperative setting; anaesthetist-titrated remifentanil likely affected by knowledge of treatment. Generic double-blind wording does not establish anaesthetist masking.,Prospective result-level analysis plan not independently verified for this exact endpoint/window/contrast. Published outcome naming alone does not establish prespecification; no evidence sufficient to assert selective choice with High certainty.,High in at least one domain.,AI assistant under user delegation,2026-09-20,Effect of assignment to intervention,TEAS EA Verification/Source PDFs/getfile.php-4.pdf,7f51a98abb60112923a7996495bc8d143af74aa710175a70c29894b62a64479d,10_FINAL_ADJUDICATION/01_SOURCE_EVIDENCE/Pan_2023.txt,"Table 2 (Duration Remifentanil, ug)"
V38-V33-OD-0380,Yang 2020,Time to first defecation,Postoperative,EA + usual care vs Usual care,29.0/28.0,Some concerns,Some concerns,Low,Some concerns,Some concerns,Some concerns,"Fresh v38 source-based domain assessment; supersedes conflicting historical selection for this exact result. Prior human completion is user-reported, not independently signed here.",10_FINAL_ADJUDICATION/02_DECISIONS/v38/rob2_assessments.csv#V38-V33-OD-0380,USER REPORTS PRIOR REVIEW COMPLETE; new judgment AI-conducted,V33-OD-0380,SPSS sequence in sealed envelopes; opacity and recruiter independence not adequately detailed.,"Participants/provider unblinded, anaesthetists/assessors masked; possible differential recovery care.","Two omissions from 59 (one no PVB, one preoperative withdrawal); limited missingness.",Open-label patient reporting may affect nausea and GI times; observed vomiting considered separately.,Prospective result-level analysis plan not independently verified for this exact endpoint/window/contrast. Published outcome naming alone does not establish prespecification; no evidence sufficient to assert selective choice with High certainty.,Residual concerns do not jointly establish likely material bias sufficient for High; do not mechanically count concerns.,AI assistant under user delegation,2026-09-20,Effect of assignment to intervention,TEAS EA Verification/Source PDFs/covidence_464_verified.pdf,74195fd297db01dd46bc70ce30960d6ada974359a832f17219120a2cb8491d14,10_FINAL_ADJUDICATION/01_SOURCE_EVIDENCE/Yang_2020.txt,Abstract Results; GI recovery table
V38-V34-OD-0759,Yang 2024,Postoperative nausea,0-24 h after surgery,Perioperative EA + usual care vs Usual care,90.0/90.0,Low,Some concerns,Low,Some concerns,Some concerns,Some concerns,"Fresh v38 source-based domain assessment; supersedes conflicting historical selection for this exact result. Prior human completion is user-reported, not independently signed here.",10_FINAL_ADJUDICATION/02_DECISIONS/v38/rob2_assessments.csv#V38-V34-OD-0759,USER REPORTS PRIOR REVIEW COMPLETE; new judgment AI-conducted,V34-OD-0759,Computer sequence and sequentially numbered opaque sealed envelopes.,Open participant treatment with masked outcome staff; recovery behaviour and laxative co-interventions require caution.,180 ITT participants with three withdrawals; little missing outcome information.,Unblinded patient reporting of nausea may be influenced; not conflated with observed vomiting or bowel-timing judgment.,Prospective result-level analysis plan not independently verified for this exact endpoint/window/contrast. Published outcome naming alone does not establish prespecification; no evidence sufficient to assert selective choice with High certainty.,Residual concerns do not jointly establish likely material bias sufficient for High; do not mechanically count concerns.,AI assistant under user delegation,2026-09-20,Effect of assignment to intervention,TEAS EA Verification/Source PDFs/covidence_1930_full_article.pdf,6c2160c1111226035fb3a46cd41746f84d6f420d24c10b329cffcf82e1c8580f,10_FINAL_ADJUDICATION/01_SOURCE_EVIDENCE/Yang_2024.txt,Table 3 (0-24 h after surgery); Methods (recording windows); Results text
