id	study	contrast	family	outcome	time	type	ni	nc	mi	sdi	mc	sdc	ei	ec	unit	eligibility	QC
V33-OD-0002	Yang 2020	YANG20_EA_vs_UC	GI recovery	Time to first postoperative flatus	From surgery to first flatus	Mean/SD	29	28	20.8	4.6	24.1	6.2			hours	INCLUDE	Open-label; 2/59 excluded after randomization; participant-report contribution unclear
V33-OD-0003	Seevaunnamtum 2016	SEEVA16_EA_vs_UC	Opioid consumption	Cumulative IV PCA morphine requirement	First 24 h postoperatively	Mean/SD	32	32	21.38	14.38	33.94	20.24			mg morphine	INCLUDE	No allocation-concealment method reported
V33-OD-0004	Lin 2002	LIN02_HIGH_vs_CONTROL	Opioid consumption	Cumulative IV PCA morphine delivered during postoperative test period	Postoperative hour 1 through next 23 h (published as 24-h test-period value)	Mean/SD	25	25	15	10.7	38.1	16			mg morphine	INCLUDE	First postoperative hour could include IM pethidine; group-specific pethidine exposure not reported
V33-OD-0005	Lin 2002	LIN02_LOW_vs_CONTROL	Opioid consumption	Cumulative IV PCA morphine delivered during postoperative test period	Postoperative hour 1 through next 23 h (published as 24-h test-period value)	Mean/SD	25	25	21.8	14.7	38.1	16			mg morphine	INCLUDE	First postoperative hour could include IM pethidine; group-specific pethidine exposure not reported
V33-OD-0006	Lin 2002	LIN02_HIGH_vs_SHAM	Opioid consumption	Cumulative IV PCA morphine delivered during postoperative test period	Postoperative hour 1 through next 23 h (published as 24-h test-period value)	Mean/SD	25	25	15	10.7	30.2	14.4			mg morphine	INCLUDE	First postoperative hour could include IM pethidine; group-specific pethidine exposure not reported
V33-OD-0007	Lin 2002	LIN02_LOW_vs_SHAM	Opioid consumption	Cumulative IV PCA morphine delivered during postoperative test period	Postoperative hour 1 through next 23 h (published as 24-h test-period value)	Mean/SD	25	25	21.8	14.7	30.2	14.4			mg morphine	INCLUDE	First postoperative hour could include IM pethidine; group-specific pethidine exposure not reported
V33-OD-0008	Yao 2015	YAO15_TEAS_vs_CONTROL	Quality of recovery	Global QoR-40	24 h postoperatively	Mean/SD	35	36	176.5	10.2	164.8	14.7			QoR-40 points	INCLUDE	3 post-randomization exclusions; active sensory stimulation vs zero-current control
V33-OD-0009	Yu 2020	YU20_TEAS_vs_CONTROL	Quality of recovery	Global QoR-40	Postoperative day 1 (~24 h)	Mean/SD	30	30	175.33	9.66	166.07	8.44			QoR-40 points	INCLUDE	Retrospective registration; article has internal intervention-parameter discrepancy
V33-OD-0010	Pan 2023	PAN23_TEAS_vs_CONTROL	GI recovery	Time to first postoperative flatus	Postoperative recovery endpoint	Median/IQR	52	53							minutes	NARRATIVE ONLY	15/120 excluded after randomization; do not relabel median/IQR as mean/SD
V33-OD-0011	Chen 1998	CHEN98_NONACU_vs_SHAM	Opioid consumption	Cumulative IV PCA hydromorphone	First 24 h postoperatively	Mean/SD	25	25	10.5	6.2	10.7	5			mg hydromorphone	INCLUDE	Four-arm RCT; shared sham control must be handled correctly
V33-OD-0012	Chen 1998	CHEN98_DERM_vs_SHAM	Opioid consumption	Cumulative IV PCA hydromorphone	First 24 h postoperatively	Mean/SD	25	25	6.8	4.2	10.7	5			mg hydromorphone	INCLUDE	Four-arm RCT; shared sham control must be handled correctly
V33-OD-0013	Chen 1998	CHEN98_ACU_vs_SHAM	Opioid consumption	Cumulative IV PCA hydromorphone	First 24 h postoperatively	Mean/SD	25	25	6.5	3.5	10.7	5			mg hydromorphone	INCLUDE	Four-arm RCT; shared sham control must be handled correctly
V33-OD-0014	Chen 2020	CHEN20_TEAS_vs_SHAM	Opioid consumption	Cumulative sufentanil	24 h postoperatively	Mean/SD	40	40	72.43	4.78	100.62	10.2			µg sufentanil	INCLUDE	Sham was 4 mA pre/postoperatively but 0 mA intraoperatively; preserve this nuance
V33-OD-0015	Chen 2020	CHEN20_TEAS_vs_SHAM_VAS	Pain	VAS pain intensity	24 h postoperatively	Mean/SD	40	40	2.91	0.2	5.97	0.56			VAS 0-10	INCLUDE	Patient blinding adequacy depends on sensory contrast of sham protocol
V33-OD-0016	Coura 2011	COURA11_EA_vs_SHAM	Opioid consumption	Cumulative fentanyl	First 24 h postoperatively	Mean/SD	13	9	13.1	2.2	16.3	1.6			µg/kg fentanyl	INCLUDE	10/32 post-randomization exclusions; supplemental morphine/fentanyl inclusion unclear
V33-OD-0017	Ao 2021	AO21_TEAS_vs_SHAM_VAS	Pain	VAS pain intensity	24 h postoperatively	Graph-digitized mean/SD	32	33	2.51	0.49	2.95	0.53			VAS 0-10	CONDITIONAL	Exact values are graph-digitized, not numerically tabulated by authors
V33-OD-0018	Ao 2021	AO21_TEAS_vs_SHAM_OPIOID24	Opioid consumption	Cumulative postoperative sufentanil	Exact 0-24 h	Not reported	32	33							µg sufentanil	NOT REPORTED	PCA followed for 48 h; no extractable cumulative 0-24-h total
V33-OD-0019	Zhu 2022	ZHU22_PRE_vs_USUAL_PON	PONV	Postoperative nausea	6-24 h postoperatively	Events/total	101	101					11	27	participants with nausea	INCLUDE	Four-arm RCT; no sham; analysis denominators differ from randomized denominators
V33-OD-0020	Zhu 2022	ZHU22_PRE_vs_USUAL_POV	PONV	Postoperative vomiting	6-24 h postoperatively	Events/total	101	101					5	22	participants with vomiting	INCLUDE	Four-arm RCT; no sham; use exact arm-specific analyzed denominators
V33-OD-0021	Zhu 2022	ZHU22_30_vs_USUAL_PON	PONV	Postoperative nausea	6-24 h postoperatively	Events/total	98	101					18	27	participants with nausea	INCLUDE	Four-arm RCT; no sham; analysis denominators differ from randomized denominators
V33-OD-0022	Zhu 2022	ZHU22_30_vs_USUAL_POV	PONV	Postoperative vomiting	6-24 h postoperatively	Events/total	98	101					8	22	participants with vomiting	INCLUDE	Four-arm RCT; no sham; use exact arm-specific analyzed denominators
V33-OD-0023	Zhu 2022	ZHU22_COMB_vs_USUAL_PON	PONV	Postoperative nausea	6-24 h postoperatively	Events/total	100	101					11	27	participants with nausea	INCLUDE	Four-arm RCT; no sham; analysis denominators differ from randomized denominators
V33-OD-0024	Zhu 2022	ZHU22_COMB_vs_USUAL_POV	PONV	Postoperative vomiting	6-24 h postoperatively	Events/total	100	101					9	22	participants with vomiting	INCLUDE	Four-arm RCT; no sham; use exact arm-specific analyzed denominators
V33-OD-0025	Zhou 2025	ZHOU25_TEAS_vs_SHAM_QOR15	Quality of recovery	Global QoR-15	POD1	Mean/SD	48	49	112	10.67	107.62	10.27			QoR-15 points	INCLUDE	3 post-randomization withdrawals; sensory blinding uncertain because active 10-15 mA/De Qi vs no current
V33-OD-0026	Zhou 2025	ZHOU25_TEAS_vs_SHAM_PAINREST	Pain	Resting pain VAS	POD1	Median/IQR	48	49							VAS 0-10	NARRATIVE ONLY	Do not convert median/IQR to mean/SD without prespecified method
V33-OD-0027	Zhou 2025	ZHOU25_TEAS_vs_SHAM_PONV	PONV	PONV incidence	POD1	Events/total	48	49					10	19	participants	INCLUDE	Participant sensory blinding uncertain
V33-OD-0028	Zhou 2025	ZHOU25_TEAS_vs_SHAM_FLATUS	GI recovery	Time to first flatus	Postoperative	Mean/SD	48	49	14.1	3.19	15.88	3.78			hours	INCLUDE	Ascertainment mechanism should be considered in RoB because participant sensory blinding may be imperfect
V33-OD-0029	Zhou 2025	ZHOU25_TEAS_vs_SHAM_RESCUE	Rescue analgesia	Any rescue analgesia	POD1-POD3	Events/total	48	49					6	13	participants	INCLUDE	Not a 24-h opioid dose; exact cumulative tramadol dose is not reported
V33-OD-0030	Zhou 2025	ZHOU25_TEAS_vs_SHAM_OPIOID24	Opioid consumption	Exact cumulative postoperative opioid dose	0-24 h	Not reported	48	49							mg/µg	NOT REPORTED	Standard perioperative sufentanil plus PRN tramadol; exact 0-24-h cumulative dose not reported
V33-OD-0031	Zhou 2021	ZHOU21_TEAS_vs_UC_PAIN	Pain	Average postoperative pain	POD1-POD5 average	Mean/SD	41	40	2.55	0.21	3.1	0.42			pain score	INCLUDE	Open-label/no sham; subjective outcome
V33-OD-0032	Zhou 2021	ZHOU21_TEAS_vs_UC_OPIOIDUSE	Opioid consumption	Any postoperative opioid use	Postoperative window not clearly defined as 0-24 h	Events/total	41	40					18	30	participants	INCLUDE	Exact postoperative time window is not clearly stated
V33-OD-0033	Zheng 2025	ZHENG25_TEAS_vs_SHAM_PONV	PONV	Any PONV	Within 24 h postoperatively	Events/total	42	43					18	29	participants	INCLUDE	Counts 18/42 and 29/43 are reconstructed from reported 42.9% and 67.4%; use percentages as source truth
V33-OD-0034	Zheng 2025	ZHENG25_TEAS_vs_SHAM_REMI	Intraoperative opioid	Total intraoperative remifentanil consumption	Intraoperative	Mean/SD	42	43	233.1	29.6	289.5	37.9			µg remifentanil	INCLUDE	Not a postoperative endpoint
V33-OD-0035	Zheng 2025	ZHENG25_TEAS_vs_SHAM_PCA_PRESS	Opioid demand	Total PCIA button presses	Postoperative; exact pump duration NR	Mean/SD	42	43	6.3	2.2	10.7	3.9			presses	INCLUDE	PCIA final volume/concentration is NR, so presses cannot be converted to sufentanil mass
V33-OD-0036	Zheng 2025	ZHENG25_TEAS_vs_SHAM_OPIOID24	Opioid consumption	Exact cumulative postoperative sufentanil mass	0-24 h	Not reported	42	43							µg sufentanil	NOT REPORTED	Final PCIA volume/concentration and exact cumulative sufentanil mass are not reported
V33-OD-0037	Zhan 2020	ZHAN20_TAPTEAS_vs_TAP_PAIN24	Pain	VAS pain intensity	24 h postoperatively	Source-format ambiguous	30	30							VAS	HOLD	Printed source values are TAP+TEAS '2 (1.7 ± 2.2)' vs TAP '2 (2.0 ± 3.0)'; format is not defined as mean/SD, median/IQR, or range
V33-OD-0038	Zhan 2020	ZHAN20_TAPTEAS_vs_TAP_OPIOID24	Opioid consumption	Actual cumulative postoperative sufentanil consumption	0-24 h	Not reported	30	30							µg sufentanil	NOT REPORTED	Only programmed PCIA reservoir/basal settings are reported; actual group-specific delivered opioid is NR
V33-OD-0039	Zhang 2025	ZHANG25_TEAS_vs_SHAM_SUFPOD1	Opioid consumption	Total sufentanil consumption	POD1; approximately 24 h but exact clock window not explicit	Mean/SD	45	48	50.53	4.46	53.79	5.14			µg sufentanil	INCLUDE	Endpoint is directly reported as POD1, not explicitly clock-defined 0-24 h; 15/108 excluded after randomization
V33-OD-0040	Zhang 2025	ZHANG25_TEAS_vs_SHAM_RESCUE	Rescue analgesia	Any rescue analgesia demand	POD1 / postoperative period reported in Table 4	Events/total	45	48					14	29	participants	INCLUDE	Published RR 0.70 (0.44-1.10) conflicts with raw counts (~0.52) and significant P-value; use raw event counts
V33-OD-0041	Zhang 2025	ZHANG25_TEAS_vs_SHAM_VISCERAL_POD1	Pain	Moderate-to-severe visceral pain	POD1	Events/total	45	48					4	18	participants	INCLUDE	Figure 3D reports 8.9% vs 37.5%; 4/45 and 18/48 are exact denominator reconstructions
V33-OD-0042	Zhang 2023	ZHANG23_TEAS_vs_SHAM_VOID	Urinary recovery	Time to first spontaneous void	Postoperative	Median/IQR	922	916							hours	NARRATIVE ONLY	110/1948 randomized participants were excluded from final analysis; abstract gives sham median 7.0 h but Table 2 gives 7.1 h—use table value
V33-OD-0043	Zhang 2023	ZHANG23_TEAS_vs_SHAM_DELAYED	Urinary recovery	Delayed urinary recovery (>12 h without spontaneous void)	Postoperative	Events/total	922	916					103	173	participants	INCLUDE	Use analyzed denominators 922 and 916, not randomized denominators
V33-OD-0044	Zhang 2023	ZHANG23_TEAS_vs_SHAM_POUR	Urinary recovery	Postoperative urinary retention	Postoperative	Events/total	922	916					75	104	participants	INCLUDE	Use analyzed denominators 922 and 916
V33-OD-0045	Zhang 2023	ZHANG23_TEAS_vs_SHAM_MME48	Opioid consumption	Postoperative IV morphine-equivalent consumption	Within 48 h	Median/IQR	922	916							mg IV morphine-equivalent	NARRATIVE ONLY	Authors converted opioids using ClinCalc; exact 24-h postoperative dose is not reported
V33-OD-0046	Zhang 2023	ZHANG23_TEAS_vs_SHAM_OPIOID24	Opioid consumption	Exact cumulative postoperative opioid dose	0-24 h	Not reported	922	916							mg IV morphine-equivalent	NOT REPORTED	Only a postoperative 48-h opioid-equivalent endpoint is reported
V33-OD-0047	Zhang 2014	ZHANG14_TEAS_vs_SHAM_RR	Recovery	Recovery-room stay	Recovery-room discharge	Mean/SD	33	32	35.6	12.9	48.3	16.3			minutes	INCLUDE	Abstract incorrectly states 72 randomized; detailed flowchart/tables show 65 randomized and analyzed
V33-OD-0048	Zhang 2014	ZHANG14_TEAS_vs_SHAM_REMI	Intraoperative opioid	Remifentanil consumption rate	Intraoperative	Mean/SD	33	32	0.06	0.02	0.09	0.03			µg/kg/min	INCLUDE	Weight/time-normalized consumption, not absolute remifentanil dose
V33-OD-0049	Zhang 2014	ZHANG14_TEAS_vs_SHAM_NAUSEA	PONV	Postoperative nausea	Postoperative	Events/total	33	32					7	15	participants	INCLUDE	No exact narrower time window reported in the extraction
V33-OD-0050	Zhang 2014	ZHANG14_TEAS_vs_SHAM_VOMIT	PONV	Postoperative vomiting	Postoperative	Events/total	33	32					4	11	participants	INCLUDE	No exact narrower time window reported in the extraction
V33-OD-0051	Zhang 2014	ZHANG14_TEAS_vs_SHAM_OPIOID24	Opioid consumption	Exact cumulative postoperative opioid dose	0-24 h	Not reported	33	32							mg/µg	NOT REPORTED	Study reports intraoperative remifentanil rate but no exact postoperative opioid-consumption total
V33-OD-0052	Yang 2024	YANG24_EA_vs_UC_MORPH24	Opioid consumption	Morphine use via IV PCA	First 24 h / POD1	Mean/SD	90	90	43.7	4.7	44	4.9			mg morphine	INCLUDE	All 180 randomized participants retained in ITT; open-label patients but objective PCA drug-use record
V33-OD-0053	Yang 2024	YANG24_EA_vs_UC_FLATUS	GI recovery	Time to first flatus	Postoperative	Mean/SD	90	90	15.4	3.2	17	3.7			hours	INCLUDE	Open-label participants; outcome assessor blinded
V33-OD-0054	Yang 2024	YANG24_EA_vs_UC_DEFEC	GI recovery	Time to first defecation	Postoperative	Mean/SD	90	90	75.9	7.9	79.7	8.1			hours	INCLUDE	Open-label participants; outcome assessor blinded
V33-OD-0055	Yang 2024	YANG24_EA_vs_UC_VOMIT	PONV	Postoperative vomiting	0-24 h after surgery	Events/total	90	90					12	25	participants	INCLUDE	No sham acupuncture; patient knowledge could affect subjective nausea but vomiting is more objective
V33-OD-0056	Xiong 2021	XIONG21_TEAS_vs_CTRL_PONV48	PONV	Any PONV	Within 48 h	Events/total	31	31					13	24	participants	INCLUDE	Participant blinding intended but active postoperative tingling may have revealed allocation
V33-OD-0057	Xiong 2021	XIONG21_TEAS_vs_CTRL_CIPONV	PONV	Clinically important PONV	Within 48 h	Events/total	31	31					5	15	participants	INCLUDE	Patient-reported symptom severity; sensory blinding may be imperfect
V33-OD-0058	Xiong 2021	XIONG21_TEAS_vs_CTRL_RESCUEAE	Rescue antiemetic	Any rescue antiemetic medication	Within 48 h	Events/total	31	31					9	18	participants	INCLUDE	Counts reconstructed exactly from group denominator 31
V33-OD-0059	Xiong 2021	XIONG21_TEAS_vs_CTRL_POSTOPMME	Opioid consumption	Postoperative opioid consumption	Postoperative window unclear	Mean/SD	31	31	0.6	0.2	0.6	0.1			mg morphine-equivalent/kg	HOLD	Exact postoperative interval is not stated; route terminology in Results is internally inconsistent
V33-OD-0060	Xiong 2021	XIONG21_TEAS_vs_CTRL_OPIOID24	Opioid consumption	Exact cumulative postoperative opioid dose	0-24 h	Not reported	31	31							mg morphine-equivalent/kg	NOT REPORTED	Published opioid-equivalent result lacks a fixed time window
V33-OD-0061	Xing 2022	XING22_NTG_vs_NG_REMI	Intraoperative opioid	Total remifentanil consumption	Intraoperative	Mean/SD	29	29	1182.61	253.61	1415.41	295.67			µg remifentanil	INCLUDE	Direct TEAS contrast is NTG vs NG; do not attribute NTG-vs-G combined package entirely to TEAS
V33-OD-0062	Xing 2022	XING22_NTG_vs_NG_FLATUS	GI recovery	Time to first flatus	Postoperative	Mean/SD	29	29	32.57	6.94	36.83	6.19			hours	INCLUDE	Three-arm study; use NTG vs NG for incremental TEAS effect
V33-OD-0063	Xing 2022	XING22_NTG_vs_NG_PONV	PONV	PONV incidence	Postoperative	Events/total	29	29					5	11	participants	INCLUDE	Counts reconstructed from n=29 analyzed per arm
V33-OD-0064	Xing 2022	XING22_NTG_vs_NG_RESTVAS24	Pain	Rest pain VAS	24 h	Mean/SD	29	29	1.18	0.42	1.4	0.52			VAS 0-10	INCLUDE	At 24 h both TAPB groups improved versus G, but incremental NTG-vs-NG difference was not reported significant
V33-OD-0065	Xing 2022	XING22_NTG_vs_NG_PRESS	Opioid demand	PCIA pump press count	48-h / 2-day PCIA period	Mean/SD	29	29	6.55	3.19	9.97	3.8			presses	INCLUDE	Press attempts may not equal successful delivered boluses; do not multiply by 1 µg
V33-OD-0066	Xing 2022	XING22_NTG_vs_NG_OPIOID24	Opioid consumption	Exact cumulative postoperative sufentanil delivered	0-24 h	Not reported	29	29							µg sufentanil	NOT REPORTED	PCIA wording is internally contradictory and only press counts are reported
V33-OD-0067	Xie 2014	XIE14_EAS_vs_SHAM_TOTALSUF	Opioid consumption	Total postoperative/perioperative sufentanil	Study PCA period; exact fixed window unclear	Mean/SD	20	20	115	6	133	7			µg sufentanil	HOLD	Infusion described through POD3; Discussion mentions lower use through 48 h; Table 2 does not define fixed window
V33-OD-0068	Xie 2014	XIE14_EAS_vs_CONTROL_TOTALSUF	Opioid consumption	Total postoperative/perioperative sufentanil	Study PCA period; exact fixed window unclear	Mean/SD	20	20	115	6	134	5.9			µg sufentanil	HOLD	Three-arm shared-intervention structure; exact fixed observation window not established
V33-OD-0069	Xie 2014	XIE14_EAS_vs_SHAM_PCADEMAND	Opioid demand	Patient-controlled analgesia demand count	Study PCA period	Mean/SD	20	20	16	3	43	3			demands	INCLUDE	Demand count should not be converted into delivered sufentanil without confirmation
V33-OD-0070	Xie 2014	XIE14_EAS_vs_SHAM_OPIOID24	Opioid consumption	Exact cumulative postoperative sufentanil	0-24 h	Not reported	20	20							µg sufentanil	NOT REPORTED	Directly reported total cannot be assigned to a fixed 24-h window
V33-OD-0071	Wu 2022	WU22_PTEAS_vs_CTRL_PAINPOD1	Pain	VAS pain intensity	POD1	Mean/SD	44	40	1.77	0.91	2.25	0.71			VAS 0-10	INCLUDE	Asymmetric post-randomization exclusions: 1/45 pTEAS vs 5/45 control; participant sensory blinding not convincing
V33-OD-0072	Wu 2022	WU22_PTEAS_vs_CTRL_REMI	Intraoperative opioid	Cumulative remifentanil	Intraoperative	Mean/SD	44	40	1383	494	1637	630			µg remifentanil	INCLUDE	Complete-case analysis with asymmetric attrition
V33-OD-0073	Wu 2022	WU22_PTEAS_vs_CTRL_REMIINDEX	Intraoperative opioid	Remifentanil dose index	Intraoperative	Mean/SD	44	40	0.084	0.018	0.114	0.09			µg/min/kg	INCLUDE	Preserve source units as reported
V33-OD-0074	Wu 2022	WU22_PTEAS_vs_CTRL_OPIOID24	Opioid consumption	Exact cumulative postoperative opioid consumption	0-24 h	Not reported	44	40							mg/µg	NOT REPORTED	Standard end-of-surgery tramadol/fentanyl are reported, but no randomized group-specific 0-24-h opioid total is provided
V33-OD-0075	Wu 2025	WU25_TEAS_vs_SHAM_VAS24	Pain	VAS pain intensity	24 h	Mean/SD	50	50	1.7	0.9	4	1.4			VAS 0-10	INCLUDE	Three patients could not be contacted at 24 h, yet all 100 were included in ITT; imputation/handling method is not explained
V33-OD-0076	Wu 2025	WU25_TEAS_vs_SHAM_MODPAIN12	Pain	Moderate-to-severe pain (VAS >4)	Within 12 h	Events/total	50	50					6	37	participants	INCLUDE	Very large subjective effect; interpret with incomplete sensory blinding
V33-OD-0077	Wu 2025	WU25_TEAS_vs_SHAM_INTRAOPSUF	Intraoperative opioid	Sufentanil consumption	Intraoperative	Mean/SD	50	50	24.2	9.5	24.3	10.9			µg sufentanil	EXCLUDE	No intraoperative opioid-sparing effect
V33-OD-0078	Wu 2025	WU25_TEAS_vs_SHAM_INTRAOPREMI	Intraoperative opioid	Remifentanil consumption	Intraoperative	Mean/SD	50	50	489.4	226	533.8	263.6			µg remifentanil	EXCLUDE	No significant intraoperative opioid-sparing effect
V33-OD-0079	Wu 2025	WU25_TEAS_vs_SHAM_OPIOID24	Opioid consumption	Exact postoperative opioid/MME consumption	0-24 h	Not calculable	50	50							MME	HOLD	Oxycodone/acetaminophen rescue strength is not reported; rescue regimen is mixed opioid/non-opioid
V33-OD-0080	Wang 2023	WANG23_TEAS_vs_SHAM_SLEEPD1	Sleep quality	PSQI and AIS postoperative sleep quality	POD1	Graph-only continuous data	40	43							PSQI/AIS points	GRAPH ONLY	Exact POD1 means/SDs are figure-only; do not use fabricated exact AIS/PSQI values
V33-OD-0081	Wang 2023	WANG23_TEAS_vs_SHAM_RESCUEDOSE	Rescue analgesia	Cumulative number of additional rescue-analgesia doses	0-72 h	Mean/SD	40	43	0.53	0.55	0.98	0.96			rescue doses	INCLUDE	Rescue drug, dose, route and opioid/non-opioid identity are not specified in the main article
V33-OD-0082	Wang 2023	WANG23_TEAS_vs_SHAM_FLATUS	GI recovery	Time to first flatus	Postoperative	Mean/SD	40	43	54.57	16.62	60.7	19.1			hours	INCLUDE	5/88 randomized participants excluded for protocol breaches; no full ITT
V33-OD-0083	Wang 2023	WANG23_TEAS_vs_SHAM_PAIN24	Pain	Activity pain VAS	24 h	Graph-only mean/SD	40	43							VAS 0-10	GRAPH ONLY	Exact 24-h activity VAS values are only shown graphically; stored derivative exact values were fabricated
V33-OD-0084	Wang 2023	WANG23_TEAS_vs_SHAM_OPIOID24	Opioid consumption	Exact cumulative postoperative opioid dose	0-24 h	Not reported	40	43							mg/µg	NOT REPORTED	Only rescue-dose counts are reported and the rescue drug is not identified
V33-OD-0085	Wang 2024	WANG24_SNVP_ODT_vs_OD_PONV6_12	PONV	PONV incidence	6-12 h	Events/total	33	35					7	16	participants	INCLUDE	Do not pool across SNVP/MNVP as if strata were randomized; 2 ODT patients excluded after randomization due postoperative fever
V33-OD-0086	Wang 2024	WANG24_SNVP_ODT_vs_OD_PONV12_24	PONV	PONV incidence	12-24 h	Events/total	33	35					2	11	participants	INCLUDE	Two post-randomization ODT exclusions; marked surgical-procedure imbalance (radical mastectomy + axillary dissection 36.4% vs 71.4%)
V33-OD-0087	Wang 2024	WANG24_SNVP_ODT_vs_OD_TOTALPONV	PONV	Any PONV over reported follow-up	0-36 h	Events/total	33	35					14	20	participants	INCLUDE	No significant overall treatment effect despite time-specific benefits
V33-OD-0088	Wang 2024	WANG24_MNVP_ODT_vs_OD_PONV0_2	PONV	PONV incidence	0-2 h	Events/total	35	35					2	9	participants	INCLUDE	Keep separate from SNVP; MNVP-ODT had more segmental mastectomy + axillary dissection (20.0% vs 2.9%)
V33-OD-0089	Wang 2024	WANG24_MNVP_ODT_vs_OD_PONV2_6	PONV	PONV incidence	2-6 h	Events/total	35	35					2	8	participants	INCLUDE	Keep separate from SNVP risk stratum
V33-OD-0090	Wang 2024	WANG24_MNVP_ODT_vs_OD_TOTALPONV	PONV	Any PONV over reported follow-up	0-36 h	Events/total	35	35					5	10	participants	INCLUDE	No significant overall treatment effect despite early time-specific benefit
V33-OD-0091	Wang 2024	WANG24_SNVP_ODT_vs_OD_INTRAOPSUF	Intraoperative opioid	Total sufentanil	Intraoperative	Mean/SD	33	35	21.2	3.1	21.9	3.2			µg sufentanil	INCLUDE	No intraoperative opioid-sparing effect
V33-OD-0092	Wang 2024	WANG24_MNVP_ODT_vs_OD_INTRAOPSUF	Intraoperative opioid	Total sufentanil	Intraoperative	Mean/SD	35	35	21	3.4	20.9	3.1			µg sufentanil	INCLUDE	No intraoperative opioid-sparing effect
V33-OD-0093	Wang 2024	WANG24_POSTOP_OPIOID24	Opioid consumption	Postoperative opioid consumption	0-24 h	Not reported									mg/µg	NOT REPORTED	Postoperative rescue analgesia was non-opioid flurbiprofen; no postoperative opioid-consumption endpoint
V33-OD-0094	Tu 2024	TU24_TEAS_vs_SHAM_VOMIT2_6	PONV	Vomiting incidence	2-6 h	Events/total	57	58					8	17	participants	INCLUDE	Five post-randomization exclusions include one sham participant excluded specifically for vomiting caused by intracranial hypertension | V34: Table 3/abstract P=0.047; Results prose P=0.47; retain tab
V33-OD-0095	Tu 2024	TU24_TEAS_vs_SHAM_VOMIT6_24	PONV	Vomiting incidence	6-24 h	Events/total	57	58					11	15	participants	INCLUDE	Same post-randomization exclusion concern
V33-OD-0096	Tu 2024	TU24_TEAS_vs_SHAM_PAIN6_24	Pain	VAS pain intensity	6-24 h	Median/IQR	57	58							VAS 0-10	NARRATIVE ONLY	Subjective outcome; sensory difference between active de qi and no-current sham may affect participant masking
V33-OD-0097	Tu 2024	TU24_TEAS_vs_SHAM_TRAMADOL	Rescue opioid use	Any rescue tramadol use	6–24 h	Events/total	57	58					3	6	participants	INCLUDE	Tramadol was 10 mg IM for VAS >6; number of doses/cumulative tramadol per patient is not reported
V33-OD-0098	Tu 2024	TU24_TEAS_vs_SHAM_OPIOID24	Opioid consumption	Cumulative rescue tramadol consumption	0-24 h	Not reported	57	58							mg tramadol	NOT REPORTED	Only number of patients receiving rescue tramadol is reported; cumulative dose is unavailable
V33-OD-0099	Sun 2017	SUN17_TSS_vs_SSS_ACTIVITY24	Pain	Activity-evoked VAS	24 h	Median/IQR	91	90							VAS 0-10	NARRATIVE ONLY	Four-arm timing trial; sham received 5 min perceptible low-current stimulation, not electrically inert
V33-OD-0100	Sun 2017	SUN17_TTS_vs_SSS_ACTIVITY24	Pain	Activity-evoked VAS	24 h	Median/IQR	91	90							VAS 0-10	NARRATIVE ONLY	Four-arm timing trial; sham received 5 min perceptible low-current stimulation, not electrically inert
V33-OD-0101	Sun 2017	SUN17_TST_vs_SSS_ACTIVITY24	Pain	Activity-evoked VAS	24 h	Median/IQR	89	90							VAS 0-10	NARRATIVE ONLY	Four-arm timing trial; sham received 5 min perceptible low-current stimulation, not electrically inert
V33-OD-0102	Sun 2017	SUN17_TSS_vs_SSS_NSAID48	Rescue analgesia	Supplemental flurbiprofen axetil requirement	Within 48 h	Published percentage	91	90							11.0% intervention vs 23.3% SSS	NARRATIVE ONLY	Do not convert printed percentages to exact event counts without confirmation
V33-OD-0103	Sun 2017	SUN17_TTS_vs_SSS_NSAID48	Rescue analgesia	Supplemental flurbiprofen axetil requirement	Within 48 h	Published percentage	91	90							15.4% intervention vs 23.3% SSS	NARRATIVE ONLY	Do not convert printed percentages to exact event counts without confirmation
V33-OD-0104	Sun 2017	SUN17_TST_vs_SSS_NSAID48	Rescue analgesia	Supplemental flurbiprofen axetil requirement	Within 48 h	Published percentage	89	90							7.9% intervention vs 23.3% SSS	NARRATIVE ONLY	Do not convert printed percentages to exact event counts without confirmation
V33-OD-0105	Sun 2017	SUN17_INTRAOP_MORPH_EQUIV	Intraoperative opioid	Author-defined intraoperative morphine-equivalent exposure	Intraoperative	Study-defined converted metric	91	90							mg/kg morphine-equivalent	EXCLUDE	Values ~1.5-1.6 mg/kg across all four groups; study-specific conversion of sufentanil/remifentanil | V34: Historical aggregate placeholder superseded for active analysis by three audit arm-specific co
V33-OD-0106	Sun 2017	SUN17_POSTOP_OPIOID24	Opioid consumption	Postoperative opioid consumption	0-24 h	Not applicable / not reported									mg/µg	NOT REPORTED	Postoperative rescue analgesia was flurbiprofen axetil (NSAID), not an opioid
V33-OD-0107	Sim 2002	SIM02_PREOP_vs_PLACEBO_MORPH24	Opioid consumption	Cumulative postoperative IV PCA morphine	0-24 h	Mean/SD	30	30	0.52	0.19	0.68	0.38			mg/kg morphine	INCLUDE	Do not convert mg/kg to absolute mg using group mean body weight; aggregate means cannot reconstruct individual absolute dose
V33-OD-0108	Sim 2002	SIM02_POSTOP_vs_PLACEBO_MORPH24	Opioid consumption	Cumulative postoperative IV PCA morphine	0-24 h	Mean/SD	30	30	0.58	0.27	0.68	0.38			mg/kg morphine	INCLUDE	Postoperative EA is a distinct randomized timing arm and must not be merged with preoperative EA
V33-OD-0109	Sim 2002	SIM02_PREOP_vs_PLACEBO_MORPH6_12	Opioid consumption	Postoperative IV PCA morphine	6-12 h	Median/IQR width as printed	30	30							mg/kg morphine	NARRATIVE ONLY	Source reports median (IQR) as 0.03 (0.05) vs 0.10 (0.11); IQR is reported as a single width rather than Q1/Q3
V33-OD-0110	Sim 2002	SIM02_PREOP_vs_PLACEBO_ALFENT	Intraoperative opioid	Alfentanil requirement rate	Intraoperative	Mean/SD	30	30	0.44	0.15	0.51	0.21			µg/kg/min	INCLUDE	No significant placebo-controlled intraoperative opioid-sparing effect
V33-OD-0111	Ntritsou 2014	NTRI14_EA_vs_SHAM_TRAMSUM	Opioid consumption	Total tramadol exposure	Perioperative / first 24 h most consistent with protocol; table does not restate window	Mean/SD	35	35	443.7	67.4	461.5	63.2			mg tramadol	INCLUDE	Includes scheduled/background tramadol and likely rescue tramadol; rescue morphine quantity not reported
V33-OD-0112	Ntritsou 2014	NTRI14_EA_vs_SHAM_REMI	Intraoperative opioid	Remifentanil consumption	Intraoperative	Mean/SD	35	35	1003.6	522.7	1041.9	631.9			µg remifentanil	INCLUDE	No significant intraoperative opioid-sparing effect
V33-OD-0113	Ntritsou 2014	NTRI14_EA_vs_SHAM_RESCUE	Rescue opioid use	Total rescue analgesia	First 24 h	Qualitative / exact quantities unavailable	35	35							tramadol 50 mg IV then morphine 2 mg IV as needed	HOLD	Main article reports significantly less total rescue analgesia but does not tabulate exact rescue tramadol/morphine quantities
V33-OD-0114	Ntritsou 2014	NTRI14_EA_vs_SHAM_MME24	Opioid consumption	Complete 24-h opioid/MME exposure	0-24 h	Not calculable	35	35							MME	HOLD	Do not equate lower rescue use with significantly lower total opioid exposure
V33-OD-0115	Ng 2013	NG13_EA_vs_SHAM_BOWEL	GI recovery	Time to first bowel motion / defecation	Postoperative	Mean/SD	55	55	85.9	36.1	107.5	46.2			hours	INCLUDE	Allocation used sealed nonopaque envelopes; EA-vs-sham participants and outcome assessors were blinded
V33-OD-0116	Ng 2013	NG13_EA_vs_NOACU_BOWEL	GI recovery	Time to first bowel motion / defecation	Postoperative	Mean/SD	55	55	85.9	36.1	122.1	53.5			hours	INCLUDE	No-acupuncture group could not be participant blinded
V33-OD-0117	Ng 2013	NG13_EA_vs_SHAM_FLATUS	GI recovery	Time to first flatus	Postoperative	Mean/SD	55	55	2	0.9	2.3	1.1			days	INCLUDE	No statistically significant EA-vs-sham difference
V33-OD-0118	Ng 2013	NG13_EA_vs_SHAM_PAINPOD1	Pain	VAS pain intensity	POD1	Mean/SD	55	55	5.6	2	5.8	1.9			VAS 0-10	INCLUDE	POD1 is not an exact clock-defined 24-h point
V33-OD-0119	Ng 2013	NG13_EA_vs_SHAM_PETHCOUNT	Opioid demand	Number of postoperative pethidine injections	Postoperative; exact window NR	Mean/SD	55	55	2.7	2.3	5.2	4.7			number of injections	INCLUDE	Methods say 1 mg/kg q4h PRN, tables say 50-mg injections; exact observation window and route not clearly defined
V33-OD-0120	Ng 2013	NG13_EA_vs_SHAM_OPIOID24	Opioid consumption	Cumulative pethidine consumption	0-24 h	Not reported	55	55							mg pethidine	NOT REPORTED	Do not multiply injection counts by 50 mg and call it a 24-h dose; source time window/dosing statement is ambiguous
V33-OD-0121	Ma 2026	MA26_T_vs_S_PAIN24	Pain	Resting NRS pain	24 h	Graph-only continuous data	17	16							NRS 0-10	GRAPH ONLY	Partially randomized trial: only T vs S is randomized. Exact 24-h means/SDs are graph-only and must not be inferred from Antigravity candidate values
V33-OD-0122	Ma 2026	MA26_T_vs_S_AISPOD1	Sleep quality	Athens Insomnia Scale	POD1	Graph-only continuous data	17	16							AIS points	GRAPH ONLY	Exact postoperative AIS means/SDs are graph-only; Group C is non-randomized and must not be used as a randomized comparator
V33-OD-0123	Ma 2026	MA26_T_vs_S_NAUSEA24	PONV	Nausea	24 h	Events/total	17	16					6	8	participants	INCLUDE	Overall P-value includes non-randomized Group C; do not treat it as the randomized pairwise P-value
V33-OD-0124	Ma 2026	MA26_T_vs_S_VOMIT24	PONV	Vomiting	24 h	Events/total	17	16					6	7	participants	INCLUDE	Overall P-value includes non-randomized Group C
V33-OD-0125	Ma 2026	MA26_T_vs_S_OPIOID24	Opioid consumption	Cumulative postoperative opioid consumption	0-24 h	Not reported	17	16							mg/µg	NOT REPORTED	Routine postoperative analgesia was non-opioid flurbiprofen; whether any postoperative opioid was given is not reported
V33-OD-0126	Lu 2021	LU21_COMB_vs_SHAM_CHRONIC6M	Chronic pain	Post-mastectomy chronic pain incidence	6 months	Events/total	190	188					42	65	participants	INCLUDE	Printed RR/P-values conflict across abstract, Results and Table 2; raw counts 42/190 vs 65/188 are the stable source facts
V33-OD-0127	Lu 2021	LU21_SINGLE_vs_SHAM_CHRONIC6M	Chronic pain	Post-mastectomy chronic pain incidence	6 months	Events/total	198	188					72	65	participants	INCLUDE	Table 2 gives 72/198; Results prose gives 79/196. Preserve Table 2 here and flag conflict rather than silently reconcile
V33-OD-0128	Lu 2021	LU21_COMB_vs_SHAM_REMI	Intraoperative opioid	Total remifentanil	Intraoperative	Mean/SD	190	188	1.2	0.5	1.4	0.7			mg remifentanil	INCLUDE	Three-arm trial; sham is a shared comparator
V33-OD-0129	Lu 2021	LU21_SINGLE_vs_SHAM_REMI	Intraoperative opioid	Total remifentanil	Intraoperative	Mean/SD	198	188	1.3	0.6	1.4	0.7			mg remifentanil	INCLUDE	Three-arm trial; do not describe P=0.04 as multiplicity-adjusted significant
V33-OD-0130	Lu 2021	LU21_COMB_vs_SHAM_PONV24	PONV	Any PONV	24 h	Events/total	190	188					35	68	participants	INCLUDE	Use raw event counts; three-arm shared sham comparator
V33-OD-0131	Lu 2021	LU21_SINGLE_vs_SHAM_PONV24	PONV	Any PONV	24 h	Events/total	198	188					59	68	participants	INCLUDE	Overall P is three-group; pairwise significance should not be inferred unless directly reported
V33-OD-0132	Lu 2021	LU21_POSTOP_OPIOID24	Opioid consumption	Cumulative postoperative sufentanil PCA consumption	0-24 h	Not reported									µg sufentanil	NOT REPORTED	PCA opioid is sufentanil but prescription and cumulative 24-h consumption are not reported
V33-OD-0133	Lu 2022	LU22_TEAS_vs_CTRL_DISCHARGE	Recovery	Time to meet discharge criteria	Postoperative	Mean/SD	47	47	6	1.8	7	2.4			days	INCLUDE	Six randomized patients were excluded because they did not receive allocated intervention; open conversion is plausibly related to discharge time
V33-OD-0134	Lu 2022	LU22_TEAS_vs_CTRL_FLATUS	GI recovery	Time to first flatus	Postoperative	Mean/SD	47	47	34.5	16.7	42.4	22.9			hours	INCLUDE	Same 6 post-randomization exclusions apply
V33-OD-0135	Lu 2022	LU22_TEAS_vs_CTRL_DEFEC	GI recovery	Time to first defecation	Postoperative	Mean/SD	47	47	42	25	55.4	29.7			hours	INCLUDE	Same 6 post-randomization exclusions apply
V33-OD-0136	Lu 2022	LU22_TEAS_vs_CTRL_PCAATTEMPT24	Opioid demand	PCA attempts	24 h	Median/IQR	47	47							attempts	NARRATIVE ONLY	PCA drug, bolus dose, concentration, basal infusion and lockout are not reported
V33-OD-0137	Lu 2022	LU22_TEAS_vs_CTRL_PCADELIV24	Opioid demand	Successful PCA deliveries	24 h	Median/IQR	47	47							deliveries	NARRATIVE ONLY	Do not convert successful deliveries into opioid dose because the PCA prescription is absent
V33-OD-0138	Lu 2022	LU22_TEAS_vs_CTRL_OPIOID24	Opioid consumption	Exact cumulative PCA opioid consumption	0-24 h	Not reported	47	47							mg/µg	NOT REPORTED	The main article never identifies the PCA drug or dose
V33-OD-0139	Luo 2026	LUO26_TEAS_vs_SHAM_NAUSEA48	PONV	Cumulative postoperative nausea	0-48 h	Events/total	138	139					24	53	participants	INCLUDE	Participant blinding was empirically poor: 77.5% of TEAS and 66.2% of sham participants correctly guessed allocation
V33-OD-0140	Luo 2026	LUO26_TEAS_vs_SHAM_VOMIT48	PONV	Cumulative postoperative vomiting	0-48 h	Events/total	138	139					9	27	participants	INCLUDE	Vomiting is more objective than nausea, but participant masking was incomplete
V33-OD-0141	Luo 2026	LUO26_TEAS_vs_SHAM_COMPLETE48	PONV	Complete response: no vomiting and no rescue antiemetic	0-48 h	Events/total	138	139					112	83	participants	INCLUDE	Abstract percentage differs slightly from table-derived 112/138; use raw counts
V33-OD-0142	Luo 2026	LUO26_TEAS_vs_SHAM_NRS24	Pain	Postoperative NRS pain	24 h	Mean/SD	138	139	1.3	0.92	1.65	0.95			NRS 0-10	INCLUDE	Rest-versus-movement condition is not reported; participant masking was incomplete
V33-OD-0143	Luo 2026	LUO26_TEAS_vs_SHAM_OPIOIDEQUIV	Perioperative opioid	Published 'sufentanil equivalents' metric	Perioperative	Mean/SD	138	139	15.86	5.11	15.18	4.95			published as mg; definition/unit unresolved	INCLUDE	Source labels approximately 15-16 as 'sufentanil equivalents (mg)' without explaining conversion; preserve verbatim
V33-OD-0144	Luo 2026	LUO26_TEAS_vs_SHAM_OPIOID24	Opioid consumption	Cumulative postoperative oxycodone consumption	0-24 h	Not reported	138	139							mg oxycodone	NOT REPORTED	Postoperative IV oxycodone is described, but schedule and group-specific cumulative 24-h consumption are not reported
V33-OD-0145	Long 2025	LONG25_TEAS_vs_CTRL_PND1	Neurocognitive	Perioperative neurocognitive disorder (PND)	POD1	Published event count + percentage; denominator inconsistent	27	26					7	14	Active: 7 cases (25.0%); Control: 14 cases (56.0%)	HOLD	Published percentages do not reconcile with final analyzed n=27 active/26 control; do not back-calculate denominators | V34: PND denominator conflict: study-level n=27/26 differs from percentages impl
V33-OD-0146	Long 2025	LONG25_TEAS_vs_CTRL_PND3	Neurocognitive	Perioperative neurocognitive disorder (PND)	POD3	Published event count + percentage; denominator inconsistent	27	26					4	12	Active: 4 cases (14.3%); Control: 12 cases (48.0%)	HOLD	Published percentages do not reconcile with reported analyzed denominators | V34: PND denominator conflict: study-level n=27/26 differs from percentages implying 28/25. No denominator reconstruction; 
V33-OD-0147	Long 2025	LONG25_TEAS_vs_CTRL_VAS24	Pain	VAS pain intensity	24 h	Mean/SD	27	26	2.78	0.97	3.96	0.96			VAS 0-10	HOLD	Abstract/Results prose gives active 2.65 ± 0.94; Table 7/Figure 9 gives 2.78 ± 0.97. Master uses the directly tabulated Table 7 value and retains discrepancy | V34: Long Table 7 EA 24-h VAS 2.78±0.97;
V33-OD-0148	Long 2025	LONG25_TEAS_vs_CTRL_PCIA48VOL	Opioid demand	PCIA solution consumption	48 h	Mean/SD	27	26	86.22	4.27	89.23	3.67			mL of weight-based sufentanil solution	INCLUDE	Reservoir contains 2 µg/kg sufentanil in 100 mL; group body weight is unavailable, so solution volume cannot be converted to group mean opioid mass
V33-OD-0149	Long 2025	LONG25_TEAS_vs_CTRL_PCIAPRESS48	Opioid demand	PCIA compression count	48 h	Mean/SD	27	26	7.11	2.14	8.62	1.84			presses	INCLUDE	Do not translate compression count into delivered sufentanil mass
V33-OD-0150	Long 2025	LONG25_TEAS_vs_CTRL_PONV	PONV	PONV incidence	Postoperative	Events/total	27	26					1	8	participants	INCLUDE	Adverse-event percentages elsewhere are internally inconsistent; raw 1/27 vs 8/26 is retained
V33-OD-0151	Long 2025	LONG25_TEAS_vs_CTRL_OPIOID24	Opioid consumption	Exact cumulative postoperative sufentanil consumption	0-24 h	Not reported	27	26							µg sufentanil	NOT REPORTED	24-h PCIA volume/compressions are not reported; even 48-h volume cannot be converted exactly to sufentanil mass without body weight
V33-OD-0152	Li 2021	LI21_TEAS_vs_SHAM_BOWEL	GI recovery	Time to first bowel motion by auscultation	Postoperative	Median/IQR	140	140							hours	NARRATIVE ONLY	26/306 randomized patients excluded in per-protocol analysis; exclusions include ICU transfer and operation cancellation
V33-OD-0153	Li 2021	LI21_TEAS_vs_SHAM_FLATUS	GI recovery	Time to first flatus	Postoperative	Median/IQR	140	140							hours	NARRATIVE ONLY	Use PP analyzed denominators explicitly; do not fabricate mean/SD
V33-OD-0154	Li 2021	LI21_TEAS_vs_SHAM_PGD	GI recovery	Postoperative gastrointestinal dysfunction: no bowel sounds >48 h	Postoperative	Events/total	140	140					26	44	participants	INCLUDE	Study-specific PGD definition; majority of events were in colorectal stratum
V33-OD-0155	Li 2021	LI21_TEAS_vs_SHAM_PAIN6	Pain	VAS ≥4	6 h	Events/total	140	140					30	50	participants	INCLUDE	Pain is reported as binary VAS ≥4 rather than continuous score
V33-OD-0156	Li 2021	LI21_TEAS_vs_SHAM_OPIOID24	Opioid consumption	Cumulative postoperative sufentanil consumption	0-24 h	Not reported	140	140							published pump formulation says 250 mg sufentanil/250 mL	NOT REPORTED	Printed pump unit is clinically implausible, programming is missing, and actual 24-h delivered dose is not reported; do not silently change mg to µg
V33-OD-0157	Liu 2026 (ESD)	LIU26ESD_TEAS_vs_SHAM_MODPAIN24	Pain	Moderate-to-severe pain (NRS ≥4)	Within 24 h	Events/total	58	62					22	40	participants	INCLUDE	9/129 randomized participants excluded after randomization, including postoperative bleeding and conversion to laparotomy; no ITT sensitivity analysis
V33-OD-0158	Liu 2026 (ESD)	LIU26ESD_TEAS_vs_SHAM_NRS24	Pain	NRS pain intensity	24 h	Mean/SD	58	62	1.2	1.3	2.8	1.9			NRS 0-10	INCLUDE	Active TEAS at maximum tolerated intensity vs sham no current; sensory blinding success was not tested
V33-OD-0159	Liu 2026 (ESD)	LIU26ESD_TEAS_vs_SHAM_ANYMORPH	Rescue opioid use	Any rescue IV morphine use	Through 48 h	Events/total	58	62					19	40	participants	INCLUDE	Morphine was 1 mg IV per administration, but number of administrations and cumulative dose per patient are not reported
V33-OD-0160	Liu 2026 (ESD)	LIU26ESD_TEAS_vs_SHAM_PONV	PONV	PONV incidence	Postoperative follow-up	Events/total	58	62					4	14	participants	INCLUDE	Published RR/P-value for PONV are internally inconsistent; use raw 4/58 vs 14/62
V33-OD-0161	Liu 2026 (ESD)	LIU26ESD_TEAS_vs_SHAM_MORPH24	Opioid consumption	Cumulative postoperative morphine consumption	0-24 h	Not reported	58	62							mg IV morphine	NOT REPORTED	Binary morphine use is reported, but administration counts and cumulative dose are not
V33-OD-0162	Liu 2021	LIU21_TEAS_vs_CTRL_POCD1	Neurocognitive	Postoperative cognitive decline (MMSE Z-score ≤ -2)	POD1	Events/total	50	50					5	11	participants	INCLUDE	Control prose prints 11 cases as 25%, but 11/50 = 22%; preserve count as authoritative
V33-OD-0163	Liu 2021	LIU21_TEAS_vs_CTRL_VASREST24	Pain	VAS at rest	24 h	Mean/SD	50	50	2.52	0.505	2.66	0.626			VAS	INCLUDE	Participant blinding is unclear because active stimulation was maximum tolerated and control received no current
V33-OD-0164	Liu 2021	LIU21_TEAS_vs_CTRL_VASCOUGH24	Pain	VAS with coughing	24 h	Mean/SD	50	50	3.2	0.571	3.16	0.681			VAS	INCLUDE	No evidence of analgesic benefit at 24 h
V33-OD-0165	Liu 2021	LIU21_TEAS_vs_CTRL_PCAPRESS24	Opioid demand	PCA pump compressions	0-24 h	Mean/SD	50	50	17.62	2.687	17.38	3.801			presses	INCLUDE	Compressions may represent demands rather than successful boluses; do not convert to sufentanil mass
V33-OD-0166	Liu 2021	LIU21_TEAS_vs_CTRL_OPIOID24	Opioid consumption	Cumulative postoperative sufentanil consumption	0-24 h	Not calculable	50	50							published formulation 0.15 µg/kg in 100 mL	HOLD	Published PCA formulation is ambiguous/implausibly low, successful delivered boluses are not reported, and actual cumulative sufentanil is unavailable
V33-OD-0167	Liu 2026 (burn)	LIU26BURN_TEAS_vs_SHAM_REMI	Intraoperative opioid	Remifentanil consumption	Intraoperative	Median/IQR	43	43							mg remifentanil	NARRATIVE ONLY	Abstract gives TEAS 0.65 (0.45-1.00) and control 0.90 (0.67-1.23); master uses Results/Figure 4 values and retains source discrepancy
V33-OD-0168	Liu 2026 (burn)	LIU26BURN_TEAS_vs_SHAM_PONV24	PONV	Nausea-vomiting	Through POD1 / approximately 24 h	Events/total	43	43					7	16	participants	INCLUDE	Two different P-values are printed for the same result
V33-OD-0169	Liu 2026 (burn)	LIU26BURN_TEAS_vs_SHAM_RESCUE	Rescue opioid use	Any rescue dezocine use	Through POD1	Events/total	43	43					3	8	participants	INCLUDE	All rescue users received one 5-mg IM dezocine dose; no repeat rescue doses were required
V33-OD-0170	Liu 2026 (burn)	LIU26BURN_TEAS_vs_SHAM_FVAS24	Pain	Resting F-VAS pain	24 h	Graph-only continuous data	43	43							F-VAS 0-100 mm	GRAPH ONLY	Exact means/SDs are figure-only; do not infer numeric values from bar heights
V33-OD-0171	Liu 2026 (burn)	LIU26BURN_TEAS_vs_SHAM_OPIOID24	Opioid consumption	Complete postoperative opioid/MME exposure	0-24 h	Not calculable	43	43							sufentanil + butorphanol PCIA; rescue dezocine	HOLD	PCIA composition is known but bolus volume, basal rate, delivered-volume and successful-delivery counts are not; two opioids are present in the pump
V33-OD-0172	Liu 2025	LIU25_EA_vs_CTRL_SVT24	Cardiac rhythm	New-onset supraventricular tachycardia (SVT)	First 24 h	Events/total	38	39					4	13	participants	INCLUDE	Three randomized participants discontinued after randomization; preserve analyzed denominators 38 and 39
V33-OD-0173	Liu 2025	LIU25_EA_vs_CTRL_TSTN1	Sleep quality	Total sleep time measured by ambulatory sleep recorder	First postoperative night	Median/IQR	38	39							minutes	NARRATIVE ONLY	Objective sleep-recorder endpoint; control electrical-current status is not completely clear in the publication
V33-OD-0174	Liu 2025	LIU25_EA_vs_CTRL_PAIN24	Pain	VAS pain intensity	24 h	Graph-only continuous data	38	39							VAS 0-10	GRAPH ONLY	Figure shows approximately 2/10 in both groups, but exact means/SDs are not numerically reported
V33-OD-0175	Liu 2025	LIU25_EA_vs_CTRL_OPIOID24	Opioid consumption	Exact cumulative postoperative opioid consumption	0-24 h	Not reported	38	39							mg/µg	NOT REPORTED	No source-grounded exact 0-24-h postoperative opioid total is available in the reconciled extraction
V33-OD-0176	Li 2022	LI22_EA_vs_SHAM_NRS24	Pain	Postoperative NRS pain	24 h	Median/IQR	39	40							NRS 0-10	NARRATIVE ONLY	One randomized participant was not included in the final EA analysis; the 24-h pain difference is not significant
V33-OD-0177	Li 2022	LI22_EA_vs_SHAM_MPT24	Experimental pain	Mechanical pain threshold around surgical incision	24 h	Source-reported direction; exact value not promoted	39	40							mechanical threshold	HOLD	EA advantage was reported at 30 min and 6 h, not at 24 or 48 h; the earlier stored RoB fabricated a significant 24-h result
V33-OD-0178	Li 2022	LI22_EA_vs_SHAM_OPIOID24	Opioid consumption	Exact cumulative postoperative opioid consumption	0-24 h	Not reported	39	40							mg/µg	NOT REPORTED	The prior derivative's 24-h sufentanil result was fabricated; no source-grounded exact 24-h postoperative opioid total is available
V33-OD-0179	Liang 2021	LIANG21_TEAS_vs_CTRL_CRBD_END	Catheter-related bladder discomfort	CRBD incidence	End of surgery	Events/total	35	35					9	28	participants	INCLUDE	75 randomized but only 70 analyzed; preserve 35/35 outcome denominators. The stored 6-h CRBD endpoint does not exist in the source
V33-OD-0180	Liang 2021	LIANG21_TEAS_vs_CTRL_CRBD_PACU	Catheter-related bladder discomfort	CRBD incidence	PACU discharge	Events/total	35	35					20	28	participants	INCLUDE	75 randomized but only 70 analyzed; preserve 35/35 outcome denominators. The stored 6-h CRBD endpoint does not exist in the source
V33-OD-0181	Liang 2021	LIANG21_TEAS_vs_CTRL_CRBD24	Catheter-related bladder discomfort	CRBD incidence	24 h	Events/total	35	35					7	31	participants	INCLUDE	75 randomized but only 70 analyzed; preserve 35/35 outcome denominators. The stored 6-h CRBD endpoint does not exist in the source
V33-OD-0182	Liang 2021	LIANG21_TEAS_vs_CTRL_CRBD48	Catheter-related bladder discomfort	CRBD incidence	48 h	Events/total	35	35					4	19	participants	HOLD	75 randomized but only 70 analyzed; preserve 35/35 outcome denominators. The stored 6-h CRBD endpoint does not exist in the source | V34: SOURCE CONFLICT: abstract 48-h CRBD 4/35 versus 7/35; Table 2 
V33-OD-0183	Liang 2021	LIANG21_TEAS_vs_CTRL_OPIOID24	Opioid consumption	Exact cumulative postoperative opioid consumption	0-24 h	Not reported	35	35							mg/µg	NOT REPORTED	The source trial focuses on CRBD; no source-grounded exact cumulative 24-h opioid endpoint is available
V33-OD-0184	Lee 2011	LEE11_LOW_vs_SHAM_MORPH24	Opioid consumption	Cumulative IV PCA morphine delivered	First 24 postoperative hours	Mean/SD	10	12	29.29	8.89	34.2	6.4			mg IV morphine	INCLUDE	Two of 12 low-frequency participants discontinued because they could not complete VAS; publication analyzed 47/49 with no ITT
V33-OD-0185	Lee 2011	LEE11_HIGH_vs_SHAM_MORPH24	Opioid consumption	Cumulative IV PCA morphine delivered	First 24 postoperative hours	Mean/SD	12	12	31.14	8.15	34.2	6.4			mg IV morphine	INCLUDE	Four-arm RCT; do not reconstruct total dose by summing interval means
V33-OD-0186	Lee 2011	LEE11_LOW_vs_CONTROL_MORPH24	Opioid consumption	Cumulative IV PCA morphine delivered	First 24 postoperative hours	Mean/SD	10	13	29.29	8.89	38.63	11.08			mg IV morphine	INCLUDE	This is not the sham-controlled contrast; keep separate from active-vs-sham synthesis
V33-OD-0187	Lee 2011	LEE11_LOW_vs_SHAM_VAS24	Pain	VAS pain intensity	24 h	Mean/SD	10	12	1.21	1.31	2.54	0.86			VAS 0-10	INCLUDE	Rest vs movement not reported; two low-frequency participants excluded because unable to complete VAS
V33-OD-0188	Jin 2023	JIN23_2HZ_vs_SHAM_NAPC48	Opioid demand	Cumulative analgesic pump compressions	48 h	Median/IQR	53	52							pump compressions	NARRATIVE ONLY	174 randomized but outcome tables use only 158 completers; dropout reasons include 'unsatisfactory effects' despite ITT terminology
V33-OD-0189	Jin 2023	JIN23_20100_vs_SHAM_NAPC48	Opioid demand	Cumulative analgesic pump compressions	48 h	Median/IQR	53	52							pump compressions	NARRATIVE ONLY	174 randomized but outcome tables use only 158 completers; dropout reasons include 'unsatisfactory effects' despite ITT terminology
V33-OD-0190	Jin 2023	JIN23_2HZ_vs_SHAM_VOL24	Opioid consumption	Published 'fentanyl consumption' / PCIA solution volume	24 h	Mean/SD	53	52	39.31	15.58	56.54	12.5			mL PCIA solution	INCLUDE	Main article does not report fentanyl concentration. Do not convert mL to µg/mg/MME. 2-Hz vs 20/100-Hz inferential statistics conflict between table and prose
V33-OD-0191	Jin 2023	JIN23_20100_vs_SHAM_VOL24	Opioid consumption	Published 'fentanyl consumption' / PCIA solution volume	24 h	Mean/SD	53	52	45.72	16.92	56.54	12.5			mL PCIA solution	INCLUDE	Main article does not report fentanyl concentration. Do not convert mL to µg/mg/MME. 2-Hz vs 20/100-Hz inferential statistics conflict between table and prose
V33-OD-0192	Jin 2023	JIN23_OPIOID24_MASS	Opioid consumption	Exact cumulative fentanyl mass / MME	0-24 h	Not calculable									µg fentanyl / MME	HOLD	Only mL of solution are reported in the main article
V33-OD-0193	Jiang 2026	JIANG26_TEAS_vs_SHAM_FLATUS_PP	GI recovery	Time to first flatus	Postoperative	Median/IQR	294	293							hours	NARRATIVE ONLY	614 randomized but only 587 in PP. Sex/ASA baseline counts contain internal denominator errors
V33-OD-0194	Jiang 2026	JIANG26_TEAS_vs_SHAM_FLATUS_MITT	GI recovery	Time to first flatus	Modified-ITT-type analysis among intervention recipients	Median/IQR	296	297							hours	NARRATIVE ONLY	Authors call this ITT, but it includes 593 who received allocated intervention, not all 614 randomized; 6 post-treatment missing values were conservatively imputed
V33-OD-0195	Jiang 2026	JIANG26_TEAS_vs_SHAM_PONV24	PONV	PONV incidence	Within 24 h	Events/total	294	293					44	67	participants	INCLUDE	Use 44/294 vs 67/293; do not relabel 587 as randomized/ITT
V33-OD-0196	Jiang 2026	JIANG26_TEAS_vs_SHAM_INTRAOP_REMI	Intraoperative opioid	Remifentanil consumption	Intraoperative	Median/IQR	294	293							µg remifentanil	NARRATIVE ONLY	Direct source result; not a postoperative endpoint
V33-OD-0197	Jiang 2026	JIANG26_TEAS_vs_SHAM_OPIOID24	Opioid consumption	Exact cumulative postoperative opioid consumption	0-24 h	Not reported	294	293							mg/µg	NOT REPORTED	PCIA use is reported but exact group-specific postoperative dose is not
V33-OD-0198	Huang 2025	HUANG25_EA_vs_UC_FLATUS	GI recovery	Time to first flatus	Postoperative	Mean/SD	43	45	36.4	8	42.2	8.5			hours	INCLUDE	13/101 randomized participants excluded after randomization; no sham procedure and patient blinding is not credible for penetrating postoperative EA
V33-OD-0199	Huang 2025	HUANG25_EA_vs_UC_DEFEC	GI recovery	Time to first defecation	Postoperative	Mean/SD	43	45	46	8	51.3	9.4			hours	INCLUDE	Same post-randomization exclusion and no-sham concerns apply
V33-OD-0200	Huang 2025	HUANG25_EA_vs_UC_OPIOID24	Opioid consumption	Exact cumulative postoperative opioid consumption	0-24 h	Not reported	43	45							mg/µg	NOT REPORTED	PCA drug/composition and consumption are not reported; rescue analgesia was ketorolac, a non-opioid NSAID
V33-OD-0201	Huang 2024	HUANG24_CONTRA_vs_SHAM_VASD1	Pain	VAS during walking/knee movement	POD1	Mean/SD	38	38	53.16	9.99	56.71	9.84			VAS 0-100	INCLUDE	Three-arm trial; 6 did not complete allocated intervention but authors state ITT and follow-up was obtained for all 114
V33-OD-0202	Huang 2024	HUANG24_IPSI_vs_SHAM_VASD1	Pain	VAS during walking/knee movement	POD1	Mean/SD	38	38	53.5	10.79	56.71	9.84			VAS 0-100	INCLUDE	Three-arm trial; 6 did not complete allocated intervention but authors state ITT and follow-up was obtained for all 114
V33-OD-0203	Huang 2024	HUANG24_CONTRA_vs_SHAM_PCA_D2	Opioid demand	Additional PCA dose/release	POD2; 24 h after first EA session, not necessarily 24 h after surgery	Median/IQR	38	38							source unit not reported	NARRATIVE ONLY	PCA drug, dose per release and outcome unit are not reported; timing is 24 h after first EA rather than explicitly 24 h after surgery
V33-OD-0204	Huang 2024	HUANG24_OPIOID24	Opioid consumption	Exact cumulative postoperative opioid dose	0-24 h	Not calculable	38	38							MME	HOLD	PCA drug identity/composition, bolus dose and exact 24-h-after-surgery exposure are unavailable
V33-OD-0205	Hou 2023	HOU23_TEAS_vs_SHAM_PONV	PONV	PONV incidence	Postoperative / reported review window	Events/total	36	36					4	12	participants	INCLUDE	Two withdrawals (one/group) for personal reasons; no blinding-success test despite active 6-15 mA vibration vs no current
V33-OD-0206	Hou 2023	HOU23_TEAS_vs_SHAM_PAIN_D2	Pain	VAS-P pain	D2 = one day after surgery, not exact clock-time 24 h	Median/IQR	36	36							VAS 0-100 mm	NARRATIVE ONLY	D2 is author-defined as one day after surgery; do not silently label it exact 24 h
V33-OD-0207	Hou 2023	HOU23_TEAS_vs_SHAM_RESCUE	Rescue analgesia	Any rescue flurbiprofen use	Postoperative	Events/total	36	36					15	28	participants	INCLUDE	Flurbiprofen is an NSAID, not an opioid
V33-OD-0208	Hou 2023	HOU23_TEAS_vs_SHAM_OPIOID24	Opioid consumption	Actual total postoperative sufentanil consumption	0-24 h	Not reported	36	36							µg sufentanil	NOT REPORTED	PCIA concentration and basal/bolus settings are known, but actual bolus use/total delivered sufentanil are not reported; fixed basal exposure is not total consumption
V33-OD-0209	Huang 2017	HUANG17_2100_vs_CTRL_REMI	Intraoperative opioid	Total opioid as remifentanil-equivalent rate	Intraoperative	Mean/SD	20	20	0.1128	0.034	0.1617	0.037			µg/kg/min remifentanil-equivalent	INCLUDE	Four-arm frequency trial; preserve each active frequency separately
V33-OD-0210	Huang 2017	HUANG17_2HZ_vs_CTRL_REMI	Intraoperative opioid	Total opioid as remifentanil-equivalent rate	Intraoperative	Mean/SD	20	20	0.1718	0.066	0.1617	0.037			µg/kg/min remifentanil-equivalent	INCLUDE	Four-arm frequency trial; preserve each active frequency separately
V33-OD-0211	Huang 2017	HUANG17_100HZ_vs_CTRL_REMI	Intraoperative opioid	Total opioid as remifentanil-equivalent rate	Intraoperative	Mean/SD	20	20	0.1451	0.036	0.1617	0.037			µg/kg/min remifentanil-equivalent	INCLUDE	Four-arm frequency trial; preserve each active frequency separately
V33-OD-0212	Huang 2017	HUANG17_POSTOP_SUF_AGG	Opioid consumption	Published postoperative sufentanil aggregate	Observation window unclear	Mean/SD	20	20	1.67	0.59	1.32	0.48			µg/kg sufentanil	HOLD	Methods mention 6/12/24/48-h assessments but Table 5 gives only one aggregate dose per group
V33-OD-0213	Huang 2017	HUANG17_OPIOID24	Opioid consumption	Exact cumulative postoperative sufentanil consumption	0-24 h	Not reported	20	20							µg/kg sufentanil	NOT REPORTED	Exact 24-h group values and PCA demand/delivery counts are not published
V33-OD-0214	He 2026 (hepatectomy/JIS)	HEJIS26_TEAS_vs_CTRL_MME24	Opioid consumption	Total postoperative opioid consumption in morphine equivalents	0-24 h	Mean/SD	80	79	20	2.5	20.6	4.5			mg MME	INCLUDE	Supplemental eTable 1 directly reports MME; mITT excludes one canceled surgery and one consent withdrawal after randomization
V33-OD-0215	He 2026 (hepatectomy/JIS)	HEJIS26_TEAS_vs_CTRL_PONV24	PONV	PONV incidence	0-24 h	Events/total	80	79					19	21	participants	INCLUDE	Primary trial outcome; no meaningful between-group difference
V33-OD-0216	He 2026 (hepatectomy/JIS)	HEJIS26_TEAS_vs_CTRL_PCAATT24	Opioid demand	PCA attempts	24 h	Mean/SD	80	79	2.7	3.3	3.5	6.1			attempts	INCLUDE	Fewer attempts despite no difference in total MME
V33-OD-0217	He 2026 (breast/WJCO)	HEBREAST26_EA_vs_SHAM_MODMOV24	Pain	Moderate-to-severe movement-evoked pain (VAS >4)	24 h	Events/total	65	65					32	42	participants	INCLUDE	All 130 analyzed; participant masking intended with shallow sham puncture, but sensory differences were possible
V33-OD-0218	He 2026 (breast/WJCO)	HEBREAST26_EA_vs_SHAM_VASMOV24	Pain	Movement VAS	24 h	Mean/SD	65	65	2.862	0.233	3.954	0.233			VAS	INCLUDE	Article labels values mean±SD, but identical very small dispersions across arms/timepoints warrant source-verification caution
V33-OD-0219	He 2026 (breast/WJCO)	HEBREAST26_EA_vs_SHAM_VASREST24	Pain	Resting VAS	24 h	Mean/SD	65	65	1.789	0.174	2.692	0.174			VAS	INCLUDE	Same dispersion-format caution as movement VAS
V33-OD-0220	He 2026 (breast/WJCO)	HEBREAST26_OPIOID24	Opioid consumption	Cumulative rescue morphine consumption	0-24 h	Not reported	65	65							mg IV morphine	NOT REPORTED	Rescue morphine 1-3 mg IV was allowed, but authors explicitly state rescue opioid consumption was not recorded or compared
V33-OD-0221	Gu 2019	GU19_LTEAS_vs_CTEAS_VAS24	Pain	VAS pain intensity	24 h	Mean/SD	58	59	1.98	0.39	2.72	0.73			VAS 0-10	INCLUDE	Three randomized patients excluded; active 5-30 mA stimulation vs sham no current with no blinding-success assessment
V33-OD-0222	Gu 2019	GU19_LTEAS_vs_CTEAS_BOWEL	GI recovery	Time to first bowel sounds	Postoperative	Mean/SD	58	59	19.69	7.61	26.58	7.43			hours	INCLUDE	First flatus/defecation were patient self-recorded; bowel sounds were nurse-assessed
V33-OD-0223	Gu 2019	GU19_LTEAS_vs_CTEAS_FLATUS	GI recovery	Time to first flatus	Postoperative	Mean/SD	58	59	36.58	10.75	43.56	9.57			hours	INCLUDE	First flatus/defecation were patient self-recorded; bowel sounds were nurse-assessed
V33-OD-0224	Gu 2019	GU19_LTEAS_vs_CTEAS_DEFEC	GI recovery	Time to first defecation	Postoperative	Mean/SD	58	59	71.48	20.62	77.27	22.67			hours	INCLUDE	First flatus/defecation were patient self-recorded; bowel sounds were nurse-assessed
V33-OD-0225	Gu 2019	GU19_LTEAS_vs_CTEAS_PCIA4	PCIA solution volume	Cumulative multimodal PCIA solution consumed	4 h	Mean/SD	58	59	10.02	2.26	13.38	2.98			mL multimodal PCIA solution	INCLUDE	Pump also contains dexmedetomidine, flurbiprofen and palonosetron; exact 24-h value is graph-only | V34: Solution contains sufentanil, dexmedetomidine, flurbiprofen and palonosetron. No v34 conversion
V33-OD-0226	Gu 2019	GU19_LTEAS_vs_CTEAS_PCIA8	PCIA solution volume	Cumulative multimodal PCIA solution consumed	8 h	Mean/SD	58	59	20.55	4.59	24.63	3.94			mL multimodal PCIA solution	INCLUDE	Pump also contains dexmedetomidine, flurbiprofen and palonosetron; exact 24-h value is graph-only | V34: Solution contains sufentanil, dexmedetomidine, flurbiprofen and palonosetron. No v34 conversion
V33-OD-0227	Gu 2019	GU19_LTEAS_vs_CTEAS_PCIA36	PCIA solution volume	Cumulative multimodal PCIA solution consumed	36 h	Mean/SD	58	59	72.64	9.74	76.01	10.43			mL multimodal PCIA solution	INCLUDE	Pump also contains dexmedetomidine, flurbiprofen and palonosetron; exact 24-h value is graph-only | V34: Solution contains sufentanil, dexmedetomidine, flurbiprofen and palonosetron. No v34 conversion
V33-OD-0228	Gu 2019	GU19_OPIOID24	PCIA solution volume	Cumulative multimodal PCIA solution volume	0-24 h	Graph-only continuous data	58	59							mL multimodal PCIA solution	GRAPH ONLY	24-h PCIA point is visible graphically but not numerically reported | V34: Solution contains sufentanil, dexmedetomidine, flurbiprofen and palonosetron. No v34 conversion to opioid mass.
V33-OD-0229	Guo 2023	GUO23_TEAS_vs_SHAM_POCD1	Neurocognitive	Postoperative cognitive dysfunction (MoCA decline ≥1 SD)	POD1	Events/total	55	55					11	36	participants	INCLUDE	18/128 randomized participants excluded from analysis, including conversions, repeat surgery, refusal and deaths
V33-OD-0230	Guo 2023	GUO23_TEAS_vs_SHAM_POCD7	Neurocognitive	Postoperative cognitive dysfunction (MoCA decline ≥1 SD)	POD7	Events/total	55	55					4	24	participants	INCLUDE	18/128 randomized participants excluded from analysis, including conversions, repeat surgery, refusal and deaths
V33-OD-0231	Guo 2023	GUO23_TEAS_vs_SHAM_POCD30	Neurocognitive	Postoperative cognitive dysfunction (MoCA decline ≥1 SD)	POD30	Events/total	55	55					2	22	participants	INCLUDE	18/128 randomized participants excluded from analysis, including conversions, repeat surgery, refusal and deaths
V33-OD-0232	Guo 2023	GUO23_TEAS_vs_SHAM_REMI	Intraoperative opioid	Remifentanil consumption	Intraoperative	Mean/SD	55	55	0.87	0.3	1.01	0.39			mg remifentanil	INCLUDE	Complete-case n=55/group
V33-OD-0233	Guo 2023	GUO23_PAINPOD1	Pain	NRS pain intensity	POD1	Graph-only continuous data	55	55							NRS	GRAPH ONLY	Exact means/SDs are figure-only
V33-OD-0234	Guo 2023	GUO23_OPIOID24	Opioid consumption	Actual postoperative sufentanil consumption	0-24 h	Not reported	55	55							µg sufentanil	NOT REPORTED	PCIA prescription is reported but actual delivered 24-h/48-h sufentanil is not
V33-OD-0235	Grech 2016	GRECH16_EA_vs_CTRL_PACU_MME_WOMEN	Opioid consumption	PACU analgesic requirement in women-only subgroup	PACU	Graph-only morphine-equivalent outcome	9	9							mg morphine-equivalent	GRAPH ONLY	Post hoc women-only subgroup excludes two men from EA arm; exact means/SEM are not tabulated
V33-OD-0236	Grech 2016	GRECH16_EA_vs_CTRL_OPIOID24	Opioid consumption	Exact cumulative 24-h postoperative morphine-equivalent consumption	0-24 h	Not reported									mg morphine-equivalent	NOT REPORTED	Day-1 analgesic use is graphical and exact 24-h mean/dispersion is not tabulated
V33-OD-0237	Grech 2016	GRECH16_EA_vs_CTRL_PAIN	Pain	Postoperative VAS pain	PACU and POD1-3	Graph-only continuous data									VAS 0-10	GRAPH ONLY	Exact numeric pain means/SEM are not tabulated
V33-OD-0238	Gao 2021	GAO21_TEAS_vs_SHAM_POI	GI recovery	Postoperative paralytic ileus: no flatus >72 h	Postoperative	Events/total	303	307					98	126	participants	INCLUDE	Full ITT of all 610 randomized; participant sensory masking limited because active TEAS was perceptible
V33-OD-0239	Gao 2021	GAO21_TEAS_vs_SHAM_FLATUS	GI recovery	Time to first flatus	Postoperative	Mean/SD	303	307	63.4	29	76.3	37.9			hours	INCLUDE	Full randomized sample retained; participant awareness may influence self-reported GI milestones
V33-OD-0240	Gao 2021	GAO21_TEAS_vs_SHAM_DEFEC	GI recovery	Time to first defecation	Postoperative	Mean/SD	303	307	106.7	65.6	121.5	65.6			hours	INCLUDE	Full randomized sample retained; participant awareness may influence self-reported GI milestones
V33-OD-0241	Gao 2021	GAO21_TEAS_vs_SHAM_DIET	GI recovery	Time to resume normal diet	Postoperative	Mean/SD	303	307	373.9	224.9	425.5	235.6			hours	INCLUDE	Full randomized sample retained; participant awareness may influence self-reported GI milestones
V33-OD-0242	Gao 2021	GAO21_OPIOID24	Opioid consumption	Exact cumulative postoperative opioid consumption	0-24 h	Not reported	303	307							mg/µg	NOT REPORTED	Main article reports only whether postoperative analgesia was used, not drug-specific dose/route/PCA consumption
V33-OD-0243	Yeh 2010	YEH10_AES_vs_SHAM_MORPH24	Opioid consumption	24-h morphine PCA dose	First 24 postoperative hours	Mean/SD	33	30	18.6	9.7	21.6	13.1			mg morphine; source explicitly calls PCA epidural	DUPLICATE HOLD	Probable overlapping publication/cohort with Yeh 2011. Five of 99 entrants did not complete and randomized arm assignment of losses is NR. Do not treat both papers as independent.
V33-OD-0244	Yeh 2010	YEH10_AES_vs_CONTROL_MORPH24	Opioid consumption	24-h morphine PCA dose	First 24 postoperative hours	Mean/SD	33	31	18.6	9.7	27.2	12.5			mg morphine; source explicitly calls PCA epidural	DUPLICATE HOLD	Same probable overlapping cohort issue; route must not be silently recoded as IV.
V33-OD-0245	Yeh 2011	YEH11_AES_vs_SHAM_MORPH24	Opioid consumption	24-h IV morphine PCA dose	First 24 postoperative hours	Mean/SD	30	30	19.3	9.7	21.6	13.1			mg IV morphine	DUPLICATE HOLD	Highly similar to Yeh 2010 in population, acupoints, comparator and 24-h opioid values; do not count independently until cohort/publication linkage is adjudicated.
V33-OD-0246	Yeh 2011	YEH11_AES_vs_CONTROL_MORPH24	Opioid consumption	24-h IV morphine PCA dose	First 24 postoperative hours	Mean/SD	30	30	19.3	9.7	28	12.1			mg IV morphine	DUPLICATE HOLD	Sequential allocation without sealed envelopes; probable overlapping publication family with Yeh 2010.
V33-OD-0247	Wong 2006	WONG06_EA_vs_SHAM_MORPHD0	Opioid consumption	IV PCA morphine consumption	Day 0	Mean/SD	13	12	8.3	4.9	7.8	6.4			mg IV morphine	INCLUDE	Both groups also received scheduled oral dextropropoxyphene. Two randomized sham patients were excluded after serious postoperative complications.
V33-OD-0248	Wong 2006	WONG06_EA_vs_SHAM_MORPHD1	Opioid consumption	IV PCA morphine consumption	Day 1	Mean/SD	13	12	18	8.8	18.8	9.8			mg IV morphine	INCLUDE	Both groups also received scheduled oral dextropropoxyphene. Two randomized sham patients were excluded after serious postoperative complications.
V33-OD-0249	Wong 2006	WONG06_EA_vs_SHAM_MORPHD2	Opioid consumption	IV PCA morphine consumption	Day 2	Mean/SD	13	12	7.5	5	15.7	12			mg IV morphine	INCLUDE	Both groups also received scheduled oral dextropropoxyphene. Two randomized sham patients were excluded after serious postoperative complications.
V33-OD-0250	Wong 2006	WONG06_EA_vs_SHAM_MORPHTOTAL	Opioid consumption	IV PCA morphine consumption	First 3 postoperative days total	Mean/SD	13	12	33.9	12.8	42.3	21.3			mg IV morphine	INCLUDE	Both groups also received scheduled oral dextropropoxyphene. Two randomized sham patients were excluded after serious postoperative complications.
V33-OD-0251	Wong 2006	WONG06_EA_vs_SHAM_OPIOID24	Opioid consumption	Exact total opioid exposure	0-24 h	Not reported	13	12							mg MME	NOT REPORTED	Day labels are not defined as exact consecutive 24-h windows and scheduled dextropropoxyphene contributes additional opioid exposure.
V33-OD-0252	El-Rakshy 2009	ELR09_EA_vs_CTRL_MORPH24	Opioid consumption	Total IV morphine analgesia	First 24 h	Mean/SD	42	53	35.3	18	36.9	18			mg IV morphine	INCLUDE	Publication has irreconcilable allocation/analyzed group labels. Use Table 2 n=42 EA and n=53 control for this result; do not substitute overall study denominators.
V33-OD-0253	El-Rakshy 2009	ELR09_EA_vs_CTRL_MORPH4	Opioid consumption	Total IV morphine analgesia	First 4 h	Mean/SD	40	53	13.4	7.5	13.2	8.6			mg IV morphine	INCLUDE	Again preserve outcome-specific n=40 EA and n=53 control.
V33-OD-0254	An 2014	AN14_EA_vs_CTRL_FENT48	Opioid consumption	Total postoperative fentanyl PCIA dose	Through reported 48-h PCIA period	Mean/SD	41	40	0.67	0.09	0.73	0.12			mg fentanyl	INCLUDE	Seven of 88 randomized patients were excluded from analysis; total fentanyl is not isolated to 0-24 h.
V33-OD-0255	An 2014	AN14_EA_vs_CTRL_OPIOID24	Opioid consumption	Exact cumulative postoperative fentanyl	0-24 h	Not reported	41	40							mg/µg fentanyl	NOT REPORTED	Published bolus activity is split 0-6 h and 6-48 h; exact 0-24-h fentanyl cannot be reconstructed.
V33-OD-0256	Chen 2015	CHEN15Q_TEAS_vs_CTRL_QOR40	Quality of recovery	Global QoR-40	24 h	Median/IQR	41	42							QoR-40 points	NARRATIVE ONLY	One TEAS participant excluded for protocol breach; active 6-9 mA stimulation vs no-current control may compromise patient blinding for a patient-reported primary outcome.
V33-OD-0257	Chen 2015	CHEN15Q_TEAS_vs_CTRL_PONV24	PONV	PONV incidence	0-24 h	Events/total	41	42					10	26	participants	INCLUDE	Use analyzed denominators 41 and 42.
V33-OD-0258	Chen 2015	CHEN15Q_TEAS_vs_CTRL_RESCUEMORPH24	Opioid consumption	Cumulative rescue IV morphine dose derived from fixed 2-mg rescue administrations	0-24 h	Median/IQR	41	42							mg IV morphine	NARRATIVE ONLY	Source reports rescue-administration count 1 (1-3) vs 3.5 (2-7); each rescue administration was fixed at morphine 2 mg. Linear conversion to mg is exact, but the source itself reports counts rather th
V33-OD-0259	Chen 2015 (Hyperalgesia)	CHEN15H_TEAS_vs_SHAM_RESCUECOUNT24	Opioid demand	Cumulative number of rescue sufentanil PCIA boluses	0-24 h	Median/IQR	29	30							boluses	NARRATIVE ONLY	One TEAS participant excluded for protocol breach. Do not convert using group-average body weight to absolute µg.
V33-OD-0260	Chen 2015 (Hyperalgesia)	CHEN15H_TEAS_vs_SHAM_SUFKG24	Opioid consumption	Derived cumulative sufentanil dose from fixed 0.05 µg/kg bolus	0-24 h	Median/IQR	29	30							µg/kg sufentanil	NARRATIVE ONLY	Exact linear conversion from 0.05 µg/kg per bolus × reported bolus count. Do not convert to absolute µg or MME without individual body weights.
V33-OD-0261	Chen 2015 (Hyperalgesia)	CHEN15H_TEAS_vs_SHAM_PONV24	PONV	PONV incidence	0-24 h	Events/total	29	30					5	13	participants	INCLUDE	Use 29 analyzed TEAS and 30 control; one TEAS protocol-breach exclusion.
V33-OD-0262	Ao 2021	AO21_TEAS_vs_SHAM_PCA48	Opioid demand	Cumulative PCA solution consumption	48 h	Mean/SD	32	33	102.8	7.4	120.6	9.2			mL PCA solution	INCLUDE	Exact 24-h sufentanil total is not reported; the earlier 24-h VAS row is graph-digitized and remains derived.
V33-OD-0263	Wu 2016	WU16_TAES_vs_ACTIVE_OPIOID24	Opioid consumption	Exact cumulative postoperative opioid/tramadol consumption	0-24 h	Not reported	27	27							mg tramadol (IV rescue)	NOT REPORTED	IV tramadol 100 mg was available as rescue, but group-specific cumulative dose/number of rescues for 0-24 h is not reported.
V33-OD-0264	Wu 2016	WU16_TAES_vs_UC_OPIOID24	Opioid consumption	Exact cumulative postoperative opioid/tramadol consumption	0-24 h	Not reported	27	27							mg tramadol (IV rescue)	NOT REPORTED	Rescue analgesic demand was lower with true TAES vs no TAES, but exact 0-24-h tramadol dose/number of rescues is not reported.
V33-OD-0265	Wu 2016	WU16_TAES_vs_ACTIVE_REST24	Pain	VAS pain intensity at rest	24 h postoperatively	Graph-only continuous data	27	27							VAS 0-10	GRAPH ONLY	Exact 24-h mean/SD are shown only in Figure 1A; do not infer numeric values from the plot without formal digitization.
V33-OD-0266	Wu 2016	WU16_TAES_vs_UC_REST24	Pain	VAS pain intensity at rest	24 h postoperatively	Graph-only continuous data	27	27							VAS 0-10	GRAPH ONLY	Exact 24-h mean/SD are shown only in Figure 1A; do not infer numeric values from the plot without formal digitization.
V33-OD-0267	Wu 2016	WU16_TAES_vs_ACTIVE_COUGH24	Pain	VAS pain intensity during coughing	24 h postoperatively	Graph-only continuous data	27	27							VAS 0-10	GRAPH ONLY	Exact 24-h mean/SD are shown only in Figure 1B; do not infer numeric values from the plot without formal digitization.
V33-OD-0268	Wu 2016	WU16_TAES_vs_UC_COUGH24	Pain	VAS pain intensity during coughing	24 h postoperatively	Graph-only continuous data	27	27							VAS 0-10	GRAPH ONLY	Exact 24-h mean/SD are shown only in Figure 1B; do not infer numeric values from the plot without formal digitization.
V33-OD-0269	Wu 2016	WU16_TAES_vs_ACTIVE_PONV	PONV	Postoperative nausea/vomiting incidence	Postoperative period; exact window not reported	Events/total	27	27					3	8	participants	INCLUDE	Table II does not specify the postoperative complication ascertainment window; do not relabel as 0-24 h.
V33-OD-0270	Wu 2016	WU16_TAES_vs_UC_PONV	PONV	Postoperative nausea/vomiting incidence	Postoperative period; exact window not reported	Events/total	27	27					3	9	participants	INCLUDE	Table II does not specify the postoperative complication ascertainment window; do not relabel as 0-24 h.
V33-OD-0271	Wu 2016	WU16_TAES_vs_ACTIVE_LOS	Recovery	Hospital length of stay	Postoperative hospitalization	Mean/SD	27	27	8.7	1.9	11.5	1.6			days	INCLUDE	Three-arm RCT with 3 post-randomization exclusions per arm; pairwise P not reported.
V33-OD-0272	Wu 2016	WU16_TAES_vs_UC_LOS	Recovery	Hospital length of stay	Postoperative hospitalization	Mean/SD	27	27	8.7	1.9	10.3	1.5			days	INCLUDE	Three-arm RCT with 3 post-randomization exclusions per arm; pairwise P not reported.
V33-OD-0273	Wu 2016	WU16_TAES_vs_UC_RESCUE	Rescue analgesia	Rescue IV tramadol requirement	Postoperative period; exact window not reported	Qualitative / exact quantities unavailable	27	27							100 mg IV tramadol per rescue	HOLD	Authors report significantly lower rescue analgesic demand with true TAES vs no TAES, but no exact participant counts, number of doses, or cumulative tramadol dose are tabulated.
V33-OD-0274	Gao 2022	GAO22_TEAS_vs_SHAM_SUFPUMP24	Opioid consumption	Cumulative postoperative sufentanil delivered by analgesic pump	0-24 h	Median/IQR	827	828							µg sufentanil	NARRATIVE ONLY	Analgesic pump was individualized; 72.2% TEAS vs 71.0% sham received sufentanil pump. Preserve the reported full-group median/IQR including zeros; do not relabel as mean/SD.
V33-OD-0275	Gao 2022	GAO22_TEAS_vs_SHAM_PAIN24	Pain	24 h postoperative pain VAS score	0-24 h / 24 h assessment	Mean/SD	827	828	2	1.7	2.2	1.8			VAS 0-10	INCLUDE	Patient-reported subjective outcome; the authors state patients could not be fully blinded because true stimulation was perceptible. Outcome-specific RoB should be assessed separately from the opioid 
V33-OD-0276	Gao 2022	GAO22_TEAS_vs_SHAM_PONV24	PONV	Any postoperative nausea and/or retching and/or vomiting	0-24 h	Events/total	827	828					243	283	participants with PONV	INCLUDE	Use raw events/total for unadjusted RR. The composite includes subjective nausea and patients were not fully blinded to stimulation sensation; outcome-specific RoB may be higher than for the objective
V33-OD-0277	Gao 2022	GAO22_TEAS_vs_SHAM_VOMIT24	PONV	Postoperative vomiting incidence	0-24 h	Events/total	827	828					86	147	participants with vomiting	INCLUDE	Use raw events/total rather than the adjusted logistic OR for meta-analysis unless the protocol specifies adjusted effects. Sensory blinding was imperfect.
V33-OD-0278	Gao 2022	GAO22_TEAS_vs_SHAM_PERSISTNAUSEA24	PONV	Persistent nausea (>5 min)	0-24 h	Events/total	827	828					18	42	participants with persistent nausea	INCLUDE	Subjective nausea outcome with imperfect participant blinding; keep separate from composite PONV and vomiting.
V33-OD-0279	Gao 2022	GAO22_TEAS_vs_SHAM_SUFINTRA	Intraoperative opioid	Intraoperative sufentanil dose	Intraoperative	Median/IQR	827	828							µg sufentanil	NARRATIVE ONLY	Preserve native median/IQR; do not relabel as mean/SD.
V33-OD-0280	Gao 2022	GAO22_TEAS_vs_SHAM_REMIINTRA	Intraoperative opioid	Intraoperative remifentanil dose	Intraoperative	Median/IQR	827	828							µg remifentanil	NARRATIVE ONLY	Preserve native median/IQR; do not relabel as mean/SD.
V33-OD-0281	Liu 2015	LIU15_TEAS_vs_SHAM_OPIOID24	Opioid consumption	Exact cumulative postoperative sufentanil PCIA consumption	0-24 h	Not reported	44	44							µg sufentanil	NOT REPORTED	PCIA contained sufentanil 100 µg in 50 mL at 1 mL/h with 0.5-mL patient boluses. Basal infusion alone is not total consumption; cumulative bolus count/dose and total 0-24-h sufentanil are not reported
V33-OD-0282	Liu 2015	LIU15_TEAS_vs_SHAM_SUFINTRA	Intraoperative opioid	Total intraoperative sufentanil consumption	Intraoperative	Mean/SD	44	44	95.6	21.76	117.7	37.95			µg sufentanil	INCLUDE	Four post-randomization exclusions (2/group) met prespecified withdrawal criteria; total-dose outcome is objective but exclusions may affect the estimand.
V33-OD-0283	Liu 2015	LIU15_TEAS_vs_SHAM_PROPINTRA	Intraoperative anesthetic	Total intraoperative propofol consumption	Intraoperative	Mean/SD	44	44	216.3	67.72	234.1	71.3			mg propofol	INCLUDE	Objective total propofol dose; four post-randomization exclusions (2/group).
V33-OD-0284	Liu 2015	LIU15_TEAS_vs_SHAM_RESP	Recovery	Time to spontaneous respiration after anesthesia	Immediate postoperative recovery	Mean/SD	44	44	16	9.99	23.4	14.13			minutes	INCLUDE	Directly reported recovery-time endpoint; four post-randomization exclusions (2/group).
V33-OD-0285	Liu 2015	LIU15_TEAS_vs_SHAM_EXTUB	Recovery	Extubation time	Immediate postoperative recovery	Mean/SD	44	44	26.6	14.17	33.7	17.4			minutes	INCLUDE	Directly reported recovery-time endpoint; four post-randomization exclusions (2/group).
V33-OD-0286	Liu 2015	LIU15_TEAS_vs_SHAM_EYEOPEN	Recovery	Eye-opening time	Immediate postoperative recovery	Mean/SD	44	44	22.2	12.04	28.2	17.74			minutes	INCLUDE	Directly reported recovery-time endpoint; four post-randomization exclusions (2/group).
V33-OD-0287	Liu 2015	LIU15_TEAS_vs_SHAM_MOVE	Recovery	Time to spontaneous movement	Immediate postoperative recovery	Mean/SD	44	44	27.5	13.79	34.3	22.59			minutes	INCLUDE	Directly reported recovery-time endpoint; four post-randomization exclusions (2/group).
V33-OD-0288	Liu 2015	LIU15_TEAS_vs_SHAM_REORIENT	Recovery	Time to reorientation	Immediate postoperative recovery	Mean/SD	44	44	35.3	16.11	42.7	19.8			minutes	INCLUDE	Directly reported recovery-time endpoint; four post-randomization exclusions (2/group).
V33-OD-0289	Liu 2015	LIU15_TEAS_vs_SHAM_ORDISCH	Recovery	Time to discharge from operating room	Immediate postoperative recovery	Mean/SD	44	44	39.8	15.74	48.7	16.7			minutes	INCLUDE	Directly reported recovery-time endpoint; four post-randomization exclusions (2/group).
V33-OD-0290	Liu 2015	LIU15_TEAS_vs_SHAM_PAINPOD1	Pain	Postoperative VAS pain score	Postoperative day 1	Graph-only continuous data	44	44							VAS 0-10	GRAPH ONLY	Exact Postoperative day 1 mean/SD are shown only in Figure 2; do not infer numeric values from the plot without formal digitization.
V33-OD-0291	Liu 2015	LIU15_TEAS_vs_SHAM_PAINPOD2	Pain	Postoperative VAS pain score	Postoperative day 2	Graph-only continuous data	44	44							VAS 0-10	GRAPH ONLY	Exact Postoperative day 2 mean/SD are shown only in Figure 2; do not infer numeric values from the plot without formal digitization.
V33-OD-0292	Liu 2015	LIU15_TEAS_vs_SHAM_PAINPOD3	Pain	Postoperative VAS pain score	Postoperative day 3	Graph-only continuous data	44	44							VAS 0-10	GRAPH ONLY	Exact Postoperative day 3 mean/SD are shown only in Figure 2; do not infer numeric values from the plot without formal digitization.
V33-OD-0293	Liu 2015	LIU15_TEAS_vs_SHAM_NAUSEAPOD1	PONV	Postoperative nausea incidence	Postoperative day 1	Events/total	44	44					11	9	participants with nausea	INCLUDE	The article states nausea/vomiting incidences did not differ significantly between groups; table provides day-labelled event counts without clock-defined ascertainment windows. Use raw events/total.
V33-OD-0294	Liu 2015	LIU15_TEAS_vs_SHAM_NAUSEAPOD2	PONV	Postoperative nausea incidence	Postoperative day 2	Events/total	44	44					2	5	participants with nausea	INCLUDE	The article states nausea/vomiting incidences did not differ significantly between groups; table provides day-labelled event counts without clock-defined ascertainment windows. Use raw events/total.
V33-OD-0295	Liu 2015	LIU15_TEAS_vs_SHAM_NAUSEAPOD3	PONV	Postoperative nausea incidence	Postoperative day 3	Events/total	44	44					2	2	participants with nausea	INCLUDE	The article states nausea/vomiting incidences did not differ significantly between groups; table provides day-labelled event counts without clock-defined ascertainment windows. Use raw events/total.
V33-OD-0296	Liu 2015	LIU15_TEAS_vs_SHAM_VOMITPOD1	PONV	Postoperative vomiting incidence	Postoperative day 1	Events/total	44	44					9	8	participants with vomiting	INCLUDE	The article states nausea/vomiting incidences did not differ significantly between groups; table provides day-labelled event counts without clock-defined ascertainment windows. Use raw events/total.
V33-OD-0297	Liu 2015	LIU15_TEAS_vs_SHAM_VOMITPOD2	PONV	Postoperative vomiting incidence	Postoperative day 2	Events/total	44	44					2	4	participants with vomiting	INCLUDE	The article states nausea/vomiting incidences did not differ significantly between groups; table provides day-labelled event counts without clock-defined ascertainment windows. Use raw events/total.
V33-OD-0298	Liu 2015	LIU15_TEAS_vs_SHAM_VOMITPOD3	PONV	Postoperative vomiting incidence	Postoperative day 3	Events/total	44	44					1	0	participants with vomiting	INCLUDE	The article states nausea/vomiting incidences did not differ significantly between groups; table provides day-labelled event counts without clock-defined ascertainment windows. Use raw events/total.
V33-OD-0299	Oztas 2019	OZT19_TAES_vs_CTRL_TRAM24	Opioid consumption	Cumulative IV PCA tramadol HCl consumption	0-24 h	Mean/SD	15	16	228.4	87.89	357.81	123.7			mg tramadol	INCLUDE	Separate rescue IM pethidine was also used and reported; combined all-opioid mean/SD cannot be derived without covariance/raw data. One TAES patient excluded post-randomization.
V33-OD-0300	Oztas 2019	OZT19_TAES_vs_TENS_TRAM24	Opioid consumption	Cumulative IV PCA tramadol HCl consumption	0-24 h	Mean/SD	15	16	228.4	87.89	257.68	65.55			mg tramadol	INCLUDE	Separate rescue pethidine also used; active comparator must not be relabeled as sham/usual care. One TAES patient excluded post-randomization.
V33-OD-0301	Oztas 2019	OZT19_TAES_vs_CTRL_TRAM48	Opioid consumption	Cumulative IV PCA tramadol HCl consumption	24-48 h	Mean/SD	15	16	164.46	61.31	265.65	96.71			mg tramadol	INCLUDE	Separate rescue pethidine was also used; not a 0-24 h endpoint.
V33-OD-0302	Oztas 2019	OZT19_TAES_vs_TENS_TRAM48	Opioid consumption	Cumulative IV PCA tramadol HCl consumption	24-48 h	Mean/SD	15	16	164.46	61.31	195.5	71.74			mg tramadol	INCLUDE	Separate rescue pethidine was also used; not a 0-24 h endpoint.
V33-OD-0303	Oztas 2019	OZT19_TAES_vs_CTRL_PETH24	Rescue opioid use	Rescue IM pethidine HCl consumption	0-24 h	Mean/SD	15	16	20.66	27.89	33.12	42.69			mg pethidine	INCLUDE	Rescue opioid reported separately from PCA tramadol; do not sum aggregate SDs without covariance/raw data.
V33-OD-0304	Oztas 2019	OZT19_TAES_vs_TENS_PETH24	Rescue opioid use	Rescue IM pethidine HCl consumption	0-24 h	Mean/SD	15	16	20.66	27.89	33.75	56.55			mg pethidine	INCLUDE	Rescue opioid reported separately from PCA tramadol; active comparator must remain separate.
V33-OD-0305	Oztas 2019	OZT19_TAES_vs_CTRL_PETH48	Rescue opioid use	Rescue IM pethidine HCl consumption	24-48 h	Mean/SD	15	16	10	20.7	6.25	17.07			mg pethidine	INCLUDE	Rescue opioid reported separately from PCA tramadol; do not sum aggregate SDs without covariance/raw data.
V33-OD-0306	Oztas 2019	OZT19_TAES_vs_TENS_PETH48	Rescue opioid use	Rescue IM pethidine HCl consumption	24-48 h	Mean/SD	15	16	10	20.7	6.31	17.05			mg pethidine	INCLUDE	Rescue opioid reported separately from PCA tramadol; active comparator must remain separate.
V33-OD-0307	Oztas 2019	OZT19_TAES_vs_CTRL_DEX24	Rescue analgesia	Rescue IV dexketoprofen trometamol consumption	0-24 h	Mean/SD	15	16	53.33	35.18	71.87	40.69			mg dexketoprofen	INCLUDE	Non-opioid rescue analgesic; never relabel as opioid consumption.
V33-OD-0308	Oztas 2019	OZT19_TAES_vs_TENS_DEX24	Rescue analgesia	Rescue IV dexketoprofen trometamol consumption	0-24 h	Mean/SD	15	16	53.33	35.18	46.87	46.43			mg dexketoprofen	INCLUDE	Non-opioid rescue analgesic; active comparator must remain separate.
V33-OD-0309	Oztas 2019	OZT19_TAES_vs_CTRL_DEX48	Rescue analgesia	Rescue IV dexketoprofen trometamol consumption	24-48 h	Mean/SD	15	16	33.33	40.82	53.12	59.07			mg dexketoprofen	INCLUDE	Non-opioid rescue analgesic; never relabel as opioid consumption.
V33-OD-0310	Oztas 2019	OZT19_TAES_vs_TENS_DEX48	Rescue analgesia	Rescue IV dexketoprofen trometamol consumption	24-48 h	Mean/SD	15	16	33.33	40.82	31.25	35.93			mg dexketoprofen	INCLUDE	Non-opioid rescue analgesic; active comparator must remain separate.
V33-OD-0311	Oztas 2019	OZT19_TAES_vs_CTRL_PAIN2H	Pain	Resting postoperative pain after stimulation	2 h after surgery / after intervention	Mean/SD	15	16	3.67	1.44	6.38	2.09			VAS (methods state 1–10; tables include 0)	INCLUDE	Open-label subjective outcome; source methods describe VAS 1–10 although tabulated minima include 0.
V33-OD-0312	Oztas 2019	OZT19_TAES_vs_TENS_PAIN2H	Pain	Resting postoperative pain after stimulation	2 h after surgery / after intervention	Mean/SD	15	16	3.67	1.44	4.75	1.57			VAS (methods state 1–10; tables include 0)	INCLUDE	Open-label subjective outcome; source methods describe VAS 1–10 although tabulated minima include 0.
V33-OD-0313	Oztas 2019	OZT19_TAES_vs_CTRL_PAIN18H	Pain	Resting postoperative pain after stimulation	18 h after surgery / after intervention	Mean/SD	15	16	2.67	1.23	5.81	2.31			VAS (methods state 1–10; tables include 0)	INCLUDE	Open-label subjective outcome; source methods describe VAS 1–10 although tabulated minima include 0.
V33-OD-0314	Oztas 2019	OZT19_TAES_vs_TENS_PAIN18H	Pain	Resting postoperative pain after stimulation	18 h after surgery / after intervention	Mean/SD	15	16	2.67	1.23	2.19	1.27			VAS (methods state 1–10; tables include 0)	INCLUDE	Open-label subjective outcome; source methods describe VAS 1–10 although tabulated minima include 0.
V33-OD-0315	Oztas 2019	OZT19_TAES_vs_CTRL_PAIN22H	Pain	Resting postoperative pain after stimulation	22 h after surgery / after intervention	Mean/SD	15	16	3	1.3	4.88	1.78			VAS (methods state 1–10; tables include 0)	INCLUDE	Open-label subjective outcome; source methods describe VAS 1–10 although tabulated minima include 0.
V33-OD-0316	Oztas 2019	OZT19_TAES_vs_TENS_PAIN22H	Pain	Resting postoperative pain after stimulation	22 h after surgery / after intervention	Mean/SD	15	16	3	1.3	2.19	1.22			VAS (methods state 1–10; tables include 0)	INCLUDE	Open-label subjective outcome; source methods describe VAS 1–10 although tabulated minima include 0.
V33-OD-0317	Oztas 2019	OZT19_TAES_vs_CTRL_PAIN42H	Pain	Resting postoperative pain after stimulation	42 h after surgery / after intervention	Mean/SD	15	16	2.27	1.28	4.19	1.6			VAS (methods state 1–10; tables include 0)	INCLUDE	Open-label subjective outcome; source methods describe VAS 1–10 although tabulated minima include 0.
V33-OD-0318	Oztas 2019	OZT19_TAES_vs_TENS_PAIN42H	Pain	Resting postoperative pain after stimulation	42 h after surgery / after intervention	Mean/SD	15	16	2.27	1.28	1.56	1.15			VAS (methods state 1–10; tables include 0)	INCLUDE	Open-label subjective outcome; source methods describe VAS 1–10 although tabulated minima include 0.
V33-OD-0319	Oztas 2019	OZT19_TAES_vs_CTRL_PAIN46H	Pain	Resting postoperative pain after stimulation	46 h after surgery / after intervention	Mean/SD	15	16	2.33	0.81	4	1.46			VAS (methods state 1–10; tables include 0)	INCLUDE	Open-label subjective outcome; source methods describe VAS 1–10 although tabulated minima include 0.
V33-OD-0320	Oztas 2019	OZT19_TAES_vs_TENS_PAIN46H	Pain	Resting postoperative pain after stimulation	46 h after surgery / after intervention	Mean/SD	15	16	2.33	0.81	1.75	0.85			VAS (methods state 1–10; tables include 0)	INCLUDE	Open-label subjective outcome; source methods describe VAS 1–10 although tabulated minima include 0.
V33-OD-0321	Oztas 2019	OZT19_TAES_vs_CTRL_NAUSEA24	PONV	Nausea severity	0-24 h	Qualitative / exact group values unavailable	15	16							VAS 1-10	HOLD	Article states no significant group difference but does not provide group-specific nausea values in the main text/tables.
V33-OD-0322	Oztas 2019	OZT19_TAES_vs_CTRL_VOMIT24	PONV	Vomiting occurrence	0-24 h	Qualitative / exact group values unavailable	15	16							events/participants	HOLD	Article states no significant group difference but does not provide group-specific vomiting counts in the main text/tables.
V33-OD-0323	Oztas 2019	OZT19_TAES_vs_CTRL_TOTALOP24	Opioid consumption	Complete combined postoperative opioid exposure (tramadol + rescue pethidine)	0-24 h	Not calculable	15	16							MME / combined opioid dose	HOLD	Tramadol and pethidine are reported separately as aggregate mean/SD. The SD of their within-person sum cannot be recovered from aggregate data without covariance.
V33-OD-0324	Song 2020	SONG20_TEAS_vs_SHAM_SUFINTRA	Intraoperative opioid	Total intraoperative sufentanil consumption	Intraoperative	Mean/SD	42	43	18.54	2.3	19.09	2.7			µg sufentanil	INCLUDE	Authors report 85 in ITT and 78 PP; Table 3/Table 2 retain original 42/43 group denominators. Active nonacupoint stimulation was used to preserve masking.
V33-OD-0325	Song 2020	SONG20_TEAS_vs_SHAM_PAIN2H	Pain	Postoperative VAS pain score	2 h after surgery	Mean/SD	42	43	4.74	1.5	5.77	1.2			VAS 0-10	INCLUDE	Authors report 85 in ITT and 78 PP; Table 3/Table 2 retain original 42/43 group denominators. Active nonacupoint stimulation was used to preserve masking.
V33-OD-0326	Song 2020	SONG20_TEAS_vs_SHAM_PAIN4H	Pain	Postoperative VAS pain score	4 h after surgery	Mean/SD	42	43	3.93	1.3	5.02	1.2			VAS 0-10	INCLUDE	Authors report 85 in ITT and 78 PP; Table 3/Table 2 retain original 42/43 group denominators. Active nonacupoint stimulation was used to preserve masking.
V33-OD-0327	Song 2020	SONG20_TEAS_vs_SHAM_PAIN6H	Pain	Postoperative VAS pain score	6 h after surgery	Mean/SD	42	43	3.69	1.1	4.33	1			VAS 0-10	INCLUDE	Authors report 85 in ITT and 78 PP; Table 3/Table 2 retain original 42/43 group denominators. Active nonacupoint stimulation was used to preserve masking.
V33-OD-0328	Song 2020	SONG20_TEAS_vs_SHAM_PAIN24H	Pain	Postoperative VAS pain score	24 h after surgery	Mean/SD	42	43	2.76	1.1	3.23	1.1			VAS 0-10	INCLUDE	Authors report 85 in ITT and 78 PP; Table 3/Table 2 retain original 42/43 group denominators. Active nonacupoint stimulation was used to preserve masking.
V33-OD-0329	Song 2020	SONG20_TEAS_vs_SHAM_PCAPRESS24	PCA demand/proxy	PCA pump press number	0-24 h	Mean/SD	42	43	30.12	4.3	36.91	2.4			pump presses	INCLUDE	Authors report 85 in ITT and 78 PP; Table 3/Table 2 retain original 42/43 group denominators. Active nonacupoint stimulation was used to preserve masking. Direct endpoint is press count, not drug mass
V33-OD-0330	Song 2020	SONG20_TEAS_vs_SHAM_BUTORPCA24_DERIVED	Opioid consumption	Nominal butorphanol PCA bolus component derived from reported pump presses	0-24 h	Derived mean/SD (linear from press count)	42	43	2.4096	0.344	2.9528	0.192			mg butorphanol	HOLD	Derived only if each reported pump press corresponds to the programmed 2-mL infusion; 15-min lockout creates device-semantics ambiguity. Butorphanol-to-review-standard MME conversion must be explicitl
V33-OD-0331	Song 2020	SONG20_TEAS_vs_SHAM_PONV24	PONV	Nausea and vomiting adverse event	0-24 h	Events/total	42	43					3	10	participants with nausea/vomiting	INCLUDE	Authors report 85 in ITT and 78 PP; Table 3/Table 2 retain original 42/43 group denominators. Active nonacupoint stimulation was used to preserve masking.
V33-OD-0332	Song 2020	SONG20_TEAS_vs_SHAM_DIZZY24	Other adverse events	Dizziness	0-24 h	Events/total	42	43					3	12	participants with dizziness	INCLUDE	Authors report 85 in ITT and 78 PP; Table 3/Table 2 retain original 42/43 group denominators. Active nonacupoint stimulation was used to preserve masking.
V33-OD-0333	Song 2020	SONG20_TEAS_vs_SHAM_RESPDEP24	Other adverse events	Respiratory depression	0-24 h	Events/total	42	43					0	0	participants with respiratory depression	INCLUDE	Authors report 85 in ITT and 78 PP; Table 3/Table 2 retain original 42/43 group denominators. Active nonacupoint stimulation was used to preserve masking.
V33-OD-0334	Song 2020	SONG20_TEAS_vs_SHAM_BRADY24	Other adverse events	Bradycardia	0-24 h	Events/total	42	43					2	4	participants with bradycardia	INCLUDE	Authors report 85 in ITT and 78 PP; Table 3/Table 2 retain original 42/43 group denominators. Active nonacupoint stimulation was used to preserve masking.
V33-OD-0335	Song 2020	SONG20_TEAS_vs_SHAM_SLEEPEFFICIENCY_PREOP1	Sleep quality	Sleep efficiency	First night before surgery after preoperative stimulation	Mean/SD	42	43	87.78	3.6	84.71	3.5			%	INCLUDE	Authors report 85 in ITT and 78 PP; Table 3/Table 2 retain original 42/43 group denominators. Active nonacupoint stimulation was used to preserve masking.
V33-OD-0336	Song 2020	SONG20_TEAS_vs_SHAM_AIS_PREOP1	Sleep quality	AIS score	First night before surgery after preoperative stimulation	Mean/SD	42	43	2	0.6	2.33	0.7			AIS points	INCLUDE	Authors report 85 in ITT and 78 PP; Table 3/Table 2 retain original 42/43 group denominators. Active nonacupoint stimulation was used to preserve masking.
V33-OD-0337	Song 2020	SONG20_TEAS_vs_SHAM_REMSLEEP_PREOP1	Sleep quality	REM sleep	First night before surgery after preoperative stimulation	Mean/SD	42	43	25.13	2.3	23.92	2			%	INCLUDE	Authors report 85 in ITT and 78 PP; Table 3/Table 2 retain original 42/43 group denominators. Active nonacupoint stimulation was used to preserve masking.
V33-OD-0338	Song 2020	SONG20_TEAS_vs_SHAM_STABLESLEEP_PREOP1	Sleep quality	Stable sleep	First night before surgery after preoperative stimulation	Mean/SD	42	43	36	2.9	34.46	3			%	INCLUDE	Authors report 85 in ITT and 78 PP; Table 3/Table 2 retain original 42/43 group denominators. Active nonacupoint stimulation was used to preserve masking.
V33-OD-0339	Song 2020	SONG20_TEAS_vs_SHAM_UNSTABLESLEEP_PREOP1	Sleep quality	Unstable sleep	First night before surgery after preoperative stimulation	Mean/SD	42	43	43.41	3.4	40.67	2.7			%	INCLUDE	Authors report 85 in ITT and 78 PP; Table 3/Table 2 retain original 42/43 group denominators. Active nonacupoint stimulation was used to preserve masking.
V33-OD-0340	Song 2020	SONG20_TEAS_vs_SHAM_SLEEPEFFICIENCY_POD1	Sleep quality	Sleep efficiency	First postoperative night	Mean/SD	42	43	76.63	2.9	70.35	2.5			%	INCLUDE	Authors report 85 in ITT and 78 PP; Table 3/Table 2 retain original 42/43 group denominators. Active nonacupoint stimulation was used to preserve masking.
V33-OD-0341	Song 2020	SONG20_TEAS_vs_SHAM_AIS_POD1	Sleep quality	AIS score	First postoperative night	Mean/SD	42	43	4.14	0.8	5.44	0.6			AIS points	INCLUDE	Authors report 85 in ITT and 78 PP; Table 3/Table 2 retain original 42/43 group denominators. Active nonacupoint stimulation was used to preserve masking.
V33-OD-0342	Song 2020	SONG20_TEAS_vs_SHAM_REMSLEEP_POD1	Sleep quality	REM sleep	First postoperative night	Mean/SD	42	43	19.42	1.6	16.07	1.8			%	INCLUDE	Authors report 85 in ITT and 78 PP; Table 3/Table 2 retain original 42/43 group denominators. Active nonacupoint stimulation was used to preserve masking.
V33-OD-0343	Song 2020	SONG20_TEAS_vs_SHAM_STABLESLEEP_POD1	Sleep quality	Stable sleep	First postoperative night	Mean/SD	42	43	28.24	2.7	24.85	3.3			%	INCLUDE	Authors report 85 in ITT and 78 PP; Table 3/Table 2 retain original 42/43 group denominators. Active nonacupoint stimulation was used to preserve masking.
V33-OD-0344	Song 2020	SONG20_TEAS_vs_SHAM_UNSTABLESLEEP_POD1	Sleep quality	Unstable sleep	First postoperative night	Mean/SD	42	43	33.59	3.4	27.15	2.8			%	INCLUDE	Authors report 85 in ITT and 78 PP; Table 3/Table 2 retain original 42/43 group denominators. Active nonacupoint stimulation was used to preserve masking.
V33-OD-0345	Song 2020	SONG20_TEAS_vs_SHAM_SLEEPEFFICIENCY_POD3	Sleep quality	Sleep efficiency	Third postoperative night	Mean/SD	42	43	82	3.4	78.18	3.2			%	INCLUDE	Authors report 85 in ITT and 78 PP; Table 3/Table 2 retain original 42/43 group denominators. Active nonacupoint stimulation was used to preserve masking.
V33-OD-0346	Song 2020	SONG20_TEAS_vs_SHAM_AIS_POD3	Sleep quality	AIS score	Third postoperative night	Mean/SD	42	43	3.33	0.8	4.33	0.9			AIS points	INCLUDE	Authors report 85 in ITT and 78 PP; Table 3/Table 2 retain original 42/43 group denominators. Active nonacupoint stimulation was used to preserve masking.
V33-OD-0347	Song 2020	SONG20_TEAS_vs_SHAM_REMSLEEP_POD3	Sleep quality	REM sleep	Third postoperative night	Mean/SD	42	43	21.5	1.7	18.64	1.5			%	INCLUDE	Authors report 85 in ITT and 78 PP; Table 3/Table 2 retain original 42/43 group denominators. Active nonacupoint stimulation was used to preserve masking.
V33-OD-0348	Song 2020	SONG20_TEAS_vs_SHAM_STABLESLEEP_POD3	Sleep quality	Stable sleep	Third postoperative night	Mean/SD	42	43	30.11	3	27.13	3.4			%	INCLUDE	Authors report 85 in ITT and 78 PP; Table 3/Table 2 retain original 42/43 group denominators. Active nonacupoint stimulation was used to preserve masking.
V33-OD-0349	Song 2020	SONG20_TEAS_vs_SHAM_UNSTABLESLEEP_POD3	Sleep quality	Unstable sleep	Third postoperative night	Mean/SD	42	43	38.16	3.4	31.39	2.7			%	INCLUDE	Authors report 85 in ITT and 78 PP; Table 3/Table 2 retain original 42/43 group denominators. Active nonacupoint stimulation was used to preserve masking.
V33-OD-0350	Szmit 2021	SZMIT21_TEAS_vs_SHAM_MORPH24	Postoperative opioid consumption	Total IV PCA morphine dose	0–24 h postoperative	Mean/SD	24	24	7.5	3.8	15.2	6.24			mg IV morphine	INCLUDE	Source reports both mean/SD and median/IQR; mean/SD used for the strict primary dataset. Participants were blinded; personnel were not.
V33-OD-0351	Szmit 2021	SZMIT21_TEAS_vs_CTRL_MORPH24	Postoperative opioid consumption	Total IV PCA morphine dose	0–24 h postoperative	Mean/SD	24	23	7.5	3.8	15.5	6.1			mg IV morphine	INCLUDE	Do not count this alternative comparator as a second independent study in a simple pairwise meta-analysis.
V33-OD-0352	Szmit 2021	SZMIT21_TEAS_vs_SHAM_NAUSEA24	PONV	Nausea incidence	Postoperative observation period; PCA/TEAS discontinued at 24 h	Events/total	24	24					0	4	participants with nausea	INCLUDE	Zero events in TEAS; use events/denominators directly rather than the non-significant overall P value.
V33-OD-0353	Szmit 2021	SZMIT21_TEAS_vs_CTRL_NAUSEA24	PONV	Nausea incidence	Postoperative observation period; PCA/TEAS discontinued at 24 h	Events/total	24	23					0	2	participants with nausea	INCLUDE	Zero events in TEAS; correlated alternative comparator; do not count independently in a simple pairwise synthesis.
V33-OD-0354	Szmit 2021	SZMIT21_TEAS_vs_SHAM_VASDISCH	Pain	VAS pain at discharge	At discharge; exact postoperative clock time not reported	Mean/SD	24	24	1.3	1	2.9	1.5			VAS 0–10	INCLUDE	Figure 3b identifies the VAS result as assessed at discharge; the exact postoperative time of discharge is not stated.
V33-OD-0355	Szmit 2021	SZMIT21_TEAS_vs_CTRL_VASDISCH	Pain	VAS pain at discharge	At discharge; exact postoperative clock time not reported	Mean/SD	24	23	1.3	1	3.1	1.3			VAS 0–10	INCLUDE	Figure 3b identifies the VAS result as assessed at discharge; exact timing is unreported and this is a correlated alternative comparator.
V33-OD-0356	Zhang 2018	ZHANG18_TEA_vs_SHAM_OPIOID24	Postoperative opioid consumption	Exact cumulative postoperative opioid consumption	0–24 h	Not reported	21	21							opioid dose	NOT REPORTED	The article does not report postoperative opioid consumption/dose or a quantitative rescue-opioid endpoint.
V33-OD-0357	Zhang 2018	ZHANG18_TEA_vs_SHAM_DEFEC	GI recovery	Time to first defecation	Postoperative	Graph-only mean±SE	21	21							hours	GRAPH ONLY	Exact group mean±SE values are shown only in Figure 2a; do not visually infer. Source text reports a 31.7% reduction.
V33-OD-0358	Zhang 2018	ZHANG18_TEA_vs_SHAM_FLATUS	GI recovery	Time to first flatus	Postoperative	Graph-only mean±SE	21	21							hours	GRAPH ONLY	Exact group mean±SE values are shown only in Figure 2a; do not visually infer. Source text reports a 35.9% reduction.
V33-OD-0359	Zhang 2018	ZHANG18_TEA_vs_SHAM_DIET	GI recovery	Time to resume diet	Postoperative	Graph-only mean±SE	21	21							days	GRAPH ONLY	Exact group mean±SE values are shown only in Figure 2b; do not visually infer. Source text reports a 26.5% reduction.
V33-OD-0360	Zhang 2018	ZHANG18_TEA_vs_SHAM_POI96	GI recovery	Prolonged postoperative ileus / time to first defecation >96 h	Postoperative	Events/total	21	21					0	5	participants	HOLD	Text reports 0/21 TEA vs 5/21 sham, but Table 2 lists 33 non-endpoint + 11 endpoint patients (44 total) despite 42 randomized. Preserve raw text counts but hold quantitative use.
V33-OD-0361	Zhang 2018	ZHANG18_TEA_vs_SHAM_AMB	Functional recovery	Time to ambulation	Postoperative	Graph-only mean±SE	21	21							days	GRAPH ONLY	Exact group mean±SE values are shown only in Figure 2b; source text reports a 42.8% reduction.
V33-OD-0362	Zhang 2018	ZHANG18_TEA_vs_SHAM_LOS	Functional recovery	Postoperative hospital length of stay	Postoperative	Graph-only mean±SE	21	21							days	GRAPH ONLY	Exact group mean±SE values are shown only in Figure 2b; source text reports a 30.2% reduction. Adjusted regression coefficient for TEA was −6.3 days (95% CI −12.0 to −0.6).
V33-OD-0363	Zhang 2018	ZHANG18_TEA_vs_SHAM_PAINPOD1	Pain	VAS pain score	Postoperative day 1	Graph-only mean±SE	21	21							VAS 0–10	GRAPH ONLY	Figure 2c shows POD1 means±SE but exact values are not tabulated. The Results text highlights significant reductions only on POD2 and POD3.
V33-OD-0364	Zhang 2018	ZHANG18_TEA_vs_SHAM_PAINPOD2	Pain	VAS pain score	Postoperative day 2	Graph-only mean±SE	21	21							VAS 0–10	GRAPH ONLY	Exact group mean±SE values are shown only in Figure 2c; source text reports a 50.8% reduction.
V33-OD-0365	Zhang 2018	ZHANG18_TEA_vs_SHAM_PAINPOD3	Pain	VAS pain score	Postoperative day 3	Graph-only mean±SE	21	21							VAS 0–10	GRAPH ONLY	Exact group mean±SE values are shown only in Figure 2c; source text reports a 64.9% reduction.
V33-OD-0366	Yu 2020	YU20_TEAS_vs_CTRL_RESCUEOP24	Rescue opioid use	Participants requiring rescue sufentanil	0-24 h postoperative	Events/total	30	30					13	24	participants	INCLUDE	Binary incidence of rescue analgesia, NOT cumulative opioid dose. Rescue dose/number of administrations not reported, so no MME is derivable.
V33-OD-0367	Yu 2020	YU20_TEAS_vs_CTRL_PAIN_POD1	Pain	Resting pain VAS	POD1 (~24 h)	Mean/SD	30	30	3.7	1.53	4.73	1.53			VAS 0-10	HOLD	SOURCE CONFLICT: Table 2 reports TEAS 3.70 (1.53); the abstract reports 3.70 +/- 1.41 for the same result. Table 2's TEAS SD is also identical to the control SD (1.53), which is itself suspicious. Tab
V33-OD-0368	Yu 2020	YU20_TEAS_vs_CTRL_PAIN_POD2	Pain	Resting pain VAS	POD2 (~48 h)	Mean/SD	30	30	1.83	0.98	2.3	0.95			VAS 0-10	HOLD	TWO SOURCE CONFLICTS. (1) SD: Table 2 gives TEAS 1.83 (0.98); the abstract gives 1.83 +/- 0.88. (2) P value: the Results text states 'P = 0.042 and P = 0.26 for T1 and T2 respectively', i.e. POD2 non-
V33-OD-0369	Yao 2015	YAO15_TEAS_vs_CTRL_RESCUECOUNT24	Rescue opioid use	Cumulative number of rescue analgesia administrations	0-24 h postoperative	Median/IQR	35	36							administrations	NARRATIVE ONLY	Rescue was IV sufentanil 0.05 ug/kg per administration. Do NOT multiply the median count by 0.05 ug/kg and a mean body weight to manufacture cumulative MME: the product of a median count and a mean we
V33-OD-0370	Yao 2015	YAO15_TEAS_vs_CTRL_TIMETORESCUE	Rescue analgesia	Time to first rescue analgesia	0-24 h postoperative	Median/range	35	36							minutes	NARRATIVE ONLY	The intervention arm's upper bound of 1440 min is the full 24-h observation window, i.e. censoring at end of follow-up. Treating this as an IQR bound would be wrong; it is a range. Not pooled as a mea
V33-OD-0371	Yao 2015	YAO15_TEAS_vs_CTRL_NAUSEA24	PONV	Postoperative nausea	0-24 h postoperative	Events/total	35	36					17	26	participants	INCLUDE	Reported as 17 (48.6%) vs 26 (72.2%); denominators confirmed from Table 3 headers.
V33-OD-0372	Yao 2015	YAO15_TEAS_vs_CTRL_VOMIT24	PONV	Postoperative vomiting	0-24 h postoperative	Events/total	35	36					7	19	participants	INCLUDE	Source-extracted during verification of the supplementary nausea row; the supplement did not list it. Reported as 7 (20.0%) vs 19 (52.8%).
V33-OD-0373	Zhu 2022	ZHU22_PRE_vs_USUAL_INTRAOPSUF	Intraoperative opioid	Intraoperative sufentanil	Intraoperative	Mean/SD	101	101	38.1	4.97	37.8	4.87			ug sufentanil	INCLUDE	Reported in Table 1 among baseline/anaesthesia parameters, with a single 4-group omnibus P (0.892); no pairwise contrast is reported. Do not enter more than one Zhu 2022 contrast into a pairwise model
V33-OD-0374	Zhu 2022	ZHU22_30MIN_vs_USUAL_INTRAOPSUF	Intraoperative opioid	Intraoperative sufentanil	Intraoperative	Mean/SD	98	101	39.1	4.83	37.8	4.87			ug sufentanil	INCLUDE	See ZHU22_PRE_vs_USUAL_INTRAOPSUF.
V33-OD-0375	Zhu 2022	ZHU22_COMB_vs_USUAL_INTRAOPSUF	Intraoperative opioid	Intraoperative sufentanil	Intraoperative	Mean/SD	100	101	39	5.12	37.8	4.87			ug sufentanil	INCLUDE	See ZHU22_PRE_vs_USUAL_INTRAOPSUF.
V33-OD-0376	Zhu 2022	ZHU22_PRE_vs_USUAL_INTRAOPREMI	Intraoperative opioid	Intraoperative remifentanil	Intraoperative	Mean/SD	101	101	0.58	0.23	0.57	0.26			mg remifentanil	INCLUDE	Table 1 baseline/anaesthesia parameter with a single 4-group omnibus P (0.948).
V33-OD-0377	Zhu 2022	ZHU22_30MIN_vs_USUAL_INTRAOPREMI	Intraoperative opioid	Intraoperative remifentanil	Intraoperative	Mean/SD	98	101	0.58	0.23	0.57	0.26			mg remifentanil	INCLUDE	See ZHU22_PRE_vs_USUAL_INTRAOPREMI.
V33-OD-0378	Zhu 2022	ZHU22_COMB_vs_USUAL_INTRAOPREMI	Intraoperative opioid	Intraoperative remifentanil	Intraoperative	Mean/SD	100	101	0.5	0.25	0.57	0.26			mg remifentanil	INCLUDE	See ZHU22_PRE_vs_USUAL_INTRAOPREMI.
V33-OD-0379	Pan 2023	PAN23_TEAS_vs_CTRL_INTRAOPREMI	Intraoperative opioid	Intraoperative remifentanil	Intraoperative	Mean/SD	52	53	740.1	276.9	854	287.5			ug remifentanil	INCLUDE	Analysis Ns taken from the Table 2 column headers (Group T N=52, Group C N=53) against 105 randomized, i.e. post-randomization exclusions occurred. Existing RoB 2 concern for this trial is retained an
V33-OD-0380	Yang 2020	YANG20_EA_vs_UC_DEFECATION	GI recovery	Time to first defecation	Postoperative	Mean/SD	29	28	53.9	6	57.5	7.2			hours	INCLUDE	Analysis Ns mirror the existing v32 first-flatus row for this trial (29/28 of 30/29 randomized; 57 of 59 completed). Open-label design; existing RoB concern retained.
V33-OD-0381	Liang 2021	LIANG21_TEAS_vs_CTRL_QOR40_24H	Quality of recovery	Global QoR-40	24 h (T11)	Mean/SD	35	35	191.7	4.4	189.1	4.3			QoR-40 points	INCLUDE	T11 is defined in the source as postoperative 24 hours. Analysis N 35/35 taken from the CONSORT flow diagram (Figure 2), against 37/38 allocated.
V33-OD-0382	Liang 2021	LIANG21_TEAS_vs_CTRL_QOR40_48H	Quality of recovery	Global QoR-40	48 h (T12)	Mean/SD	35	35	195.3	1.9	193.3	3			QoR-40 points	INCLUDE	T12 is defined in the source as postoperative 48 hours.
V33-OD-0383	Liang 2021	LIANG21_TEAS_vs_CTRL_ANALGREQ	Rescue analgesia	Postoperative analgesia requirement (metric undefined)	Early postoperative period - exact window not stated	Reported as value (dispersion); statistic type ambiguous	35	35							UNRESOLVED - source does not define the metric	HOLD	HOLD. The source describes this as 'the number of patients who required extra analgesia', but 3.8 (1.9) and 5.0 (2.9) cannot be a count of patients out of 35 - the wording and the statistic are mutual
AUDIT-0002	Zhu 2022	V34_B1_001	Pain	Pain on movement (NRS)	6–24 h	Mean/SD	101.0	101.0	1.15	1.02	1.44	1.3			NRS 0-10	INCLUDE	Randomized arm sizes taken from CONSORT Fig 1 (Pre 103/30 103/Comb 103/Usual 104). Abstract instead reports Pre 103/30 104/Comb 103/Usual 103; source is internally inconsistent. Methods call the prima
AUDIT-0003	Zhu 2022	V34_B1_002	Pain	Pain on movement (NRS)	6–24 h	Mean/SD	98.0	101.0	1.12	1.03	1.44	1.3			NRS 0-10	INCLUDE	Randomized arm sizes taken from CONSORT Fig 1 (Pre 103/30 103/Comb 103/Usual 104). Abstract instead reports Pre 103/30 104/Comb 103/Usual 103; source is internally inconsistent. Methods call the prima
AUDIT-0004	Zhu 2022	V34_B1_003	Pain	Pain on movement (NRS)	6–24 h	Mean/SD	100.0	101.0	1.17	1.17	1.44	1.3			NRS 0-10	INCLUDE	Randomized arm sizes taken from CONSORT Fig 1 (Pre 103/30 103/Comb 103/Usual 104). Abstract instead reports Pre 103/30 104/Comb 103/Usual 103; source is internally inconsistent. Methods call the prima
AUDIT-0005	Zhu 2022	V34_B1_004	Pain	Pain on movement (NRS)	0–6 h	Mean/SD	101.0	101.0	1.89	1.47	2.45	1.6			NRS 0-10	INCLUDE	Randomized arm sizes taken from CONSORT Fig 1 (Pre 103/30 103/Comb 103/Usual 104). Abstract instead reports Pre 103/30 104/Comb 103/Usual 103; source is internally inconsistent.
AUDIT-0006	Zhu 2022	V34_B1_005	Pain	Pain on movement (NRS)	0–6 h	Mean/SD	98.0	101.0	2.01	1.25	2.45	1.6			NRS 0-10	INCLUDE	Randomized arm sizes taken from CONSORT Fig 1 (Pre 103/30 103/Comb 103/Usual 104). Abstract instead reports Pre 103/30 104/Comb 103/Usual 103; source is internally inconsistent.
AUDIT-0007	Zhu 2022	V34_B1_006	Pain	Pain on movement (NRS)	0–6 h	Mean/SD	100.0	101.0	1.97	1.25	2.45	1.6			NRS 0-10	INCLUDE	Randomized arm sizes taken from CONSORT Fig 1 (Pre 103/30 103/Comb 103/Usual 104). Abstract instead reports Pre 103/30 104/Comb 103/Usual 103; source is internally inconsistent.
AUDIT-0008	Zhu 2022	V34_B1_007	Pain	Pain on movement (NRS)	24–48 h	Mean/SD	101.0	101.0	0.4	0.76	0.73	0.97			NRS 0-10	INCLUDE	Randomized arm sizes taken from CONSORT Fig 1 (Pre 103/30 103/Comb 103/Usual 104). Abstract instead reports Pre 103/30 104/Comb 103/Usual 103; source is internally inconsistent.
AUDIT-0009	Zhu 2022	V34_B1_008	Pain	Pain on movement (NRS)	24–48 h	Mean/SD	98.0	101.0	0.54	0.86	0.73	0.97			NRS 0-10	INCLUDE	Randomized arm sizes taken from CONSORT Fig 1 (Pre 103/30 103/Comb 103/Usual 104). Abstract instead reports Pre 103/30 104/Comb 103/Usual 103; source is internally inconsistent.
AUDIT-0010	Zhu 2022	V34_B1_009	Pain	Pain on movement (NRS)	24–48 h	Mean/SD	100.0	101.0	0.5	0.96	0.73	0.97			NRS 0-10	INCLUDE	Randomized arm sizes taken from CONSORT Fig 1 (Pre 103/30 103/Comb 103/Usual 104). Abstract instead reports Pre 103/30 104/Comb 103/Usual 103; source is internally inconsistent.
AUDIT-0011	Zhu 2022	V34_B1_010	Pain	Pain on movement (NRS)	48–72 h	Mean/SD	101.0	101.0	0.19	0.56	0.31	0.7			NRS 0-10	INCLUDE	Randomized arm sizes taken from CONSORT Fig 1 (Pre 103/30 103/Comb 103/Usual 104). Abstract instead reports Pre 103/30 104/Comb 103/Usual 103; source is internally inconsistent.
AUDIT-0012	Zhu 2022	V34_B1_011	Pain	Pain on movement (NRS)	48–72 h	Mean/SD	98.0	101.0	0.23	0.59	0.31	0.7			NRS 0-10	INCLUDE	Randomized arm sizes taken from CONSORT Fig 1 (Pre 103/30 103/Comb 103/Usual 104). Abstract instead reports Pre 103/30 104/Comb 103/Usual 103; source is internally inconsistent.
AUDIT-0013	Zhu 2022	V34_B1_012	Pain	Pain on movement (NRS)	48–72 h	Mean/SD	100.0	101.0	0.19	0.56	0.31	0.7			NRS 0-10	INCLUDE	Randomized arm sizes taken from CONSORT Fig 1 (Pre 103/30 103/Comb 103/Usual 104). Abstract instead reports Pre 103/30 104/Comb 103/Usual 103; source is internally inconsistent.
AUDIT-0014	Zhu 2022	V34_B1_013	Rescue analgesia	Participants requiring postoperative analgesics	0–48 h after surgery	Events/total	101.0	101.0					2.0	3.0	participants	INCLUDE	Randomized arm sizes taken from CONSORT Fig 1 (Pre 103/30 103/Comb 103/Usual 104). Abstract instead reports Pre 103/30 104/Comb 103/Usual 103; source is internally inconsistent. Rescue analgesic proto
AUDIT-0015	Zhu 2022	V34_B1_014	Rescue analgesia	Participants requiring postoperative analgesics	0–48 h after surgery	Events/total	98.0	101.0					3.0	3.0	participants	INCLUDE	Randomized arm sizes taken from CONSORT Fig 1 (Pre 103/30 103/Comb 103/Usual 104). Abstract instead reports Pre 103/30 104/Comb 103/Usual 103; source is internally inconsistent. Rescue analgesic proto
AUDIT-0016	Zhu 2022	V34_B1_015	Rescue analgesia	Participants requiring postoperative analgesics	0–48 h after surgery	Events/total	100.0	101.0					1.0	3.0	participants	INCLUDE	Randomized arm sizes taken from CONSORT Fig 1 (Pre 103/30 103/Comb 103/Usual 104). Abstract instead reports Pre 103/30 104/Comb 103/Usual 103; source is internally inconsistent. Rescue analgesic proto
AUDIT-0017	Zhu 2022	V34_B1_016	GI recovery	Time to passage of first flatus	From end of surgery to first flatus	Mean/SD	101.0	101.0	18.38	6.11	21.56	8.07			hours	INCLUDE	Randomized arm sizes taken from CONSORT Fig 1 (Pre 103/30 103/Comb 103/Usual 104). Abstract instead reports Pre 103/30 104/Comb 103/Usual 103; source is internally inconsistent.
AUDIT-0018	Zhu 2022	V34_B1_017	GI recovery	Time to passage of first flatus	From end of surgery to first flatus	Mean/SD	98.0	101.0	18.47	6.47	21.56	8.07			hours	INCLUDE	Randomized arm sizes taken from CONSORT Fig 1 (Pre 103/30 103/Comb 103/Usual 104). Abstract instead reports Pre 103/30 104/Comb 103/Usual 103; source is internally inconsistent.
AUDIT-0019	Zhu 2022	V34_B1_018	GI recovery	Time to passage of first flatus	From end of surgery to first flatus	Mean/SD	100.0	101.0	18.82	7.5	21.56	8.07			hours	INCLUDE	Randomized arm sizes taken from CONSORT Fig 1 (Pre 103/30 103/Comb 103/Usual 104). Abstract instead reports Pre 103/30 104/Comb 103/Usual 103; source is internally inconsistent.
AUDIT-0020	Zhu 2022	V34_B1_019	Quality of recovery	Overall QoR-15	AMBIGUOUS	Mean/SD	101.0	101.0	142.94	6.82	144.23	4.95			QoR-15 points	HOLD	Randomized arm sizes taken from CONSORT Fig 1 (Pre 103/30 103/Comb 103/Usual 104). Abstract instead reports Pre 103/30 104/Comb 103/Usual 103; source is internally inconsistent. The table/methods do n
AUDIT-0021	Zhu 2022	V34_B1_020	Quality of recovery	Overall QoR-15	AMBIGUOUS	Mean/SD	98.0	101.0	144.74	5.21	144.23	4.95			QoR-15 points	HOLD	Randomized arm sizes taken from CONSORT Fig 1 (Pre 103/30 103/Comb 103/Usual 104). Abstract instead reports Pre 103/30 104/Comb 103/Usual 103; source is internally inconsistent. The table/methods do n
AUDIT-0022	Zhu 2022	V34_B1_021	Quality of recovery	Overall QoR-15	AMBIGUOUS	Mean/SD	100.0	101.0	144.61	5.35	144.23	4.95			QoR-15 points	HOLD	Randomized arm sizes taken from CONSORT Fig 1 (Pre 103/30 103/Comb 103/Usual 104). Abstract instead reports Pre 103/30 104/Comb 103/Usual 103; source is internally inconsistent. The table/methods do n
AUDIT-0023	Zhu 2022	V34_B1_022	PONV	Postoperative nausea incidence	0–6 h after surgery	Events/total	101.0	101.0					9.0	20.0	participants	INCLUDE	Randomized arm sizes taken from CONSORT Fig 1 (Pre 103/30 103/Comb 103/Usual 104). Abstract instead reports Pre 103/30 104/Comb 103/Usual 103; source is internally inconsistent. Table 2 values are per
AUDIT-0024	Zhu 2022	V34_B1_023	PONV	Postoperative vomiting incidence	0–6 h after surgery	Events/total	101.0	101.0					7.0	17.0	participants	INCLUDE	Randomized arm sizes taken from CONSORT Fig 1 (Pre 103/30 103/Comb 103/Usual 104). Abstract instead reports Pre 103/30 104/Comb 103/Usual 103; source is internally inconsistent. Table 2 values are per
AUDIT-0025	Zhu 2022	V34_B1_024	PONV	Nausea severity score	0–6 h after surgery	Mean/SD	101.0	101.0	0.2	0.68	0.46	0.95			4-point Likert-type severity scale 0-3	INCLUDE	Randomized arm sizes taken from CONSORT Fig 1 (Pre 103/30 103/Comb 103/Usual 104). Abstract instead reports Pre 103/30 104/Comb 103/Usual 103; source is internally inconsistent.
AUDIT-0026	Zhu 2022	V34_B1_025	PONV	Vomiting severity score	0–6 h after surgery	Mean/SD	101.0	101.0	0.16	0.61	0.36	0.79			4-point Likert-type severity scale 0-3	INCLUDE	Randomized arm sizes taken from CONSORT Fig 1 (Pre 103/30 103/Comb 103/Usual 104). Abstract instead reports Pre 103/30 104/Comb 103/Usual 103; source is internally inconsistent.
AUDIT-0027	Zhu 2022	V34_B1_026	Rescue antiemetic	Participants requiring metoclopramide rescue antiemetic	0–6 h after surgery	Events/total	101.0	101.0					4.0	18.0	participants	INCLUDE	Randomized arm sizes taken from CONSORT Fig 1 (Pre 103/30 103/Comb 103/Usual 104). Abstract instead reports Pre 103/30 104/Comb 103/Usual 103; source is internally inconsistent. Methods specify metocl
AUDIT-0028	Zhu 2022	V34_B1_027	PONV	Postoperative nausea incidence	0–6 h after surgery	Events/total	98.0	101.0					11.0	20.0	participants	INCLUDE	Randomized arm sizes taken from CONSORT Fig 1 (Pre 103/30 103/Comb 103/Usual 104). Abstract instead reports Pre 103/30 104/Comb 103/Usual 103; source is internally inconsistent. Table 2 values are per
AUDIT-0029	Zhu 2022	V34_B1_028	PONV	Postoperative vomiting incidence	0–6 h after surgery	Events/total	98.0	101.0					9.0	17.0	participants	INCLUDE	Randomized arm sizes taken from CONSORT Fig 1 (Pre 103/30 103/Comb 103/Usual 104). Abstract instead reports Pre 103/30 104/Comb 103/Usual 103; source is internally inconsistent. Table 2 values are per
AUDIT-0030	Zhu 2022	V34_B1_029	PONV	Nausea severity score	0–6 h after surgery	Mean/SD	98.0	101.0	0.22	0.67	0.46	0.95			4-point Likert-type severity scale 0-3	INCLUDE	Randomized arm sizes taken from CONSORT Fig 1 (Pre 103/30 103/Comb 103/Usual 104). Abstract instead reports Pre 103/30 104/Comb 103/Usual 103; source is internally inconsistent.
AUDIT-0031	Zhu 2022	V34_B1_030	PONV	Vomiting severity score	0–6 h after surgery	Mean/SD	98.0	101.0	0.18	0.63	0.36	0.79			4-point Likert-type severity scale 0-3	INCLUDE	Randomized arm sizes taken from CONSORT Fig 1 (Pre 103/30 103/Comb 103/Usual 104). Abstract instead reports Pre 103/30 104/Comb 103/Usual 103; source is internally inconsistent.
AUDIT-0032	Zhu 2022	V34_B1_031	Rescue antiemetic	Participants requiring metoclopramide rescue antiemetic	0–6 h after surgery	Events/total	98.0	101.0					11.0	18.0	participants	INCLUDE	Randomized arm sizes taken from CONSORT Fig 1 (Pre 103/30 103/Comb 103/Usual 104). Abstract instead reports Pre 103/30 104/Comb 103/Usual 103; source is internally inconsistent. Methods specify metocl
AUDIT-0033	Zhu 2022	V34_B1_032	PONV	Postoperative nausea incidence	0–6 h after surgery	Events/total	100.0	101.0					7.0	20.0	participants	INCLUDE	Randomized arm sizes taken from CONSORT Fig 1 (Pre 103/30 103/Comb 103/Usual 104). Abstract instead reports Pre 103/30 104/Comb 103/Usual 103; source is internally inconsistent. Table 2 values are per
AUDIT-0034	Zhu 2022	V34_B1_033	PONV	Postoperative vomiting incidence	0–6 h after surgery	Events/total	100.0	101.0					6.0	17.0	participants	INCLUDE	Randomized arm sizes taken from CONSORT Fig 1 (Pre 103/30 103/Comb 103/Usual 104). Abstract instead reports Pre 103/30 104/Comb 103/Usual 103; source is internally inconsistent. Table 2 values are per
AUDIT-0035	Zhu 2022	V34_B1_034	PONV	Nausea severity score	0–6 h after surgery	Mean/SD	100.0	101.0	0.14	0.53	0.46	0.95			4-point Likert-type severity scale 0-3	INCLUDE	Randomized arm sizes taken from CONSORT Fig 1 (Pre 103/30 103/Comb 103/Usual 104). Abstract instead reports Pre 103/30 104/Comb 103/Usual 103; source is internally inconsistent.
AUDIT-0036	Zhu 2022	V34_B1_035	PONV	Vomiting severity score	0–6 h after surgery	Mean/SD	100.0	101.0	0.11	0.47	0.36	0.79			4-point Likert-type severity scale 0-3	INCLUDE	Randomized arm sizes taken from CONSORT Fig 1 (Pre 103/30 103/Comb 103/Usual 104). Abstract instead reports Pre 103/30 104/Comb 103/Usual 103; source is internally inconsistent.
AUDIT-0037	Zhu 2022	V34_B1_036	Rescue antiemetic	Participants requiring metoclopramide rescue antiemetic	0–6 h after surgery	Events/total	100.0	101.0					4.0	18.0	participants	INCLUDE	Randomized arm sizes taken from CONSORT Fig 1 (Pre 103/30 103/Comb 103/Usual 104). Abstract instead reports Pre 103/30 104/Comb 103/Usual 103; source is internally inconsistent. Methods specify metocl
AUDIT-0038	Zhu 2022	V34_B1_037	PONV	Nausea severity score	6–24 h after surgery	Mean/SD	101.0	101.0	0.22	0.66	0.5	0.88			4-point Likert-type severity scale 0-3	INCLUDE	Randomized arm sizes taken from CONSORT Fig 1 (Pre 103/30 103/Comb 103/Usual 104). Abstract instead reports Pre 103/30 104/Comb 103/Usual 103; source is internally inconsistent.
AUDIT-0039	Zhu 2022	V34_B1_038	PONV	Vomiting severity score	6–24 h after surgery	Mean/SD	101.0	101.0	0.12	0.53	0.41	0.8			4-point Likert-type severity scale 0-3	INCLUDE	Randomized arm sizes taken from CONSORT Fig 1 (Pre 103/30 103/Comb 103/Usual 104). Abstract instead reports Pre 103/30 104/Comb 103/Usual 103; source is internally inconsistent.
AUDIT-0040	Zhu 2022	V34_B1_039	Rescue antiemetic	Participants requiring metoclopramide rescue antiemetic	6–24 h after surgery	Events/total	101.0	101.0					8.0	28.0	participants	INCLUDE	Randomized arm sizes taken from CONSORT Fig 1 (Pre 103/30 103/Comb 103/Usual 104). Abstract instead reports Pre 103/30 104/Comb 103/Usual 103; source is internally inconsistent. Methods specify metocl
AUDIT-0041	Zhu 2022	V34_B1_040	PONV	Nausea severity score	6–24 h after surgery	Mean/SD	98.0	101.0	0.34	0.76	0.5	0.88			4-point Likert-type severity scale 0-3	INCLUDE	Randomized arm sizes taken from CONSORT Fig 1 (Pre 103/30 103/Comb 103/Usual 104). Abstract instead reports Pre 103/30 104/Comb 103/Usual 103; source is internally inconsistent.
AUDIT-0042	Zhu 2022	V34_B1_041	PONV	Vomiting severity score	6–24 h after surgery	Mean/SD	98.0	101.0	0.15	0.54	0.41	0.8			4-point Likert-type severity scale 0-3	INCLUDE	Randomized arm sizes taken from CONSORT Fig 1 (Pre 103/30 103/Comb 103/Usual 104). Abstract instead reports Pre 103/30 104/Comb 103/Usual 103; source is internally inconsistent.
AUDIT-0043	Zhu 2022	V34_B1_042	Rescue antiemetic	Participants requiring metoclopramide rescue antiemetic	6–24 h after surgery	Events/total	98.0	101.0					16.0	28.0	participants	INCLUDE	Randomized arm sizes taken from CONSORT Fig 1 (Pre 103/30 103/Comb 103/Usual 104). Abstract instead reports Pre 103/30 104/Comb 103/Usual 103; source is internally inconsistent. Methods specify metocl
AUDIT-0044	Zhu 2022	V34_B1_043	PONV	Nausea severity score	6–24 h after surgery	Mean/SD	100.0	101.0	0.2	0.6	0.5	0.88			4-point Likert-type severity scale 0-3	INCLUDE	Randomized arm sizes taken from CONSORT Fig 1 (Pre 103/30 103/Comb 103/Usual 104). Abstract instead reports Pre 103/30 104/Comb 103/Usual 103; source is internally inconsistent.
AUDIT-0045	Zhu 2022	V34_B1_044	PONV	Vomiting severity score	6–24 h after surgery	Mean/SD	100.0	101.0	0.2	0.67	0.41	0.8			4-point Likert-type severity scale 0-3	INCLUDE	Randomized arm sizes taken from CONSORT Fig 1 (Pre 103/30 103/Comb 103/Usual 104). Abstract instead reports Pre 103/30 104/Comb 103/Usual 103; source is internally inconsistent.
AUDIT-0046	Zhu 2022	V34_B1_045	Rescue antiemetic	Participants requiring metoclopramide rescue antiemetic	6–24 h after surgery	Events/total	100.0	101.0					9.0	28.0	participants	INCLUDE	Randomized arm sizes taken from CONSORT Fig 1 (Pre 103/30 103/Comb 103/Usual 104). Abstract instead reports Pre 103/30 104/Comb 103/Usual 103; source is internally inconsistent. Methods specify metocl
AUDIT-0047	Zhu 2022	V34_B1_046	PONV	Postoperative nausea incidence	24–48 h after surgery	Events/total	101.0	101.0					2.0	7.0	participants	INCLUDE	Randomized arm sizes taken from CONSORT Fig 1 (Pre 103/30 103/Comb 103/Usual 104). Abstract instead reports Pre 103/30 104/Comb 103/Usual 103; source is internally inconsistent. Table 2 values are per
AUDIT-0048	Zhu 2022	V34_B1_047	PONV	Postoperative vomiting incidence	24–48 h after surgery	Events/total	101.0	101.0					1.0	5.0	participants	INCLUDE	Randomized arm sizes taken from CONSORT Fig 1 (Pre 103/30 103/Comb 103/Usual 104). Abstract instead reports Pre 103/30 104/Comb 103/Usual 103; source is internally inconsistent. Table 2 values are per
AUDIT-0049	Zhu 2022	V34_B1_048	PONV	Nausea severity score	24–48 h after surgery	Mean/SD	101.0	101.0	0.04	0.28	0.12	0.45			4-point Likert-type severity scale 0-3	INCLUDE	Randomized arm sizes taken from CONSORT Fig 1 (Pre 103/30 103/Comb 103/Usual 104). Abstract instead reports Pre 103/30 104/Comb 103/Usual 103; source is internally inconsistent.
AUDIT-0050	Zhu 2022	V34_B1_049	PONV	Vomiting severity score	24–48 h after surgery	Mean/SD	101.0	101.0	0.02	0.2	0.08	0.37			4-point Likert-type severity scale 0-3	INCLUDE	Randomized arm sizes taken from CONSORT Fig 1 (Pre 103/30 103/Comb 103/Usual 104). Abstract instead reports Pre 103/30 104/Comb 103/Usual 103; source is internally inconsistent.
AUDIT-0051	Zhu 2022	V34_B1_050	Rescue antiemetic	Participants requiring metoclopramide rescue antiemetic	24–48 h after surgery	Events/total	101.0	101.0					1.0	7.0	participants	INCLUDE	Randomized arm sizes taken from CONSORT Fig 1 (Pre 103/30 103/Comb 103/Usual 104). Abstract instead reports Pre 103/30 104/Comb 103/Usual 103; source is internally inconsistent. Methods specify metocl
AUDIT-0052	Zhu 2022	V34_B1_051	PONV	Postoperative nausea incidence	24–48 h after surgery	Events/total	98.0	101.0					2.0	7.0	participants	INCLUDE	Randomized arm sizes taken from CONSORT Fig 1 (Pre 103/30 103/Comb 103/Usual 104). Abstract instead reports Pre 103/30 104/Comb 103/Usual 103; source is internally inconsistent. Table 2 values are per
AUDIT-0053	Zhu 2022	V34_B1_052	PONV	Postoperative vomiting incidence	24–48 h after surgery	Events/total	98.0	101.0					2.0	5.0	participants	INCLUDE	Randomized arm sizes taken from CONSORT Fig 1 (Pre 103/30 103/Comb 103/Usual 104). Abstract instead reports Pre 103/30 104/Comb 103/Usual 103; source is internally inconsistent. Table 2 values are per
AUDIT-0054	Zhu 2022	V34_B1_053	PONV	Nausea severity score	24–48 h after surgery	Mean/SD	98.0	101.0	0.03	0.22	0.12	0.45			4-point Likert-type severity scale 0-3	INCLUDE	Randomized arm sizes taken from CONSORT Fig 1 (Pre 103/30 103/Comb 103/Usual 104). Abstract instead reports Pre 103/30 104/Comb 103/Usual 103; source is internally inconsistent.
AUDIT-0055	Zhu 2022	V34_B1_054	PONV	Vomiting severity score	24–48 h after surgery	Mean/SD	98.0	101.0	0.02	0.14	0.08	0.37			4-point Likert-type severity scale 0-3	INCLUDE	Randomized arm sizes taken from CONSORT Fig 1 (Pre 103/30 103/Comb 103/Usual 104). Abstract instead reports Pre 103/30 104/Comb 103/Usual 103; source is internally inconsistent.
AUDIT-0056	Zhu 2022	V34_B1_055	Rescue antiemetic	Participants requiring metoclopramide rescue antiemetic	24–48 h after surgery	Events/total	98.0	101.0					2.0	7.0	participants	INCLUDE	Randomized arm sizes taken from CONSORT Fig 1 (Pre 103/30 103/Comb 103/Usual 104). Abstract instead reports Pre 103/30 104/Comb 103/Usual 103; source is internally inconsistent. Methods specify metocl
AUDIT-0057	Zhu 2022	V34_B1_056	PONV	Postoperative nausea incidence	24–48 h after surgery	Events/total	100.0	101.0					2.0	7.0	participants	INCLUDE	Randomized arm sizes taken from CONSORT Fig 1 (Pre 103/30 103/Comb 103/Usual 104). Abstract instead reports Pre 103/30 104/Comb 103/Usual 103; source is internally inconsistent. Table 2 values are per
AUDIT-0058	Zhu 2022	V34_B1_057	PONV	Postoperative vomiting incidence	24–48 h after surgery	Events/total	100.0	101.0					1.0	5.0	participants	INCLUDE	Randomized arm sizes taken from CONSORT Fig 1 (Pre 103/30 103/Comb 103/Usual 104). Abstract instead reports Pre 103/30 104/Comb 103/Usual 103; source is internally inconsistent. Table 2 values are per
AUDIT-0059	Zhu 2022	V34_B1_058	PONV	Nausea severity score	24–48 h after surgery	Mean/SD	100.0	101.0	0.04	0.28	0.12	0.45			4-point Likert-type severity scale 0-3	INCLUDE	Randomized arm sizes taken from CONSORT Fig 1 (Pre 103/30 103/Comb 103/Usual 104). Abstract instead reports Pre 103/30 104/Comb 103/Usual 103; source is internally inconsistent.
AUDIT-0060	Zhu 2022	V34_B1_059	PONV	Vomiting severity score	24–48 h after surgery	Mean/SD	100.0	101.0	0.02	0.2	0.08	0.37			4-point Likert-type severity scale 0-3	INCLUDE	Randomized arm sizes taken from CONSORT Fig 1 (Pre 103/30 103/Comb 103/Usual 104). Abstract instead reports Pre 103/30 104/Comb 103/Usual 103; source is internally inconsistent.
AUDIT-0061	Zhu 2022	V34_B1_060	Rescue antiemetic	Participants requiring metoclopramide rescue antiemetic	24–48 h after surgery	Events/total	100.0	101.0					1.0	7.0	participants	INCLUDE	Randomized arm sizes taken from CONSORT Fig 1 (Pre 103/30 103/Comb 103/Usual 104). Abstract instead reports Pre 103/30 104/Comb 103/Usual 103; source is internally inconsistent. Methods specify metocl
AUDIT-0062	Zhu 2022	V34_B1_061	PONV	Postoperative nausea incidence	48–72 h after surgery	Events/total	101.0	101.0					0.0	0.0	participants	INCLUDE	Randomized arm sizes taken from CONSORT Fig 1 (Pre 103/30 103/Comb 103/Usual 104). Abstract instead reports Pre 103/30 104/Comb 103/Usual 103; source is internally inconsistent. Counts are stated as z
AUDIT-0063	Zhu 2022	V34_B1_062	PONV	Postoperative vomiting incidence	48–72 h after surgery	Events/total	101.0	101.0					0.0	0.0	participants	INCLUDE	Randomized arm sizes taken from CONSORT Fig 1 (Pre 103/30 103/Comb 103/Usual 104). Abstract instead reports Pre 103/30 104/Comb 103/Usual 103; source is internally inconsistent. Counts are stated as z
AUDIT-0064	Zhu 2022	V34_B1_063	PONV	Postoperative nausea incidence	48–72 h after surgery	Events/total	98.0	101.0					0.0	0.0	participants	INCLUDE	Randomized arm sizes taken from CONSORT Fig 1 (Pre 103/30 103/Comb 103/Usual 104). Abstract instead reports Pre 103/30 104/Comb 103/Usual 103; source is internally inconsistent. Counts are stated as z
AUDIT-0065	Zhu 2022	V34_B1_064	PONV	Postoperative vomiting incidence	48–72 h after surgery	Events/total	98.0	101.0					0.0	0.0	participants	INCLUDE	Randomized arm sizes taken from CONSORT Fig 1 (Pre 103/30 103/Comb 103/Usual 104). Abstract instead reports Pre 103/30 104/Comb 103/Usual 103; source is internally inconsistent. Counts are stated as z
AUDIT-0066	Zhu 2022	V34_B1_065	PONV	Postoperative nausea incidence	48–72 h after surgery	Events/total	100.0	101.0					0.0	0.0	participants	INCLUDE	Randomized arm sizes taken from CONSORT Fig 1 (Pre 103/30 103/Comb 103/Usual 104). Abstract instead reports Pre 103/30 104/Comb 103/Usual 103; source is internally inconsistent. Counts are stated as z
AUDIT-0067	Zhu 2022	V34_B1_066	PONV	Postoperative vomiting incidence	48–72 h after surgery	Events/total	100.0	101.0					0.0	0.0	participants	INCLUDE	Randomized arm sizes taken from CONSORT Fig 1 (Pre 103/30 103/Comb 103/Usual 104). Abstract instead reports Pre 103/30 104/Comb 103/Usual 103; source is internally inconsistent. Counts are stated as z
AUDIT-0068	Yang 2020	V34_B1_067	GI adverse effect	Abdominal distension incidence	Postoperative; assessment window not separately stated	Events/total	29.0	28.0					9.0	11.0	participants	INCLUDE	The article reports AD as a postoperative outcome but Table 3 does not attach a distinct clock time to this summary.
AUDIT-0069	Yang 2020	V34_B1_068	GI adverse effect	Abdominal distension severity grade 0	Postoperative; assessment window not separately stated	Events/total	29.0	28.0					20.0	17.0	participants	INCLUDE	P=0.290 is the overall comparison of the AD severity distribution, not a grade-specific P value.
AUDIT-0070	Yang 2020	V34_B1_069	GI adverse effect	Abdominal distension severity grade 1	Postoperative; assessment window not separately stated	Events/total	29.0	28.0					1.0	2.0	participants	INCLUDE	P=0.290 is the overall comparison of the AD severity distribution, not a grade-specific P value.
AUDIT-0071	Yang 2020	V34_B1_070	GI adverse effect	Abdominal distension severity grade 2	Postoperative; assessment window not separately stated	Events/total	29.0	28.0					2.0	2.0	participants	INCLUDE	P=0.290 is the overall comparison of the AD severity distribution, not a grade-specific P value.
AUDIT-0072	Yang 2020	V34_B1_071	GI adverse effect	Abdominal distension severity grade 3	Postoperative; assessment window not separately stated	Events/total	29.0	28.0					6.0	7.0	participants	INCLUDE	P=0.290 is the overall comparison of the AD severity distribution, not a grade-specific P value.
AUDIT-0073	Yang 2020	V34_B1_072	GI adverse effect	Abdominal distension severity grade 4	Postoperative; assessment window not separately stated	Events/total	29.0	28.0					0.0	0.0	participants	INCLUDE	P=0.290 is the overall comparison of the AD severity distribution, not a grade-specific P value.
AUDIT-0074	Yang 2020	V34_B1_073	Rescue analgesia	Participants given rescue medication	Postoperative; exact window not stated	Events/total	29.0	28.0					5.0	7.0	participants	HOLD	Methods define rescue medication as bucinnazine 100 mg IM if VAS >3/10; Table 3 does not state a time window.
AUDIT-0075	Yang 2020	V34_B1_074	PONV	Nausea severity score	0–24 h after surgery	Median/IQR	29.0	28.0							4-point rating scale 0-3	NARRATIVE ONLY	Table 4 footnote states starred continuous outcomes are median (quartile range). Where the table prints only '0' without a parenthetical range, dispersion is not reported.
AUDIT-0076	Yang 2020	V34_B1_075	PONV	Vomiting severity score	0–24 h after surgery	Median/IQR	29.0	28.0							4-point rating scale 0-3	NARRATIVE ONLY	Table 4 footnote states starred continuous outcomes are median (quartile range). Where the table prints only '0' without a parenthetical range, dispersion is not reported.
AUDIT-0077	Yang 2020	V34_B1_076	PONV	Nausea incidence	0–24 h after surgery	Events/total	29.0	28.0					8.0	8.0	participants	INCLUDE	NOT REPORTED
AUDIT-0078	Yang 2020	V34_B1_077	PONV	Vomiting incidence	0–24 h after surgery	Events/total	29.0	28.0					5.0	7.0	participants	INCLUDE	NOT REPORTED
AUDIT-0079	Yang 2020	V34_B1_078	Pain	Static pain VAS	0–24 h after surgery	Median/IQR	29.0	28.0							VAS 0-10	NARRATIVE ONLY	The paper labels these as static and dynamic pain, not rest/movement with further operational detail.
AUDIT-0080	Yang 2020	V34_B1_079	Pain	Dynamic pain VAS	0–24 h after surgery	Median/IQR	29.0	28.0							VAS 0-10	NARRATIVE ONLY	The paper labels these as static and dynamic pain, not rest/movement with further operational detail.
AUDIT-0081	Yang 2020	V34_B1_080	PONV	Nausea severity score	24–48 h after surgery	Median/IQR	29.0	28.0							4-point rating scale 0-3	NARRATIVE ONLY	Table 4 footnote states starred continuous outcomes are median (quartile range). Where the table prints only '0' without a parenthetical range, dispersion is not reported.
AUDIT-0082	Yang 2020	V34_B1_081	PONV	Vomiting severity score	24–48 h after surgery	Other (describe)	29.0	28.0							4-point rating scale 0-3	HOLD	Table 4 footnote states starred continuous outcomes are median (quartile range). Where the table prints only '0' without a parenthetical range, dispersion is not reported.
AUDIT-0083	Yang 2020	V34_B1_082	PONV	Nausea incidence	24–48 h after surgery	Events/total	29.0	28.0					4.0	3.0	participants	INCLUDE	NOT REPORTED
AUDIT-0084	Yang 2020	V34_B1_083	PONV	Vomiting incidence	24–48 h after surgery	Events/total	29.0	28.0					0.0	0.0	participants	INCLUDE	NOT REPORTED
AUDIT-0085	Yang 2020	V34_B1_084	Pain	Static pain VAS	24–48 h after surgery	Median/IQR	29.0	28.0							VAS 0-10	NARRATIVE ONLY	The paper labels these as static and dynamic pain, not rest/movement with further operational detail.
AUDIT-0086	Yang 2020	V34_B1_085	Pain	Dynamic pain VAS	24–48 h after surgery	Median/IQR	29.0	28.0							VAS 0-10	NARRATIVE ONLY	The paper labels these as static and dynamic pain, not rest/movement with further operational detail.
AUDIT-0087	Yang 2020	V34_B1_086	PONV	Nausea severity score	48–72 h after surgery	Other (describe)	29.0	28.0							4-point rating scale 0-3	HOLD	Table 4 footnote states starred continuous outcomes are median (quartile range). Where the table prints only '0' without a parenthetical range, dispersion is not reported.
AUDIT-0088	Yang 2020	V34_B1_087	PONV	Vomiting severity score	48–72 h after surgery	Other (describe)	29.0	28.0							4-point rating scale 0-3	HOLD	Table 4 footnote states starred continuous outcomes are median (quartile range). Where the table prints only '0' without a parenthetical range, dispersion is not reported.
AUDIT-0089	Yang 2020	V34_B1_088	PONV	Nausea incidence	48–72 h after surgery	Events/total	29.0	28.0					0.0	0.0	participants	INCLUDE	NOT REPORTED
AUDIT-0090	Yang 2020	V34_B1_089	PONV	Vomiting incidence	48–72 h after surgery	Events/total	29.0	28.0					0.0	0.0	participants	INCLUDE	NOT REPORTED
AUDIT-0091	Yang 2020	V34_B1_090	Pain	Static pain VAS	48–72 h after surgery	Median/IQR	29.0	28.0							VAS 0-10	NARRATIVE ONLY	The paper labels these as static and dynamic pain, not rest/movement with further operational detail.
AUDIT-0092	Yang 2020	V34_B1_091	Pain	Dynamic pain VAS	48–72 h after surgery	Median/IQR	29.0	28.0							VAS 0-10	NARRATIVE ONLY	The paper labels these as static and dynamic pain, not rest/movement with further operational detail.
AUDIT-0093	Yang 2020	V34_B1_092	Functional recovery	Time to out-of-bed activity	Postoperative	Mean/SD	29.0	28.0	11.2	1.0	13.0	3.5			hours	INCLUDE	NOT REPORTED
AUDIT-0094	Yang 2020	V34_B1_093	Length of stay	Hospital stay	Postoperative hospitalization	Mean/SD	29.0	28.0	6.1	2.15	6.5	2.05			days	INCLUDE	NOT REPORTED
AUDIT-0095	Pan 2023	V34_B1_094	Pain	NRS in the mobile state	1 h after operation	Other (describe)	52.0	53.0							NRS 0-10	HOLD	Results text specifies the NRS was assessed 'while in the mobile state'. Table prints parenthetical values but does not label them as SD/IQR in Table 7; statistic type therefore left as Other (describ
AUDIT-0096	Pan 2023	V34_B1_095	Pain	NRS in the mobile state	24 h after operation	Other (describe)	52.0	53.0							NRS 0-10	HOLD	Results text specifies the NRS was assessed 'while in the mobile state'. Table prints parenthetical values but does not label them as SD/IQR in Table 7; statistic type therefore left as Other (describ
AUDIT-0097	Pan 2023	V34_B1_096	Pain	Resting pain	Postoperative	Other (describe)	52.0	53.0							NRS 0-10	NOT REPORTED	A separate resting-pain outcome is not reported.
AUDIT-0098	Pan 2023	V34_B1_097	Pain	PACU highest NRS score	PACU	Other (describe)	52.0	53.0							NRS 0-10	HOLD	The table does not define the parenthetical statistic for this row; do not assume SD or IQR.
AUDIT-0099	Pan 2023	V34_B1_098	PONV	Vomiting incidence	1 h after operation	Events/total	52.0	53.0					2.0	3.0	participants	INCLUDE	The table reports counts and rounded percentages.
AUDIT-0100	Pan 2023	V34_B1_099	PONV	Vomiting incidence	Within 24 h after operation	Events/total	52.0	53.0					9.0	19.0	participants	INCLUDE	The table reports counts and rounded percentages.
AUDIT-0101	Pan 2023	V34_B1_100	PONV	Nausea incidence	Within 24 h after operation	Other (describe)	52.0	53.0							participants	NOT REPORTED	Nausea is discussed generally but is not separately tabulated as an incidence outcome.
AUDIT-0102	Pan 2023	V34_B1_101	Rescue analgesia	Participants using analgesic drugs	Within 24 h after operation	Events/total	52.0	53.0					19.0	23.0	participants	HOLD	The table reports use of analgesic drugs, not a drug dose or opioid amount.
AUDIT-0103	Pan 2023	V34_B1_102	Rescue antiemetic	Participants using antiemetic drugs	Within 24 h after operation	Events/total	52.0	53.0					25.0	34.0	participants	INCLUDE	NOT REPORTED
AUDIT-0104	Pan 2023	V34_B1_103	Rescue medication	Utilization of remedial drugs in PACU	PACU	Events/total	52.0	53.0					10.0	18.0	participants	HOLD	Table 6 does not specify which remedial drug(s) were used.
AUDIT-0105	Pan 2023	V34_B1_104	Functional recovery	Time of respiratory recovery	PACU/recovery	Mean/SD	52.0	53.0	10.2	2.7	10.9	3.7			minutes	INCLUDE	NOT REPORTED
AUDIT-0106	Pan 2023	V34_B1_105	Functional recovery	Time of conscious	PACU/recovery	Mean/SD	52.0	53.0	10.7	2.7	11.3	3.8			minutes	INCLUDE	NOT REPORTED
AUDIT-0107	Pan 2023	V34_B1_106	Functional recovery	Time of extubation	PACU/recovery	Mean/SD	52.0	53.0	11.4	3.0	12.1	3.8			minutes	INCLUDE	NOT REPORTED
AUDIT-0108	Pan 2023	V34_B1_107	Functional recovery	PACU Aldrete score	PACU	Mean/SD	52.0	53.0	8.8	0.8	8.9	0.8			Aldrete points	INCLUDE	NOT REPORTED
AUDIT-0109	Pan 2023	V34_B1_108	Functional recovery	PACU retention time	PACU	Mean/SD	52.0	53.0	50.9	20.9	52.7	17.6			minutes	INCLUDE	NOT REPORTED
AUDIT-0110	Pan 2023	V34_B1_109	Length of stay	Postoperative hospitalization time	Postoperative hospitalization	Mean/SD	52.0	53.0	4.1	2.3	4.1	1.5			days	INCLUDE	NOT REPORTED
AUDIT-0111	Pan 2023	V34_B1_110	Functional recovery	First postoperative water intake time	Postoperative	Median/IQR	52.0	53.0							minutes	NARRATIVE ONLY	NOT REPORTED
AUDIT-0112	Pan 2023	V34_B1_111	Functional recovery	First solid food tolerance time	Postoperative	Median/IQR	52.0	53.0							minutes	NARRATIVE ONLY	NOT REPORTED
AUDIT-0113	Pan 2023	V34_B1_112	Functional recovery	Removing the catheter time	Postoperative	Median/IQR	52.0	53.0							minutes	NARRATIVE ONLY	NOT REPORTED
AUDIT-0114	Pan 2023	V34_B1_113	Functional recovery	First postoperative implantation activity time	Postoperative	Median/IQR	52.0	53.0							minutes	HOLD	The source literally prints 'implantation activity'; this appears likely to be a wording error, but it is preserved verbatim and not silently corrected.
AUDIT-0115	Pan 2023	V34_B1_114	Quality of recovery	Physical comfort	24 h after operation	Mean/SD	52.0	53.0	54.6	2.8	52.3	3.6			QoR-40 points	INCLUDE	NOT REPORTED
AUDIT-0116	Pan 2023	V34_B1_115	Quality of recovery	Emotional state	24 h after operation	Mean/SD	52.0	53.0	41.7	2.3	39.7	2.9			QoR-40 points	INCLUDE	NOT REPORTED
AUDIT-0117	Pan 2023	V34_B1_116	Quality of recovery	Physical independence	24 h after operation	Mean/SD	52.0	53.0	20.9	3.3	20.4	3.1			QoR-40 points	INCLUDE	NOT REPORTED
AUDIT-0118	Pan 2023	V34_B1_117	Quality of recovery	Psychological support	24 h after operation	Mean/SD	52.0	53.0	32.5	2.3	32.0	1.9			QoR-40 points	INCLUDE	NOT REPORTED
AUDIT-0119	Pan 2023	V34_B1_118	Quality of recovery	Pain subscale	24 h after operation	Mean/SD	52.0	53.0	32.9	1.3	32.0	1.5			QoR-40 points	INCLUDE	NOT REPORTED
AUDIT-0120	Pan 2023	V34_B1_119	Quality of recovery	Total QoR-40 score	24 h after operation	Mean/SD	52.0	53.0	182.7	6.9	176.4	7.1			QoR-40 points	INCLUDE	NOT REPORTED
AUDIT-0121	Lu 2022	V34_B1_120	Pain	VAS at rest	24 h after surgery	Median/range	47.0	47.0							VAS 0-10	NARRATIVE ONLY	Table header states median (min, max).
AUDIT-0122	Lu 2022	V34_B1_121	Pain	VAS at cough	24 h after surgery	Median/range	47.0	47.0							VAS 0-10	NARRATIVE ONLY	Table header states median (min, max).
AUDIT-0123	Lu 2022	V34_B1_122	Pain	VAS at rest	48 h after surgery	Median/range	47.0	47.0							VAS 0-10	NARRATIVE ONLY	Table header states median (min, max).
AUDIT-0124	Lu 2022	V34_B1_123	Pain	VAS at cough	48 h after surgery	Median/range	47.0	47.0							VAS 0-10	NARRATIVE ONLY	Table header states median (min, max).
AUDIT-0125	Lu 2022	V34_B1_124	Pain	VAS at rest	72 h after surgery	Median/range	47.0	47.0							VAS 0-10	NARRATIVE ONLY	Table header states median (min, max).
AUDIT-0126	Lu 2022	V34_B1_125	Pain	VAS at cough	72 h after surgery	Median/range	47.0	47.0							VAS 0-10	NARRATIVE ONLY	Table header states median (min, max).
AUDIT-0127	Lu 2022	V34_B1_126	PONV	PONV incidence	24 h after surgery	Events/total	47.0	47.0					30.0	22.0	participants	INCLUDE	The paper reports these as PONV at each assessment time; it does not state that these are cumulative non-overlapping intervals.
AUDIT-0128	Lu 2022	V34_B1_127	PONV	PONV incidence	48 h after surgery	Events/total	47.0	47.0					10.0	9.0	participants	INCLUDE	The paper reports these as PONV at each assessment time; it does not state that these are cumulative non-overlapping intervals.
AUDIT-0129	Lu 2022	V34_B1_128	PONV	PONV incidence	72 h after surgery	Events/total	47.0	47.0					8.0	4.0	participants	INCLUDE	The paper reports these as PONV at each assessment time; it does not state that these are cumulative non-overlapping intervals.
AUDIT-0130	Lu 2022	V34_B1_129	Quality of recovery	QoR-15 score	24 h after surgery	Median/range	47.0	47.0							QoR-15 points	HOLD	Major internal conflict: Results prose reports 24-h QoR-15 as 50.5 (IQR 42.3–61.8) vs 44.5 (IQR 35.0–57.0), P=0.04, whereas Table 3 reports the values in this row and labels them median (min,max). Bot
AUDIT-0131	Lu 2022	V34_B1_130	Quality of recovery	QoR-15 score	48 h after surgery	Median/range	47.0	47.0							QoR-15 points	NARRATIVE ONLY	Table header states median (min, max).
AUDIT-0132	Lu 2022	V34_B1_131	Quality of recovery	QoR-15 score	72 h after surgery	Median/range	47.0	47.0							QoR-15 points	NARRATIVE ONLY	Table header states median (min, max).
AUDIT-0133	Lu 2022	V34_B1_132	Opioid demand	PCA attempts	48 h after surgery	Median/range	47.0	47.0							PCA attempts	NARRATIVE ONLY	Counts of button attempts; not opioid dose.
AUDIT-0134	Lu 2022	V34_B1_133	Opioid demand	Successful PCA deliveries	48 h after surgery	Median/range	47.0	47.0							PCA deliveries	NARRATIVE ONLY	Number of PCA deliveries; not opioid dose.
AUDIT-0135	Lu 2022	V34_B1_134	Opioid demand	PCA attempts	72 h after surgery	Median/range	47.0	47.0							PCA attempts	NARRATIVE ONLY	Counts of button attempts; not opioid dose.
AUDIT-0136	Lu 2022	V34_B1_135	Opioid demand	Successful PCA deliveries	72 h after surgery	Median/range	47.0	47.0							PCA deliveries	NARRATIVE ONLY	Number of PCA deliveries; not opioid dose.
AUDIT-0137	Lu 2022	V34_B1_136	Functional recovery	Time to first oral intake of water	Postoperative	Mean/SD	47.0	47.0	33.5	22.3	28.9	17.5			hours	INCLUDE	NOT REPORTED
AUDIT-0139	Li 2021	V34_B1_138	PONV	PONV occurrence	6 h post-OP	Events/total	140.0	140.0					51.0	100.0	participants	INCLUDE	These are assessment-time PONV occurrence counts as printed; the article does not relabel them as cumulative 0–x-hour windows.
AUDIT-0140	Li 2021	V34_B1_139	Pain	Participants with postoperative VAS score ≥4	12 h post-OP	Events/total	140.0	140.0					45.0	54.0	participants	INCLUDE	This is a dichotomized VAS threshold, not a continuous VAS score.
AUDIT-0141	Li 2021	V34_B1_140	PONV	PONV occurrence	12 h post-OP	Events/total	140.0	140.0					54.0	81.0	participants	INCLUDE	These are assessment-time PONV occurrence counts as printed; the article does not relabel them as cumulative 0–x-hour windows.
AUDIT-0142	Li 2021	V34_B1_141	Pain	Participants with postoperative VAS score ≥4	9 am on day 1	Events/total	140.0	140.0					14.0	6.0	participants	INCLUDE	This is a dichotomized VAS threshold, not a continuous VAS score.
AUDIT-0143	Li 2021	V34_B1_142	PONV	PONV occurrence	9 am on day 1	Events/total	140.0	140.0					81.0	66.0	participants	INCLUDE	These are assessment-time PONV occurrence counts as printed; the article does not relabel them as cumulative 0–x-hour windows.
AUDIT-0144	Li 2021	V34_B1_143	Pain	Participants with postoperative VAS score ≥4	3 pm on day 1	Events/total	140.0	140.0					26.0	25.0	participants	INCLUDE	This is a dichotomized VAS threshold, not a continuous VAS score.
AUDIT-0145	Li 2021	V34_B1_144	PONV	PONV occurrence	3 pm on day 1	Events/total	140.0	140.0					36.0	66.0	participants	INCLUDE	These are assessment-time PONV occurrence counts as printed; the article does not relabel them as cumulative 0–x-hour windows.
AUDIT-0146	Li 2021	V34_B1_145	Pain	Participants with postoperative VAS score ≥4	9 am on day 2	Events/total	140.0	140.0					4.0	0.0	participants	INCLUDE	This is a dichotomized VAS threshold, not a continuous VAS score.
AUDIT-0147	Li 2021	V34_B1_146	PONV	PONV occurrence	9 am on day 2	Events/total	140.0	140.0					50.0	56.0	participants	INCLUDE	These are assessment-time PONV occurrence counts as printed; the article does not relabel them as cumulative 0–x-hour windows.
AUDIT-0148	Li 2021	V34_B1_147	Pain	Participants with postoperative VAS score ≥4	3 pm on day 2	Events/total	140.0	140.0					7.0	7.0	participants	INCLUDE	This is a dichotomized VAS threshold, not a continuous VAS score.
AUDIT-0149	Li 2021	V34_B1_148	PONV	PONV occurrence	3 pm on day 2	Events/total	140.0	140.0					55.0	55.0	participants	INCLUDE	These are assessment-time PONV occurrence counts as printed; the article does not relabel them as cumulative 0–x-hour windows.
AUDIT-0150	Li 2021	V34_B1_149	Length of stay	Length of postoperative hospital stay	From date of surgery to discharge	Mean/SD	140.0	140.0	6.2	3.3	8.1	3.6			days	INCLUDE	Table 6 uses ** and footnote **P <0.01 vs group S rather than a numeric exact P value.
AUDIT-0151	Gu 2019	V34_B2_001	Pain	VAS pain intensity	4 h	Mean/SD	58.0	59.0	2.79	0.48	3.41	0.62			VAS 0-10	INCLUDE	Exact P value is not printed; source reports P<0.05.
AUDIT-0152	Gu 2019	V34_B2_002	Pain	VAS pain intensity	8 h	Mean/SD	58.0	59.0	2.65	0.42	3.17	0.49			VAS 0-10	INCLUDE	Exact P value is not printed; source reports P<0.05.
AUDIT-0153	Gu 2019	V34_B2_003	Pain	VAS pain intensity	16 h	Graph only	58.0	59.0							VAS 0-10	GRAPH ONLY	No exact numeric values are printed; do not estimate from bar height.
AUDIT-0154	Gu 2019	V34_B2_004	Pain	VAS pain intensity	36 h	Graph only	58.0	59.0							VAS 0-10	GRAPH ONLY	No exact numeric values are printed; do not estimate from bar height.
AUDIT-0155	Gu 2019	V34_B2_005	Opioid demand	Cumulative multimodal PCIA solution consumed	16 h	Graph only	58.0	59.0							mL of multimodal PCIA solution	GRAPH ONLY	No exact numeric 16-h value is printed. PCIA contains sufentanil plus dexmedetomidine, flurbiprofen and palonosetron; do not label solution volume as pure opioid mass.
AUDIT-0156	Gu 2019	V34_B2_006	PONV	Any postoperative nausea and/or vomiting (PONV)	Postoperative follow-up; exact window not stated	Events/total	58.0	59.0					7.0	19.0	participants	HOLD	Results text reports 12% vs 32.2%; these match 7/58 and 19/59. The exact observation window is not stated, although discussion says most PONV occurred within 24 h.
AUDIT-0157	Gu 2019	V34_B2_007	Patient satisfaction	Very satisfied	36 h postoperatively	Events/total	58.0	59.0					32.0	9.0	participants	INCLUDE	Table 4 category counts are internally coherent, but Results text reports 'moderately satisfied and above' 67.3% vs 42.4%, which does not reconcile with the table. Do not use that composite without ad
AUDIT-0158	Gu 2019	V34_B2_008	Patient satisfaction	Satisfied	36 h postoperatively	Events/total	58.0	59.0					19.0	32.0	participants	INCLUDE	Table 4 category counts are internally coherent, but Results text reports 'moderately satisfied and above' 67.3% vs 42.4%, which does not reconcile with the table. Do not use that composite without ad
AUDIT-0159	Gu 2019	V34_B2_009	Patient satisfaction	Moderately satisfied	36 h postoperatively	Events/total	58.0	59.0					7.0	16.0	participants	INCLUDE	Table 4 category counts are internally coherent, but Results text reports 'moderately satisfied and above' 67.3% vs 42.4%, which does not reconcile with the table. Do not use that composite without ad
AUDIT-0160	Gu 2019	V34_B2_010	Patient satisfaction	Not satisfied	36 h postoperatively	Events/total	58.0	59.0					0.0	2.0	participants	INCLUDE	Table 4 category counts are internally coherent, but Results text reports 'moderately satisfied and above' 67.3% vs 42.4%, which does not reconcile with the table. Do not use that composite without ad
AUDIT-0161	Huang 2025	V34_B2_011	Pain	VAS pain score	24 h	Median/range	43.0	45.0							VAS 0-10	NARRATIVE ONLY	Table explicitly labels dispersion as min-max, not IQR.
AUDIT-0162	Huang 2025	V34_B2_012	Pain	VAS pain score	48 h	Median/range	43.0	45.0							VAS 0-10	NARRATIVE ONLY	Table explicitly labels dispersion as min-max, not IQR.
AUDIT-0163	Huang 2025	V34_B2_013	Pain	VAS pain score	72 h	Median/range	43.0	45.0							VAS 0-10	NARRATIVE ONLY	Table explicitly labels dispersion as min-max, not IQR.
AUDIT-0164	Huang 2025	V34_B2_014	GI recovery	I-FEED score	24 h	Median/range	43.0	45.0							I-FEED score	NARRATIVE ONLY	Table explicitly labels dispersion as min-max. Equal medians at 24 h do not invalidate the reported rank-test P value.
AUDIT-0165	Huang 2025	V34_B2_015	GI recovery	I-FEED score	48 h	Median/range	43.0	45.0							I-FEED score	NARRATIVE ONLY	Table explicitly labels dispersion as min-max. Equal medians at 24 h do not invalidate the reported rank-test P value.
AUDIT-0166	Huang 2025	V34_B2_016	GI recovery	I-FEED score	72 h	Median/range	43.0	45.0							I-FEED score	NARRATIVE ONLY	Table explicitly labels dispersion as min-max. Equal medians at 24 h do not invalidate the reported rank-test P value.
AUDIT-0167	Huang 2025	V34_B2_017	Quality of recovery	QoR-40 total score	Day of discharge	Median/range	43.0	45.0							QoR-40 points	NARRATIVE ONLY	Table shows a higher EA score; Results prose incorrectly says QoR-40 scores were 'lower' in EA. Higher QoR-40 indicates better recovery.
AUDIT-0168	Huang 2025	V34_B2_018	Length of stay	Hospital length of stay	Postoperative hospitalization	Mean/SD	43.0	45.0	6.1	1.7	6.2	1.3			days	INCLUDE	Table header states mean (SD).
AUDIT-0169	Huang 2025	V34_B2_019	PONV	Vomiting	Postoperative	Events/total	43.0	45.0					3.0	9.0	participants	INCLUDE	Table gives postoperative vomiting without a more specific clock-time label.
AUDIT-0170	Huang 2025	V34_B2_020	Rescue analgesia	Use of additional analgesic	Postoperative	Events/total	43.0	45.0					1.0	4.0	participants	INCLUDE	Methods specify ketorolac tromethamine 30 mg IM for VAS≥6 or patient request within 24 h.
AUDIT-0171	Huang 2025	V34_B2_021	GI adverse event	Bowel obstruction	Postoperative	Events/total	43.0	45.0					1.0	0.0	participants	INCLUDE	Postoperative bowel obstruction.
AUDIT-0172	Huang 2025	V34_B2_022	Adverse events	Serious adverse events or fatalities	Study follow-up	Events/total	43.0	45.0					0.0	0.0	participants	INCLUDE	The article also states no serious adverse events or complications related to the EA procedure were recorded.
AUDIT-0173	Gao 2021	V34_B2_023	GI recovery	Time to first bowel sounds	Postoperative	Mean/SD	303.0	307.0	41.4	22.6	46.0	24.1			hours	INCLUDE	NOT REPORTED
AUDIT-0174	Gao 2021	V34_B2_024	Pain	Abdominal pain score	Postoperative 72 h	Mean/SD	303.0	307.0	1.4	1.4	1.3	1.5			Score; scale not defined in main article	HOLD	Main article states symptom scores/vomiting were assessed at postoperative 72 h.
AUDIT-0175	Gao 2021	V34_B2_025	GI symptoms	Distention score	Postoperative 72 h	Mean/SD	303.0	307.0	1.6	0.9	1.6	0.9			Score; scale not defined in main article	HOLD	Main article states symptom scores/vomiting were assessed at postoperative 72 h.
AUDIT-0176	Gao 2021	V34_B2_026	PONV	Nausea score	Postoperative 72 h	Mean/SD	303.0	307.0	1.0	1.6	1.1	1.7			Score; scale not defined in main article	HOLD	Main article states symptom scores/vomiting were assessed at postoperative 72 h.
AUDIT-0177	Gao 2021	V34_B2_027	PONV	Number of vomiting episodes	Postoperative 72 h	Mean/SD	303.0	307.0	0.0	0.5	0.0	0.1			episodes	INCLUDE	Main article states symptom scores/vomiting were assessed at postoperative 72 h.
AUDIT-0178	Jiang 2026	V34_B2_028	GI recovery	Time to first defecation	Postoperative	Median/IQR	294.0	293.0							hours	NARRATIVE ONLY	The effect CI is printed in descending numerical order (−3.8 to −6.0); preserved verbatim.
AUDIT-0179	Jiang 2026	V34_B2_029	Pain	NRS pain score	AMBIGUOUS — single summary; Methods planned 6 h, 24 h and 48 h	Median/IQR	294.0	293.0							NRS 0-10	HOLD	The paper prespecifies NRS at 6, 24 and 48 h but reports only this one numerical summary without identifying which timepoint it represents. Do not relabel as 24 h.
AUDIT-0180	Jiang 2026	V34_B2_030	GI adverse event	Abdominal distention incidence	Postoperative	Events/total	294.0	293.0					62.0	87.0	participants	INCLUDE	NOT REPORTED
AUDIT-0181	Jiang 2026	V34_B2_031	Healthcare utilization	Hospital cost	Hospitalization	Median/IQR	294.0	293.0							Chinese yuan	NARRATIVE ONLY	The printed effect estimate direction does not equal the raw median difference; preserve as printed and do not recompute silently.
AUDIT-0182	Jiang 2026	V34_B2_032	Length of stay	Postoperative hospital stay	Postoperative hospitalization	Median/IQR	294.0	293.0							days	NARRATIVE ONLY	NOT REPORTED
AUDIT-0183	Jiang 2026	V34_B2_033	Adverse events	Any postoperative complication/adverse event	Study follow-up	Events/total	294.0	293.0					8.0	7.0	participants	INCLUDE	Do not pool the overall adverse-event row together with its component rows in the same analysis.
AUDIT-0184	Jiang 2026	V34_B2_034	Adverse events	Severe adverse events	Study follow-up	Events/total	294.0	293.0					0.0	0.0	participants	INCLUDE	NOT REPORTED
AUDIT-0185	Jiang 2026	V34_B2_035	Adverse events	Subcutaneous hematoma	Study follow-up	Events/total	294.0	293.0					0.0	0.0	participants	INCLUDE	NOT REPORTED
AUDIT-0186	Jiang 2026	V34_B2_036	Adverse events	Rubefaction	Study follow-up	Events/total	294.0	293.0					6.0	6.0	participants	INCLUDE	NOT REPORTED
AUDIT-0187	Jiang 2026	V34_B2_037	Adverse events	Hydroderma	Study follow-up	Events/total	294.0	293.0					2.0	1.0	participants	INCLUDE	NOT REPORTED
AUDIT-0188	Wang 2023	V34_B2_038	Sleep quality	PSQI and AIS postoperative sleep quality	POD3	Graph only	40.0	43.0							PSQI and AIS scores	GRAPH ONLY	Exact numerical values are not printed; do not estimate from bar heights.
AUDIT-0189	Wang 2023	V34_B2_039	Pain	Rest pain VAS	24 h	Graph only	40.0	43.0							VAS 0-10	GRAPH ONLY	Exact mean/SD values are not printed; formal digitization would be required.
AUDIT-0190	Wang 2023	V34_B2_040	Pain	Rest pain VAS	48 h	Graph only	40.0	43.0							VAS 0-10	GRAPH ONLY	Exact mean/SD values are not printed; formal digitization would be required.
AUDIT-0191	Wang 2023	V34_B2_041	Pain	Rest pain VAS	72 h	Graph only	40.0	43.0							VAS 0-10	GRAPH ONLY	Exact mean/SD values are not printed; formal digitization would be required.
AUDIT-0192	Wang 2023	V34_B2_042	Pain	Activity pain VAS	48 h	Graph only	40.0	43.0							VAS 0-10	GRAPH ONLY	Exact mean/SD values are not printed; do not estimate from the graph.
AUDIT-0193	Wang 2023	V34_B2_043	Pain	Activity pain VAS	72 h	Graph only	40.0	43.0							VAS 0-10	GRAPH ONLY	Exact mean/SD values are not printed; do not estimate from the graph.
AUDIT-0194	Wang 2023	V34_B2_044	Length of stay	Postoperative hospitalization	Postoperative hospitalization	Mean/SD	40.0	43.0	8.6	3.86	8.65	3.47			days	INCLUDE	NOT REPORTED
AUDIT-0195	Wang 2023	V34_B2_045	GI adverse event	Abdominal distension	Within 72 h after surgery	Events/total	40.0	43.0					11.0	24.0	participants	INCLUDE	NOT REPORTED
AUDIT-0196	Wang 2023	V34_B2_046	Adverse events	Dizziness	Within 72 h after surgery	Events/total	40.0	43.0					10.0	16.0	participants	INCLUDE	NOT REPORTED
AUDIT-0197	Wang 2023	V34_B2_047	PONV	PONV incidence	Within 72 h after surgery	Events/total	40.0	43.0					6.0	19.0	participants	INCLUDE	NOT REPORTED
AUDIT-0198	Wang 2023	V34_B2_048	Adverse events	Postoperative pulmonary complications	Within 72 h after surgery	Events/total	40.0	43.0					7.0	13.0	participants	INCLUDE	NOT REPORTED
AUDIT-0199	Tu 2024	V34_B3_001	PONV	Vomiting incidence	0–2 h after craniotomy	Events/total	57.0	58.0					4.0	10.0	participants	INCLUDE	NOT REPORTED
AUDIT-0200	Tu 2024	V34_B3_002	PONV	Nausea severity score	0–2 h after craniotomy	Median/IQR	57.0	58.0							WHO PONV 4-class nausea rating, 0–3	NARRATIVE ONLY	The paper describes a 4-class WHO PONV rating: 0 no nausea, 1 mild nausea/abdominal discomfort, 2 evident nausea without vomiting, 3 extreme nausea/vomiting.
AUDIT-0201	Tu 2024	V34_B3_003	PONV	Nausea severity score	2–6 h after craniotomy	Median/IQR	57.0	58.0							WHO PONV 4-class nausea rating, 0–3	NARRATIVE ONLY	The paper describes a 4-class WHO PONV rating: 0 no nausea, 1 mild nausea/abdominal discomfort, 2 evident nausea without vomiting, 3 extreme nausea/vomiting.
AUDIT-0202	Tu 2024	V34_B3_004	PONV	Nausea severity score	6–24 h after craniotomy	Median/IQR	57.0	58.0							WHO PONV 4-class nausea rating, 0–3	NARRATIVE ONLY	The paper describes a 4-class WHO PONV rating: 0 no nausea, 1 mild nausea/abdominal discomfort, 2 evident nausea without vomiting, 3 extreme nausea/vomiting.
AUDIT-0203	Tu 2024	V34_B3_005	Rescue antiemetic	Use of metoclopramide 10 mg IM	0–2 h after craniotomy	Events/total	57.0	58.0					0.0	0.0	participants	INCLUDE	Metoclopramide 10 mg IM was the prespecified rescue antiemetic for difficult-to-tolerate nausea/vomiting.
AUDIT-0204	Tu 2024	V34_B3_006	Rescue antiemetic	Use of metoclopramide 10 mg IM	2–6 h after craniotomy	Events/total	57.0	58.0					0.0	0.0	participants	INCLUDE	Metoclopramide 10 mg IM was the prespecified rescue antiemetic for difficult-to-tolerate nausea/vomiting.
AUDIT-0205	Tu 2024	V34_B3_007	Rescue antiemetic	Use of metoclopramide 10 mg IM	6–24 h after craniotomy	Events/total	57.0	58.0					1.0	1.0	participants	INCLUDE	Metoclopramide 10 mg IM was the prespecified rescue antiemetic for difficult-to-tolerate nausea/vomiting.
AUDIT-0206	Tu 2024	V34_B3_008	Pain	VAS pain intensity	0–2 h after craniotomy	Median/IQR	57.0	58.0							VAS 0–10	NARRATIVE ONLY	NOT REPORTED
AUDIT-0207	Tu 2024	V34_B3_009	Pain	VAS pain intensity	2–6 h after craniotomy	Median/IQR	57.0	58.0							VAS 0–10	NARRATIVE ONLY	NOT REPORTED
AUDIT-0208	Tu 2024	V34_B3_010	Adverse events	TEAS-related adverse events	0–24 h testing period	Events/total	57.0	58.0					0.0	0.0	participants	INCLUDE	The article prospectively listed malignant arrhythmia, abnormal blood-pressure fluctuation, fainting, serious pain and local infection as TEAS adverse events.
AUDIT-0209	Sun 2017	V34_B3_011	Pain	Resting VAS	1 h	Graph only	91.0	90.0							VAS 0–10	GRAPH ONLY	Exact numerical values are not printed in text/table. No visual digitization performed.
AUDIT-0210	Sun 2017	V34_B3_012	Pain	Resting VAS	6 h	Graph only	91.0	90.0							VAS 0–10	GRAPH ONLY	Exact numerical values are not printed in text/table. No visual digitization performed.
AUDIT-0211	Sun 2017	V34_B3_013	Pain	Resting VAS	24 h	Graph only	91.0	90.0							VAS 0–10	GRAPH ONLY	Exact numerical values are not printed in text/table. No visual digitization performed.
AUDIT-0212	Sun 2017	V34_B3_014	Pain	Resting VAS	48 h	Graph only	91.0	90.0							VAS 0–10	GRAPH ONLY	Exact numerical values are not printed in text/table. No visual digitization performed.
AUDIT-0213	Sun 2017	V34_B3_015	Pain	Activity-evoked VAS during coughing	1 h	Graph only	91.0	90.0							VAS 0–10	GRAPH ONLY	Exact numerical values are not printed in text/table. No visual digitization performed.
AUDIT-0214	Sun 2017	V34_B3_016	Pain	Activity-evoked VAS during coughing	6 h	Graph only	91.0	90.0							VAS 0–10	GRAPH ONLY	Exact numerical values are not printed in text/table. No visual digitization performed.
AUDIT-0215	Sun 2017	V34_B3_017	Pain	Activity-evoked VAS during coughing	48 h	Graph only	91.0	90.0							VAS 0–10	GRAPH ONLY	Exact numerical values are not printed in text/table. No visual digitization performed.
AUDIT-0216	Sun 2017	V34_B3_018	Pain	Resting VAS	1 h	Graph only	91.0	90.0							VAS 0–10	GRAPH ONLY	Exact numerical values are not printed in text/table. No visual digitization performed.
AUDIT-0217	Sun 2017	V34_B3_019	Pain	Resting VAS	6 h	Graph only	91.0	90.0							VAS 0–10	GRAPH ONLY	Exact numerical values are not printed in text/table. No visual digitization performed.
AUDIT-0218	Sun 2017	V34_B3_020	Pain	Resting VAS	24 h	Graph only	91.0	90.0							VAS 0–10	GRAPH ONLY	Exact numerical values are not printed in text/table. No visual digitization performed.
AUDIT-0219	Sun 2017	V34_B3_021	Pain	Resting VAS	48 h	Graph only	91.0	90.0							VAS 0–10	GRAPH ONLY	Exact numerical values are not printed in text/table. No visual digitization performed.
AUDIT-0220	Sun 2017	V34_B3_022	Pain	Activity-evoked VAS during coughing	1 h	Graph only	91.0	90.0							VAS 0–10	GRAPH ONLY	Exact numerical values are not printed in text/table. No visual digitization performed.
AUDIT-0221	Sun 2017	V34_B3_023	Pain	Activity-evoked VAS during coughing	6 h	Graph only	91.0	90.0							VAS 0–10	GRAPH ONLY	Exact numerical values are not printed in text/table. No visual digitization performed.
AUDIT-0222	Sun 2017	V34_B3_024	Pain	Activity-evoked VAS during coughing	48 h	Graph only	91.0	90.0							VAS 0–10	GRAPH ONLY	Exact numerical values are not printed in text/table. No visual digitization performed.
AUDIT-0223	Sun 2017	V34_B3_025	Pain	Resting VAS	1 h	Graph only	89.0	90.0							VAS 0–10	GRAPH ONLY	Exact numerical values are not printed in text/table. No visual digitization performed.
AUDIT-0224	Sun 2017	V34_B3_026	Pain	Resting VAS	6 h	Graph only	89.0	90.0							VAS 0–10	GRAPH ONLY	Exact numerical values are not printed in text/table. No visual digitization performed.
AUDIT-0225	Sun 2017	V34_B3_027	Pain	Resting VAS	24 h	Graph only	89.0	90.0							VAS 0–10	GRAPH ONLY	Exact numerical values are not printed in text/table. No visual digitization performed.
AUDIT-0226	Sun 2017	V34_B3_028	Pain	Resting VAS	48 h	Graph only	89.0	90.0							VAS 0–10	GRAPH ONLY	Exact numerical values are not printed in text/table. No visual digitization performed.
AUDIT-0227	Sun 2017	V34_B3_029	Pain	Activity-evoked VAS during coughing	1 h	Graph only	89.0	90.0							VAS 0–10	GRAPH ONLY	Exact numerical values are not printed in text/table. No visual digitization performed.
AUDIT-0228	Sun 2017	V34_B3_030	Pain	Activity-evoked VAS during coughing	6 h	Graph only	89.0	90.0							VAS 0–10	GRAPH ONLY	Exact numerical values are not printed in text/table. No visual digitization performed.
AUDIT-0229	Sun 2017	V34_B3_031	Pain	Activity-evoked VAS during coughing	48 h	Graph only	89.0	90.0							VAS 0–10	GRAPH ONLY	Exact numerical values are not printed in text/table. No visual digitization performed.
AUDIT-0230	Sun 2017	V34_B3_032	PONV	Nausea	Within 48 h after surgery	Published percentage (95% CI)	91.0	90.0							percent	NARRATIVE ONLY	Only percentages and 95% confidence intervals are printed. Raw event counts are NOT REPORTED and were not reverse-engineered.
AUDIT-0231	Sun 2017	V34_B3_033	PONV	Nausea	Within 48 h after surgery	Published percentage (95% CI)	91.0	90.0							percent	NARRATIVE ONLY	Only percentages and 95% confidence intervals are printed. Raw event counts are NOT REPORTED and were not reverse-engineered.
AUDIT-0232	Sun 2017	V34_B3_034	PONV	Nausea	Within 48 h after surgery	Published percentage (95% CI)	89.0	90.0							percent	NARRATIVE ONLY	Only percentages and 95% confidence intervals are printed. Raw event counts are NOT REPORTED and were not reverse-engineered.
AUDIT-0233	Sun 2017	V34_B3_035	PONV	Vomiting	Within 48 h after surgery	Published percentage (95% CI)	91.0	90.0							percent	NARRATIVE ONLY	Only percentages and 95% confidence intervals are printed. Raw event counts are NOT REPORTED and were not reverse-engineered.
AUDIT-0234	Sun 2017	V34_B3_036	PONV	Vomiting	Within 48 h after surgery	Published percentage (95% CI)	91.0	90.0							percent	NARRATIVE ONLY	Only percentages and 95% confidence intervals are printed. Raw event counts are NOT REPORTED and were not reverse-engineered.
AUDIT-0235	Sun 2017	V34_B3_037	PONV	Vomiting	Within 48 h after surgery	Published percentage (95% CI)	89.0	90.0							percent	NARRATIVE ONLY	Only percentages and 95% confidence intervals are printed. Raw event counts are NOT REPORTED and were not reverse-engineered.
AUDIT-0236	Sun 2017	V34_B3_038	Rescue antiemetic	Additional antiemetic requirement	Within 48 h after surgery	Published percentage (95% CI)	91.0	90.0							percent	NARRATIVE ONLY	Only percentages and 95% confidence intervals are printed. Raw event counts are NOT REPORTED and were not reverse-engineered.
AUDIT-0237	Sun 2017	V34_B3_039	Rescue antiemetic	Additional antiemetic requirement	Within 48 h after surgery	Published percentage (95% CI)	91.0	90.0							percent	NARRATIVE ONLY	Only percentages and 95% confidence intervals are printed. Raw event counts are NOT REPORTED and were not reverse-engineered.
AUDIT-0238	Sun 2017	V34_B3_040	Rescue antiemetic	Additional antiemetic requirement	Within 48 h after surgery	Published percentage (95% CI)	89.0	90.0							percent	NARRATIVE ONLY	Only percentages and 95% confidence intervals are printed. Raw event counts are NOT REPORTED and were not reverse-engineered.
AUDIT-0239	Sun 2017	V34_B3_041	Patient satisfaction	Patient satisfaction — extremely satisfied	Postoperative assessment; exact clock time not separately stated	Published percentage (95% CI)	91.0	90.0							percent	NARRATIVE ONLY	Only percentages and 95% confidence intervals are printed. Raw event counts are NOT REPORTED and were not reverse-engineered.
AUDIT-0240	Sun 2017	V34_B3_042	Patient satisfaction	Patient satisfaction — extremely satisfied	Postoperative assessment; exact clock time not separately stated	Published percentage (95% CI)	91.0	90.0							percent	NARRATIVE ONLY	Only percentages and 95% confidence intervals are printed. Raw event counts are NOT REPORTED and were not reverse-engineered.
AUDIT-0241	Sun 2017	V34_B3_043	Patient satisfaction	Patient satisfaction — extremely satisfied	Postoperative assessment; exact clock time not separately stated	Published percentage (95% CI)	89.0	90.0							percent	NARRATIVE ONLY	Only percentages and 95% confidence intervals are printed. Raw event counts are NOT REPORTED and were not reverse-engineered.
AUDIT-0242	Sun 2017	V34_B3_044	Intraoperative opioid	Author-defined intraoperative morphine-equivalent exposure	Intraoperative	Mean/SD	91.0	90.0	1.6	0.4	1.5	0.4			mg/kg; author-defined conversion metric	CONDITIONAL	Authors converted intraoperative sufentanil/remifentanil to a study-defined morphine metric using their stated equivalencies. Preserve as author-defined; do not mix automatically with standardized pos
AUDIT-0243	Sun 2017	V34_B3_045	Intraoperative opioid	Author-defined intraoperative morphine-equivalent exposure	Intraoperative	Mean/SD	91.0	90.0	1.6	0.4	1.5	0.4			mg/kg; author-defined conversion metric	CONDITIONAL	Authors converted intraoperative sufentanil/remifentanil to a study-defined morphine metric using their stated equivalencies. Preserve as author-defined; do not mix automatically with standardized pos
AUDIT-0244	Sun 2017	V34_B3_046	Intraoperative opioid	Author-defined intraoperative morphine-equivalent exposure	Intraoperative	Mean/SD	89.0	90.0	1.5	0.4	1.5	0.4			mg/kg; author-defined conversion metric	CONDITIONAL	Authors converted intraoperative sufentanil/remifentanil to a study-defined morphine metric using their stated equivalencies. Preserve as author-defined; do not mix automatically with standardized pos
AUDIT-0245	Sun 2017	V34_B3_047	Functional recovery	Extubation time	Postoperative	Mean/SD	91.0	90.0	20.8	15.8	22.5	13.2			minutes	INCLUDE	NOT REPORTED
AUDIT-0246	Sun 2017	V34_B3_048	Functional recovery	Extubation time	Postoperative	Mean/SD	91.0	90.0	18.4	10.1	22.5	13.2			minutes	INCLUDE	NOT REPORTED
AUDIT-0247	Sun 2017	V34_B3_049	Functional recovery	Extubation time	Postoperative	Mean/SD	89.0	90.0	21.5	12.3	22.5	13.2			minutes	INCLUDE	NOT REPORTED
AUDIT-0248	Sun 2017	V34_B3_050	Functional recovery	Length of stay in PACU	Postoperative	Mean/SD	91.0	90.0	62.2	19.4	66.0	16.0			minutes	INCLUDE	NOT REPORTED
AUDIT-0249	Sun 2017	V34_B3_051	Functional recovery	Length of stay in PACU	Postoperative	Mean/SD	91.0	90.0	62.7	16.3	66.0	16.0			minutes	INCLUDE	NOT REPORTED
AUDIT-0250	Sun 2017	V34_B3_052	Functional recovery	Length of stay in PACU	Postoperative	Mean/SD	89.0	90.0	64.8	15.5	66.0	16.0			minutes	INCLUDE	NOT REPORTED
AUDIT-0251	Sun 2017	V34_B3_053	GI recovery	Time to first postoperative flatus	Postoperative	Mean/SD	91.0	90.0	45.2	19.9	41.5	19.6			hours	INCLUDE	NOT REPORTED
AUDIT-0252	Sun 2017	V34_B3_054	GI recovery	Time to first postoperative flatus	Postoperative	Mean/SD	91.0	90.0	44.7	16.6	41.5	19.6			hours	INCLUDE	NOT REPORTED
AUDIT-0253	Sun 2017	V34_B3_055	GI recovery	Time to first postoperative flatus	Postoperative	Mean/SD	89.0	90.0	41.6	18.1	41.5	19.6			hours	INCLUDE	NOT REPORTED
AUDIT-0254	Sun 2017	V34_B3_056	GI recovery	Time to first postoperative defecation	Postoperative	Mean/SD	91.0	90.0	63.6	19.8	63.4	22.9			hours	INCLUDE	NOT REPORTED
AUDIT-0255	Sun 2017	V34_B3_057	GI recovery	Time to first postoperative defecation	Postoperative	Mean/SD	91.0	90.0	61.8	15.7	63.4	22.9			hours	INCLUDE	NOT REPORTED
AUDIT-0256	Sun 2017	V34_B3_058	GI recovery	Time to first postoperative defecation	Postoperative	Mean/SD	89.0	90.0	57.3	20.6	63.4	22.9			hours	INCLUDE	NOT REPORTED
AUDIT-0257	Sun 2017	V34_B3_059	Adverse events	TEAS-related side effects	0–48 h postoperative	Events/total	91.0	90.0					0.0	0.0	participants	INCLUDE	Specific monitored TEAS side effects included local irritation, redness, contact dermatitis and muscle ache.
AUDIT-0258	Sun 2017	V34_B3_060	Adverse events	TEAS-related side effects	0–48 h postoperative	Events/total	91.0	90.0					0.0	0.0	participants	INCLUDE	Specific monitored TEAS side effects included local irritation, redness, contact dermatitis and muscle ache.
AUDIT-0259	Sun 2017	V34_B3_061	Adverse events	TEAS-related side effects	0–48 h postoperative	Events/total	89.0	90.0					0.0	0.0	participants	INCLUDE	Specific monitored TEAS side effects included local irritation, redness, contact dermatitis and muscle ache.
AUDIT-0260	Sim 2002	V34_B3_062	Pain	Mean resting VAS over first 24 h	0–24 h mean across 6-hourly assessments	Mean/SD	30.0	30.0	4.7	1.8	4.5	2.1			VAS 0–10	INCLUDE	Table footnote states these are mean values over 24 h, not the exact 24-h point measurement.
AUDIT-0261	Sim 2002	V34_B3_063	Pain	Mean resting VAS over first 24 h	0–24 h mean across 6-hourly assessments	Mean/SD	30.0	30.0	3.9	1.6	4.5	2.1			VAS 0–10	INCLUDE	Table footnote states these are mean values over 24 h, not the exact 24-h point measurement.
AUDIT-0262	Sim 2002	V34_B3_064	Pain	Resting VAS	6 h	Other (describe)	30.0	30.0							VAS 0–10	NOT REPORTED	Exact group values for this individual clock-time assessment are NOT REPORTED. Do not substitute the Table 2 24-h mean.
AUDIT-0263	Sim 2002	V34_B3_065	Pain	Resting VAS	12 h	Other (describe)	30.0	30.0							VAS 0–10	NOT REPORTED	Exact group values for this individual clock-time assessment are NOT REPORTED. Do not substitute the Table 2 24-h mean.
AUDIT-0264	Sim 2002	V34_B3_066	Pain	Resting VAS	18 h	Other (describe)	30.0	30.0							VAS 0–10	NOT REPORTED	Exact group values for this individual clock-time assessment are NOT REPORTED. Do not substitute the Table 2 24-h mean.
AUDIT-0265	Sim 2002	V34_B3_067	Pain	Resting VAS	24 h	Other (describe)	30.0	30.0							VAS 0–10	NOT REPORTED	Exact group values for this individual clock-time assessment are NOT REPORTED. Do not substitute the Table 2 24-h mean.
AUDIT-0266	Sim 2002	V34_B3_068	Pain	Resting VAS	6 h	Other (describe)	30.0	30.0							VAS 0–10	NOT REPORTED	Exact group values for this individual clock-time assessment are NOT REPORTED. Do not substitute the Table 2 24-h mean.
AUDIT-0267	Sim 2002	V34_B3_069	Pain	Resting VAS	12 h	Other (describe)	30.0	30.0							VAS 0–10	NOT REPORTED	Exact group values for this individual clock-time assessment are NOT REPORTED. Do not substitute the Table 2 24-h mean.
AUDIT-0268	Sim 2002	V34_B3_070	Pain	Resting VAS	18 h	Other (describe)	30.0	30.0							VAS 0–10	NOT REPORTED	Exact group values for this individual clock-time assessment are NOT REPORTED. Do not substitute the Table 2 24-h mean.
AUDIT-0269	Sim 2002	V34_B3_071	Pain	Resting VAS	24 h	Other (describe)	30.0	30.0							VAS 0–10	NOT REPORTED	Exact group values for this individual clock-time assessment are NOT REPORTED. Do not substitute the Table 2 24-h mean.
AUDIT-0270	Sim 2002	V34_B3_072	PONV	PONV	0–24 h	Published percentage	30.0	30.0							percent	NARRATIVE ONLY	Raw event counts are NOT REPORTED and were not reconstructed from rounded percentages.
AUDIT-0271	Sim 2002	V34_B3_073	PONV	PONV	0–24 h	Published percentage	30.0	30.0							percent	NARRATIVE ONLY	Raw event counts are NOT REPORTED and were not reconstructed from rounded percentages.
AUDIT-0272	Sim 2002	V34_B3_074	Opioid-related adverse effect	Drowsiness	0–24 h	Published percentage	30.0	30.0							percent	NARRATIVE ONLY	Raw event counts are NOT REPORTED and were not reconstructed from rounded percentages.
AUDIT-0273	Sim 2002	V34_B3_075	Opioid-related adverse effect	Drowsiness	0–24 h	Published percentage	30.0	30.0							percent	NARRATIVE ONLY	Raw event counts are NOT REPORTED and were not reconstructed from rounded percentages.
AUDIT-0274	Sim 2002	V34_B3_076	Opioid-related adverse effect	Pruritus	0–24 h	Published percentage	30.0	30.0							percent	NARRATIVE ONLY	Raw event counts are NOT REPORTED and were not reconstructed from rounded percentages.
AUDIT-0275	Sim 2002	V34_B3_077	Opioid-related adverse effect	Pruritus	0–24 h	Published percentage	30.0	30.0							percent	NARRATIVE ONLY	Raw event counts are NOT REPORTED and were not reconstructed from rounded percentages.
AUDIT-0276	Sim 2002	V34_B3_078	Opioid consumption	Postoperative IV PCA morphine in interval	0–6 h	Graph only	30.0	30.0							mg/kg	GRAPH ONLY	Exact numerical interval value is not printed. No visual digitization performed.
AUDIT-0277	Sim 2002	V34_B3_079	Opioid consumption	Postoperative IV PCA morphine in interval	12–18 h	Graph only	30.0	30.0							mg/kg	GRAPH ONLY	Exact numerical interval value is not printed. No visual digitization performed.
AUDIT-0278	Sim 2002	V34_B3_080	Opioid consumption	Postoperative IV PCA morphine in interval	18–24 h	Graph only	30.0	30.0							mg/kg	GRAPH ONLY	Exact numerical interval value is not printed. No visual digitization performed.
AUDIT-0279	Sim 2002	V34_B3_081	Opioid consumption	Postoperative IV PCA morphine in interval	0–6 h	Graph only	30.0	30.0							mg/kg	GRAPH ONLY	Exact numerical interval value is not printed. No visual digitization performed.
AUDIT-0280	Sim 2002	V34_B3_082	Opioid consumption	Postoperative IV PCA morphine in interval	12–18 h	Graph only	30.0	30.0							mg/kg	GRAPH ONLY	Exact numerical interval value is not printed. No visual digitization performed.
AUDIT-0281	Sim 2002	V34_B3_083	Opioid consumption	Postoperative IV PCA morphine in interval	18–24 h	Graph only	30.0	30.0							mg/kg	GRAPH ONLY	Exact numerical interval value is not printed. No visual digitization performed.
AUDIT-0282	Lu 2021	V34_B3_084	Functional recovery	Time to first verbal response	Immediate postoperative recovery	Mean/SD	198.0	188.0	9.1	4.4	9.2	5.1			minutes	INCLUDE	NOT REPORTED
AUDIT-0283	Lu 2021	V34_B3_085	Functional recovery	Time to first verbal response	Immediate postoperative recovery	Mean/SD	190.0	188.0	9.1	4.9	9.2	5.1			minutes	INCLUDE	NOT REPORTED
AUDIT-0284	Lu 2021	V34_B3_086	Functional recovery	Time to extubation	Immediate postoperative recovery	Mean/SD	198.0	188.0	10.4	4.8	10.7	5.9			minutes	INCLUDE	NOT REPORTED
AUDIT-0285	Lu 2021	V34_B3_087	Functional recovery	Time to extubation	Immediate postoperative recovery	Mean/SD	190.0	188.0	10.6	5.2	10.7	5.9			minutes	INCLUDE	NOT REPORTED
AUDIT-0286	Lu 2021	V34_B3_088	Pain	NRS at rest	24 h after surgery	Median/IQR	198.0	188.0							NRS 0–10	NARRATIVE ONLY	INTERNAL SOURCE CONFLICT: Table 3 and Results prose give different omnibus P values. Values are taken from Table 3; both P values are preserved.
AUDIT-0287	Lu 2021	V34_B3_089	Pain	NRS at rest	24 h after surgery	Median/IQR	190.0	188.0							NRS 0–10	NARRATIVE ONLY	INTERNAL SOURCE CONFLICT: Table 3 and Results prose give different omnibus P values. Values are taken from Table 3; both P values are preserved.
AUDIT-0288	Lu 2021	V34_B3_090	Pain	NRS at cough	24 h after surgery	Median/IQR	198.0	188.0							NRS 0–10	NARRATIVE ONLY	INTERNAL SOURCE CONFLICT: Table 3 and Results prose give different omnibus P values. Values are taken from Table 3; both P values are preserved.
AUDIT-0289	Lu 2021	V34_B3_091	Pain	NRS at cough	24 h after surgery	Median/IQR	190.0	188.0							NRS 0–10	NARRATIVE ONLY	INTERNAL SOURCE CONFLICT: Table 3 and Results prose give different omnibus P values. Values are taken from Table 3; both P values are preserved.
AUDIT-0290	Lu 2021	V34_B3_092	Rescue analgesia	Demand for rescue parecoxib	0–24 h	Events/total	198.0	188.0					3.0	7.0	participants	INCLUDE	INTERNAL SOURCE CONFLICT in reported omnibus P value. Rescue protocol: parecoxib sodium 40 mg for NRS >4.
AUDIT-0291	Lu 2021	V34_B3_093	Rescue analgesia	Demand for rescue parecoxib	0–24 h	Events/total	190.0	188.0					4.0	7.0	participants	INCLUDE	INTERNAL SOURCE CONFLICT in reported omnibus P value. Rescue protocol: parecoxib sodium 40 mg for NRS >4.
AUDIT-0292	Lu 2021	V34_B3_094	PONV	Nausea incidence	0–24 h	Events/total	198.0	188.0					38.0	45.0	participants	INCLUDE	NOT REPORTED
AUDIT-0293	Lu 2021	V34_B3_095	PONV	Nausea incidence	0–24 h	Events/total	190.0	188.0					12.0	45.0	participants	INCLUDE	NOT REPORTED
AUDIT-0294	Lu 2021	V34_B3_096	PONV	Vomiting incidence	0–24 h	Events/total	198.0	188.0					21.0	22.0	participants	INCLUDE	NOT REPORTED
AUDIT-0295	Lu 2021	V34_B3_097	PONV	Vomiting incidence	0–24 h	Events/total	190.0	188.0					22.0	22.0	participants	INCLUDE	NOT REPORTED
AUDIT-0296	Lu 2021	V34_B3_098	PONV	PONV severity score	0–24 h	Mean/SD	198.0	188.0	0.4	0.7	0.4	0.7			PONV severity score; scale definition not repeated in Table 3	INCLUDE	NOT REPORTED
AUDIT-0297	Lu 2021	V34_B3_099	PONV	PONV severity score	0–24 h	Mean/SD	190.0	188.0	0.3	0.7	0.4	0.7			PONV severity score; scale definition not repeated in Table 3	INCLUDE	NOT REPORTED
AUDIT-0298	Lu 2021	V34_B3_100	Patient satisfaction	Analgesia satisfaction score	By 24 h after surgery	Mean/SD	198.0	188.0	8.2	1.1	8.2	0.9			satisfaction score; scale range not stated in retrieved table text	HOLD	NOT REPORTED
AUDIT-0299	Lu 2021	V34_B3_101	Patient satisfaction	Analgesia satisfaction score	By 24 h after surgery	Mean/SD	190.0	188.0	8.4	0.9	8.2	0.9			satisfaction score; scale range not stated in retrieved table text	HOLD	NOT REPORTED
AUDIT-0300	Lu 2021	V34_B3_102	Chronic pain	Post-mastectomy chronic pain incidence	3 months	Events/total	198.0	188.0					70.0	75.0	participants	INCLUDE	NOT REPORTED
AUDIT-0301	Lu 2021	V34_B3_103	Chronic pain	Post-mastectomy chronic pain incidence	3 months	Events/total	190.0	188.0					58.0	75.0	participants	INCLUDE	NOT REPORTED
AUDIT-0302	Lu 2021	V34_B3_104	Chronic pain	NRS among participants reporting chronic pain	3 months	Mean/SD	70.0	75.0	2.6	2.0	2.8	2.0			NRS 0–10	HOLD	Subset analysis denominator is the number of participants with chronic pain, not the randomized arm size.
AUDIT-0303	Lu 2021	V34_B3_105	Chronic pain	NRS among participants reporting chronic pain	3 months	Mean/SD	58.0	75.0	2.3	2.0	2.8	2.0			NRS 0–10	HOLD	Subset analysis denominator is the number of participants with chronic pain, not the randomized arm size.
AUDIT-0304	Lu 2021	V34_B3_106	Chronic pain	NRS among participants reporting chronic pain	6 months	Mean/SD	72.0	65.0	2.7	2.0	2.8	1.8			NRS 0–10	HOLD	Subset analysis denominator is the number of participants with chronic pain, not the randomized arm size.
AUDIT-0305	Lu 2021	V34_B3_107	Chronic pain	NRS among participants reporting chronic pain	6 months	Mean/SD	42.0	65.0	2.4	1.9	2.8	1.8			NRS 0–10	HOLD	Subset analysis denominator is the number of participants with chronic pain, not the randomized arm size.
AUDIT-0306	Long 2025	V34_B3_108	Pain	VAS pain intensity	48 h	Mean/SD	27.0	26.0	1.85	0.72	2.65	0.94			VAS 0–10	INCLUDE	NOT REPORTED
AUDIT-0307	Long 2025	V34_B3_109	Length of stay	Hospital stay	Postoperative hospitalization	Mean/SD	27.0	26.0	13.37	3.03	14.77	3.57			days	INCLUDE	NOT REPORTED
AUDIT-0308	Long 2025	V34_B3_110	Functional recovery	Extubation time	Immediate postoperative recovery	Mean/SD	27.0	26.0	7.44	6.03	10.85	8.44			minutes	INCLUDE	NOT REPORTED
AUDIT-0309	Long 2025	V34_B3_111	Functional recovery	Recovery-room stay >30 min	Immediate postoperative recovery	Published percentage	27.0	26.0							percent	NARRATIVE ONLY	Raw event counts are not used because the article reports percentages and the study has group-denominator inconsistencies.
AUDIT-0310	Long 2025	V34_B3_112	Neurocognitive	Perioperative neurocognitive disorder (PND)	POD7	Published event count + percentage; denominator inconsistent							1.0	2.0	participants	HOLD	Table percentages imply denominators C=25 and A=28, whereas study-level analyzed counts elsewhere are C=26 and A=27 and total n=53. Preserve published counts/percentages; do not reconstruct denominato
AUDIT-0311	Long 2025	V34_B3_113	GI adverse event	Stomach pain and distension	Postoperative	Events/total	27.0	26.0					3.0	2.0	participants	INCLUDE	NOT REPORTED
AUDIT-0312	Long 2025	V34_B3_114	Adverse events	Postoperative hypotension	Postoperative	Events/total	27.0	26.0					3.0	1.0	participants	INCLUDE	NOT REPORTED
AUDIT-0313	Long 2025	V34_B3_115	Adverse events	Postoperative hypertension	Postoperative	Events/total	27.0	26.0					3.0	2.0	participants	INCLUDE	NOT REPORTED
AUDIT-0314	Long 2025	V34_B3_116	Adverse events	Tachycardia/bradycardia	Postoperative	Events/total	27.0	26.0					2.0	2.0	participants	INCLUDE	NOT REPORTED
AUDIT-0315	Long 2025	V34_B3_117	Adverse events	Hypoxemia	Postoperative	Events/total	27.0	26.0					0.0	4.0	participants	INCLUDE	NOT REPORTED
AUDIT-0316	Long 2025	V34_B3_118	Adverse events	Headache and vertigo	Postoperative	Events/total	27.0	26.0					5.0	5.0	participants	INCLUDE	NOT REPORTED
AUDIT-0317	Long 2025	V34_B3_119	Adverse events	Delirious agitation	Postoperative	Events/total	27.0	26.0					5.0	3.0	participants	INCLUDE	NOT REPORTED
AUDIT-0318	Sim 2002	V34_B3_120	Opioid consumption	Postoperative IV PCA morphine in interval	6–12 h	Median/IQR width as printed	30.0	30.0							mg/kg	NARRATIVE ONLY	The paper states nonparametric data are presented as median (interquartile range), but prints a single parenthetical IQR value rather than Q1 and Q3. Pairwise P is printed for Group II vs I and II vs 
AUDIT-0319	Sim 2002	V34_B3_121	Intraoperative opioid	Alfentanil requirement rate	Intraoperative	Mean/SD	30.0	30.0	0.58	0.22	0.51	0.21			μg/kg/min	EXCLUDE	The paper reports P=0.024 for Group II vs III and P=0.472 for Group II vs I; it does not print a Group III vs I P value.
AUDIT-0320	Wang 2024	V34_B4_001	PONV	PONV incidence	0–2 h	Events/total	33.0	35.0					13.0	20.0	participants	INCLUDE	NOT REPORTED
AUDIT-0321	Wang 2024	V34_B4_002	PONV	PONV incidence	2–6 h	Events/total	33.0	35.0					12.0	19.0	participants	INCLUDE	NOT REPORTED
AUDIT-0322	Wang 2024	V34_B4_003	PONV	PONV incidence	24–36 h	Events/total	33.0	35.0					0.0	3.0	participants	INCLUDE	For 24–36 h, the table's P value is visually split across the PDF line break as '0.08' + '5'; recorded as 0.085.
AUDIT-0323	Wang 2024	V34_B4_004	PONV	Vomiting incidence	0–6 h combined	Events/total	33.0	35.0					7.0	19.0	participants	INCLUDE	The paper does not provide separate 0–2 h and 2–6 h vomiting counts; only the combined 0–6 h comparison is reported.
AUDIT-0324	Wang 2024	V34_B4_005	PONV	PONV incidence	6–12 h	Events/total	35.0	35.0					2.0	3.0	participants	INCLUDE	NOT REPORTED
AUDIT-0325	Wang 2024	V34_B4_006	PONV	PONV incidence	12–24 h	Events/total	35.0	35.0					2.0	0.0	participants	INCLUDE	NOT REPORTED
AUDIT-0326	Wang 2024	V34_B4_007	PONV	PONV incidence	24–36 h	Events/total	35.0	35.0					0.0	0.0	participants	INCLUDE	NOT REPORTED
AUDIT-0327	Wang 2024	V34_B4_008	Pain	Postoperative pain VAS	2 h	Other (describe)	33.0	35.0							VAS 0–10	NOT REPORTED	Outcome was measured according to Methods, but no treatment-stratum numerical pain result is reported in the accessed article. This is NOT REPORTED, not SOURCE NOT ACCESSED.
AUDIT-0328	Wang 2024	V34_B4_009	Pain	Postoperative pain VAS	6 h	Other (describe)	33.0	35.0							VAS 0–10	NOT REPORTED	Outcome was measured according to Methods, but no treatment-stratum numerical pain result is reported in the accessed article. This is NOT REPORTED, not SOURCE NOT ACCESSED.
AUDIT-0329	Wang 2024	V34_B4_010	Pain	Postoperative pain VAS	12 h	Other (describe)	33.0	35.0							VAS 0–10	NOT REPORTED	Outcome was measured according to Methods, but no treatment-stratum numerical pain result is reported in the accessed article. This is NOT REPORTED, not SOURCE NOT ACCESSED.
AUDIT-0330	Wang 2024	V34_B4_011	Pain	Postoperative pain VAS	24 h	Other (describe)	33.0	35.0							VAS 0–10	NOT REPORTED	Outcome was measured according to Methods, but no treatment-stratum numerical pain result is reported in the accessed article. This is NOT REPORTED, not SOURCE NOT ACCESSED.
AUDIT-0331	Wang 2024	V34_B4_012	Pain	Postoperative pain VAS	36 h	Other (describe)	33.0	35.0							VAS 0–10	NOT REPORTED	Outcome was measured according to Methods, but no treatment-stratum numerical pain result is reported in the accessed article. This is NOT REPORTED, not SOURCE NOT ACCESSED.
AUDIT-0332	Zheng 2025	V34_B4_013	PONV	Nausea incidence	0–2 h	Events/total	42.0	43.0					10.0	21.0	participants	INCLUDE	NOT REPORTED
AUDIT-0333	Zheng 2025	V34_B4_014	PONV	Nausea incidence	2–4 h	Events/total	42.0	43.0					8.0	12.0	participants	INCLUDE	NOT REPORTED
AUDIT-0334	Zheng 2025	V34_B4_015	PONV	Nausea incidence	4–6 h	Events/total	42.0	43.0					5.0	7.0	participants	INCLUDE	NOT REPORTED
AUDIT-0335	Zheng 2025	V34_B4_016	PONV	Nausea incidence	6–24 h	Events/total	42.0	43.0					0.0	0.0	participants	INCLUDE	NOT REPORTED
AUDIT-0336	Zheng 2025	V34_B4_017	PONV	Vomiting incidence	0–2 h	Events/total	42.0	43.0					5.0	11.0	participants	INCLUDE	NOT REPORTED
AUDIT-0337	Zheng 2025	V34_B4_018	PONV	Vomiting incidence	2–4 h	Events/total	42.0	43.0					3.0	5.0	participants	INCLUDE	NOT REPORTED
AUDIT-0338	Zheng 2025	V34_B4_019	PONV	Vomiting incidence	4–6 h	Events/total	42.0	43.0					2.0	4.0	participants	INCLUDE	NOT REPORTED
AUDIT-0339	Zheng 2025	V34_B4_020	PONV	Vomiting incidence	6–24 h	Events/total	42.0	43.0					0.0	1.0	participants	INCLUDE	NOT REPORTED
AUDIT-0340	Zheng 2025	V34_B4_021	Opioid demand	Effective PCIA button presses	Postoperative; exact pump duration not stated	Mean/SD	42.0	43.0	3.8	1.0	4.8	1.6			effective PCIA presses	HOLD	PCIA presses are a proxy for demand, not a measured sufentanil mass.
AUDIT-0341	Zheng 2025	V34_B4_022	Pain	NRS pain score	6 h	Mean/SD	42.0	43.0	2.9	1.1	3.4	1.2			NRS 0–10	INCLUDE	NOT REPORTED
AUDIT-0342	Zheng 2025	V34_B4_023	Pain	NRS pain score	24 h	Mean/SD	42.0	43.0	1.7	0.8	2.2	1.1			NRS 0–10	INCLUDE	INTERNAL SOURCE CONFLICT: prose reports P=0.042 while Table 4 footnote prints bP=0.422. Do not silently correct.
AUDIT-0343	Zheng 2025	V34_B4_024	Pain	NRS pain score	48 h	Mean/SD	42.0	43.0	0.9	0.8	1.0	0.9			NRS 0–10	INCLUDE	No exact between-group P value is printed for 48 h.
AUDIT-0344	Zheng 2025	V34_B4_025	Sleep quality	PSQI score	24 h	Mean/SD	42.0	43.0	11.5	6.9	15.7	8.1			PSQI points	INCLUDE	The article describes sleep quality as improved in TEAS; this extraction preserves the printed scores without reinterpreting the scale.
AUDIT-0345	Zheng 2025	V34_B4_026	Sleep quality	PSQI score	48 h	Mean/SD	42.0	43.0	7.4	5.2	10.6	5.4			PSQI points	INCLUDE	The article describes sleep quality as improved in TEAS; this extraction preserves the printed scores without reinterpreting the scale.
AUDIT-0346	Zheng 2025	V34_B4_027	GI recovery	Time to first borborygmus	Postoperative	Mean/SD	42.0	43.0	19.2	3.3	27.6	2.7			hours	INCLUDE	Table note specifies mean (SD) for these rows.
AUDIT-0347	Zheng 2025	V34_B4_028	GI recovery	Time to first flatus	Postoperative	Mean/SD	42.0	43.0	24.2	2.5	31.6	4.4			hours	INCLUDE	Table note specifies mean (SD) for these rows.
AUDIT-0348	Zheng 2025	V34_B4_029	Functional recovery	Wake-up time	Postoperative	Mean/SD	42.0	43.0	12.9	2.5	13.0	2.4			minutes	INCLUDE	Table note specifies mean (SD) for these rows.
AUDIT-0349	Zheng 2025	V34_B4_030	Functional recovery	PACU stay time	Postoperative	Mean/SD	42.0	43.0	26.8	4.4	28.0	8.1			minutes	INCLUDE	Table note specifies mean (SD) for these rows.
AUDIT-0350	Zheng 2025	V34_B4_031	Length of stay	Hospital stay duration	Postoperative hospitalization	Median/IQR	42.0	43.0							days	NARRATIVE ONLY	NOT REPORTED
AUDIT-0351	Zheng 2025	V34_B4_032	Adverse events	Fever	Postoperative	Events/total	42.0	43.0					6.0	8.0	participants	INCLUDE	NOT REPORTED
AUDIT-0352	Zheng 2025	V34_B4_033	Adverse events	Dizziness and headache	Postoperative	Events/total	42.0	43.0					2.0	3.0	participants	INCLUDE	NOT REPORTED
AUDIT-0353	Zheng 2025	V34_B4_034	Adverse events	Drowsiness	Postoperative	Events/total	42.0	43.0					0.0	0.0	participants	INCLUDE	NOT REPORTED
AUDIT-0354	Zheng 2025	V34_B4_035	Quality of recovery	Global QoR-40	6 h	Graph only	42.0	43.0							QoR-40 points	GRAPH ONLY	Do not visually digitize. The text reports the between-group significance but not exact group mean/SD for this timepoint.
AUDIT-0355	Zheng 2025	V34_B4_036	Quality of recovery	Global QoR-40	24 h	Graph only	42.0	43.0							QoR-40 points	GRAPH ONLY	Do not visually digitize. The text reports the between-group significance but not exact group mean/SD for this timepoint.
AUDIT-0356	Zheng 2025	V34_B4_037	Quality of recovery	Global QoR-40	48 h	Mean; SD not numerically reported	42.0	43.0	184.0		181.0				QoR-40 points	HOLD	Figure 2 shows mean±SD graphically, but exact SD values are not printed in text/table; no visual digitization performed.
AUDIT-0357	Zheng 2025	V34_B4_038	Rescue analgesia	Emergency rescue analgesia events	Postoperative; exact window not stated	Other (describe)	42.0	43.0							events	NOT REPORTED	The accessed Table 3 does not print the numeric rescue-analgesia counts. Record as NOT REPORTED rather than zero.
AUDIT-0358	Yu 2020	V34_B4_039	Quality of recovery	Global QoR-40	Postoperative day 2 (~48 h)	Mean/SD	30.0	30.0	191.4	5.74	187.73	5.47			QoR-40 points	INCLUDE	NOT REPORTED
AUDIT-0359	Yu 2020	V34_B4_040	PONV	Any nausea and/or vomiting	0–24 h	Events/total	30.0	30.0					7.0	17.0	participants	INCLUDE	NOT REPORTED
AUDIT-0360	Yu 2020	V34_B4_041	Rescue antiemetic	Participants requiring tropisetron rescue	0–24 h	Events/total	30.0	30.0					7.0	16.0	participants	INCLUDE	The Results text specifies tropisetron as the rescue antiemetic.
AUDIT-0361	Yu 2020	V34_B4_042	Cognitive recovery	MMSE score	Postoperative day 1 (~24 h)	Mean/SD	30.0	30.0	26.1	2.78	24.6	2.35			MMSE 0–30	INCLUDE	The Results prose oddly states scores were 'significantly lower in the TEAS group' although the printed TEAS means are higher; numerical values are preserved.
AUDIT-0362	Yu 2020	V34_B4_043	Cognitive recovery	MMSE score	Postoperative day 2 (~48 h)	Mean/SD	30.0	30.0	27.83	2.73	26.53	2.94			MMSE 0–30	INCLUDE	The Results prose oddly states scores were 'significantly lower in the TEAS group' although the printed TEAS means are higher; numerical values are preserved.
AUDIT-0363	Liang 2021	V34_B4_044	Intraoperative opioid	Sufentanil consumption	Intraoperative	Mean/SD	35.0	35.0	21.4	3.1	20.0	2.9			μg	INCLUDE	Table 1 gives no outcome-specific P value and states baseline/intraoperative variables did not significantly differ.
AUDIT-0364	Liang 2021	V34_B4_045	Intraoperative opioid	Remifentanil consumption	Intraoperative	Mean/SD	35.0	35.0	521.5	206.8	464.7	156.0			μg	INCLUDE	Table 1 gives no outcome-specific P value and states baseline/intraoperative variables did not significantly differ.
AUDIT-0365	Liang 2021	V34_B4_046	PONV	PONV occurrence	End of surgery (T5)	Events/total	35.0	35.0					0.0	0.0	participants	HOLD	The table labels the row simply 'PONV'; methods use a nausea verbal scale description.
AUDIT-0366	Liang 2021	V34_B4_047	Pain	Pain event as reported (threshold/definition not stated)	End of surgery (T5)	Events/total	35.0	35.0					2.0	1.0	participants	HOLD	Methods describe a 0–4 verbal rating scale, but Table 4 reports only a number/proportion in a row labelled 'Pain' without specifying which threshold constitutes an event. Do not pool as a defined pain
AUDIT-0367	Liang 2021	V34_B4_048	PONV	PONV occurrence	PACU discharge (T9)	Events/total	35.0	35.0					1.0	2.0	participants	HOLD	The table labels the row simply 'PONV'; methods use a nausea verbal scale description.
AUDIT-0368	Liang 2021	V34_B4_049	Pain	Pain event as reported (threshold/definition not stated)	PACU discharge (T9)	Events/total	35.0	35.0					7.0	6.0	participants	HOLD	Methods describe a 0–4 verbal rating scale, but Table 4 reports only a number/proportion in a row labelled 'Pain' without specifying which threshold constitutes an event. Do not pool as a defined pain
AUDIT-0369	Liang 2021	V34_B4_050	PONV	PONV occurrence	24 h (T11)	Events/total	35.0	35.0					2.0	2.0	participants	HOLD	The table labels the row simply 'PONV'; methods use a nausea verbal scale description.
AUDIT-0370	Liang 2021	V34_B4_051	Pain	Pain event as reported (threshold/definition not stated)	24 h (T11)	Events/total	35.0	35.0					8.0	8.0	participants	HOLD	Methods describe a 0–4 verbal rating scale, but Table 4 reports only a number/proportion in a row labelled 'Pain' without specifying which threshold constitutes an event. Do not pool as a defined pain
AUDIT-0371	Liang 2021	V34_B4_052	PONV	PONV occurrence	48 h (T12)	Events/total	35.0	35.0					0.0	0.0	participants	HOLD	The table labels the row simply 'PONV'; methods use a nausea verbal scale description.
AUDIT-0372	Liang 2021	V34_B4_053	Pain	Pain event as reported (threshold/definition not stated)	48 h (T12)	Events/total	35.0	35.0					3.0	7.0	participants	HOLD	Methods describe a 0–4 verbal rating scale, but Table 4 reports only a number/proportion in a row labelled 'Pain' without specifying which threshold constitutes an event. Do not pool as a defined pain
AUDIT-0373	Liang 2021	V34_B4_054	Cognitive recovery	MMSE score	PACU discharge (T9)	Mean/SD	35.0	35.0	26.2	2.8	25.8	3.6			MMSE 0–30	INCLUDE	The source footnote marks within-group comparisons versus T9; no between-group exact P is printed.
AUDIT-0374	Liang 2021	V34_B4_055	Cognitive recovery	MMSE score	24 h (T11)	Mean/SD	35.0	35.0	28.1	1.6	28.1	1.6			MMSE 0–30	INCLUDE	The source footnote marks within-group comparisons versus T9; no between-group exact P is printed.
AUDIT-0375	Liang 2021	V34_B4_056	Cognitive recovery	MMSE score	48 h (T12)	Mean/SD	35.0	35.0	28.3	1.4	28.6	1.3			MMSE 0–30	INCLUDE	The source footnote marks within-group comparisons versus T9; no between-group exact P is printed.
SUPP-GAO-1	Gao 2021	V34_GAO21_SUPP_1	Length of stay	Total hospital length of stay	Total admission	Source not accessed										SOURCE NOT ACCESSED	Main paper directs exact values to unaccessed supplement. Not equivalent to NOT REPORTED.
SUPP-GAO-2	Gao 2021	V34_GAO21_SUPP_2	Adverse events	30-day postoperative complications	0–30 days	Source not accessed										SOURCE NOT ACCESSED	Main paper directs exact values to unaccessed supplement. Not equivalent to NOT REPORTED.
V34-OD-0759	Yang 2024	YANG24_EA_vs_UC_NAUSEA24	PONV	Postoperative nausea	0-24 h after surgery	Events/total	90	90					24	40	participants	INCLUDE	No sham acupuncture; nausea is a subjective endpoint reported by unblinded participants
