result_id,model_id,decision,construct,window,modality,comparator,population,rationale,factor
V33-OD-0350,opioid24_TEAS_sham,INCLUDE,systemic_opioid_0_24h,0–24 h postoperative,TEAS,sham,Outcome-specific analyzed population,Source construct/window/contrast reviewed; direct data admitted.,1
V33-OD-0351,opioid24_TEAS_usual,INCLUDE,systemic_opioid_0_24h,0–24 h postoperative,TEAS,usual_care,Outcome-specific analyzed population,Source construct/window/contrast reviewed; direct data admitted.,1
V33-OD-0252,opioid24_EA_usual,INCLUDE,systemic_opioid_0_24h,First 24 h,EA,usual_care,Outcome-specific analyzed population,El-Rakshy outcome Table2 retained with High RoB/source caveat; Seeva includes rescue.,1
V33-OD-0003,opioid24_EA_usual,INCLUDE,systemic_opioid_0_24h,First 24 h postoperatively,EA,usual_care,Outcome-specific analyzed population,El-Rakshy outcome Table2 retained with High RoB/source caveat; Seeva includes rescue.,1
V33-OD-0003,opioid24_EA_usual_without_ElRakshy,SENSITIVITY,systemic_opioid_0_24h,First 24 h postoperatively,EA,usual_care,Outcome-specific analyzed population,Source construct/window/contrast reviewed; direct data admitted.,1
V33-OD-0013,opioid24_TEAS_sham_expanded_suf0.25,SENSITIVITY,device_or_equivalence_uncertain_opioid_0_24h,First 24 h postoperatively,TEAS,sham,Outcome-specific analyzed population,Expanded device/rescue/unit-uncertain body. Published source values unchanged. Not the registered systemic estimand.,5
V33-OD-0214,opioid24_TEAS_sham_expanded_suf0.25,SENSITIVITY,device_or_equivalence_uncertain_opioid_0_24h,0-24 h,TEAS,sham,Outcome-specific analyzed population,Expanded device/rescue/unit-uncertain body. Published source values unchanged. Not the registered systemic estimand.,1
V33-OD-0350,opioid24_TEAS_sham_expanded_suf0.25,SENSITIVITY,device_or_equivalence_uncertain_opioid_0_24h,0–24 h postoperative,TEAS,sham,Outcome-specific analyzed population,Expanded device/rescue/unit-uncertain body. Published source values unchanged. Not the registered systemic estimand.,1
V33-OD-0014,opioid24_TEAS_sham_expanded_suf0.25,SENSITIVITY,device_or_equivalence_uncertain_opioid_0_24h,24 h postoperatively,TEAS,sham,Outcome-specific analyzed population,Expanded device/rescue/unit-uncertain body. Published source values unchanged. Not the registered systemic estimand.,0.25
V33-OD-0013,opioid24_TEAS_sham_expanded_suf0.25_without_Chen2020,SENSITIVITY,device_or_equivalence_uncertain_opioid_0_24h,First 24 h postoperatively,TEAS,sham,Outcome-specific analyzed population,Expanded device/rescue/unit-uncertain body. Published source values unchanged. Not the registered systemic estimand.,5
V33-OD-0214,opioid24_TEAS_sham_expanded_suf0.25_without_Chen2020,SENSITIVITY,device_or_equivalence_uncertain_opioid_0_24h,0-24 h,TEAS,sham,Outcome-specific analyzed population,Expanded device/rescue/unit-uncertain body. Published source values unchanged. Not the registered systemic estimand.,1
V33-OD-0350,opioid24_TEAS_sham_expanded_suf0.25_without_Chen2020,SENSITIVITY,device_or_equivalence_uncertain_opioid_0_24h,0–24 h postoperative,TEAS,sham,Outcome-specific analyzed population,Expanded device/rescue/unit-uncertain body. Published source values unchanged. Not the registered systemic estimand.,1
V33-OD-0013,opioid24_TEAS_sham_expanded_suf0.5,SENSITIVITY,device_or_equivalence_uncertain_opioid_0_24h,First 24 h postoperatively,TEAS,sham,Outcome-specific analyzed population,Expanded device/rescue/unit-uncertain body. Published source values unchanged. Not the registered systemic estimand.,5
V33-OD-0214,opioid24_TEAS_sham_expanded_suf0.5,SENSITIVITY,device_or_equivalence_uncertain_opioid_0_24h,0-24 h,TEAS,sham,Outcome-specific analyzed population,Expanded device/rescue/unit-uncertain body. Published source values unchanged. Not the registered systemic estimand.,1
V33-OD-0350,opioid24_TEAS_sham_expanded_suf0.5,SENSITIVITY,device_or_equivalence_uncertain_opioid_0_24h,0–24 h postoperative,TEAS,sham,Outcome-specific analyzed population,Expanded device/rescue/unit-uncertain body. Published source values unchanged. Not the registered systemic estimand.,1
V33-OD-0014,opioid24_TEAS_sham_expanded_suf0.5,SENSITIVITY,device_or_equivalence_uncertain_opioid_0_24h,24 h postoperatively,TEAS,sham,Outcome-specific analyzed population,Expanded device/rescue/unit-uncertain body. Published source values unchanged. Not the registered systemic estimand.,0.5
V33-OD-0013,opioid24_TEAS_sham_expanded_suf0.5_without_Chen2020,SENSITIVITY,device_or_equivalence_uncertain_opioid_0_24h,First 24 h postoperatively,TEAS,sham,Outcome-specific analyzed population,Expanded device/rescue/unit-uncertain body. Published source values unchanged. Not the registered systemic estimand.,5
V33-OD-0214,opioid24_TEAS_sham_expanded_suf0.5_without_Chen2020,SENSITIVITY,device_or_equivalence_uncertain_opioid_0_24h,0-24 h,TEAS,sham,Outcome-specific analyzed population,Expanded device/rescue/unit-uncertain body. Published source values unchanged. Not the registered systemic estimand.,1
V33-OD-0350,opioid24_TEAS_sham_expanded_suf0.5_without_Chen2020,SENSITIVITY,device_or_equivalence_uncertain_opioid_0_24h,0–24 h postoperative,TEAS,sham,Outcome-specific analyzed population,Expanded device/rescue/unit-uncertain body. Published source values unchanged. Not the registered systemic estimand.,1
V33-OD-0013,opioid24_TEAS_sham_expanded_suf1,SENSITIVITY,device_or_equivalence_uncertain_opioid_0_24h,First 24 h postoperatively,TEAS,sham,Outcome-specific analyzed population,Expanded device/rescue/unit-uncertain body. Published source values unchanged. Not the registered systemic estimand.,5
V33-OD-0214,opioid24_TEAS_sham_expanded_suf1,SENSITIVITY,device_or_equivalence_uncertain_opioid_0_24h,0-24 h,TEAS,sham,Outcome-specific analyzed population,Expanded device/rescue/unit-uncertain body. Published source values unchanged. Not the registered systemic estimand.,1
V33-OD-0350,opioid24_TEAS_sham_expanded_suf1,SENSITIVITY,device_or_equivalence_uncertain_opioid_0_24h,0–24 h postoperative,TEAS,sham,Outcome-specific analyzed population,Expanded device/rescue/unit-uncertain body. Published source values unchanged. Not the registered systemic estimand.,1
V33-OD-0014,opioid24_TEAS_sham_expanded_suf1,SENSITIVITY,device_or_equivalence_uncertain_opioid_0_24h,24 h postoperatively,TEAS,sham,Outcome-specific analyzed population,Expanded device/rescue/unit-uncertain body. Published source values unchanged. Not the registered systemic estimand.,1.0
V33-OD-0013,opioid24_TEAS_sham_expanded_suf1_without_Chen2020,SENSITIVITY,device_or_equivalence_uncertain_opioid_0_24h,First 24 h postoperatively,TEAS,sham,Outcome-specific analyzed population,Expanded device/rescue/unit-uncertain body. Published source values unchanged. Not the registered systemic estimand.,5
V33-OD-0214,opioid24_TEAS_sham_expanded_suf1_without_Chen2020,SENSITIVITY,device_or_equivalence_uncertain_opioid_0_24h,0-24 h,TEAS,sham,Outcome-specific analyzed population,Expanded device/rescue/unit-uncertain body. Published source values unchanged. Not the registered systemic estimand.,1
V33-OD-0350,opioid24_TEAS_sham_expanded_suf1_without_Chen2020,SENSITIVITY,device_or_equivalence_uncertain_opioid_0_24h,0–24 h postoperative,TEAS,sham,Outcome-specific analyzed population,Expanded device/rescue/unit-uncertain body. Published source values unchanged. Not the registered systemic estimand.,1
V33-OD-0252,opioid24_EA_usual_expanded,SENSITIVITY,device_or_systemic_opioid_0_24h,First 24 h,EA,usual_care,Outcome-specific analyzed population,Source construct/window/contrast reviewed; direct data admitted.,1
V33-OD-0003,opioid24_EA_usual_expanded,SENSITIVITY,device_or_systemic_opioid_0_24h,First 24 h postoperatively,EA,usual_care,Outcome-specific analyzed population,Source construct/window/contrast reviewed; direct data admitted.,1
V33-OD-0052,opioid24_EA_usual_expanded,SENSITIVITY,device_or_systemic_opioid_0_24h,First 24 h / POD1,EA,usual_care,Outcome-specific analyzed population,Source construct/window/contrast reviewed; direct data admitted.,1
V33-OD-0006,opioid_partial_EA_sham,SENSITIVITY,PCA_partial_1_to_24h,Postoperative hour 1 through next 23 h (published as 24-h test-period value),EA,sham,Outcome-specific analyzed population,Source construct/window/contrast reviewed; direct data admitted.,1
V33-OD-0007,opioid_partial_EA_sham,SENSITIVITY,PCA_partial_1_to_24h,Postoperative hour 1 through next 23 h (published as 24-h test-period value),EA,sham,Outcome-specific analyzed population,Source construct/window/contrast reviewed; direct data admitted.,1
V33-OD-0004,opioid_partial_EA_usual,SENSITIVITY,PCA_partial_1_to_24h,Postoperative hour 1 through next 23 h (published as 24-h test-period value),EA,usual_care,Outcome-specific analyzed population,Source construct/window/contrast reviewed; direct data admitted.,1
V33-OD-0005,opioid_partial_EA_usual,SENSITIVITY,PCA_partial_1_to_24h,Postoperative hour 1 through next 23 h (published as 24-h test-period value),EA,usual_care,Outcome-specific analyzed population,Source construct/window/contrast reviewed; direct data admitted.,1
V33-OD-0184,opioid_partial_TEAS_sham,SENSITIVITY,PCA_partial_1_to_24h,First 24 postoperative hours,TEAS,sham,Outcome-specific analyzed population,Lee Table8 excludes recovery-room doses; combine low/high arms; sham interval sum differs fromTable8.,1
V33-OD-0185,opioid_partial_TEAS_sham,SENSITIVITY,PCA_partial_1_to_24h,First 24 postoperative hours,TEAS,sham,Outcome-specific analyzed population,Lee Table8 excludes recovery-room doses; combine low/high arms; sham interval sum differs fromTable8.,1
V33-OD-0107,opioid24_EA_sham_weight_normalized,SENSITIVITY,PCA_morphine_0_24h_weight_normalized,0-24 h,EA,sham,Outcome-specific analyzed population,Source construct/window/contrast reviewed; direct data admitted.,1
V33-OD-0108,opioid24_EA_sham_weight_normalized,SENSITIVITY,PCA_morphine_0_24h_weight_normalized,0-24 h,EA,sham,Outcome-specific analyzed population,Source construct/window/contrast reviewed; direct data admitted.,1
V33-OD-0016,opioid24_EA_sham_fentanyl_per_kg,SENSITIVITY,fentanyl_0_24h_weight_normalized,First 24 h postoperatively,EA,sham,Outcome-specific analyzed population,Source construct/window/contrast reviewed; direct data admitted.,1
V33-OD-0027,ponv24_TEAS_sham,INCLUDE,composite_PONV_0_24h,POD1,TEAS,sham,Outcome-specific analyzed population,0–24h or POD1 cumulative adverse-event reporting; Jiang PP population explicit. Lu two active protocols combined.,1
V33-OD-0033,ponv24_TEAS_sham,INCLUDE,composite_PONV_0_24h,Within 24 h postoperatively,TEAS,sham,Outcome-specific analyzed population,0–24h or POD1 cumulative adverse-event reporting; Jiang PP population explicit. Lu two active protocols combined.,1
V33-OD-0130,ponv24_TEAS_sham,INCLUDE,composite_PONV_0_24h,24 h,TEAS,sham,Outcome-specific analyzed population,0–24h or POD1 cumulative adverse-event reporting; Jiang PP population explicit. Lu two active protocols combined.,1
V33-OD-0131,ponv24_TEAS_sham,INCLUDE,composite_PONV_0_24h,24 h,TEAS,sham,Outcome-specific analyzed population,0–24h or POD1 cumulative adverse-event reporting; Jiang PP population explicit. Lu two active protocols combined.,1
V33-OD-0168,ponv24_TEAS_sham,INCLUDE,composite_PONV_0_24h,Through POD1 / approximately 24 h,TEAS,sham,Outcome-specific analyzed population,0–24h or POD1 cumulative adverse-event reporting; Jiang PP population explicit. Lu two active protocols combined.,1
V33-OD-0195,ponv24_TEAS_sham,INCLUDE,composite_PONV_0_24h,Within 24 h,TEAS,sham,Outcome-specific analyzed population,0–24h or POD1 cumulative adverse-event reporting; Jiang PP population explicit. Lu two active protocols combined.,1
V33-OD-0215,ponv24_TEAS_sham,INCLUDE,composite_PONV_0_24h,0-24 h,TEAS,sham,Outcome-specific analyzed population,0–24h or POD1 cumulative adverse-event reporting; Jiang PP population explicit. Lu two active protocols combined.,1
V33-OD-0257,ponv24_TEAS_sham,INCLUDE,composite_PONV_0_24h,0-24 h,TEAS,sham,Outcome-specific analyzed population,0–24h or POD1 cumulative adverse-event reporting; Jiang PP population explicit. Lu two active protocols combined.,1
V33-OD-0261,ponv24_TEAS_sham,INCLUDE,composite_PONV_0_24h,0-24 h,TEAS,sham,Outcome-specific analyzed population,0–24h or POD1 cumulative adverse-event reporting; Jiang PP population explicit. Lu two active protocols combined.,1
V33-OD-0276,ponv24_TEAS_sham,INCLUDE,composite_PONV_0_24h,0-24 h,TEAS,sham,Outcome-specific analyzed population,0–24h or POD1 cumulative adverse-event reporting; Jiang PP population explicit. Lu two active protocols combined.,1
AUDIT-0359,ponv24_TEAS_sham,INCLUDE,composite_PONV_0_24h,0–24 h,TEAS,sham,Intention-to-treat; all randomized participants analyzed,0–24h or POD1 cumulative adverse-event reporting; Jiang PP population explicit. Lu two active protocols combined.,1
V33-OD-0027,ponv24_TEAS_sham_point_window_sensitivity,SENSITIVITY,PONV_24h_including_point_window_uncertain,POD1,TEAS,sham,Outcome-specific analyzed population,Adds Lu2022 24h assessment; cumulative window not presumed in main body. v36: Liang2021 removed (no-stimulation control without sham procedure).,1
V33-OD-0033,ponv24_TEAS_sham_point_window_sensitivity,SENSITIVITY,PONV_24h_including_point_window_uncertain,Within 24 h postoperatively,TEAS,sham,Outcome-specific analyzed population,Adds Lu2022 24h assessment; cumulative window not presumed in main body. v36: Liang2021 removed (no-stimulation control without sham procedure).,1
V33-OD-0130,ponv24_TEAS_sham_point_window_sensitivity,SENSITIVITY,PONV_24h_including_point_window_uncertain,24 h,TEAS,sham,Outcome-specific analyzed population,Adds Lu2022 24h assessment; cumulative window not presumed in main body. v36: Liang2021 removed (no-stimulation control without sham procedure).,1
V33-OD-0131,ponv24_TEAS_sham_point_window_sensitivity,SENSITIVITY,PONV_24h_including_point_window_uncertain,24 h,TEAS,sham,Outcome-specific analyzed population,Adds Lu2022 24h assessment; cumulative window not presumed in main body. v36: Liang2021 removed (no-stimulation control without sham procedure).,1
V33-OD-0168,ponv24_TEAS_sham_point_window_sensitivity,SENSITIVITY,PONV_24h_including_point_window_uncertain,Through POD1 / approximately 24 h,TEAS,sham,Outcome-specific analyzed population,Adds Lu2022 24h assessment; cumulative window not presumed in main body. v36: Liang2021 removed (no-stimulation control without sham procedure).,1
V33-OD-0195,ponv24_TEAS_sham_point_window_sensitivity,SENSITIVITY,PONV_24h_including_point_window_uncertain,Within 24 h,TEAS,sham,Outcome-specific analyzed population,Adds Lu2022 24h assessment; cumulative window not presumed in main body. v36: Liang2021 removed (no-stimulation control without sham procedure).,1
V33-OD-0215,ponv24_TEAS_sham_point_window_sensitivity,SENSITIVITY,PONV_24h_including_point_window_uncertain,0-24 h,TEAS,sham,Outcome-specific analyzed population,Adds Lu2022 24h assessment; cumulative window not presumed in main body. v36: Liang2021 removed (no-stimulation control without sham procedure).,1
V33-OD-0257,ponv24_TEAS_sham_point_window_sensitivity,SENSITIVITY,PONV_24h_including_point_window_uncertain,0-24 h,TEAS,sham,Outcome-specific analyzed population,Adds Lu2022 24h assessment; cumulative window not presumed in main body. v36: Liang2021 removed (no-stimulation control without sham procedure).,1
V33-OD-0261,ponv24_TEAS_sham_point_window_sensitivity,SENSITIVITY,PONV_24h_including_point_window_uncertain,0-24 h,TEAS,sham,Outcome-specific analyzed population,Adds Lu2022 24h assessment; cumulative window not presumed in main body. v36: Liang2021 removed (no-stimulation control without sham procedure).,1
V33-OD-0276,ponv24_TEAS_sham_point_window_sensitivity,SENSITIVITY,PONV_24h_including_point_window_uncertain,0-24 h,TEAS,sham,Outcome-specific analyzed population,Adds Lu2022 24h assessment; cumulative window not presumed in main body. v36: Liang2021 removed (no-stimulation control without sham procedure).,1
AUDIT-0359,ponv24_TEAS_sham_point_window_sensitivity,SENSITIVITY,PONV_24h_including_point_window_uncertain,0–24 h,TEAS,sham,Intention-to-treat; all randomized participants analyzed,Adds Lu2022 24h assessment; cumulative window not presumed in main body. v36: Liang2021 removed (no-stimulation control without sham procedure).,1
AUDIT-0127,ponv24_TEAS_sham_point_window_sensitivity,SENSITIVITY,PONV_24h_including_point_window_uncertain,24 h after surgery,TEAS,sham,Available-case,Adds Lu2022 24h assessment; cumulative window not presumed in main body. v36: Liang2021 removed (no-stimulation control without sham procedure).,1
AUDIT-0077,nausea24_EA_usual,INCLUDE,nausea_0_24h,0–24 h after surgery,EA,usual_care,Available-case,Source construct/window/contrast reviewed; direct data admitted.,1
V34-OD-0759,nausea24_EA_usual,INCLUDE,nausea_0_24h,0-24 h after surgery,EA,usual_care,Intention-to-treat (90/90 retained),Source construct/window/contrast reviewed; direct data admitted.,1
V33-OD-0055,vomiting24_EA_usual,INCLUDE,vomiting_0_24h,0-24 h after surgery,EA,usual_care,Outcome-specific analyzed population,Source construct/window/contrast reviewed; direct data admitted.,1
AUDIT-0078,vomiting24_EA_usual,INCLUDE,vomiting_0_24h,0–24 h after surgery,EA,usual_care,Available-case,Source construct/window/contrast reviewed; direct data admitted.,1
V33-OD-0371,nausea24_TEAS_sham,INCLUDE,nausea_0_24h,0-24 h postoperative,TEAS,sham,Outcome-specific analyzed population,Source construct/window/contrast reviewed; direct data admitted.,1
V33-OD-0293,nausea24_TEAS_sham,INCLUDE,nausea_0_24h,Postoperative day 1,TEAS,sham,Outcome-specific analyzed population,Source construct/window/contrast reviewed; direct data admitted.,1
AUDIT-0292,nausea24_TEAS_sham,INCLUDE,nausea_0_24h,0–24 h,TEAS,sham,Intention-to-treat,Source construct/window/contrast reviewed; direct data admitted.,1
AUDIT-0293,nausea24_TEAS_sham,INCLUDE,nausea_0_24h,0–24 h,TEAS,sham,Intention-to-treat,Source construct/window/contrast reviewed; direct data admitted.,1
V33-OD-0372,vomiting24_TEAS_sham,INCLUDE,vomiting_0_24h,0-24 h postoperative,TEAS,sham,Outcome-specific analyzed population,v36: Pan2023 moved to usual-care body (control did not undergo TEAS; no sham procedure).,1
V33-OD-0296,vomiting24_TEAS_sham,INCLUDE,vomiting_0_24h,Postoperative day 1,TEAS,sham,Outcome-specific analyzed population,v36: Pan2023 moved to usual-care body (control did not undergo TEAS; no sham procedure).,1
V33-OD-0277,vomiting24_TEAS_sham,INCLUDE,vomiting_0_24h,0-24 h,TEAS,sham,Outcome-specific analyzed population,v36: Pan2023 moved to usual-care body (control did not undergo TEAS; no sham procedure).,1
AUDIT-0294,vomiting24_TEAS_sham,INCLUDE,vomiting_0_24h,0–24 h,TEAS,sham,Intention-to-treat,v36: Pan2023 moved to usual-care body (control did not undergo TEAS; no sham procedure).,1
AUDIT-0295,vomiting24_TEAS_sham,INCLUDE,vomiting_0_24h,0–24 h,TEAS,sham,Intention-to-treat,v36: Pan2023 moved to usual-care body (control did not undergo TEAS; no sham procedure).,1
AUDIT-0100,vomiting24_TEAS_usual,INCLUDE,vomiting_0_24h,Within 24 h after operation,TEAS,usual_care,Unstated,v36: Pan2023 no-TEAS control; supportive comparison.,1
V33-OD-0278,persistent_nausea24_TEAS_sham,INCLUDE,persistent_nausea_over5min_0_24h,0-24 h,TEAS,sham,Outcome-specific analyzed population,Source construct/window/contrast reviewed; direct data admitted.,1
V33-OD-0139,nausea48_TEAS_sham,INCLUDE,nausea_0_48h,0-48 h,TEAS,sham,Outcome-specific analyzed population,Source construct/window/contrast reviewed; direct data admitted.,1
V33-OD-0140,vomiting48_TEAS_sham,INCLUDE,vomiting_0_48h,0-48 h,TEAS,sham,Outcome-specific analyzed population,Source construct/window/contrast reviewed; direct data admitted.,1
V33-OD-0056,ponv48_TEAS_sham,INCLUDE,composite_PONV_0_48h,Within 48 h,TEAS,sham,Outcome-specific analyzed population,v36: Xiong2021 control had electrodes applied and connected without stimulation (sham); formerly ponv48_TEAS_usual.,1
V33-OD-0019,nausea6to24_EA_usual,INCLUDE,nausea_6_24h,6-24 h postoperatively,EA,usual_care,Outcome-specific analyzed population,Source construct/window/contrast reviewed; direct data admitted.,1
V33-OD-0021,nausea6to24_EA_usual,INCLUDE,nausea_6_24h,6-24 h postoperatively,EA,usual_care,Outcome-specific analyzed population,Source construct/window/contrast reviewed; direct data admitted.,1
V33-OD-0023,nausea6to24_EA_usual,INCLUDE,nausea_6_24h,6-24 h postoperatively,EA,usual_care,Outcome-specific analyzed population,Source construct/window/contrast reviewed; direct data admitted.,1
V33-OD-0020,vomiting6to24_EA_usual,INCLUDE,vomiting_6_24h,6-24 h postoperatively,EA,usual_care,Outcome-specific analyzed population,Source construct/window/contrast reviewed; direct data admitted.,1
V33-OD-0022,vomiting6to24_EA_usual,INCLUDE,vomiting_6_24h,6-24 h postoperatively,EA,usual_care,Outcome-specific analyzed population,Source construct/window/contrast reviewed; direct data admitted.,1
V33-OD-0024,vomiting6to24_EA_usual,INCLUDE,vomiting_6_24h,6-24 h postoperatively,EA,usual_care,Outcome-specific analyzed population,Source construct/window/contrast reviewed; direct data admitted.,1
V33-OD-0163,pain24_rest_TEAS_sham,INCLUDE,pain_rest_approximately24h,24 h,TEAS,sham,Outcome-specific analyzed population,Source construct/window/contrast reviewed; direct data admitted.,1
V33-OD-0367,pain24_rest_TEAS_sham,INCLUDE,pain_rest_approximately24h,POD1 (~24 h),TEAS,sham,Outcome-specific analyzed population,Source construct/window/contrast reviewed; direct data admitted.,1
V33-OD-0064,pain24_rest_TEAS_sham,INCLUDE,pain_rest_approximately24h,24 h,TEAS,sham,Outcome-specific analyzed population,Source construct/window/contrast reviewed; direct data admitted.,1
V33-OD-0164,pain24_movement_TEAS_sham,INCLUDE,pain_movement_approximately24h,24 h,TEAS,sham,Outcome-specific analyzed population,Source construct/window/contrast reviewed; direct data admitted.,1
V33-OD-0201,pain24_movement_EA_sham,INCLUDE,pain_movement_approximately24h,POD1,EA,sham,Outcome-specific analyzed population,Source construct/window/contrast reviewed; direct data admitted.,0.1
V33-OD-0202,pain24_movement_EA_sham,INCLUDE,pain_movement_approximately24h,POD1,EA,sham,Outcome-specific analyzed population,Source construct/window/contrast reviewed; direct data admitted.,0.1
V33-OD-0201,pain24_movement_EA_sham_with_He,SENSITIVITY,pain_movement_approximately24h,POD1,EA,sham,Outcome-specific analyzed population,He2026 reported SDs conflict with threshold counts; retain literal SD only as diagnostic.,0.1
V33-OD-0202,pain24_movement_EA_sham_with_He,SENSITIVITY,pain_movement_approximately24h,POD1,EA,sham,Outcome-specific analyzed population,He2026 reported SDs conflict with threshold counts; retain literal SD only as diagnostic.,0.1
V33-OD-0218,pain24_movement_EA_sham_with_He,SENSITIVITY,pain_movement_approximately24h,24 h,EA,sham,Outcome-specific analyzed population,He2026 reported SDs conflict with threshold counts; retain literal SD only as diagnostic.,1
V33-OD-0219,pain24_rest_EA_sham_He_reported_SD,SENSITIVITY,pain_rest_approximately24h,24 h,EA,sham,Outcome-specific analyzed population,He2026 extremely small repeated SDs cannot be reconciled with threshold counts; no fabricated replacement.,1
V33-OD-0015,pain24_unclassified_TEAS_sham,SENSITIVITY,pain_setting_unspecified_24h,24 h postoperatively,TEAS,sham,Outcome-specific analyzed population,Rest/movement not established. Never use this mixed-setting body to assert registered pain co-outcome criterion.,1
V33-OD-0071,pain24_unclassified_TEAS_sham,SENSITIVITY,pain_setting_unspecified_24h,POD1,TEAS,sham,Outcome-specific analyzed population,Rest/movement not established. Never use this mixed-setting body to assert registered pain co-outcome criterion.,1
V33-OD-0075,pain24_unclassified_TEAS_sham,SENSITIVITY,pain_setting_unspecified_24h,24 h,TEAS,sham,Outcome-specific analyzed population,Rest/movement not established. Never use this mixed-setting body to assert registered pain co-outcome criterion.,1
V33-OD-0142,pain24_unclassified_TEAS_sham,SENSITIVITY,pain_setting_unspecified_24h,24 h,TEAS,sham,Outcome-specific analyzed population,Rest/movement not established. Never use this mixed-setting body to assert registered pain co-outcome criterion.,1
V33-OD-0158,pain24_unclassified_TEAS_sham,SENSITIVITY,pain_setting_unspecified_24h,24 h,TEAS,sham,Outcome-specific analyzed population,Rest/movement not established. Never use this mixed-setting body to assert registered pain co-outcome criterion.,1
V33-OD-0221,pain24_unclassified_TEAS_sham,SENSITIVITY,pain_setting_unspecified_24h,24 h,TEAS,sham,Outcome-specific analyzed population,Rest/movement not established. Never use this mixed-setting body to assert registered pain co-outcome criterion.,1
AUDIT-0342,pain24_unclassified_TEAS_sham,SENSITIVITY,pain_setting_unspecified_24h,24 h,TEAS,sham,Modified intention-to-treat / completer analysis reported in Table 1,Rest/movement not established. Never use this mixed-setting body to assert registered pain co-outcome criterion.,1
V33-OD-0187,pain24_Lee_low_arm_only,SENSITIVITY,pain_setting_unspecified_24h,24 h,TEAS,sham,Outcome-specific analyzed population,Available low-frequency arm only; not admitted as a complete multiarm evidence body.,1
V33-OD-0118,pain24_Ng_unspecified,SENSITIVITY,pain_setting_unspecified_POD1,POD1,EA,sham,Outcome-specific analyzed population,Source construct/window/contrast reviewed; direct data admitted.,1
AUDIT-0002,pain6to24_movement_EA_usual,SENSITIVITY,pain_movement_interval6_24h,6–24 h,EA,usual_care,Per-protocol,Interval summary cannot be assumed a point24h co-outcome.,1
AUDIT-0003,pain6to24_movement_EA_usual,SENSITIVITY,pain_movement_interval6_24h,6–24 h,EA,usual_care,Per-protocol,Interval summary cannot be assumed a point24h co-outcome.,1
AUDIT-0004,pain6to24_movement_EA_usual,SENSITIVITY,pain_movement_interval6_24h,6–24 h,EA,usual_care,Per-protocol,Interval summary cannot be assumed a point24h co-outcome.,1
V33-OD-0028,flatus_TEAS_sham,INCLUDE,time_first_flatus,Postoperative,TEAS,sham,Outcome-specific analyzed population,Source construct/window/contrast reviewed; direct data admitted. v38: Zheng continuous data held for unresolved source inconsistency; no inferred SD corrections. Wu2025 pre-intervention dose excluded where relevant.,1
V33-OD-0082,flatus_TEAS_sham,INCLUDE,time_first_flatus,Postoperative,TEAS,sham,Outcome-specific analyzed population,Source construct/window/contrast reviewed; direct data admitted. v38: Zheng continuous data held for unresolved source inconsistency; no inferred SD corrections. Wu2025 pre-intervention dose excluded where relevant.,1
V33-OD-0134,flatus_TEAS_sham,INCLUDE,time_first_flatus,Postoperative,TEAS,sham,Outcome-specific analyzed population,Source construct/window/contrast reviewed; direct data admitted. v38: Zheng continuous data held for unresolved source inconsistency; no inferred SD corrections. Wu2025 pre-intervention dose excluded where relevant.,1
V33-OD-0223,flatus_TEAS_sham,INCLUDE,time_first_flatus,Postoperative,TEAS,sham,Outcome-specific analyzed population,Source construct/window/contrast reviewed; direct data admitted. v38: Zheng continuous data held for unresolved source inconsistency; no inferred SD corrections. Wu2025 pre-intervention dose excluded where relevant.,1
V33-OD-0239,flatus_TEAS_sham,INCLUDE,time_first_flatus,Postoperative,TEAS,sham,Outcome-specific analyzed population,Source construct/window/contrast reviewed; direct data admitted. v38: Zheng continuous data held for unresolved source inconsistency; no inferred SD corrections. Wu2025 pre-intervention dose excluded where relevant.,1
V33-OD-0062,flatus_TEAS_sham,INCLUDE,time_first_flatus,Postoperative,TEAS,sham,Outcome-specific analyzed population,Source construct/window/contrast reviewed; direct data admitted. v38: Zheng continuous data held for unresolved source inconsistency; no inferred SD corrections. Wu2025 pre-intervention dose excluded where relevant.,1
AUDIT-0251,flatus_TEAS_sham,INCLUDE,time_first_flatus,Postoperative,TEAS,sham,Available-case/completer analysis,Source construct/window/contrast reviewed; direct data admitted. v38: Zheng continuous data held for unresolved source inconsistency; no inferred SD corrections. Wu2025 pre-intervention dose excluded where relevant.,1
AUDIT-0252,flatus_TEAS_sham,INCLUDE,time_first_flatus,Postoperative,TEAS,sham,Available-case/completer analysis,Source construct/window/contrast reviewed; direct data admitted. v38: Zheng continuous data held for unresolved source inconsistency; no inferred SD corrections. Wu2025 pre-intervention dose excluded where relevant.,1
AUDIT-0253,flatus_TEAS_sham,INCLUDE,time_first_flatus,Postoperative,TEAS,sham,Available-case/completer analysis,Source construct/window/contrast reviewed; direct data admitted. v38: Zheng continuous data held for unresolved source inconsistency; no inferred SD corrections. Wu2025 pre-intervention dose excluded where relevant.,1
V33-OD-0117,flatus_EA_sham,INCLUDE,time_first_flatus,Postoperative,EA,sham,Outcome-specific analyzed population,Source construct/window/contrast reviewed; direct data admitted.,24
V33-OD-0002,flatus_EA_usual,INCLUDE,time_first_flatus,From surgery to first flatus,EA,usual_care,Outcome-specific analyzed population,Source construct/window/contrast reviewed; direct data admitted.,1
V33-OD-0053,flatus_EA_usual,INCLUDE,time_first_flatus,Postoperative,EA,usual_care,Outcome-specific analyzed population,Source construct/window/contrast reviewed; direct data admitted.,1
V33-OD-0198,flatus_EA_usual,INCLUDE,time_first_flatus,Postoperative,EA,usual_care,Outcome-specific analyzed population,Source construct/window/contrast reviewed; direct data admitted.,1
AUDIT-0017,flatus_EA_usual,INCLUDE,time_first_flatus,From end of surgery to first flatus,EA,usual_care,Per-protocol,Source construct/window/contrast reviewed; direct data admitted.,1
AUDIT-0018,flatus_EA_usual,INCLUDE,time_first_flatus,From end of surgery to first flatus,EA,usual_care,Per-protocol,Source construct/window/contrast reviewed; direct data admitted.,1
AUDIT-0019,flatus_EA_usual,INCLUDE,time_first_flatus,From end of surgery to first flatus,EA,usual_care,Per-protocol,Source construct/window/contrast reviewed; direct data admitted.,1
V33-OD-0222,bowelsounds_TEAS_sham,INCLUDE,time_first_bowel_sounds,Postoperative,TEAS,sham,Outcome-specific analyzed population,Source construct/window/contrast reviewed; direct data admitted. v38: Zheng continuous data held for unresolved source inconsistency; no inferred SD corrections. Wu2025 pre-intervention dose excluded where relevant.,1
AUDIT-0173,bowelsounds_TEAS_sham,INCLUDE,time_first_bowel_sounds,Postoperative,TEAS,sham,Intention-to-treat; all randomized patients,Source construct/window/contrast reviewed; direct data admitted. v38: Zheng continuous data held for unresolved source inconsistency; no inferred SD corrections. Wu2025 pre-intervention dose excluded where relevant.,1
V33-OD-0135,defecation_TEAS_sham,INCLUDE,time_first_defecation,Postoperative,TEAS,sham,Outcome-specific analyzed population,Source construct/window/contrast reviewed; direct data admitted.,1
V33-OD-0224,defecation_TEAS_sham,INCLUDE,time_first_defecation,Postoperative,TEAS,sham,Outcome-specific analyzed population,Source construct/window/contrast reviewed; direct data admitted.,1
V33-OD-0240,defecation_TEAS_sham,INCLUDE,time_first_defecation,Postoperative,TEAS,sham,Outcome-specific analyzed population,Source construct/window/contrast reviewed; direct data admitted.,1
AUDIT-0254,defecation_TEAS_sham,INCLUDE,time_first_defecation,Postoperative,TEAS,sham,Available-case/completer analysis,Source construct/window/contrast reviewed; direct data admitted.,1
AUDIT-0255,defecation_TEAS_sham,INCLUDE,time_first_defecation,Postoperative,TEAS,sham,Available-case/completer analysis,Source construct/window/contrast reviewed; direct data admitted.,1
AUDIT-0256,defecation_TEAS_sham,INCLUDE,time_first_defecation,Postoperative,TEAS,sham,Available-case/completer analysis,Source construct/window/contrast reviewed; direct data admitted.,1
V33-OD-0115,defecation_EA_sham,INCLUDE,time_first_defecation,Postoperative,EA,sham,Outcome-specific analyzed population,Source construct/window/contrast reviewed; direct data admitted.,1
V33-OD-0054,defecation_EA_usual,INCLUDE,time_first_defecation,Postoperative,EA,usual_care,Outcome-specific analyzed population,Source construct/window/contrast reviewed; direct data admitted.,1
V33-OD-0116,defecation_EA_usual,INCLUDE,time_first_defecation,Postoperative,EA,usual_care,Outcome-specific analyzed population,Source construct/window/contrast reviewed; direct data admitted.,1
V33-OD-0199,defecation_EA_usual,INCLUDE,time_first_defecation,Postoperative,EA,usual_care,Outcome-specific analyzed population,Source construct/window/contrast reviewed; direct data admitted.,1
V33-OD-0380,defecation_EA_usual,INCLUDE,time_first_defecation,Postoperative,EA,usual_care,Outcome-specific analyzed population,Source construct/window/contrast reviewed; direct data admitted.,1
V33-OD-0254,opioid48_EA_usual_PCA,INCLUDE,PCA_fentanyl_0_48h,Through reported 48-h PCIA period,EA,usual_care,Outcome-specific analyzed population,Source construct/window/contrast reviewed; direct data admitted.,100
V35-YANG24-72,opioid72_EA_usual_PCA,SENSITIVITY,PCA_morphine_0_72h,0-72 h / POD1-3,EA,usual_care,Outcome-specific analyzed population,Yang unquantified IM rescue not included in device total.,1
V33-OD-0250,opioid72_EA_sham_PCA,INCLUDE,PCA_morphine_0_72h,First 3 postoperative days total,EA,sham,Outcome-specific analyzed population,Published three-day PCA mean/SD; separate from strict systemic24h outcome.,1
V35-CHEN20-48,opioid48_TEAS_sham_uncertain_suf0.25,SENSITIVITY,PCA_or_author_equivalent_0_48h,0-48 h,TEAS,sham,Outcome-specific analyzed population,Chen unresolved basal contradiction and He unknown equivalence basis; no principal claim.,0.25
V35-HE26-48,opioid48_TEAS_sham_uncertain_suf0.25,SENSITIVITY,PCA_or_author_equivalent_0_48h,0–48 h,TEAS,sham,Outcome-specific analyzed population,Chen unresolved basal contradiction and He unknown equivalence basis; no principal claim.,1
V35-CHEN20-48,opioid48_TEAS_sham_uncertain_suf0.5,SENSITIVITY,PCA_or_author_equivalent_0_48h,0-48 h,TEAS,sham,Outcome-specific analyzed population,Chen unresolved basal contradiction and He unknown equivalence basis; no principal claim.,0.5
V35-HE26-48,opioid48_TEAS_sham_uncertain_suf0.5,SENSITIVITY,PCA_or_author_equivalent_0_48h,0–48 h,TEAS,sham,Outcome-specific analyzed population,Chen unresolved basal contradiction and He unknown equivalence basis; no principal claim.,1
V35-CHEN20-48,opioid48_TEAS_sham_uncertain_suf1,SENSITIVITY,PCA_or_author_equivalent_0_48h,0-48 h,TEAS,sham,Outcome-specific analyzed population,Chen unresolved basal contradiction and He unknown equivalence basis; no principal claim.,1.0
V35-HE26-48,opioid48_TEAS_sham_uncertain_suf1,SENSITIVITY,PCA_or_author_equivalent_0_48h,0–48 h,TEAS,sham,Outcome-specific analyzed population,Chen unresolved basal contradiction and He unknown equivalence basis; no principal claim.,1
V33-OD-0072,intraop_remifentanil_TEAS_sham,INCLUDE,intraop_remifentanil,Intraoperative,TEAS,sham,Outcome-specific analyzed population,v36: Pan2023 and Liang2021 no-stimulation controls moved to usual-care body. v38: Zheng continuous data held for unresolved source inconsistency; no inferred SD corrections. Wu2025 pre-intervention dose excluded where relevant.,1
V33-OD-0128,intraop_remifentanil_TEAS_sham,INCLUDE,intraop_remifentanil,Intraoperative,TEAS,sham,Outcome-specific analyzed population,v36: Pan2023 and Liang2021 no-stimulation controls moved to usual-care body. v38: Zheng continuous data held for unresolved source inconsistency; no inferred SD corrections. Wu2025 pre-intervention dose excluded where relevant.,1000
V33-OD-0129,intraop_remifentanil_TEAS_sham,INCLUDE,intraop_remifentanil,Intraoperative,TEAS,sham,Outcome-specific analyzed population,v36: Pan2023 and Liang2021 no-stimulation controls moved to usual-care body. v38: Zheng continuous data held for unresolved source inconsistency; no inferred SD corrections. Wu2025 pre-intervention dose excluded where relevant.,1000
V33-OD-0232,intraop_remifentanil_TEAS_sham,INCLUDE,intraop_remifentanil,Intraoperative,TEAS,sham,Outcome-specific analyzed population,v36: Pan2023 and Liang2021 no-stimulation controls moved to usual-care body. v38: Zheng continuous data held for unresolved source inconsistency; no inferred SD corrections. Wu2025 pre-intervention dose excluded where relevant.,1000
V33-OD-0061,intraop_remifentanil_TEAS_sham,INCLUDE,intraop_remifentanil,Intraoperative,TEAS,sham,Outcome-specific analyzed population,v36: Pan2023 and Liang2021 no-stimulation controls moved to usual-care body. v38: Zheng continuous data held for unresolved source inconsistency; no inferred SD corrections. Wu2025 pre-intervention dose excluded where relevant.,1
V33-OD-0379,intraop_remifentanil_TEAS_usual,INCLUDE,intraop_remifentanil,Intraoperative,TEAS,usual_care,Outcome-specific analyzed population,v36: Pan2023 and Liang2021 controls received no TEAS/no stimulation without a described sham procedure.,1
AUDIT-0364,intraop_remifentanil_TEAS_usual,INCLUDE,intraop_remifentanil,Intraoperative,TEAS,usual_care,"Available-case analysis; 75 randomized, 70 analyzed",v36: Pan2023 and Liang2021 controls received no TEAS/no stimulation without a described sham procedure.,1
V33-OD-0376,intraop_remifentanil_EA_usual,INCLUDE,intraop_remifentanil,Intraoperative,EA,usual_care,Outcome-specific analyzed population,Source construct/window/contrast reviewed; direct data admitted.,1000
V33-OD-0377,intraop_remifentanil_EA_usual,INCLUDE,intraop_remifentanil,Intraoperative,EA,usual_care,Outcome-specific analyzed population,Source construct/window/contrast reviewed; direct data admitted.,1000
V33-OD-0378,intraop_remifentanil_EA_usual,INCLUDE,intraop_remifentanil,Intraoperative,EA,usual_care,Outcome-specific analyzed population,Source construct/window/contrast reviewed; direct data admitted.,1000
V33-OD-0112,intraop_remifentanil_EA_sham,INCLUDE,intraop_remifentanil,Intraoperative,EA,sham,Outcome-specific analyzed population,Source construct/window/contrast reviewed; direct data admitted.,1
V33-OD-0299,tramadol24_TEAS_usual_PCA,SENSITIVITY,PCA_tramadol_0_24h,0-24 h,TEAS,usual_care,Outcome-specific analyzed population,Source construct/window/contrast reviewed; direct data admitted.,1
V33-OD-0300,tramadol24_TEAS_active_PCA,SENSITIVITY,PCA_tramadol_0_24h,0-24 h,TEAS,active_electrical,Outcome-specific analyzed population,Source construct/window/contrast reviewed; direct data admitted.,1
V33-OD-0303,pethidine24_TEAS_usual_rescue,INCLUDE,rescue_pethidine_0_24h,0-24 h,TEAS,usual_care,Outcome-specific analyzed population,Source construct/window/contrast reviewed; direct data admitted.,1
V33-OD-0304,pethidine24_TEAS_active_rescue,INCLUDE,rescue_pethidine_0_24h,0-24 h,TEAS,active_electrical,Outcome-specific analyzed population,Source construct/window/contrast reviewed; direct data admitted.,1
V33-OD-0331,ponv24_TEAS_active,INCLUDE,composite_PONV_0_24h,0-24 h,TEAS,active_electrical,Outcome-specific analyzed population,Song matched non-acupoint electrical stimulation; conservative active-control category. Broad-sham sensitivity available.,1
V33-OD-0328,pain24_TEAS_active_unspecified,SENSITIVITY,pain_setting_unspecified_24h,24 h after surgery,TEAS,active_electrical,Outcome-specific analyzed population,Source construct/window/contrast reviewed; direct data admitted.,1
V33-OD-0027,ponv24_TEAS_broad_sham_sensitivity,SENSITIVITY,composite_PONV_0_24h_broad_sham,POD1,TEAS,sham,Outcome-specific analyzed population,Includes Song non-acupoint active-current sham as permitted by broader registered sham definition; diagnostic against conservative main taxonomy.,1
V33-OD-0033,ponv24_TEAS_broad_sham_sensitivity,SENSITIVITY,composite_PONV_0_24h_broad_sham,Within 24 h postoperatively,TEAS,sham,Outcome-specific analyzed population,Includes Song non-acupoint active-current sham as permitted by broader registered sham definition; diagnostic against conservative main taxonomy.,1
V33-OD-0130,ponv24_TEAS_broad_sham_sensitivity,SENSITIVITY,composite_PONV_0_24h_broad_sham,24 h,TEAS,sham,Outcome-specific analyzed population,Includes Song non-acupoint active-current sham as permitted by broader registered sham definition; diagnostic against conservative main taxonomy.,1
V33-OD-0131,ponv24_TEAS_broad_sham_sensitivity,SENSITIVITY,composite_PONV_0_24h_broad_sham,24 h,TEAS,sham,Outcome-specific analyzed population,Includes Song non-acupoint active-current sham as permitted by broader registered sham definition; diagnostic against conservative main taxonomy.,1
V33-OD-0168,ponv24_TEAS_broad_sham_sensitivity,SENSITIVITY,composite_PONV_0_24h_broad_sham,Through POD1 / approximately 24 h,TEAS,sham,Outcome-specific analyzed population,Includes Song non-acupoint active-current sham as permitted by broader registered sham definition; diagnostic against conservative main taxonomy.,1
V33-OD-0195,ponv24_TEAS_broad_sham_sensitivity,SENSITIVITY,composite_PONV_0_24h_broad_sham,Within 24 h,TEAS,sham,Outcome-specific analyzed population,Includes Song non-acupoint active-current sham as permitted by broader registered sham definition; diagnostic against conservative main taxonomy.,1
V33-OD-0215,ponv24_TEAS_broad_sham_sensitivity,SENSITIVITY,composite_PONV_0_24h_broad_sham,0-24 h,TEAS,sham,Outcome-specific analyzed population,Includes Song non-acupoint active-current sham as permitted by broader registered sham definition; diagnostic against conservative main taxonomy.,1
V33-OD-0257,ponv24_TEAS_broad_sham_sensitivity,SENSITIVITY,composite_PONV_0_24h_broad_sham,0-24 h,TEAS,sham,Outcome-specific analyzed population,Includes Song non-acupoint active-current sham as permitted by broader registered sham definition; diagnostic against conservative main taxonomy.,1
V33-OD-0261,ponv24_TEAS_broad_sham_sensitivity,SENSITIVITY,composite_PONV_0_24h_broad_sham,0-24 h,TEAS,sham,Outcome-specific analyzed population,Includes Song non-acupoint active-current sham as permitted by broader registered sham definition; diagnostic against conservative main taxonomy.,1
V33-OD-0276,ponv24_TEAS_broad_sham_sensitivity,SENSITIVITY,composite_PONV_0_24h_broad_sham,0-24 h,TEAS,sham,Outcome-specific analyzed population,Includes Song non-acupoint active-current sham as permitted by broader registered sham definition; diagnostic against conservative main taxonomy.,1
V33-OD-0331,ponv24_TEAS_broad_sham_sensitivity,SENSITIVITY,composite_PONV_0_24h_broad_sham,0-24 h,TEAS,sham,Outcome-specific analyzed population,Includes Song non-acupoint active-current sham as permitted by broader registered sham definition; diagnostic against conservative main taxonomy.,1
AUDIT-0359,ponv24_TEAS_broad_sham_sensitivity,SENSITIVITY,composite_PONV_0_24h_broad_sham,0–24 h,TEAS,sham,Intention-to-treat; all randomized participants analyzed,Includes Song non-acupoint active-current sham as permitted by broader registered sham definition; diagnostic against conservative main taxonomy.,1
V33-OD-0028,flatus_TEAS_sham_SMD_sensitivity,SENSITIVITY,time_first_flatus,Postoperative,TEAS,sham,Outcome-specific analyzed population,Same construct and membership as hours MD; no selection by I² or P.,1
V33-OD-0082,flatus_TEAS_sham_SMD_sensitivity,SENSITIVITY,time_first_flatus,Postoperative,TEAS,sham,Outcome-specific analyzed population,Same construct and membership as hours MD; no selection by I² or P.,1
V33-OD-0134,flatus_TEAS_sham_SMD_sensitivity,SENSITIVITY,time_first_flatus,Postoperative,TEAS,sham,Outcome-specific analyzed population,Same construct and membership as hours MD; no selection by I² or P.,1
V33-OD-0223,flatus_TEAS_sham_SMD_sensitivity,SENSITIVITY,time_first_flatus,Postoperative,TEAS,sham,Outcome-specific analyzed population,Same construct and membership as hours MD; no selection by I² or P.,1
V33-OD-0239,flatus_TEAS_sham_SMD_sensitivity,SENSITIVITY,time_first_flatus,Postoperative,TEAS,sham,Outcome-specific analyzed population,Same construct and membership as hours MD; no selection by I² or P.,1
V33-OD-0062,flatus_TEAS_sham_SMD_sensitivity,SENSITIVITY,time_first_flatus,Postoperative,TEAS,sham,Outcome-specific analyzed population,Same construct and membership as hours MD; no selection by I² or P.,1
AUDIT-0251,flatus_TEAS_sham_SMD_sensitivity,SENSITIVITY,time_first_flatus,Postoperative,TEAS,sham,Available-case/completer analysis,Same construct and membership as hours MD; no selection by I² or P.,1
AUDIT-0252,flatus_TEAS_sham_SMD_sensitivity,SENSITIVITY,time_first_flatus,Postoperative,TEAS,sham,Available-case/completer analysis,Same construct and membership as hours MD; no selection by I² or P.,1
AUDIT-0253,flatus_TEAS_sham_SMD_sensitivity,SENSITIVITY,time_first_flatus,Postoperative,TEAS,sham,Available-case/completer analysis,Same construct and membership as hours MD; no selection by I² or P.,1
V33-OD-0117,flatus_EA_sham_SMD_sensitivity,SENSITIVITY,time_first_flatus,Postoperative,EA,sham,Outcome-specific analyzed population,Same construct and membership as hours MD; no selection by I² or P.,24
V33-OD-0002,flatus_EA_usual_SMD_sensitivity,SENSITIVITY,time_first_flatus,From surgery to first flatus,EA,usual_care,Outcome-specific analyzed population,Same construct and membership as hours MD; no selection by I² or P.,1
V33-OD-0053,flatus_EA_usual_SMD_sensitivity,SENSITIVITY,time_first_flatus,Postoperative,EA,usual_care,Outcome-specific analyzed population,Same construct and membership as hours MD; no selection by I² or P.,1
V33-OD-0198,flatus_EA_usual_SMD_sensitivity,SENSITIVITY,time_first_flatus,Postoperative,EA,usual_care,Outcome-specific analyzed population,Same construct and membership as hours MD; no selection by I² or P.,1
AUDIT-0017,flatus_EA_usual_SMD_sensitivity,SENSITIVITY,time_first_flatus,From end of surgery to first flatus,EA,usual_care,Per-protocol,Same construct and membership as hours MD; no selection by I² or P.,1
AUDIT-0018,flatus_EA_usual_SMD_sensitivity,SENSITIVITY,time_first_flatus,From end of surgery to first flatus,EA,usual_care,Per-protocol,Same construct and membership as hours MD; no selection by I² or P.,1
AUDIT-0019,flatus_EA_usual_SMD_sensitivity,SENSITIVITY,time_first_flatus,From end of surgery to first flatus,EA,usual_care,Per-protocol,Same construct and membership as hours MD; no selection by I² or P.,1
V33-OD-0028,flatus_TEAS_sham_with_Zheng2025_as_printed,SENSITIVITY,time_first_flatus,Postoperative,TEAS,sham,Outcome-specific analyzed population,Source-uncertainty diagnostic: adds Zheng2025 as printed; unresolved dispersion/P inconsistencies and flatus/stool definition. Not efficacy evidence. Wu2025 pre-intervention dose remains excluded.,1
V33-OD-0082,flatus_TEAS_sham_with_Zheng2025_as_printed,SENSITIVITY,time_first_flatus,Postoperative,TEAS,sham,Outcome-specific analyzed population,Source-uncertainty diagnostic: adds Zheng2025 as printed; unresolved dispersion/P inconsistencies and flatus/stool definition. Not efficacy evidence. Wu2025 pre-intervention dose remains excluded.,1
V33-OD-0134,flatus_TEAS_sham_with_Zheng2025_as_printed,SENSITIVITY,time_first_flatus,Postoperative,TEAS,sham,Outcome-specific analyzed population,Source-uncertainty diagnostic: adds Zheng2025 as printed; unresolved dispersion/P inconsistencies and flatus/stool definition. Not efficacy evidence. Wu2025 pre-intervention dose remains excluded.,1
V33-OD-0223,flatus_TEAS_sham_with_Zheng2025_as_printed,SENSITIVITY,time_first_flatus,Postoperative,TEAS,sham,Outcome-specific analyzed population,Source-uncertainty diagnostic: adds Zheng2025 as printed; unresolved dispersion/P inconsistencies and flatus/stool definition. Not efficacy evidence. Wu2025 pre-intervention dose remains excluded.,1
V33-OD-0239,flatus_TEAS_sham_with_Zheng2025_as_printed,SENSITIVITY,time_first_flatus,Postoperative,TEAS,sham,Outcome-specific analyzed population,Source-uncertainty diagnostic: adds Zheng2025 as printed; unresolved dispersion/P inconsistencies and flatus/stool definition. Not efficacy evidence. Wu2025 pre-intervention dose remains excluded.,1
V33-OD-0062,flatus_TEAS_sham_with_Zheng2025_as_printed,SENSITIVITY,time_first_flatus,Postoperative,TEAS,sham,Outcome-specific analyzed population,Source-uncertainty diagnostic: adds Zheng2025 as printed; unresolved dispersion/P inconsistencies and flatus/stool definition. Not efficacy evidence. Wu2025 pre-intervention dose remains excluded.,1
AUDIT-0251,flatus_TEAS_sham_with_Zheng2025_as_printed,SENSITIVITY,time_first_flatus,Postoperative,TEAS,sham,Available-case/completer analysis,Source-uncertainty diagnostic: adds Zheng2025 as printed; unresolved dispersion/P inconsistencies and flatus/stool definition. Not efficacy evidence. Wu2025 pre-intervention dose remains excluded.,1
AUDIT-0252,flatus_TEAS_sham_with_Zheng2025_as_printed,SENSITIVITY,time_first_flatus,Postoperative,TEAS,sham,Available-case/completer analysis,Source-uncertainty diagnostic: adds Zheng2025 as printed; unresolved dispersion/P inconsistencies and flatus/stool definition. Not efficacy evidence. Wu2025 pre-intervention dose remains excluded.,1
AUDIT-0253,flatus_TEAS_sham_with_Zheng2025_as_printed,SENSITIVITY,time_first_flatus,Postoperative,TEAS,sham,Available-case/completer analysis,Source-uncertainty diagnostic: adds Zheng2025 as printed; unresolved dispersion/P inconsistencies and flatus/stool definition. Not efficacy evidence. Wu2025 pre-intervention dose remains excluded.,1
AUDIT-0347,flatus_TEAS_sham_with_Zheng2025_as_printed,SENSITIVITY,time_first_flatus,Postoperative,TEAS,sham,Modified intention-to-treat / completer analysis reported in Table 1,Source-uncertainty diagnostic: adds Zheng2025 as printed; unresolved dispersion/P inconsistencies and flatus/stool definition. Not efficacy evidence. Wu2025 pre-intervention dose remains excluded.,1
V33-OD-0222,bowelsounds_TEAS_sham_with_Zheng2025_as_printed,SENSITIVITY,time_first_bowel_sounds,Postoperative,TEAS,sham,Outcome-specific analyzed population,Source-uncertainty diagnostic: adds Zheng2025 as printed; unresolved dispersion/P inconsistencies and flatus/stool definition. Not efficacy evidence. Wu2025 pre-intervention dose remains excluded.,1
AUDIT-0173,bowelsounds_TEAS_sham_with_Zheng2025_as_printed,SENSITIVITY,time_first_bowel_sounds,Postoperative,TEAS,sham,Intention-to-treat; all randomized patients,Source-uncertainty diagnostic: adds Zheng2025 as printed; unresolved dispersion/P inconsistencies and flatus/stool definition. Not efficacy evidence. Wu2025 pre-intervention dose remains excluded.,1
AUDIT-0346,bowelsounds_TEAS_sham_with_Zheng2025_as_printed,SENSITIVITY,time_first_bowel_sounds,Postoperative,TEAS,sham,Modified intention-to-treat / completer analysis reported in Table 1,Source-uncertainty diagnostic: adds Zheng2025 as printed; unresolved dispersion/P inconsistencies and flatus/stool definition. Not efficacy evidence. Wu2025 pre-intervention dose remains excluded.,1
V33-OD-0034,intraop_remifentanil_TEAS_sham_with_Zheng2025_as_printed,SENSITIVITY,intraop_remifentanil,Intraoperative,TEAS,sham,Outcome-specific analyzed population,Source-uncertainty diagnostic: adds Zheng2025 as printed; unresolved dispersion/P inconsistencies and flatus/stool definition. Not efficacy evidence. Wu2025 pre-intervention dose remains excluded.,1
V33-OD-0072,intraop_remifentanil_TEAS_sham_with_Zheng2025_as_printed,SENSITIVITY,intraop_remifentanil,Intraoperative,TEAS,sham,Outcome-specific analyzed population,Source-uncertainty diagnostic: adds Zheng2025 as printed; unresolved dispersion/P inconsistencies and flatus/stool definition. Not efficacy evidence. Wu2025 pre-intervention dose remains excluded.,1
V33-OD-0128,intraop_remifentanil_TEAS_sham_with_Zheng2025_as_printed,SENSITIVITY,intraop_remifentanil,Intraoperative,TEAS,sham,Outcome-specific analyzed population,Source-uncertainty diagnostic: adds Zheng2025 as printed; unresolved dispersion/P inconsistencies and flatus/stool definition. Not efficacy evidence. Wu2025 pre-intervention dose remains excluded.,1000
V33-OD-0129,intraop_remifentanil_TEAS_sham_with_Zheng2025_as_printed,SENSITIVITY,intraop_remifentanil,Intraoperative,TEAS,sham,Outcome-specific analyzed population,Source-uncertainty diagnostic: adds Zheng2025 as printed; unresolved dispersion/P inconsistencies and flatus/stool definition. Not efficacy evidence. Wu2025 pre-intervention dose remains excluded.,1000
V33-OD-0232,intraop_remifentanil_TEAS_sham_with_Zheng2025_as_printed,SENSITIVITY,intraop_remifentanil,Intraoperative,TEAS,sham,Outcome-specific analyzed population,Source-uncertainty diagnostic: adds Zheng2025 as printed; unresolved dispersion/P inconsistencies and flatus/stool definition. Not efficacy evidence. Wu2025 pre-intervention dose remains excluded.,1000
V33-OD-0061,intraop_remifentanil_TEAS_sham_with_Zheng2025_as_printed,SENSITIVITY,intraop_remifentanil,Intraoperative,TEAS,sham,Outcome-specific analyzed population,Source-uncertainty diagnostic: adds Zheng2025 as printed; unresolved dispersion/P inconsistencies and flatus/stool definition. Not efficacy evidence. Wu2025 pre-intervention dose remains excluded.,1
V33-OD-0078,intraop_remifentanil_Wu2025_preintervention_diagnostic,SENSITIVITY,pre_intervention_intraop_remifentanil,Intraoperative,TEAS,sham,Outcome-specific analyzed population,Wu2025 allocation and treatment start in PACU AFTER intraoperative dose. Negative-control/baseline diagnostic only; cannot estimate treatment efficacy.,1
V33-OD-0008,NONE,EXCLUDE,Quality of recovery,24 h postoperatively,TEAS,Sham,Outcome-specific analyzed population,Outside defined quantitative estimands; retained in full descriptive extraction. Source QC: 3 post-randomization exclusions; active sensory stimulation vs zero-current control,
V33-OD-0009,NONE,EXCLUDE,Quality of recovery,Postoperative day 1 (~24 h),TEAS,Sham,Outcome-specific analyzed population,Outside defined quantitative estimands; retained in full descriptive extraction. Source QC: Retrospective registration; article has internal intervention-parameter discrepancy,
V33-OD-0010,NONE,HOLD,GI recovery,Postoperative recovery endpoint,TEAS,Usual care,Outcome-specific analyzed population,"No directly tabulated mean/SD or event/denominator for current quantitative body; preserve original statistic, no automatic median or graph conversion. Source QC: 15/120 excluded after randomization; do not relabel median/IQR as mean/SD",
V33-OD-0011,NONE,EXCLUDE,Opioid consumption,First 24 h postoperatively,TEAS,Sham,Outcome-specific analyzed population,Outside defined quantitative estimands; retained in full descriptive extraction. Source QC: Four-arm RCT; shared sham control must be handled correctly,
V33-OD-0012,NONE,EXCLUDE,Opioid consumption,First 24 h postoperatively,TEAS,Sham,Outcome-specific analyzed population,Outside defined quantitative estimands; retained in full descriptive extraction. Source QC: Four-arm RCT; shared sham control must be handled correctly,
V33-OD-0017,NONE,HOLD,Pain,24 h postoperatively,TEAS,Sham,Outcome-specific analyzed population,"No directly tabulated mean/SD or event/denominator for current quantitative body; preserve original statistic, no automatic median or graph conversion. Source QC: Exact values are graph-digitized, not numerically tabulated by authors",
V33-OD-0018,NONE,HOLD,Opioid consumption,Exact 0-24 h,TEAS,Sham,Outcome-specific analyzed population,"No directly tabulated mean/SD or event/denominator for current quantitative body; preserve original statistic, no automatic median or graph conversion. Source QC: PCA followed for 48 h; no extractable cumulative 0-24-h total",
V33-OD-0025,NONE,EXCLUDE,Quality of recovery,POD1,TEAS,Sham,Outcome-specific analyzed population,Outside defined quantitative estimands; retained in full descriptive extraction. Source QC: 3 post-randomization withdrawals; sensory blinding uncertain because active 10-15 mA/De Qi vs no current,
V33-OD-0026,NONE,HOLD,Pain,POD1,TEAS,Sham,Outcome-specific analyzed population,"No directly tabulated mean/SD or event/denominator for current quantitative body; preserve original statistic, no automatic median or graph conversion. Source QC: Do not convert median/IQR to mean/SD without prespecified method",
V33-OD-0029,NONE,EXCLUDE,Rescue analgesia,POD1-POD3,TEAS,Sham,Outcome-specific analyzed population,Outside defined quantitative estimands; retained in full descriptive extraction. Source QC: Not a 24-h opioid dose; exact cumulative tramadol dose is not reported,
V33-OD-0030,NONE,HOLD,Opioid consumption,0-24 h,TEAS,Sham,Outcome-specific analyzed population,"No directly tabulated mean/SD or event/denominator for current quantitative body; preserve original statistic, no automatic median or graph conversion. Source QC: Standard perioperative sufentanil plus PRN tramadol; exact 0-24-h cumulative dose not reported",
V33-OD-0031,NONE,EXCLUDE,Pain,POD1-POD5 average,TEAS,Usual care,Outcome-specific analyzed population,Outside defined quantitative estimands; retained in full descriptive extraction. Source QC: Open-label/no sham; subjective outcome,
V33-OD-0032,NONE,EXCLUDE,Opioid consumption,Postoperative window not clearly defined as 0-24 h,TEAS,Usual care,Outcome-specific analyzed population,Outside defined quantitative estimands; retained in full descriptive extraction. Source QC: Exact postoperative time window is not clearly stated,
V33-OD-0035,NONE,EXCLUDE,Opioid demand,Postoperative; exact pump duration NR,TEAS,Sham,Outcome-specific analyzed population,"Outside defined quantitative estimands; retained in full descriptive extraction. Source QC: PCIA final volume/concentration is NR, so presses cannot be converted to sufentanil mass",
V33-OD-0036,NONE,HOLD,Opioid consumption,0-24 h,TEAS,Sham,Outcome-specific analyzed population,"No directly tabulated mean/SD or event/denominator for current quantitative body; preserve original statistic, no automatic median or graph conversion. Source QC: Final PCIA volume/concentration and exact cumulative sufentanil mass are not reported",
V33-OD-0037,NONE,HOLD,Pain,24 h postoperatively,TEAS,CONTROL_TYPE_REVIEW_REQUIRED,Outcome-specific analyzed population,"Source ambiguity or unavailable required statistic: Unresolved source statistic, denominator or timepoint. Source QC: Printed source values are TAP+TEAS '2 (1.7 ± 2.2)' vs TAP '2 (2.0 ± 3.0)'; format is not defined as mean/SD, median/IQR, or range",
V33-OD-0038,NONE,HOLD,Opioid consumption,0-24 h,TEAS,CONTROL_TYPE_REVIEW_REQUIRED,Outcome-specific analyzed population,"No directly tabulated mean/SD or event/denominator for current quantitative body; preserve original statistic, no automatic median or graph conversion. Source QC: Only programmed PCIA reservoir/basal settings are reported; actual group-specific delivered opioid is NR",
V33-OD-0039,NONE,EXCLUDE,Opioid consumption,POD1; approximately 24 h but exact clock window not explicit,TEAS,Sham,Outcome-specific analyzed population,"Outside defined quantitative estimands; retained in full descriptive extraction. Source QC: Endpoint is directly reported as POD1, not explicitly clock-defined 0-24 h; 15/108 excluded after randomization",
V33-OD-0040,NONE,EXCLUDE,Rescue analgesia,POD1 / postoperative period reported in Table 4,TEAS,Sham,Outcome-specific analyzed population,Outside defined quantitative estimands; retained in full descriptive extraction. Source QC: Published RR 0.70 (0.44-1.10) conflicts with raw counts (~0.52) and significant P-value; use raw event counts,
V33-OD-0041,NONE,EXCLUDE,Pain,POD1,TEAS,Sham,Outcome-specific analyzed population,Outside defined quantitative estimands; retained in full descriptive extraction. Source QC: Figure 3D reports 8.9% vs 37.5%; 4/45 and 18/48 are exact denominator reconstructions,
V33-OD-0042,NONE,HOLD,Urinary recovery,Postoperative,TEAS,Sham,Outcome-specific analyzed population,"No directly tabulated mean/SD or event/denominator for current quantitative body; preserve original statistic, no automatic median or graph conversion. Source QC: 110/1948 randomized participants were excluded from final analysis; abstract gives sham median 7.0 h but Table 2 gives 7.1 h—use table value",
V33-OD-0043,NONE,EXCLUDE,Urinary recovery,Postoperative,TEAS,Sham,Outcome-specific analyzed population,"Outside defined quantitative estimands; retained in full descriptive extraction. Source QC: Use analyzed denominators 922 and 916, not randomized denominators",
V33-OD-0044,NONE,EXCLUDE,Urinary recovery,Postoperative,TEAS,Sham,Outcome-specific analyzed population,Outside defined quantitative estimands; retained in full descriptive extraction. Source QC: Use analyzed denominators 922 and 916,
V33-OD-0045,NONE,HOLD,Opioid consumption,Within 48 h,TEAS,Sham,Outcome-specific analyzed population,"No directly tabulated mean/SD or event/denominator for current quantitative body; preserve original statistic, no automatic median or graph conversion. Source QC: Authors converted opioids using ClinCalc; exact 24-h postoperative dose is not reported",
V33-OD-0046,NONE,HOLD,Opioid consumption,0-24 h,TEAS,Sham,Outcome-specific analyzed population,"No directly tabulated mean/SD or event/denominator for current quantitative body; preserve original statistic, no automatic median or graph conversion. Source QC: Only a postoperative 48-h opioid-equivalent endpoint is reported",
V33-OD-0047,NONE,EXCLUDE,Recovery,Recovery-room discharge,TEAS,Sham,Outcome-specific analyzed population,Outside defined quantitative estimands; retained in full descriptive extraction. Source QC: Abstract incorrectly states 72 randomized; detailed flowchart/tables show 65 randomized and analyzed,
V33-OD-0048,NONE,EXCLUDE,Intraoperative opioid,Intraoperative,TEAS,Sham,Outcome-specific analyzed population,"Outside defined quantitative estimands; retained in full descriptive extraction. Source QC: Weight/time-normalized consumption, not absolute remifentanil dose",
V33-OD-0049,NONE,EXCLUDE,PONV,Postoperative,TEAS,Sham,Outcome-specific analyzed population,Outside defined quantitative estimands; retained in full descriptive extraction. Source QC: No exact narrower time window reported in the extraction,
V33-OD-0050,NONE,EXCLUDE,PONV,Postoperative,TEAS,Sham,Outcome-specific analyzed population,Outside defined quantitative estimands; retained in full descriptive extraction. Source QC: No exact narrower time window reported in the extraction,
V33-OD-0051,NONE,HOLD,Opioid consumption,0-24 h,TEAS,Sham,Outcome-specific analyzed population,"No directly tabulated mean/SD or event/denominator for current quantitative body; preserve original statistic, no automatic median or graph conversion. Source QC: Study reports intraoperative remifentanil rate but no exact postoperative opioid-consumption total",
V33-OD-0057,NONE,EXCLUDE,PONV,Within 48 h,TEAS,CONTROL_TYPE_REVIEW_REQUIRED,Outcome-specific analyzed population,Outside defined quantitative estimands; retained in full descriptive extraction. Source QC: Patient-reported symptom severity; sensory blinding may be imperfect,
V33-OD-0058,NONE,EXCLUDE,Rescue antiemetic,Within 48 h,TEAS,CONTROL_TYPE_REVIEW_REQUIRED,Outcome-specific analyzed population,Outside defined quantitative estimands; retained in full descriptive extraction. Source QC: Counts reconstructed exactly from group denominator 31,
V33-OD-0059,NONE,HOLD,Opioid consumption,Postoperative window unclear,TEAS,CONTROL_TYPE_REVIEW_REQUIRED,Outcome-specific analyzed population,"Source ambiguity or unavailable required statistic: Unresolved source statistic, denominator or timepoint. Source QC: Exact postoperative interval is not stated; route terminology in Results is internally inconsistent",
V33-OD-0060,NONE,HOLD,Opioid consumption,0-24 h,TEAS,CONTROL_TYPE_REVIEW_REQUIRED,Outcome-specific analyzed population,"No directly tabulated mean/SD or event/denominator for current quantitative body; preserve original statistic, no automatic median or graph conversion. Source QC: Published opioid-equivalent result lacks a fixed time window",
V33-OD-0063,NONE,EXCLUDE,PONV,Postoperative,TEAS,Sham,Outcome-specific analyzed population,Outside defined quantitative estimands; retained in full descriptive extraction. Source QC: Counts reconstructed from n=29 analyzed per arm,
V33-OD-0065,NONE,EXCLUDE,Opioid demand,48-h / 2-day PCIA period,TEAS,Sham,Outcome-specific analyzed population,Outside defined quantitative estimands; retained in full descriptive extraction. Source QC: Press attempts may not equal successful delivered boluses; do not multiply by 1 µg,
V33-OD-0066,NONE,HOLD,Opioid consumption,0-24 h,TEAS,Sham,Outcome-specific analyzed population,"No directly tabulated mean/SD or event/denominator for current quantitative body; preserve original statistic, no automatic median or graph conversion. Source QC: PCIA wording is internally contradictory and only press counts are reported",
V33-OD-0067,NONE,HOLD,Opioid consumption,Study PCA period; exact fixed window unclear,EA,Sham,Outcome-specific analyzed population,"Source ambiguity or unavailable required statistic: Unresolved source statistic, denominator or timepoint. Source QC: Infusion described through POD3; Discussion mentions lower use through 48 h; Table 2 does not define fixed window",
V33-OD-0068,NONE,HOLD,Opioid consumption,Study PCA period; exact fixed window unclear,EA,CONTROL_TYPE_REVIEW_REQUIRED,Outcome-specific analyzed population,"Source ambiguity or unavailable required statistic: Unresolved source statistic, denominator or timepoint. Source QC: Three-arm shared-intervention structure; exact fixed observation window not established",
V33-OD-0069,NONE,EXCLUDE,Opioid demand,Study PCA period,EA,Sham,Outcome-specific analyzed population,Outside defined quantitative estimands; retained in full descriptive extraction. Source QC: Demand count should not be converted into delivered sufentanil without confirmation,
V33-OD-0070,NONE,HOLD,Opioid consumption,0-24 h,EA,Sham,Outcome-specific analyzed population,"No directly tabulated mean/SD or event/denominator for current quantitative body; preserve original statistic, no automatic median or graph conversion. Source QC: Directly reported total cannot be assigned to a fixed 24-h window",
V33-OD-0073,NONE,EXCLUDE,Intraoperative opioid,Intraoperative,TEAS,Sham,Outcome-specific analyzed population,Outside defined quantitative estimands; retained in full descriptive extraction. Source QC: Preserve source units as reported,
V33-OD-0074,NONE,HOLD,Opioid consumption,0-24 h,TEAS,Sham,Outcome-specific analyzed population,"No directly tabulated mean/SD or event/denominator for current quantitative body; preserve original statistic, no automatic median or graph conversion. Source QC: Standard end-of-surgery tramadol/fentanyl are reported, but no randomized group-specific 0-24-h opioid total is provided",
V33-OD-0076,NONE,EXCLUDE,Pain,Within 12 h,TEAS,Sham,Outcome-specific analyzed population,Outside defined quantitative estimands; retained in full descriptive extraction. Source QC: Very large subjective effect; interpret with incomplete sensory blinding,
V33-OD-0077,NONE,EXCLUDE,Intraoperative opioid,Intraoperative,TEAS,Sham,Outcome-specific analyzed population,Outside defined quantitative estimands; retained in full descriptive extraction. Source QC: No intraoperative opioid-sparing effect,
V33-OD-0079,NONE,HOLD,Opioid consumption,0-24 h,TEAS,Sham,Outcome-specific analyzed population,Source ambiguity or unavailable required statistic: Nonstandard or incomplete statistic; no inferred quantities. Source QC: Oxycodone/acetaminophen rescue strength is not reported; rescue regimen is mixed opioid/non-opioid,
V33-OD-0080,NONE,HOLD,Sleep quality,POD1,TEAS,Sham,Outcome-specific analyzed population,"No directly tabulated mean/SD or event/denominator for current quantitative body; preserve original statistic, no automatic median or graph conversion. Source QC: Exact POD1 means/SDs are figure-only; do not use fabricated exact AIS/PSQI values",
V33-OD-0081,NONE,EXCLUDE,Rescue analgesia,0-72 h,TEAS,Sham,Outcome-specific analyzed population,"Outside defined quantitative estimands; retained in full descriptive extraction. Source QC: Rescue drug, dose, route and opioid/non-opioid identity are not specified in the main article",
V33-OD-0083,NONE,HOLD,Pain,24 h,TEAS,Sham,Outcome-specific analyzed population,"No directly tabulated mean/SD or event/denominator for current quantitative body; preserve original statistic, no automatic median or graph conversion. Source QC: Exact 24-h activity VAS values are only shown graphically; stored derivative exact values were fabricated",
V33-OD-0084,NONE,HOLD,Opioid consumption,0-24 h,TEAS,Sham,Outcome-specific analyzed population,"No directly tabulated mean/SD or event/denominator for current quantitative body; preserve original statistic, no automatic median or graph conversion. Source QC: Only rescue-dose counts are reported and the rescue drug is not identified",
V33-OD-0085,NONE,EXCLUDE,PONV,6-12 h,TEAS,CONTROL_TYPE_REVIEW_REQUIRED,Outcome-specific analyzed population,Outside defined quantitative estimands; retained in full descriptive extraction. Source QC: Do not pool across SNVP/MNVP as if strata were randomized; 2 ODT patients excluded after randomization due postoperative fever,
V33-OD-0086,NONE,EXCLUDE,PONV,12-24 h,TEAS,CONTROL_TYPE_REVIEW_REQUIRED,Outcome-specific analyzed population,Outside defined quantitative estimands; retained in full descriptive extraction. Source QC: Two post-randomization ODT exclusions; marked surgical-procedure imbalance (radical mastectomy + axillary dissection 36.4% vs 71.4%),
V33-OD-0087,NONE,EXCLUDE,PONV,0-36 h,TEAS,CONTROL_TYPE_REVIEW_REQUIRED,Outcome-specific analyzed population,Outside defined quantitative estimands; retained in full descriptive extraction. Source QC: No significant overall treatment effect despite time-specific benefits,
V33-OD-0088,NONE,EXCLUDE,PONV,0-2 h,TEAS,CONTROL_TYPE_REVIEW_REQUIRED,Outcome-specific analyzed population,Outside defined quantitative estimands; retained in full descriptive extraction. Source QC: Keep separate from SNVP; MNVP-ODT had more segmental mastectomy + axillary dissection (20.0% vs 2.9%),
V33-OD-0089,NONE,EXCLUDE,PONV,2-6 h,TEAS,CONTROL_TYPE_REVIEW_REQUIRED,Outcome-specific analyzed population,Outside defined quantitative estimands; retained in full descriptive extraction. Source QC: Keep separate from SNVP risk stratum,
V33-OD-0090,NONE,EXCLUDE,PONV,0-36 h,TEAS,CONTROL_TYPE_REVIEW_REQUIRED,Outcome-specific analyzed population,Outside defined quantitative estimands; retained in full descriptive extraction. Source QC: No significant overall treatment effect despite early time-specific benefit,
V33-OD-0091,NONE,EXCLUDE,Intraoperative opioid,Intraoperative,TEAS,CONTROL_TYPE_REVIEW_REQUIRED,Outcome-specific analyzed population,Outside defined quantitative estimands; retained in full descriptive extraction. Source QC: No intraoperative opioid-sparing effect,
V33-OD-0092,NONE,EXCLUDE,Intraoperative opioid,Intraoperative,TEAS,CONTROL_TYPE_REVIEW_REQUIRED,Outcome-specific analyzed population,Outside defined quantitative estimands; retained in full descriptive extraction. Source QC: No intraoperative opioid-sparing effect,
V33-OD-0093,NONE,HOLD,Opioid consumption,0-24 h,TEAS,CONTROL_TYPE_REVIEW_REQUIRED,Outcome-specific analyzed population,"No directly tabulated mean/SD or event/denominator for current quantitative body; preserve original statistic, no automatic median or graph conversion. Source QC: Postoperative rescue analgesia was non-opioid flurbiprofen; no postoperative opioid-consumption endpoint",
V33-OD-0094,NONE,EXCLUDE,PONV,2-6 h,TEAS,Sham,Outcome-specific analyzed population,"Outside defined quantitative estimands; retained in full descriptive extraction. Source QC: Five post-randomization exclusions include one sham participant excluded specifically for vomiting caused by intracranial hypertension | V34: Table 3/abstract P=0.047; Results prose P=0.47; retain table P, preserve both.",
V33-OD-0095,NONE,EXCLUDE,PONV,6-24 h,TEAS,Sham,Outcome-specific analyzed population,Outside defined quantitative estimands; retained in full descriptive extraction. Source QC: Same post-randomization exclusion concern,
V33-OD-0096,NONE,HOLD,Pain,6-24 h,TEAS,Sham,Outcome-specific analyzed population,"No directly tabulated mean/SD or event/denominator for current quantitative body; preserve original statistic, no automatic median or graph conversion. Source QC: Subjective outcome; sensory difference between active de qi and no-current sham may affect participant masking",
V33-OD-0097,NONE,EXCLUDE,Rescue opioid use,6–24 h,TEAS,Sham,Outcome-specific analyzed population,Outside defined quantitative estimands; retained in full descriptive extraction. Source QC: Tramadol was 10 mg IM for VAS >6; number of doses/cumulative tramadol per patient is not reported,
V33-OD-0098,NONE,HOLD,Opioid consumption,0-24 h,TEAS,Sham,Outcome-specific analyzed population,"No directly tabulated mean/SD or event/denominator for current quantitative body; preserve original statistic, no automatic median or graph conversion. Source QC: Only number of patients receiving rescue tramadol is reported; cumulative dose is unavailable",
V33-OD-0099,NONE,HOLD,Pain,24 h,TEAS,Sham,Outcome-specific analyzed population,"No directly tabulated mean/SD or event/denominator for current quantitative body; preserve original statistic, no automatic median or graph conversion. Source QC: Four-arm timing trial; sham received 5 min perceptible low-current stimulation, not electrically inert",
V33-OD-0100,NONE,HOLD,Pain,24 h,TEAS,Sham,Outcome-specific analyzed population,"No directly tabulated mean/SD or event/denominator for current quantitative body; preserve original statistic, no automatic median or graph conversion. Source QC: Four-arm timing trial; sham received 5 min perceptible low-current stimulation, not electrically inert",
V33-OD-0101,NONE,HOLD,Pain,24 h,TEAS,Sham,Outcome-specific analyzed population,"No directly tabulated mean/SD or event/denominator for current quantitative body; preserve original statistic, no automatic median or graph conversion. Source QC: Four-arm timing trial; sham received 5 min perceptible low-current stimulation, not electrically inert",
V33-OD-0102,NONE,EXCLUDE,Rescue analgesia,Within 48 h,TEAS,Sham,Outcome-specific analyzed population,Outside defined quantitative estimands; retained in full descriptive extraction. Source QC: Do not convert printed percentages to exact event counts without confirmation,
V33-OD-0103,NONE,EXCLUDE,Rescue analgesia,Within 48 h,TEAS,Sham,Outcome-specific analyzed population,Outside defined quantitative estimands; retained in full descriptive extraction. Source QC: Do not convert printed percentages to exact event counts without confirmation,
V33-OD-0104,NONE,EXCLUDE,Rescue analgesia,Within 48 h,TEAS,Sham,Outcome-specific analyzed population,Outside defined quantitative estimands; retained in full descriptive extraction. Source QC: Do not convert printed percentages to exact event counts without confirmation,
V33-OD-0105,NONE,EXCLUDE,Intraoperative opioid,Intraoperative,TEAS,Sham,Outcome-specific analyzed population,Outside defined quantitative estimands; retained in full descriptive extraction. Source QC: Values ~1.5-1.6 mg/kg across all four groups; study-specific conversion of sufentanil/remifentanil | V34: Historical aggregate placeholder superseded for active analysis by three audit arm-specific converted-metric rows; no double counting. Author-defined intraoperative metric is not review postoperative MME.,
V33-OD-0106,NONE,HOLD,Opioid consumption,0-24 h,TEAS,Sham,Outcome-specific analyzed population,"No directly tabulated mean/SD or event/denominator for current quantitative body; preserve original statistic, no automatic median or graph conversion. Source QC: Postoperative rescue analgesia was flurbiprofen axetil (NSAID), not an opioid",
V33-OD-0109,NONE,HOLD,Opioid consumption,6-12 h,EA,Sham,Outcome-specific analyzed population,"No directly tabulated mean/SD or event/denominator for current quantitative body; preserve original statistic, no automatic median or graph conversion. Source QC: Source reports median (IQR) as 0.03 (0.05) vs 0.10 (0.11); IQR is reported as a single width rather than Q1/Q3",
V33-OD-0110,NONE,EXCLUDE,Intraoperative opioid,Intraoperative,EA,Sham,Outcome-specific analyzed population,Outside defined quantitative estimands; retained in full descriptive extraction. Source QC: No significant placebo-controlled intraoperative opioid-sparing effect,
V33-OD-0111,NONE,EXCLUDE,Opioid consumption,Perioperative / first 24 h most consistent with protocol; table does not restate window,EA,Sham,Outcome-specific analyzed population,Outside defined quantitative estimands; retained in full descriptive extraction. Source QC: Includes scheduled/background tramadol and likely rescue tramadol; rescue morphine quantity not reported,
V33-OD-0113,NONE,HOLD,Rescue opioid use,First 24 h,EA,Sham,Outcome-specific analyzed population,Source ambiguity or unavailable required statistic: Nonstandard or incomplete statistic; no inferred quantities. Source QC: Main article reports significantly less total rescue analgesia but does not tabulate exact rescue tramadol/morphine quantities,
V33-OD-0114,NONE,HOLD,Opioid consumption,0-24 h,EA,Sham,Outcome-specific analyzed population,Source ambiguity or unavailable required statistic: Nonstandard or incomplete statistic; no inferred quantities. Source QC: Do not equate lower rescue use with significantly lower total opioid exposure,
V33-OD-0119,NONE,EXCLUDE,Opioid demand,Postoperative; exact window NR,EA,Sham,Outcome-specific analyzed population,"Outside defined quantitative estimands; retained in full descriptive extraction. Source QC: Methods say 1 mg/kg q4h PRN, tables say 50-mg injections; exact observation window and route not clearly defined",
V33-OD-0120,NONE,HOLD,Opioid consumption,0-24 h,EA,Sham,Outcome-specific analyzed population,"No directly tabulated mean/SD or event/denominator for current quantitative body; preserve original statistic, no automatic median or graph conversion. Source QC: Do not multiply injection counts by 50 mg and call it a 24-h dose; source time window/dosing statement is ambiguous",
V33-OD-0121,NONE,HOLD,Pain,24 h,TEAS,CONTROL_TYPE_REVIEW_REQUIRED,Outcome-specific analyzed population,"No directly tabulated mean/SD or event/denominator for current quantitative body; preserve original statistic, no automatic median or graph conversion. Source QC: Partially randomized trial: only T vs S is randomized. Exact 24-h means/SDs are graph-only and must not be inferred from Antigravity candidate values",
V33-OD-0122,NONE,HOLD,Sleep quality,POD1,TEAS,CONTROL_TYPE_REVIEW_REQUIRED,Outcome-specific analyzed population,"No directly tabulated mean/SD or event/denominator for current quantitative body; preserve original statistic, no automatic median or graph conversion. Source QC: Exact postoperative AIS means/SDs are graph-only; Group C is non-randomized and must not be used as a randomized comparator",
V33-OD-0123,NONE,EXCLUDE,PONV,24 h,TEAS,CONTROL_TYPE_REVIEW_REQUIRED,Outcome-specific analyzed population,Outside defined quantitative estimands; retained in full descriptive extraction. Source QC: Overall P-value includes non-randomized Group C; do not treat it as the randomized pairwise P-value,
V33-OD-0124,NONE,EXCLUDE,PONV,24 h,TEAS,CONTROL_TYPE_REVIEW_REQUIRED,Outcome-specific analyzed population,Outside defined quantitative estimands; retained in full descriptive extraction. Source QC: Overall P-value includes non-randomized Group C,
V33-OD-0125,NONE,HOLD,Opioid consumption,0-24 h,TEAS,CONTROL_TYPE_REVIEW_REQUIRED,Outcome-specific analyzed population,"No directly tabulated mean/SD or event/denominator for current quantitative body; preserve original statistic, no automatic median or graph conversion. Source QC: Routine postoperative analgesia was non-opioid flurbiprofen; whether any postoperative opioid was given is not reported",
V33-OD-0126,NONE,EXCLUDE,Chronic pain,6 months,TEAS,Sham,Outcome-specific analyzed population,"Outside defined quantitative estimands; retained in full descriptive extraction. Source QC: Printed RR/P-values conflict across abstract, Results and Table 2; raw counts 42/190 vs 65/188 are the stable source facts",
V33-OD-0127,NONE,EXCLUDE,Chronic pain,6 months,TEAS,Sham,Outcome-specific analyzed population,Outside defined quantitative estimands; retained in full descriptive extraction. Source QC: Table 2 gives 72/198; Results prose gives 79/196. Preserve Table 2 here and flag conflict rather than silently reconcile,
V33-OD-0132,NONE,HOLD,Opioid consumption,0-24 h,TEAS,Sham,Outcome-specific analyzed population,"No directly tabulated mean/SD or event/denominator for current quantitative body; preserve original statistic, no automatic median or graph conversion. Source QC: PCA opioid is sufentanil but prescription and cumulative 24-h consumption are not reported",
V33-OD-0133,NONE,EXCLUDE,Recovery,Postoperative,TEAS,Sham,Outcome-specific analyzed population,Outside defined quantitative estimands; retained in full descriptive extraction. Source QC: Six randomized patients were excluded because they did not receive allocated intervention; open conversion is plausibly related to discharge time,
V33-OD-0136,NONE,HOLD,Opioid demand,24 h,TEAS,Sham,Outcome-specific analyzed population,"No directly tabulated mean/SD or event/denominator for current quantitative body; preserve original statistic, no automatic median or graph conversion. Source QC: PCA drug, bolus dose, concentration, basal infusion and lockout are not reported",
V33-OD-0137,NONE,HOLD,Opioid demand,24 h,TEAS,Sham,Outcome-specific analyzed population,"No directly tabulated mean/SD or event/denominator for current quantitative body; preserve original statistic, no automatic median or graph conversion. Source QC: Do not convert successful deliveries into opioid dose because the PCA prescription is absent",
V33-OD-0138,NONE,HOLD,Opioid consumption,0-24 h,TEAS,Sham,Outcome-specific analyzed population,"No directly tabulated mean/SD or event/denominator for current quantitative body; preserve original statistic, no automatic median or graph conversion. Source QC: The main article never identifies the PCA drug or dose",
V33-OD-0141,NONE,EXCLUDE,PONV,0-48 h,TEAS,Sham,Outcome-specific analyzed population,Outside defined quantitative estimands; retained in full descriptive extraction. Source QC: Abstract percentage differs slightly from table-derived 112/138; use raw counts,
V33-OD-0143,NONE,EXCLUDE,Perioperative opioid,Perioperative,TEAS,Sham,Outcome-specific analyzed population,Outside defined quantitative estimands; retained in full descriptive extraction. Source QC: Source labels approximately 15-16 as 'sufentanil equivalents (mg)' without explaining conversion; preserve verbatim,
V33-OD-0144,NONE,HOLD,Opioid consumption,0-24 h,TEAS,Sham,Outcome-specific analyzed population,"No directly tabulated mean/SD or event/denominator for current quantitative body; preserve original statistic, no automatic median or graph conversion. Source QC: Postoperative IV oxycodone is described, but schedule and group-specific cumulative 24-h consumption are not reported",
V33-OD-0145,NONE,HOLD,Neurocognitive,POD1,UNCLEAR,Sham,Outcome-specific analyzed population,Physical modality unresolved: needle OR patch in source. Source QC: Published percentages do not reconcile with final analyzed n=27 active/26 control; do not back-calculate denominators | V34: PND denominator conflict: study-level n=27/26 differs from percentages implying 28/25. No denominator reconstruction; HOLD.,
V33-OD-0146,NONE,HOLD,Neurocognitive,POD3,UNCLEAR,Sham,Outcome-specific analyzed population,Physical modality unresolved: needle OR patch in source. Source QC: Published percentages do not reconcile with reported analyzed denominators | V34: PND denominator conflict: study-level n=27/26 differs from percentages implying 28/25. No denominator reconstruction; HOLD.,
V33-OD-0147,NONE,HOLD,Pain,24 h,UNCLEAR,Sham,Outcome-specific analyzed population,Physical modality unresolved: needle OR patch in source. Source QC: Abstract/Results prose gives active 2.65 ± 0.94; Table 7/Figure 9 gives 2.78 ± 0.97. Master uses the directly tabulated Table 7 value and retains discrepancy | V34: Long Table 7 EA 24-h VAS 2.78±0.97; abstract 2.65±0.94. Table values retained; quantitative HOLD pending adjudication.,
V33-OD-0148,NONE,HOLD,Opioid demand,48 h,UNCLEAR,Sham,Outcome-specific analyzed population,"Physical modality unresolved: needle OR patch in source. Source QC: Reservoir contains 2 µg/kg sufentanil in 100 mL; group body weight is unavailable, so solution volume cannot be converted to group mean opioid mass",
V33-OD-0149,NONE,HOLD,Opioid demand,48 h,UNCLEAR,Sham,Outcome-specific analyzed population,Physical modality unresolved: needle OR patch in source. Source QC: Do not translate compression count into delivered sufentanil mass,
V33-OD-0150,NONE,HOLD,PONV,Postoperative,UNCLEAR,Sham,Outcome-specific analyzed population,Physical modality unresolved: needle OR patch in source. Source QC: Adverse-event percentages elsewhere are internally inconsistent; raw 1/27 vs 8/26 is retained,
V33-OD-0151,NONE,HOLD,Opioid consumption,0-24 h,UNCLEAR,Sham,Outcome-specific analyzed population,Physical modality unresolved: needle OR patch in source. Source QC: 24-h PCIA volume/compressions are not reported; even 48-h volume cannot be converted exactly to sufentanil mass without body weight,
V33-OD-0152,NONE,HOLD,GI recovery,Postoperative,TEAS,Sham,Outcome-specific analyzed population,"No directly tabulated mean/SD or event/denominator for current quantitative body; preserve original statistic, no automatic median or graph conversion. Source QC: 26/306 randomized patients excluded in per-protocol analysis; exclusions include ICU transfer and operation cancellation",
V33-OD-0153,NONE,HOLD,GI recovery,Postoperative,TEAS,Sham,Outcome-specific analyzed population,"No directly tabulated mean/SD or event/denominator for current quantitative body; preserve original statistic, no automatic median or graph conversion. Source QC: Use PP analyzed denominators explicitly; do not fabricate mean/SD",
V33-OD-0154,NONE,EXCLUDE,GI recovery,Postoperative,TEAS,Sham,Outcome-specific analyzed population,Outside defined quantitative estimands; retained in full descriptive extraction. Source QC: Study-specific PGD definition; majority of events were in colorectal stratum,
V33-OD-0155,NONE,EXCLUDE,Pain,6 h,TEAS,Sham,Outcome-specific analyzed population,Outside defined quantitative estimands; retained in full descriptive extraction. Source QC: Pain is reported as binary VAS ≥4 rather than continuous score,
V33-OD-0156,NONE,HOLD,Opioid consumption,0-24 h,TEAS,Sham,Outcome-specific analyzed population,"No directly tabulated mean/SD or event/denominator for current quantitative body; preserve original statistic, no automatic median or graph conversion. Source QC: Printed pump unit is clinically implausible, programming is missing, and actual 24-h delivered dose is not reported; do not silently change mg to µg",
V33-OD-0157,NONE,EXCLUDE,Pain,Within 24 h,TEAS,Sham,Outcome-specific analyzed population,"Outside defined quantitative estimands; retained in full descriptive extraction. Source QC: 9/129 randomized participants excluded after randomization, including postoperative bleeding and conversion to laparotomy; no ITT sensitivity analysis",
V33-OD-0159,NONE,EXCLUDE,Rescue opioid use,Through 48 h,TEAS,Sham,Outcome-specific analyzed population,"Outside defined quantitative estimands; retained in full descriptive extraction. Source QC: Morphine was 1 mg IV per administration, but number of administrations and cumulative dose per patient are not reported",
V33-OD-0160,NONE,EXCLUDE,PONV,Postoperative follow-up,TEAS,Sham,Outcome-specific analyzed population,Outside defined quantitative estimands; retained in full descriptive extraction. Source QC: Published RR/P-value for PONV are internally inconsistent; use raw 4/58 vs 14/62,
V33-OD-0161,NONE,HOLD,Opioid consumption,0-24 h,TEAS,Sham,Outcome-specific analyzed population,"No directly tabulated mean/SD or event/denominator for current quantitative body; preserve original statistic, no automatic median or graph conversion. Source QC: Binary morphine use is reported, but administration counts and cumulative dose are not",
V33-OD-0162,NONE,EXCLUDE,Neurocognitive,POD1,TEAS,Sham,Outcome-specific analyzed population,"Outside defined quantitative estimands; retained in full descriptive extraction. Source QC: Control prose prints 11 cases as 25%, but 11/50 = 22%; preserve count as authoritative",
V33-OD-0165,NONE,EXCLUDE,Opioid demand,0-24 h,TEAS,Sham,Outcome-specific analyzed population,Outside defined quantitative estimands; retained in full descriptive extraction. Source QC: Compressions may represent demands rather than successful boluses; do not convert to sufentanil mass,
V33-OD-0166,NONE,HOLD,Opioid consumption,0-24 h,TEAS,Sham,Outcome-specific analyzed population,"Source ambiguity or unavailable required statistic: Nonstandard or incomplete statistic; no inferred quantities. Source QC: Published PCA formulation is ambiguous/implausibly low, successful delivered boluses are not reported, and actual cumulative sufentanil is unavailable",
V33-OD-0167,NONE,HOLD,Intraoperative opioid,Intraoperative,TEAS,Sham,Outcome-specific analyzed population,"No directly tabulated mean/SD or event/denominator for current quantitative body; preserve original statistic, no automatic median or graph conversion. Source QC: Abstract gives TEAS 0.65 (0.45-1.00) and control 0.90 (0.67-1.23); master uses Results/Figure 4 values and retains source discrepancy",
V33-OD-0169,NONE,EXCLUDE,Rescue opioid use,Through POD1,TEAS,Sham,Outcome-specific analyzed population,Outside defined quantitative estimands; retained in full descriptive extraction. Source QC: All rescue users received one 5-mg IM dezocine dose; no repeat rescue doses were required,
V33-OD-0170,NONE,HOLD,Pain,24 h,TEAS,Sham,Outcome-specific analyzed population,"No directly tabulated mean/SD or event/denominator for current quantitative body; preserve original statistic, no automatic median or graph conversion. Source QC: Exact means/SDs are figure-only; do not infer numeric values from bar heights",
V33-OD-0171,NONE,HOLD,Opioid consumption,0-24 h,TEAS,Sham,Outcome-specific analyzed population,"Source ambiguity or unavailable required statistic: Nonstandard or incomplete statistic; no inferred quantities. Source QC: PCIA composition is known but bolus volume, basal rate, delivered-volume and successful-delivery counts are not; two opioids are present in the pump",
V33-OD-0172,NONE,EXCLUDE,Cardiac rhythm,First 24 h,EA,Sham,Outcome-specific analyzed population,Outside defined quantitative estimands; retained in full descriptive extraction. Source QC: Three randomized participants discontinued after randomization; preserve analyzed denominators 38 and 39,
V33-OD-0173,NONE,HOLD,Sleep quality,First postoperative night,EA,Sham,Outcome-specific analyzed population,"No directly tabulated mean/SD or event/denominator for current quantitative body; preserve original statistic, no automatic median or graph conversion. Source QC: Objective sleep-recorder endpoint; control electrical-current status is not completely clear in the publication",
V33-OD-0174,NONE,HOLD,Pain,24 h,EA,Sham,Outcome-specific analyzed population,"No directly tabulated mean/SD or event/denominator for current quantitative body; preserve original statistic, no automatic median or graph conversion. Source QC: Figure shows approximately 2/10 in both groups, but exact means/SDs are not numerically reported",
V33-OD-0175,NONE,HOLD,Opioid consumption,0-24 h,EA,Sham,Outcome-specific analyzed population,"No directly tabulated mean/SD or event/denominator for current quantitative body; preserve original statistic, no automatic median or graph conversion. Source QC: No source-grounded exact 0-24-h postoperative opioid total is available in the reconciled extraction",
V33-OD-0176,NONE,HOLD,Pain,24 h,EA,Sham,Outcome-specific analyzed population,"No directly tabulated mean/SD or event/denominator for current quantitative body; preserve original statistic, no automatic median or graph conversion. Source QC: One randomized participant was not included in the final EA analysis; the 24-h pain difference is not significant",
V33-OD-0177,NONE,HOLD,Experimental pain,24 h,EA,Sham,Outcome-specific analyzed population,"Source ambiguity or unavailable required statistic: Nonstandard or incomplete statistic; no inferred quantities. Source QC: EA advantage was reported at 30 min and 6 h, not at 24 or 48 h; the earlier stored RoB fabricated a significant 24-h result",
V33-OD-0178,NONE,HOLD,Opioid consumption,0-24 h,EA,Sham,Outcome-specific analyzed population,"No directly tabulated mean/SD or event/denominator for current quantitative body; preserve original statistic, no automatic median or graph conversion. Source QC: The prior derivative's 24-h sufentanil result was fabricated; no source-grounded exact 24-h postoperative opioid total is available",
V33-OD-0179,NONE,EXCLUDE,Catheter-related bladder discomfort,End of surgery,TEAS,Sham,Outcome-specific analyzed population,Outside defined quantitative estimands; retained in full descriptive extraction. Source QC: 75 randomized but only 70 analyzed; preserve 35/35 outcome denominators. The stored 6-h CRBD endpoint does not exist in the source,
V33-OD-0180,NONE,EXCLUDE,Catheter-related bladder discomfort,PACU discharge,TEAS,Sham,Outcome-specific analyzed population,Outside defined quantitative estimands; retained in full descriptive extraction. Source QC: 75 randomized but only 70 analyzed; preserve 35/35 outcome denominators. The stored 6-h CRBD endpoint does not exist in the source,
V33-OD-0181,NONE,EXCLUDE,Catheter-related bladder discomfort,24 h,TEAS,Sham,Outcome-specific analyzed population,Outside defined quantitative estimands; retained in full descriptive extraction. Source QC: 75 randomized but only 70 analyzed; preserve 35/35 outcome denominators. The stored 6-h CRBD endpoint does not exist in the source,
V33-OD-0182,NONE,HOLD,Catheter-related bladder discomfort,48 h,TEAS,Sham,Outcome-specific analyzed population,"Source ambiguity or unavailable required statistic: Unresolved source conflict or undefined endpoint; printed values retained, excluded from quantitative models. Source QC: 75 randomized but only 70 analyzed; preserve 35/35 outcome denominators. The stored 6-h CRBD endpoint does not exist in the source | V34: SOURCE CONFLICT: abstract 48-h CRBD 4/35 versus 7/35; Table 2 4/35 versus 19/35. Retain table values; quantitative HOLD pending adjudication.",
V33-OD-0183,NONE,HOLD,Opioid consumption,0-24 h,TEAS,Sham,Outcome-specific analyzed population,"No directly tabulated mean/SD or event/denominator for current quantitative body; preserve original statistic, no automatic median or graph conversion. Source QC: The source trial focuses on CRBD; no source-grounded exact cumulative 24-h opioid endpoint is available",
V33-OD-0186,NONE,EXCLUDE,Opioid consumption,First 24 postoperative hours,TEAS,CONTROL_TYPE_REVIEW_REQUIRED,Outcome-specific analyzed population,Outside defined quantitative estimands; retained in full descriptive extraction. Source QC: This is not the sham-controlled contrast; keep separate from active-vs-sham synthesis,
V33-OD-0188,NONE,HOLD,Opioid demand,48 h,EA,Sham,Outcome-specific analyzed population,General anaesthesia unverified from available main report. Source QC: 174 randomized but outcome tables use only 158 completers; dropout reasons include 'unsatisfactory effects' despite ITT terminology,
V33-OD-0189,NONE,HOLD,Opioid demand,48 h,EA,Sham,Outcome-specific analyzed population,General anaesthesia unverified from available main report. Source QC: 174 randomized but outcome tables use only 158 completers; dropout reasons include 'unsatisfactory effects' despite ITT terminology,
V33-OD-0190,NONE,HOLD,Opioid consumption,24 h,EA,Sham,Outcome-specific analyzed population,General anaesthesia unverified from available main report. Source QC: Main article does not report fentanyl concentration. Do not convert mL to µg/mg/MME. 2-Hz vs 20/100-Hz inferential statistics conflict between table and prose,
V33-OD-0191,NONE,HOLD,Opioid consumption,24 h,EA,Sham,Outcome-specific analyzed population,General anaesthesia unverified from available main report. Source QC: Main article does not report fentanyl concentration. Do not convert mL to µg/mg/MME. 2-Hz vs 20/100-Hz inferential statistics conflict between table and prose,
V33-OD-0192,NONE,HOLD,Opioid consumption,0-24 h,EA,Sham,Outcome-specific analyzed population,General anaesthesia unverified from available main report. Source QC: Only mL of solution are reported in the main article,
V33-OD-0193,NONE,HOLD,GI recovery,Postoperative,TEAS,Sham,Outcome-specific analyzed population,"No directly tabulated mean/SD or event/denominator for current quantitative body; preserve original statistic, no automatic median or graph conversion. Source QC: 614 randomized but only 587 in PP. Sex/ASA baseline counts contain internal denominator errors",
V33-OD-0194,NONE,HOLD,GI recovery,Modified-ITT-type analysis among intervention recipients,TEAS,Sham,Outcome-specific analyzed population,"No directly tabulated mean/SD or event/denominator for current quantitative body; preserve original statistic, no automatic median or graph conversion. Source QC: Authors call this ITT, but it includes 593 who received allocated intervention, not all 614 randomized; 6 post-treatment missing values were conservatively imputed",
V33-OD-0196,NONE,HOLD,Intraoperative opioid,Intraoperative,TEAS,Sham,Outcome-specific analyzed population,"No directly tabulated mean/SD or event/denominator for current quantitative body; preserve original statistic, no automatic median or graph conversion. Source QC: Direct source result; not a postoperative endpoint",
V33-OD-0197,NONE,HOLD,Opioid consumption,0-24 h,TEAS,Sham,Outcome-specific analyzed population,"No directly tabulated mean/SD or event/denominator for current quantitative body; preserve original statistic, no automatic median or graph conversion. Source QC: PCIA use is reported but exact group-specific postoperative dose is not",
V33-OD-0200,NONE,HOLD,Opioid consumption,0-24 h,EA,Usual care,Outcome-specific analyzed population,"No directly tabulated mean/SD or event/denominator for current quantitative body; preserve original statistic, no automatic median or graph conversion. Source QC: PCA drug/composition and consumption are not reported; rescue analgesia was ketorolac, a non-opioid NSAID",
V33-OD-0203,NONE,HOLD,Opioid demand,"POD2; 24 h after first EA session, not necessarily 24 h after surgery",EA,Sham,Outcome-specific analyzed population,"No directly tabulated mean/SD or event/denominator for current quantitative body; preserve original statistic, no automatic median or graph conversion. Source QC: PCA drug, dose per release and outcome unit are not reported; timing is 24 h after first EA rather than explicitly 24 h after surgery",
V33-OD-0204,NONE,HOLD,Opioid consumption,0-24 h,EA,Sham,Outcome-specific analyzed population,"Source ambiguity or unavailable required statistic: Nonstandard or incomplete statistic; no inferred quantities. Source QC: PCA drug identity/composition, bolus dose and exact 24-h-after-surgery exposure are unavailable",
V33-OD-0205,NONE,EXCLUDE,PONV,Postoperative / reported review window,TEAS,Sham,Outcome-specific analyzed population,Outside defined quantitative estimands; retained in full descriptive extraction. Source QC: Two withdrawals (one/group) for personal reasons; no blinding-success test despite active 6-15 mA vibration vs no current,
V33-OD-0206,NONE,HOLD,Pain,"D2 = one day after surgery, not exact clock-time 24 h",TEAS,Sham,Outcome-specific analyzed population,"No directly tabulated mean/SD or event/denominator for current quantitative body; preserve original statistic, no automatic median or graph conversion. Source QC: D2 is author-defined as one day after surgery; do not silently label it exact 24 h",
V33-OD-0207,NONE,EXCLUDE,Rescue analgesia,Postoperative,TEAS,Sham,Outcome-specific analyzed population,"Outside defined quantitative estimands; retained in full descriptive extraction. Source QC: Flurbiprofen is an NSAID, not an opioid",
V33-OD-0208,NONE,HOLD,Opioid consumption,0-24 h,TEAS,Sham,Outcome-specific analyzed population,"No directly tabulated mean/SD or event/denominator for current quantitative body; preserve original statistic, no automatic median or graph conversion. Source QC: PCIA concentration and basal/bolus settings are known, but actual bolus use/total delivered sufentanil are not reported; fixed basal exposure is not total consumption",
V33-OD-0209,NONE,EXCLUDE,Intraoperative opioid,Intraoperative,TEAS,Sham,Outcome-specific analyzed population,Outside defined quantitative estimands; retained in full descriptive extraction. Source QC: Four-arm frequency trial; preserve each active frequency separately,
V33-OD-0210,NONE,EXCLUDE,Intraoperative opioid,Intraoperative,TEAS,Sham,Outcome-specific analyzed population,Outside defined quantitative estimands; retained in full descriptive extraction. Source QC: Four-arm frequency trial; preserve each active frequency separately,
V33-OD-0211,NONE,EXCLUDE,Intraoperative opioid,Intraoperative,TEAS,Sham,Outcome-specific analyzed population,Outside defined quantitative estimands; retained in full descriptive extraction. Source QC: Four-arm frequency trial; preserve each active frequency separately,
V33-OD-0212,NONE,HOLD,Opioid consumption,Observation window unclear,TEAS,Sham,Outcome-specific analyzed population,"Source ambiguity or unavailable required statistic: Unresolved source statistic, denominator or timepoint. Source QC: Methods mention 6/12/24/48-h assessments but Table 5 gives only one aggregate dose per group",
V33-OD-0213,NONE,HOLD,Opioid consumption,0-24 h,TEAS,Sham,Outcome-specific analyzed population,"No directly tabulated mean/SD or event/denominator for current quantitative body; preserve original statistic, no automatic median or graph conversion. Source QC: Exact 24-h group values and PCA demand/delivery counts are not published",
V33-OD-0216,NONE,EXCLUDE,Opioid demand,24 h,TEAS,Sham,Outcome-specific analyzed population,Outside defined quantitative estimands; retained in full descriptive extraction. Source QC: Fewer attempts despite no difference in total MME,
V33-OD-0217,NONE,EXCLUDE,Pain,24 h,EA,Sham,Outcome-specific analyzed population,"Outside defined quantitative estimands; retained in full descriptive extraction. Source QC: All 130 analyzed; participant masking intended with shallow sham puncture, but sensory differences were possible",
V33-OD-0220,NONE,HOLD,Opioid consumption,0-24 h,EA,Sham,Outcome-specific analyzed population,"No directly tabulated mean/SD or event/denominator for current quantitative body; preserve original statistic, no automatic median or graph conversion. Source QC: Rescue morphine 1-3 mg IV was allowed, but authors explicitly state rescue opioid consumption was not recorded or compared",
V33-OD-0225,NONE,EXCLUDE,PCIA solution volume,4 h,TEAS,Sham,Outcome-specific analyzed population,"Outside defined quantitative estimands; retained in full descriptive extraction. Source QC: Pump also contains dexmedetomidine, flurbiprofen and palonosetron; exact 24-h value is graph-only | V34: Solution contains sufentanil, dexmedetomidine, flurbiprofen and palonosetron. No v34 conversion to opioid mass.",
V33-OD-0226,NONE,EXCLUDE,PCIA solution volume,8 h,TEAS,Sham,Outcome-specific analyzed population,"Outside defined quantitative estimands; retained in full descriptive extraction. Source QC: Pump also contains dexmedetomidine, flurbiprofen and palonosetron; exact 24-h value is graph-only | V34: Solution contains sufentanil, dexmedetomidine, flurbiprofen and palonosetron. No v34 conversion to opioid mass.",
V33-OD-0227,NONE,EXCLUDE,PCIA solution volume,36 h,TEAS,Sham,Outcome-specific analyzed population,"Outside defined quantitative estimands; retained in full descriptive extraction. Source QC: Pump also contains dexmedetomidine, flurbiprofen and palonosetron; exact 24-h value is graph-only | V34: Solution contains sufentanil, dexmedetomidine, flurbiprofen and palonosetron. No v34 conversion to opioid mass.",
V33-OD-0228,NONE,HOLD,PCIA solution volume,0-24 h,TEAS,Sham,Outcome-specific analyzed population,"No directly tabulated mean/SD or event/denominator for current quantitative body; preserve original statistic, no automatic median or graph conversion. Source QC: 24-h PCIA point is visible graphically but not numerically reported | V34: Solution contains sufentanil, dexmedetomidine, flurbiprofen and palonosetron. No v34 conversion to opioid mass.",
V33-OD-0229,NONE,EXCLUDE,Neurocognitive,POD1,TEAS,Sham,Outcome-specific analyzed population,"Outside defined quantitative estimands; retained in full descriptive extraction. Source QC: 18/128 randomized participants excluded from analysis, including conversions, repeat surgery, refusal and deaths",
V33-OD-0230,NONE,EXCLUDE,Neurocognitive,POD7,TEAS,Sham,Outcome-specific analyzed population,"Outside defined quantitative estimands; retained in full descriptive extraction. Source QC: 18/128 randomized participants excluded from analysis, including conversions, repeat surgery, refusal and deaths",
V33-OD-0231,NONE,EXCLUDE,Neurocognitive,POD30,TEAS,Sham,Outcome-specific analyzed population,"Outside defined quantitative estimands; retained in full descriptive extraction. Source QC: 18/128 randomized participants excluded from analysis, including conversions, repeat surgery, refusal and deaths",
V33-OD-0233,NONE,HOLD,Pain,POD1,TEAS,Sham,Outcome-specific analyzed population,"No directly tabulated mean/SD or event/denominator for current quantitative body; preserve original statistic, no automatic median or graph conversion. Source QC: Exact means/SDs are figure-only",
V33-OD-0234,NONE,HOLD,Opioid consumption,0-24 h,TEAS,Sham,Outcome-specific analyzed population,"No directly tabulated mean/SD or event/denominator for current quantitative body; preserve original statistic, no automatic median or graph conversion. Source QC: PCIA prescription is reported but actual delivered 24-h/48-h sufentanil is not",
V33-OD-0235,NONE,HOLD,Opioid consumption,PACU,EA,Sham,Outcome-specific analyzed population,"No directly tabulated mean/SD or event/denominator for current quantitative body; preserve original statistic, no automatic median or graph conversion. Source QC: Post hoc women-only subgroup excludes two men from EA arm; exact means/SEM are not tabulated",
V33-OD-0236,NONE,HOLD,Opioid consumption,0-24 h,EA,Sham,Outcome-specific analyzed population,"No directly tabulated mean/SD or event/denominator for current quantitative body; preserve original statistic, no automatic median or graph conversion. Source QC: Day-1 analgesic use is graphical and exact 24-h mean/dispersion is not tabulated",
V33-OD-0237,NONE,HOLD,Pain,PACU and POD1-3,EA,Sham,Outcome-specific analyzed population,"No directly tabulated mean/SD or event/denominator for current quantitative body; preserve original statistic, no automatic median or graph conversion. Source QC: Exact numeric pain means/SEM are not tabulated",
V33-OD-0238,NONE,EXCLUDE,GI recovery,Postoperative,TEAS,Sham,Outcome-specific analyzed population,Outside defined quantitative estimands; retained in full descriptive extraction. Source QC: Full ITT of all 610 randomized; participant sensory masking limited because active TEAS was perceptible,
V33-OD-0241,NONE,EXCLUDE,GI recovery,Postoperative,TEAS,Sham,Outcome-specific analyzed population,Outside defined quantitative estimands; retained in full descriptive extraction. Source QC: Full randomized sample retained; participant awareness may influence self-reported GI milestones,
V33-OD-0242,NONE,HOLD,Opioid consumption,0-24 h,TEAS,Sham,Outcome-specific analyzed population,"No directly tabulated mean/SD or event/denominator for current quantitative body; preserve original statistic, no automatic median or graph conversion. Source QC: Main article reports only whether postoperative analgesia was used, not drug-specific dose/route/PCA consumption",
V33-OD-0243,NONE,HOLD,Opioid consumption,First 24 postoperative hours,TEAS,Sham,Outcome-specific analyzed population,Probable overlapping family; conflicting epidural/IV route for opioids. No independent duplicated cohort admitted. Source QC: Probable overlapping publication/cohort with Yeh 2011. Five of 99 entrants did not complete and randomized arm assignment of losses is NR. Do not treat both papers as independent.,
V33-OD-0244,NONE,HOLD,Opioid consumption,First 24 postoperative hours,TEAS,CONTROL_TYPE_REVIEW_REQUIRED,Outcome-specific analyzed population,Probable overlapping family; conflicting epidural/IV route for opioids. No independent duplicated cohort admitted. Source QC: Same probable overlapping cohort issue; route must not be silently recoded as IV.,
V33-OD-0245,NONE,HOLD,Opioid consumption,First 24 postoperative hours,TEAS,Sham,Outcome-specific analyzed population,"Probable overlapping family; conflicting epidural/IV route for opioids. No independent duplicated cohort admitted. Source QC: Highly similar to Yeh 2010 in population, acupoints, comparator and 24-h opioid values; do not count independently until cohort/publication linkage is adjudicated.",
V33-OD-0246,NONE,HOLD,Opioid consumption,First 24 postoperative hours,TEAS,CONTROL_TYPE_REVIEW_REQUIRED,Outcome-specific analyzed population,Probable overlapping family; conflicting epidural/IV route for opioids. No independent duplicated cohort admitted. Source QC: Sequential allocation without sealed envelopes; probable overlapping publication family with Yeh 2010.,
V33-OD-0247,NONE,EXCLUDE,Opioid consumption,Day 0,EA,Sham,Outcome-specific analyzed population,Outside defined quantitative estimands; retained in full descriptive extraction. Source QC: Both groups also received scheduled oral dextropropoxyphene. Two randomized sham patients were excluded after serious postoperative complications.,
V33-OD-0248,NONE,EXCLUDE,Opioid consumption,Day 1,EA,Sham,Outcome-specific analyzed population,Outside defined quantitative estimands; retained in full descriptive extraction. Source QC: Both groups also received scheduled oral dextropropoxyphene. Two randomized sham patients were excluded after serious postoperative complications.,
V33-OD-0249,NONE,EXCLUDE,Opioid consumption,Day 2,EA,Sham,Outcome-specific analyzed population,Outside defined quantitative estimands; retained in full descriptive extraction. Source QC: Both groups also received scheduled oral dextropropoxyphene. Two randomized sham patients were excluded after serious postoperative complications.,
V33-OD-0251,NONE,HOLD,Opioid consumption,0-24 h,EA,Sham,Outcome-specific analyzed population,"No directly tabulated mean/SD or event/denominator for current quantitative body; preserve original statistic, no automatic median or graph conversion. Source QC: Day labels are not defined as exact consecutive 24-h windows and scheduled dextropropoxyphene contributes additional opioid exposure.",
V33-OD-0253,NONE,EXCLUDE,Opioid consumption,First 4 h,EA,Usual care,Outcome-specific analyzed population,Outside defined quantitative estimands; retained in full descriptive extraction. Source QC: Again preserve outcome-specific n=40 EA and n=53 control.,
V33-OD-0255,NONE,HOLD,Opioid consumption,0-24 h,EA,Usual care,Outcome-specific analyzed population,"No directly tabulated mean/SD or event/denominator for current quantitative body; preserve original statistic, no automatic median or graph conversion. Source QC: Published bolus activity is split 0-6 h and 6-48 h; exact 0-24-h fentanyl cannot be reconstructed.",
V33-OD-0256,NONE,HOLD,Quality of recovery,24 h,TEAS,Sham,Outcome-specific analyzed population,"No directly tabulated mean/SD or event/denominator for current quantitative body; preserve original statistic, no automatic median or graph conversion. Source QC: One TEAS participant excluded for protocol breach; active 6-9 mA stimulation vs no-current control may compromise patient blinding for a patient-reported primary outcome.",
V33-OD-0258,NONE,HOLD,Opioid consumption,0-24 h,TEAS,Sham,Outcome-specific analyzed population,"No directly tabulated mean/SD or event/denominator for current quantitative body; preserve original statistic, no automatic median or graph conversion. Source QC: Source reports rescue-administration count 1 (1-3) vs 3.5 (2-7); each rescue administration was fixed at morphine 2 mg. Linear conversion to mg is exact, but the source itself reports counts rather than dose.",
V33-OD-0259,NONE,HOLD,Opioid demand,0-24 h,TEAS,Sham,Outcome-specific analyzed population,"No directly tabulated mean/SD or event/denominator for current quantitative body; preserve original statistic, no automatic median or graph conversion. Source QC: One TEAS participant excluded for protocol breach. Do not convert using group-average body weight to absolute µg.",
V33-OD-0260,NONE,HOLD,Opioid consumption,0-24 h,TEAS,Sham,Outcome-specific analyzed population,"No directly tabulated mean/SD or event/denominator for current quantitative body; preserve original statistic, no automatic median or graph conversion. Source QC: Exact linear conversion from 0.05 µg/kg per bolus × reported bolus count. Do not convert to absolute µg or MME without individual body weights.",
V33-OD-0262,NONE,EXCLUDE,Opioid demand,48 h,TEAS,Sham,Outcome-specific analyzed population,Outside defined quantitative estimands; retained in full descriptive extraction. Source QC: Exact 24-h sufentanil total is not reported; the earlier 24-h VAS row is graph-digitized and remains derived.,
V33-OD-0263,NONE,HOLD,Opioid consumption,0-24 h,TEAS,CONTROL_TYPE_REVIEW_REQUIRED,Outcome-specific analyzed population,"No directly tabulated mean/SD or event/denominator for current quantitative body; preserve original statistic, no automatic median or graph conversion. Source QC: IV tramadol 100 mg was available as rescue, but group-specific cumulative dose/number of rescues for 0-24 h is not reported.",
V33-OD-0264,NONE,HOLD,Opioid consumption,0-24 h,TEAS,CONTROL_TYPE_REVIEW_REQUIRED,Outcome-specific analyzed population,"No directly tabulated mean/SD or event/denominator for current quantitative body; preserve original statistic, no automatic median or graph conversion. Source QC: Rescue analgesic demand was lower with true TAES vs no TAES, but exact 0-24-h tramadol dose/number of rescues is not reported.",
V33-OD-0265,NONE,HOLD,Pain,24 h postoperatively,TEAS,CONTROL_TYPE_REVIEW_REQUIRED,Outcome-specific analyzed population,"No directly tabulated mean/SD or event/denominator for current quantitative body; preserve original statistic, no automatic median or graph conversion. Source QC: Exact 24-h mean/SD are shown only in Figure 1A; do not infer numeric values from the plot without formal digitization.",
V33-OD-0266,NONE,HOLD,Pain,24 h postoperatively,TEAS,CONTROL_TYPE_REVIEW_REQUIRED,Outcome-specific analyzed population,"No directly tabulated mean/SD or event/denominator for current quantitative body; preserve original statistic, no automatic median or graph conversion. Source QC: Exact 24-h mean/SD are shown only in Figure 1A; do not infer numeric values from the plot without formal digitization.",
V33-OD-0267,NONE,HOLD,Pain,24 h postoperatively,TEAS,CONTROL_TYPE_REVIEW_REQUIRED,Outcome-specific analyzed population,"No directly tabulated mean/SD or event/denominator for current quantitative body; preserve original statistic, no automatic median or graph conversion. Source QC: Exact 24-h mean/SD are shown only in Figure 1B; do not infer numeric values from the plot without formal digitization.",
V33-OD-0268,NONE,HOLD,Pain,24 h postoperatively,TEAS,CONTROL_TYPE_REVIEW_REQUIRED,Outcome-specific analyzed population,"No directly tabulated mean/SD or event/denominator for current quantitative body; preserve original statistic, no automatic median or graph conversion. Source QC: Exact 24-h mean/SD are shown only in Figure 1B; do not infer numeric values from the plot without formal digitization.",
V33-OD-0269,NONE,EXCLUDE,PONV,Postoperative period; exact window not reported,TEAS,CONTROL_TYPE_REVIEW_REQUIRED,Outcome-specific analyzed population,Outside defined quantitative estimands; retained in full descriptive extraction. Source QC: Table II does not specify the postoperative complication ascertainment window; do not relabel as 0-24 h.,
V33-OD-0270,NONE,EXCLUDE,PONV,Postoperative period; exact window not reported,TEAS,CONTROL_TYPE_REVIEW_REQUIRED,Outcome-specific analyzed population,Outside defined quantitative estimands; retained in full descriptive extraction. Source QC: Table II does not specify the postoperative complication ascertainment window; do not relabel as 0-24 h.,
V33-OD-0271,NONE,EXCLUDE,Recovery,Postoperative hospitalization,TEAS,CONTROL_TYPE_REVIEW_REQUIRED,Outcome-specific analyzed population,Outside defined quantitative estimands; retained in full descriptive extraction. Source QC: Three-arm RCT with 3 post-randomization exclusions per arm; pairwise P not reported.,
V33-OD-0272,NONE,EXCLUDE,Recovery,Postoperative hospitalization,TEAS,CONTROL_TYPE_REVIEW_REQUIRED,Outcome-specific analyzed population,Outside defined quantitative estimands; retained in full descriptive extraction. Source QC: Three-arm RCT with 3 post-randomization exclusions per arm; pairwise P not reported.,
V33-OD-0273,NONE,HOLD,Rescue analgesia,Postoperative period; exact window not reported,TEAS,CONTROL_TYPE_REVIEW_REQUIRED,Outcome-specific analyzed population,"Source ambiguity or unavailable required statistic: Nonstandard or incomplete statistic; no inferred quantities. Source QC: Authors report significantly lower rescue analgesic demand with true TAES vs no TAES, but no exact participant counts, number of doses, or cumulative tramadol dose are tabulated.",
V33-OD-0274,NONE,HOLD,Opioid consumption,0-24 h,TEAS,Sham,Outcome-specific analyzed population,"No directly tabulated mean/SD or event/denominator for current quantitative body; preserve original statistic, no automatic median or graph conversion. Source QC: Analgesic pump was individualized; 72.2% TEAS vs 71.0% sham received sufentanil pump. Preserve the reported full-group median/IQR including zeros; do not relabel as mean/SD.",
V33-OD-0275,NONE,EXCLUDE,Pain,0-24 h / 24 h assessment,TEAS,Sham,Outcome-specific analyzed population,Outside defined quantitative estimands; retained in full descriptive extraction. Source QC: Patient-reported subjective outcome; the authors state patients could not be fully blinded because true stimulation was perceptible. Outcome-specific RoB should be assessed separately from the opioid result.,
V33-OD-0279,NONE,HOLD,Intraoperative opioid,Intraoperative,TEAS,Sham,Outcome-specific analyzed population,"No directly tabulated mean/SD or event/denominator for current quantitative body; preserve original statistic, no automatic median or graph conversion. Source QC: Preserve native median/IQR; do not relabel as mean/SD.",
V33-OD-0280,NONE,HOLD,Intraoperative opioid,Intraoperative,TEAS,Sham,Outcome-specific analyzed population,"No directly tabulated mean/SD or event/denominator for current quantitative body; preserve original statistic, no automatic median or graph conversion. Source QC: Preserve native median/IQR; do not relabel as mean/SD.",
V33-OD-0281,NONE,HOLD,Opioid consumption,0-24 h,TEAS,Sham,Outcome-specific analyzed population,"No directly tabulated mean/SD or event/denominator for current quantitative body; preserve original statistic, no automatic median or graph conversion. Source QC: PCIA contained sufentanil 100 µg in 50 mL at 1 mL/h with 0.5-mL patient boluses. Basal infusion alone is not total consumption; cumulative bolus count/dose and total 0-24-h sufentanil are not reported.",
V33-OD-0282,NONE,EXCLUDE,Intraoperative opioid,Intraoperative,TEAS,Sham,Outcome-specific analyzed population,Outside defined quantitative estimands; retained in full descriptive extraction. Source QC: Four post-randomization exclusions (2/group) met prespecified withdrawal criteria; total-dose outcome is objective but exclusions may affect the estimand.,
V33-OD-0283,NONE,EXCLUDE,Intraoperative anesthetic,Intraoperative,TEAS,Sham,Outcome-specific analyzed population,Outside defined quantitative estimands; retained in full descriptive extraction. Source QC: Objective total propofol dose; four post-randomization exclusions (2/group).,
V33-OD-0284,NONE,EXCLUDE,Recovery,Immediate postoperative recovery,TEAS,Sham,Outcome-specific analyzed population,Outside defined quantitative estimands; retained in full descriptive extraction. Source QC: Directly reported recovery-time endpoint; four post-randomization exclusions (2/group).,
V33-OD-0285,NONE,EXCLUDE,Recovery,Immediate postoperative recovery,TEAS,Sham,Outcome-specific analyzed population,Outside defined quantitative estimands; retained in full descriptive extraction. Source QC: Directly reported recovery-time endpoint; four post-randomization exclusions (2/group).,
V33-OD-0286,NONE,EXCLUDE,Recovery,Immediate postoperative recovery,TEAS,Sham,Outcome-specific analyzed population,Outside defined quantitative estimands; retained in full descriptive extraction. Source QC: Directly reported recovery-time endpoint; four post-randomization exclusions (2/group).,
V33-OD-0287,NONE,EXCLUDE,Recovery,Immediate postoperative recovery,TEAS,Sham,Outcome-specific analyzed population,Outside defined quantitative estimands; retained in full descriptive extraction. Source QC: Directly reported recovery-time endpoint; four post-randomization exclusions (2/group).,
V33-OD-0288,NONE,EXCLUDE,Recovery,Immediate postoperative recovery,TEAS,Sham,Outcome-specific analyzed population,Outside defined quantitative estimands; retained in full descriptive extraction. Source QC: Directly reported recovery-time endpoint; four post-randomization exclusions (2/group).,
V33-OD-0289,NONE,EXCLUDE,Recovery,Immediate postoperative recovery,TEAS,Sham,Outcome-specific analyzed population,Outside defined quantitative estimands; retained in full descriptive extraction. Source QC: Directly reported recovery-time endpoint; four post-randomization exclusions (2/group).,
V33-OD-0290,NONE,HOLD,Pain,Postoperative day 1,TEAS,Sham,Outcome-specific analyzed population,"No directly tabulated mean/SD or event/denominator for current quantitative body; preserve original statistic, no automatic median or graph conversion. Source QC: Exact Postoperative day 1 mean/SD are shown only in Figure 2; do not infer numeric values from the plot without formal digitization.",
V33-OD-0291,NONE,HOLD,Pain,Postoperative day 2,TEAS,Sham,Outcome-specific analyzed population,"No directly tabulated mean/SD or event/denominator for current quantitative body; preserve original statistic, no automatic median or graph conversion. Source QC: Exact Postoperative day 2 mean/SD are shown only in Figure 2; do not infer numeric values from the plot without formal digitization.",
V33-OD-0292,NONE,HOLD,Pain,Postoperative day 3,TEAS,Sham,Outcome-specific analyzed population,"No directly tabulated mean/SD or event/denominator for current quantitative body; preserve original statistic, no automatic median or graph conversion. Source QC: Exact Postoperative day 3 mean/SD are shown only in Figure 2; do not infer numeric values from the plot without formal digitization.",
V33-OD-0294,NONE,EXCLUDE,PONV,Postoperative day 2,TEAS,Sham,Outcome-specific analyzed population,Outside defined quantitative estimands; retained in full descriptive extraction. Source QC: The article states nausea/vomiting incidences did not differ significantly between groups; table provides day-labelled event counts without clock-defined ascertainment windows. Use raw events/total.,
V33-OD-0295,NONE,EXCLUDE,PONV,Postoperative day 3,TEAS,Sham,Outcome-specific analyzed population,Outside defined quantitative estimands; retained in full descriptive extraction. Source QC: The article states nausea/vomiting incidences did not differ significantly between groups; table provides day-labelled event counts without clock-defined ascertainment windows. Use raw events/total.,
V33-OD-0297,NONE,EXCLUDE,PONV,Postoperative day 2,TEAS,Sham,Outcome-specific analyzed population,Outside defined quantitative estimands; retained in full descriptive extraction. Source QC: The article states nausea/vomiting incidences did not differ significantly between groups; table provides day-labelled event counts without clock-defined ascertainment windows. Use raw events/total.,
V33-OD-0298,NONE,EXCLUDE,PONV,Postoperative day 3,TEAS,Sham,Outcome-specific analyzed population,Outside defined quantitative estimands; retained in full descriptive extraction. Source QC: The article states nausea/vomiting incidences did not differ significantly between groups; table provides day-labelled event counts without clock-defined ascertainment windows. Use raw events/total.,
V33-OD-0301,NONE,EXCLUDE,Opioid consumption,24-48 h,TEAS,Usual care,Outcome-specific analyzed population,Outside defined quantitative estimands; retained in full descriptive extraction. Source QC: Separate rescue pethidine was also used; not a 0-24 h endpoint.,
V33-OD-0302,NONE,EXCLUDE,Opioid consumption,24-48 h,TEAS,CONTROL_TYPE_REVIEW_REQUIRED,Outcome-specific analyzed population,Outside defined quantitative estimands; retained in full descriptive extraction. Source QC: Separate rescue pethidine was also used; not a 0-24 h endpoint.,
V33-OD-0305,NONE,EXCLUDE,Rescue opioid use,24-48 h,TEAS,Usual care,Outcome-specific analyzed population,Outside defined quantitative estimands; retained in full descriptive extraction. Source QC: Rescue opioid reported separately from PCA tramadol; do not sum aggregate SDs without covariance/raw data.,
V33-OD-0306,NONE,EXCLUDE,Rescue opioid use,24-48 h,TEAS,CONTROL_TYPE_REVIEW_REQUIRED,Outcome-specific analyzed population,Outside defined quantitative estimands; retained in full descriptive extraction. Source QC: Rescue opioid reported separately from PCA tramadol; active comparator must remain separate.,
V33-OD-0307,NONE,EXCLUDE,Rescue analgesia,0-24 h,TEAS,Usual care,Outcome-specific analyzed population,Outside defined quantitative estimands; retained in full descriptive extraction. Source QC: Non-opioid rescue analgesic; never relabel as opioid consumption.,
V33-OD-0308,NONE,EXCLUDE,Rescue analgesia,0-24 h,TEAS,CONTROL_TYPE_REVIEW_REQUIRED,Outcome-specific analyzed population,Outside defined quantitative estimands; retained in full descriptive extraction. Source QC: Non-opioid rescue analgesic; active comparator must remain separate.,
V33-OD-0309,NONE,EXCLUDE,Rescue analgesia,24-48 h,TEAS,Usual care,Outcome-specific analyzed population,Outside defined quantitative estimands; retained in full descriptive extraction. Source QC: Non-opioid rescue analgesic; never relabel as opioid consumption.,
V33-OD-0310,NONE,EXCLUDE,Rescue analgesia,24-48 h,TEAS,CONTROL_TYPE_REVIEW_REQUIRED,Outcome-specific analyzed population,Outside defined quantitative estimands; retained in full descriptive extraction. Source QC: Non-opioid rescue analgesic; active comparator must remain separate.,
V33-OD-0311,NONE,EXCLUDE,Pain,2 h after surgery / after intervention,TEAS,Usual care,Outcome-specific analyzed population,Outside defined quantitative estimands; retained in full descriptive extraction. Source QC: Open-label subjective outcome; source methods describe VAS 1–10 although tabulated minima include 0.,
V33-OD-0312,NONE,EXCLUDE,Pain,2 h after surgery / after intervention,TEAS,CONTROL_TYPE_REVIEW_REQUIRED,Outcome-specific analyzed population,Outside defined quantitative estimands; retained in full descriptive extraction. Source QC: Open-label subjective outcome; source methods describe VAS 1–10 although tabulated minima include 0.,
V33-OD-0313,NONE,EXCLUDE,Pain,18 h after surgery / after intervention,TEAS,Usual care,Outcome-specific analyzed population,Outside defined quantitative estimands; retained in full descriptive extraction. Source QC: Open-label subjective outcome; source methods describe VAS 1–10 although tabulated minima include 0.,
V33-OD-0314,NONE,EXCLUDE,Pain,18 h after surgery / after intervention,TEAS,CONTROL_TYPE_REVIEW_REQUIRED,Outcome-specific analyzed population,Outside defined quantitative estimands; retained in full descriptive extraction. Source QC: Open-label subjective outcome; source methods describe VAS 1–10 although tabulated minima include 0.,
V33-OD-0315,NONE,EXCLUDE,Pain,22 h after surgery / after intervention,TEAS,Usual care,Outcome-specific analyzed population,Outside defined quantitative estimands; retained in full descriptive extraction. Source QC: Open-label subjective outcome; source methods describe VAS 1–10 although tabulated minima include 0.,
V33-OD-0316,NONE,EXCLUDE,Pain,22 h after surgery / after intervention,TEAS,CONTROL_TYPE_REVIEW_REQUIRED,Outcome-specific analyzed population,Outside defined quantitative estimands; retained in full descriptive extraction. Source QC: Open-label subjective outcome; source methods describe VAS 1–10 although tabulated minima include 0.,
V33-OD-0317,NONE,EXCLUDE,Pain,42 h after surgery / after intervention,TEAS,Usual care,Outcome-specific analyzed population,Outside defined quantitative estimands; retained in full descriptive extraction. Source QC: Open-label subjective outcome; source methods describe VAS 1–10 although tabulated minima include 0.,
V33-OD-0318,NONE,EXCLUDE,Pain,42 h after surgery / after intervention,TEAS,CONTROL_TYPE_REVIEW_REQUIRED,Outcome-specific analyzed population,Outside defined quantitative estimands; retained in full descriptive extraction. Source QC: Open-label subjective outcome; source methods describe VAS 1–10 although tabulated minima include 0.,
V33-OD-0319,NONE,EXCLUDE,Pain,46 h after surgery / after intervention,TEAS,Usual care,Outcome-specific analyzed population,Outside defined quantitative estimands; retained in full descriptive extraction. Source QC: Open-label subjective outcome; source methods describe VAS 1–10 although tabulated minima include 0.,
V33-OD-0320,NONE,EXCLUDE,Pain,46 h after surgery / after intervention,TEAS,CONTROL_TYPE_REVIEW_REQUIRED,Outcome-specific analyzed population,Outside defined quantitative estimands; retained in full descriptive extraction. Source QC: Open-label subjective outcome; source methods describe VAS 1–10 although tabulated minima include 0.,
V33-OD-0321,NONE,HOLD,PONV,0-24 h,TEAS,Usual care,Outcome-specific analyzed population,Source ambiguity or unavailable required statistic: Nonstandard or incomplete statistic; no inferred quantities. Source QC: Article states no significant group difference but does not provide group-specific nausea values in the main text/tables.,
V33-OD-0322,NONE,HOLD,PONV,0-24 h,TEAS,Usual care,Outcome-specific analyzed population,Source ambiguity or unavailable required statistic: Nonstandard or incomplete statistic; no inferred quantities. Source QC: Article states no significant group difference but does not provide group-specific vomiting counts in the main text/tables.,
V33-OD-0323,NONE,HOLD,Opioid consumption,0-24 h,TEAS,Usual care,Outcome-specific analyzed population,Source ambiguity or unavailable required statistic: Nonstandard or incomplete statistic; no inferred quantities. Source QC: Tramadol and pethidine are reported separately as aggregate mean/SD. The SD of their within-person sum cannot be recovered from aggregate data without covariance.,
V33-OD-0324,NONE,EXCLUDE,Intraoperative opioid,Intraoperative,TEAS,CONTROL_TYPE_REVIEW_REQUIRED,Outcome-specific analyzed population,Outside defined quantitative estimands; retained in full descriptive extraction. Source QC: Authors report 85 in ITT and 78 PP; Table 3/Table 2 retain original 42/43 group denominators. Active nonacupoint stimulation was used to preserve masking.,
V33-OD-0325,NONE,EXCLUDE,Pain,2 h after surgery,TEAS,CONTROL_TYPE_REVIEW_REQUIRED,Outcome-specific analyzed population,Outside defined quantitative estimands; retained in full descriptive extraction. Source QC: Authors report 85 in ITT and 78 PP; Table 3/Table 2 retain original 42/43 group denominators. Active nonacupoint stimulation was used to preserve masking.,
V33-OD-0326,NONE,EXCLUDE,Pain,4 h after surgery,TEAS,CONTROL_TYPE_REVIEW_REQUIRED,Outcome-specific analyzed population,Outside defined quantitative estimands; retained in full descriptive extraction. Source QC: Authors report 85 in ITT and 78 PP; Table 3/Table 2 retain original 42/43 group denominators. Active nonacupoint stimulation was used to preserve masking.,
V33-OD-0327,NONE,EXCLUDE,Pain,6 h after surgery,TEAS,CONTROL_TYPE_REVIEW_REQUIRED,Outcome-specific analyzed population,Outside defined quantitative estimands; retained in full descriptive extraction. Source QC: Authors report 85 in ITT and 78 PP; Table 3/Table 2 retain original 42/43 group denominators. Active nonacupoint stimulation was used to preserve masking.,
V33-OD-0329,NONE,EXCLUDE,PCA demand/proxy,0-24 h,TEAS,CONTROL_TYPE_REVIEW_REQUIRED,Outcome-specific analyzed population,"Outside defined quantitative estimands; retained in full descriptive extraction. Source QC: Authors report 85 in ITT and 78 PP; Table 3/Table 2 retain original 42/43 group denominators. Active nonacupoint stimulation was used to preserve masking. Direct endpoint is press count, not drug mass.",
V33-OD-0330,NONE,HOLD,Opioid consumption,0-24 h,TEAS,CONTROL_TYPE_REVIEW_REQUIRED,Outcome-specific analyzed population,Source ambiguity or unavailable required statistic: Nonstandard or incomplete statistic; no inferred quantities. Source QC: Derived only if each reported pump press corresponds to the programmed 2-mL infusion; 15-min lockout creates device-semantics ambiguity. Butorphanol-to-review-standard MME conversion must be explicitly prespecified.,
V33-OD-0332,NONE,EXCLUDE,Other adverse events,0-24 h,TEAS,CONTROL_TYPE_REVIEW_REQUIRED,Outcome-specific analyzed population,Outside defined quantitative estimands; retained in full descriptive extraction. Source QC: Authors report 85 in ITT and 78 PP; Table 3/Table 2 retain original 42/43 group denominators. Active nonacupoint stimulation was used to preserve masking.,
V33-OD-0333,NONE,EXCLUDE,Other adverse events,0-24 h,TEAS,CONTROL_TYPE_REVIEW_REQUIRED,Outcome-specific analyzed population,Outside defined quantitative estimands; retained in full descriptive extraction. Source QC: Authors report 85 in ITT and 78 PP; Table 3/Table 2 retain original 42/43 group denominators. Active nonacupoint stimulation was used to preserve masking.,
V33-OD-0334,NONE,EXCLUDE,Other adverse events,0-24 h,TEAS,CONTROL_TYPE_REVIEW_REQUIRED,Outcome-specific analyzed population,Outside defined quantitative estimands; retained in full descriptive extraction. Source QC: Authors report 85 in ITT and 78 PP; Table 3/Table 2 retain original 42/43 group denominators. Active nonacupoint stimulation was used to preserve masking.,
V33-OD-0335,NONE,EXCLUDE,Sleep quality,First night before surgery after preoperative stimulation,TEAS,CONTROL_TYPE_REVIEW_REQUIRED,Outcome-specific analyzed population,Outside defined quantitative estimands; retained in full descriptive extraction. Source QC: Authors report 85 in ITT and 78 PP; Table 3/Table 2 retain original 42/43 group denominators. Active nonacupoint stimulation was used to preserve masking.,
V33-OD-0336,NONE,EXCLUDE,Sleep quality,First night before surgery after preoperative stimulation,TEAS,CONTROL_TYPE_REVIEW_REQUIRED,Outcome-specific analyzed population,Outside defined quantitative estimands; retained in full descriptive extraction. Source QC: Authors report 85 in ITT and 78 PP; Table 3/Table 2 retain original 42/43 group denominators. Active nonacupoint stimulation was used to preserve masking.,
V33-OD-0337,NONE,EXCLUDE,Sleep quality,First night before surgery after preoperative stimulation,TEAS,CONTROL_TYPE_REVIEW_REQUIRED,Outcome-specific analyzed population,Outside defined quantitative estimands; retained in full descriptive extraction. Source QC: Authors report 85 in ITT and 78 PP; Table 3/Table 2 retain original 42/43 group denominators. Active nonacupoint stimulation was used to preserve masking.,
V33-OD-0338,NONE,EXCLUDE,Sleep quality,First night before surgery after preoperative stimulation,TEAS,CONTROL_TYPE_REVIEW_REQUIRED,Outcome-specific analyzed population,Outside defined quantitative estimands; retained in full descriptive extraction. Source QC: Authors report 85 in ITT and 78 PP; Table 3/Table 2 retain original 42/43 group denominators. Active nonacupoint stimulation was used to preserve masking.,
V33-OD-0339,NONE,EXCLUDE,Sleep quality,First night before surgery after preoperative stimulation,TEAS,CONTROL_TYPE_REVIEW_REQUIRED,Outcome-specific analyzed population,Outside defined quantitative estimands; retained in full descriptive extraction. Source QC: Authors report 85 in ITT and 78 PP; Table 3/Table 2 retain original 42/43 group denominators. Active nonacupoint stimulation was used to preserve masking.,
V33-OD-0340,NONE,EXCLUDE,Sleep quality,First postoperative night,TEAS,CONTROL_TYPE_REVIEW_REQUIRED,Outcome-specific analyzed population,Outside defined quantitative estimands; retained in full descriptive extraction. Source QC: Authors report 85 in ITT and 78 PP; Table 3/Table 2 retain original 42/43 group denominators. Active nonacupoint stimulation was used to preserve masking.,
V33-OD-0341,NONE,EXCLUDE,Sleep quality,First postoperative night,TEAS,CONTROL_TYPE_REVIEW_REQUIRED,Outcome-specific analyzed population,Outside defined quantitative estimands; retained in full descriptive extraction. Source QC: Authors report 85 in ITT and 78 PP; Table 3/Table 2 retain original 42/43 group denominators. Active nonacupoint stimulation was used to preserve masking.,
V33-OD-0342,NONE,EXCLUDE,Sleep quality,First postoperative night,TEAS,CONTROL_TYPE_REVIEW_REQUIRED,Outcome-specific analyzed population,Outside defined quantitative estimands; retained in full descriptive extraction. Source QC: Authors report 85 in ITT and 78 PP; Table 3/Table 2 retain original 42/43 group denominators. Active nonacupoint stimulation was used to preserve masking.,
V33-OD-0343,NONE,EXCLUDE,Sleep quality,First postoperative night,TEAS,CONTROL_TYPE_REVIEW_REQUIRED,Outcome-specific analyzed population,Outside defined quantitative estimands; retained in full descriptive extraction. Source QC: Authors report 85 in ITT and 78 PP; Table 3/Table 2 retain original 42/43 group denominators. Active nonacupoint stimulation was used to preserve masking.,
V33-OD-0344,NONE,EXCLUDE,Sleep quality,First postoperative night,TEAS,CONTROL_TYPE_REVIEW_REQUIRED,Outcome-specific analyzed population,Outside defined quantitative estimands; retained in full descriptive extraction. Source QC: Authors report 85 in ITT and 78 PP; Table 3/Table 2 retain original 42/43 group denominators. Active nonacupoint stimulation was used to preserve masking.,
V33-OD-0345,NONE,EXCLUDE,Sleep quality,Third postoperative night,TEAS,CONTROL_TYPE_REVIEW_REQUIRED,Outcome-specific analyzed population,Outside defined quantitative estimands; retained in full descriptive extraction. Source QC: Authors report 85 in ITT and 78 PP; Table 3/Table 2 retain original 42/43 group denominators. Active nonacupoint stimulation was used to preserve masking.,
V33-OD-0346,NONE,EXCLUDE,Sleep quality,Third postoperative night,TEAS,CONTROL_TYPE_REVIEW_REQUIRED,Outcome-specific analyzed population,Outside defined quantitative estimands; retained in full descriptive extraction. Source QC: Authors report 85 in ITT and 78 PP; Table 3/Table 2 retain original 42/43 group denominators. Active nonacupoint stimulation was used to preserve masking.,
V33-OD-0347,NONE,EXCLUDE,Sleep quality,Third postoperative night,TEAS,CONTROL_TYPE_REVIEW_REQUIRED,Outcome-specific analyzed population,Outside defined quantitative estimands; retained in full descriptive extraction. Source QC: Authors report 85 in ITT and 78 PP; Table 3/Table 2 retain original 42/43 group denominators. Active nonacupoint stimulation was used to preserve masking.,
V33-OD-0348,NONE,EXCLUDE,Sleep quality,Third postoperative night,TEAS,CONTROL_TYPE_REVIEW_REQUIRED,Outcome-specific analyzed population,Outside defined quantitative estimands; retained in full descriptive extraction. Source QC: Authors report 85 in ITT and 78 PP; Table 3/Table 2 retain original 42/43 group denominators. Active nonacupoint stimulation was used to preserve masking.,
V33-OD-0349,NONE,EXCLUDE,Sleep quality,Third postoperative night,TEAS,CONTROL_TYPE_REVIEW_REQUIRED,Outcome-specific analyzed population,Outside defined quantitative estimands; retained in full descriptive extraction. Source QC: Authors report 85 in ITT and 78 PP; Table 3/Table 2 retain original 42/43 group denominators. Active nonacupoint stimulation was used to preserve masking.,
V33-OD-0352,NONE,EXCLUDE,PONV,Postoperative observation period; PCA/TEAS discontinued at 24 h,TEAS,Sham,Outcome-specific analyzed population,Outside defined quantitative estimands; retained in full descriptive extraction. Source QC: Zero events in TEAS; use events/denominators directly rather than the non-significant overall P value.,
V33-OD-0353,NONE,EXCLUDE,PONV,Postoperative observation period; PCA/TEAS discontinued at 24 h,TEAS,CONTROL_TYPE_REVIEW_REQUIRED,Outcome-specific analyzed population,Outside defined quantitative estimands; retained in full descriptive extraction. Source QC: Zero events in TEAS; correlated alternative comparator; do not count independently in a simple pairwise synthesis.,
V33-OD-0354,NONE,EXCLUDE,Pain,At discharge; exact postoperative clock time not reported,TEAS,Sham,Outcome-specific analyzed population,Outside defined quantitative estimands; retained in full descriptive extraction. Source QC: Figure 3b identifies the VAS result as assessed at discharge; the exact postoperative time of discharge is not stated.,
V33-OD-0355,NONE,EXCLUDE,Pain,At discharge; exact postoperative clock time not reported,TEAS,CONTROL_TYPE_REVIEW_REQUIRED,Outcome-specific analyzed population,Outside defined quantitative estimands; retained in full descriptive extraction. Source QC: Figure 3b identifies the VAS result as assessed at discharge; exact timing is unreported and this is a correlated alternative comparator.,
V33-OD-0356,NONE,HOLD,Postoperative opioid consumption,0–24 h,TEAS,CONTROL_TYPE_REVIEW_REQUIRED,Outcome-specific analyzed population,"No directly tabulated mean/SD or event/denominator for current quantitative body; preserve original statistic, no automatic median or graph conversion. Source QC: The article does not report postoperative opioid consumption/dose or a quantitative rescue-opioid endpoint.",
V33-OD-0357,NONE,HOLD,GI recovery,Postoperative,TEAS,CONTROL_TYPE_REVIEW_REQUIRED,Outcome-specific analyzed population,"No directly tabulated mean/SD or event/denominator for current quantitative body; preserve original statistic, no automatic median or graph conversion. Source QC: Exact group mean±SE values are shown only in Figure 2a; do not visually infer. Source text reports a 31.7% reduction.",
V33-OD-0358,NONE,HOLD,GI recovery,Postoperative,TEAS,CONTROL_TYPE_REVIEW_REQUIRED,Outcome-specific analyzed population,"No directly tabulated mean/SD or event/denominator for current quantitative body; preserve original statistic, no automatic median or graph conversion. Source QC: Exact group mean±SE values are shown only in Figure 2a; do not visually infer. Source text reports a 35.9% reduction.",
V33-OD-0359,NONE,HOLD,GI recovery,Postoperative,TEAS,CONTROL_TYPE_REVIEW_REQUIRED,Outcome-specific analyzed population,"No directly tabulated mean/SD or event/denominator for current quantitative body; preserve original statistic, no automatic median or graph conversion. Source QC: Exact group mean±SE values are shown only in Figure 2b; do not visually infer. Source text reports a 26.5% reduction.",
V33-OD-0360,NONE,HOLD,GI recovery,Postoperative,TEAS,CONTROL_TYPE_REVIEW_REQUIRED,Outcome-specific analyzed population,"Source ambiguity or unavailable required statistic: Preserved v33 source-QC gate: Raw text gives 0/21 vs 5/21, but Table 2 endpoint/non-endpoint totals equal 44 rather than 42; adjudication required. Source QC: Text reports 0/21 TEA vs 5/21 sham, but Table 2 lists 33 non-endpoint + 11 endpoint patients (44 total) despite 42 randomized. Preserve raw text counts but hold quantitative use.",
V33-OD-0361,NONE,HOLD,Functional recovery,Postoperative,TEAS,CONTROL_TYPE_REVIEW_REQUIRED,Outcome-specific analyzed population,"No directly tabulated mean/SD or event/denominator for current quantitative body; preserve original statistic, no automatic median or graph conversion. Source QC: Exact group mean±SE values are shown only in Figure 2b; source text reports a 42.8% reduction.",
V33-OD-0362,NONE,HOLD,Functional recovery,Postoperative,TEAS,CONTROL_TYPE_REVIEW_REQUIRED,Outcome-specific analyzed population,"No directly tabulated mean/SD or event/denominator for current quantitative body; preserve original statistic, no automatic median or graph conversion. Source QC: Exact group mean±SE values are shown only in Figure 2b; source text reports a 30.2% reduction. Adjusted regression coefficient for TEA was −6.3 days (95% CI −12.0 to −0.6).",
V33-OD-0363,NONE,HOLD,Pain,Postoperative day 1,TEAS,CONTROL_TYPE_REVIEW_REQUIRED,Outcome-specific analyzed population,"No directly tabulated mean/SD or event/denominator for current quantitative body; preserve original statistic, no automatic median or graph conversion. Source QC: Figure 2c shows POD1 means±SE but exact values are not tabulated. The Results text highlights significant reductions only on POD2 and POD3.",
V33-OD-0364,NONE,HOLD,Pain,Postoperative day 2,TEAS,CONTROL_TYPE_REVIEW_REQUIRED,Outcome-specific analyzed population,"No directly tabulated mean/SD or event/denominator for current quantitative body; preserve original statistic, no automatic median or graph conversion. Source QC: Exact group mean±SE values are shown only in Figure 2c; source text reports a 50.8% reduction.",
V33-OD-0365,NONE,HOLD,Pain,Postoperative day 3,TEAS,CONTROL_TYPE_REVIEW_REQUIRED,Outcome-specific analyzed population,"No directly tabulated mean/SD or event/denominator for current quantitative body; preserve original statistic, no automatic median or graph conversion. Source QC: Exact group mean±SE values are shown only in Figure 2c; source text reports a 64.9% reduction.",
V33-OD-0366,NONE,EXCLUDE,Rescue opioid use,0-24 h postoperative,TEAS,Sham,Outcome-specific analyzed population,"Outside defined quantitative estimands; retained in full descriptive extraction. Source QC: Binary incidence of rescue analgesia, NOT cumulative opioid dose. Rescue dose/number of administrations not reported, so no MME is derivable.",
V33-OD-0368,NONE,HOLD,Pain,POD2 (~48 h),TEAS,Sham,Outcome-specific analyzed population,"Source ambiguity or unavailable required statistic: Unresolved source conflict or undefined endpoint; printed values retained, excluded from quantitative models. Source QC: TWO SOURCE CONFLICTS. (1) SD: Table 2 gives TEAS 1.83 (0.98); the abstract gives 1.83 +/- 0.88. (2) P value: the Results text states 'P = 0.042 and P = 0.26 for T1 and T2 respectively', i.e. POD2 non-significant, while Table 2 stars this result as P < 0.05 and the abstract claims P < 0.05 for both timepoints. Unresolved; do not pool. Author contact required. | V34: Yu Table 2 TEAS SDs POD1/POD2 = 1.53/0.98; abstract = 1.41/0.88. POD2 prose P=0.26, table *P<0.05, abstract significant. Table values retained; pain quantitative HOLD.",
V33-OD-0369,NONE,HOLD,Rescue opioid use,0-24 h postoperative,TEAS,Sham,Outcome-specific analyzed population,"No directly tabulated mean/SD or event/denominator for current quantitative body; preserve original statistic, no automatic median or graph conversion. Source QC: Rescue was IV sufentanil 0.05 ug/kg per administration. Do NOT multiply the median count by 0.05 ug/kg and a mean body weight to manufacture cumulative MME: the product of a median count and a mean weight is not the median or mean of the individual-level product, and no patient-level data are available.",
V33-OD-0370,NONE,HOLD,Rescue analgesia,0-24 h postoperative,TEAS,Sham,Outcome-specific analyzed population,"No directly tabulated mean/SD or event/denominator for current quantitative body; preserve original statistic, no automatic median or graph conversion. Source QC: The intervention arm's upper bound of 1440 min is the full 24-h observation window, i.e. censoring at end of follow-up. Treating this as an IQR bound would be wrong; it is a range. Not pooled as a mean difference.",
V33-OD-0373,NONE,EXCLUDE,Intraoperative opioid,Intraoperative,EA,Usual care,Outcome-specific analyzed population,"Outside defined quantitative estimands; retained in full descriptive extraction. Source QC: Reported in Table 1 among baseline/anaesthesia parameters, with a single 4-group omnibus P (0.892); no pairwise contrast is reported. Do not enter more than one Zhu 2022 contrast into a pairwise model without splitting the shared control.",
V33-OD-0374,NONE,EXCLUDE,Intraoperative opioid,Intraoperative,EA,Usual care,Outcome-specific analyzed population,Outside defined quantitative estimands; retained in full descriptive extraction. Source QC: See ZHU22_PRE_vs_USUAL_INTRAOPSUF.,
V33-OD-0375,NONE,EXCLUDE,Intraoperative opioid,Intraoperative,EA,Usual care,Outcome-specific analyzed population,Outside defined quantitative estimands; retained in full descriptive extraction. Source QC: See ZHU22_PRE_vs_USUAL_INTRAOPSUF.,
V33-OD-0381,NONE,EXCLUDE,Quality of recovery,24 h (T11),TEAS,Sham,Outcome-specific analyzed population,"Outside defined quantitative estimands; retained in full descriptive extraction. Source QC: T11 is defined in the source as postoperative 24 hours. Analysis N 35/35 taken from the CONSORT flow diagram (Figure 2), against 37/38 allocated.",
V33-OD-0382,NONE,EXCLUDE,Quality of recovery,48 h (T12),TEAS,Sham,Outcome-specific analyzed population,Outside defined quantitative estimands; retained in full descriptive extraction. Source QC: T12 is defined in the source as postoperative 48 hours.,
V33-OD-0383,NONE,HOLD,Rescue analgesia,Early postoperative period - exact window not stated,TEAS,Sham,Outcome-specific analyzed population,"Source ambiguity or unavailable required statistic: Unresolved source conflict or undefined endpoint; printed values retained, excluded from quantitative models. Source QC: HOLD. The source describes this as 'the number of patients who required extra analgesia', but 3.8 (1.9) and 5.0 (2.9) cannot be a count of patients out of 35 - the wording and the statistic are mutually inconsistent. Unit, metric and time window are all unresolved. Do NOT interpret as mg morphine or MME. Author contact required.",
AUDIT-0005,NONE,EXCLUDE,Pain,0–6 h,EA,Usual care,Per-protocol,Outside defined quantitative estimands; retained in full descriptive extraction. Source QC: Randomized arm sizes taken from CONSORT Fig 1 (Pre 103/30 103/Comb 103/Usual 104). Abstract instead reports Pre 103/30 104/Comb 103/Usual 103; source is internally inconsistent.,
AUDIT-0006,NONE,EXCLUDE,Pain,0–6 h,EA,Usual care,Per-protocol,Outside defined quantitative estimands; retained in full descriptive extraction. Source QC: Randomized arm sizes taken from CONSORT Fig 1 (Pre 103/30 103/Comb 103/Usual 104). Abstract instead reports Pre 103/30 104/Comb 103/Usual 103; source is internally inconsistent.,
AUDIT-0007,NONE,EXCLUDE,Pain,0–6 h,EA,Usual care,Per-protocol,Outside defined quantitative estimands; retained in full descriptive extraction. Source QC: Randomized arm sizes taken from CONSORT Fig 1 (Pre 103/30 103/Comb 103/Usual 104). Abstract instead reports Pre 103/30 104/Comb 103/Usual 103; source is internally inconsistent.,
AUDIT-0008,NONE,EXCLUDE,Pain,24–48 h,EA,Usual care,Per-protocol,Outside defined quantitative estimands; retained in full descriptive extraction. Source QC: Randomized arm sizes taken from CONSORT Fig 1 (Pre 103/30 103/Comb 103/Usual 104). Abstract instead reports Pre 103/30 104/Comb 103/Usual 103; source is internally inconsistent.,
AUDIT-0009,NONE,EXCLUDE,Pain,24–48 h,EA,Usual care,Per-protocol,Outside defined quantitative estimands; retained in full descriptive extraction. Source QC: Randomized arm sizes taken from CONSORT Fig 1 (Pre 103/30 103/Comb 103/Usual 104). Abstract instead reports Pre 103/30 104/Comb 103/Usual 103; source is internally inconsistent.,
AUDIT-0010,NONE,EXCLUDE,Pain,24–48 h,EA,Usual care,Per-protocol,Outside defined quantitative estimands; retained in full descriptive extraction. Source QC: Randomized arm sizes taken from CONSORT Fig 1 (Pre 103/30 103/Comb 103/Usual 104). Abstract instead reports Pre 103/30 104/Comb 103/Usual 103; source is internally inconsistent.,
AUDIT-0011,NONE,EXCLUDE,Pain,48–72 h,EA,Usual care,Per-protocol,Outside defined quantitative estimands; retained in full descriptive extraction. Source QC: Randomized arm sizes taken from CONSORT Fig 1 (Pre 103/30 103/Comb 103/Usual 104). Abstract instead reports Pre 103/30 104/Comb 103/Usual 103; source is internally inconsistent.,
AUDIT-0012,NONE,EXCLUDE,Pain,48–72 h,EA,Usual care,Per-protocol,Outside defined quantitative estimands; retained in full descriptive extraction. Source QC: Randomized arm sizes taken from CONSORT Fig 1 (Pre 103/30 103/Comb 103/Usual 104). Abstract instead reports Pre 103/30 104/Comb 103/Usual 103; source is internally inconsistent.,
AUDIT-0013,NONE,EXCLUDE,Pain,48–72 h,EA,Usual care,Per-protocol,Outside defined quantitative estimands; retained in full descriptive extraction. Source QC: Randomized arm sizes taken from CONSORT Fig 1 (Pre 103/30 103/Comb 103/Usual 104). Abstract instead reports Pre 103/30 104/Comb 103/Usual 103; source is internally inconsistent.,
AUDIT-0014,NONE,EXCLUDE,Rescue analgesia,0–48 h after surgery,EA,Usual care,Per-protocol,"Outside defined quantitative estimands; retained in full descriptive extraction. Source QC: Randomized arm sizes taken from CONSORT Fig 1 (Pre 103/30 103/Comb 103/Usual 104). Abstract instead reports Pre 103/30 104/Comb 103/Usual 103; source is internally inconsistent. Rescue analgesic protocol was flurbiprofen 100 mg when NRS >3; table reports only number of patients, not doses.",
AUDIT-0015,NONE,EXCLUDE,Rescue analgesia,0–48 h after surgery,EA,Usual care,Per-protocol,"Outside defined quantitative estimands; retained in full descriptive extraction. Source QC: Randomized arm sizes taken from CONSORT Fig 1 (Pre 103/30 103/Comb 103/Usual 104). Abstract instead reports Pre 103/30 104/Comb 103/Usual 103; source is internally inconsistent. Rescue analgesic protocol was flurbiprofen 100 mg when NRS >3; table reports only number of patients, not doses.",
AUDIT-0016,NONE,EXCLUDE,Rescue analgesia,0–48 h after surgery,EA,Usual care,Per-protocol,"Outside defined quantitative estimands; retained in full descriptive extraction. Source QC: Randomized arm sizes taken from CONSORT Fig 1 (Pre 103/30 103/Comb 103/Usual 104). Abstract instead reports Pre 103/30 104/Comb 103/Usual 103; source is internally inconsistent. Rescue analgesic protocol was flurbiprofen 100 mg when NRS >3; table reports only number of patients, not doses.",
AUDIT-0020,NONE,HOLD,Quality of recovery,AMBIGUOUS,EA,Usual care,Per-protocol,"Source ambiguity or unavailable required statistic: Source definition, timepoint, denominator, scale, statistic, or post-randomization subset requires adjudication; see raw source/QC. Source QC: Randomized arm sizes taken from CONSORT Fig 1 (Pre 103/30 103/Comb 103/Usual 104). Abstract instead reports Pre 103/30 104/Comb 103/Usual 103; source is internally inconsistent. The table/methods do not state the assessment timepoint for the reported overall QoR-15 value.",
AUDIT-0021,NONE,HOLD,Quality of recovery,AMBIGUOUS,EA,Usual care,Per-protocol,"Source ambiguity or unavailable required statistic: Source definition, timepoint, denominator, scale, statistic, or post-randomization subset requires adjudication; see raw source/QC. Source QC: Randomized arm sizes taken from CONSORT Fig 1 (Pre 103/30 103/Comb 103/Usual 104). Abstract instead reports Pre 103/30 104/Comb 103/Usual 103; source is internally inconsistent. The table/methods do not state the assessment timepoint for the reported overall QoR-15 value.",
AUDIT-0022,NONE,HOLD,Quality of recovery,AMBIGUOUS,EA,Usual care,Per-protocol,"Source ambiguity or unavailable required statistic: Source definition, timepoint, denominator, scale, statistic, or post-randomization subset requires adjudication; see raw source/QC. Source QC: Randomized arm sizes taken from CONSORT Fig 1 (Pre 103/30 103/Comb 103/Usual 104). Abstract instead reports Pre 103/30 104/Comb 103/Usual 103; source is internally inconsistent. The table/methods do not state the assessment timepoint for the reported overall QoR-15 value.",
AUDIT-0023,NONE,EXCLUDE,PONV,0–6 h after surgery,EA,Usual care,Per-protocol,Outside defined quantitative estimands; retained in full descriptive extraction. Source QC: Randomized arm sizes taken from CONSORT Fig 1 (Pre 103/30 103/Comb 103/Usual 104). Abstract instead reports Pre 103/30 104/Comb 103/Usual 103; source is internally inconsistent. Table 2 values are per-protocol.,
AUDIT-0024,NONE,EXCLUDE,PONV,0–6 h after surgery,EA,Usual care,Per-protocol,Outside defined quantitative estimands; retained in full descriptive extraction. Source QC: Randomized arm sizes taken from CONSORT Fig 1 (Pre 103/30 103/Comb 103/Usual 104). Abstract instead reports Pre 103/30 104/Comb 103/Usual 103; source is internally inconsistent. Table 2 values are per-protocol.,
AUDIT-0025,NONE,EXCLUDE,PONV,0–6 h after surgery,EA,Usual care,Per-protocol,Outside defined quantitative estimands; retained in full descriptive extraction. Source QC: Randomized arm sizes taken from CONSORT Fig 1 (Pre 103/30 103/Comb 103/Usual 104). Abstract instead reports Pre 103/30 104/Comb 103/Usual 103; source is internally inconsistent.,
AUDIT-0026,NONE,EXCLUDE,PONV,0–6 h after surgery,EA,Usual care,Per-protocol,Outside defined quantitative estimands; retained in full descriptive extraction. Source QC: Randomized arm sizes taken from CONSORT Fig 1 (Pre 103/30 103/Comb 103/Usual 104). Abstract instead reports Pre 103/30 104/Comb 103/Usual 103; source is internally inconsistent.,
AUDIT-0027,NONE,EXCLUDE,Rescue antiemetic,0–6 h after surgery,EA,Usual care,Per-protocol,Outside defined quantitative estimands; retained in full descriptive extraction. Source QC: Randomized arm sizes taken from CONSORT Fig 1 (Pre 103/30 103/Comb 103/Usual 104). Abstract instead reports Pre 103/30 104/Comb 103/Usual 103; source is internally inconsistent. Methods specify metoclopramide 10 mg as rescue therapy.,
AUDIT-0028,NONE,EXCLUDE,PONV,0–6 h after surgery,EA,Usual care,Per-protocol,Outside defined quantitative estimands; retained in full descriptive extraction. Source QC: Randomized arm sizes taken from CONSORT Fig 1 (Pre 103/30 103/Comb 103/Usual 104). Abstract instead reports Pre 103/30 104/Comb 103/Usual 103; source is internally inconsistent. Table 2 values are per-protocol.,
AUDIT-0029,NONE,EXCLUDE,PONV,0–6 h after surgery,EA,Usual care,Per-protocol,Outside defined quantitative estimands; retained in full descriptive extraction. Source QC: Randomized arm sizes taken from CONSORT Fig 1 (Pre 103/30 103/Comb 103/Usual 104). Abstract instead reports Pre 103/30 104/Comb 103/Usual 103; source is internally inconsistent. Table 2 values are per-protocol.,
AUDIT-0030,NONE,EXCLUDE,PONV,0–6 h after surgery,EA,Usual care,Per-protocol,Outside defined quantitative estimands; retained in full descriptive extraction. Source QC: Randomized arm sizes taken from CONSORT Fig 1 (Pre 103/30 103/Comb 103/Usual 104). Abstract instead reports Pre 103/30 104/Comb 103/Usual 103; source is internally inconsistent.,
AUDIT-0031,NONE,EXCLUDE,PONV,0–6 h after surgery,EA,Usual care,Per-protocol,Outside defined quantitative estimands; retained in full descriptive extraction. Source QC: Randomized arm sizes taken from CONSORT Fig 1 (Pre 103/30 103/Comb 103/Usual 104). Abstract instead reports Pre 103/30 104/Comb 103/Usual 103; source is internally inconsistent.,
AUDIT-0032,NONE,EXCLUDE,Rescue antiemetic,0–6 h after surgery,EA,Usual care,Per-protocol,Outside defined quantitative estimands; retained in full descriptive extraction. Source QC: Randomized arm sizes taken from CONSORT Fig 1 (Pre 103/30 103/Comb 103/Usual 104). Abstract instead reports Pre 103/30 104/Comb 103/Usual 103; source is internally inconsistent. Methods specify metoclopramide 10 mg as rescue therapy.,
AUDIT-0033,NONE,EXCLUDE,PONV,0–6 h after surgery,EA,Usual care,Per-protocol,Outside defined quantitative estimands; retained in full descriptive extraction. Source QC: Randomized arm sizes taken from CONSORT Fig 1 (Pre 103/30 103/Comb 103/Usual 104). Abstract instead reports Pre 103/30 104/Comb 103/Usual 103; source is internally inconsistent. Table 2 values are per-protocol.,
AUDIT-0034,NONE,EXCLUDE,PONV,0–6 h after surgery,EA,Usual care,Per-protocol,Outside defined quantitative estimands; retained in full descriptive extraction. Source QC: Randomized arm sizes taken from CONSORT Fig 1 (Pre 103/30 103/Comb 103/Usual 104). Abstract instead reports Pre 103/30 104/Comb 103/Usual 103; source is internally inconsistent. Table 2 values are per-protocol.,
AUDIT-0035,NONE,EXCLUDE,PONV,0–6 h after surgery,EA,Usual care,Per-protocol,Outside defined quantitative estimands; retained in full descriptive extraction. Source QC: Randomized arm sizes taken from CONSORT Fig 1 (Pre 103/30 103/Comb 103/Usual 104). Abstract instead reports Pre 103/30 104/Comb 103/Usual 103; source is internally inconsistent.,
AUDIT-0036,NONE,EXCLUDE,PONV,0–6 h after surgery,EA,Usual care,Per-protocol,Outside defined quantitative estimands; retained in full descriptive extraction. Source QC: Randomized arm sizes taken from CONSORT Fig 1 (Pre 103/30 103/Comb 103/Usual 104). Abstract instead reports Pre 103/30 104/Comb 103/Usual 103; source is internally inconsistent.,
AUDIT-0037,NONE,EXCLUDE,Rescue antiemetic,0–6 h after surgery,EA,Usual care,Per-protocol,Outside defined quantitative estimands; retained in full descriptive extraction. Source QC: Randomized arm sizes taken from CONSORT Fig 1 (Pre 103/30 103/Comb 103/Usual 104). Abstract instead reports Pre 103/30 104/Comb 103/Usual 103; source is internally inconsistent. Methods specify metoclopramide 10 mg as rescue therapy.,
AUDIT-0038,NONE,EXCLUDE,PONV,6–24 h after surgery,EA,Usual care,Per-protocol,Outside defined quantitative estimands; retained in full descriptive extraction. Source QC: Randomized arm sizes taken from CONSORT Fig 1 (Pre 103/30 103/Comb 103/Usual 104). Abstract instead reports Pre 103/30 104/Comb 103/Usual 103; source is internally inconsistent.,
AUDIT-0039,NONE,EXCLUDE,PONV,6–24 h after surgery,EA,Usual care,Per-protocol,Outside defined quantitative estimands; retained in full descriptive extraction. Source QC: Randomized arm sizes taken from CONSORT Fig 1 (Pre 103/30 103/Comb 103/Usual 104). Abstract instead reports Pre 103/30 104/Comb 103/Usual 103; source is internally inconsistent.,
AUDIT-0040,NONE,EXCLUDE,Rescue antiemetic,6–24 h after surgery,EA,Usual care,Per-protocol,Outside defined quantitative estimands; retained in full descriptive extraction. Source QC: Randomized arm sizes taken from CONSORT Fig 1 (Pre 103/30 103/Comb 103/Usual 104). Abstract instead reports Pre 103/30 104/Comb 103/Usual 103; source is internally inconsistent. Methods specify metoclopramide 10 mg as rescue therapy.,
AUDIT-0041,NONE,EXCLUDE,PONV,6–24 h after surgery,EA,Usual care,Per-protocol,Outside defined quantitative estimands; retained in full descriptive extraction. Source QC: Randomized arm sizes taken from CONSORT Fig 1 (Pre 103/30 103/Comb 103/Usual 104). Abstract instead reports Pre 103/30 104/Comb 103/Usual 103; source is internally inconsistent.,
AUDIT-0042,NONE,EXCLUDE,PONV,6–24 h after surgery,EA,Usual care,Per-protocol,Outside defined quantitative estimands; retained in full descriptive extraction. Source QC: Randomized arm sizes taken from CONSORT Fig 1 (Pre 103/30 103/Comb 103/Usual 104). Abstract instead reports Pre 103/30 104/Comb 103/Usual 103; source is internally inconsistent.,
AUDIT-0043,NONE,EXCLUDE,Rescue antiemetic,6–24 h after surgery,EA,Usual care,Per-protocol,Outside defined quantitative estimands; retained in full descriptive extraction. Source QC: Randomized arm sizes taken from CONSORT Fig 1 (Pre 103/30 103/Comb 103/Usual 104). Abstract instead reports Pre 103/30 104/Comb 103/Usual 103; source is internally inconsistent. Methods specify metoclopramide 10 mg as rescue therapy.,
AUDIT-0044,NONE,EXCLUDE,PONV,6–24 h after surgery,EA,Usual care,Per-protocol,Outside defined quantitative estimands; retained in full descriptive extraction. Source QC: Randomized arm sizes taken from CONSORT Fig 1 (Pre 103/30 103/Comb 103/Usual 104). Abstract instead reports Pre 103/30 104/Comb 103/Usual 103; source is internally inconsistent.,
AUDIT-0045,NONE,EXCLUDE,PONV,6–24 h after surgery,EA,Usual care,Per-protocol,Outside defined quantitative estimands; retained in full descriptive extraction. Source QC: Randomized arm sizes taken from CONSORT Fig 1 (Pre 103/30 103/Comb 103/Usual 104). Abstract instead reports Pre 103/30 104/Comb 103/Usual 103; source is internally inconsistent.,
AUDIT-0046,NONE,EXCLUDE,Rescue antiemetic,6–24 h after surgery,EA,Usual care,Per-protocol,Outside defined quantitative estimands; retained in full descriptive extraction. Source QC: Randomized arm sizes taken from CONSORT Fig 1 (Pre 103/30 103/Comb 103/Usual 104). Abstract instead reports Pre 103/30 104/Comb 103/Usual 103; source is internally inconsistent. Methods specify metoclopramide 10 mg as rescue therapy.,
AUDIT-0047,NONE,EXCLUDE,PONV,24–48 h after surgery,EA,Usual care,Per-protocol,Outside defined quantitative estimands; retained in full descriptive extraction. Source QC: Randomized arm sizes taken from CONSORT Fig 1 (Pre 103/30 103/Comb 103/Usual 104). Abstract instead reports Pre 103/30 104/Comb 103/Usual 103; source is internally inconsistent. Table 2 values are per-protocol.,
AUDIT-0048,NONE,EXCLUDE,PONV,24–48 h after surgery,EA,Usual care,Per-protocol,Outside defined quantitative estimands; retained in full descriptive extraction. Source QC: Randomized arm sizes taken from CONSORT Fig 1 (Pre 103/30 103/Comb 103/Usual 104). Abstract instead reports Pre 103/30 104/Comb 103/Usual 103; source is internally inconsistent. Table 2 values are per-protocol.,
AUDIT-0049,NONE,EXCLUDE,PONV,24–48 h after surgery,EA,Usual care,Per-protocol,Outside defined quantitative estimands; retained in full descriptive extraction. Source QC: Randomized arm sizes taken from CONSORT Fig 1 (Pre 103/30 103/Comb 103/Usual 104). Abstract instead reports Pre 103/30 104/Comb 103/Usual 103; source is internally inconsistent.,
AUDIT-0050,NONE,EXCLUDE,PONV,24–48 h after surgery,EA,Usual care,Per-protocol,Outside defined quantitative estimands; retained in full descriptive extraction. Source QC: Randomized arm sizes taken from CONSORT Fig 1 (Pre 103/30 103/Comb 103/Usual 104). Abstract instead reports Pre 103/30 104/Comb 103/Usual 103; source is internally inconsistent.,
AUDIT-0051,NONE,EXCLUDE,Rescue antiemetic,24–48 h after surgery,EA,Usual care,Per-protocol,Outside defined quantitative estimands; retained in full descriptive extraction. Source QC: Randomized arm sizes taken from CONSORT Fig 1 (Pre 103/30 103/Comb 103/Usual 104). Abstract instead reports Pre 103/30 104/Comb 103/Usual 103; source is internally inconsistent. Methods specify metoclopramide 10 mg as rescue therapy.,
AUDIT-0052,NONE,EXCLUDE,PONV,24–48 h after surgery,EA,Usual care,Per-protocol,Outside defined quantitative estimands; retained in full descriptive extraction. Source QC: Randomized arm sizes taken from CONSORT Fig 1 (Pre 103/30 103/Comb 103/Usual 104). Abstract instead reports Pre 103/30 104/Comb 103/Usual 103; source is internally inconsistent. Table 2 values are per-protocol.,
AUDIT-0053,NONE,EXCLUDE,PONV,24–48 h after surgery,EA,Usual care,Per-protocol,Outside defined quantitative estimands; retained in full descriptive extraction. Source QC: Randomized arm sizes taken from CONSORT Fig 1 (Pre 103/30 103/Comb 103/Usual 104). Abstract instead reports Pre 103/30 104/Comb 103/Usual 103; source is internally inconsistent. Table 2 values are per-protocol.,
AUDIT-0054,NONE,EXCLUDE,PONV,24–48 h after surgery,EA,Usual care,Per-protocol,Outside defined quantitative estimands; retained in full descriptive extraction. Source QC: Randomized arm sizes taken from CONSORT Fig 1 (Pre 103/30 103/Comb 103/Usual 104). Abstract instead reports Pre 103/30 104/Comb 103/Usual 103; source is internally inconsistent.,
AUDIT-0055,NONE,EXCLUDE,PONV,24–48 h after surgery,EA,Usual care,Per-protocol,Outside defined quantitative estimands; retained in full descriptive extraction. Source QC: Randomized arm sizes taken from CONSORT Fig 1 (Pre 103/30 103/Comb 103/Usual 104). Abstract instead reports Pre 103/30 104/Comb 103/Usual 103; source is internally inconsistent.,
AUDIT-0056,NONE,EXCLUDE,Rescue antiemetic,24–48 h after surgery,EA,Usual care,Per-protocol,Outside defined quantitative estimands; retained in full descriptive extraction. Source QC: Randomized arm sizes taken from CONSORT Fig 1 (Pre 103/30 103/Comb 103/Usual 104). Abstract instead reports Pre 103/30 104/Comb 103/Usual 103; source is internally inconsistent. Methods specify metoclopramide 10 mg as rescue therapy.,
AUDIT-0057,NONE,EXCLUDE,PONV,24–48 h after surgery,EA,Usual care,Per-protocol,Outside defined quantitative estimands; retained in full descriptive extraction. Source QC: Randomized arm sizes taken from CONSORT Fig 1 (Pre 103/30 103/Comb 103/Usual 104). Abstract instead reports Pre 103/30 104/Comb 103/Usual 103; source is internally inconsistent. Table 2 values are per-protocol.,
AUDIT-0058,NONE,EXCLUDE,PONV,24–48 h after surgery,EA,Usual care,Per-protocol,Outside defined quantitative estimands; retained in full descriptive extraction. Source QC: Randomized arm sizes taken from CONSORT Fig 1 (Pre 103/30 103/Comb 103/Usual 104). Abstract instead reports Pre 103/30 104/Comb 103/Usual 103; source is internally inconsistent. Table 2 values are per-protocol.,
AUDIT-0059,NONE,EXCLUDE,PONV,24–48 h after surgery,EA,Usual care,Per-protocol,Outside defined quantitative estimands; retained in full descriptive extraction. Source QC: Randomized arm sizes taken from CONSORT Fig 1 (Pre 103/30 103/Comb 103/Usual 104). Abstract instead reports Pre 103/30 104/Comb 103/Usual 103; source is internally inconsistent.,
AUDIT-0060,NONE,EXCLUDE,PONV,24–48 h after surgery,EA,Usual care,Per-protocol,Outside defined quantitative estimands; retained in full descriptive extraction. Source QC: Randomized arm sizes taken from CONSORT Fig 1 (Pre 103/30 103/Comb 103/Usual 104). Abstract instead reports Pre 103/30 104/Comb 103/Usual 103; source is internally inconsistent.,
AUDIT-0061,NONE,EXCLUDE,Rescue antiemetic,24–48 h after surgery,EA,Usual care,Per-protocol,Outside defined quantitative estimands; retained in full descriptive extraction. Source QC: Randomized arm sizes taken from CONSORT Fig 1 (Pre 103/30 103/Comb 103/Usual 104). Abstract instead reports Pre 103/30 104/Comb 103/Usual 103; source is internally inconsistent. Methods specify metoclopramide 10 mg as rescue therapy.,
AUDIT-0062,NONE,EXCLUDE,PONV,48–72 h after surgery,EA,Usual care,Per-protocol,Outside defined quantitative estimands; retained in full descriptive extraction. Source QC: Randomized arm sizes taken from CONSORT Fig 1 (Pre 103/30 103/Comb 103/Usual 104). Abstract instead reports Pre 103/30 104/Comb 103/Usual 103; source is internally inconsistent. Counts are stated as zero for all groups in text; no table is shown.,
AUDIT-0063,NONE,EXCLUDE,PONV,48–72 h after surgery,EA,Usual care,Per-protocol,Outside defined quantitative estimands; retained in full descriptive extraction. Source QC: Randomized arm sizes taken from CONSORT Fig 1 (Pre 103/30 103/Comb 103/Usual 104). Abstract instead reports Pre 103/30 104/Comb 103/Usual 103; source is internally inconsistent. Counts are stated as zero for all groups in text; no table is shown.,
AUDIT-0064,NONE,EXCLUDE,PONV,48–72 h after surgery,EA,Usual care,Per-protocol,Outside defined quantitative estimands; retained in full descriptive extraction. Source QC: Randomized arm sizes taken from CONSORT Fig 1 (Pre 103/30 103/Comb 103/Usual 104). Abstract instead reports Pre 103/30 104/Comb 103/Usual 103; source is internally inconsistent. Counts are stated as zero for all groups in text; no table is shown.,
AUDIT-0065,NONE,EXCLUDE,PONV,48–72 h after surgery,EA,Usual care,Per-protocol,Outside defined quantitative estimands; retained in full descriptive extraction. Source QC: Randomized arm sizes taken from CONSORT Fig 1 (Pre 103/30 103/Comb 103/Usual 104). Abstract instead reports Pre 103/30 104/Comb 103/Usual 103; source is internally inconsistent. Counts are stated as zero for all groups in text; no table is shown.,
AUDIT-0066,NONE,EXCLUDE,PONV,48–72 h after surgery,EA,Usual care,Per-protocol,Outside defined quantitative estimands; retained in full descriptive extraction. Source QC: Randomized arm sizes taken from CONSORT Fig 1 (Pre 103/30 103/Comb 103/Usual 104). Abstract instead reports Pre 103/30 104/Comb 103/Usual 103; source is internally inconsistent. Counts are stated as zero for all groups in text; no table is shown.,
AUDIT-0067,NONE,EXCLUDE,PONV,48–72 h after surgery,EA,Usual care,Per-protocol,Outside defined quantitative estimands; retained in full descriptive extraction. Source QC: Randomized arm sizes taken from CONSORT Fig 1 (Pre 103/30 103/Comb 103/Usual 104). Abstract instead reports Pre 103/30 104/Comb 103/Usual 103; source is internally inconsistent. Counts are stated as zero for all groups in text; no table is shown.,
AUDIT-0068,NONE,EXCLUDE,GI adverse effect,Postoperative; assessment window not separately stated,EA,Usual care,Available-case,Outside defined quantitative estimands; retained in full descriptive extraction. Source QC: The article reports AD as a postoperative outcome but Table 3 does not attach a distinct clock time to this summary.,
AUDIT-0069,NONE,EXCLUDE,GI adverse effect,Postoperative; assessment window not separately stated,EA,Usual care,Available-case,"Outside defined quantitative estimands; retained in full descriptive extraction. Source QC: P=0.290 is the overall comparison of the AD severity distribution, not a grade-specific P value.",
AUDIT-0070,NONE,EXCLUDE,GI adverse effect,Postoperative; assessment window not separately stated,EA,Usual care,Available-case,"Outside defined quantitative estimands; retained in full descriptive extraction. Source QC: P=0.290 is the overall comparison of the AD severity distribution, not a grade-specific P value.",
AUDIT-0071,NONE,EXCLUDE,GI adverse effect,Postoperative; assessment window not separately stated,EA,Usual care,Available-case,"Outside defined quantitative estimands; retained in full descriptive extraction. Source QC: P=0.290 is the overall comparison of the AD severity distribution, not a grade-specific P value.",
AUDIT-0072,NONE,EXCLUDE,GI adverse effect,Postoperative; assessment window not separately stated,EA,Usual care,Available-case,"Outside defined quantitative estimands; retained in full descriptive extraction. Source QC: P=0.290 is the overall comparison of the AD severity distribution, not a grade-specific P value.",
AUDIT-0073,NONE,EXCLUDE,GI adverse effect,Postoperative; assessment window not separately stated,EA,Usual care,Available-case,"Outside defined quantitative estimands; retained in full descriptive extraction. Source QC: P=0.290 is the overall comparison of the AD severity distribution, not a grade-specific P value.",
AUDIT-0074,NONE,HOLD,Rescue analgesia,Postoperative; exact window not stated,EA,Usual care,Available-case,"Source ambiguity or unavailable required statistic: Source definition, timepoint, denominator, scale, statistic, or post-randomization subset requires adjudication; see raw source/QC. Source QC: Methods define rescue medication as bucinnazine 100 mg IM if VAS >3/10; Table 3 does not state a time window.",
AUDIT-0075,NONE,HOLD,PONV,0–24 h after surgery,EA,Usual care,Available-case,"No directly tabulated mean/SD or event/denominator for current quantitative body; preserve original statistic, no automatic median or graph conversion. Source QC: Table 4 footnote states starred continuous outcomes are median (quartile range). Where the table prints only '0' without a parenthetical range, dispersion is not reported.",
AUDIT-0076,NONE,HOLD,PONV,0–24 h after surgery,EA,Usual care,Available-case,"No directly tabulated mean/SD or event/denominator for current quantitative body; preserve original statistic, no automatic median or graph conversion. Source QC: Table 4 footnote states starred continuous outcomes are median (quartile range). Where the table prints only '0' without a parenthetical range, dispersion is not reported.",
AUDIT-0079,NONE,HOLD,Pain,0–24 h after surgery,EA,Usual care,Available-case,"No directly tabulated mean/SD or event/denominator for current quantitative body; preserve original statistic, no automatic median or graph conversion. Source QC: The paper labels these as static and dynamic pain, not rest/movement with further operational detail.",
AUDIT-0080,NONE,HOLD,Pain,0–24 h after surgery,EA,Usual care,Available-case,"No directly tabulated mean/SD or event/denominator for current quantitative body; preserve original statistic, no automatic median or graph conversion. Source QC: The paper labels these as static and dynamic pain, not rest/movement with further operational detail.",
AUDIT-0081,NONE,HOLD,PONV,24–48 h after surgery,EA,Usual care,Available-case,"No directly tabulated mean/SD or event/denominator for current quantitative body; preserve original statistic, no automatic median or graph conversion. Source QC: Table 4 footnote states starred continuous outcomes are median (quartile range). Where the table prints only '0' without a parenthetical range, dispersion is not reported.",
AUDIT-0082,NONE,HOLD,PONV,24–48 h after surgery,EA,Usual care,Available-case,"Source ambiguity or unavailable required statistic: Nonstandard or incomplete statistic; no inferred quantities. Source QC: Table 4 footnote states starred continuous outcomes are median (quartile range). Where the table prints only '0' without a parenthetical range, dispersion is not reported.",
AUDIT-0083,NONE,EXCLUDE,PONV,24–48 h after surgery,EA,Usual care,Available-case,Outside defined quantitative estimands; retained in full descriptive extraction. Source QC: NOT REPORTED,
AUDIT-0084,NONE,EXCLUDE,PONV,24–48 h after surgery,EA,Usual care,Available-case,Outside defined quantitative estimands; retained in full descriptive extraction. Source QC: NOT REPORTED,
AUDIT-0085,NONE,HOLD,Pain,24–48 h after surgery,EA,Usual care,Available-case,"No directly tabulated mean/SD or event/denominator for current quantitative body; preserve original statistic, no automatic median or graph conversion. Source QC: The paper labels these as static and dynamic pain, not rest/movement with further operational detail.",
AUDIT-0086,NONE,HOLD,Pain,24–48 h after surgery,EA,Usual care,Available-case,"No directly tabulated mean/SD or event/denominator for current quantitative body; preserve original statistic, no automatic median or graph conversion. Source QC: The paper labels these as static and dynamic pain, not rest/movement with further operational detail.",
AUDIT-0087,NONE,HOLD,PONV,48–72 h after surgery,EA,Usual care,Available-case,"Source ambiguity or unavailable required statistic: Nonstandard or incomplete statistic; no inferred quantities. Source QC: Table 4 footnote states starred continuous outcomes are median (quartile range). Where the table prints only '0' without a parenthetical range, dispersion is not reported.",
AUDIT-0088,NONE,HOLD,PONV,48–72 h after surgery,EA,Usual care,Available-case,"Source ambiguity or unavailable required statistic: Nonstandard or incomplete statistic; no inferred quantities. Source QC: Table 4 footnote states starred continuous outcomes are median (quartile range). Where the table prints only '0' without a parenthetical range, dispersion is not reported.",
AUDIT-0089,NONE,EXCLUDE,PONV,48–72 h after surgery,EA,Usual care,Available-case,Outside defined quantitative estimands; retained in full descriptive extraction. Source QC: NOT REPORTED,
AUDIT-0090,NONE,EXCLUDE,PONV,48–72 h after surgery,EA,Usual care,Available-case,Outside defined quantitative estimands; retained in full descriptive extraction. Source QC: NOT REPORTED,
AUDIT-0091,NONE,HOLD,Pain,48–72 h after surgery,EA,Usual care,Available-case,"No directly tabulated mean/SD or event/denominator for current quantitative body; preserve original statistic, no automatic median or graph conversion. Source QC: The paper labels these as static and dynamic pain, not rest/movement with further operational detail.",
AUDIT-0092,NONE,HOLD,Pain,48–72 h after surgery,EA,Usual care,Available-case,"No directly tabulated mean/SD or event/denominator for current quantitative body; preserve original statistic, no automatic median or graph conversion. Source QC: The paper labels these as static and dynamic pain, not rest/movement with further operational detail.",
AUDIT-0093,NONE,EXCLUDE,Functional recovery,Postoperative,EA,Usual care,Available-case,Outside defined quantitative estimands; retained in full descriptive extraction. Source QC: NOT REPORTED,
AUDIT-0094,NONE,EXCLUDE,Length of stay,Postoperative hospitalization,EA,Usual care,Available-case,Outside defined quantitative estimands; retained in full descriptive extraction. Source QC: NOT REPORTED,
AUDIT-0095,NONE,HOLD,Pain,1 h after operation,TEAS,Usual care,Unstated,"Source ambiguity or unavailable required statistic: Source definition, timepoint, denominator, scale, statistic, or post-randomization subset requires adjudication; see raw source/QC. Source QC: Results text specifies the NRS was assessed 'while in the mobile state'. Table prints parenthetical values but does not label them as SD/IQR in Table 7; statistic type therefore left as Other (describe).",
AUDIT-0096,NONE,HOLD,Pain,24 h after operation,TEAS,Usual care,Unstated,"Source ambiguity or unavailable required statistic: Source definition, timepoint, denominator, scale, statistic, or post-randomization subset requires adjudication; see raw source/QC. Source QC: Results text specifies the NRS was assessed 'while in the mobile state'. Table prints parenthetical values but does not label them as SD/IQR in Table 7; statistic type therefore left as Other (describe).",
AUDIT-0097,NONE,EXCLUDE,Pain,Postoperative,TEAS,Usual care,Unstated,Outside defined quantitative estimands; retained in full descriptive extraction. Source QC: A separate resting-pain outcome is not reported.,
AUDIT-0098,NONE,HOLD,Pain,PACU,TEAS,Usual care,Unstated,"Source ambiguity or unavailable required statistic: Source definition, timepoint, denominator, scale, statistic, or post-randomization subset requires adjudication; see raw source/QC. Source QC: The table does not define the parenthetical statistic for this row; do not assume SD or IQR.",
AUDIT-0099,NONE,EXCLUDE,PONV,1 h after operation,TEAS,Usual care,Unstated,Outside defined quantitative estimands; retained in full descriptive extraction. Source QC: The table reports counts and rounded percentages.,
AUDIT-0101,NONE,EXCLUDE,PONV,Within 24 h after operation,TEAS,Usual care,Unstated,Outside defined quantitative estimands; retained in full descriptive extraction. Source QC: Nausea is discussed generally but is not separately tabulated as an incidence outcome.,
AUDIT-0102,NONE,HOLD,Rescue analgesia,Within 24 h after operation,TEAS,Usual care,Unstated,"Source ambiguity or unavailable required statistic: Source definition, timepoint, denominator, scale, statistic, or post-randomization subset requires adjudication; see raw source/QC. Source QC: The table reports use of analgesic drugs, not a drug dose or opioid amount.",
AUDIT-0103,NONE,EXCLUDE,Rescue antiemetic,Within 24 h after operation,TEAS,Usual care,Unstated,Outside defined quantitative estimands; retained in full descriptive extraction. Source QC: NOT REPORTED,
AUDIT-0104,NONE,HOLD,Rescue medication,PACU,TEAS,Usual care,Unstated,"Source ambiguity or unavailable required statistic: Source definition, timepoint, denominator, scale, statistic, or post-randomization subset requires adjudication; see raw source/QC. Source QC: Table 6 does not specify which remedial drug(s) were used.",
AUDIT-0105,NONE,EXCLUDE,Functional recovery,PACU/recovery,TEAS,Usual care,Unstated,Outside defined quantitative estimands; retained in full descriptive extraction. Source QC: NOT REPORTED,
AUDIT-0106,NONE,EXCLUDE,Functional recovery,PACU/recovery,TEAS,Usual care,Unstated,Outside defined quantitative estimands; retained in full descriptive extraction. Source QC: NOT REPORTED,
AUDIT-0107,NONE,EXCLUDE,Functional recovery,PACU/recovery,TEAS,Usual care,Unstated,Outside defined quantitative estimands; retained in full descriptive extraction. Source QC: NOT REPORTED,
AUDIT-0108,NONE,EXCLUDE,Functional recovery,PACU,TEAS,Usual care,Unstated,Outside defined quantitative estimands; retained in full descriptive extraction. Source QC: NOT REPORTED,
AUDIT-0109,NONE,EXCLUDE,Functional recovery,PACU,TEAS,Usual care,Unstated,Outside defined quantitative estimands; retained in full descriptive extraction. Source QC: NOT REPORTED,
AUDIT-0110,NONE,EXCLUDE,Length of stay,Postoperative hospitalization,TEAS,Usual care,Unstated,Outside defined quantitative estimands; retained in full descriptive extraction. Source QC: NOT REPORTED,
AUDIT-0111,NONE,HOLD,Functional recovery,Postoperative,TEAS,Usual care,Unstated,"No directly tabulated mean/SD or event/denominator for current quantitative body; preserve original statistic, no automatic median or graph conversion. Source QC: NOT REPORTED",
AUDIT-0112,NONE,HOLD,Functional recovery,Postoperative,TEAS,Usual care,Unstated,"No directly tabulated mean/SD or event/denominator for current quantitative body; preserve original statistic, no automatic median or graph conversion. Source QC: NOT REPORTED",
AUDIT-0113,NONE,HOLD,Functional recovery,Postoperative,TEAS,Usual care,Unstated,"No directly tabulated mean/SD or event/denominator for current quantitative body; preserve original statistic, no automatic median or graph conversion. Source QC: NOT REPORTED",
AUDIT-0114,NONE,HOLD,Functional recovery,Postoperative,TEAS,Usual care,Unstated,"Source ambiguity or unavailable required statistic: Source definition, timepoint, denominator, scale, statistic, or post-randomization subset requires adjudication; see raw source/QC. Source QC: The source literally prints 'implantation activity'; this appears likely to be a wording error, but it is preserved verbatim and not silently corrected.",
AUDIT-0115,NONE,EXCLUDE,Quality of recovery,24 h after operation,TEAS,Usual care,Unstated,Outside defined quantitative estimands; retained in full descriptive extraction. Source QC: NOT REPORTED,
AUDIT-0116,NONE,EXCLUDE,Quality of recovery,24 h after operation,TEAS,Usual care,Unstated,Outside defined quantitative estimands; retained in full descriptive extraction. Source QC: NOT REPORTED,
AUDIT-0117,NONE,EXCLUDE,Quality of recovery,24 h after operation,TEAS,Usual care,Unstated,Outside defined quantitative estimands; retained in full descriptive extraction. Source QC: NOT REPORTED,
AUDIT-0118,NONE,EXCLUDE,Quality of recovery,24 h after operation,TEAS,Usual care,Unstated,Outside defined quantitative estimands; retained in full descriptive extraction. Source QC: NOT REPORTED,
AUDIT-0119,NONE,EXCLUDE,Quality of recovery,24 h after operation,TEAS,Usual care,Unstated,Outside defined quantitative estimands; retained in full descriptive extraction. Source QC: NOT REPORTED,
AUDIT-0120,NONE,EXCLUDE,Quality of recovery,24 h after operation,TEAS,Usual care,Unstated,Outside defined quantitative estimands; retained in full descriptive extraction. Source QC: NOT REPORTED,
AUDIT-0121,NONE,HOLD,Pain,24 h after surgery,TEAS,Sham,Available-case,"No directly tabulated mean/SD or event/denominator for current quantitative body; preserve original statistic, no automatic median or graph conversion. Source QC: Table header states median (min, max).",
AUDIT-0122,NONE,HOLD,Pain,24 h after surgery,TEAS,Sham,Available-case,"No directly tabulated mean/SD or event/denominator for current quantitative body; preserve original statistic, no automatic median or graph conversion. Source QC: Table header states median (min, max).",
AUDIT-0123,NONE,HOLD,Pain,48 h after surgery,TEAS,Sham,Available-case,"No directly tabulated mean/SD or event/denominator for current quantitative body; preserve original statistic, no automatic median or graph conversion. Source QC: Table header states median (min, max).",
AUDIT-0124,NONE,HOLD,Pain,48 h after surgery,TEAS,Sham,Available-case,"No directly tabulated mean/SD or event/denominator for current quantitative body; preserve original statistic, no automatic median or graph conversion. Source QC: Table header states median (min, max).",
AUDIT-0125,NONE,HOLD,Pain,72 h after surgery,TEAS,Sham,Available-case,"No directly tabulated mean/SD or event/denominator for current quantitative body; preserve original statistic, no automatic median or graph conversion. Source QC: Table header states median (min, max).",
AUDIT-0126,NONE,HOLD,Pain,72 h after surgery,TEAS,Sham,Available-case,"No directly tabulated mean/SD or event/denominator for current quantitative body; preserve original statistic, no automatic median or graph conversion. Source QC: Table header states median (min, max).",
AUDIT-0128,NONE,EXCLUDE,PONV,48 h after surgery,TEAS,Sham,Available-case,Outside defined quantitative estimands; retained in full descriptive extraction. Source QC: The paper reports these as PONV at each assessment time; it does not state that these are cumulative non-overlapping intervals.,
AUDIT-0129,NONE,EXCLUDE,PONV,72 h after surgery,TEAS,Sham,Available-case,Outside defined quantitative estimands; retained in full descriptive extraction. Source QC: The paper reports these as PONV at each assessment time; it does not state that these are cumulative non-overlapping intervals.,
AUDIT-0130,NONE,HOLD,Quality of recovery,24 h after surgery,TEAS,Sham,Available-case,"Source ambiguity or unavailable required statistic: Source definition, timepoint, denominator, scale, statistic, or post-randomization subset requires adjudication; see raw source/QC. Source QC: Major internal conflict: Results prose reports 24-h QoR-15 as 50.5 (IQR 42.3–61.8) vs 44.5 (IQR 35.0–57.0), P=0.04, whereas Table 3 reports the values in this row and labels them median (min,max). Both locations should be preserved; this extraction uses the table per protocol.",
AUDIT-0131,NONE,HOLD,Quality of recovery,48 h after surgery,TEAS,Sham,Available-case,"No directly tabulated mean/SD or event/denominator for current quantitative body; preserve original statistic, no automatic median or graph conversion. Source QC: Table header states median (min, max).",
AUDIT-0132,NONE,HOLD,Quality of recovery,72 h after surgery,TEAS,Sham,Available-case,"No directly tabulated mean/SD or event/denominator for current quantitative body; preserve original statistic, no automatic median or graph conversion. Source QC: Table header states median (min, max).",
AUDIT-0133,NONE,HOLD,Opioid demand,48 h after surgery,TEAS,Sham,Available-case,"No directly tabulated mean/SD or event/denominator for current quantitative body; preserve original statistic, no automatic median or graph conversion. Source QC: Counts of button attempts; not opioid dose.",
AUDIT-0134,NONE,HOLD,Opioid demand,48 h after surgery,TEAS,Sham,Available-case,"No directly tabulated mean/SD or event/denominator for current quantitative body; preserve original statistic, no automatic median or graph conversion. Source QC: Number of PCA deliveries; not opioid dose.",
AUDIT-0135,NONE,HOLD,Opioid demand,72 h after surgery,TEAS,Sham,Available-case,"No directly tabulated mean/SD or event/denominator for current quantitative body; preserve original statistic, no automatic median or graph conversion. Source QC: Counts of button attempts; not opioid dose.",
AUDIT-0136,NONE,HOLD,Opioid demand,72 h after surgery,TEAS,Sham,Available-case,"No directly tabulated mean/SD or event/denominator for current quantitative body; preserve original statistic, no automatic median or graph conversion. Source QC: Number of PCA deliveries; not opioid dose.",
AUDIT-0137,NONE,EXCLUDE,Functional recovery,Postoperative,TEAS,Sham,Available-case,Outside defined quantitative estimands; retained in full descriptive extraction. Source QC: NOT REPORTED,
AUDIT-0139,NONE,EXCLUDE,PONV,6 h post-OP,TEAS,Sham,Unstated,Outside defined quantitative estimands; retained in full descriptive extraction. Source QC: These are assessment-time PONV occurrence counts as printed; the article does not relabel them as cumulative 0–x-hour windows.,
AUDIT-0140,NONE,EXCLUDE,Pain,12 h post-OP,TEAS,Sham,Unstated,"Outside defined quantitative estimands; retained in full descriptive extraction. Source QC: This is a dichotomized VAS threshold, not a continuous VAS score.",
AUDIT-0141,NONE,EXCLUDE,PONV,12 h post-OP,TEAS,Sham,Unstated,Outside defined quantitative estimands; retained in full descriptive extraction. Source QC: These are assessment-time PONV occurrence counts as printed; the article does not relabel them as cumulative 0–x-hour windows.,
AUDIT-0142,NONE,EXCLUDE,Pain,9 am on day 1,TEAS,Sham,Unstated,"Outside defined quantitative estimands; retained in full descriptive extraction. Source QC: This is a dichotomized VAS threshold, not a continuous VAS score.",
AUDIT-0143,NONE,EXCLUDE,PONV,9 am on day 1,TEAS,Sham,Unstated,Outside defined quantitative estimands; retained in full descriptive extraction. Source QC: These are assessment-time PONV occurrence counts as printed; the article does not relabel them as cumulative 0–x-hour windows.,
AUDIT-0144,NONE,EXCLUDE,Pain,3 pm on day 1,TEAS,Sham,Unstated,"Outside defined quantitative estimands; retained in full descriptive extraction. Source QC: This is a dichotomized VAS threshold, not a continuous VAS score.",
AUDIT-0145,NONE,EXCLUDE,PONV,3 pm on day 1,TEAS,Sham,Unstated,Outside defined quantitative estimands; retained in full descriptive extraction. Source QC: These are assessment-time PONV occurrence counts as printed; the article does not relabel them as cumulative 0–x-hour windows.,
AUDIT-0146,NONE,EXCLUDE,Pain,9 am on day 2,TEAS,Sham,Unstated,"Outside defined quantitative estimands; retained in full descriptive extraction. Source QC: This is a dichotomized VAS threshold, not a continuous VAS score.",
AUDIT-0147,NONE,EXCLUDE,PONV,9 am on day 2,TEAS,Sham,Unstated,Outside defined quantitative estimands; retained in full descriptive extraction. Source QC: These are assessment-time PONV occurrence counts as printed; the article does not relabel them as cumulative 0–x-hour windows.,
AUDIT-0148,NONE,EXCLUDE,Pain,3 pm on day 2,TEAS,Sham,Unstated,"Outside defined quantitative estimands; retained in full descriptive extraction. Source QC: This is a dichotomized VAS threshold, not a continuous VAS score.",
AUDIT-0149,NONE,EXCLUDE,PONV,3 pm on day 2,TEAS,Sham,Unstated,Outside defined quantitative estimands; retained in full descriptive extraction. Source QC: These are assessment-time PONV occurrence counts as printed; the article does not relabel them as cumulative 0–x-hour windows.,
AUDIT-0150,NONE,EXCLUDE,Length of stay,From date of surgery to discharge,TEAS,Sham,Unstated,Outside defined quantitative estimands; retained in full descriptive extraction. Source QC: Table 6 uses ** and footnote **P <0.01 vs group S rather than a numeric exact P value.,
AUDIT-0151,NONE,EXCLUDE,Pain,4 h,TEAS,Sham,Available-case/completer analysis,Outside defined quantitative estimands; retained in full descriptive extraction. Source QC: Exact P value is not printed; source reports P<0.05.,
AUDIT-0152,NONE,EXCLUDE,Pain,8 h,TEAS,Sham,Available-case/completer analysis,Outside defined quantitative estimands; retained in full descriptive extraction. Source QC: Exact P value is not printed; source reports P<0.05.,
AUDIT-0153,NONE,HOLD,Pain,16 h,TEAS,Sham,Available-case/completer analysis,"No directly tabulated mean/SD or event/denominator for current quantitative body; preserve original statistic, no automatic median or graph conversion. Source QC: No exact numeric values are printed; do not estimate from bar height.",
AUDIT-0154,NONE,HOLD,Pain,36 h,TEAS,Sham,Available-case/completer analysis,"No directly tabulated mean/SD or event/denominator for current quantitative body; preserve original statistic, no automatic median or graph conversion. Source QC: No exact numeric values are printed; do not estimate from bar height.",
AUDIT-0155,NONE,HOLD,Opioid demand,16 h,TEAS,Sham,Available-case/completer analysis,"No directly tabulated mean/SD or event/denominator for current quantitative body; preserve original statistic, no automatic median or graph conversion. Source QC: No exact numeric 16-h value is printed. PCIA contains sufentanil plus dexmedetomidine, flurbiprofen and palonosetron; do not label solution volume as pure opioid mass.",
AUDIT-0156,NONE,HOLD,PONV,Postoperative follow-up; exact window not stated,TEAS,Sham,Available-case/completer analysis,"Source ambiguity or unavailable required statistic: Source definition, timepoint, denominator, scale, statistic, or post-randomization subset requires adjudication; see raw source/QC. Source QC: Results text reports 12% vs 32.2%; these match 7/58 and 19/59. The exact observation window is not stated, although discussion says most PONV occurred within 24 h.",
AUDIT-0157,NONE,EXCLUDE,Patient satisfaction,36 h postoperatively,TEAS,Sham,Available-case/completer analysis,"Outside defined quantitative estimands; retained in full descriptive extraction. Source QC: Table 4 category counts are internally coherent, but Results text reports 'moderately satisfied and above' 67.3% vs 42.4%, which does not reconcile with the table. Do not use that composite without adjudication.",
AUDIT-0158,NONE,EXCLUDE,Patient satisfaction,36 h postoperatively,TEAS,Sham,Available-case/completer analysis,"Outside defined quantitative estimands; retained in full descriptive extraction. Source QC: Table 4 category counts are internally coherent, but Results text reports 'moderately satisfied and above' 67.3% vs 42.4%, which does not reconcile with the table. Do not use that composite without adjudication.",
AUDIT-0159,NONE,EXCLUDE,Patient satisfaction,36 h postoperatively,TEAS,Sham,Available-case/completer analysis,"Outside defined quantitative estimands; retained in full descriptive extraction. Source QC: Table 4 category counts are internally coherent, but Results text reports 'moderately satisfied and above' 67.3% vs 42.4%, which does not reconcile with the table. Do not use that composite without adjudication.",
AUDIT-0160,NONE,EXCLUDE,Patient satisfaction,36 h postoperatively,TEAS,Sham,Available-case/completer analysis,"Outside defined quantitative estimands; retained in full descriptive extraction. Source QC: Table 4 category counts are internally coherent, but Results text reports 'moderately satisfied and above' 67.3% vs 42.4%, which does not reconcile with the table. Do not use that composite without adjudication.",
AUDIT-0161,NONE,HOLD,Pain,24 h,EA,Usual care,Available-case/completer analysis,"No directly tabulated mean/SD or event/denominator for current quantitative body; preserve original statistic, no automatic median or graph conversion. Source QC: Table explicitly labels dispersion as min-max, not IQR.",
AUDIT-0162,NONE,HOLD,Pain,48 h,EA,Usual care,Available-case/completer analysis,"No directly tabulated mean/SD or event/denominator for current quantitative body; preserve original statistic, no automatic median or graph conversion. Source QC: Table explicitly labels dispersion as min-max, not IQR.",
AUDIT-0163,NONE,HOLD,Pain,72 h,EA,Usual care,Available-case/completer analysis,"No directly tabulated mean/SD or event/denominator for current quantitative body; preserve original statistic, no automatic median or graph conversion. Source QC: Table explicitly labels dispersion as min-max, not IQR.",
AUDIT-0164,NONE,HOLD,GI recovery,24 h,EA,Usual care,Available-case/completer analysis,"No directly tabulated mean/SD or event/denominator for current quantitative body; preserve original statistic, no automatic median or graph conversion. Source QC: Table explicitly labels dispersion as min-max. Equal medians at 24 h do not invalidate the reported rank-test P value.",
AUDIT-0165,NONE,HOLD,GI recovery,48 h,EA,Usual care,Available-case/completer analysis,"No directly tabulated mean/SD or event/denominator for current quantitative body; preserve original statistic, no automatic median or graph conversion. Source QC: Table explicitly labels dispersion as min-max. Equal medians at 24 h do not invalidate the reported rank-test P value.",
AUDIT-0166,NONE,HOLD,GI recovery,72 h,EA,Usual care,Available-case/completer analysis,"No directly tabulated mean/SD or event/denominator for current quantitative body; preserve original statistic, no automatic median or graph conversion. Source QC: Table explicitly labels dispersion as min-max. Equal medians at 24 h do not invalidate the reported rank-test P value.",
AUDIT-0167,NONE,HOLD,Quality of recovery,Day of discharge,EA,Usual care,Available-case/completer analysis,"No directly tabulated mean/SD or event/denominator for current quantitative body; preserve original statistic, no automatic median or graph conversion. Source QC: Table shows a higher EA score; Results prose incorrectly says QoR-40 scores were 'lower' in EA. Higher QoR-40 indicates better recovery.",
AUDIT-0168,NONE,EXCLUDE,Length of stay,Postoperative hospitalization,EA,Usual care,Available-case/completer analysis,Outside defined quantitative estimands; retained in full descriptive extraction. Source QC: Table header states mean (SD).,
AUDIT-0169,NONE,EXCLUDE,PONV,Postoperative,EA,Usual care,Available-case/completer analysis,Outside defined quantitative estimands; retained in full descriptive extraction. Source QC: Table gives postoperative vomiting without a more specific clock-time label.,
AUDIT-0170,NONE,EXCLUDE,Rescue analgesia,Postoperative,EA,Usual care,Available-case/completer analysis,Outside defined quantitative estimands; retained in full descriptive extraction. Source QC: Methods specify ketorolac tromethamine 30 mg IM for VAS≥6 or patient request within 24 h.,
AUDIT-0171,NONE,EXCLUDE,GI adverse event,Postoperative,EA,Usual care,Available-case/completer analysis,Outside defined quantitative estimands; retained in full descriptive extraction. Source QC: Postoperative bowel obstruction.,
AUDIT-0172,NONE,EXCLUDE,Adverse events,Study follow-up,EA,Usual care,Available-case/completer analysis,Outside defined quantitative estimands; retained in full descriptive extraction. Source QC: The article also states no serious adverse events or complications related to the EA procedure were recorded.,
AUDIT-0174,NONE,HOLD,Pain,Postoperative 72 h,TEAS,Sham,Intention-to-treat; all randomized patients,"Source ambiguity or unavailable required statistic: Source definition, timepoint, denominator, scale, statistic, or post-randomization subset requires adjudication; see raw source/QC. Source QC: Main article states symptom scores/vomiting were assessed at postoperative 72 h.",
AUDIT-0175,NONE,HOLD,GI symptoms,Postoperative 72 h,TEAS,Sham,Intention-to-treat; all randomized patients,"Source ambiguity or unavailable required statistic: Source definition, timepoint, denominator, scale, statistic, or post-randomization subset requires adjudication; see raw source/QC. Source QC: Main article states symptom scores/vomiting were assessed at postoperative 72 h.",
AUDIT-0176,NONE,HOLD,PONV,Postoperative 72 h,TEAS,Sham,Intention-to-treat; all randomized patients,"Source ambiguity or unavailable required statistic: Source definition, timepoint, denominator, scale, statistic, or post-randomization subset requires adjudication; see raw source/QC. Source QC: Main article states symptom scores/vomiting were assessed at postoperative 72 h.",
AUDIT-0177,NONE,EXCLUDE,PONV,Postoperative 72 h,TEAS,Sham,Intention-to-treat; all randomized patients,Outside defined quantitative estimands; retained in full descriptive extraction. Source QC: Main article states symptom scores/vomiting were assessed at postoperative 72 h.,
AUDIT-0178,NONE,HOLD,GI recovery,Postoperative,TEAS,Sham,Per-protocol for secondary outcomes,"No directly tabulated mean/SD or event/denominator for current quantitative body; preserve original statistic, no automatic median or graph conversion. Source QC: The effect CI is printed in descending numerical order (−3.8 to −6.0); preserved verbatim.",
AUDIT-0179,NONE,HOLD,Pain,"AMBIGUOUS — single summary; Methods planned 6 h, 24 h and 48 h",TEAS,Sham,Per-protocol for secondary outcomes,"Source ambiguity or unavailable required statistic: Source definition, timepoint, denominator, scale, statistic, or post-randomization subset requires adjudication; see raw source/QC. Source QC: The paper prespecifies NRS at 6, 24 and 48 h but reports only this one numerical summary without identifying which timepoint it represents. Do not relabel as 24 h.",
AUDIT-0180,NONE,EXCLUDE,GI adverse event,Postoperative,TEAS,Sham,Per-protocol for secondary outcomes,Outside defined quantitative estimands; retained in full descriptive extraction. Source QC: NOT REPORTED,
AUDIT-0181,NONE,HOLD,Healthcare utilization,Hospitalization,TEAS,Sham,Per-protocol for secondary outcomes,"No directly tabulated mean/SD or event/denominator for current quantitative body; preserve original statistic, no automatic median or graph conversion. Source QC: The printed effect estimate direction does not equal the raw median difference; preserve as printed and do not recompute silently.",
AUDIT-0182,NONE,HOLD,Length of stay,Postoperative hospitalization,TEAS,Sham,Per-protocol for secondary outcomes,"No directly tabulated mean/SD or event/denominator for current quantitative body; preserve original statistic, no automatic median or graph conversion. Source QC: NOT REPORTED",
AUDIT-0183,NONE,EXCLUDE,Adverse events,Study follow-up,TEAS,Sham,Per-protocol for secondary outcomes,Outside defined quantitative estimands; retained in full descriptive extraction. Source QC: Do not pool the overall adverse-event row together with its component rows in the same analysis.,
AUDIT-0184,NONE,EXCLUDE,Adverse events,Study follow-up,TEAS,Sham,Per-protocol for secondary outcomes,Outside defined quantitative estimands; retained in full descriptive extraction. Source QC: NOT REPORTED,
AUDIT-0185,NONE,EXCLUDE,Adverse events,Study follow-up,TEAS,Sham,Per-protocol for secondary outcomes,Outside defined quantitative estimands; retained in full descriptive extraction. Source QC: NOT REPORTED,
AUDIT-0186,NONE,EXCLUDE,Adverse events,Study follow-up,TEAS,Sham,Per-protocol for secondary outcomes,Outside defined quantitative estimands; retained in full descriptive extraction. Source QC: NOT REPORTED,
AUDIT-0187,NONE,EXCLUDE,Adverse events,Study follow-up,TEAS,Sham,Per-protocol for secondary outcomes,Outside defined quantitative estimands; retained in full descriptive extraction. Source QC: NOT REPORTED,
AUDIT-0188,NONE,HOLD,Sleep quality,POD3,TEAS,Sham,Available-case/completer analysis after protocol breaches,"No directly tabulated mean/SD or event/denominator for current quantitative body; preserve original statistic, no automatic median or graph conversion. Source QC: Exact numerical values are not printed; do not estimate from bar heights.",
AUDIT-0189,NONE,HOLD,Pain,24 h,TEAS,Sham,Available-case/completer analysis after protocol breaches,"No directly tabulated mean/SD or event/denominator for current quantitative body; preserve original statistic, no automatic median or graph conversion. Source QC: Exact mean/SD values are not printed; formal digitization would be required.",
AUDIT-0190,NONE,HOLD,Pain,48 h,TEAS,Sham,Available-case/completer analysis after protocol breaches,"No directly tabulated mean/SD or event/denominator for current quantitative body; preserve original statistic, no automatic median or graph conversion. Source QC: Exact mean/SD values are not printed; formal digitization would be required.",
AUDIT-0191,NONE,HOLD,Pain,72 h,TEAS,Sham,Available-case/completer analysis after protocol breaches,"No directly tabulated mean/SD or event/denominator for current quantitative body; preserve original statistic, no automatic median or graph conversion. Source QC: Exact mean/SD values are not printed; formal digitization would be required.",
AUDIT-0192,NONE,HOLD,Pain,48 h,TEAS,Sham,Available-case/completer analysis after protocol breaches,"No directly tabulated mean/SD or event/denominator for current quantitative body; preserve original statistic, no automatic median or graph conversion. Source QC: Exact mean/SD values are not printed; do not estimate from the graph.",
AUDIT-0193,NONE,HOLD,Pain,72 h,TEAS,Sham,Available-case/completer analysis after protocol breaches,"No directly tabulated mean/SD or event/denominator for current quantitative body; preserve original statistic, no automatic median or graph conversion. Source QC: Exact mean/SD values are not printed; do not estimate from the graph.",
AUDIT-0194,NONE,EXCLUDE,Length of stay,Postoperative hospitalization,TEAS,Sham,Available-case/completer analysis after protocol breaches,Outside defined quantitative estimands; retained in full descriptive extraction. Source QC: NOT REPORTED,
AUDIT-0195,NONE,EXCLUDE,GI adverse event,Within 72 h after surgery,TEAS,Sham,Available-case/completer analysis after protocol breaches,Outside defined quantitative estimands; retained in full descriptive extraction. Source QC: NOT REPORTED,
AUDIT-0196,NONE,EXCLUDE,Adverse events,Within 72 h after surgery,TEAS,Sham,Available-case/completer analysis after protocol breaches,Outside defined quantitative estimands; retained in full descriptive extraction. Source QC: NOT REPORTED,
AUDIT-0197,NONE,EXCLUDE,PONV,Within 72 h after surgery,TEAS,Sham,Available-case/completer analysis after protocol breaches,Outside defined quantitative estimands; retained in full descriptive extraction. Source QC: NOT REPORTED,
AUDIT-0198,NONE,EXCLUDE,Adverse events,Within 72 h after surgery,TEAS,Sham,Available-case/completer analysis after protocol breaches,Outside defined quantitative estimands; retained in full descriptive extraction. Source QC: NOT REPORTED,
AUDIT-0199,NONE,EXCLUDE,PONV,0–2 h after craniotomy,TEAS,Sham,Available-case/completer analysis (115 analyzed),Outside defined quantitative estimands; retained in full descriptive extraction. Source QC: NOT REPORTED,
AUDIT-0200,NONE,HOLD,PONV,0–2 h after craniotomy,TEAS,Sham,Available-case/completer analysis (115 analyzed),"No directly tabulated mean/SD or event/denominator for current quantitative body; preserve original statistic, no automatic median or graph conversion. Source QC: The paper describes a 4-class WHO PONV rating: 0 no nausea, 1 mild nausea/abdominal discomfort, 2 evident nausea without vomiting, 3 extreme nausea/vomiting.",
AUDIT-0201,NONE,HOLD,PONV,2–6 h after craniotomy,TEAS,Sham,Available-case/completer analysis (115 analyzed),"No directly tabulated mean/SD or event/denominator for current quantitative body; preserve original statistic, no automatic median or graph conversion. Source QC: The paper describes a 4-class WHO PONV rating: 0 no nausea, 1 mild nausea/abdominal discomfort, 2 evident nausea without vomiting, 3 extreme nausea/vomiting.",
AUDIT-0202,NONE,HOLD,PONV,6–24 h after craniotomy,TEAS,Sham,Available-case/completer analysis (115 analyzed),"No directly tabulated mean/SD or event/denominator for current quantitative body; preserve original statistic, no automatic median or graph conversion. Source QC: The paper describes a 4-class WHO PONV rating: 0 no nausea, 1 mild nausea/abdominal discomfort, 2 evident nausea without vomiting, 3 extreme nausea/vomiting.",
AUDIT-0203,NONE,EXCLUDE,Rescue antiemetic,0–2 h after craniotomy,TEAS,Sham,Available-case/completer analysis (115 analyzed),Outside defined quantitative estimands; retained in full descriptive extraction. Source QC: Metoclopramide 10 mg IM was the prespecified rescue antiemetic for difficult-to-tolerate nausea/vomiting.,
AUDIT-0204,NONE,EXCLUDE,Rescue antiemetic,2–6 h after craniotomy,TEAS,Sham,Available-case/completer analysis (115 analyzed),Outside defined quantitative estimands; retained in full descriptive extraction. Source QC: Metoclopramide 10 mg IM was the prespecified rescue antiemetic for difficult-to-tolerate nausea/vomiting.,
AUDIT-0205,NONE,EXCLUDE,Rescue antiemetic,6–24 h after craniotomy,TEAS,Sham,Available-case/completer analysis (115 analyzed),Outside defined quantitative estimands; retained in full descriptive extraction. Source QC: Metoclopramide 10 mg IM was the prespecified rescue antiemetic for difficult-to-tolerate nausea/vomiting.,
AUDIT-0206,NONE,HOLD,Pain,0–2 h after craniotomy,TEAS,Sham,Available-case/completer analysis (115 analyzed),"No directly tabulated mean/SD or event/denominator for current quantitative body; preserve original statistic, no automatic median or graph conversion. Source QC: NOT REPORTED",
AUDIT-0207,NONE,HOLD,Pain,2–6 h after craniotomy,TEAS,Sham,Available-case/completer analysis (115 analyzed),"No directly tabulated mean/SD or event/denominator for current quantitative body; preserve original statistic, no automatic median or graph conversion. Source QC: NOT REPORTED",
AUDIT-0208,NONE,EXCLUDE,Adverse events,0–24 h testing period,TEAS,Sham,Available-case/completer analysis (115 analyzed),"Outside defined quantitative estimands; retained in full descriptive extraction. Source QC: The article prospectively listed malignant arrhythmia, abnormal blood-pressure fluctuation, fainting, serious pain and local infection as TEAS adverse events.",
AUDIT-0209,NONE,HOLD,Pain,1 h,TEAS,Sham,Available-case/completer analysis,"No directly tabulated mean/SD or event/denominator for current quantitative body; preserve original statistic, no automatic median or graph conversion. Source QC: Exact numerical values are not printed in text/table. No visual digitization performed.",
AUDIT-0210,NONE,HOLD,Pain,6 h,TEAS,Sham,Available-case/completer analysis,"No directly tabulated mean/SD or event/denominator for current quantitative body; preserve original statistic, no automatic median or graph conversion. Source QC: Exact numerical values are not printed in text/table. No visual digitization performed.",
AUDIT-0211,NONE,HOLD,Pain,24 h,TEAS,Sham,Available-case/completer analysis,"No directly tabulated mean/SD or event/denominator for current quantitative body; preserve original statistic, no automatic median or graph conversion. Source QC: Exact numerical values are not printed in text/table. No visual digitization performed.",
AUDIT-0212,NONE,HOLD,Pain,48 h,TEAS,Sham,Available-case/completer analysis,"No directly tabulated mean/SD or event/denominator for current quantitative body; preserve original statistic, no automatic median or graph conversion. Source QC: Exact numerical values are not printed in text/table. No visual digitization performed.",
AUDIT-0213,NONE,HOLD,Pain,1 h,TEAS,Sham,Available-case/completer analysis,"No directly tabulated mean/SD or event/denominator for current quantitative body; preserve original statistic, no automatic median or graph conversion. Source QC: Exact numerical values are not printed in text/table. No visual digitization performed.",
AUDIT-0214,NONE,HOLD,Pain,6 h,TEAS,Sham,Available-case/completer analysis,"No directly tabulated mean/SD or event/denominator for current quantitative body; preserve original statistic, no automatic median or graph conversion. Source QC: Exact numerical values are not printed in text/table. No visual digitization performed.",
AUDIT-0215,NONE,HOLD,Pain,48 h,TEAS,Sham,Available-case/completer analysis,"No directly tabulated mean/SD or event/denominator for current quantitative body; preserve original statistic, no automatic median or graph conversion. Source QC: Exact numerical values are not printed in text/table. No visual digitization performed.",
AUDIT-0216,NONE,HOLD,Pain,1 h,TEAS,Sham,Available-case/completer analysis,"No directly tabulated mean/SD or event/denominator for current quantitative body; preserve original statistic, no automatic median or graph conversion. Source QC: Exact numerical values are not printed in text/table. No visual digitization performed.",
AUDIT-0217,NONE,HOLD,Pain,6 h,TEAS,Sham,Available-case/completer analysis,"No directly tabulated mean/SD or event/denominator for current quantitative body; preserve original statistic, no automatic median or graph conversion. Source QC: Exact numerical values are not printed in text/table. No visual digitization performed.",
AUDIT-0218,NONE,HOLD,Pain,24 h,TEAS,Sham,Available-case/completer analysis,"No directly tabulated mean/SD or event/denominator for current quantitative body; preserve original statistic, no automatic median or graph conversion. Source QC: Exact numerical values are not printed in text/table. No visual digitization performed.",
AUDIT-0219,NONE,HOLD,Pain,48 h,TEAS,Sham,Available-case/completer analysis,"No directly tabulated mean/SD or event/denominator for current quantitative body; preserve original statistic, no automatic median or graph conversion. Source QC: Exact numerical values are not printed in text/table. No visual digitization performed.",
AUDIT-0220,NONE,HOLD,Pain,1 h,TEAS,Sham,Available-case/completer analysis,"No directly tabulated mean/SD or event/denominator for current quantitative body; preserve original statistic, no automatic median or graph conversion. Source QC: Exact numerical values are not printed in text/table. No visual digitization performed.",
AUDIT-0221,NONE,HOLD,Pain,6 h,TEAS,Sham,Available-case/completer analysis,"No directly tabulated mean/SD or event/denominator for current quantitative body; preserve original statistic, no automatic median or graph conversion. Source QC: Exact numerical values are not printed in text/table. No visual digitization performed.",
AUDIT-0222,NONE,HOLD,Pain,48 h,TEAS,Sham,Available-case/completer analysis,"No directly tabulated mean/SD or event/denominator for current quantitative body; preserve original statistic, no automatic median or graph conversion. Source QC: Exact numerical values are not printed in text/table. No visual digitization performed.",
AUDIT-0223,NONE,HOLD,Pain,1 h,TEAS,Sham,Available-case/completer analysis,"No directly tabulated mean/SD or event/denominator for current quantitative body; preserve original statistic, no automatic median or graph conversion. Source QC: Exact numerical values are not printed in text/table. No visual digitization performed.",
AUDIT-0224,NONE,HOLD,Pain,6 h,TEAS,Sham,Available-case/completer analysis,"No directly tabulated mean/SD or event/denominator for current quantitative body; preserve original statistic, no automatic median or graph conversion. Source QC: Exact numerical values are not printed in text/table. No visual digitization performed.",
AUDIT-0225,NONE,HOLD,Pain,24 h,TEAS,Sham,Available-case/completer analysis,"No directly tabulated mean/SD or event/denominator for current quantitative body; preserve original statistic, no automatic median or graph conversion. Source QC: Exact numerical values are not printed in text/table. No visual digitization performed.",
AUDIT-0226,NONE,HOLD,Pain,48 h,TEAS,Sham,Available-case/completer analysis,"No directly tabulated mean/SD or event/denominator for current quantitative body; preserve original statistic, no automatic median or graph conversion. Source QC: Exact numerical values are not printed in text/table. No visual digitization performed.",
AUDIT-0227,NONE,HOLD,Pain,1 h,TEAS,Sham,Available-case/completer analysis,"No directly tabulated mean/SD or event/denominator for current quantitative body; preserve original statistic, no automatic median or graph conversion. Source QC: Exact numerical values are not printed in text/table. No visual digitization performed.",
AUDIT-0228,NONE,HOLD,Pain,6 h,TEAS,Sham,Available-case/completer analysis,"No directly tabulated mean/SD or event/denominator for current quantitative body; preserve original statistic, no automatic median or graph conversion. Source QC: Exact numerical values are not printed in text/table. No visual digitization performed.",
AUDIT-0229,NONE,HOLD,Pain,48 h,TEAS,Sham,Available-case/completer analysis,"No directly tabulated mean/SD or event/denominator for current quantitative body; preserve original statistic, no automatic median or graph conversion. Source QC: Exact numerical values are not printed in text/table. No visual digitization performed.",
AUDIT-0230,NONE,EXCLUDE,PONV,Within 48 h after surgery,TEAS,Sham,Available-case/completer analysis,Outside defined quantitative estimands; retained in full descriptive extraction. Source QC: Only percentages and 95% confidence intervals are printed. Raw event counts are NOT REPORTED and were not reverse-engineered.,
AUDIT-0231,NONE,EXCLUDE,PONV,Within 48 h after surgery,TEAS,Sham,Available-case/completer analysis,Outside defined quantitative estimands; retained in full descriptive extraction. Source QC: Only percentages and 95% confidence intervals are printed. Raw event counts are NOT REPORTED and were not reverse-engineered.,
AUDIT-0232,NONE,EXCLUDE,PONV,Within 48 h after surgery,TEAS,Sham,Available-case/completer analysis,Outside defined quantitative estimands; retained in full descriptive extraction. Source QC: Only percentages and 95% confidence intervals are printed. Raw event counts are NOT REPORTED and were not reverse-engineered.,
AUDIT-0233,NONE,EXCLUDE,PONV,Within 48 h after surgery,TEAS,Sham,Available-case/completer analysis,Outside defined quantitative estimands; retained in full descriptive extraction. Source QC: Only percentages and 95% confidence intervals are printed. Raw event counts are NOT REPORTED and were not reverse-engineered.,
AUDIT-0234,NONE,EXCLUDE,PONV,Within 48 h after surgery,TEAS,Sham,Available-case/completer analysis,Outside defined quantitative estimands; retained in full descriptive extraction. Source QC: Only percentages and 95% confidence intervals are printed. Raw event counts are NOT REPORTED and were not reverse-engineered.,
AUDIT-0235,NONE,EXCLUDE,PONV,Within 48 h after surgery,TEAS,Sham,Available-case/completer analysis,Outside defined quantitative estimands; retained in full descriptive extraction. Source QC: Only percentages and 95% confidence intervals are printed. Raw event counts are NOT REPORTED and were not reverse-engineered.,
AUDIT-0236,NONE,EXCLUDE,Rescue antiemetic,Within 48 h after surgery,TEAS,Sham,Available-case/completer analysis,Outside defined quantitative estimands; retained in full descriptive extraction. Source QC: Only percentages and 95% confidence intervals are printed. Raw event counts are NOT REPORTED and were not reverse-engineered.,
AUDIT-0237,NONE,EXCLUDE,Rescue antiemetic,Within 48 h after surgery,TEAS,Sham,Available-case/completer analysis,Outside defined quantitative estimands; retained in full descriptive extraction. Source QC: Only percentages and 95% confidence intervals are printed. Raw event counts are NOT REPORTED and were not reverse-engineered.,
AUDIT-0238,NONE,EXCLUDE,Rescue antiemetic,Within 48 h after surgery,TEAS,Sham,Available-case/completer analysis,Outside defined quantitative estimands; retained in full descriptive extraction. Source QC: Only percentages and 95% confidence intervals are printed. Raw event counts are NOT REPORTED and were not reverse-engineered.,
AUDIT-0239,NONE,EXCLUDE,Patient satisfaction,Postoperative assessment; exact clock time not separately stated,TEAS,Sham,Available-case/completer analysis,Outside defined quantitative estimands; retained in full descriptive extraction. Source QC: Only percentages and 95% confidence intervals are printed. Raw event counts are NOT REPORTED and were not reverse-engineered.,
AUDIT-0240,NONE,EXCLUDE,Patient satisfaction,Postoperative assessment; exact clock time not separately stated,TEAS,Sham,Available-case/completer analysis,Outside defined quantitative estimands; retained in full descriptive extraction. Source QC: Only percentages and 95% confidence intervals are printed. Raw event counts are NOT REPORTED and were not reverse-engineered.,
AUDIT-0241,NONE,EXCLUDE,Patient satisfaction,Postoperative assessment; exact clock time not separately stated,TEAS,Sham,Available-case/completer analysis,Outside defined quantitative estimands; retained in full descriptive extraction. Source QC: Only percentages and 95% confidence intervals are printed. Raw event counts are NOT REPORTED and were not reverse-engineered.,
AUDIT-0242,NONE,EXCLUDE,Intraoperative opioid,Intraoperative,TEAS,Sham,Available-case/completer analysis,Outside defined quantitative estimands; retained in full descriptive extraction. Source QC: Authors converted intraoperative sufentanil/remifentanil to a study-defined morphine metric using their stated equivalencies. Preserve as author-defined; do not mix automatically with standardized postoperative IV MME.,
AUDIT-0243,NONE,EXCLUDE,Intraoperative opioid,Intraoperative,TEAS,Sham,Available-case/completer analysis,Outside defined quantitative estimands; retained in full descriptive extraction. Source QC: Authors converted intraoperative sufentanil/remifentanil to a study-defined morphine metric using their stated equivalencies. Preserve as author-defined; do not mix automatically with standardized postoperative IV MME.,
AUDIT-0244,NONE,EXCLUDE,Intraoperative opioid,Intraoperative,TEAS,Sham,Available-case/completer analysis,Outside defined quantitative estimands; retained in full descriptive extraction. Source QC: Authors converted intraoperative sufentanil/remifentanil to a study-defined morphine metric using their stated equivalencies. Preserve as author-defined; do not mix automatically with standardized postoperative IV MME.,
AUDIT-0245,NONE,EXCLUDE,Functional recovery,Postoperative,TEAS,Sham,Available-case/completer analysis,Outside defined quantitative estimands; retained in full descriptive extraction. Source QC: NOT REPORTED,
AUDIT-0246,NONE,EXCLUDE,Functional recovery,Postoperative,TEAS,Sham,Available-case/completer analysis,Outside defined quantitative estimands; retained in full descriptive extraction. Source QC: NOT REPORTED,
AUDIT-0247,NONE,EXCLUDE,Functional recovery,Postoperative,TEAS,Sham,Available-case/completer analysis,Outside defined quantitative estimands; retained in full descriptive extraction. Source QC: NOT REPORTED,
AUDIT-0248,NONE,EXCLUDE,Functional recovery,Postoperative,TEAS,Sham,Available-case/completer analysis,Outside defined quantitative estimands; retained in full descriptive extraction. Source QC: NOT REPORTED,
AUDIT-0249,NONE,EXCLUDE,Functional recovery,Postoperative,TEAS,Sham,Available-case/completer analysis,Outside defined quantitative estimands; retained in full descriptive extraction. Source QC: NOT REPORTED,
AUDIT-0250,NONE,EXCLUDE,Functional recovery,Postoperative,TEAS,Sham,Available-case/completer analysis,Outside defined quantitative estimands; retained in full descriptive extraction. Source QC: NOT REPORTED,
AUDIT-0257,NONE,EXCLUDE,Adverse events,0–48 h postoperative,TEAS,Sham,Available-case/completer analysis,"Outside defined quantitative estimands; retained in full descriptive extraction. Source QC: Specific monitored TEAS side effects included local irritation, redness, contact dermatitis and muscle ache.",
AUDIT-0258,NONE,EXCLUDE,Adverse events,0–48 h postoperative,TEAS,Sham,Available-case/completer analysis,"Outside defined quantitative estimands; retained in full descriptive extraction. Source QC: Specific monitored TEAS side effects included local irritation, redness, contact dermatitis and muscle ache.",
AUDIT-0259,NONE,EXCLUDE,Adverse events,0–48 h postoperative,TEAS,Sham,Available-case/completer analysis,"Outside defined quantitative estimands; retained in full descriptive extraction. Source QC: Specific monitored TEAS side effects included local irritation, redness, contact dermatitis and muscle ache.",
AUDIT-0260,NONE,EXCLUDE,Pain,0–24 h mean across 6-hourly assessments,EA,Sham,All randomized/analyzed,"Outside defined quantitative estimands; retained in full descriptive extraction. Source QC: Table footnote states these are mean values over 24 h, not the exact 24-h point measurement.",
AUDIT-0261,NONE,EXCLUDE,Pain,0–24 h mean across 6-hourly assessments,EA,Sham,All randomized/analyzed,"Outside defined quantitative estimands; retained in full descriptive extraction. Source QC: Table footnote states these are mean values over 24 h, not the exact 24-h point measurement.",
AUDIT-0262,NONE,EXCLUDE,Pain,6 h,EA,Sham,All randomized/analyzed,Outside defined quantitative estimands; retained in full descriptive extraction. Source QC: Exact group values for this individual clock-time assessment are NOT REPORTED. Do not substitute the Table 2 24-h mean.,
AUDIT-0263,NONE,EXCLUDE,Pain,12 h,EA,Sham,All randomized/analyzed,Outside defined quantitative estimands; retained in full descriptive extraction. Source QC: Exact group values for this individual clock-time assessment are NOT REPORTED. Do not substitute the Table 2 24-h mean.,
AUDIT-0264,NONE,EXCLUDE,Pain,18 h,EA,Sham,All randomized/analyzed,Outside defined quantitative estimands; retained in full descriptive extraction. Source QC: Exact group values for this individual clock-time assessment are NOT REPORTED. Do not substitute the Table 2 24-h mean.,
AUDIT-0265,NONE,EXCLUDE,Pain,24 h,EA,Sham,All randomized/analyzed,Outside defined quantitative estimands; retained in full descriptive extraction. Source QC: Exact group values for this individual clock-time assessment are NOT REPORTED. Do not substitute the Table 2 24-h mean.,
AUDIT-0266,NONE,EXCLUDE,Pain,6 h,EA,Sham,All randomized/analyzed,Outside defined quantitative estimands; retained in full descriptive extraction. Source QC: Exact group values for this individual clock-time assessment are NOT REPORTED. Do not substitute the Table 2 24-h mean.,
AUDIT-0267,NONE,EXCLUDE,Pain,12 h,EA,Sham,All randomized/analyzed,Outside defined quantitative estimands; retained in full descriptive extraction. Source QC: Exact group values for this individual clock-time assessment are NOT REPORTED. Do not substitute the Table 2 24-h mean.,
AUDIT-0268,NONE,EXCLUDE,Pain,18 h,EA,Sham,All randomized/analyzed,Outside defined quantitative estimands; retained in full descriptive extraction. Source QC: Exact group values for this individual clock-time assessment are NOT REPORTED. Do not substitute the Table 2 24-h mean.,
AUDIT-0269,NONE,EXCLUDE,Pain,24 h,EA,Sham,All randomized/analyzed,Outside defined quantitative estimands; retained in full descriptive extraction. Source QC: Exact group values for this individual clock-time assessment are NOT REPORTED. Do not substitute the Table 2 24-h mean.,
AUDIT-0270,NONE,EXCLUDE,PONV,0–24 h,EA,Sham,All randomized/analyzed,Outside defined quantitative estimands; retained in full descriptive extraction. Source QC: Raw event counts are NOT REPORTED and were not reconstructed from rounded percentages.,
AUDIT-0271,NONE,EXCLUDE,PONV,0–24 h,EA,Sham,All randomized/analyzed,Outside defined quantitative estimands; retained in full descriptive extraction. Source QC: Raw event counts are NOT REPORTED and were not reconstructed from rounded percentages.,
AUDIT-0272,NONE,EXCLUDE,Opioid-related adverse effect,0–24 h,EA,Sham,All randomized/analyzed,Outside defined quantitative estimands; retained in full descriptive extraction. Source QC: Raw event counts are NOT REPORTED and were not reconstructed from rounded percentages.,
AUDIT-0273,NONE,EXCLUDE,Opioid-related adverse effect,0–24 h,EA,Sham,All randomized/analyzed,Outside defined quantitative estimands; retained in full descriptive extraction. Source QC: Raw event counts are NOT REPORTED and were not reconstructed from rounded percentages.,
AUDIT-0274,NONE,EXCLUDE,Opioid-related adverse effect,0–24 h,EA,Sham,All randomized/analyzed,Outside defined quantitative estimands; retained in full descriptive extraction. Source QC: Raw event counts are NOT REPORTED and were not reconstructed from rounded percentages.,
AUDIT-0275,NONE,EXCLUDE,Opioid-related adverse effect,0–24 h,EA,Sham,All randomized/analyzed,Outside defined quantitative estimands; retained in full descriptive extraction. Source QC: Raw event counts are NOT REPORTED and were not reconstructed from rounded percentages.,
AUDIT-0276,NONE,HOLD,Opioid consumption,0–6 h,EA,Sham,All randomized/analyzed,"No directly tabulated mean/SD or event/denominator for current quantitative body; preserve original statistic, no automatic median or graph conversion. Source QC: Exact numerical interval value is not printed. No visual digitization performed.",
AUDIT-0277,NONE,HOLD,Opioid consumption,12–18 h,EA,Sham,All randomized/analyzed,"No directly tabulated mean/SD or event/denominator for current quantitative body; preserve original statistic, no automatic median or graph conversion. Source QC: Exact numerical interval value is not printed. No visual digitization performed.",
AUDIT-0278,NONE,HOLD,Opioid consumption,18–24 h,EA,Sham,All randomized/analyzed,"No directly tabulated mean/SD or event/denominator for current quantitative body; preserve original statistic, no automatic median or graph conversion. Source QC: Exact numerical interval value is not printed. No visual digitization performed.",
AUDIT-0279,NONE,HOLD,Opioid consumption,0–6 h,EA,Sham,All randomized/analyzed,"No directly tabulated mean/SD or event/denominator for current quantitative body; preserve original statistic, no automatic median or graph conversion. Source QC: Exact numerical interval value is not printed. No visual digitization performed.",
AUDIT-0280,NONE,HOLD,Opioid consumption,12–18 h,EA,Sham,All randomized/analyzed,"No directly tabulated mean/SD or event/denominator for current quantitative body; preserve original statistic, no automatic median or graph conversion. Source QC: Exact numerical interval value is not printed. No visual digitization performed.",
AUDIT-0281,NONE,HOLD,Opioid consumption,18–24 h,EA,Sham,All randomized/analyzed,"No directly tabulated mean/SD or event/denominator for current quantitative body; preserve original statistic, no automatic median or graph conversion. Source QC: Exact numerical interval value is not printed. No visual digitization performed.",
AUDIT-0282,NONE,EXCLUDE,Functional recovery,Immediate postoperative recovery,TEAS,Sham,Intention-to-treat,Outside defined quantitative estimands; retained in full descriptive extraction. Source QC: NOT REPORTED,
AUDIT-0283,NONE,EXCLUDE,Functional recovery,Immediate postoperative recovery,TEAS,Sham,Intention-to-treat,Outside defined quantitative estimands; retained in full descriptive extraction. Source QC: NOT REPORTED,
AUDIT-0284,NONE,EXCLUDE,Functional recovery,Immediate postoperative recovery,TEAS,Sham,Intention-to-treat,Outside defined quantitative estimands; retained in full descriptive extraction. Source QC: NOT REPORTED,
AUDIT-0285,NONE,EXCLUDE,Functional recovery,Immediate postoperative recovery,TEAS,Sham,Intention-to-treat,Outside defined quantitative estimands; retained in full descriptive extraction. Source QC: NOT REPORTED,
AUDIT-0286,NONE,HOLD,Pain,24 h after surgery,TEAS,Sham,Intention-to-treat,"No directly tabulated mean/SD or event/denominator for current quantitative body; preserve original statistic, no automatic median or graph conversion. Source QC: INTERNAL SOURCE CONFLICT: Table 3 and Results prose give different omnibus P values. Values are taken from Table 3; both P values are preserved.",
AUDIT-0287,NONE,HOLD,Pain,24 h after surgery,TEAS,Sham,Intention-to-treat,"No directly tabulated mean/SD or event/denominator for current quantitative body; preserve original statistic, no automatic median or graph conversion. Source QC: INTERNAL SOURCE CONFLICT: Table 3 and Results prose give different omnibus P values. Values are taken from Table 3; both P values are preserved.",
AUDIT-0288,NONE,HOLD,Pain,24 h after surgery,TEAS,Sham,Intention-to-treat,"No directly tabulated mean/SD or event/denominator for current quantitative body; preserve original statistic, no automatic median or graph conversion. Source QC: INTERNAL SOURCE CONFLICT: Table 3 and Results prose give different omnibus P values. Values are taken from Table 3; both P values are preserved.",
AUDIT-0289,NONE,HOLD,Pain,24 h after surgery,TEAS,Sham,Intention-to-treat,"No directly tabulated mean/SD or event/denominator for current quantitative body; preserve original statistic, no automatic median or graph conversion. Source QC: INTERNAL SOURCE CONFLICT: Table 3 and Results prose give different omnibus P values. Values are taken from Table 3; both P values are preserved.",
AUDIT-0290,NONE,EXCLUDE,Rescue analgesia,0–24 h,TEAS,Sham,Intention-to-treat,Outside defined quantitative estimands; retained in full descriptive extraction. Source QC: INTERNAL SOURCE CONFLICT in reported omnibus P value. Rescue protocol: parecoxib sodium 40 mg for NRS >4.,
AUDIT-0291,NONE,EXCLUDE,Rescue analgesia,0–24 h,TEAS,Sham,Intention-to-treat,Outside defined quantitative estimands; retained in full descriptive extraction. Source QC: INTERNAL SOURCE CONFLICT in reported omnibus P value. Rescue protocol: parecoxib sodium 40 mg for NRS >4.,
AUDIT-0296,NONE,EXCLUDE,PONV,0–24 h,TEAS,Sham,Intention-to-treat,Outside defined quantitative estimands; retained in full descriptive extraction. Source QC: NOT REPORTED,
AUDIT-0297,NONE,EXCLUDE,PONV,0–24 h,TEAS,Sham,Intention-to-treat,Outside defined quantitative estimands; retained in full descriptive extraction. Source QC: NOT REPORTED,
AUDIT-0298,NONE,HOLD,Patient satisfaction,By 24 h after surgery,TEAS,Sham,Intention-to-treat,"Source ambiguity or unavailable required statistic: Source definition, timepoint, denominator, scale, statistic, or post-randomization subset requires adjudication; see raw source/QC. Source QC: NOT REPORTED",
AUDIT-0299,NONE,HOLD,Patient satisfaction,By 24 h after surgery,TEAS,Sham,Intention-to-treat,"Source ambiguity or unavailable required statistic: Source definition, timepoint, denominator, scale, statistic, or post-randomization subset requires adjudication; see raw source/QC. Source QC: NOT REPORTED",
AUDIT-0300,NONE,EXCLUDE,Chronic pain,3 months,TEAS,Sham,Intention-to-treat,Outside defined quantitative estimands; retained in full descriptive extraction. Source QC: NOT REPORTED,
AUDIT-0301,NONE,EXCLUDE,Chronic pain,3 months,TEAS,Sham,Intention-to-treat,Outside defined quantitative estimands; retained in full descriptive extraction. Source QC: NOT REPORTED,
AUDIT-0302,NONE,HOLD,Chronic pain,3 months,TEAS,Sham,Subset with chronic pain,"Source ambiguity or unavailable required statistic: Source definition, timepoint, denominator, scale, statistic, or post-randomization subset requires adjudication; see raw source/QC. Source QC: Subset analysis denominator is the number of participants with chronic pain, not the randomized arm size.",
AUDIT-0303,NONE,HOLD,Chronic pain,3 months,TEAS,Sham,Subset with chronic pain,"Source ambiguity or unavailable required statistic: Source definition, timepoint, denominator, scale, statistic, or post-randomization subset requires adjudication; see raw source/QC. Source QC: Subset analysis denominator is the number of participants with chronic pain, not the randomized arm size.",
AUDIT-0304,NONE,HOLD,Chronic pain,6 months,TEAS,Sham,Subset with chronic pain,"Source ambiguity or unavailable required statistic: Source definition, timepoint, denominator, scale, statistic, or post-randomization subset requires adjudication; see raw source/QC. Source QC: Subset analysis denominator is the number of participants with chronic pain, not the randomized arm size.",
AUDIT-0305,NONE,HOLD,Chronic pain,6 months,TEAS,Sham,Subset with chronic pain,"Source ambiguity or unavailable required statistic: Source definition, timepoint, denominator, scale, statistic, or post-randomization subset requires adjudication; see raw source/QC. Source QC: Subset analysis denominator is the number of participants with chronic pain, not the randomized arm size.",
AUDIT-0306,NONE,HOLD,Pain,48 h,UNCLEAR,Sham,Available-case analysis; source denominator inconsistencies noted,Physical modality unresolved: needle OR patch in source. Source QC: NOT REPORTED,
AUDIT-0307,NONE,HOLD,Length of stay,Postoperative hospitalization,UNCLEAR,Sham,Available-case analysis; source denominator inconsistencies noted,Physical modality unresolved: needle OR patch in source. Source QC: NOT REPORTED,
AUDIT-0308,NONE,HOLD,Functional recovery,Immediate postoperative recovery,UNCLEAR,Sham,Available-case analysis; source denominator inconsistencies noted,Physical modality unresolved: needle OR patch in source. Source QC: NOT REPORTED,
AUDIT-0309,NONE,HOLD,Functional recovery,Immediate postoperative recovery,UNCLEAR,Sham,Available-case analysis; source denominator inconsistencies noted,Physical modality unresolved: needle OR patch in source. Source QC: Raw event counts are not used because the article reports percentages and the study has group-denominator inconsistencies.,
AUDIT-0310,NONE,HOLD,Neurocognitive,POD7,UNCLEAR,Sham,Available-case analysis; source denominator inconsistencies noted,"Physical modality unresolved: needle OR patch in source. Source QC: Table percentages imply denominators C=25 and A=28, whereas study-level analyzed counts elsewhere are C=26 and A=27 and total n=53. Preserve published counts/percentages; do not reconstruct denominators.",
AUDIT-0311,NONE,HOLD,GI adverse event,Postoperative,UNCLEAR,Sham,Available-case analysis; source denominator inconsistencies noted,Physical modality unresolved: needle OR patch in source. Source QC: NOT REPORTED,
AUDIT-0312,NONE,HOLD,Adverse events,Postoperative,UNCLEAR,Sham,Available-case analysis; source denominator inconsistencies noted,Physical modality unresolved: needle OR patch in source. Source QC: NOT REPORTED,
AUDIT-0313,NONE,HOLD,Adverse events,Postoperative,UNCLEAR,Sham,Available-case analysis; source denominator inconsistencies noted,Physical modality unresolved: needle OR patch in source. Source QC: NOT REPORTED,
AUDIT-0314,NONE,HOLD,Adverse events,Postoperative,UNCLEAR,Sham,Available-case analysis; source denominator inconsistencies noted,Physical modality unresolved: needle OR patch in source. Source QC: NOT REPORTED,
AUDIT-0315,NONE,HOLD,Adverse events,Postoperative,UNCLEAR,Sham,Available-case analysis; source denominator inconsistencies noted,Physical modality unresolved: needle OR patch in source. Source QC: NOT REPORTED,
AUDIT-0316,NONE,HOLD,Adverse events,Postoperative,UNCLEAR,Sham,Available-case analysis; source denominator inconsistencies noted,Physical modality unresolved: needle OR patch in source. Source QC: NOT REPORTED,
AUDIT-0317,NONE,HOLD,Adverse events,Postoperative,UNCLEAR,Sham,Available-case analysis; source denominator inconsistencies noted,Physical modality unresolved: needle OR patch in source. Source QC: NOT REPORTED,
AUDIT-0318,NONE,HOLD,Opioid consumption,6–12 h,EA,Sham,All randomized/analyzed,"No directly tabulated mean/SD or event/denominator for current quantitative body; preserve original statistic, no automatic median or graph conversion. Source QC: The paper states nonparametric data are presented as median (interquartile range), but prints a single parenthetical IQR value rather than Q1 and Q3. Pairwise P is printed for Group II vs I and II vs III, not Group III vs I.",
AUDIT-0319,NONE,EXCLUDE,Intraoperative opioid,Intraoperative,EA,Sham,All randomized/analyzed,Outside defined quantitative estimands; retained in full descriptive extraction. Source QC: The paper reports P=0.024 for Group II vs III and P=0.472 for Group II vs I; it does not print a Group III vs I P value.,
AUDIT-0320,NONE,EXCLUDE,PONV,0–2 h,TEAS,CONTROL_TYPE_REVIEW_REQUIRED,Available-case/completer analysis within SNVP risk stratum,Outside defined quantitative estimands; retained in full descriptive extraction. Source QC: NOT REPORTED,
AUDIT-0321,NONE,EXCLUDE,PONV,2–6 h,TEAS,CONTROL_TYPE_REVIEW_REQUIRED,Available-case/completer analysis within SNVP risk stratum,Outside defined quantitative estimands; retained in full descriptive extraction. Source QC: NOT REPORTED,
AUDIT-0322,NONE,EXCLUDE,PONV,24–36 h,TEAS,CONTROL_TYPE_REVIEW_REQUIRED,Available-case/completer analysis within SNVP risk stratum,"Outside defined quantitative estimands; retained in full descriptive extraction. Source QC: For 24–36 h, the table's P value is visually split across the PDF line break as '0.08' + '5'; recorded as 0.085.",
AUDIT-0323,NONE,EXCLUDE,PONV,0–6 h combined,TEAS,CONTROL_TYPE_REVIEW_REQUIRED,Available-case/completer analysis within SNVP risk stratum,Outside defined quantitative estimands; retained in full descriptive extraction. Source QC: The paper does not provide separate 0–2 h and 2–6 h vomiting counts; only the combined 0–6 h comparison is reported.,
AUDIT-0324,NONE,EXCLUDE,PONV,6–12 h,TEAS,CONTROL_TYPE_REVIEW_REQUIRED,Complete analysis within MNVP risk stratum,Outside defined quantitative estimands; retained in full descriptive extraction. Source QC: NOT REPORTED,
AUDIT-0325,NONE,EXCLUDE,PONV,12–24 h,TEAS,CONTROL_TYPE_REVIEW_REQUIRED,Complete analysis within MNVP risk stratum,Outside defined quantitative estimands; retained in full descriptive extraction. Source QC: NOT REPORTED,
AUDIT-0326,NONE,EXCLUDE,PONV,24–36 h,TEAS,CONTROL_TYPE_REVIEW_REQUIRED,Complete analysis within MNVP risk stratum,Outside defined quantitative estimands; retained in full descriptive extraction. Source QC: NOT REPORTED,
AUDIT-0327,NONE,EXCLUDE,Pain,2 h,TEAS,CONTROL_TYPE_REVIEW_REQUIRED,Available-case/completer analysis within SNVP risk stratum,"Outside defined quantitative estimands; retained in full descriptive extraction. Source QC: Outcome was measured according to Methods, but no treatment-stratum numerical pain result is reported in the accessed article. This is NOT REPORTED, not SOURCE NOT ACCESSED.",
AUDIT-0328,NONE,EXCLUDE,Pain,6 h,TEAS,CONTROL_TYPE_REVIEW_REQUIRED,Available-case/completer analysis within SNVP risk stratum,"Outside defined quantitative estimands; retained in full descriptive extraction. Source QC: Outcome was measured according to Methods, but no treatment-stratum numerical pain result is reported in the accessed article. This is NOT REPORTED, not SOURCE NOT ACCESSED.",
AUDIT-0329,NONE,EXCLUDE,Pain,12 h,TEAS,CONTROL_TYPE_REVIEW_REQUIRED,Available-case/completer analysis within SNVP risk stratum,"Outside defined quantitative estimands; retained in full descriptive extraction. Source QC: Outcome was measured according to Methods, but no treatment-stratum numerical pain result is reported in the accessed article. This is NOT REPORTED, not SOURCE NOT ACCESSED.",
AUDIT-0330,NONE,EXCLUDE,Pain,24 h,TEAS,CONTROL_TYPE_REVIEW_REQUIRED,Available-case/completer analysis within SNVP risk stratum,"Outside defined quantitative estimands; retained in full descriptive extraction. Source QC: Outcome was measured according to Methods, but no treatment-stratum numerical pain result is reported in the accessed article. This is NOT REPORTED, not SOURCE NOT ACCESSED.",
AUDIT-0331,NONE,EXCLUDE,Pain,36 h,TEAS,CONTROL_TYPE_REVIEW_REQUIRED,Available-case/completer analysis within SNVP risk stratum,"Outside defined quantitative estimands; retained in full descriptive extraction. Source QC: Outcome was measured according to Methods, but no treatment-stratum numerical pain result is reported in the accessed article. This is NOT REPORTED, not SOURCE NOT ACCESSED.",
AUDIT-0332,NONE,EXCLUDE,PONV,0–2 h,TEAS,Sham,Modified intention-to-treat / completer analysis reported in Table 1,Outside defined quantitative estimands; retained in full descriptive extraction. Source QC: NOT REPORTED,
AUDIT-0333,NONE,EXCLUDE,PONV,2–4 h,TEAS,Sham,Modified intention-to-treat / completer analysis reported in Table 1,Outside defined quantitative estimands; retained in full descriptive extraction. Source QC: NOT REPORTED,
AUDIT-0334,NONE,EXCLUDE,PONV,4–6 h,TEAS,Sham,Modified intention-to-treat / completer analysis reported in Table 1,Outside defined quantitative estimands; retained in full descriptive extraction. Source QC: NOT REPORTED,
AUDIT-0335,NONE,EXCLUDE,PONV,6–24 h,TEAS,Sham,Modified intention-to-treat / completer analysis reported in Table 1,Outside defined quantitative estimands; retained in full descriptive extraction. Source QC: NOT REPORTED,
AUDIT-0336,NONE,EXCLUDE,PONV,0–2 h,TEAS,Sham,Modified intention-to-treat / completer analysis reported in Table 1,Outside defined quantitative estimands; retained in full descriptive extraction. Source QC: NOT REPORTED,
AUDIT-0337,NONE,EXCLUDE,PONV,2–4 h,TEAS,Sham,Modified intention-to-treat / completer analysis reported in Table 1,Outside defined quantitative estimands; retained in full descriptive extraction. Source QC: NOT REPORTED,
AUDIT-0338,NONE,EXCLUDE,PONV,4–6 h,TEAS,Sham,Modified intention-to-treat / completer analysis reported in Table 1,Outside defined quantitative estimands; retained in full descriptive extraction. Source QC: NOT REPORTED,
AUDIT-0339,NONE,EXCLUDE,PONV,6–24 h,TEAS,Sham,Modified intention-to-treat / completer analysis reported in Table 1,Outside defined quantitative estimands; retained in full descriptive extraction. Source QC: NOT REPORTED,
AUDIT-0340,NONE,HOLD,Opioid demand,Postoperative; exact pump duration not stated,TEAS,Sham,Modified intention-to-treat / completer analysis reported in Table 1,"Source ambiguity or unavailable required statistic: Unresolved source statistic, denominator or timepoint. Source QC: PCIA presses are a proxy for demand, not a measured sufentanil mass.",
AUDIT-0341,NONE,EXCLUDE,Pain,6 h,TEAS,Sham,Modified intention-to-treat / completer analysis reported in Table 1,Outside defined quantitative estimands; retained in full descriptive extraction. Source QC: NOT REPORTED,
AUDIT-0343,NONE,EXCLUDE,Pain,48 h,TEAS,Sham,Modified intention-to-treat / completer analysis reported in Table 1,Outside defined quantitative estimands; retained in full descriptive extraction. Source QC: No exact between-group P value is printed for 48 h.,
AUDIT-0344,NONE,EXCLUDE,Sleep quality,24 h,TEAS,Sham,Modified intention-to-treat / completer analysis reported in Table 1,Outside defined quantitative estimands; retained in full descriptive extraction. Source QC: The article describes sleep quality as improved in TEAS; this extraction preserves the printed scores without reinterpreting the scale.,
AUDIT-0345,NONE,EXCLUDE,Sleep quality,48 h,TEAS,Sham,Modified intention-to-treat / completer analysis reported in Table 1,Outside defined quantitative estimands; retained in full descriptive extraction. Source QC: The article describes sleep quality as improved in TEAS; this extraction preserves the printed scores without reinterpreting the scale.,
AUDIT-0348,NONE,EXCLUDE,Functional recovery,Postoperative,TEAS,Sham,Modified intention-to-treat / completer analysis reported in Table 1,Outside defined quantitative estimands; retained in full descriptive extraction. Source QC: Table note specifies mean (SD) for these rows.,
AUDIT-0349,NONE,EXCLUDE,Functional recovery,Postoperative,TEAS,Sham,Modified intention-to-treat / completer analysis reported in Table 1,Outside defined quantitative estimands; retained in full descriptive extraction. Source QC: Table note specifies mean (SD) for these rows.,
AUDIT-0350,NONE,HOLD,Length of stay,Postoperative hospitalization,TEAS,Sham,Modified intention-to-treat / completer analysis reported in Table 1,"No directly tabulated mean/SD or event/denominator for current quantitative body; preserve original statistic, no automatic median or graph conversion. Source QC: NOT REPORTED",
AUDIT-0351,NONE,EXCLUDE,Adverse events,Postoperative,TEAS,Sham,Modified intention-to-treat / completer analysis reported in Table 1,Outside defined quantitative estimands; retained in full descriptive extraction. Source QC: NOT REPORTED,
AUDIT-0352,NONE,EXCLUDE,Adverse events,Postoperative,TEAS,Sham,Modified intention-to-treat / completer analysis reported in Table 1,Outside defined quantitative estimands; retained in full descriptive extraction. Source QC: NOT REPORTED,
AUDIT-0353,NONE,EXCLUDE,Adverse events,Postoperative,TEAS,Sham,Modified intention-to-treat / completer analysis reported in Table 1,Outside defined quantitative estimands; retained in full descriptive extraction. Source QC: NOT REPORTED,
AUDIT-0354,NONE,HOLD,Quality of recovery,6 h,TEAS,Sham,Modified intention-to-treat / completer analysis reported in Table 1,"No directly tabulated mean/SD or event/denominator for current quantitative body; preserve original statistic, no automatic median or graph conversion. Source QC: Do not visually digitize. The text reports the between-group significance but not exact group mean/SD for this timepoint.",
AUDIT-0355,NONE,HOLD,Quality of recovery,24 h,TEAS,Sham,Modified intention-to-treat / completer analysis reported in Table 1,"No directly tabulated mean/SD or event/denominator for current quantitative body; preserve original statistic, no automatic median or graph conversion. Source QC: Do not visually digitize. The text reports the between-group significance but not exact group mean/SD for this timepoint.",
AUDIT-0356,NONE,HOLD,Quality of recovery,48 h,TEAS,Sham,Modified intention-to-treat / completer analysis reported in Table 1,"Source ambiguity or unavailable required statistic: Nonstandard or incomplete statistic; no inferred quantities. Source QC: Figure 2 shows mean±SD graphically, but exact SD values are not printed in text/table; no visual digitization performed.",
AUDIT-0357,NONE,EXCLUDE,Rescue analgesia,Postoperative; exact window not stated,TEAS,Sham,Modified intention-to-treat / completer analysis reported in Table 1,Outside defined quantitative estimands; retained in full descriptive extraction. Source QC: The accessed Table 3 does not print the numeric rescue-analgesia counts. Record as NOT REPORTED rather than zero.,
AUDIT-0358,NONE,EXCLUDE,Quality of recovery,Postoperative day 2 (~48 h),TEAS,Sham,Intention-to-treat; all randomized participants analyzed,Outside defined quantitative estimands; retained in full descriptive extraction. Source QC: NOT REPORTED,
AUDIT-0360,NONE,EXCLUDE,Rescue antiemetic,0–24 h,TEAS,Sham,Intention-to-treat; all randomized participants analyzed,Outside defined quantitative estimands; retained in full descriptive extraction. Source QC: The Results text specifies tropisetron as the rescue antiemetic.,
AUDIT-0361,NONE,EXCLUDE,Cognitive recovery,Postoperative day 1 (~24 h),TEAS,Sham,Intention-to-treat; all randomized participants analyzed,Outside defined quantitative estimands; retained in full descriptive extraction. Source QC: The Results prose oddly states scores were 'significantly lower in the TEAS group' although the printed TEAS means are higher; numerical values are preserved.,
AUDIT-0362,NONE,EXCLUDE,Cognitive recovery,Postoperative day 2 (~48 h),TEAS,Sham,Intention-to-treat; all randomized participants analyzed,Outside defined quantitative estimands; retained in full descriptive extraction. Source QC: The Results prose oddly states scores were 'significantly lower in the TEAS group' although the printed TEAS means are higher; numerical values are preserved.,
AUDIT-0363,NONE,EXCLUDE,Intraoperative opioid,Intraoperative,TEAS,Sham,"Available-case analysis; 75 randomized, 70 analyzed",Outside defined quantitative estimands; retained in full descriptive extraction. Source QC: Table 1 gives no outcome-specific P value and states baseline/intraoperative variables did not significantly differ.,
AUDIT-0365,NONE,HOLD,PONV,End of surgery (T5),TEAS,Sham,"Available-case analysis; 75 randomized, 70 analyzed","Source ambiguity or unavailable required statistic: Source definition, timepoint, denominator, scale, statistic, or post-randomization subset requires adjudication; see raw source/QC. Source QC: The table labels the row simply 'PONV'; methods use a nausea verbal scale description.",
AUDIT-0366,NONE,HOLD,Pain,End of surgery (T5),TEAS,Sham,"Available-case analysis; 75 randomized, 70 analyzed","Source ambiguity or unavailable required statistic: Source definition, timepoint, denominator, scale, statistic, or post-randomization subset requires adjudication; see raw source/QC. Source QC: Methods describe a 0–4 verbal rating scale, but Table 4 reports only a number/proportion in a row labelled 'Pain' without specifying which threshold constitutes an event. Do not pool as a defined pain incidence until clarified.",
AUDIT-0367,NONE,HOLD,PONV,PACU discharge (T9),TEAS,Sham,"Available-case analysis; 75 randomized, 70 analyzed","Source ambiguity or unavailable required statistic: Source definition, timepoint, denominator, scale, statistic, or post-randomization subset requires adjudication; see raw source/QC. Source QC: The table labels the row simply 'PONV'; methods use a nausea verbal scale description.",
AUDIT-0368,NONE,HOLD,Pain,PACU discharge (T9),TEAS,Sham,"Available-case analysis; 75 randomized, 70 analyzed","Source ambiguity or unavailable required statistic: Source definition, timepoint, denominator, scale, statistic, or post-randomization subset requires adjudication; see raw source/QC. Source QC: Methods describe a 0–4 verbal rating scale, but Table 4 reports only a number/proportion in a row labelled 'Pain' without specifying which threshold constitutes an event. Do not pool as a defined pain incidence until clarified.",
AUDIT-0369,NONE,HOLD,PONV,24 h (T11),TEAS,Usual care,"Available-case analysis; 75 randomized, 70 analyzed","Source ambiguity or unavailable required statistic: Source definition, timepoint, denominator, scale, statistic, or post-randomization subset requires adjudication; see raw source/QC. Source QC: The table labels the row simply 'PONV'; methods use a nausea verbal scale description.",
AUDIT-0370,NONE,HOLD,Pain,24 h (T11),TEAS,Sham,"Available-case analysis; 75 randomized, 70 analyzed","Source ambiguity or unavailable required statistic: Source definition, timepoint, denominator, scale, statistic, or post-randomization subset requires adjudication; see raw source/QC. Source QC: Methods describe a 0–4 verbal rating scale, but Table 4 reports only a number/proportion in a row labelled 'Pain' without specifying which threshold constitutes an event. Do not pool as a defined pain incidence until clarified.",
AUDIT-0371,NONE,HOLD,PONV,48 h (T12),TEAS,Sham,"Available-case analysis; 75 randomized, 70 analyzed","Source ambiguity or unavailable required statistic: Source definition, timepoint, denominator, scale, statistic, or post-randomization subset requires adjudication; see raw source/QC. Source QC: The table labels the row simply 'PONV'; methods use a nausea verbal scale description.",
AUDIT-0372,NONE,HOLD,Pain,48 h (T12),TEAS,Sham,"Available-case analysis; 75 randomized, 70 analyzed","Source ambiguity or unavailable required statistic: Source definition, timepoint, denominator, scale, statistic, or post-randomization subset requires adjudication; see raw source/QC. Source QC: Methods describe a 0–4 verbal rating scale, but Table 4 reports only a number/proportion in a row labelled 'Pain' without specifying which threshold constitutes an event. Do not pool as a defined pain incidence until clarified.",
AUDIT-0373,NONE,EXCLUDE,Cognitive recovery,PACU discharge (T9),TEAS,Sham,"Available-case analysis; 75 randomized, 70 analyzed",Outside defined quantitative estimands; retained in full descriptive extraction. Source QC: The source footnote marks within-group comparisons versus T9; no between-group exact P is printed.,
AUDIT-0374,NONE,EXCLUDE,Cognitive recovery,24 h (T11),TEAS,Sham,"Available-case analysis; 75 randomized, 70 analyzed",Outside defined quantitative estimands; retained in full descriptive extraction. Source QC: The source footnote marks within-group comparisons versus T9; no between-group exact P is printed.,
AUDIT-0375,NONE,EXCLUDE,Cognitive recovery,48 h (T12),TEAS,Sham,"Available-case analysis; 75 randomized, 70 analyzed",Outside defined quantitative estimands; retained in full descriptive extraction. Source QC: The source footnote marks within-group comparisons versus T9; no between-group exact P is printed.,
SUPP-GAO-1,NONE,EXCLUDE,Length of stay,Total admission,TEAS,Sham,Outcome-specific analyzed population,Outside defined quantitative estimands; retained in full descriptive extraction. Source QC: Main paper directs exact values to unaccessed supplement. Not equivalent to NOT REPORTED.,
SUPP-GAO-2,NONE,EXCLUDE,Adverse events,0–30 days,TEAS,Sham,Outcome-specific analyzed population,Outside defined quantitative estimands; retained in full descriptive extraction. Source QC: Main paper directs exact values to unaccessed supplement. Not equivalent to NOT REPORTED.,
