result_id,study,trial_id,comparison_id,intervention,comparator,modality,comparator_class,family,outcome,window,population,n_i,n_c,mean_i,sd_i,mean_c,sd_c,events_i,events_c,unit,data_type,source_location,source_quote,source_pdf,source_sha256,source_qc,legacy_eligibility,decision,rationale,models,factor,model_id,measure,construct,role,analysis_unit,yi,vi,comparator_class_v34,comparator_adjudication,continuity_correction
V33-OD-0350,Szmit 2021,Szmit_2021,SZMIT21_TEAS_vs_SHAM_MORPH24,Postoperative TEAS: bilateral LI4 + ipsilateral peri-incisional ashi points; alternating 2/100 Hz; 30 min every 2 h through 24 h,Sham TEAS: identical devices/placement with no electrical stimulation + PCA,TEAS,sham,Postoperative opioid consumption,Total IV PCA morphine dose,0–24 h postoperative,Outcome-specific analyzed population,24.0,24.0,7.5,3.8,15.2,6.24,,,mg IV morphine,Mean/SD,Table 2 / primary outcome,,TEAS EA Verification/Source PDFs/pdf-3.pdf,2a45730009de55f8953ed7f8d3e052d8e3a72e2ee51620b4ed800fcc67542b89,Source reports both mean/SD and median/IQR; mean/SD used for the strict primary dataset. Participants were blinded; personnel were not.,INCLUDE,INCLUDE,Source construct/window/contrast reviewed; direct data admitted.,opioid24_TEAS_sham,1,opioid24_TEAS_sham,MD,systemic_opioid_0_24h,PRINCIPAL,mg IVMME,-7.699999999999999,2.224066666666667,,,
V33-OD-0351,Szmit 2021,Szmit_2021,SZMIT21_TEAS_vs_CTRL_MORPH24,Postoperative TEAS: bilateral LI4 + ipsilateral peri-incisional ashi points; alternating 2/100 Hz; 30 min every 2 h through 24 h,PCA only / no TEAS,TEAS,usual_care,Postoperative opioid consumption,Total IV PCA morphine dose,0–24 h postoperative,Outcome-specific analyzed population,24.0,23.0,7.5,3.8,15.5,6.1,,,mg IV morphine,Mean/SD,Table 2 / primary outcome,,TEAS EA Verification/Source PDFs/pdf-3.pdf,2a45730009de55f8953ed7f8d3e052d8e3a72e2ee51620b4ed800fcc67542b89,Do not count this alternative comparator as a second independent study in a simple pairwise meta-analysis.,INCLUDE,INCLUDE,Source construct/window/contrast reviewed; direct data admitted.,opioid24_TEAS_usual,1,opioid24_TEAS_usual,MD,systemic_opioid_0_24h,SUPPORTIVE,mg IVMME,-8.0,2.219492753623188,CONTROL_TYPE_REVIEW_REQUIRED,"Szmit 2021: third arm ""PCA only"" without TEAS or sham-TEAS.",
V33-OD-0252,El-Rakshy 2009,El_Rakshy_2009,ELR09_EA_vs_CTRL_MORPH24,Intraoperative EA + PCA,PCA alone/no acupuncture,EA,usual_care,Opioid consumption,Total IV morphine analgesia,First 24 h,Outcome-specific analyzed population,42.0,53.0,35.3,18.0,36.9,18.0,,,mg IV morphine,Mean/SD,Table 2 / total analgesia in 24 h,,TEAS EA Verification/Source PDFs/covidence_868_full_article.pdf,afb7b0095736da9d64b2c771296a6b74cb30c9287b7aa3e2644a14b5e0307529,Publication has irreconcilable allocation/analyzed group labels. Use Table 2 n=42 EA and n=53 control for this result; do not substitute overall study denominators.,INCLUDE,INCLUDE,El-Rakshy outcome Table2 retained with High RoB/source caveat; Seeva includes rescue.,opioid24_EA_usual,1,opioid24_EA_usual,MD,systemic_opioid_0_24h,SUPPORTIVE,mg IVMME,-1.6000000000000014,13.827493261455526,,,
V33-OD-0003,Seevaunnamtum 2016,Seevaunnamtum_2016,SEEVA16_EA_vs_UC,Intraoperative EA,Standard care,EA,usual_care,Opioid consumption,Cumulative IV PCA morphine requirement,First 24 h postoperatively,Outcome-specific analyzed population,32.0,32.0,21.38,14.38,33.94,20.24,,,mg morphine,Mean/SD,Table 2 / 24-h PCA morphine,,TEAS EA Verification/Source PDFs/covidence_596_verified.pdf,7c25e5c670ee6ebcd32888161b0b53f2ac88a1eb1061a51def0b529c6320d6a3,No allocation-concealment method reported,INCLUDE,INCLUDE,El-Rakshy outcome Table2 retained with High RoB/source caveat; Seeva includes rescue.,opioid24_EA_usual,1,opioid24_EA_usual,MD,systemic_opioid_0_24h,SUPPORTIVE,mg IVMME,-12.559999999999999,19.2638125,,,
V33-OD-0003,Seevaunnamtum 2016,Seevaunnamtum_2016,SEEVA16_EA_vs_UC,Intraoperative EA,Standard care,EA,usual_care,Opioid consumption,Cumulative IV PCA morphine requirement,First 24 h postoperatively,Outcome-specific analyzed population,32.0,32.0,21.38,14.38,33.94,20.24,,,mg morphine,Mean/SD,Table 2 / 24-h PCA morphine,,TEAS EA Verification/Source PDFs/covidence_596_verified.pdf,7c25e5c670ee6ebcd32888161b0b53f2ac88a1eb1061a51def0b529c6320d6a3,No allocation-concealment method reported,INCLUDE,SENSITIVITY,Source construct/window/contrast reviewed; direct data admitted.,opioid24_EA_usual_without_ElRakshy,1,opioid24_EA_usual_without_ElRakshy,MD,systemic_opioid_0_24h,SENSITIVITY,mg IVMME,-12.559999999999999,19.2638125,,,
V33-OD-0013,Chen 1998,Chen_1998,CHEN98_ACU_vs_SHAM,Active ST36 acupoint TENS,Sham ST36 TENS (0 mA),TEAS,sham,Opioid consumption,Cumulative IV PCA hydromorphone,First 24 h postoperatively,Outcome-specific analyzed population,25.0,25.0,32.5,17.5,53.5,25.0,,,mg hydromorphone,Mean/SD,Table 2 / first-24-h hydromorphone,,TEAS EA Verification/Source PDFs/covidence_969_chen_1998.pdf,92fa5191eb603eec1bd5fec9c4261c08c70fe527617dd9a72956ffeb8a29c232,Four-arm RCT; shared sham control must be handled correctly,INCLUDE,SENSITIVITY,Expanded device/rescue/unit-uncertain body. Published source values unchanged. Not the registered systemic estimand.,opioid24_TEAS_sham_expanded_suf0.25,5,opioid24_TEAS_sham_expanded_suf0.25,MD,device_or_equivalence_uncertain_opioid_0_24h,SENSITIVITY,assumed mg IVMME,-21.0,37.25,,,
V33-OD-0214,He 2026 (hepatectomy/JIS),He_2026_hepatectomy_JIS,HEJIS26_TEAS_vs_CTRL_MME24,Intraoperative PC6 TEAS,No-current PC6 control,TEAS,sham,Opioid consumption,Total postoperative opioid consumption in morphine equivalents,0-24 h,Outcome-specific analyzed population,80.0,79.0,20.0,2.5,20.6,4.5,,,mg MME,Mean/SD,"Supplemental Material 2, eTable 1",,TEAS EA Verification/Source PDFs/covidence_25_verified.pdf,4fc22447f980bacde9572ec5b1998318f5c4c38aedd82b7809644644e00d7e96,Supplemental eTable 1 directly reports MME; mITT excludes one canceled surgery and one consent withdrawal after randomization,INCLUDE,SENSITIVITY,Expanded device/rescue/unit-uncertain body. Published source values unchanged. Not the registered systemic estimand.,opioid24_TEAS_sham_expanded_suf0.25,1,opioid24_TEAS_sham_expanded_suf0.25,MD,device_or_equivalence_uncertain_opioid_0_24h,SENSITIVITY,assumed mg IVMME,-0.6000000000000014,0.3344541139240506,,,
V33-OD-0350,Szmit 2021,Szmit_2021,SZMIT21_TEAS_vs_SHAM_MORPH24,Postoperative TEAS: bilateral LI4 + ipsilateral peri-incisional ashi points; alternating 2/100 Hz; 30 min every 2 h through 24 h,Sham TEAS: identical devices/placement with no electrical stimulation + PCA,TEAS,sham,Postoperative opioid consumption,Total IV PCA morphine dose,0–24 h postoperative,Outcome-specific analyzed population,24.0,24.0,7.5,3.8,15.2,6.24,,,mg IV morphine,Mean/SD,Table 2 / primary outcome,,TEAS EA Verification/Source PDFs/pdf-3.pdf,2a45730009de55f8953ed7f8d3e052d8e3a72e2ee51620b4ed800fcc67542b89,Source reports both mean/SD and median/IQR; mean/SD used for the strict primary dataset. Participants were blinded; personnel were not.,INCLUDE,SENSITIVITY,Expanded device/rescue/unit-uncertain body. Published source values unchanged. Not the registered systemic estimand.,opioid24_TEAS_sham_expanded_suf0.25,1,opioid24_TEAS_sham_expanded_suf0.25,MD,device_or_equivalence_uncertain_opioid_0_24h,SENSITIVITY,assumed mg IVMME,-7.699999999999999,2.224066666666667,,,
V33-OD-0014,Chen 2020,Chen_2020,CHEN20_TEAS_vs_SHAM,Perioperative TEAS,Sham low/zero-current protocol,TEAS,sham,Opioid consumption,Cumulative sufentanil,24 h postoperatively,Outcome-specific analyzed population,40.0,40.0,18.1075,1.195,25.155,2.55,,,µg sufentanil,Mean/SD,Cumulative sufentanil result,,TEAS EA Verification/Source PDFs/Thoracic Cancer - 2020 - Chen - Efficacy of transcutaneous electrical acupoint stimulation combined with general anesthesia.pdf,debc925a549725290efc12e4fde6fbbb63880cb0bbd6425faac2e22b1e5c3663,Sham was 4 mA pre/postoperatively but 0 mA intraoperatively; preserve this nuance,INCLUDE,SENSITIVITY,Expanded device/rescue/unit-uncertain body. Published source values unchanged. Not the registered systemic estimand.,opioid24_TEAS_sham_expanded_suf0.25,0.25,opioid24_TEAS_sham_expanded_suf0.25,MD,device_or_equivalence_uncertain_opioid_0_24h,SENSITIVITY,assumed mg IVMME,-7.047499999999999,0.19826312499999998,,,
V33-OD-0013,Chen 1998,Chen_1998,CHEN98_ACU_vs_SHAM,Active ST36 acupoint TENS,Sham ST36 TENS (0 mA),TEAS,sham,Opioid consumption,Cumulative IV PCA hydromorphone,First 24 h postoperatively,Outcome-specific analyzed population,25.0,25.0,32.5,17.5,53.5,25.0,,,mg hydromorphone,Mean/SD,Table 2 / first-24-h hydromorphone,,TEAS EA Verification/Source PDFs/covidence_969_chen_1998.pdf,92fa5191eb603eec1bd5fec9c4261c08c70fe527617dd9a72956ffeb8a29c232,Four-arm RCT; shared sham control must be handled correctly,INCLUDE,SENSITIVITY,Expanded device/rescue/unit-uncertain body. Published source values unchanged. Not the registered systemic estimand.,opioid24_TEAS_sham_expanded_suf0.25_without_Chen2020,5,opioid24_TEAS_sham_expanded_suf0.25_without_Chen2020,MD,device_or_equivalence_uncertain_opioid_0_24h,SENSITIVITY,assumed mg IVMME,-21.0,37.25,,,
V33-OD-0214,He 2026 (hepatectomy/JIS),He_2026_hepatectomy_JIS,HEJIS26_TEAS_vs_CTRL_MME24,Intraoperative PC6 TEAS,No-current PC6 control,TEAS,sham,Opioid consumption,Total postoperative opioid consumption in morphine equivalents,0-24 h,Outcome-specific analyzed population,80.0,79.0,20.0,2.5,20.6,4.5,,,mg MME,Mean/SD,"Supplemental Material 2, eTable 1",,TEAS EA Verification/Source PDFs/covidence_25_verified.pdf,4fc22447f980bacde9572ec5b1998318f5c4c38aedd82b7809644644e00d7e96,Supplemental eTable 1 directly reports MME; mITT excludes one canceled surgery and one consent withdrawal after randomization,INCLUDE,SENSITIVITY,Expanded device/rescue/unit-uncertain body. Published source values unchanged. Not the registered systemic estimand.,opioid24_TEAS_sham_expanded_suf0.25_without_Chen2020,1,opioid24_TEAS_sham_expanded_suf0.25_without_Chen2020,MD,device_or_equivalence_uncertain_opioid_0_24h,SENSITIVITY,assumed mg IVMME,-0.6000000000000014,0.3344541139240506,,,
V33-OD-0350,Szmit 2021,Szmit_2021,SZMIT21_TEAS_vs_SHAM_MORPH24,Postoperative TEAS: bilateral LI4 + ipsilateral peri-incisional ashi points; alternating 2/100 Hz; 30 min every 2 h through 24 h,Sham TEAS: identical devices/placement with no electrical stimulation + PCA,TEAS,sham,Postoperative opioid consumption,Total IV PCA morphine dose,0–24 h postoperative,Outcome-specific analyzed population,24.0,24.0,7.5,3.8,15.2,6.24,,,mg IV morphine,Mean/SD,Table 2 / primary outcome,,TEAS EA Verification/Source PDFs/pdf-3.pdf,2a45730009de55f8953ed7f8d3e052d8e3a72e2ee51620b4ed800fcc67542b89,Source reports both mean/SD and median/IQR; mean/SD used for the strict primary dataset. Participants were blinded; personnel were not.,INCLUDE,SENSITIVITY,Expanded device/rescue/unit-uncertain body. Published source values unchanged. Not the registered systemic estimand.,opioid24_TEAS_sham_expanded_suf0.25_without_Chen2020,1,opioid24_TEAS_sham_expanded_suf0.25_without_Chen2020,MD,device_or_equivalence_uncertain_opioid_0_24h,SENSITIVITY,assumed mg IVMME,-7.699999999999999,2.224066666666667,,,
V33-OD-0013,Chen 1998,Chen_1998,CHEN98_ACU_vs_SHAM,Active ST36 acupoint TENS,Sham ST36 TENS (0 mA),TEAS,sham,Opioid consumption,Cumulative IV PCA hydromorphone,First 24 h postoperatively,Outcome-specific analyzed population,25.0,25.0,32.5,17.5,53.5,25.0,,,mg hydromorphone,Mean/SD,Table 2 / first-24-h hydromorphone,,TEAS EA Verification/Source PDFs/covidence_969_chen_1998.pdf,92fa5191eb603eec1bd5fec9c4261c08c70fe527617dd9a72956ffeb8a29c232,Four-arm RCT; shared sham control must be handled correctly,INCLUDE,SENSITIVITY,Expanded device/rescue/unit-uncertain body. Published source values unchanged. Not the registered systemic estimand.,opioid24_TEAS_sham_expanded_suf0.5,5,opioid24_TEAS_sham_expanded_suf0.5,MD,device_or_equivalence_uncertain_opioid_0_24h,SENSITIVITY,assumed mg IVMME,-21.0,37.25,,,
V33-OD-0214,He 2026 (hepatectomy/JIS),He_2026_hepatectomy_JIS,HEJIS26_TEAS_vs_CTRL_MME24,Intraoperative PC6 TEAS,No-current PC6 control,TEAS,sham,Opioid consumption,Total postoperative opioid consumption in morphine equivalents,0-24 h,Outcome-specific analyzed population,80.0,79.0,20.0,2.5,20.6,4.5,,,mg MME,Mean/SD,"Supplemental Material 2, eTable 1",,TEAS EA Verification/Source PDFs/covidence_25_verified.pdf,4fc22447f980bacde9572ec5b1998318f5c4c38aedd82b7809644644e00d7e96,Supplemental eTable 1 directly reports MME; mITT excludes one canceled surgery and one consent withdrawal after randomization,INCLUDE,SENSITIVITY,Expanded device/rescue/unit-uncertain body. Published source values unchanged. Not the registered systemic estimand.,opioid24_TEAS_sham_expanded_suf0.5,1,opioid24_TEAS_sham_expanded_suf0.5,MD,device_or_equivalence_uncertain_opioid_0_24h,SENSITIVITY,assumed mg IVMME,-0.6000000000000014,0.3344541139240506,,,
V33-OD-0350,Szmit 2021,Szmit_2021,SZMIT21_TEAS_vs_SHAM_MORPH24,Postoperative TEAS: bilateral LI4 + ipsilateral peri-incisional ashi points; alternating 2/100 Hz; 30 min every 2 h through 24 h,Sham TEAS: identical devices/placement with no electrical stimulation + PCA,TEAS,sham,Postoperative opioid consumption,Total IV PCA morphine dose,0–24 h postoperative,Outcome-specific analyzed population,24.0,24.0,7.5,3.8,15.2,6.24,,,mg IV morphine,Mean/SD,Table 2 / primary outcome,,TEAS EA Verification/Source PDFs/pdf-3.pdf,2a45730009de55f8953ed7f8d3e052d8e3a72e2ee51620b4ed800fcc67542b89,Source reports both mean/SD and median/IQR; mean/SD used for the strict primary dataset. Participants were blinded; personnel were not.,INCLUDE,SENSITIVITY,Expanded device/rescue/unit-uncertain body. Published source values unchanged. Not the registered systemic estimand.,opioid24_TEAS_sham_expanded_suf0.5,1,opioid24_TEAS_sham_expanded_suf0.5,MD,device_or_equivalence_uncertain_opioid_0_24h,SENSITIVITY,assumed mg IVMME,-7.699999999999999,2.224066666666667,,,
V33-OD-0014,Chen 2020,Chen_2020,CHEN20_TEAS_vs_SHAM,Perioperative TEAS,Sham low/zero-current protocol,TEAS,sham,Opioid consumption,Cumulative sufentanil,24 h postoperatively,Outcome-specific analyzed population,40.0,40.0,36.215,2.39,50.31,5.1,,,µg sufentanil,Mean/SD,Cumulative sufentanil result,,TEAS EA Verification/Source PDFs/Thoracic Cancer - 2020 - Chen - Efficacy of transcutaneous electrical acupoint stimulation combined with general anesthesia.pdf,debc925a549725290efc12e4fde6fbbb63880cb0bbd6425faac2e22b1e5c3663,Sham was 4 mA pre/postoperatively but 0 mA intraoperatively; preserve this nuance,INCLUDE,SENSITIVITY,Expanded device/rescue/unit-uncertain body. Published source values unchanged. Not the registered systemic estimand.,opioid24_TEAS_sham_expanded_suf0.5,0.5,opioid24_TEAS_sham_expanded_suf0.5,MD,device_or_equivalence_uncertain_opioid_0_24h,SENSITIVITY,assumed mg IVMME,-14.094999999999999,0.7930524999999999,,,
V33-OD-0013,Chen 1998,Chen_1998,CHEN98_ACU_vs_SHAM,Active ST36 acupoint TENS,Sham ST36 TENS (0 mA),TEAS,sham,Opioid consumption,Cumulative IV PCA hydromorphone,First 24 h postoperatively,Outcome-specific analyzed population,25.0,25.0,32.5,17.5,53.5,25.0,,,mg hydromorphone,Mean/SD,Table 2 / first-24-h hydromorphone,,TEAS EA Verification/Source PDFs/covidence_969_chen_1998.pdf,92fa5191eb603eec1bd5fec9c4261c08c70fe527617dd9a72956ffeb8a29c232,Four-arm RCT; shared sham control must be handled correctly,INCLUDE,SENSITIVITY,Expanded device/rescue/unit-uncertain body. Published source values unchanged. Not the registered systemic estimand.,opioid24_TEAS_sham_expanded_suf0.5_without_Chen2020,5,opioid24_TEAS_sham_expanded_suf0.5_without_Chen2020,MD,device_or_equivalence_uncertain_opioid_0_24h,SENSITIVITY,assumed mg IVMME,-21.0,37.25,,,
V33-OD-0214,He 2026 (hepatectomy/JIS),He_2026_hepatectomy_JIS,HEJIS26_TEAS_vs_CTRL_MME24,Intraoperative PC6 TEAS,No-current PC6 control,TEAS,sham,Opioid consumption,Total postoperative opioid consumption in morphine equivalents,0-24 h,Outcome-specific analyzed population,80.0,79.0,20.0,2.5,20.6,4.5,,,mg MME,Mean/SD,"Supplemental Material 2, eTable 1",,TEAS EA Verification/Source PDFs/covidence_25_verified.pdf,4fc22447f980bacde9572ec5b1998318f5c4c38aedd82b7809644644e00d7e96,Supplemental eTable 1 directly reports MME; mITT excludes one canceled surgery and one consent withdrawal after randomization,INCLUDE,SENSITIVITY,Expanded device/rescue/unit-uncertain body. Published source values unchanged. Not the registered systemic estimand.,opioid24_TEAS_sham_expanded_suf0.5_without_Chen2020,1,opioid24_TEAS_sham_expanded_suf0.5_without_Chen2020,MD,device_or_equivalence_uncertain_opioid_0_24h,SENSITIVITY,assumed mg IVMME,-0.6000000000000014,0.3344541139240506,,,
V33-OD-0350,Szmit 2021,Szmit_2021,SZMIT21_TEAS_vs_SHAM_MORPH24,Postoperative TEAS: bilateral LI4 + ipsilateral peri-incisional ashi points; alternating 2/100 Hz; 30 min every 2 h through 24 h,Sham TEAS: identical devices/placement with no electrical stimulation + PCA,TEAS,sham,Postoperative opioid consumption,Total IV PCA morphine dose,0–24 h postoperative,Outcome-specific analyzed population,24.0,24.0,7.5,3.8,15.2,6.24,,,mg IV morphine,Mean/SD,Table 2 / primary outcome,,TEAS EA Verification/Source PDFs/pdf-3.pdf,2a45730009de55f8953ed7f8d3e052d8e3a72e2ee51620b4ed800fcc67542b89,Source reports both mean/SD and median/IQR; mean/SD used for the strict primary dataset. Participants were blinded; personnel were not.,INCLUDE,SENSITIVITY,Expanded device/rescue/unit-uncertain body. Published source values unchanged. Not the registered systemic estimand.,opioid24_TEAS_sham_expanded_suf0.5_without_Chen2020,1,opioid24_TEAS_sham_expanded_suf0.5_without_Chen2020,MD,device_or_equivalence_uncertain_opioid_0_24h,SENSITIVITY,assumed mg IVMME,-7.699999999999999,2.224066666666667,,,
V33-OD-0013,Chen 1998,Chen_1998,CHEN98_ACU_vs_SHAM,Active ST36 acupoint TENS,Sham ST36 TENS (0 mA),TEAS,sham,Opioid consumption,Cumulative IV PCA hydromorphone,First 24 h postoperatively,Outcome-specific analyzed population,25.0,25.0,32.5,17.5,53.5,25.0,,,mg hydromorphone,Mean/SD,Table 2 / first-24-h hydromorphone,,TEAS EA Verification/Source PDFs/covidence_969_chen_1998.pdf,92fa5191eb603eec1bd5fec9c4261c08c70fe527617dd9a72956ffeb8a29c232,Four-arm RCT; shared sham control must be handled correctly,INCLUDE,SENSITIVITY,Expanded device/rescue/unit-uncertain body. Published source values unchanged. Not the registered systemic estimand.,opioid24_TEAS_sham_expanded_suf1,5,opioid24_TEAS_sham_expanded_suf1,MD,device_or_equivalence_uncertain_opioid_0_24h,SENSITIVITY,assumed mg IVMME,-21.0,37.25,,,
V33-OD-0214,He 2026 (hepatectomy/JIS),He_2026_hepatectomy_JIS,HEJIS26_TEAS_vs_CTRL_MME24,Intraoperative PC6 TEAS,No-current PC6 control,TEAS,sham,Opioid consumption,Total postoperative opioid consumption in morphine equivalents,0-24 h,Outcome-specific analyzed population,80.0,79.0,20.0,2.5,20.6,4.5,,,mg MME,Mean/SD,"Supplemental Material 2, eTable 1",,TEAS EA Verification/Source PDFs/covidence_25_verified.pdf,4fc22447f980bacde9572ec5b1998318f5c4c38aedd82b7809644644e00d7e96,Supplemental eTable 1 directly reports MME; mITT excludes one canceled surgery and one consent withdrawal after randomization,INCLUDE,SENSITIVITY,Expanded device/rescue/unit-uncertain body. Published source values unchanged. Not the registered systemic estimand.,opioid24_TEAS_sham_expanded_suf1,1,opioid24_TEAS_sham_expanded_suf1,MD,device_or_equivalence_uncertain_opioid_0_24h,SENSITIVITY,assumed mg IVMME,-0.6000000000000014,0.3344541139240506,,,
V33-OD-0350,Szmit 2021,Szmit_2021,SZMIT21_TEAS_vs_SHAM_MORPH24,Postoperative TEAS: bilateral LI4 + ipsilateral peri-incisional ashi points; alternating 2/100 Hz; 30 min every 2 h through 24 h,Sham TEAS: identical devices/placement with no electrical stimulation + PCA,TEAS,sham,Postoperative opioid consumption,Total IV PCA morphine dose,0–24 h postoperative,Outcome-specific analyzed population,24.0,24.0,7.5,3.8,15.2,6.24,,,mg IV morphine,Mean/SD,Table 2 / primary outcome,,TEAS EA Verification/Source PDFs/pdf-3.pdf,2a45730009de55f8953ed7f8d3e052d8e3a72e2ee51620b4ed800fcc67542b89,Source reports both mean/SD and median/IQR; mean/SD used for the strict primary dataset. Participants were blinded; personnel were not.,INCLUDE,SENSITIVITY,Expanded device/rescue/unit-uncertain body. Published source values unchanged. Not the registered systemic estimand.,opioid24_TEAS_sham_expanded_suf1,1,opioid24_TEAS_sham_expanded_suf1,MD,device_or_equivalence_uncertain_opioid_0_24h,SENSITIVITY,assumed mg IVMME,-7.699999999999999,2.224066666666667,,,
V33-OD-0014,Chen 2020,Chen_2020,CHEN20_TEAS_vs_SHAM,Perioperative TEAS,Sham low/zero-current protocol,TEAS,sham,Opioid consumption,Cumulative sufentanil,24 h postoperatively,Outcome-specific analyzed population,40.0,40.0,72.43,4.78,100.62,10.2,,,µg sufentanil,Mean/SD,Cumulative sufentanil result,,TEAS EA Verification/Source PDFs/Thoracic Cancer - 2020 - Chen - Efficacy of transcutaneous electrical acupoint stimulation combined with general anesthesia.pdf,debc925a549725290efc12e4fde6fbbb63880cb0bbd6425faac2e22b1e5c3663,Sham was 4 mA pre/postoperatively but 0 mA intraoperatively; preserve this nuance,INCLUDE,SENSITIVITY,Expanded device/rescue/unit-uncertain body. Published source values unchanged. Not the registered systemic estimand.,opioid24_TEAS_sham_expanded_suf1,1.0,opioid24_TEAS_sham_expanded_suf1,MD,device_or_equivalence_uncertain_opioid_0_24h,SENSITIVITY,assumed mg IVMME,-28.189999999999998,3.1722099999999998,,,
V33-OD-0013,Chen 1998,Chen_1998,CHEN98_ACU_vs_SHAM,Active ST36 acupoint TENS,Sham ST36 TENS (0 mA),TEAS,sham,Opioid consumption,Cumulative IV PCA hydromorphone,First 24 h postoperatively,Outcome-specific analyzed population,25.0,25.0,32.5,17.5,53.5,25.0,,,mg hydromorphone,Mean/SD,Table 2 / first-24-h hydromorphone,,TEAS EA Verification/Source PDFs/covidence_969_chen_1998.pdf,92fa5191eb603eec1bd5fec9c4261c08c70fe527617dd9a72956ffeb8a29c232,Four-arm RCT; shared sham control must be handled correctly,INCLUDE,SENSITIVITY,Expanded device/rescue/unit-uncertain body. Published source values unchanged. Not the registered systemic estimand.,opioid24_TEAS_sham_expanded_suf1_without_Chen2020,5,opioid24_TEAS_sham_expanded_suf1_without_Chen2020,MD,device_or_equivalence_uncertain_opioid_0_24h,SENSITIVITY,assumed mg IVMME,-21.0,37.25,,,
V33-OD-0214,He 2026 (hepatectomy/JIS),He_2026_hepatectomy_JIS,HEJIS26_TEAS_vs_CTRL_MME24,Intraoperative PC6 TEAS,No-current PC6 control,TEAS,sham,Opioid consumption,Total postoperative opioid consumption in morphine equivalents,0-24 h,Outcome-specific analyzed population,80.0,79.0,20.0,2.5,20.6,4.5,,,mg MME,Mean/SD,"Supplemental Material 2, eTable 1",,TEAS EA Verification/Source PDFs/covidence_25_verified.pdf,4fc22447f980bacde9572ec5b1998318f5c4c38aedd82b7809644644e00d7e96,Supplemental eTable 1 directly reports MME; mITT excludes one canceled surgery and one consent withdrawal after randomization,INCLUDE,SENSITIVITY,Expanded device/rescue/unit-uncertain body. Published source values unchanged. Not the registered systemic estimand.,opioid24_TEAS_sham_expanded_suf1_without_Chen2020,1,opioid24_TEAS_sham_expanded_suf1_without_Chen2020,MD,device_or_equivalence_uncertain_opioid_0_24h,SENSITIVITY,assumed mg IVMME,-0.6000000000000014,0.3344541139240506,,,
V33-OD-0350,Szmit 2021,Szmit_2021,SZMIT21_TEAS_vs_SHAM_MORPH24,Postoperative TEAS: bilateral LI4 + ipsilateral peri-incisional ashi points; alternating 2/100 Hz; 30 min every 2 h through 24 h,Sham TEAS: identical devices/placement with no electrical stimulation + PCA,TEAS,sham,Postoperative opioid consumption,Total IV PCA morphine dose,0–24 h postoperative,Outcome-specific analyzed population,24.0,24.0,7.5,3.8,15.2,6.24,,,mg IV morphine,Mean/SD,Table 2 / primary outcome,,TEAS EA Verification/Source PDFs/pdf-3.pdf,2a45730009de55f8953ed7f8d3e052d8e3a72e2ee51620b4ed800fcc67542b89,Source reports both mean/SD and median/IQR; mean/SD used for the strict primary dataset. Participants were blinded; personnel were not.,INCLUDE,SENSITIVITY,Expanded device/rescue/unit-uncertain body. Published source values unchanged. Not the registered systemic estimand.,opioid24_TEAS_sham_expanded_suf1_without_Chen2020,1,opioid24_TEAS_sham_expanded_suf1_without_Chen2020,MD,device_or_equivalence_uncertain_opioid_0_24h,SENSITIVITY,assumed mg IVMME,-7.699999999999999,2.224066666666667,,,
V33-OD-0252,El-Rakshy 2009,El_Rakshy_2009,ELR09_EA_vs_CTRL_MORPH24,Intraoperative EA + PCA,PCA alone/no acupuncture,EA,usual_care,Opioid consumption,Total IV morphine analgesia,First 24 h,Outcome-specific analyzed population,42.0,53.0,35.3,18.0,36.9,18.0,,,mg IV morphine,Mean/SD,Table 2 / total analgesia in 24 h,,TEAS EA Verification/Source PDFs/covidence_868_full_article.pdf,afb7b0095736da9d64b2c771296a6b74cb30c9287b7aa3e2644a14b5e0307529,Publication has irreconcilable allocation/analyzed group labels. Use Table 2 n=42 EA and n=53 control for this result; do not substitute overall study denominators.,INCLUDE,SENSITIVITY,Source construct/window/contrast reviewed; direct data admitted.,opioid24_EA_usual_expanded,1,opioid24_EA_usual_expanded,MD,device_or_systemic_opioid_0_24h,SENSITIVITY,mg IVMME,-1.6000000000000014,13.827493261455526,,,
V33-OD-0003,Seevaunnamtum 2016,Seevaunnamtum_2016,SEEVA16_EA_vs_UC,Intraoperative EA,Standard care,EA,usual_care,Opioid consumption,Cumulative IV PCA morphine requirement,First 24 h postoperatively,Outcome-specific analyzed population,32.0,32.0,21.38,14.38,33.94,20.24,,,mg morphine,Mean/SD,Table 2 / 24-h PCA morphine,,TEAS EA Verification/Source PDFs/covidence_596_verified.pdf,7c25e5c670ee6ebcd32888161b0b53f2ac88a1eb1061a51def0b529c6320d6a3,No allocation-concealment method reported,INCLUDE,SENSITIVITY,Source construct/window/contrast reviewed; direct data admitted.,opioid24_EA_usual_expanded,1,opioid24_EA_usual_expanded,MD,device_or_systemic_opioid_0_24h,SENSITIVITY,mg IVMME,-12.559999999999999,19.2638125,,,
V33-OD-0052,Yang 2024,Yang_2024,YANG24_EA_vs_UC_MORPH24,Perioperative EA + usual care,Usual care,EA,usual_care,Opioid consumption,Morphine use via IV PCA,First 24 h / POD1,Outcome-specific analyzed population,90.0,90.0,43.7,4.7,44.0,4.9,,,mg morphine,Mean/SD,Table 3 / Morphine use on POD1,,TEAS EA Verification/Source PDFs/covidence_1930_full_article.pdf,6c2160c1111226035fb3a46cd41746f84d6f420d24c10b329cffcf82e1c8580f,All 180 randomized participants retained in ITT; open-label patients but objective PCA drug-use record,INCLUDE,SENSITIVITY,Source construct/window/contrast reviewed; direct data admitted.,opioid24_EA_usual_expanded,1,opioid24_EA_usual_expanded,MD,device_or_systemic_opioid_0_24h,SENSITIVITY,mg IVMME,-0.29999999999999716,0.5122222222222224,,,
V33-OD-0006+V33-OD-0007,Lin 2002,Lin_2002,COMBINED_COMPATIBLE_ACTIVE_ARMS,100-Hz EA,Sham EA,EA,sham,Opioid consumption,Cumulative IV PCA morphine delivered during postoperative test period,Postoperative hour 1 through next 23 h (published as 24-h test-period value),Outcome-specific analyzed population,50.0,25.0,18.4,13.1800096001947,30.2,14.4,,,mg morphine,Mean/SD,Table 2 | Table 2,,TEAS EA Verification/Source PDFs/covidence_951_lin_2002.pdf,3269060aad01eab541c8f7a29ae1088b784936d22b0384e8797f905da1a6550d,First postoperative hour could include IM pethidine; group-specific pethidine exposure not reported,INCLUDE,SENSITIVITY,Source construct/window/contrast reviewed; direct data admitted.,opioid_partial_EA_sham,1,opioid_partial_EA_sham,MD,PCA_partial_1_to_24h,SENSITIVITY,mg IV morphine,-11.8,11.76865306122449,,,
V33-OD-0004+V33-OD-0005,Lin 2002,Lin_2002,COMBINED_COMPATIBLE_ACTIVE_ARMS,100-Hz EA,Untreated control,EA,usual_care,Opioid consumption,Cumulative IV PCA morphine delivered during postoperative test period,Postoperative hour 1 through next 23 h (published as 24-h test-period value),Outcome-specific analyzed population,50.0,25.0,18.4,13.1800096001947,38.1,16.0,,,mg morphine,Mean/SD,Table 2 | Table 2,,TEAS EA Verification/Source PDFs/covidence_951_lin_2002.pdf,3269060aad01eab541c8f7a29ae1088b784936d22b0384e8797f905da1a6550d,First postoperative hour could include IM pethidine; group-specific pethidine exposure not reported,INCLUDE,SENSITIVITY,Source construct/window/contrast reviewed; direct data admitted.,opioid_partial_EA_usual,1,opioid_partial_EA_usual,MD,PCA_partial_1_to_24h,SENSITIVITY,mg IV morphine,-19.700000000000003,13.71425306122449,CONTROL_TYPE_REVIEW_REQUIRED,"Lin 2002: ""Group I received neither needle insertion nor electric stimulation (control).""",
V33-OD-0184+V33-OD-0185,Lee 2011,Lee_2011,COMBINED_COMPATIBLE_ACTIVE_ARMS,Low-frequency dense-sparse SSP,Sham SSP,TEAS,sham,Opioid consumption,Cumulative IV PCA morphine delivered,First 24 postoperative hours,Outcome-specific analyzed population,22.0,12.0,30.299090909090907,8.339820090037863,34.2,6.4,,,mg IV morphine,Mean/SD,Table 8 / total morphine delivered | Table 8 / total morphine delivered,,retrieved_pdfs/049_lee_2011.pdf,7ccfcd9d5a6cb8d3957f2666285774d528469a929b619a9e28a7c2b56ca36fe5,Two of 12 low-frequency participants discontinued because they could not complete VAS; publication analyzed 47/49 with no ITT,INCLUDE,SENSITIVITY,Lee Table8 excludes recovery-room doses; combine low/high arms; sham interval sum differs fromTable8.,opioid_partial_TEAS_sham,1,opioid_partial_TEAS_sham,MD,PCA_partial_1_to_24h,SENSITIVITY,mg IV morphine,-3.9009090909090958,6.574815112160568,,,
V33-OD-0107+V33-OD-0108,Sim 2002,Sim_2002,COMBINED_COMPATIBLE_ACTIVE_ARMS,Preoperative EA,Placebo EA,EA,sham,Opioid consumption,Cumulative postoperative IV PCA morphine,0-24 h,Outcome-specific analyzed population,60.0,30.0,0.55,0.23343419934475926,0.68,0.38,,,mg/kg morphine,Mean/SD,Figure 4 / cumulative 24-h morphine | Figure 4 / cumulative 24-h morphine,,TEAS EA Verification/Source PDFs/covidence_952_full_article.pdf,1cf418faabb4104db030b3f0b0196783cd6198d2ff5ed51c539c88ca51e6bd8a,Do not convert mg/kg to absolute mg using group mean body weight; aggregate means cannot reconstruct individual absolute dose,INCLUDE,SENSITIVITY,Source construct/window/contrast reviewed; direct data admitted.,opioid24_EA_sham_weight_normalized,1,opioid24_EA_sham_weight_normalized,MD,PCA_morphine_0_24h_weight_normalized,SENSITIVITY,mg/kg IV morphine,-0.13,0.005721525423728813,,,
V33-OD-0016,Coura 2011,Coura_2011,COURA11_EA_vs_SHAM,Preoperative EA,Sham stimulation,EA,sham,Opioid consumption,Cumulative fentanyl,First 24 h postoperatively,Outcome-specific analyzed population,13.0,9.0,13.1,2.2,16.3,1.6,,,µg/kg fentanyl,Mean/SD,Published cumulative first-24-h fentanyl result,,TEAS EA Verification/Source PDFs/covidence_819_full_article.pdf,4e6e6512dd139c7b914b56c3b22b6c05eb6c884675c03db02a924eec5a6f7be6,10/32 post-randomization exclusions; supplemental morphine/fentanyl inclusion unclear,INCLUDE,SENSITIVITY,Source construct/window/contrast reviewed; direct data admitted.,opioid24_EA_sham_fentanyl_per_kg,1,opioid24_EA_sham_fentanyl_per_kg,MD,fentanyl_0_24h_weight_normalized,SENSITIVITY,µg/kg fentanyl,-3.200000000000001,0.6567521367521368,,,
V33-OD-0027,Zhou 2025,Zhou_2025,ZHOU25_TEAS_vs_SHAM_PONV,PACU TEAS,Sham/no current,TEAS,sham,PONV,PONV incidence,POD1,Outcome-specific analyzed population,48.0,49.0,,,,,10.0,19.0,participants,Events/total,"Table 4, p8",,TEAS EA Verification/Source PDFs/105119.pdf,d9bf76bd7e244dd4513f686ee9be168122d8db4ced699a7f881f93237b3cb52b,Participant sensory blinding uncertain,INCLUDE,INCLUDE,0–24h or POD1 cumulative adverse-event reporting; Jiang PP population explicit. Lu two active protocols combined.,ponv24_TEAS_sham,1,ponv24_TEAS_sham,RR,composite_PONV_0_24h,ADDITIONAL,risk ratio,-0.6212345989696589,0.11139008234872896,,,0
V33-OD-0033,Zheng 2025,Zheng_2025,ZHENG25_TEAS_vs_SHAM_PONV,Perioperative TEAS,Sham/no current,TEAS,sham,PONV,Any PONV,Within 24 h postoperatively,Outcome-specific analyzed population,42.0,43.0,,,,,18.0,29.0,participants,Events/total,Primary outcome / 24-h PONV result,,TEAS EA Verification/Source PDFs/109499.pdf,a99722242c4b1800916d66613b5a0ed223a91f853e14ecce929740eb91dc466b,Counts 18/42 and 29/43 are reconstructed from reported 42.9% and 67.4%; use percentages as source truth,INCLUDE,INCLUDE,0–24h or POD1 cumulative adverse-event reporting; Jiang PP population explicit. Lu two active protocols combined.,ponv24_TEAS_sham,1,ponv24_TEAS_sham,RR,composite_PONV_0_24h,ADDITIONAL,risk ratio,-0.4533935746801152,0.04297297641323303,,,0
V33-OD-0130+V33-OD-0131,Lu 2021,Lu_2021,COMBINED_COMPATIBLE_ACTIVE_ARMS,Combined PC6+CV17 TEAS,Sham/no current,TEAS,sham,PONV,Any PONV,24 h,Outcome-specific analyzed population,388.0,188.0,,,,,94.0,68.0,participants,Events/total,24-h PONV table | 24-h PONV table,,TEAS EA Verification/Source PDFs/covidence_414_full_article.pdf,7f03819dbf9b4b292cfed8ba78be7233349e036cc4f9cb144cfa1e0db17094a7,Use raw event counts; three-arm shared sham comparator,INCLUDE,INCLUDE,0–24h or POD1 cumulative adverse-event reporting; Jiang PP population explicit. Lu two active protocols combined.,ponv24_TEAS_sham,1,ponv24_TEAS_sham,RR,composite_PONV_0_24h,ADDITIONAL,risk ratio,-0.40077629969942713,0.017447711701482523,,,0
V33-OD-0168,Liu 2026 (burn),Liu_2026_burn,LIU26BURN_TEAS_vs_SHAM_PONV24,Pre-induction TEAS,Placebo/sham TEAS,TEAS,sham,PONV,Nausea-vomiting,Through POD1 / approximately 24 h,Outcome-specific analyzed population,43.0,43.0,,,,,7.0,16.0,participants,Events/total,Secondary postoperative outcomes,,TEAS EA Verification/Source PDFs/covidence_48_verified.pdf,ad454ee8b62ea93e4001edd3f7e8329ea09a0caaa10204d00e93b2f28891200d,Two different P-values are printed for the same result,INCLUDE,INCLUDE,0–24h or POD1 cumulative adverse-event reporting; Jiang PP population explicit. Lu two active protocols combined.,ponv24_TEAS_sham,1,ponv24_TEAS_sham,RR,composite_PONV_0_24h,ADDITIONAL,risk ratio,-0.8266785731844678,0.15884551495016613,,,0
V33-OD-0195,Jiang 2026,Jiang_2026,JIANG26_TEAS_vs_SHAM_PONV24,Perioperative TEAS,Sham/no current,TEAS,sham,PONV,PONV incidence,Within 24 h,Outcome-specific analyzed population,294.0,293.0,,,,,44.0,67.0,participants,Events/total,24-h PONV result,,TEAS EA Verification/Source PDFs/study_4_Jiang_2026.pdf,a980f1476ff869174b7b605dbceff078e5885e02049ca2ea0b95cc19e2a5ac66,Use 44/294 vs 67/293; do not relabel 587 as randomized/ITT,INCLUDE,INCLUDE,0–24h or POD1 cumulative adverse-event reporting; Jiang PP population explicit. Lu two active protocols combined.,ponv24_TEAS_sham,1,ponv24_TEAS_sham,RR,composite_PONV_0_24h,ADDITIONAL,risk ratio,-0.4239101437943192,0.030838316034106947,,,0
V33-OD-0215,He 2026 (hepatectomy/JIS),He_2026_hepatectomy_JIS,HEJIS26_TEAS_vs_CTRL_PONV24,Intraoperative PC6 TEAS,No-current PC6 control,TEAS,sham,PONV,PONV incidence,0-24 h,Outcome-specific analyzed population,80.0,79.0,,,,,19.0,21.0,participants,Events/total,Primary PONV outcome / mITT,,TEAS EA Verification/Source PDFs/covidence_25_verified.pdf,4fc22447f980bacde9572ec5b1998318f5c4c38aedd82b7809644644e00d7e96,Primary trial outcome; no meaningful between-group difference,INCLUDE,INCLUDE,0–24h or POD1 cumulative adverse-event reporting; Jiang PP population explicit. Lu two active protocols combined.,ponv24_TEAS_sham,1,ponv24_TEAS_sham,RR,composite_PONV_0_24h,ADDITIONAL,risk ratio,-0.1126622407638426,0.07509239871831477,,,0
V33-OD-0257,Chen 2015,Chen_2015,CHEN15Q_TEAS_vs_CTRL_PONV24,Preoperative TEAS,Electrodes/device with no stimulation,TEAS,sham,PONV,PONV incidence,0-24 h,Outcome-specific analyzed population,41.0,42.0,,,,,10.0,26.0,participants,Events/total,Table 3 / PONV,,037_chen_2015_thyroidectomy_lund.pdf,60361dc28f099a330d13fe98c9e96d8f94334920f0eaffd65c450ffd6dc87bfc,Use analyzed denominators 41 and 42.,INCLUDE,INCLUDE,0–24h or POD1 cumulative adverse-event reporting; Jiang PP population explicit. Lu two active protocols combined.,ponv24_TEAS_sham,1,ponv24_TEAS_sham,RR,composite_PONV_0_24h,ADDITIONAL,risk ratio,-0.931413893448376,0.09026177074957564,,,0
V33-OD-0261,Chen 2015 (Hyperalgesia),Chen_2015_Hyperalgesia,CHEN15H_TEAS_vs_SHAM_PONV24,Preoperative TEAS,Electrodes/no-current sham,TEAS,sham,PONV,PONV incidence,0-24 h,Outcome-specific analyzed population,29.0,30.0,,,,,5.0,13.0,participants,Events/total,Table 2 / PONV,,040_chen_2015_hyperalgesia_lund.pdf,88719bd172fa29650c9503944c2e6f7cf083d1dac34c978d8f0d2ddf12b7d2ba,Use 29 analyzed TEAS and 30 control; one TEAS protocol-breach exclusion.,INCLUDE,INCLUDE,0–24h or POD1 cumulative adverse-event reporting; Jiang PP population explicit. Lu two active protocols combined.,ponv24_TEAS_sham,1,ponv24_TEAS_sham,RR,composite_PONV_0_24h,ADDITIONAL,risk ratio,-0.9216098933517549,0.20910698496905394,,,0
V33-OD-0276,Gao 2022,Gao_2022,GAO22_TEAS_vs_SHAM_PONV24,"Postoperative TEAS at bilateral P6/ST36 (2/10 Hz, 30 min ×2)",No-current sham with identical electrode/device setup,TEAS,sham,PONV,Any postoperative nausea and/or retching and/or vomiting,0-24 h,Outcome-specific analyzed population,827.0,828.0,,,,,243.0,283.0,participants with PONV,Events/total,Table 3 / primary 24 h PONV outcome,,TEAS EA Verification/Source PDFs/pdf-2.pdf,5cfa6412264e74d7e713676f049fb116278621263c2a13a84c82c48084231492,Use raw events/total for unadjusted RR. The composite includes subjective nausea and patients were not fully blinded to stimulation sensation; outcome-specific RoB may be higher than for the objective opioid result.,INCLUDE,INCLUDE,0–24h or POD1 cumulative adverse-event reporting; Jiang PP population explicit. Lu two active protocols combined.,ponv24_TEAS_sham,1,ponv24_TEAS_sham,RR,composite_PONV_0_24h,ADDITIONAL,risk ratio,-0.15117699494112086,0.005231875930637845,,,0
AUDIT-0359,Yu 2020,Yu_2020,V34_B4_040,Preoperative TEAS,Control/no current (electrodes applied),TEAS,sham,PONV,Any nausea and/or vomiting,0–24 h,Intention-to-treat; all randomized participants analyzed,30.0,30.0,,,,,7.0,17.0,participants,Events/total,"Trials 2020;21:43, pp.5–7; Table 3 + Results","PONV: control 17/30 (56.7%) vs TEAS 7/30 (23.3%), P<0.01.",TEAS EA Verification/Source PDFs/s13063-019-3892-4.pdf,12fbd503870f7f12216ff5f2544b159c66fecd557d4838bcabceec1aa151fb69,NOT REPORTED,INCLUDE,INCLUDE,0–24h or POD1 cumulative adverse-event reporting; Jiang PP population explicit. Lu two active protocols combined.,ponv24_TEAS_sham,1,ponv24_TEAS_sham,RR,composite_PONV_0_24h,ADDITIONAL,risk ratio,-0.8873031950009027,0.13501400560224092,,,0
V33-OD-0027,Zhou 2025,Zhou_2025,ZHOU25_TEAS_vs_SHAM_PONV,PACU TEAS,Sham/no current,TEAS,sham,PONV,PONV incidence,POD1,Outcome-specific analyzed population,48.0,49.0,,,,,10.0,19.0,participants,Events/total,"Table 4, p8",,TEAS EA Verification/Source PDFs/105119.pdf,d9bf76bd7e244dd4513f686ee9be168122d8db4ced699a7f881f93237b3cb52b,Participant sensory blinding uncertain,INCLUDE,SENSITIVITY,Adds Lu2022 24h assessment; cumulative window not presumed in main body. v36: Liang2021 removed (no-stimulation control without sham procedure).,ponv24_TEAS_sham_point_window_sensitivity,1,ponv24_TEAS_sham_point_window_sensitivity,RR,PONV_24h_including_point_window_uncertain,SENSITIVITY,risk ratio,-0.6212345989696589,0.11139008234872896,,,0
V33-OD-0033,Zheng 2025,Zheng_2025,ZHENG25_TEAS_vs_SHAM_PONV,Perioperative TEAS,Sham/no current,TEAS,sham,PONV,Any PONV,Within 24 h postoperatively,Outcome-specific analyzed population,42.0,43.0,,,,,18.0,29.0,participants,Events/total,Primary outcome / 24-h PONV result,,TEAS EA Verification/Source PDFs/109499.pdf,a99722242c4b1800916d66613b5a0ed223a91f853e14ecce929740eb91dc466b,Counts 18/42 and 29/43 are reconstructed from reported 42.9% and 67.4%; use percentages as source truth,INCLUDE,SENSITIVITY,Adds Lu2022 24h assessment; cumulative window not presumed in main body. v36: Liang2021 removed (no-stimulation control without sham procedure).,ponv24_TEAS_sham_point_window_sensitivity,1,ponv24_TEAS_sham_point_window_sensitivity,RR,PONV_24h_including_point_window_uncertain,SENSITIVITY,risk ratio,-0.4533935746801152,0.04297297641323303,,,0
V33-OD-0130+V33-OD-0131,Lu 2021,Lu_2021,COMBINED_COMPATIBLE_ACTIVE_ARMS,Combined PC6+CV17 TEAS,Sham/no current,TEAS,sham,PONV,Any PONV,24 h,Outcome-specific analyzed population,388.0,188.0,,,,,94.0,68.0,participants,Events/total,24-h PONV table | 24-h PONV table,,TEAS EA Verification/Source PDFs/covidence_414_full_article.pdf,7f03819dbf9b4b292cfed8ba78be7233349e036cc4f9cb144cfa1e0db17094a7,Use raw event counts; three-arm shared sham comparator,INCLUDE,SENSITIVITY,Adds Lu2022 24h assessment; cumulative window not presumed in main body. v36: Liang2021 removed (no-stimulation control without sham procedure).,ponv24_TEAS_sham_point_window_sensitivity,1,ponv24_TEAS_sham_point_window_sensitivity,RR,PONV_24h_including_point_window_uncertain,SENSITIVITY,risk ratio,-0.40077629969942713,0.017447711701482523,,,0
V33-OD-0168,Liu 2026 (burn),Liu_2026_burn,LIU26BURN_TEAS_vs_SHAM_PONV24,Pre-induction TEAS,Placebo/sham TEAS,TEAS,sham,PONV,Nausea-vomiting,Through POD1 / approximately 24 h,Outcome-specific analyzed population,43.0,43.0,,,,,7.0,16.0,participants,Events/total,Secondary postoperative outcomes,,TEAS EA Verification/Source PDFs/covidence_48_verified.pdf,ad454ee8b62ea93e4001edd3f7e8329ea09a0caaa10204d00e93b2f28891200d,Two different P-values are printed for the same result,INCLUDE,SENSITIVITY,Adds Lu2022 24h assessment; cumulative window not presumed in main body. v36: Liang2021 removed (no-stimulation control without sham procedure).,ponv24_TEAS_sham_point_window_sensitivity,1,ponv24_TEAS_sham_point_window_sensitivity,RR,PONV_24h_including_point_window_uncertain,SENSITIVITY,risk ratio,-0.8266785731844678,0.15884551495016613,,,0
V33-OD-0195,Jiang 2026,Jiang_2026,JIANG26_TEAS_vs_SHAM_PONV24,Perioperative TEAS,Sham/no current,TEAS,sham,PONV,PONV incidence,Within 24 h,Outcome-specific analyzed population,294.0,293.0,,,,,44.0,67.0,participants,Events/total,24-h PONV result,,TEAS EA Verification/Source PDFs/study_4_Jiang_2026.pdf,a980f1476ff869174b7b605dbceff078e5885e02049ca2ea0b95cc19e2a5ac66,Use 44/294 vs 67/293; do not relabel 587 as randomized/ITT,INCLUDE,SENSITIVITY,Adds Lu2022 24h assessment; cumulative window not presumed in main body. v36: Liang2021 removed (no-stimulation control without sham procedure).,ponv24_TEAS_sham_point_window_sensitivity,1,ponv24_TEAS_sham_point_window_sensitivity,RR,PONV_24h_including_point_window_uncertain,SENSITIVITY,risk ratio,-0.4239101437943192,0.030838316034106947,,,0
V33-OD-0215,He 2026 (hepatectomy/JIS),He_2026_hepatectomy_JIS,HEJIS26_TEAS_vs_CTRL_PONV24,Intraoperative PC6 TEAS,No-current PC6 control,TEAS,sham,PONV,PONV incidence,0-24 h,Outcome-specific analyzed population,80.0,79.0,,,,,19.0,21.0,participants,Events/total,Primary PONV outcome / mITT,,TEAS EA Verification/Source PDFs/covidence_25_verified.pdf,4fc22447f980bacde9572ec5b1998318f5c4c38aedd82b7809644644e00d7e96,Primary trial outcome; no meaningful between-group difference,INCLUDE,SENSITIVITY,Adds Lu2022 24h assessment; cumulative window not presumed in main body. v36: Liang2021 removed (no-stimulation control without sham procedure).,ponv24_TEAS_sham_point_window_sensitivity,1,ponv24_TEAS_sham_point_window_sensitivity,RR,PONV_24h_including_point_window_uncertain,SENSITIVITY,risk ratio,-0.1126622407638426,0.07509239871831477,,,0
V33-OD-0257,Chen 2015,Chen_2015,CHEN15Q_TEAS_vs_CTRL_PONV24,Preoperative TEAS,Electrodes/device with no stimulation,TEAS,sham,PONV,PONV incidence,0-24 h,Outcome-specific analyzed population,41.0,42.0,,,,,10.0,26.0,participants,Events/total,Table 3 / PONV,,037_chen_2015_thyroidectomy_lund.pdf,60361dc28f099a330d13fe98c9e96d8f94334920f0eaffd65c450ffd6dc87bfc,Use analyzed denominators 41 and 42.,INCLUDE,SENSITIVITY,Adds Lu2022 24h assessment; cumulative window not presumed in main body. v36: Liang2021 removed (no-stimulation control without sham procedure).,ponv24_TEAS_sham_point_window_sensitivity,1,ponv24_TEAS_sham_point_window_sensitivity,RR,PONV_24h_including_point_window_uncertain,SENSITIVITY,risk ratio,-0.931413893448376,0.09026177074957564,,,0
V33-OD-0261,Chen 2015 (Hyperalgesia),Chen_2015_Hyperalgesia,CHEN15H_TEAS_vs_SHAM_PONV24,Preoperative TEAS,Electrodes/no-current sham,TEAS,sham,PONV,PONV incidence,0-24 h,Outcome-specific analyzed population,29.0,30.0,,,,,5.0,13.0,participants,Events/total,Table 2 / PONV,,040_chen_2015_hyperalgesia_lund.pdf,88719bd172fa29650c9503944c2e6f7cf083d1dac34c978d8f0d2ddf12b7d2ba,Use 29 analyzed TEAS and 30 control; one TEAS protocol-breach exclusion.,INCLUDE,SENSITIVITY,Adds Lu2022 24h assessment; cumulative window not presumed in main body. v36: Liang2021 removed (no-stimulation control without sham procedure).,ponv24_TEAS_sham_point_window_sensitivity,1,ponv24_TEAS_sham_point_window_sensitivity,RR,PONV_24h_including_point_window_uncertain,SENSITIVITY,risk ratio,-0.9216098933517549,0.20910698496905394,,,0
V33-OD-0276,Gao 2022,Gao_2022,GAO22_TEAS_vs_SHAM_PONV24,"Postoperative TEAS at bilateral P6/ST36 (2/10 Hz, 30 min ×2)",No-current sham with identical electrode/device setup,TEAS,sham,PONV,Any postoperative nausea and/or retching and/or vomiting,0-24 h,Outcome-specific analyzed population,827.0,828.0,,,,,243.0,283.0,participants with PONV,Events/total,Table 3 / primary 24 h PONV outcome,,TEAS EA Verification/Source PDFs/pdf-2.pdf,5cfa6412264e74d7e713676f049fb116278621263c2a13a84c82c48084231492,Use raw events/total for unadjusted RR. The composite includes subjective nausea and patients were not fully blinded to stimulation sensation; outcome-specific RoB may be higher than for the objective opioid result.,INCLUDE,SENSITIVITY,Adds Lu2022 24h assessment; cumulative window not presumed in main body. v36: Liang2021 removed (no-stimulation control without sham procedure).,ponv24_TEAS_sham_point_window_sensitivity,1,ponv24_TEAS_sham_point_window_sensitivity,RR,PONV_24h_including_point_window_uncertain,SENSITIVITY,risk ratio,-0.15117699494112086,0.005231875930637845,,,0
AUDIT-0359,Yu 2020,Yu_2020,V34_B4_040,Preoperative TEAS,Control/no current (electrodes applied),TEAS,sham,PONV,Any nausea and/or vomiting,0–24 h,Intention-to-treat; all randomized participants analyzed,30.0,30.0,,,,,7.0,17.0,participants,Events/total,"Trials 2020;21:43, pp.5–7; Table 3 + Results","PONV: control 17/30 (56.7%) vs TEAS 7/30 (23.3%), P<0.01.",TEAS EA Verification/Source PDFs/s13063-019-3892-4.pdf,12fbd503870f7f12216ff5f2544b159c66fecd557d4838bcabceec1aa151fb69,NOT REPORTED,INCLUDE,SENSITIVITY,Adds Lu2022 24h assessment; cumulative window not presumed in main body. v36: Liang2021 removed (no-stimulation control without sham procedure).,ponv24_TEAS_sham_point_window_sensitivity,1,ponv24_TEAS_sham_point_window_sensitivity,RR,PONV_24h_including_point_window_uncertain,SENSITIVITY,risk ratio,-0.8873031950009027,0.13501400560224092,,,0
AUDIT-0127,Lu 2022,Lu_2022,V34_B1_126,TEAS,Control,TEAS,sham,PONV,PONV incidence,24 h after surgery,Available-case,47.0,47.0,,,,,30.0,22.0,participants,Events/total,p. 2874; Table 3,"24 h after surgery: PONV, n (%) 30 ... 22 ... 0.17",TEAS EA Verification/Source PDFs/getfile.php-3.pdf,83439ead7b747aa55a3be6aab468dc4350619651c2dfd0c516ffbf47d7b16f7c,The paper reports these as PONV at each assessment time; it does not state that these are cumulative non-overlapping intervals.,INCLUDE,SENSITIVITY,Adds Lu2022 24h assessment; cumulative window not presumed in main body. v36: Liang2021 removed (no-stimulation control without sham procedure).,ponv24_TEAS_sham_point_window_sensitivity,1,ponv24_TEAS_sham_point_window_sensitivity,RR,PONV_24h_including_point_window_uncertain,SENSITIVITY,risk ratio,0.3101549283038396,0.03623468729851709,,,0
AUDIT-0077,Yang 2020,Yang_2020,V34_B1_076,EA group,UC group,EA,usual_care,PONV,Nausea incidence,0–24 h after surgery,Available-case,29.0,28.0,,,,,8.0,8.0,participants,Events/total,e920648-6; Table 4,0–24 h after surgery: Nausea [incidence; n (%)] 8 ... 8 ... 0.934,TEAS EA Verification/Source PDFs/covidence_464_verified.pdf,74195fd297db01dd46bc70ce30960d6ada974359a832f17219120a2cb8491d14,NOT REPORTED,INCLUDE,INCLUDE,Source construct/window/contrast reviewed; direct data admitted.,nausea24_EA_usual,1,nausea24_EA_usual,RR,nausea_0_24h,ADDITIONAL,risk ratio,-0.03509131981127006,0.17980295566502463,,,0
V34-OD-0759,Yang 2024,Yang_2024,YANG24_EA_vs_UC_NAUSEA24,Perioperative EA + usual care,Usual care,EA,usual_care,PONV,Postoperative nausea,0-24 h after surgery,Intention-to-treat (90/90 retained),90.0,90.0,,,,,24.0,40.0,participants,Events/total,Table 3 (0-24 h after surgery); Methods (recording windows); Results text,"Table 3, ""0-24 h after surgery"": Incidence of Nausea [n(%)] 24(26.7) EA vs 40(44.4) UC, P=0.013. Methods: ""Incidence of PON and POV ... were recorded at 0-24 h, 24-48 h and 48-72 h after surgery.""",TEAS EA Verification/Source PDFs/covidence_1930_full_article.pdf,6c2160c1111226035fb3a46cd41746f84d6f420d24c10b329cffcf82e1c8580f,No sham acupuncture; nausea is a subjective endpoint reported by unblinded participants,INCLUDE,INCLUDE,Source construct/window/contrast reviewed; direct data admitted.,nausea24_EA_usual,1,nausea24_EA_usual,RR,nausea_0_24h,ADDITIONAL,risk ratio,-0.5108256237659907,0.04444444444444444,,,0
V33-OD-0055,Yang 2024,Yang_2024,YANG24_EA_vs_UC_VOMIT,Perioperative EA + usual care,Usual care,EA,usual_care,PONV,Postoperative vomiting,0-24 h after surgery,Outcome-specific analyzed population,90.0,90.0,,,,,12.0,25.0,participants,Events/total,Secondary outcomes / PONV,,TEAS EA Verification/Source PDFs/covidence_1930_full_article.pdf,6c2160c1111226035fb3a46cd41746f84d6f420d24c10b329cffcf82e1c8580f,No sham acupuncture; patient knowledge could affect subjective nausea but vomiting is more objective,INCLUDE,INCLUDE,Source construct/window/contrast reviewed; direct data admitted.,vomiting24_EA_usual,1,vomiting24_EA_usual,RR,vomiting_0_24h,ADDITIONAL,risk ratio,-0.7339691750802004,0.10111111111111111,,,0
AUDIT-0078,Yang 2020,Yang_2020,V34_B1_077,EA group,UC group,EA,usual_care,PONV,Vomiting incidence,0–24 h after surgery,Available-case,29.0,28.0,,,,,5.0,7.0,participants,Events/total,e920648-6; Table 4,0–24 h after surgery: Vomiting [incidence; n (%)] 5 ... 7 ... 0.473,TEAS EA Verification/Source PDFs/covidence_464_verified.pdf,74195fd297db01dd46bc70ce30960d6ada974359a832f17219120a2cb8491d14,NOT REPORTED,INCLUDE,INCLUDE,Source construct/window/contrast reviewed; direct data admitted.,vomiting24_EA_usual,1,vomiting24_EA_usual,RR,vomiting_0_24h,ADDITIONAL,risk ratio,-0.37156355643248296,0.2726600985221675,,,0
V33-OD-0371,Yao 2015,Yao_2015,YAO15_TEAS_vs_CTRL_NAUSEA24,Preoperative TEAS,Control/no current,TEAS,sham,PONV,Postoperative nausea,0-24 h postoperative,Outcome-specific analyzed population,35.0,36.0,,,,,17.0,26.0,participants,Events/total,Table 3 (Nausea),,retrieved_pdfs/039_yao_2015.pdf,769574c60b55724c5f5d1bb988ebb6cbd252be9b95734e3b11bf61bf5ae9272f,Reported as 17 (48.6%) vs 26 (72.2%); denominators confirmed from Table 3 headers.,INCLUDE,INCLUDE,Source construct/window/contrast reviewed; direct data admitted.,nausea24_TEAS_sham,1,nausea24_TEAS_sham,RR,nausea_0_24h,ADDITIONAL,risk ratio,-0.39671231699856957,0.040935861524096825,,,0
V33-OD-0293,Liu 2015,Liu_2015,LIU15_TEAS_vs_SHAM_NAUSEAPOD1,Multipoint intraoperative TEAS (2/100 Hz; 30 min pre-induction through end of surgery),No-current sham TEAS with identical electrode placement/device setup,TEAS,sham,PONV,Postoperative nausea incidence,Postoperative day 1,Outcome-specific analyzed population,44.0,44.0,,,,,11.0,9.0,participants with nausea,Events/total,Table 3 / Postoperative day 1,,TEAS EA Verification/Source PDFs/covidence_681_full_article.pdf,9cf5bec1437acb80b316e677836c7069282325820a6c6c9ceab4600976ec253c,The article states nausea/vomiting incidences did not differ significantly between groups; table provides day-labelled event counts without clock-defined ascertainment windows. Use raw events/total.,INCLUDE,INCLUDE,Source construct/window/contrast reviewed; direct data admitted.,nausea24_TEAS_sham,1,nausea24_TEAS_sham,RR,nausea_0_24h,ADDITIONAL,risk ratio,0.20067069546215105,0.15656565656565655,,,0
AUDIT-0292+AUDIT-0293,Lu 2021,Lu_2021,COMBINED_COMPATIBLE_ACTIVE_ARMS,Single PC6 TEAS,Sham/no current,TEAS,sham,PONV,Nausea incidence,0–24 h,Intention-to-treat,388.0,188.0,,,,,50.0,45.0,participants,Events/total,"Journal of Clinical Anesthesia 74 (2021), Table 3; Table 3 | Journal of Clinical Anesthesia 74 (2021), Table 3; Table 3",Nausea incidence: sham 45/188; single 38/198; combined 12/190.,TEAS EA Verification/Source PDFs/covidence_414_full_article.pdf,7f03819dbf9b4b292cfed8ba78be7233349e036cc4f9cb144cfa1e0db17094a7,NOT REPORTED,INCLUDE,INCLUDE,Source construct/window/contrast reviewed; direct data admitted.,nausea24_TEAS_sham,1,nausea24_TEAS_sham,RR,nausea_0_24h,ADDITIONAL,risk ratio,-0.6192028611354982,0.034325753698423146,,,0
V33-OD-0372,Yao 2015,Yao_2015,YAO15_TEAS_vs_CTRL_VOMIT24,Preoperative TEAS,Control/no current,TEAS,sham,PONV,Postoperative vomiting,0-24 h postoperative,Outcome-specific analyzed population,35.0,36.0,,,,,7.0,19.0,participants,Events/total,Table 3 (Vomiting),,retrieved_pdfs/039_yao_2015.pdf,769574c60b55724c5f5d1bb988ebb6cbd252be9b95734e3b11bf61bf5ae9272f,Source-extracted during verification of the supplementary nausea row; the supplement did not list it. Reported as 7 (20.0%) vs 19 (52.8%).,INCLUDE,INCLUDE,v36: Pan2023 moved to usual-care body (control did not undergo TEAS; no sham procedure).,vomiting24_TEAS_sham,1,vomiting24_TEAS_sham,RR,vomiting_0_24h,ADDITIONAL,risk ratio,-0.9703579531444309,0.1391395154553049,,,0
V33-OD-0296,Liu 2015,Liu_2015,LIU15_TEAS_vs_SHAM_VOMITPOD1,Multipoint intraoperative TEAS (2/100 Hz; 30 min pre-induction through end of surgery),No-current sham TEAS with identical electrode placement/device setup,TEAS,sham,PONV,Postoperative vomiting incidence,Postoperative day 1,Outcome-specific analyzed population,44.0,44.0,,,,,9.0,8.0,participants with vomiting,Events/total,Table 3 / Postoperative day 1,,TEAS EA Verification/Source PDFs/covidence_681_full_article.pdf,9cf5bec1437acb80b316e677836c7069282325820a6c6c9ceab4600976ec253c,The article states nausea/vomiting incidences did not differ significantly between groups; table provides day-labelled event counts without clock-defined ascertainment windows. Use raw events/total.,INCLUDE,INCLUDE,v36: Pan2023 moved to usual-care body (control did not undergo TEAS; no sham procedure).,vomiting24_TEAS_sham,1,vomiting24_TEAS_sham,RR,vomiting_0_24h,ADDITIONAL,risk ratio,0.11778303565638346,0.19065656565656564,,,0
V33-OD-0277,Gao 2022,Gao_2022,GAO22_TEAS_vs_SHAM_VOMIT24,"Postoperative TEAS at bilateral P6/ST36 (2/10 Hz, 30 min ×2)",No-current sham with identical electrode/device setup,TEAS,sham,PONV,Postoperative vomiting incidence,0-24 h,Outcome-specific analyzed population,827.0,828.0,,,,,86.0,147.0,participants with vomiting,Events/total,Table 3 / 24 h vomiting,,TEAS EA Verification/Source PDFs/pdf-2.pdf,5cfa6412264e74d7e713676f049fb116278621263c2a13a84c82c48084231492,Use raw events/total rather than the adjusted logistic OR for meta-analysis unless the protocol specifies adjusted effects. Sensory blinding was imperfect.,INCLUDE,INCLUDE,v36: Pan2023 moved to usual-care body (control did not undergo TEAS; no sham procedure).,vomiting24_TEAS_sham,1,vomiting24_TEAS_sham,RR,vomiting_0_24h,ADDITIONAL,risk ratio,-0.5348768311636602,0.016013708753775207,,,0
AUDIT-0294+AUDIT-0295,Lu 2021,Lu_2021,COMBINED_COMPATIBLE_ACTIVE_ARMS,Single PC6 TEAS,Sham/no current,TEAS,sham,PONV,Vomiting incidence,0–24 h,Intention-to-treat,388.0,188.0,,,,,43.0,22.0,participants,Events/total,"Journal of Clinical Anesthesia 74 (2021), Table 3; Table 3 | Journal of Clinical Anesthesia 74 (2021), Table 3; Table 3",Vomiting incidence: sham 22/188; single 21/198; combined 22/190.,TEAS EA Verification/Source PDFs/covidence_414_full_article.pdf,7f03819dbf9b4b292cfed8ba78be7233349e036cc4f9cb144cfa1e0db17094a7,NOT REPORTED,INCLUDE,INCLUDE,v36: Pan2023 moved to usual-care body (control did not undergo TEAS; no sham procedure).,vomiting24_TEAS_sham,1,vomiting24_TEAS_sham,RR,vomiting_0_24h,ADDITIONAL,risk ratio,-0.05440571445807774,0.06081389088423474,,,0
AUDIT-0100,Pan 2023,Pan_2023,V34_B1_099,Group T — TEAS,Group C — control,TEAS,usual_care,PONV,Vomiting incidence,Within 24 h after operation,Unstated,52.0,53.0,,,,,9.0,19.0,participants,Events/total,p. 815; Table 7,Vomiting at 24h 9 (17) 19 (36) 0.03*,TEAS EA Verification/Source PDFs/getfile.php-4.pdf,7f51a98abb60112923a7996495bc8d143af74aa710175a70c29894b62a64479d,The table reports counts and rounded percentages.,INCLUDE,INCLUDE,v36: Pan2023 no-TEAS control; supportive comparison.,vomiting24_TEAS_usual,1,vomiting24_TEAS_usual,RR,vomiting_0_24h,ADDITIONAL,risk ratio,-0.7281662068595265,0.12564399629940842,Usual care,"Pan 2023: ""Patients in Group C did not undergo TEAS."" No sham procedure described.",0
V33-OD-0278,Gao 2022,Gao_2022,GAO22_TEAS_vs_SHAM_PERSISTNAUSEA24,"Postoperative TEAS at bilateral P6/ST36 (2/10 Hz, 30 min ×2)",No-current sham with identical electrode/device setup,TEAS,sham,PONV,Persistent nausea (>5 min),0-24 h,Outcome-specific analyzed population,827.0,828.0,,,,,18.0,42.0,participants with persistent nausea,Events/total,Table 3 / persistent nausea,,TEAS EA Verification/Source PDFs/pdf-2.pdf,5cfa6412264e74d7e713676f049fb116278621263c2a13a84c82c48084231492,Subjective nausea outcome with imperfect participant blinding; keep separate from composite PONV and vomiting.,INCLUDE,INCLUDE,Source construct/window/contrast reviewed; direct data admitted.,persistent_nausea24_TEAS_sham,1,persistent_nausea24_TEAS_sham,RR,persistent_nausea_over5min_0_24h,ADDITIONAL,risk ratio,-0.8460894010256353,0.076948160053675,,,0
V33-OD-0139,Luo 2026,Luo_2026,LUO26_TEAS_vs_SHAM_NAUSEA48,Intraoperative PC6 TEAS + standard antiemetics,Sham/no current + standard antiemetics,TEAS,sham,PONV,Cumulative postoperative nausea,0-48 h,Outcome-specific analyzed population,138.0,139.0,,,,,24.0,53.0,participants,Events/total,Primary outcome / cumulative nausea,,TEAS EA Verification/Source PDFs/covidence_35_verified.pdf,c0f7a5e88ad8a000c8179382c1d55220fe9e798b9a4f8f6480f348d112898f51,Participant blinding was empirically poor: 77.5% of TEAS and 66.2% of sham participants correctly guessed allocation,INCLUDE,INCLUDE,Source construct/window/contrast reviewed; direct data admitted.,nausea48_TEAS_sham,1,nausea48_TEAS_sham,RR,nausea_0_48h,ADDITIONAL,risk ratio,-0.7850178352306892,0.0460939697790578,,,0
V33-OD-0140,Luo 2026,Luo_2026,LUO26_TEAS_vs_SHAM_VOMIT48,Intraoperative PC6 TEAS + standard antiemetics,Sham/no current + standard antiemetics,TEAS,sham,PONV,Cumulative postoperative vomiting,0-48 h,Outcome-specific analyzed population,138.0,139.0,,,,,9.0,27.0,participants,Events/total,Primary outcome / cumulative vomiting,,TEAS EA Verification/Source PDFs/covidence_35_verified.pdf,c0f7a5e88ad8a000c8179382c1d55220fe9e798b9a4f8f6480f348d112898f51,"Vomiting is more objective than nausea, but participant masking was incomplete",INCLUDE,INCLUDE,Source construct/window/contrast reviewed; direct data admitted.,vomiting48_TEAS_sham,1,vomiting48_TEAS_sham,RR,vomiting_0_48h,ADDITIONAL,risk ratio,-1.0913920406946227,0.13370752673223738,,,0
V33-OD-0056,Xiong 2021,Xiong_2021,XIONG21_TEAS_vs_CTRL_PONV48,TEAS + dexamethasone + tropisetron,Dexamethasone + tropisetron,TEAS,sham,PONV,Any PONV,Within 48 h,Outcome-specific analyzed population,31.0,31.0,,,,,13.0,24.0,participants,Events/total,Abstract / 48-h PONV result,,TEAS EA Verification/Source PDFs/covidence_431_full_article.pdf,85f0cc1e5493db16e616ba5a77950207798546aa0ed9986773bbcefac9ca1d45,Participant blinding intended but active postoperative tingling may have revealed allocation,INCLUDE,INCLUDE,v36: Xiong2021 control had electrodes applied and connected without stimulation (sham); formerly ponv48_TEAS_usual.,ponv48_TEAS_sham,1,ponv48_TEAS_sham,RR,composite_PONV_0_48h,ADDITIONAL,risk ratio,-0.6131044728864088,0.05407361455748552,CONTROL_TYPE_REVIEW_REQUIRED,"Xiong 2021: ""the patients in the control group had gel electrodes applied and connected to an acupuncture instrument without stimulation.""",0
V33-OD-0019+V33-OD-0021+V33-OD-0023,Zhu 2022,Zhu_2022,COMBINED_COMPATIBLE_ACTIVE_ARMS,EA day before surgery,Usual care alone,EA,usual_care,PONV,Postoperative nausea,6-24 h postoperatively,Outcome-specific analyzed population,299.0,101.0,,,,,40.0,27.0,participants with nausea,Events/total,Table 2 | Table 2 | Table 2,,TEAS EA Verification/Source PDFs/covidence_381_full_article.pdf,81b253dfbb68322da8383e775b391e0eb829702de456e01224fa82bf6b56bde0,Four-arm RCT; no sham; analysis denominators differ from randomized denominators,INCLUDE,INCLUDE,Source construct/window/contrast reviewed; direct data admitted.,nausea6to24_EA_usual,1,nausea6to24_EA_usual,RR,nausea_6_24h,ADDITIONAL,risk ratio,-0.6922804684398198,0.04879156533267596,,,0
V33-OD-0020+V33-OD-0022+V33-OD-0024,Zhu 2022,Zhu_2022,COMBINED_COMPATIBLE_ACTIVE_ARMS,EA day before surgery,Usual care alone,EA,usual_care,PONV,Postoperative vomiting,6-24 h postoperatively,Outcome-specific analyzed population,299.0,101.0,,,,,22.0,22.0,participants with vomiting,Events/total,Table 2 | Table 2 | Table 2,,TEAS EA Verification/Source PDFs/covidence_381_full_article.pdf,81b253dfbb68322da8383e775b391e0eb829702de456e01224fa82bf6b56bde0,Four-arm RCT; no sham; use exact arm-specific analyzed denominators,INCLUDE,INCLUDE,Source construct/window/contrast reviewed; direct data admitted.,vomiting6to24_EA_usual,1,vomiting6to24_EA_usual,RR,vomiting_6_24h,ADDITIONAL,risk ratio,-1.0853230565494267,0.07766361920472985,,,0
V33-OD-0163,Liu 2021,Liu_2021,LIU21_TEAS_vs_CTRL_VASREST24,Perioperative TEAS,Electrodes/no current,TEAS,sham,Pain,VAS at rest,24 h,Outcome-specific analyzed population,50.0,50.0,2.52,0.505,2.66,0.626,,,VAS,Mean/SD,Table 2 / 24-h rest VAS,,TEAS EA Verification/Source PDFs/getfile.php-2.pdf,02e9d16c8cb8dd39b10b0e073b010a22888c05ae8dd4c6cc7ccfafdf2e0bf2cb,Participant blinding is unclear because active stimulation was maximum tolerated and control received no current,INCLUDE,INCLUDE,Source construct/window/contrast reviewed; direct data admitted.,pain24_rest_TEAS_sham,1,pain24_rest_TEAS_sham,MD,pain_rest_approximately24h,ADDITIONAL,0–10 points,-0.14000000000000012,0.012938020000000001,,,
V33-OD-0367,Yu 2020,Yu_2020,YU20_TEAS_vs_CTRL_PAIN_POD1,Preoperative TEAS,Control/no current (electrodes applied),TEAS,sham,Pain,Resting pain VAS,POD1 (~24 h),Outcome-specific analyzed population,30.0,30.0,3.7,1.53,4.73,1.53,,,VAS 0-10,Mean/SD,Table 2 (VAS scores); abstract Results,,TEAS EA Verification/Source PDFs/s13063-019-3892-4.pdf,12fbd503870f7f12216ff5f2544b159c66fecd557d4838bcabceec1aa151fb69,"SOURCE CONFLICT: Table 2 reports TEAS 3.70 (1.53); the abstract reports 3.70 +/- 1.41 for the same result. Table 2's TEAS SD is also identical to the control SD (1.53), which is itself suspicious. Table 2 value recorded here as the primary transcription because a table outranks an abstract; the conflict is unresolved and this row must NOT be pooled. Author contact required. | V34: Yu Table 2 TEAS SDs POD1/POD2 = 1.53/0.98; abstract = 1.41/0.88. POD2 prose P=0.26, table *P<0.05, abstract significant. Table values retained; pain quantitative HOLD.",HOLD,INCLUDE,Source construct/window/contrast reviewed; direct data admitted.,pain24_rest_TEAS_sham,1,pain24_rest_TEAS_sham,MD,pain_rest_approximately24h,ADDITIONAL,0–10 points,-1.0300000000000002,0.15606,,,
V33-OD-0064,Xing 2022,Xing_2022,XING22_NTG_vs_NG_RESTVAS24,TEAS + active TAPB,Sham TEAS + active TAPB,TEAS,sham,Pain,Rest pain VAS,24 h,Outcome-specific analyzed population,29.0,29.0,1.18,0.42,1.4,0.52,,,VAS 0-10,Mean/SD,24-h pain result,,TEAS EA Verification/Source PDFs/s40122-022-00429-2.pdf,ef7826ca61ea657ea56689464a863c5340af1703488c259420346131727062c3,"At 24 h both TAPB groups improved versus G, but incremental NTG-vs-NG difference was not reported significant",INCLUDE,INCLUDE,Source construct/window/contrast reviewed; direct data admitted.,pain24_rest_TEAS_sham,1,pain24_rest_TEAS_sham,MD,pain_rest_approximately24h,ADDITIONAL,0–10 points,-0.21999999999999997,0.015406896551724138,,,
V33-OD-0164,Liu 2021,Liu_2021,LIU21_TEAS_vs_CTRL_VASCOUGH24,Perioperative TEAS,Electrodes/no current,TEAS,sham,Pain,VAS with coughing,24 h,Outcome-specific analyzed population,50.0,50.0,3.2,0.571,3.16,0.681,,,VAS,Mean/SD,Table 2 / 24-h coughing VAS,,TEAS EA Verification/Source PDFs/getfile.php-2.pdf,02e9d16c8cb8dd39b10b0e073b010a22888c05ae8dd4c6cc7ccfafdf2e0bf2cb,No evidence of analgesic benefit at 24 h,INCLUDE,INCLUDE,Source construct/window/contrast reviewed; direct data admitted.,pain24_movement_TEAS_sham,1,pain24_movement_TEAS_sham,MD,pain_movement_approximately24h,ADDITIONAL,0–10 points,0.040000000000000036,0.01579604,,,
V33-OD-0201+V33-OD-0202,Huang 2024,Huang_2024,COMBINED_COMPATIBLE_ACTIVE_ARMS,Contralateral EA,Bilateral sham EA,EA,sham,Pain,VAS during walking/knee movement,POD1,Outcome-specific analyzed population,76.0,38.0,5.333,1.0329563914641637,5.671,0.984,,,VAS 0-100,Mean/SD,Primary serial VAS / Day 1 | Primary serial VAS / Day 1,,TEAS EA Verification/Source PDFs/covidence_245_full_article.pdf,728873a206e9cc158128f082bbe4a4cd75de6f417e9cd52738e8d1b23d883644,Three-arm trial; 6 did not complete allocated intervention but authors state ITT and follow-up was obtained for all 114,INCLUDE,INCLUDE,Source construct/window/contrast reviewed; direct data admitted.,pain24_movement_EA_sham,0.1,pain24_movement_EA_sham,MD,pain_movement_approximately24h,ADDITIONAL,0–10 points,-0.3380000000000001,0.039519880350877196,,,
V33-OD-0201+V33-OD-0202,Huang 2024,Huang_2024,COMBINED_COMPATIBLE_ACTIVE_ARMS,Contralateral EA,Bilateral sham EA,EA,sham,Pain,VAS during walking/knee movement,POD1,Outcome-specific analyzed population,76.0,38.0,5.333,1.0329563914641637,5.671,0.984,,,VAS 0-100,Mean/SD,Primary serial VAS / Day 1 | Primary serial VAS / Day 1,,TEAS EA Verification/Source PDFs/covidence_245_full_article.pdf,728873a206e9cc158128f082bbe4a4cd75de6f417e9cd52738e8d1b23d883644,Three-arm trial; 6 did not complete allocated intervention but authors state ITT and follow-up was obtained for all 114,INCLUDE,SENSITIVITY,He2026 reported SDs conflict with threshold counts; retain literal SD only as diagnostic.,pain24_movement_EA_sham_with_He,0.1,pain24_movement_EA_sham_with_He,MD,pain_movement_approximately24h,SENSITIVITY,0–10 points,-0.3380000000000001,0.039519880350877196,,,
V33-OD-0218,He 2026 (breast/WJCO),He_2026_breast_WJCO,HEBREAST26_EA_vs_SHAM_VASMOV24,Perioperative EA + flurbiprofen,Sham acupuncture + flurbiprofen,EA,sham,Pain,Movement VAS,24 h,Outcome-specific analyzed population,65.0,65.0,2.862,0.233,3.954,0.233,,,VAS,Mean/SD,Postoperative VAS table,,TEAS EA Verification/Source PDFs/covidence_41_verified.pdf,c72b10318ea20c6c8d9c26a001fcbccbb77e7330991aa41644433139108a8cb4,"Article labels values mean±SD, but identical very small dispersions across arms/timepoints warrant source-verification caution",INCLUDE,SENSITIVITY,He2026 reported SDs conflict with threshold counts; retain literal SD only as diagnostic.,pain24_movement_EA_sham_with_He,1,pain24_movement_EA_sham_with_He,MD,pain_movement_approximately24h,SENSITIVITY,0–10 points,-1.092,0.0016704307692307695,,,
V33-OD-0219,He 2026 (breast/WJCO),He_2026_breast_WJCO,HEBREAST26_EA_vs_SHAM_VASREST24,Perioperative EA + flurbiprofen,Sham acupuncture + flurbiprofen,EA,sham,Pain,Resting VAS,24 h,Outcome-specific analyzed population,65.0,65.0,1.789,0.174,2.692,0.174,,,VAS,Mean/SD,Postoperative VAS table,,TEAS EA Verification/Source PDFs/covidence_41_verified.pdf,c72b10318ea20c6c8d9c26a001fcbccbb77e7330991aa41644433139108a8cb4,Same dispersion-format caution as movement VAS,INCLUDE,SENSITIVITY,He2026 extremely small repeated SDs cannot be reconciled with threshold counts; no fabricated replacement.,pain24_rest_EA_sham_He_reported_SD,1,pain24_rest_EA_sham_He_reported_SD,MD,pain_rest_approximately24h,SENSITIVITY,0–10 points,-0.9030000000000002,0.0009315692307692307,,,
V33-OD-0015,Chen 2020,Chen_2020,CHEN20_TEAS_vs_SHAM_VAS,Perioperative TEAS,Sham low/zero-current protocol,TEAS,sham,Pain,VAS pain intensity,24 h postoperatively,Outcome-specific analyzed population,40.0,40.0,2.91,0.2,5.97,0.56,,,VAS 0-10,Mean/SD,24-h VAS result,,TEAS EA Verification/Source PDFs/Thoracic Cancer - 2020 - Chen - Efficacy of transcutaneous electrical acupoint stimulation combined with general anesthesia.pdf,debc925a549725290efc12e4fde6fbbb63880cb0bbd6425faac2e22b1e5c3663,Patient blinding adequacy depends on sensory contrast of sham protocol,INCLUDE,SENSITIVITY,Rest/movement not established. Never use this mixed-setting body to assert registered pain co-outcome criterion.,pain24_unclassified_TEAS_sham,1,pain24_unclassified_TEAS_sham,MD,pain_setting_unspecified_24h,SENSITIVITY,0–10 points,-3.0599999999999996,0.008840000000000002,,,
V33-OD-0071,Wu 2022,Wu_2022,WU22_PTEAS_vs_CTRL_PAINPOD1,Perioperative pTEAS,No-current control,TEAS,sham,Pain,VAS pain intensity,POD1,Outcome-specific analyzed population,44.0,40.0,1.77,0.91,2.25,0.71,,,VAS 0-10,Mean/SD,Table 3 / POD1 pain,,TEAS EA Verification/Source PDFs/s12871-022-01875-3.pdf,bb3c8a4aedbf656c306082e2b889c37c04af8d614fb8e8f23b3d6da85e33d3aa,Asymmetric post-randomization exclusions: 1/45 pTEAS vs 5/45 control; participant sensory blinding not convincing,INCLUDE,SENSITIVITY,Rest/movement not established. Never use this mixed-setting body to assert registered pain co-outcome criterion.,pain24_unclassified_TEAS_sham,1,pain24_unclassified_TEAS_sham,MD,pain_setting_unspecified_24h,SENSITIVITY,0–10 points,-0.48,0.031422954545454546,,,
V33-OD-0075,Wu 2025,Wu_2025,WU25_TEAS_vs_SHAM_VAS24,PACU TEAS,Sham/no current,TEAS,sham,Pain,VAS pain intensity,24 h,Outcome-specific analyzed population,50.0,50.0,1.7,0.9,4.0,1.4,,,VAS 0-10,Mean/SD,Table 2 / primary 24-h VAS,,TEAS EA Verification/Source PDFs/103940.pdf,2fc3db1859c4af6dc85f9a357a2468eb54b002d2c7f87658c9113c207a8beb53,"Three patients could not be contacted at 24 h, yet all 100 were included in ITT; imputation/handling method is not explained",INCLUDE,SENSITIVITY,Rest/movement not established. Never use this mixed-setting body to assert registered pain co-outcome criterion.,pain24_unclassified_TEAS_sham,1,pain24_unclassified_TEAS_sham,MD,pain_setting_unspecified_24h,SENSITIVITY,0–10 points,-2.3,0.05539999999999999,,,
V33-OD-0142,Luo 2026,Luo_2026,LUO26_TEAS_vs_SHAM_NRS24,Intraoperative PC6 TEAS + standard antiemetics,Sham/no current + standard antiemetics,TEAS,sham,Pain,Postoperative NRS pain,24 h,Outcome-specific analyzed population,138.0,139.0,1.3,0.92,1.65,0.95,,,NRS 0-10,Mean/SD,Postoperative pain table / 24 h,,TEAS EA Verification/Source PDFs/covidence_35_verified.pdf,c0f7a5e88ad8a000c8179382c1d55220fe9e798b9a4f8f6480f348d112898f51,Rest-versus-movement condition is not reported; participant masking was incomplete,INCLUDE,SENSITIVITY,Rest/movement not established. Never use this mixed-setting body to assert registered pain co-outcome criterion.,pain24_unclassified_TEAS_sham,1,pain24_unclassified_TEAS_sham,MD,pain_setting_unspecified_24h,SENSITIVITY,0–10 points,-0.34999999999999987,0.012626139088729017,,,
V33-OD-0158,Liu 2026 (ESD),Liu_2026_ESD,LIU26ESD_TEAS_vs_SHAM_NRS24,Perioperative TEAS,Sham-point/no current,TEAS,sham,Pain,NRS pain intensity,24 h,Outcome-specific analyzed population,58.0,62.0,1.2,1.3,2.8,1.9,,,NRS 0-10,Mean/SD,Serial NRS results / 24 h,,TEAS EA Verification/Source PDFs/covidence_69_full_article.pdf,0ec8f5810960f2beec2574fbd8779b1cc4402a328d3c844cbd146357dab63623,Active TEAS at maximum tolerated intensity vs sham no current; sensory blinding success was not tested,INCLUDE,SENSITIVITY,Rest/movement not established. Never use this mixed-setting body to assert registered pain co-outcome criterion.,pain24_unclassified_TEAS_sham,1,pain24_unclassified_TEAS_sham,MD,pain_setting_unspecified_24h,SENSITIVITY,0–10 points,-1.5999999999999999,0.08736373748609566,,,
V33-OD-0221,Gu 2019,Gu_2019,GU19_LTEAS_vs_CTEAS_VAS24,Long-duration TEAS,Sham/no-current TEAS,TEAS,sham,Pain,VAS pain intensity,24 h,Outcome-specific analyzed population,58.0,59.0,1.98,0.39,2.72,0.73,,,VAS 0-10,Mean/SD,Figure 3 / 24-h VAS,,TEAS EA Verification/Source PDFs/covidence_1471_full_article.pdf,b6fb0c0901f5f6716bd6cc6facc06f0844dca5c5e9d357527f55936d5de0aa33,Three randomized patients excluded; active 5-30 mA stimulation vs sham no current with no blinding-success assessment,INCLUDE,SENSITIVITY,Rest/movement not established. Never use this mixed-setting body to assert registered pain co-outcome criterion.,pain24_unclassified_TEAS_sham,1,pain24_unclassified_TEAS_sham,MD,pain_setting_unspecified_24h,SENSITIVITY,0–10 points,-0.7400000000000002,0.011654617182933955,,,
AUDIT-0342,Zheng 2025,Zheng_2025,V34_B4_023,Perioperative TEAS,Sham/no current,TEAS,sham,Pain,NRS pain score,24 h,Modified intention-to-treat / completer analysis reported in Table 1,42.0,43.0,1.7,0.8,2.2,1.1,,,NRS 0–10,Mean/SD,Journal of Pain Research 2025;18:6458; Table 4,NRS 24 h: TEAS 1.7±0.8 vs control 2.2±1.1.,TEAS EA Verification/Source PDFs/109499.pdf,a99722242c4b1800916d66613b5a0ed223a91f853e14ecce929740eb91dc466b,INTERNAL SOURCE CONFLICT: prose reports P=0.042 while Table 4 footnote prints bP=0.422. Do not silently correct.,INCLUDE,SENSITIVITY,Rest/movement not established. Never use this mixed-setting body to assert registered pain co-outcome criterion.,pain24_unclassified_TEAS_sham,1,pain24_unclassified_TEAS_sham,MD,pain_setting_unspecified_24h,SENSITIVITY,0–10 points,-0.5000000000000002,0.043377630121816176,,,
V33-OD-0187,Lee 2011,Lee_2011,LEE11_LOW_vs_SHAM_VAS24,Low-frequency dense-sparse SSP,Sham SSP,TEAS,sham,Pain,VAS pain intensity,24 h,Outcome-specific analyzed population,10.0,12.0,1.21,1.31,2.54,0.86,,,VAS 0-10,Mean/SD,24-h VAS table,,retrieved_pdfs/049_lee_2011.pdf,7ccfcd9d5a6cb8d3957f2666285774d528469a929b619a9e28a7c2b56ca36fe5,Rest vs movement not reported; two low-frequency participants excluded because unable to complete VAS,INCLUDE,SENSITIVITY,Available low-frequency arm only; not admitted as a complete multiarm evidence body.,pain24_Lee_low_arm_only,1,pain24_Lee_low_arm_only,MD,pain_setting_unspecified_24h,SENSITIVITY,0–10 points,-1.33,0.23324333333333333,,,
V33-OD-0118,Ng 2013,Ng_2013,NG13_EA_vs_SHAM_PAINPOD1,Electroacupuncture,Sham acupuncture,EA,sham,Pain,VAS pain intensity,POD1,Outcome-specific analyzed population,55.0,55.0,5.6,2.0,5.8,1.9,,,VAS 0-10,Mean/SD,Pain outcome / POD1,,TEAS EA Verification/Source PDFs/covidence_1970_ng_2013.pdf,18ce931a2b3a17e4ba1f7b4f0ddfac5274721367802ebdcdf92d027afa51c781,POD1 is not an exact clock-defined 24-h point,INCLUDE,SENSITIVITY,Source construct/window/contrast reviewed; direct data admitted.,pain24_Ng_unspecified,1,pain24_Ng_unspecified,MD,pain_setting_unspecified_POD1,SENSITIVITY,0–10 points,-0.20000000000000018,0.13836363636363636,,,
AUDIT-0002+AUDIT-0003+AUDIT-0004,Zhu 2022,Zhu_2022,COMBINED_COMPATIBLE_ACTIVE_ARMS,Group Pre — EA day before surgery,Group Usual — usual care alone,EA,usual_care,Pain,Pain on movement (NRS),6–24 h,Per-protocol,299.0,101.0,1.1468561872909697,1.072214112670401,1.44,1.3,,,NRS 0-10,Mean/SD,p. 422; Table 3 | p. 422; Table 3 | p. 422; Table 3,Pain at 6–24 h (mean±SD): Pre 1.15±1.02; 30 1.12±1.03; Comb 1.17±1.17; Usual 1.44±1.3; p=0.179,TEAS EA Verification/Source PDFs/covidence_381_full_article.pdf,81b253dfbb68322da8383e775b391e0eb829702de456e01224fa82bf6b56bde0,"Randomized arm sizes taken from CONSORT Fig 1 (Pre 103/30 103/Comb 103/Usual 104). Abstract instead reports Pre 103/30 104/Comb 103/Usual 103; source is internally inconsistent. Methods call the primary pain outcome 'pain on movement at 24h', while Table 3 labels the row 'Pain at 6–24 h'.",INCLUDE,SENSITIVITY,Interval summary cannot be assumed a point24h co-outcome.,pain6to24_movement_EA_usual,1,pain6to24_movement_EA_usual,MD,pain_movement_interval6_24h,SENSITIVITY,0–10 points,-0.2931438127090302,0.020577633479398894,,,
V33-OD-0028,Zhou 2025,Zhou_2025,ZHOU25_TEAS_vs_SHAM_FLATUS,PACU TEAS,Sham/no current,TEAS,sham,GI recovery,Time to first flatus,Postoperative,Outcome-specific analyzed population,48.0,49.0,14.1,3.19,15.88,3.78,,,hours,Mean/SD,Postoperative recovery-time table,,TEAS EA Verification/Source PDFs/105119.pdf,d9bf76bd7e244dd4513f686ee9be168122d8db4ced699a7f881f93237b3cb52b,Ascertainment mechanism should be considered in RoB because participant sensory blinding may be imperfect,INCLUDE,INCLUDE,Source construct/window/contrast reviewed; direct data admitted. v38: Zheng continuous data held for unresolved source inconsistency; no inferred SD corrections. Wu2025 pre-intervention dose excluded where relevant.,flatus_TEAS_sham,1,flatus_TEAS_sham,MD,time_first_flatus,ADDITIONAL,hours,-1.7800000000000011,0.5036020833333333,,,
V33-OD-0082,Wang 2023,Wang_2023,WANG23_TEAS_vs_SHAM_FLATUS,Nighttime TEAS,Sham/no current,TEAS,sham,GI recovery,Time to first flatus,Postoperative,Outcome-specific analyzed population,40.0,43.0,54.57,16.62,60.7,19.1,,,hours,Mean/SD,Table 1 / postoperative first flatus,,TEAS EA Verification/Source PDFs/s40122-023-00493-2.pdf,9eae987a3d59d97843498faa079d7eac7ae430cae80d2971d356bb988714bd6c,5/88 randomized participants excluded for protocol breaches; no full ITT,INCLUDE,INCLUDE,Source construct/window/contrast reviewed; direct data admitted. v38: Zheng continuous data held for unresolved source inconsistency; no inferred SD corrections. Wu2025 pre-intervention dose excluded where relevant.,flatus_TEAS_sham,1,flatus_TEAS_sham,MD,time_first_flatus,ADDITIONAL,hours,-6.130000000000003,15.389563488372096,,,
V33-OD-0134,Lu 2022,Lu_2022,LU22_TEAS_vs_CTRL_FLATUS,TEAS + ERAS,No-current control + ERAS,TEAS,sham,GI recovery,Time to first flatus,Postoperative,Outcome-specific analyzed population,47.0,47.0,34.5,16.7,42.4,22.9,,,hours,Mean/SD,First flatus result,,TEAS EA Verification/Source PDFs/getfile.php-3.pdf,83439ead7b747aa55a3be6aab468dc4350619651c2dfd0c516ffbf47d7b16f7c,Same 6 post-randomization exclusions apply,INCLUDE,INCLUDE,Source construct/window/contrast reviewed; direct data admitted. v38: Zheng continuous data held for unresolved source inconsistency; no inferred SD corrections. Wu2025 pre-intervention dose excluded where relevant.,flatus_TEAS_sham,1,flatus_TEAS_sham,MD,time_first_flatus,ADDITIONAL,hours,-7.899999999999999,17.091489361702127,,,
V33-OD-0223,Gu 2019,Gu_2019,GU19_LTEAS_vs_CTEAS_FLATUS,Long-duration TEAS,Sham/no-current TEAS,TEAS,sham,GI recovery,Time to first flatus,Postoperative,Outcome-specific analyzed population,58.0,59.0,36.58,10.75,43.56,9.57,,,hours,Mean/SD,GI recovery table,,TEAS EA Verification/Source PDFs/covidence_1471_full_article.pdf,b6fb0c0901f5f6716bd6cc6facc06f0844dca5c5e9d357527f55936d5de0aa33,First flatus/defecation were patient self-recorded; bowel sounds were nurse-assessed,INCLUDE,INCLUDE,Source construct/window/contrast reviewed; direct data admitted. v38: Zheng continuous data held for unresolved source inconsistency; no inferred SD corrections. Wu2025 pre-intervention dose excluded where relevant.,flatus_TEAS_sham,1,flatus_TEAS_sham,MD,time_first_flatus,ADDITIONAL,hours,-6.980000000000004,3.5447433372296904,,,
V33-OD-0239,Gao 2021,Gao_2021,GAO21_TEAS_vs_SHAM_FLATUS,Postoperative TEAS,Sham/no-current TEAS,TEAS,sham,GI recovery,Time to first flatus,Postoperative,Outcome-specific analyzed population,303.0,307.0,63.4,29.0,76.3,37.9,,,hours,Mean/SD,GI recovery outcomes,,TEAS EA Verification/Source PDFs/covidence_400_full_article.pdf,9dccc7912cf6c84c466abdf8e09b879b53113bafa6d3d72306ad087bdc48e18a,Full randomized sample retained; participant awareness may influence self-reported GI milestones,INCLUDE,INCLUDE,Source construct/window/contrast reviewed; direct data admitted. v38: Zheng continuous data held for unresolved source inconsistency; no inferred SD corrections. Wu2025 pre-intervention dose excluded where relevant.,flatus_TEAS_sham,1,flatus_TEAS_sham,MD,time_first_flatus,ADDITIONAL,hours,-12.899999999999999,7.454437492609195,,,
V33-OD-0062,Xing 2022,Xing_2022,XING22_NTG_vs_NG_FLATUS,TEAS + active TAPB,Sham TEAS + active TAPB,TEAS,sham,GI recovery,Time to first flatus,Postoperative,Outcome-specific analyzed population,29.0,29.0,32.57,6.94,36.83,6.19,,,hours,Mean/SD,Postoperative recovery results,,TEAS EA Verification/Source PDFs/s40122-022-00429-2.pdf,ef7826ca61ea657ea56689464a863c5340af1703488c259420346131727062c3,Three-arm study; use NTG vs NG for incremental TEAS effect,INCLUDE,INCLUDE,Source construct/window/contrast reviewed; direct data admitted. v38: Zheng continuous data held for unresolved source inconsistency; no inferred SD corrections. Wu2025 pre-intervention dose excluded where relevant.,flatus_TEAS_sham,1,flatus_TEAS_sham,MD,time_first_flatus,ADDITIONAL,hours,-4.259999999999998,2.9820586206896555,,,
AUDIT-0251+AUDIT-0252+AUDIT-0253,Sun 2017,Sun_2017,COMBINED_COMPATIBLE_ACTIVE_ARMS,Preoperative true TEAS only (TSS),All-period sham TEAS (SSS),TEAS,sham,GI recovery,Time to first postoperative flatus,Postoperative,Available-case/completer analysis,271.0,90.0,43.84981549815498,18.252664695445198,41.5,19.6,,,hours,Mean/SD,Clin J Pain 2017;33:344; Table 2 | Clin J Pain 2017;33:344; Table 2 | Clin J Pain 2017;33:344; Table 2,Time to first postoperative flatus: SSS 41.5±19.6; active arm 45.2±19.9; overall P=0.391.,TEAS EA Verification/Source PDFs/sun2017-2.pdf,08bff012301811eee2caa149fca626ae6787f61dcee2951fce77830ac7b5de44,NOT REPORTED,INCLUDE,INCLUDE,Source construct/window/contrast reviewed; direct data admitted. v38: Zheng continuous data held for unresolved source inconsistency; no inferred SD corrections. Wu2025 pre-intervention dose excluded where relevant.,flatus_TEAS_sham,1,flatus_TEAS_sham,MD,time_first_flatus,ADDITIONAL,hours,2.3498154981549817,5.497816283870097,,,
V33-OD-0117,Ng 2013,Ng_2013,NG13_EA_vs_SHAM_FLATUS,Electroacupuncture,Sham acupuncture,EA,sham,GI recovery,Time to first flatus,Postoperative,Outcome-specific analyzed population,55.0,55.0,48.0,21.6,55.199999999999996,26.400000000000002,,,days,Mean/SD,Secondary outcome / first flatus,,TEAS EA Verification/Source PDFs/covidence_1970_ng_2013.pdf,18ce931a2b3a17e4ba1f7b4f0ddfac5274721367802ebdcdf92d027afa51c781,No statistically significant EA-vs-sham difference,INCLUDE,INCLUDE,Source construct/window/contrast reviewed; direct data admitted.,flatus_EA_sham,24,flatus_EA_sham,MD,time_first_flatus,ADDITIONAL,hours,-7.199999999999996,21.154909090909094,,,
V33-OD-0002,Yang 2020,Yang_2020,YANG20_EA_vs_UC,EA + usual care,Usual care,EA,usual_care,GI recovery,Time to first postoperative flatus,From surgery to first flatus,Outcome-specific analyzed population,29.0,28.0,20.8,4.6,24.1,6.2,,,hours,Mean/SD,GI recovery results/table,,TEAS EA Verification/Source PDFs/covidence_464_verified.pdf,74195fd297db01dd46bc70ce30960d6ada974359a832f17219120a2cb8491d14,Open-label; 2/59 excluded after randomization; participant-report contribution unclear,INCLUDE,INCLUDE,Source construct/window/contrast reviewed; direct data admitted.,flatus_EA_usual,1,flatus_EA_usual,MD,time_first_flatus,ADDITIONAL,hours,-3.3000000000000007,2.102512315270936,,,
V33-OD-0053,Yang 2024,Yang_2024,YANG24_EA_vs_UC_FLATUS,Perioperative EA + usual care,Usual care,EA,usual_care,GI recovery,Time to first flatus,Postoperative,Outcome-specific analyzed population,90.0,90.0,15.4,3.2,17.0,3.7,,,hours,Mean/SD,Table 2 / primary first-flatus outcome,,TEAS EA Verification/Source PDFs/covidence_1930_full_article.pdf,6c2160c1111226035fb3a46cd41746f84d6f420d24c10b329cffcf82e1c8580f,Open-label participants; outcome assessor blinded,INCLUDE,INCLUDE,Source construct/window/contrast reviewed; direct data admitted.,flatus_EA_usual,1,flatus_EA_usual,MD,time_first_flatus,ADDITIONAL,hours,-1.5999999999999996,0.2658888888888889,,,
V33-OD-0198,Huang 2025,Huang_2025,HUANG25_EA_vs_UC_FLATUS,Postoperative EA + ERAS,ERAS/standard care,EA,usual_care,GI recovery,Time to first flatus,Postoperative,Outcome-specific analyzed population,43.0,45.0,36.4,8.0,42.2,8.5,,,hours,Mean/SD,Co-primary outcome / first flatus,,TEAS EA Verification/Source PDFs/covidence_131_verified.pdf,9868368dc35509a1f6a7618e93e28e16831aeb38eb1f3418ce56f55ecc8dd9fa,13/101 randomized participants excluded after randomization; no sham procedure and patient blinding is not credible for penetrating postoperative EA,INCLUDE,INCLUDE,Source construct/window/contrast reviewed; direct data admitted.,flatus_EA_usual,1,flatus_EA_usual,MD,time_first_flatus,ADDITIONAL,hours,-5.800000000000004,3.0939276485788114,,,
AUDIT-0017+AUDIT-0018+AUDIT-0019,Zhu 2022,Zhu_2022,COMBINED_COMPATIBLE_ACTIVE_ARMS,Group Pre — EA day before surgery,Group Usual — usual care alone,EA,usual_care,GI recovery,Time to passage of first flatus,From end of surgery to first flatus,Per-protocol,299.0,101.0,18.55665551839465,6.699015793563314,21.56,8.07,,,hours,Mean/SD,p. 422; Table 3 | p. 422; Table 3 | p. 422; Table 3,Time to passage of first flatus (h; mean±SD) 18.38±6.11 18.47±6.47 18.82±7.50 21.56±8.07 ... 0.003**,TEAS EA Verification/Source PDFs/covidence_381_full_article.pdf,81b253dfbb68322da8383e775b391e0eb829702de456e01224fa82bf6b56bde0,Randomized arm sizes taken from CONSORT Fig 1 (Pre 103/30 103/Comb 103/Usual 104). Abstract instead reports Pre 103/30 104/Comb 103/Usual 103; source is internally inconsistent.,INCLUDE,INCLUDE,Source construct/window/contrast reviewed; direct data admitted.,flatus_EA_usual,1,flatus_EA_usual,MD,time_first_flatus,ADDITIONAL,hours,-3.0033444816053496,0.7948906643545642,,,
V33-OD-0222,Gu 2019,Gu_2019,GU19_LTEAS_vs_CTEAS_BOWEL,Long-duration TEAS,Sham/no-current TEAS,TEAS,sham,GI recovery,Time to first bowel sounds,Postoperative,Outcome-specific analyzed population,58.0,59.0,19.69,7.61,26.58,7.43,,,hours,Mean/SD,GI recovery table,,TEAS EA Verification/Source PDFs/covidence_1471_full_article.pdf,b6fb0c0901f5f6716bd6cc6facc06f0844dca5c5e9d357527f55936d5de0aa33,First flatus/defecation were patient self-recorded; bowel sounds were nurse-assessed,INCLUDE,INCLUDE,Source construct/window/contrast reviewed; direct data admitted. v38: Zheng continuous data held for unresolved source inconsistency; no inferred SD corrections. Wu2025 pre-intervention dose excluded where relevant.,bowelsounds_TEAS_sham,1,bowelsounds_TEAS_sham,MD,time_first_bowel_sounds,ADDITIONAL,hours,-6.889999999999997,1.9341607539450614,,,
AUDIT-0173,Gao 2021,Gao_2021,V34_B2_023,Postoperative TEAS,Sham/no-current TEAS,TEAS,sham,GI recovery,Time to first bowel sounds,Postoperative,Intention-to-treat; all randomized patients,303.0,307.0,41.4,22.6,46.0,24.1,,,hours,Mean/SD,p. 1623; Table III,Time to first bowel sounds: 41.4 ± 22.6 vs 46.0 ± 24.1.,TEAS EA Verification/Source PDFs/covidence_400_full_article.pdf,9dccc7912cf6c84c466abdf8e09b879b53113bafa6d3d72306ad087bdc48e18a,NOT REPORTED,INCLUDE,INCLUDE,Source construct/window/contrast reviewed; direct data admitted. v38: Zheng continuous data held for unresolved source inconsistency; no inferred SD corrections. Wu2025 pre-intervention dose excluded where relevant.,bowelsounds_TEAS_sham,1,bowelsounds_TEAS_sham,MD,time_first_bowel_sounds,ADDITIONAL,hours,-4.600000000000001,3.577565818471098,,,
V33-OD-0135,Lu 2022,Lu_2022,LU22_TEAS_vs_CTRL_DEFEC,TEAS + ERAS,No-current control + ERAS,TEAS,sham,GI recovery,Time to first defecation,Postoperative,Outcome-specific analyzed population,47.0,47.0,42.0,25.0,55.4,29.7,,,hours,Mean/SD,First defecation result,,TEAS EA Verification/Source PDFs/getfile.php-3.pdf,83439ead7b747aa55a3be6aab468dc4350619651c2dfd0c516ffbf47d7b16f7c,Same 6 post-randomization exclusions apply,INCLUDE,INCLUDE,Source construct/window/contrast reviewed; direct data admitted.,defecation_TEAS_sham,1,defecation_TEAS_sham,MD,time_first_defecation,ADDITIONAL,hours,-13.399999999999999,32.06574468085106,,,
V33-OD-0224,Gu 2019,Gu_2019,GU19_LTEAS_vs_CTEAS_DEFEC,Long-duration TEAS,Sham/no-current TEAS,TEAS,sham,GI recovery,Time to first defecation,Postoperative,Outcome-specific analyzed population,58.0,59.0,71.48,20.62,77.27,22.67,,,hours,Mean/SD,GI recovery table,,TEAS EA Verification/Source PDFs/covidence_1471_full_article.pdf,b6fb0c0901f5f6716bd6cc6facc06f0844dca5c5e9d357527f55936d5de0aa33,First flatus/defecation were patient self-recorded; bowel sounds were nurse-assessed,INCLUDE,INCLUDE,Source construct/window/contrast reviewed; direct data admitted.,defecation_TEAS_sham,1,defecation_TEAS_sham,MD,time_first_defecation,ADDITIONAL,hours,-5.789999999999992,16.04142483927528,,,
V33-OD-0240,Gao 2021,Gao_2021,GAO21_TEAS_vs_SHAM_DEFEC,Postoperative TEAS,Sham/no-current TEAS,TEAS,sham,GI recovery,Time to first defecation,Postoperative,Outcome-specific analyzed population,303.0,307.0,106.7,65.6,121.5,65.6,,,hours,Mean/SD,GI recovery outcomes,,TEAS EA Verification/Source PDFs/covidence_400_full_article.pdf,9dccc7912cf6c84c466abdf8e09b879b53113bafa6d3d72306ad087bdc48e18a,Full randomized sample retained; participant awareness may influence self-reported GI milestones,INCLUDE,INCLUDE,Source construct/window/contrast reviewed; direct data admitted.,defecation_TEAS_sham,1,defecation_TEAS_sham,MD,time_first_defecation,ADDITIONAL,hours,-14.799999999999997,28.219967534212703,,,
AUDIT-0254+AUDIT-0255+AUDIT-0256,Sun 2017,Sun_2017,COMBINED_COMPATIBLE_ACTIVE_ARMS,Preoperative true TEAS only (TSS),All-period sham TEAS (SSS),TEAS,sham,GI recovery,Time to first postoperative defecation,Postoperative,Available-case/completer analysis,271.0,90.0,60.926568265682654,18.924971618794423,63.4,22.9,,,hours,Mean/SD,Clin J Pain 2017;33:344; Table 2 | Clin J Pain 2017;33:344; Table 2 | Clin J Pain 2017;33:344; Table 2,Time to first postoperative defecation: SSS 63.4±22.9; active arm 63.6±19.8; overall P=0.127.,TEAS EA Verification/Source PDFs/sun2017-2.pdf,08bff012301811eee2caa149fca626ae6787f61dcee2951fce77830ac7b5de44,NOT REPORTED,INCLUDE,INCLUDE,Source construct/window/contrast reviewed; direct data admitted.,defecation_TEAS_sham,1,defecation_TEAS_sham,MD,time_first_defecation,ADDITIONAL,hours,-2.4734317343173444,7.148381286162184,,,
V33-OD-0115,Ng 2013,Ng_2013,NG13_EA_vs_SHAM_BOWEL,Electroacupuncture,Sham acupuncture,EA,sham,GI recovery,Time to first bowel motion / defecation,Postoperative,Outcome-specific analyzed population,55.0,55.0,85.9,36.1,107.5,46.2,,,hours,Mean/SD,Primary outcome / first bowel motion,,TEAS EA Verification/Source PDFs/covidence_1970_ng_2013.pdf,18ce931a2b3a17e4ba1f7b4f0ddfac5274721367802ebdcdf92d027afa51c781,Allocation used sealed nonopaque envelopes; EA-vs-sham participants and outcome assessors were blinded,INCLUDE,INCLUDE,Source construct/window/contrast reviewed; direct data admitted.,defecation_EA_sham,1,defecation_EA_sham,MD,time_first_defecation,ADDITIONAL,hours,-21.599999999999994,62.50272727272727,,,
V33-OD-0054,Yang 2024,Yang_2024,YANG24_EA_vs_UC_DEFEC,Perioperative EA + usual care,Usual care,EA,usual_care,GI recovery,Time to first defecation,Postoperative,Outcome-specific analyzed population,90.0,90.0,75.9,7.9,79.7,8.1,,,hours,Mean/SD,Table 2 / primary first-defecation outcome,,TEAS EA Verification/Source PDFs/covidence_1930_full_article.pdf,6c2160c1111226035fb3a46cd41746f84d6f420d24c10b329cffcf82e1c8580f,Open-label participants; outcome assessor blinded,INCLUDE,INCLUDE,Source construct/window/contrast reviewed; direct data admitted.,defecation_EA_usual,1,defecation_EA_usual,MD,time_first_defecation,ADDITIONAL,hours,-3.799999999999997,1.4224444444444444,,,
V33-OD-0116,Ng 2013,Ng_2013,NG13_EA_vs_NOACU_BOWEL,Electroacupuncture,No acupuncture,EA,usual_care,GI recovery,Time to first bowel motion / defecation,Postoperative,Outcome-specific analyzed population,55.0,55.0,85.9,36.1,122.1,53.5,,,hours,Mean/SD,Primary outcome / first bowel motion,,TEAS EA Verification/Source PDFs/covidence_1970_ng_2013.pdf,18ce931a2b3a17e4ba1f7b4f0ddfac5274721367802ebdcdf92d027afa51c781,No-acupuncture group could not be participant blinded,INCLUDE,INCLUDE,Source construct/window/contrast reviewed; direct data admitted.,defecation_EA_usual,1,defecation_EA_usual,MD,time_first_defecation,ADDITIONAL,hours,-36.19999999999999,75.73563636363636,,,
V33-OD-0199,Huang 2025,Huang_2025,HUANG25_EA_vs_UC_DEFEC,Postoperative EA + ERAS,ERAS/standard care,EA,usual_care,GI recovery,Time to first defecation,Postoperative,Outcome-specific analyzed population,43.0,45.0,46.0,8.0,51.3,9.4,,,hours,Mean/SD,Co-primary outcome / first defecation,,TEAS EA Verification/Source PDFs/covidence_131_verified.pdf,9868368dc35509a1f6a7618e93e28e16831aeb38eb1f3418ce56f55ecc8dd9fa,Same post-randomization exclusion and no-sham concerns apply,INCLUDE,INCLUDE,Source construct/window/contrast reviewed; direct data admitted.,defecation_EA_usual,1,defecation_EA_usual,MD,time_first_defecation,ADDITIONAL,hours,-5.299999999999997,3.4519276485788115,,,
V33-OD-0380,Yang 2020,Yang_2020,YANG20_EA_vs_UC_DEFECATION,EA + usual care,Usual care,EA,usual_care,GI recovery,Time to first defecation,Postoperative,Outcome-specific analyzed population,29.0,28.0,53.9,6.0,57.5,7.2,,,hours,Mean/SD,Abstract Results; GI recovery table,,TEAS EA Verification/Source PDFs/covidence_464_verified.pdf,74195fd297db01dd46bc70ce30960d6ada974359a832f17219120a2cb8491d14,Analysis Ns mirror the existing v32 first-flatus row for this trial (29/28 of 30/29 randomized; 57 of 59 completed). Open-label design; existing RoB concern retained.,INCLUDE,INCLUDE,Source construct/window/contrast reviewed; direct data admitted.,defecation_EA_usual,1,defecation_EA_usual,MD,time_first_defecation,ADDITIONAL,hours,-3.6000000000000014,3.0928078817733993,,,
V33-OD-0254,An 2014,An_2014,AN14_EA_vs_CTRL_FENT48,Intraoperative electroacupuncture,No acupuncture control,EA,usual_care,Opioid consumption,Total postoperative fentanyl PCIA dose,Through reported 48-h PCIA period,Outcome-specific analyzed population,41.0,40.0,67.0,9.0,73.0,12.0,,,mg fentanyl,Mean/SD,Opioid/PCIA results,,TEAS EA Verification/Source PDFs/covidence_698_full_article.pdf,56f30fc7755720d3fe7611252f8c3700faa6c6ab57cddc112fef729cc913c645,Seven of 88 randomized patients were excluded from analysis; total fentanyl is not isolated to 0-24 h.,INCLUDE,INCLUDE,Source construct/window/contrast reviewed; direct data admitted.,opioid48_EA_usual_PCA,100,opioid48_EA_usual_PCA,MD,PCA_fentanyl_0_48h,ADDITIONAL,mg IVMME,-6.0,5.5756097560975615,,,
V35-YANG24-72,Yang 2024,Yang_2024,YANG24_EA_vs_UC_MORPH72,Perioperative EA + usual care,Usual care,EA,usual_care,Opioid consumption,Cumulative morphine use via IV PCA,0-72 h / POD1-3,Outcome-specific analyzed population,90.0,90.0,127.0,12.0,127.5,12.5,,,mg morphine,Mean/SD,Extracted from PCA device records; full ITT.,127.0±12.0 vs 127.5±12.5 mg,TEAS EA Verification/Source PDFs/covidence_1930_full_article.pdf,6c2160c1111226035fb3a46cd41746f84d6f420d24c10b329cffcf82e1c8580f,All 180 randomized participants retained in ITT; open-label patients but objective PCA drug-use record,INCLUDE,SENSITIVITY,Yang unquantified IM rescue not included in device total.,opioid72_EA_usual_PCA,1,opioid72_EA_usual_PCA,MD,PCA_morphine_0_72h,SENSITIVITY,mg IV morphine,-0.5,3.3361111111111112,,,
V33-OD-0250,Wong 2006,Wong_2006,WONG06_EA_vs_SHAM_MORPHTOTAL,Postoperative electroacupuncture,Nonpenetrating sham acupuncture,EA,sham,Opioid consumption,IV PCA morphine consumption,First 3 postoperative days total,Outcome-specific analyzed population,13.0,12.0,33.9,12.8,42.3,21.3,,,mg IV morphine,Mean/SD,Table 2 / postoperative PCA morphine,,TEAS EA Verification/Source PDFs/covidence_912_wong_2006.pdf,898210345f2f104e6b98a21b11532d3b53872ab18a90e0b9e232052d2718b877,Both groups also received scheduled oral dextropropoxyphene. Two randomized sham patients were excluded after serious postoperative complications.,INCLUDE,INCLUDE,Published three-day PCA mean/SD; separate from strict systemic24h outcome.,opioid72_EA_sham_PCA,1,opioid72_EA_sham_PCA,MD,PCA_morphine_0_72h,ADDITIONAL,mg IV morphine,-8.399999999999999,50.41057692307693,,,
V35-CHEN20-48,Chen 2020,Chen_2020,CHEN20_TEAS_vs_SHAM_SUF48,Perioperative TEAS,Sham low/zero-current protocol,TEAS,sham,Opioid consumption,Cumulative postoperative PCIA sufentanil consumption,0-48 h,Outcome-specific analyzed population,40.0,40.0,29.63,2.4425,35.0375,1.9675,,,µg sufentanil,Mean/SD,48-h cumulative pump result; preserve native µg. Registration retrospective.,118.52±9.77 vs 140.15±7.87 μg,TEAS EA Verification/Source PDFs/Thoracic Cancer - 2020 - Chen - Efficacy of transcutaneous electrical acupoint stimulation combined with general anesthesia.pdf,debc925a549725290efc12e4fde6fbbb63880cb0bbd6425faac2e22b1e5c3663,Sham was 4 mA pre/postoperatively but 0 mA intraoperatively; preserve this nuance,INCLUDE,SENSITIVITY,Chen unresolved basal contradiction and He unknown equivalence basis; no principal claim.,opioid48_TEAS_sham_uncertain_suf0.25,0.25,opioid48_TEAS_sham_uncertain_suf0.25,MD,PCA_or_author_equivalent_0_48h,SENSITIVITY,assumed mg IVMME,-5.407500000000002,0.24592156249999997,,,
V35-HE26-48,He 2026 (hepatectomy/JIS),He_2026_hepatectomy_JIS,HEJIS26_TEAS_vs_CTRL_MME24,Intraoperative PC6 TEAS,No-current PC6 control,TEAS,sham,Opioid consumption,Total postoperative opioid consumption in morphine equivalents,0–48 h,Outcome-specific analyzed population,80.0,79.0,39.5,4,40.4,7.1,,,mg MME,Mean/SD,"Supplemental material 2 eTable 1 (he2026_sm8843.docx; v36 label corrected from sm8842, which is the SAP); mITT80/79",,TEAS EA Verification/Source PDFs/covidence_25_verified.pdf,4fc22447f980bacde9572ec5b1998318f5c4c38aedd82b7809644644e00d7e96,Supplemental eTable 1 directly reports MME; mITT excludes one canceled surgery and one consent withdrawal after randomization,INCLUDE,SENSITIVITY,Chen unresolved basal contradiction and He unknown equivalence basis; no principal claim.,opioid48_TEAS_sham_uncertain_suf0.25,1,opioid48_TEAS_sham_uncertain_suf0.25,MD,PCA_or_author_equivalent_0_48h,SENSITIVITY,assumed mg IVMME,-0.8999999999999986,0.8381012658227849,,,
V35-CHEN20-48,Chen 2020,Chen_2020,CHEN20_TEAS_vs_SHAM_SUF48,Perioperative TEAS,Sham low/zero-current protocol,TEAS,sham,Opioid consumption,Cumulative postoperative PCIA sufentanil consumption,0-48 h,Outcome-specific analyzed population,40.0,40.0,59.26,4.885,70.075,3.935,,,µg sufentanil,Mean/SD,48-h cumulative pump result; preserve native µg. Registration retrospective.,118.52±9.77 vs 140.15±7.87 μg,TEAS EA Verification/Source PDFs/Thoracic Cancer - 2020 - Chen - Efficacy of transcutaneous electrical acupoint stimulation combined with general anesthesia.pdf,debc925a549725290efc12e4fde6fbbb63880cb0bbd6425faac2e22b1e5c3663,Sham was 4 mA pre/postoperatively but 0 mA intraoperatively; preserve this nuance,INCLUDE,SENSITIVITY,Chen unresolved basal contradiction and He unknown equivalence basis; no principal claim.,opioid48_TEAS_sham_uncertain_suf0.5,0.5,opioid48_TEAS_sham_uncertain_suf0.5,MD,PCA_or_author_equivalent_0_48h,SENSITIVITY,assumed mg IVMME,-10.815000000000005,0.9836862499999999,,,
V35-HE26-48,He 2026 (hepatectomy/JIS),He_2026_hepatectomy_JIS,HEJIS26_TEAS_vs_CTRL_MME24,Intraoperative PC6 TEAS,No-current PC6 control,TEAS,sham,Opioid consumption,Total postoperative opioid consumption in morphine equivalents,0–48 h,Outcome-specific analyzed population,80.0,79.0,39.5,4,40.4,7.1,,,mg MME,Mean/SD,"Supplemental material 2 eTable 1 (he2026_sm8843.docx; v36 label corrected from sm8842, which is the SAP); mITT80/79",,TEAS EA Verification/Source PDFs/covidence_25_verified.pdf,4fc22447f980bacde9572ec5b1998318f5c4c38aedd82b7809644644e00d7e96,Supplemental eTable 1 directly reports MME; mITT excludes one canceled surgery and one consent withdrawal after randomization,INCLUDE,SENSITIVITY,Chen unresolved basal contradiction and He unknown equivalence basis; no principal claim.,opioid48_TEAS_sham_uncertain_suf0.5,1,opioid48_TEAS_sham_uncertain_suf0.5,MD,PCA_or_author_equivalent_0_48h,SENSITIVITY,assumed mg IVMME,-0.8999999999999986,0.8381012658227849,,,
V35-CHEN20-48,Chen 2020,Chen_2020,CHEN20_TEAS_vs_SHAM_SUF48,Perioperative TEAS,Sham low/zero-current protocol,TEAS,sham,Opioid consumption,Cumulative postoperative PCIA sufentanil consumption,0-48 h,Outcome-specific analyzed population,40.0,40.0,118.52,9.77,140.15,7.87,,,µg sufentanil,Mean/SD,48-h cumulative pump result; preserve native µg. Registration retrospective.,118.52±9.77 vs 140.15±7.87 μg,TEAS EA Verification/Source PDFs/Thoracic Cancer - 2020 - Chen - Efficacy of transcutaneous electrical acupoint stimulation combined with general anesthesia.pdf,debc925a549725290efc12e4fde6fbbb63880cb0bbd6425faac2e22b1e5c3663,Sham was 4 mA pre/postoperatively but 0 mA intraoperatively; preserve this nuance,INCLUDE,SENSITIVITY,Chen unresolved basal contradiction and He unknown equivalence basis; no principal claim.,opioid48_TEAS_sham_uncertain_suf1,1.0,opioid48_TEAS_sham_uncertain_suf1,MD,PCA_or_author_equivalent_0_48h,SENSITIVITY,assumed mg IVMME,-21.63000000000001,3.9347449999999995,,,
V35-HE26-48,He 2026 (hepatectomy/JIS),He_2026_hepatectomy_JIS,HEJIS26_TEAS_vs_CTRL_MME24,Intraoperative PC6 TEAS,No-current PC6 control,TEAS,sham,Opioid consumption,Total postoperative opioid consumption in morphine equivalents,0–48 h,Outcome-specific analyzed population,80.0,79.0,39.5,4,40.4,7.1,,,mg MME,Mean/SD,"Supplemental material 2 eTable 1 (he2026_sm8843.docx; v36 label corrected from sm8842, which is the SAP); mITT80/79",,TEAS EA Verification/Source PDFs/covidence_25_verified.pdf,4fc22447f980bacde9572ec5b1998318f5c4c38aedd82b7809644644e00d7e96,Supplemental eTable 1 directly reports MME; mITT excludes one canceled surgery and one consent withdrawal after randomization,INCLUDE,SENSITIVITY,Chen unresolved basal contradiction and He unknown equivalence basis; no principal claim.,opioid48_TEAS_sham_uncertain_suf1,1,opioid48_TEAS_sham_uncertain_suf1,MD,PCA_or_author_equivalent_0_48h,SENSITIVITY,assumed mg IVMME,-0.8999999999999986,0.8381012658227849,,,
V33-OD-0072,Wu 2022,Wu_2022,WU22_PTEAS_vs_CTRL_REMI,Perioperative pTEAS,No-current control,TEAS,sham,Intraoperative opioid,Cumulative remifentanil,Intraoperative,Outcome-specific analyzed population,44.0,40.0,1383.0,494.0,1637.0,630.0,,,µg remifentanil,Mean/SD,Table 2 / cumulative remifentanil,,TEAS EA Verification/Source PDFs/s12871-022-01875-3.pdf,bb3c8a4aedbf656c306082e2b889c37c04af8d614fb8e8f23b3d6da85e33d3aa,Complete-case analysis with asymmetric attrition,INCLUDE,INCLUDE,v36: Pan2023 and Liang2021 no-stimulation controls moved to usual-care body. v38: Zheng continuous data held for unresolved source inconsistency; no inferred SD corrections. Wu2025 pre-intervention dose excluded where relevant.,intraop_remifentanil_TEAS_sham,1,intraop_remifentanil_TEAS_sham,MD,intraop_remifentanil,ADDITIONAL,µg remifentanil,-254.0,15468.772727272728,,,
V33-OD-0128+V33-OD-0129,Lu 2021,Lu_2021,COMBINED_COMPATIBLE_ACTIVE_ARMS,Combined PC6+CV17 TEAS,Sham/no current,TEAS,sham,Intraoperative opioid,Total remifentanil,Intraoperative,Outcome-specific analyzed population,388.0,188.0,1251.0309278350514,554.8461332650133,1400.0,700.0,,,mg remifentanil,Mean/SD,Table 3 / intraoperative remifentanil | Table 3 / intraoperative remifentanil,,TEAS EA Verification/Source PDFs/covidence_414_full_article.pdf,7f03819dbf9b4b292cfed8ba78be7233349e036cc4f9cb144cfa1e0db17094a7,Three-arm trial; sham is a shared comparator,INCLUDE,INCLUDE,v36: Pan2023 and Liang2021 no-stimulation controls moved to usual-care body. v38: Zheng continuous data held for unresolved source inconsistency; no inferred SD corrections. Wu2025 pre-intervention dose excluded where relevant.,intraop_remifentanil_TEAS_sham,1000,intraop_remifentanil_TEAS_sham,MD,intraop_remifentanil,ADDITIONAL,µg remifentanil,-148.96907216494856,3399.8217199582937,,,
V33-OD-0232,Guo 2023,Guo_2023,GUO23_TEAS_vs_SHAM_REMI,Perioperative TEAS,Sham/no-current TEAS,TEAS,sham,Intraoperative opioid,Remifentanil consumption,Intraoperative,Outcome-specific analyzed population,55.0,55.0,870.0,300.0,1010.0,390.0,,,mg remifentanil,Mean/SD,Perioperative anesthetic table,,retrieved_pdfs/006_guo_2023.pdf,939a5c0639ee8f9d570b5f1de578831009fb452fc1caabbb1c7879faf8849434,Complete-case n=55/group,INCLUDE,INCLUDE,v36: Pan2023 and Liang2021 no-stimulation controls moved to usual-care body. v38: Zheng continuous data held for unresolved source inconsistency; no inferred SD corrections. Wu2025 pre-intervention dose excluded where relevant.,intraop_remifentanil_TEAS_sham,1000,intraop_remifentanil_TEAS_sham,MD,intraop_remifentanil,ADDITIONAL,µg remifentanil,-140.0,4401.818181818182,,,
V33-OD-0061,Xing 2022,Xing_2022,XING22_NTG_vs_NG_REMI,TEAS + active TAPB,Sham TEAS + active TAPB,TEAS,sham,Intraoperative opioid,Total remifentanil consumption,Intraoperative,Outcome-specific analyzed population,29.0,29.0,1182.61,253.61,1415.41,295.67,,,µg remifentanil,Mean/SD,"Table 3, p10",,TEAS EA Verification/Source PDFs/s40122-022-00429-2.pdf,ef7826ca61ea657ea56689464a863c5340af1703488c259420346131727062c3,Direct TEAS contrast is NTG vs NG; do not attribute NTG-vs-G combined package entirely to TEAS,INCLUDE,INCLUDE,v36: Pan2023 and Liang2021 no-stimulation controls moved to usual-care body. v38: Zheng continuous data held for unresolved source inconsistency; no inferred SD corrections. Wu2025 pre-intervention dose excluded where relevant.,intraop_remifentanil_TEAS_sham,1,intraop_remifentanil_TEAS_sham,MD,intraop_remifentanil,ADDITIONAL,µg remifentanil,-232.80000000000018,5232.371758620689,,,
V33-OD-0379,Pan 2023,Pan_2023,PAN23_TEAS_vs_CTRL_INTRAOPREMI,TEAS,Control/usual care,TEAS,usual_care,Intraoperative opioid,Intraoperative remifentanil,Intraoperative,Outcome-specific analyzed population,52.0,53.0,740.1,276.9,854.0,287.5,,,ug remifentanil,Mean/SD,"Table 2 (Duration Remifentanil, ug)",,TEAS EA Verification/Source PDFs/getfile.php-4.pdf,7f51a98abb60112923a7996495bc8d143af74aa710175a70c29894b62a64479d,"Analysis Ns taken from the Table 2 column headers (Group T N=52, Group C N=53) against 105 randomized, i.e. post-randomization exclusions occurred. Existing RoB 2 concern for this trial is retained and NOT downgraded by this addition.",INCLUDE,INCLUDE,v36: Pan2023 and Liang2021 controls received no TEAS/no stimulation without a described sham procedure.,intraop_remifentanil_TEAS_usual,1,intraop_remifentanil_TEAS_usual,MD,intraop_remifentanil,ADDITIONAL,µg remifentanil,-113.89999999999998,3034.0443867924528,Usual care,"Pan 2023: ""Patients in Group C did not undergo TEAS."" No sham procedure described.",
AUDIT-0364,Liang 2021,Liang_2021,V34_B4_045,Preoperative TEAS,Control/no stimulation,TEAS,usual_care,Intraoperative opioid,Remifentanil consumption,Intraoperative,"Available-case analysis; 75 randomized, 70 analyzed",35.0,35.0,521.5,206.8,464.7,156.0,,,μg,Mean/SD,"Evidence-Based Complementary and Alternative Medicine 2021, Table 1; Table 1",Remifentanil consumption: TEAS 521.5±206.8 vs control 464.7±156.0.,retrieved_pdfs/014_liang_2021.pdf,cf2cc8a627b115ade55a85190c39352aa1a8e63ff1974e4a33dc7b65f961a5a3,Table 1 gives no outcome-specific P value and states baseline/intraoperative variables did not significantly differ.,INCLUDE,INCLUDE,v36: Pan2023 and Liang2021 controls received no TEAS/no stimulation without a described sham procedure.,intraop_remifentanil_TEAS_usual,1,intraop_remifentanil_TEAS_usual,MD,intraop_remifentanil,ADDITIONAL,µg remifentanil,56.80000000000001,1917.2068571428572,Sham,"Liang 2021: ""in control group, the patients received no stimulation."" No electrode placement or sham procedure described.",
V33-OD-0376+V33-OD-0377+V33-OD-0378,Zhu 2022,Zhu_2022,COMBINED_COMPATIBLE_ACTIVE_ARMS,EA day before surgery,Usual care alone,EA,usual_care,Intraoperative opioid,Intraoperative remifentanil,Intraoperative,Outcome-specific analyzed population,299.0,101.0,553.2441471571906,239.08910737623506,570.0,260.0,,,mg remifentanil,Mean/SD,Table 1 (Intraoperative remifentanil) | Table 1 (Intraoperative remifentanil) | Table 1 (Intraoperative remifentanil),,TEAS EA Verification/Source PDFs/covidence_381_full_article.pdf,81b253dfbb68322da8383e775b391e0eb829702de456e01224fa82bf6b56bde0,Table 1 baseline/anaesthesia parameter with a single 4-group omnibus P (0.948).,INCLUDE,INCLUDE,Source construct/window/contrast reviewed; direct data admitted.,intraop_remifentanil_EA_usual,1000,intraop_remifentanil_EA_usual,MD,intraop_remifentanil,ADDITIONAL,µg remifentanil,-16.755852842809418,860.4895436227176,,,
V33-OD-0112,Ntritsou 2014,Ntritsou_2014,NTRI14_EA_vs_SHAM_REMI,Perioperative EA + tramadol/ketamine,Sham + tramadol/ketamine,EA,sham,Intraoperative opioid,Remifentanil consumption,Intraoperative,Outcome-specific analyzed population,35.0,35.0,1003.6,522.7,1041.9,631.9,,,µg remifentanil,Mean/SD,Table 1 / remifentanil,,TEAS EA Verification/Source PDFs/covidence_729_full_article.pdf,f75d422117f1c9468f6bfaf215e0c43c38fd842380657e42e1508b6a9aa13242,No significant intraoperative opioid-sparing effect,INCLUDE,INCLUDE,Source construct/window/contrast reviewed; direct data admitted.,intraop_remifentanil_EA_sham,1,intraop_remifentanil_EA_sham,MD,intraop_remifentanil,ADDITIONAL,µg remifentanil,-38.30000000000007,19214.654285714285,,,
V33-OD-0299,Oztas 2019,Oztas_2019,OZT19_TAES_vs_CTRL_TRAM24,"Postoperative TAES at ST25, P6, ST36 and LI4 (2–100 Hz; max 12 mA; 30 min ×6)",No electrical-stimulation intervention + standard PCA analgesia,TEAS,usual_care,Opioid consumption,Cumulative IV PCA tramadol HCl consumption,0-24 h,Outcome-specific analyzed population,15.0,16.0,228.4,87.89,357.81,123.7,,,mg tramadol,Mean/SD,Table 4 / Tramadol HCl (0–24 h),,TEAS EA Verification/Source PDFs/covidence_505_full_article.pdf,04adf93c41df2ef075a05eb2692f4d5354e114c333dfceadbfd642050d04dcb8,Separate rescue IM pethidine was also used and reported; combined all-opioid mean/SD cannot be derived without covariance/raw data. One TAES patient excluded post-randomization.,INCLUDE,SENSITIVITY,Source construct/window/contrast reviewed; direct data admitted.,tramadol24_TEAS_usual_PCA,1,tramadol24_TEAS_usual_PCA,MD,PCA_tramadol_0_24h,SENSITIVITY,mg IV tramadol,-129.41,1471.3324316666667,Usual care,Oztas 2019: control received no electrical-stimulation intervention with standard PCA.,
V33-OD-0300,Oztas 2019,Oztas_2019,OZT19_TAES_vs_TENS_TRAM24,"Postoperative TAES at ST25, P6, ST36 and LI4 (2–100 Hz; max 12 mA; 30 min ×6)",Incision-periphery TENS (2–100 Hz; max 12 mA; 30 min ×6),TEAS,active_electrical,Opioid consumption,Cumulative IV PCA tramadol HCl consumption,0-24 h,Outcome-specific analyzed population,15.0,16.0,228.4,87.89,257.68,65.55,,,mg tramadol,Mean/SD,Table 4 / Tramadol HCl (0–24 h),,TEAS EA Verification/Source PDFs/covidence_505_full_article.pdf,04adf93c41df2ef075a05eb2692f4d5354e114c333dfceadbfd642050d04dcb8,Separate rescue pethidine also used; active comparator must not be relabeled as sham/usual care. One TAES patient excluded post-randomization.,INCLUDE,SENSITIVITY,Source construct/window/contrast reviewed; direct data admitted.,tramadol24_TEAS_active_PCA,1,tramadol24_TEAS_active_PCA,MD,PCA_tramadol_0_24h,SENSITIVITY,mg IV tramadol,-29.28,783.5269629166667,CONTROL_TYPE_REVIEW_REQUIRED,Oztas 2019: incision-periphery TENS (2-100 Hz) is an active electrical comparator.,
V33-OD-0303,Oztas 2019,Oztas_2019,OZT19_TAES_vs_CTRL_PETH24,"Postoperative TAES at ST25, P6, ST36 and LI4 (2–100 Hz; max 12 mA; 30 min ×6)",No electrical-stimulation intervention + standard PCA analgesia,TEAS,usual_care,Rescue opioid use,Rescue IM pethidine HCl consumption,0-24 h,Outcome-specific analyzed population,15.0,16.0,20.66,27.89,33.12,42.69,,,mg pethidine,Mean/SD,Table 4 / Pethidine HCl (0–24 h),,TEAS EA Verification/Source PDFs/covidence_505_full_article.pdf,04adf93c41df2ef075a05eb2692f4d5354e114c333dfceadbfd642050d04dcb8,Rescue opioid reported separately from PCA tramadol; do not sum aggregate SDs without covariance/raw data.,INCLUDE,INCLUDE,Source construct/window/contrast reviewed; direct data admitted.,pethidine24_TEAS_usual_rescue,1,pethidine24_TEAS_usual_rescue,MD,rescue_pethidine_0_24h,ADDITIONAL,mg IM pethidine,-12.459999999999997,165.75906291666666,Usual care,Oztas 2019: control received no electrical-stimulation intervention with standard PCA.,
V33-OD-0304,Oztas 2019,Oztas_2019,OZT19_TAES_vs_TENS_PETH24,"Postoperative TAES at ST25, P6, ST36 and LI4 (2–100 Hz; max 12 mA; 30 min ×6)",Incision-periphery TENS (2–100 Hz; max 12 mA; 30 min ×6),TEAS,active_electrical,Rescue opioid use,Rescue IM pethidine HCl consumption,0-24 h,Outcome-specific analyzed population,15.0,16.0,20.66,27.89,33.75,56.55,,,mg pethidine,Mean/SD,Table 4 / Pethidine HCl (0–24 h),,TEAS EA Verification/Source PDFs/covidence_505_full_article.pdf,04adf93c41df2ef075a05eb2692f4d5354e114c333dfceadbfd642050d04dcb8,Rescue opioid reported separately from PCA tramadol; active comparator must remain separate.,INCLUDE,INCLUDE,Source construct/window/contrast reviewed; direct data admitted.,pethidine24_TEAS_active_rescue,1,pethidine24_TEAS_active_rescue,MD,rescue_pethidine_0_24h,ADDITIONAL,mg IM pethidine,-13.09,251.72571291666665,CONTROL_TYPE_REVIEW_REQUIRED,Oztas 2019: incision-periphery TENS (2-100 Hz) is an active electrical comparator.,
V33-OD-0331,Song 2020,Song_2020,SONG20_TEAS_vs_SHAM_PONV24,Perioperative TEAS: PC6/HT7 preoperatively; PC6/HT7/ST36/LI4 postoperatively (2/10 Hz; 30-min sessions),Active nonacupoint electrical stimulation with matched timing/frequency,TEAS,active_electrical,PONV,Nausea and vomiting adverse event,0-24 h,Outcome-specific analyzed population,42.0,43.0,,,,,3.0,10.0,participants with nausea/vomiting,Events/total,Table 3,,TEAS EA Verification/Source PDFs/getfile.php-6.pdf,0a262651d2a78a1454e1b07a661f3c6a77c06b6a6143de7adb70ca1abc9c844a,Authors report 85 in ITT and 78 PP; Table 3/Table 2 retain original 42/43 group denominators. Active nonacupoint stimulation was used to preserve masking.,INCLUDE,INCLUDE,Song matched non-acupoint electrical stimulation; conservative active-control category. Broad-sham sensitivity available.,ponv24_TEAS_active,1,ponv24_TEAS_active,RR,composite_PONV_0_24h,ADDITIONAL,risk ratio,-1.180442306915742,0.38626799557032115,CONTROL_TYPE_REVIEW_REQUIRED,"Song 2020: ""electrical stimulation at a nonacupoint"" with matched timing/frequency; conservative active-control class.",0
V33-OD-0328,Song 2020,Song_2020,SONG20_TEAS_vs_SHAM_PAIN24H,Perioperative TEAS: PC6/HT7 preoperatively; PC6/HT7/ST36/LI4 postoperatively (2/10 Hz; 30-min sessions),Active nonacupoint electrical stimulation with matched timing/frequency,TEAS,active_electrical,Pain,Postoperative VAS pain score,24 h after surgery,Outcome-specific analyzed population,42.0,43.0,2.76,1.1,3.23,1.1,,,VAS 0-10,Mean/SD,Table 3,,TEAS EA Verification/Source PDFs/getfile.php-6.pdf,0a262651d2a78a1454e1b07a661f3c6a77c06b6a6143de7adb70ca1abc9c844a,Authors report 85 in ITT and 78 PP; Table 3/Table 2 retain original 42/43 group denominators. Active nonacupoint stimulation was used to preserve masking.,INCLUDE,SENSITIVITY,Source construct/window/contrast reviewed; direct data admitted.,pain24_TEAS_active_unspecified,1,pain24_TEAS_active_unspecified,MD,pain_setting_unspecified_24h,SENSITIVITY,0–10 points,-0.4700000000000002,0.05694905869324475,CONTROL_TYPE_REVIEW_REQUIRED,"Song 2020: ""electrical stimulation at a nonacupoint"" with matched timing/frequency; conservative active-control class.",
V33-OD-0027,Zhou 2025,Zhou_2025,ZHOU25_TEAS_vs_SHAM_PONV,PACU TEAS,Sham/no current,TEAS,sham,PONV,PONV incidence,POD1,Outcome-specific analyzed population,48.0,49.0,,,,,10.0,19.0,participants,Events/total,"Table 4, p8",,TEAS EA Verification/Source PDFs/105119.pdf,d9bf76bd7e244dd4513f686ee9be168122d8db4ced699a7f881f93237b3cb52b,Participant sensory blinding uncertain,INCLUDE,SENSITIVITY,Includes Song non-acupoint active-current sham as permitted by broader registered sham definition; diagnostic against conservative main taxonomy.,ponv24_TEAS_broad_sham_sensitivity,1,ponv24_TEAS_broad_sham_sensitivity,RR,composite_PONV_0_24h_broad_sham,SENSITIVITY,risk ratio,-0.6212345989696589,0.11139008234872896,,,0
V33-OD-0033,Zheng 2025,Zheng_2025,ZHENG25_TEAS_vs_SHAM_PONV,Perioperative TEAS,Sham/no current,TEAS,sham,PONV,Any PONV,Within 24 h postoperatively,Outcome-specific analyzed population,42.0,43.0,,,,,18.0,29.0,participants,Events/total,Primary outcome / 24-h PONV result,,TEAS EA Verification/Source PDFs/109499.pdf,a99722242c4b1800916d66613b5a0ed223a91f853e14ecce929740eb91dc466b,Counts 18/42 and 29/43 are reconstructed from reported 42.9% and 67.4%; use percentages as source truth,INCLUDE,SENSITIVITY,Includes Song non-acupoint active-current sham as permitted by broader registered sham definition; diagnostic against conservative main taxonomy.,ponv24_TEAS_broad_sham_sensitivity,1,ponv24_TEAS_broad_sham_sensitivity,RR,composite_PONV_0_24h_broad_sham,SENSITIVITY,risk ratio,-0.4533935746801152,0.04297297641323303,,,0
V33-OD-0130+V33-OD-0131,Lu 2021,Lu_2021,COMBINED_COMPATIBLE_ACTIVE_ARMS,Combined PC6+CV17 TEAS,Sham/no current,TEAS,sham,PONV,Any PONV,24 h,Outcome-specific analyzed population,388.0,188.0,,,,,94.0,68.0,participants,Events/total,24-h PONV table | 24-h PONV table,,TEAS EA Verification/Source PDFs/covidence_414_full_article.pdf,7f03819dbf9b4b292cfed8ba78be7233349e036cc4f9cb144cfa1e0db17094a7,Use raw event counts; three-arm shared sham comparator,INCLUDE,SENSITIVITY,Includes Song non-acupoint active-current sham as permitted by broader registered sham definition; diagnostic against conservative main taxonomy.,ponv24_TEAS_broad_sham_sensitivity,1,ponv24_TEAS_broad_sham_sensitivity,RR,composite_PONV_0_24h_broad_sham,SENSITIVITY,risk ratio,-0.40077629969942713,0.017447711701482523,,,0
V33-OD-0168,Liu 2026 (burn),Liu_2026_burn,LIU26BURN_TEAS_vs_SHAM_PONV24,Pre-induction TEAS,Placebo/sham TEAS,TEAS,sham,PONV,Nausea-vomiting,Through POD1 / approximately 24 h,Outcome-specific analyzed population,43.0,43.0,,,,,7.0,16.0,participants,Events/total,Secondary postoperative outcomes,,TEAS EA Verification/Source PDFs/covidence_48_verified.pdf,ad454ee8b62ea93e4001edd3f7e8329ea09a0caaa10204d00e93b2f28891200d,Two different P-values are printed for the same result,INCLUDE,SENSITIVITY,Includes Song non-acupoint active-current sham as permitted by broader registered sham definition; diagnostic against conservative main taxonomy.,ponv24_TEAS_broad_sham_sensitivity,1,ponv24_TEAS_broad_sham_sensitivity,RR,composite_PONV_0_24h_broad_sham,SENSITIVITY,risk ratio,-0.8266785731844678,0.15884551495016613,,,0
V33-OD-0195,Jiang 2026,Jiang_2026,JIANG26_TEAS_vs_SHAM_PONV24,Perioperative TEAS,Sham/no current,TEAS,sham,PONV,PONV incidence,Within 24 h,Outcome-specific analyzed population,294.0,293.0,,,,,44.0,67.0,participants,Events/total,24-h PONV result,,TEAS EA Verification/Source PDFs/study_4_Jiang_2026.pdf,a980f1476ff869174b7b605dbceff078e5885e02049ca2ea0b95cc19e2a5ac66,Use 44/294 vs 67/293; do not relabel 587 as randomized/ITT,INCLUDE,SENSITIVITY,Includes Song non-acupoint active-current sham as permitted by broader registered sham definition; diagnostic against conservative main taxonomy.,ponv24_TEAS_broad_sham_sensitivity,1,ponv24_TEAS_broad_sham_sensitivity,RR,composite_PONV_0_24h_broad_sham,SENSITIVITY,risk ratio,-0.4239101437943192,0.030838316034106947,,,0
V33-OD-0215,He 2026 (hepatectomy/JIS),He_2026_hepatectomy_JIS,HEJIS26_TEAS_vs_CTRL_PONV24,Intraoperative PC6 TEAS,No-current PC6 control,TEAS,sham,PONV,PONV incidence,0-24 h,Outcome-specific analyzed population,80.0,79.0,,,,,19.0,21.0,participants,Events/total,Primary PONV outcome / mITT,,TEAS EA Verification/Source PDFs/covidence_25_verified.pdf,4fc22447f980bacde9572ec5b1998318f5c4c38aedd82b7809644644e00d7e96,Primary trial outcome; no meaningful between-group difference,INCLUDE,SENSITIVITY,Includes Song non-acupoint active-current sham as permitted by broader registered sham definition; diagnostic against conservative main taxonomy.,ponv24_TEAS_broad_sham_sensitivity,1,ponv24_TEAS_broad_sham_sensitivity,RR,composite_PONV_0_24h_broad_sham,SENSITIVITY,risk ratio,-0.1126622407638426,0.07509239871831477,,,0
V33-OD-0257,Chen 2015,Chen_2015,CHEN15Q_TEAS_vs_CTRL_PONV24,Preoperative TEAS,Electrodes/device with no stimulation,TEAS,sham,PONV,PONV incidence,0-24 h,Outcome-specific analyzed population,41.0,42.0,,,,,10.0,26.0,participants,Events/total,Table 3 / PONV,,037_chen_2015_thyroidectomy_lund.pdf,60361dc28f099a330d13fe98c9e96d8f94334920f0eaffd65c450ffd6dc87bfc,Use analyzed denominators 41 and 42.,INCLUDE,SENSITIVITY,Includes Song non-acupoint active-current sham as permitted by broader registered sham definition; diagnostic against conservative main taxonomy.,ponv24_TEAS_broad_sham_sensitivity,1,ponv24_TEAS_broad_sham_sensitivity,RR,composite_PONV_0_24h_broad_sham,SENSITIVITY,risk ratio,-0.931413893448376,0.09026177074957564,,,0
V33-OD-0261,Chen 2015 (Hyperalgesia),Chen_2015_Hyperalgesia,CHEN15H_TEAS_vs_SHAM_PONV24,Preoperative TEAS,Electrodes/no-current sham,TEAS,sham,PONV,PONV incidence,0-24 h,Outcome-specific analyzed population,29.0,30.0,,,,,5.0,13.0,participants,Events/total,Table 2 / PONV,,040_chen_2015_hyperalgesia_lund.pdf,88719bd172fa29650c9503944c2e6f7cf083d1dac34c978d8f0d2ddf12b7d2ba,Use 29 analyzed TEAS and 30 control; one TEAS protocol-breach exclusion.,INCLUDE,SENSITIVITY,Includes Song non-acupoint active-current sham as permitted by broader registered sham definition; diagnostic against conservative main taxonomy.,ponv24_TEAS_broad_sham_sensitivity,1,ponv24_TEAS_broad_sham_sensitivity,RR,composite_PONV_0_24h_broad_sham,SENSITIVITY,risk ratio,-0.9216098933517549,0.20910698496905394,,,0
V33-OD-0276,Gao 2022,Gao_2022,GAO22_TEAS_vs_SHAM_PONV24,"Postoperative TEAS at bilateral P6/ST36 (2/10 Hz, 30 min ×2)",No-current sham with identical electrode/device setup,TEAS,sham,PONV,Any postoperative nausea and/or retching and/or vomiting,0-24 h,Outcome-specific analyzed population,827.0,828.0,,,,,243.0,283.0,participants with PONV,Events/total,Table 3 / primary 24 h PONV outcome,,TEAS EA Verification/Source PDFs/pdf-2.pdf,5cfa6412264e74d7e713676f049fb116278621263c2a13a84c82c48084231492,Use raw events/total for unadjusted RR. The composite includes subjective nausea and patients were not fully blinded to stimulation sensation; outcome-specific RoB may be higher than for the objective opioid result.,INCLUDE,SENSITIVITY,Includes Song non-acupoint active-current sham as permitted by broader registered sham definition; diagnostic against conservative main taxonomy.,ponv24_TEAS_broad_sham_sensitivity,1,ponv24_TEAS_broad_sham_sensitivity,RR,composite_PONV_0_24h_broad_sham,SENSITIVITY,risk ratio,-0.15117699494112086,0.005231875930637845,,,0
V33-OD-0331,Song 2020,Song_2020,SONG20_TEAS_vs_SHAM_PONV24,Perioperative TEAS: PC6/HT7 preoperatively; PC6/HT7/ST36/LI4 postoperatively (2/10 Hz; 30-min sessions),Active nonacupoint electrical stimulation with matched timing/frequency,TEAS,sham,PONV,Nausea and vomiting adverse event,0-24 h,Outcome-specific analyzed population,42.0,43.0,,,,,3.0,10.0,participants with nausea/vomiting,Events/total,Table 3,,TEAS EA Verification/Source PDFs/getfile.php-6.pdf,0a262651d2a78a1454e1b07a661f3c6a77c06b6a6143de7adb70ca1abc9c844a,Authors report 85 in ITT and 78 PP; Table 3/Table 2 retain original 42/43 group denominators. Active nonacupoint stimulation was used to preserve masking.,INCLUDE,SENSITIVITY,Includes Song non-acupoint active-current sham as permitted by broader registered sham definition; diagnostic against conservative main taxonomy.,ponv24_TEAS_broad_sham_sensitivity,1,ponv24_TEAS_broad_sham_sensitivity,RR,composite_PONV_0_24h_broad_sham,SENSITIVITY,risk ratio,-1.180442306915742,0.38626799557032115,CONTROL_TYPE_REVIEW_REQUIRED,"Song 2020: ""electrical stimulation at a nonacupoint"" with matched timing/frequency; conservative active-control class.",0
AUDIT-0359,Yu 2020,Yu_2020,V34_B4_040,Preoperative TEAS,Control/no current (electrodes applied),TEAS,sham,PONV,Any nausea and/or vomiting,0–24 h,Intention-to-treat; all randomized participants analyzed,30.0,30.0,,,,,7.0,17.0,participants,Events/total,"Trials 2020;21:43, pp.5–7; Table 3 + Results","PONV: control 17/30 (56.7%) vs TEAS 7/30 (23.3%), P<0.01.",TEAS EA Verification/Source PDFs/s13063-019-3892-4.pdf,12fbd503870f7f12216ff5f2544b159c66fecd557d4838bcabceec1aa151fb69,NOT REPORTED,INCLUDE,SENSITIVITY,Includes Song non-acupoint active-current sham as permitted by broader registered sham definition; diagnostic against conservative main taxonomy.,ponv24_TEAS_broad_sham_sensitivity,1,ponv24_TEAS_broad_sham_sensitivity,RR,composite_PONV_0_24h_broad_sham,SENSITIVITY,risk ratio,-0.8873031950009027,0.13501400560224092,,,0
V33-OD-0028,Zhou 2025,Zhou_2025,ZHOU25_TEAS_vs_SHAM_FLATUS,PACU TEAS,Sham/no current,TEAS,sham,GI recovery,Time to first flatus,Postoperative,Outcome-specific analyzed population,48.0,49.0,14.1,3.19,15.88,3.78,,,hours,Mean/SD,Postoperative recovery-time table,,TEAS EA Verification/Source PDFs/105119.pdf,d9bf76bd7e244dd4513f686ee9be168122d8db4ced699a7f881f93237b3cb52b,Ascertainment mechanism should be considered in RoB because participant sensory blinding may be imperfect,INCLUDE,SENSITIVITY,Same construct and membership as hours MD; no selection by I² or P.,flatus_TEAS_sham_SMD_sensitivity,1,flatus_TEAS_sham_SMD_sensitivity,SMD,time_first_flatus,SENSITIVITY,Hedges g,-0.5044638565882101,0.04255326867391703,,,
V33-OD-0082,Wang 2023,Wang_2023,WANG23_TEAS_vs_SHAM_FLATUS,Nighttime TEAS,Sham/no current,TEAS,sham,GI recovery,Time to first flatus,Postoperative,Outcome-specific analyzed population,40.0,43.0,54.57,16.62,60.7,19.1,,,hours,Mean/SD,Table 1 / postoperative first flatus,,TEAS EA Verification/Source PDFs/s40122-023-00493-2.pdf,9eae987a3d59d97843498faa079d7eac7ae430cae80d2971d356bb988714bd6c,5/88 randomized participants excluded for protocol breaches; no full ITT,INCLUDE,SENSITIVITY,Same construct and membership as hours MD; no selection by I² or P.,flatus_TEAS_sham_SMD_sensitivity,1,flatus_TEAS_sham_SMD_sensitivity,SMD,time_first_flatus,SENSITIVITY,Hedges g,-0.3383542088469651,0.0489454740176116,,,
V33-OD-0134,Lu 2022,Lu_2022,LU22_TEAS_vs_CTRL_FLATUS,TEAS + ERAS,No-current control + ERAS,TEAS,sham,GI recovery,Time to first flatus,Postoperative,Outcome-specific analyzed population,47.0,47.0,34.5,16.7,42.4,22.9,,,hours,Mean/SD,First flatus result,,TEAS EA Verification/Source PDFs/getfile.php-3.pdf,83439ead7b747aa55a3be6aab468dc4350619651c2dfd0c516ffbf47d7b16f7c,Same 6 post-randomization exclusions apply,INCLUDE,SENSITIVITY,Same construct and membership as hours MD; no selection by I² or P.,flatus_TEAS_sham_SMD_sensitivity,1,flatus_TEAS_sham_SMD_sensitivity,SMD,time_first_flatus,SENSITIVITY,Hedges g,-0.39096411348938265,0.04336623903210925,,,
V33-OD-0223,Gu 2019,Gu_2019,GU19_LTEAS_vs_CTEAS_FLATUS,Long-duration TEAS,Sham/no-current TEAS,TEAS,sham,GI recovery,Time to first flatus,Postoperative,Outcome-specific analyzed population,58.0,59.0,36.58,10.75,43.56,9.57,,,hours,Mean/SD,GI recovery table,,TEAS EA Verification/Source PDFs/covidence_1471_full_article.pdf,b6fb0c0901f5f6716bd6cc6facc06f0844dca5c5e9d357527f55936d5de0aa33,First flatus/defecation were patient self-recorded; bowel sounds were nurse-assessed,INCLUDE,SENSITIVITY,Same construct and membership as hours MD; no selection by I² or P.,flatus_TEAS_sham_SMD_sensitivity,1,flatus_TEAS_sham_SMD_sensitivity,SMD,time_first_flatus,SENSITIVITY,Hedges g,-0.6817112652832308,0.036176558558760716,,,
V33-OD-0239,Gao 2021,Gao_2021,GAO21_TEAS_vs_SHAM_FLATUS,Postoperative TEAS,Sham/no-current TEAS,TEAS,sham,GI recovery,Time to first flatus,Postoperative,Outcome-specific analyzed population,303.0,307.0,63.4,29.0,76.3,37.9,,,hours,Mean/SD,GI recovery outcomes,,TEAS EA Verification/Source PDFs/covidence_400_full_article.pdf,9dccc7912cf6c84c466abdf8e09b879b53113bafa6d3d72306ad087bdc48e18a,Full randomized sample retained; participant awareness may influence self-reported GI milestones,INCLUDE,SENSITIVITY,Same construct and membership as hours MD; no selection by I² or P.,flatus_TEAS_sham_SMD_sensitivity,1,flatus_TEAS_sham_SMD_sensitivity,SMD,time_first_flatus,SENSITIVITY,Hedges g,-0.3814824897201987,0.006676944998610921,,,
V33-OD-0062,Xing 2022,Xing_2022,XING22_NTG_vs_NG_FLATUS,TEAS + active TAPB,Sham TEAS + active TAPB,TEAS,sham,GI recovery,Time to first flatus,Postoperative,Outcome-specific analyzed population,29.0,29.0,32.57,6.94,36.83,6.19,,,hours,Mean/SD,Postoperative recovery results,,TEAS EA Verification/Source PDFs/s40122-022-00429-2.pdf,ef7826ca61ea657ea56689464a863c5340af1703488c259420346131727062c3,Three-arm study; use NTG vs NG for incremental TEAS effect,INCLUDE,SENSITIVITY,Same construct and membership as hours MD; no selection by I² or P.,flatus_TEAS_sham_SMD_sensitivity,1,flatus_TEAS_sham_SMD_sensitivity,SMD,time_first_flatus,SENSITIVITY,Hedges g,-0.6391177568553613,0.07248682333730887,,,
AUDIT-0251+AUDIT-0252+AUDIT-0253,Sun 2017,Sun_2017,COMBINED_COMPATIBLE_ACTIVE_ARMS,Preoperative true TEAS only (TSS),All-period sham TEAS (SSS),TEAS,sham,GI recovery,Time to first postoperative flatus,Postoperative,Available-case/completer analysis,271.0,90.0,43.84981549815498,18.252664695445198,41.5,19.6,,,hours,Mean/SD,Clin J Pain 2017;33:344; Table 2 | Clin J Pain 2017;33:344; Table 2 | Clin J Pain 2017;33:344; Table 2,Time to first postoperative flatus: SSS 41.5±19.6; active arm 45.2±19.9; overall P=0.391.,TEAS EA Verification/Source PDFs/sun2017-2.pdf,08bff012301811eee2caa149fca626ae6787f61dcee2951fce77830ac7b5de44,NOT REPORTED,INCLUDE,SENSITIVITY,Same construct and membership as hours MD; no selection by I² or P.,flatus_TEAS_sham_SMD_sensitivity,1,flatus_TEAS_sham_SMD_sensitivity,SMD,time_first_flatus,SENSITIVITY,Hedges g,0.12609858723313283,0.014823171354557943,,,
V33-OD-0117,Ng 2013,Ng_2013,NG13_EA_vs_SHAM_FLATUS,Electroacupuncture,Sham acupuncture,EA,sham,GI recovery,Time to first flatus,Postoperative,Outcome-specific analyzed population,55.0,55.0,48.0,21.6,55.199999999999996,26.400000000000002,,,days,Mean/SD,Secondary outcome / first flatus,,TEAS EA Verification/Source PDFs/covidence_1970_ng_2013.pdf,18ce931a2b3a17e4ba1f7b4f0ddfac5274721367802ebdcdf92d027afa51c781,No statistically significant EA-vs-sham difference,INCLUDE,SENSITIVITY,Same construct and membership as hours MD; no selection by I² or P.,flatus_EA_sham_SMD_sensitivity,24,flatus_EA_sham_SMD_sensitivity,SMD,time_first_flatus,SENSITIVITY,Hedges g,-0.29643254795551516,0.0367630557067609,,,
V33-OD-0002,Yang 2020,Yang_2020,YANG20_EA_vs_UC,EA + usual care,Usual care,EA,usual_care,GI recovery,Time to first postoperative flatus,From surgery to first flatus,Outcome-specific analyzed population,29.0,28.0,20.8,4.6,24.1,6.2,,,hours,Mean/SD,GI recovery results/table,,TEAS EA Verification/Source PDFs/covidence_464_verified.pdf,74195fd297db01dd46bc70ce30960d6ada974359a832f17219120a2cb8491d14,Open-label; 2/59 excluded after randomization; participant-report contribution unclear,INCLUDE,SENSITIVITY,Same construct and membership as hours MD; no selection by I² or P.,flatus_EA_usual_SMD_sensitivity,1,flatus_EA_usual_SMD_sensitivity,SMD,time_first_flatus,SENSITIVITY,Hedges g,-0.5978036415718541,0.07333186182512072,,,
V33-OD-0053,Yang 2024,Yang_2024,YANG24_EA_vs_UC_FLATUS,Perioperative EA + usual care,Usual care,EA,usual_care,GI recovery,Time to first flatus,Postoperative,Outcome-specific analyzed population,90.0,90.0,15.4,3.2,17.0,3.7,,,hours,Mean/SD,Table 2 / primary first-flatus outcome,,TEAS EA Verification/Source PDFs/covidence_1930_full_article.pdf,6c2160c1111226035fb3a46cd41746f84d6f420d24c10b329cffcf82e1c8580f,Open-label participants; outcome assessor blinded,INCLUDE,SENSITIVITY,Same construct and membership as hours MD; no selection by I² or P.,flatus_EA_usual_SMD_sensitivity,1,flatus_EA_usual_SMD_sensitivity,SMD,time_first_flatus,SENSITIVITY,Hedges g,-0.4606030995891918,0.022811542264864364,,,
V33-OD-0198,Huang 2025,Huang_2025,HUANG25_EA_vs_UC_FLATUS,Postoperative EA + ERAS,ERAS/standard care,EA,usual_care,GI recovery,Time to first flatus,Postoperative,Outcome-specific analyzed population,43.0,45.0,36.4,8.0,42.2,8.5,,,hours,Mean/SD,Co-primary outcome / first flatus,,TEAS EA Verification/Source PDFs/covidence_131_verified.pdf,9868368dc35509a1f6a7618e93e28e16831aeb38eb1f3418ce56f55ecc8dd9fa,13/101 randomized participants excluded after randomization; no sham procedure and patient blinding is not credible for penetrating postoperative EA,INCLUDE,SENSITIVITY,Same construct and membership as hours MD; no selection by I² or P.,flatus_EA_usual_SMD_sensitivity,1,flatus_EA_usual_SMD_sensitivity,SMD,time_first_flatus,SENSITIVITY,Hedges g,-0.6960686995283134,0.048230943189705125,,,
AUDIT-0017+AUDIT-0018+AUDIT-0019,Zhu 2022,Zhu_2022,COMBINED_COMPATIBLE_ACTIVE_ARMS,Group Pre — EA day before surgery,Group Usual — usual care alone,EA,usual_care,GI recovery,Time to passage of first flatus,From end of surgery to first flatus,Per-protocol,299.0,101.0,18.55665551839465,6.699015793563314,21.56,8.07,,,hours,Mean/SD,p. 422; Table 3 | p. 422; Table 3 | p. 422; Table 3,Time to passage of first flatus (h; mean±SD) 18.38±6.11 18.47±6.47 18.82±7.50 21.56±8.07 ... 0.003**,TEAS EA Verification/Source PDFs/covidence_381_full_article.pdf,81b253dfbb68322da8383e775b391e0eb829702de456e01224fa82bf6b56bde0,Randomized arm sizes taken from CONSORT Fig 1 (Pre 103/30 103/Comb 103/Usual 104). Abstract instead reports Pre 103/30 104/Comb 103/Usual 103; source is internally inconsistent.,INCLUDE,SENSITIVITY,Same construct and membership as hours MD; no selection by I² or P.,flatus_EA_usual_SMD_sensitivity,1,flatus_EA_usual_SMD_sensitivity,SMD,time_first_flatus,SENSITIVITY,Hedges g,-0.42408762510394993,0.013470284596568956,,,
V33-OD-0028,Zhou 2025,Zhou_2025,ZHOU25_TEAS_vs_SHAM_FLATUS,PACU TEAS,Sham/no current,TEAS,sham,GI recovery,Time to first flatus,Postoperative,Outcome-specific analyzed population,48.0,49.0,14.1,3.19,15.88,3.78,,,hours,Mean/SD,Postoperative recovery-time table,,TEAS EA Verification/Source PDFs/105119.pdf,d9bf76bd7e244dd4513f686ee9be168122d8db4ced699a7f881f93237b3cb52b,Ascertainment mechanism should be considered in RoB because participant sensory blinding may be imperfect,INCLUDE,SENSITIVITY,Source-uncertainty diagnostic: adds Zheng2025 as printed; unresolved dispersion/P inconsistencies and flatus/stool definition. Not efficacy evidence. Wu2025 pre-intervention dose remains excluded.,flatus_TEAS_sham_with_Zheng2025_as_printed,1,flatus_TEAS_sham_with_Zheng2025_as_printed,MD,time_first_flatus,SENSITIVITY,hours,-1.7800000000000011,0.5036020833333333,,,
V33-OD-0082,Wang 2023,Wang_2023,WANG23_TEAS_vs_SHAM_FLATUS,Nighttime TEAS,Sham/no current,TEAS,sham,GI recovery,Time to first flatus,Postoperative,Outcome-specific analyzed population,40.0,43.0,54.57,16.62,60.7,19.1,,,hours,Mean/SD,Table 1 / postoperative first flatus,,TEAS EA Verification/Source PDFs/s40122-023-00493-2.pdf,9eae987a3d59d97843498faa079d7eac7ae430cae80d2971d356bb988714bd6c,5/88 randomized participants excluded for protocol breaches; no full ITT,INCLUDE,SENSITIVITY,Source-uncertainty diagnostic: adds Zheng2025 as printed; unresolved dispersion/P inconsistencies and flatus/stool definition. Not efficacy evidence. Wu2025 pre-intervention dose remains excluded.,flatus_TEAS_sham_with_Zheng2025_as_printed,1,flatus_TEAS_sham_with_Zheng2025_as_printed,MD,time_first_flatus,SENSITIVITY,hours,-6.130000000000003,15.389563488372096,,,
V33-OD-0134,Lu 2022,Lu_2022,LU22_TEAS_vs_CTRL_FLATUS,TEAS + ERAS,No-current control + ERAS,TEAS,sham,GI recovery,Time to first flatus,Postoperative,Outcome-specific analyzed population,47.0,47.0,34.5,16.7,42.4,22.9,,,hours,Mean/SD,First flatus result,,TEAS EA Verification/Source PDFs/getfile.php-3.pdf,83439ead7b747aa55a3be6aab468dc4350619651c2dfd0c516ffbf47d7b16f7c,Same 6 post-randomization exclusions apply,INCLUDE,SENSITIVITY,Source-uncertainty diagnostic: adds Zheng2025 as printed; unresolved dispersion/P inconsistencies and flatus/stool definition. Not efficacy evidence. Wu2025 pre-intervention dose remains excluded.,flatus_TEAS_sham_with_Zheng2025_as_printed,1,flatus_TEAS_sham_with_Zheng2025_as_printed,MD,time_first_flatus,SENSITIVITY,hours,-7.899999999999999,17.091489361702127,,,
V33-OD-0223,Gu 2019,Gu_2019,GU19_LTEAS_vs_CTEAS_FLATUS,Long-duration TEAS,Sham/no-current TEAS,TEAS,sham,GI recovery,Time to first flatus,Postoperative,Outcome-specific analyzed population,58.0,59.0,36.58,10.75,43.56,9.57,,,hours,Mean/SD,GI recovery table,,TEAS EA Verification/Source PDFs/covidence_1471_full_article.pdf,b6fb0c0901f5f6716bd6cc6facc06f0844dca5c5e9d357527f55936d5de0aa33,First flatus/defecation were patient self-recorded; bowel sounds were nurse-assessed,INCLUDE,SENSITIVITY,Source-uncertainty diagnostic: adds Zheng2025 as printed; unresolved dispersion/P inconsistencies and flatus/stool definition. Not efficacy evidence. Wu2025 pre-intervention dose remains excluded.,flatus_TEAS_sham_with_Zheng2025_as_printed,1,flatus_TEAS_sham_with_Zheng2025_as_printed,MD,time_first_flatus,SENSITIVITY,hours,-6.980000000000004,3.5447433372296904,,,
V33-OD-0239,Gao 2021,Gao_2021,GAO21_TEAS_vs_SHAM_FLATUS,Postoperative TEAS,Sham/no-current TEAS,TEAS,sham,GI recovery,Time to first flatus,Postoperative,Outcome-specific analyzed population,303.0,307.0,63.4,29.0,76.3,37.9,,,hours,Mean/SD,GI recovery outcomes,,TEAS EA Verification/Source PDFs/covidence_400_full_article.pdf,9dccc7912cf6c84c466abdf8e09b879b53113bafa6d3d72306ad087bdc48e18a,Full randomized sample retained; participant awareness may influence self-reported GI milestones,INCLUDE,SENSITIVITY,Source-uncertainty diagnostic: adds Zheng2025 as printed; unresolved dispersion/P inconsistencies and flatus/stool definition. Not efficacy evidence. Wu2025 pre-intervention dose remains excluded.,flatus_TEAS_sham_with_Zheng2025_as_printed,1,flatus_TEAS_sham_with_Zheng2025_as_printed,MD,time_first_flatus,SENSITIVITY,hours,-12.899999999999999,7.454437492609195,,,
V33-OD-0062,Xing 2022,Xing_2022,XING22_NTG_vs_NG_FLATUS,TEAS + active TAPB,Sham TEAS + active TAPB,TEAS,sham,GI recovery,Time to first flatus,Postoperative,Outcome-specific analyzed population,29.0,29.0,32.57,6.94,36.83,6.19,,,hours,Mean/SD,Postoperative recovery results,,TEAS EA Verification/Source PDFs/s40122-022-00429-2.pdf,ef7826ca61ea657ea56689464a863c5340af1703488c259420346131727062c3,Three-arm study; use NTG vs NG for incremental TEAS effect,INCLUDE,SENSITIVITY,Source-uncertainty diagnostic: adds Zheng2025 as printed; unresolved dispersion/P inconsistencies and flatus/stool definition. Not efficacy evidence. Wu2025 pre-intervention dose remains excluded.,flatus_TEAS_sham_with_Zheng2025_as_printed,1,flatus_TEAS_sham_with_Zheng2025_as_printed,MD,time_first_flatus,SENSITIVITY,hours,-4.259999999999998,2.9820586206896555,,,
AUDIT-0251+AUDIT-0252+AUDIT-0253,Sun 2017,Sun_2017,COMBINED_COMPATIBLE_ACTIVE_ARMS,Preoperative true TEAS only (TSS),All-period sham TEAS (SSS),TEAS,sham,GI recovery,Time to first postoperative flatus,Postoperative,Available-case/completer analysis,271.0,90.0,43.84981549815498,18.252664695445198,41.5,19.6,,,hours,Mean/SD,Clin J Pain 2017;33:344; Table 2 | Clin J Pain 2017;33:344; Table 2 | Clin J Pain 2017;33:344; Table 2,Time to first postoperative flatus: SSS 41.5±19.6; active arm 45.2±19.9; overall P=0.391.,TEAS EA Verification/Source PDFs/sun2017-2.pdf,08bff012301811eee2caa149fca626ae6787f61dcee2951fce77830ac7b5de44,NOT REPORTED,INCLUDE,SENSITIVITY,Source-uncertainty diagnostic: adds Zheng2025 as printed; unresolved dispersion/P inconsistencies and flatus/stool definition. Not efficacy evidence. Wu2025 pre-intervention dose remains excluded.,flatus_TEAS_sham_with_Zheng2025_as_printed,1,flatus_TEAS_sham_with_Zheng2025_as_printed,MD,time_first_flatus,SENSITIVITY,hours,2.3498154981549817,5.497816283870097,,,
AUDIT-0347,Zheng 2025,Zheng_2025,V34_B4_028,Perioperative TEAS,Sham/no current,TEAS,sham,GI recovery,Time to first flatus,Postoperative,Modified intention-to-treat / completer analysis reported in Table 1,42.0,43.0,24.2,2.5,31.6,4.4,,,hours,Mean/SD,Journal of Pain Research 2025;18:6457–6458; Table 3,Time to first flatus: TEAS 24.2 (2.5) vs control 31.6 (4.4); P=0.003.,TEAS EA Verification/Source PDFs/109499.pdf,a99722242c4b1800916d66613b5a0ed223a91f853e14ecce929740eb91dc466b,Table note specifies mean (SD) for these rows.,INCLUDE,SENSITIVITY,Source-uncertainty diagnostic: adds Zheng2025 as printed; unresolved dispersion/P inconsistencies and flatus/stool definition. Not efficacy evidence. Wu2025 pre-intervention dose remains excluded.,flatus_TEAS_sham_with_Zheng2025_as_printed,1,flatus_TEAS_sham_with_Zheng2025_as_printed,MD,time_first_flatus,SENSITIVITY,hours,-7.400000000000002,0.5990420819490587,,,
V33-OD-0222,Gu 2019,Gu_2019,GU19_LTEAS_vs_CTEAS_BOWEL,Long-duration TEAS,Sham/no-current TEAS,TEAS,sham,GI recovery,Time to first bowel sounds,Postoperative,Outcome-specific analyzed population,58.0,59.0,19.69,7.61,26.58,7.43,,,hours,Mean/SD,GI recovery table,,TEAS EA Verification/Source PDFs/covidence_1471_full_article.pdf,b6fb0c0901f5f6716bd6cc6facc06f0844dca5c5e9d357527f55936d5de0aa33,First flatus/defecation were patient self-recorded; bowel sounds were nurse-assessed,INCLUDE,SENSITIVITY,Source-uncertainty diagnostic: adds Zheng2025 as printed; unresolved dispersion/P inconsistencies and flatus/stool definition. Not efficacy evidence. Wu2025 pre-intervention dose remains excluded.,bowelsounds_TEAS_sham_with_Zheng2025_as_printed,1,bowelsounds_TEAS_sham_with_Zheng2025_as_printed,MD,time_first_bowel_sounds,SENSITIVITY,hours,-6.889999999999997,1.9341607539450614,,,
AUDIT-0173,Gao 2021,Gao_2021,V34_B2_023,Postoperative TEAS,Sham/no-current TEAS,TEAS,sham,GI recovery,Time to first bowel sounds,Postoperative,Intention-to-treat; all randomized patients,303.0,307.0,41.4,22.6,46.0,24.1,,,hours,Mean/SD,p. 1623; Table III,Time to first bowel sounds: 41.4 ± 22.6 vs 46.0 ± 24.1.,TEAS EA Verification/Source PDFs/covidence_400_full_article.pdf,9dccc7912cf6c84c466abdf8e09b879b53113bafa6d3d72306ad087bdc48e18a,NOT REPORTED,INCLUDE,SENSITIVITY,Source-uncertainty diagnostic: adds Zheng2025 as printed; unresolved dispersion/P inconsistencies and flatus/stool definition. Not efficacy evidence. Wu2025 pre-intervention dose remains excluded.,bowelsounds_TEAS_sham_with_Zheng2025_as_printed,1,bowelsounds_TEAS_sham_with_Zheng2025_as_printed,MD,time_first_bowel_sounds,SENSITIVITY,hours,-4.600000000000001,3.577565818471098,,,
AUDIT-0346,Zheng 2025,Zheng_2025,V34_B4_027,Perioperative TEAS,Sham/no current,TEAS,sham,GI recovery,Time to first borborygmus,Postoperative,Modified intention-to-treat / completer analysis reported in Table 1,42.0,43.0,19.2,3.3,27.6,2.7,,,hours,Mean/SD,Journal of Pain Research 2025;18:6457–6458; Table 3,Time to first borborygmus: TEAS 19.2 (3.3) vs control 27.6 (2.7); P=0.035.,TEAS EA Verification/Source PDFs/109499.pdf,a99722242c4b1800916d66613b5a0ed223a91f853e14ecce929740eb91dc466b,Table note specifies mean (SD) for these rows.,INCLUDE,SENSITIVITY,Source-uncertainty diagnostic: adds Zheng2025 as printed; unresolved dispersion/P inconsistencies and flatus/stool definition. Not efficacy evidence. Wu2025 pre-intervention dose remains excluded.,bowelsounds_TEAS_sham_with_Zheng2025_as_printed,1,bowelsounds_TEAS_sham_with_Zheng2025_as_printed,MD,time_first_bowel_sounds,SENSITIVITY,hours,-8.400000000000002,0.4288205980066445,,,
V33-OD-0034,Zheng 2025,Zheng_2025,ZHENG25_TEAS_vs_SHAM_REMI,Perioperative TEAS,Sham/no current,TEAS,sham,Intraoperative opioid,Total intraoperative remifentanil consumption,Intraoperative,Outcome-specific analyzed population,42.0,43.0,233.1,29.6,289.5,37.9,,,µg remifentanil,Mean/SD,"Table 3, p9",,TEAS EA Verification/Source PDFs/109499.pdf,a99722242c4b1800916d66613b5a0ed223a91f853e14ecce929740eb91dc466b,Not a postoperative endpoint,INCLUDE,SENSITIVITY,Source-uncertainty diagnostic: adds Zheng2025 as printed; unresolved dispersion/P inconsistencies and flatus/stool definition. Not efficacy evidence. Wu2025 pre-intervention dose remains excluded.,intraop_remifentanil_TEAS_sham_with_Zheng2025_as_printed,1,intraop_remifentanil_TEAS_sham_with_Zheng2025_as_printed,MD,intraop_remifentanil,SENSITIVITY,µg remifentanil,-56.400000000000006,54.26583610188261,,,
V33-OD-0072,Wu 2022,Wu_2022,WU22_PTEAS_vs_CTRL_REMI,Perioperative pTEAS,No-current control,TEAS,sham,Intraoperative opioid,Cumulative remifentanil,Intraoperative,Outcome-specific analyzed population,44.0,40.0,1383.0,494.0,1637.0,630.0,,,µg remifentanil,Mean/SD,Table 2 / cumulative remifentanil,,TEAS EA Verification/Source PDFs/s12871-022-01875-3.pdf,bb3c8a4aedbf656c306082e2b889c37c04af8d614fb8e8f23b3d6da85e33d3aa,Complete-case analysis with asymmetric attrition,INCLUDE,SENSITIVITY,Source-uncertainty diagnostic: adds Zheng2025 as printed; unresolved dispersion/P inconsistencies and flatus/stool definition. Not efficacy evidence. Wu2025 pre-intervention dose remains excluded.,intraop_remifentanil_TEAS_sham_with_Zheng2025_as_printed,1,intraop_remifentanil_TEAS_sham_with_Zheng2025_as_printed,MD,intraop_remifentanil,SENSITIVITY,µg remifentanil,-254.0,15468.772727272728,,,
V33-OD-0128+V33-OD-0129,Lu 2021,Lu_2021,COMBINED_COMPATIBLE_ACTIVE_ARMS,Combined PC6+CV17 TEAS,Sham/no current,TEAS,sham,Intraoperative opioid,Total remifentanil,Intraoperative,Outcome-specific analyzed population,388.0,188.0,1251.0309278350514,554.8461332650133,1400.0,700.0,,,mg remifentanil,Mean/SD,Table 3 / intraoperative remifentanil | Table 3 / intraoperative remifentanil,,TEAS EA Verification/Source PDFs/covidence_414_full_article.pdf,7f03819dbf9b4b292cfed8ba78be7233349e036cc4f9cb144cfa1e0db17094a7,Three-arm trial; sham is a shared comparator,INCLUDE,SENSITIVITY,Source-uncertainty diagnostic: adds Zheng2025 as printed; unresolved dispersion/P inconsistencies and flatus/stool definition. Not efficacy evidence. Wu2025 pre-intervention dose remains excluded.,intraop_remifentanil_TEAS_sham_with_Zheng2025_as_printed,1000,intraop_remifentanil_TEAS_sham_with_Zheng2025_as_printed,MD,intraop_remifentanil,SENSITIVITY,µg remifentanil,-148.96907216494856,3399.8217199582937,,,
V33-OD-0232,Guo 2023,Guo_2023,GUO23_TEAS_vs_SHAM_REMI,Perioperative TEAS,Sham/no-current TEAS,TEAS,sham,Intraoperative opioid,Remifentanil consumption,Intraoperative,Outcome-specific analyzed population,55.0,55.0,870.0,300.0,1010.0,390.0,,,mg remifentanil,Mean/SD,Perioperative anesthetic table,,retrieved_pdfs/006_guo_2023.pdf,939a5c0639ee8f9d570b5f1de578831009fb452fc1caabbb1c7879faf8849434,Complete-case n=55/group,INCLUDE,SENSITIVITY,Source-uncertainty diagnostic: adds Zheng2025 as printed; unresolved dispersion/P inconsistencies and flatus/stool definition. Not efficacy evidence. Wu2025 pre-intervention dose remains excluded.,intraop_remifentanil_TEAS_sham_with_Zheng2025_as_printed,1000,intraop_remifentanil_TEAS_sham_with_Zheng2025_as_printed,MD,intraop_remifentanil,SENSITIVITY,µg remifentanil,-140.0,4401.818181818182,,,
V33-OD-0061,Xing 2022,Xing_2022,XING22_NTG_vs_NG_REMI,TEAS + active TAPB,Sham TEAS + active TAPB,TEAS,sham,Intraoperative opioid,Total remifentanil consumption,Intraoperative,Outcome-specific analyzed population,29.0,29.0,1182.61,253.61,1415.41,295.67,,,µg remifentanil,Mean/SD,"Table 3, p10",,TEAS EA Verification/Source PDFs/s40122-022-00429-2.pdf,ef7826ca61ea657ea56689464a863c5340af1703488c259420346131727062c3,Direct TEAS contrast is NTG vs NG; do not attribute NTG-vs-G combined package entirely to TEAS,INCLUDE,SENSITIVITY,Source-uncertainty diagnostic: adds Zheng2025 as printed; unresolved dispersion/P inconsistencies and flatus/stool definition. Not efficacy evidence. Wu2025 pre-intervention dose remains excluded.,intraop_remifentanil_TEAS_sham_with_Zheng2025_as_printed,1,intraop_remifentanil_TEAS_sham_with_Zheng2025_as_printed,MD,intraop_remifentanil,SENSITIVITY,µg remifentanil,-232.80000000000018,5232.371758620689,,,
V33-OD-0078,Wu 2025,Wu_2025,WU25_TEAS_vs_SHAM_INTRAOPREMI,PACU TEAS,Sham/no current,TEAS,sham,Intraoperative opioid,Remifentanil consumption,Intraoperative,Outcome-specific analyzed population,50.0,50.0,489.4,226.0,533.8,263.6,,,µg remifentanil,Mean/SD,Table 1 / remifentanil,,TEAS EA Verification/Source PDFs/103940.pdf,2fc3db1859c4af6dc85f9a357a2468eb54b002d2c7f87658c9113c207a8beb53,No significant intraoperative opioid-sparing effect,EXCLUDE,SENSITIVITY,Wu2025 allocation and treatment start in PACU AFTER intraoperative dose. Negative-control/baseline diagnostic only; cannot estimate treatment efficacy.,intraop_remifentanil_Wu2025_preintervention_diagnostic,1,intraop_remifentanil_Wu2025_preintervention_diagnostic,MD,pre_intervention_intraop_remifentanil,SENSITIVITY,µg remifentanil,-44.39999999999998,2411.2192,,,
