analysis_set,model_id,field,canonical,stata,metafor,abs_diff_stata,abs_diff_metafor,tolerance,passed
core,opioid24_TEAS_sham,k,1,1,1,0,,0,True
core,opioid24_TEAS_sham,N,48,48,48,0,,0,True
core,opioid24_TEAS_sham,effect,-7.699999999999999,-7.699999999999999,-7.7,0.0,8.881784197001252e-16,7.699999999999999e-06,True
core,opioid24_TEAS_sham,ci_low,-10.622954073275604,-10.6229540732756,-10.6229540732756,3.552713678800501e-15,3.552713678800501e-15,1.0622954073275605e-05,True
core,opioid24_TEAS_sham,ci_high,-4.777045926724394,-4.777045926724396,-4.7770459267244,1.7763568394002505e-15,5.329070518200751e-15,4.777045926724394e-06,True
core,opioid24_TEAS_sham,se,1.4913305021579444,1.491330502157944,1.49133050215794,4.440892098500626e-16,4.440892098500626e-15,1.4913305021579442e-06,True
core,opioid24_EA_sham,k,0,0,,0,,0,True
core,opioid24_EA_sham,N,0,0,,0,,0,True
core,opioid24_TEAS_usual,k,1,1,1,0,,0,True
core,opioid24_TEAS_usual,N,47,47,47,0,,0,True
core,opioid24_TEAS_usual,effect,-8.0,-8.0,-8.0,0.0,0.0,8e-06,True
core,opioid24_TEAS_usual,ci_low,-10.919946920043666,-10.91994692004367,-10.9199469200437,3.552713678800501e-15,3.375077994860476e-14,1.0919946920043665e-05,True
core,opioid24_TEAS_usual,ci_high,-5.080053079956334,-5.080053079956334,-5.08005307995633,0.0,4.440892098500626e-15,5.0800530799563345e-06,True
core,opioid24_TEAS_usual,se,1.4897962121119748,1.489796212111975,1.48979621211197,2.220446049250313e-16,4.6629367034256575e-15,1.4897962121119747e-06,True
core,opioid24_EA_usual,k,2,2,2,0,,0,True
core,opioid24_EA_usual,N,159,159,159,0,,0,True
core,opioid24_EA_usual,effect,-6.831992733060185,-6.831992735467861,-6.83199273546786,2.4076767246583586e-09,2.407674948301519e-09,6.831992733060184e-06,True
core,opioid24_EA_usual,ci_low,-76.39065081844696,-76.39065082224059,-76.3906508222406,3.7936302987873205e-09,3.793644509642036e-09,7.639065081844695e-05,True
core,opioid24_EA_usual,ci_high,62.726665352326584,62.72666535130486,62.7266653513049,1.021724926886236e-09,1.0216822943220905e-09,6.272666535232659e-05,True
core,opioid24_EA_usual,se,5.47438511574999,5.474385115859065,5.47438511585907,1.0907541536653298e-10,1.0907985625863148e-10,5.47438511574999e-06,True
core,opioid24_EA_usual,tau2,43.51514653619667,43.5151471192722,43.5151471192722,5.830755327451698e-07,5.830755327451698e-07,4.351514653619666e-05,True
core,opioid24_EA_usual,I2,72.45182707963527,72.45182734707535,72.4518273470754,2.6744008607693104e-07,2.674401287094952e-07,0.0072451827079635265,True
core,opioid24_EA_usual,hk_q,1.0000000097080881,1.0,,9.708088111182178e-09,,1.000000009708088e-06,True
core,opioid24_EA_usual_without_ElRakshy,k,1,1,1,0,,0,True
core,opioid24_EA_usual_without_ElRakshy,N,64,64,64,0,,0,True
core,opioid24_EA_usual_without_ElRakshy,effect,-12.559999999999999,-12.56,-12.56,1.7763568394002505e-15,1.7763568394002505e-15,1.2559999999999998e-05,True
core,opioid24_EA_usual_without_ElRakshy,ci_low,-21.162391670246286,-21.16239167024629,-21.1623916702463,3.552713678800501e-15,1.4210854715202004e-14,2.1162391670246286e-05,True
core,opioid24_EA_usual_without_ElRakshy,ci_high,-3.9576083297537092,-3.957608329753713,-3.95760832975371,3.552713678800501e-15,8.881784197001252e-16,3.9576083297537095e-06,True
core,opioid24_EA_usual_without_ElRakshy,se,4.389055991896207,4.389055991896207,4.38905599189621,0.0,3.552713678800501e-15,4.389055991896207e-06,True
core,opioid24_TEAS_sham_expanded_suf0.25,k,4,4,4,0,,0,True
core,opioid24_TEAS_sham_expanded_suf0.25,N,337,337,337,0,,0,True
core,opioid24_TEAS_sham_expanded_suf0.25,effect,-7.356085539645688,-7.356085553814292,-7.35608555381506,1.4168604067776869e-08,1.416937145393149e-08,7.356085539645688e-06,True
core,opioid24_TEAS_sham_expanded_suf0.25,ci_low,-18.971867801321736,-18.97186783639703,-18.9718678363989,3.5075295556907804e-08,3.507716428430285e-08,1.8971867801321734e-05,True
core,opioid24_TEAS_sham_expanded_suf0.25,ci_high,4.259696722030357,4.259696728768445,4.25969672876881,6.7380874213540665e-09,6.738452462684563e-09,4.259696722030357e-06,True
core,opioid24_TEAS_sham_expanded_suf0.25,se,3.6499538868545107,3.649953893423888,3.64995389342424,6.569377486442818e-09,6.569729205097019e-09,3.6499538868545106e-06,True
core,opioid24_TEAS_sham_expanded_suf0.25,tau2,35.69476343296402,35.69476394641883,35.6947639464466,5.134548146656925e-07,5.13482582675806e-07,3.5694763432964016e-05,True
core,opioid24_TEAS_sham_expanded_suf0.25,I2,98.14493181214517,98.14493183833456,98.144931838336,2.6189383106611785e-08,2.6190832613792736e-08,0.009814493181214518,True
core,opioid24_TEAS_sham_expanded_suf0.25,hk_q,1.2748902903259982,1.274890278293291,,1.203270727501149e-08,,1.2748902903259982e-06,True
core,opioid24_TEAS_sham_expanded_suf0.25_without_Chen2020,k,3,3,3,0,,0,True
core,opioid24_TEAS_sham_expanded_suf0.25_without_Chen2020,N,257,257,257,0,,0,True
core,opioid24_TEAS_sham_expanded_suf0.25_without_Chen2020,effect,-8.409139976491769,-8.409139908225399,-8.4091399082255,6.82663703344133e-08,6.826626908207345e-08,8.40913997649177e-06,True
core,opioid24_TEAS_sham_expanded_suf0.25_without_Chen2020,ci_low,-32.66507517569147,-32.66507501560076,-32.665075015601,1.6009070691325178e-07,1.6009047243414898e-07,3.266507517569147e-05,True
core,opioid24_TEAS_sham_expanded_suf0.25_without_Chen2020,ci_high,15.846795222707929,15.84679519914993,15.84679519915,2.3557998218848297e-08,2.355792894093156e-08,1.584679522270793e-05,True
core,opioid24_TEAS_sham_expanded_suf0.25_without_Chen2020,se,5.637437349170424,5.637437327829089,5.63743732782912,2.1341335809665907e-08,2.1341304723421217e-08,5.637437349170424e-06,True
core,opioid24_TEAS_sham_expanded_suf0.25_without_Chen2020,tau2,76.40314755287265,76.40314249270781,76.403142492715,5.060164838255332e-06,5.060157647562846e-06,7.640314755287265e-05,True
core,opioid24_TEAS_sham_expanded_suf0.25_without_Chen2020,I2,96.9387292844975,96.93872908795679,96.9387290879571,1.9654071081731672e-07,1.96540398178513e-07,0.00969387292844975,True
core,opioid24_TEAS_sham_expanded_suf0.25_without_Chen2020,hk_q,1.0979711970290986,1.09797125448781,,5.745871134443803e-08,,1.0979711970290985e-06,True
core,opioid24_TEAS_sham_expanded_suf0.5,k,4,4,4,0,,0,True
core,opioid24_TEAS_sham_expanded_suf0.5,N,337,337,337,0,,0,True
core,opioid24_TEAS_sham_expanded_suf0.5,effect,-9.763694016283118,-9.763694016043168,-9.7636940160432,2.3995028186618583e-10,2.3991830744307663e-10,9.763694016283117e-06,True
core,opioid24_TEAS_sham_expanded_suf0.5,ci_low,-22.946285711716115,-22.94628571128916,-22.9462857112892,4.269544717772078e-10,4.26915391926741e-10,2.2946285711716113e-05,True
core,opioid24_TEAS_sham_expanded_suf0.5,ci_high,3.418897679149877,3.418897679202827,3.41889767920282,5.2950088758052516e-11,5.2942983330694915e-11,3.418897679149877e-06,True
core,opioid24_TEAS_sham_expanded_suf0.5,se,4.142282518183067,4.142282518124307,4.14228251812431,5.876010789052089e-11,5.875655517684208e-11,4.142282518183067e-06,True
core,opioid24_TEAS_sham_expanded_suf0.5,tau2,57.63883131863179,57.63883129982244,57.6388312998249,1.880934519249422e-08,1.880688671462849e-08,5.7638831318631785e-05,True
core,opioid24_TEAS_sham_expanded_suf0.5,I2,97.92561568283168,97.92561568216878,97.9256156821689,6.628937399000279e-10,6.627800530623063e-10,0.009792561568283169,True
core,opioid24_TEAS_sham_expanded_suf0.5,hk_q,1.0570797694131868,1.057079769699657,,2.8647018091021437e-10,,1.0570797694131867e-06,True
core,opioid24_TEAS_sham_expanded_suf0.5_without_Chen2020,k,3,3,3,0,,0,True
core,opioid24_TEAS_sham_expanded_suf0.5_without_Chen2020,N,257,257,257,0,,0,True
core,opioid24_TEAS_sham_expanded_suf0.5_without_Chen2020,effect,-8.409139976491769,-8.409139908225399,-8.4091399082255,6.82663703344133e-08,6.826626908207345e-08,8.40913997649177e-06,True
core,opioid24_TEAS_sham_expanded_suf0.5_without_Chen2020,ci_low,-32.66507517569147,-32.66507501560076,-32.665075015601,1.6009070691325178e-07,1.6009047243414898e-07,3.266507517569147e-05,True
core,opioid24_TEAS_sham_expanded_suf0.5_without_Chen2020,ci_high,15.846795222707929,15.84679519914993,15.84679519915,2.3557998218848297e-08,2.355792894093156e-08,1.584679522270793e-05,True
core,opioid24_TEAS_sham_expanded_suf0.5_without_Chen2020,se,5.637437349170424,5.637437327829089,5.63743732782912,2.1341335809665907e-08,2.1341304723421217e-08,5.637437349170424e-06,True
core,opioid24_TEAS_sham_expanded_suf0.5_without_Chen2020,tau2,76.40314755287265,76.40314249270781,76.403142492715,5.060164838255332e-06,5.060157647562846e-06,7.640314755287265e-05,True
core,opioid24_TEAS_sham_expanded_suf0.5_without_Chen2020,I2,96.9387292844975,96.93872908795679,96.9387290879571,1.9654071081731672e-07,1.96540398178513e-07,0.00969387292844975,True
core,opioid24_TEAS_sham_expanded_suf0.5_without_Chen2020,hk_q,1.0979711970290986,1.09797125448781,,5.745871134443803e-08,,1.0979711970290985e-06,True
core,opioid24_TEAS_sham_expanded_suf1,k,4,4,4,0,,0,True
core,opioid24_TEAS_sham_expanded_suf1,N,337,337,337,0,,0,True
core,opioid24_TEAS_sham_expanded_suf1,effect,-13.995274618644093,-13.99527462333097,-13.995274623331,4.686876664550255e-09,4.6869068626165244e-09,1.3995274618644091e-05,True
core,opioid24_TEAS_sham_expanded_suf1,ci_low,-34.51875206756655,-34.51875221043107,-34.5187522104311,1.4286451488487728e-07,1.4286455041201407e-07,3.451875206756655e-05,True
core,opioid24_TEAS_sham_expanded_suf1,ci_high,6.528202830278364,6.528202963769139,6.52820296376918,1.3349077487845307e-07,1.334908166228388e-07,6.528202830278364e-06,True
core,opioid24_TEAS_sham_expanded_suf1,se,6.448962678442688,6.448962721861378,6.44896272186139,4.341868997670417e-08,4.341870241120205e-08,6.448962678442687e-06,True
core,opioid24_TEAS_sham_expanded_suf1,tau2,156.88227408529113,156.8822763100526,156.882276310053,2.2247614595016785e-06,2.2247618574056105e-06,0.00015688227408529112,True
core,opioid24_TEAS_sham_expanded_suf1,I2,98.59067760071132,98.59067762041538,98.5906776204154,1.9704060605363338e-08,1.970408902707277e-08,0.009859067760071132,True
core,opioid24_TEAS_sham_expanded_suf1,hk_q,0.9673417887720204,0.9673417754291841,,1.3342836280294534e-08,,1e-06,True
core,opioid24_TEAS_sham_expanded_suf1_without_Chen2020,k,3,3,3,0,,0,True
core,opioid24_TEAS_sham_expanded_suf1_without_Chen2020,N,257,257,257,0,,0,True
core,opioid24_TEAS_sham_expanded_suf1_without_Chen2020,effect,-8.409139976491769,-8.409139908225399,-8.4091399082255,6.82663703344133e-08,6.826626908207345e-08,8.40913997649177e-06,True
core,opioid24_TEAS_sham_expanded_suf1_without_Chen2020,ci_low,-32.66507517569147,-32.66507501560076,-32.665075015601,1.6009070691325178e-07,1.6009047243414898e-07,3.266507517569147e-05,True
core,opioid24_TEAS_sham_expanded_suf1_without_Chen2020,ci_high,15.846795222707929,15.84679519914993,15.84679519915,2.3557998218848297e-08,2.355792894093156e-08,1.584679522270793e-05,True
core,opioid24_TEAS_sham_expanded_suf1_without_Chen2020,se,5.637437349170424,5.637437327829089,5.63743732782912,2.1341335809665907e-08,2.1341304723421217e-08,5.637437349170424e-06,True
core,opioid24_TEAS_sham_expanded_suf1_without_Chen2020,tau2,76.40314755287265,76.40314249270781,76.403142492715,5.060164838255332e-06,5.060157647562846e-06,7.640314755287265e-05,True
core,opioid24_TEAS_sham_expanded_suf1_without_Chen2020,I2,96.9387292844975,96.93872908795679,96.9387290879571,1.9654071081731672e-07,1.96540398178513e-07,0.00969387292844975,True
core,opioid24_TEAS_sham_expanded_suf1_without_Chen2020,hk_q,1.0979711970290986,1.09797125448781,,5.745871134443803e-08,,1.0979711970290985e-06,True
core,opioid24_EA_usual_expanded,k,3,3,3,0,,0,True
core,opioid24_EA_usual_expanded,N,339,339,339,0,,0,True
core,opioid24_EA_usual_expanded,effect,-3.9358338798840333,-3.935833888323442,-3.93583388832354,8.439408727412001e-09,8.439506871127378e-09,3.935833879884033e-06,True
core,opioid24_EA_usual_expanded,ci_low,-19.77322298046189,-19.7732229993955,-19.7732229993957,1.8933608458837625e-08,1.8933807410803638e-08,1.977322298046189e-05,True
core,opioid24_EA_usual_expanded,ci_high,11.901555220693826,11.90155522274859,11.9015552227486,2.0547634704826123e-09,2.0547741286236487e-09,1.1901555220693826e-05,True
core,opioid24_EA_usual_expanded,se,3.680842981139231,3.680842983578234,3.68084298357826,2.439003221610392e-09,2.439028978784563e-09,3.6808429811392305e-06,True
core,opioid24_EA_usual_expanded,tau2,28.471276745585875,28.4712771066107,28.471277106615,3.610248242580383e-07,3.6102912304158963e-07,2.8471276745585875e-05,True
core,opioid24_EA_usual_expanded,I2,77.15261151292916,77.15261173644966,77.1526117364524,2.2352050166318804e-07,2.2352324435814808e-07,0.007715261151292916,True
core,opioid24_EA_usual_expanded,hk_q,1.0715956185128377,1.071595609229701,,9.283136703785999e-09,,1.0715956185128376e-06,True
core,opioid_partial_EA_sham,k,1,1,1,0,,0,True
core,opioid_partial_EA_sham,N,75,75,75,0,,0,True
core,opioid_partial_EA_sham,effect,-11.8,-11.8,-11.8,0.0,0.0,1.18e-05,True
core,opioid_partial_EA_sham,ci_low,-18.523748664973265,-18.52374866497326,-18.5237486649733,3.552713678800501e-15,3.552713678800501e-14,1.8523748664973266e-05,True
core,opioid_partial_EA_sham,ci_high,-5.076251335026737,-5.076251335026738,-5.07625133502674,8.881784197001252e-16,2.6645352591003757e-15,5.076251335026737e-06,True
core,opioid_partial_EA_sham,se,3.4305470498485358,3.430547049848536,3.43054704984854,4.440892098500626e-16,4.440892098500626e-15,3.4305470498485355e-06,True
core,opioid_partial_EA_usual,k,1,1,1,0,,0,True
core,opioid_partial_EA_usual,N,75,75,75,0,,0,True
core,opioid_partial_EA_usual,effect,-19.700000000000003,-19.7,-19.7,3.552713678800501e-15,3.552713678800501e-15,1.97e-05,True
core,opioid_partial_EA_usual,ci_low,-26.958287566035963,-26.95828756603596,-26.958287566036,3.552713678800501e-15,3.552713678800501e-14,2.695828756603596e-05,True
core,opioid_partial_EA_usual,ci_high,-12.441712433964042,-12.44171243396404,-12.441712433964,1.7763568394002505e-15,4.263256414560601e-14,1.2441712433964042e-05,True
core,opioid_partial_EA_usual,se,3.70327599042044,3.70327599042044,3.70327599042044,0.0,0.0,3.7032759904204397e-06,True
core,opioid_partial_TEAS_sham,k,1,1,1,0,,0,True
core,opioid_partial_TEAS_sham,N,34,34,34,0,,0,True
core,opioid_partial_TEAS_sham,effect,-3.9009090909090958,-3.900909090909096,-3.9009090909091,4.440892098500626e-16,4.440892098500626e-15,3.900909090909096e-06,True
core,opioid_partial_TEAS_sham,ci_low,-8.926531590365482,-8.92653159036548,-8.92653159036548,1.7763568394002505e-15,1.7763568394002505e-15,8.92653159036548e-06,True
core,opioid_partial_TEAS_sham,ci_high,1.12471340854729,1.124713408547287,1.12471340854729,3.1086244689504383e-15,0.0,1.12471340854729e-06,True
core,opioid_partial_TEAS_sham,se,2.5641402286459622,2.564140228645962,2.56414022864596,4.440892098500626e-16,2.220446049250313e-15,2.564140228645962e-06,True
core,opioid24_EA_sham_weight_normalized,k,1,1,1,0,,0,True
core,opioid24_EA_sham_weight_normalized,N,90,90,90,0,,0,True
core,opioid24_EA_sham_weight_normalized,effect,-0.13,-0.13,-0.13,0.0,0.0,1e-06,True
core,opioid24_EA_sham_weight_normalized,ci_low,-0.27825317638016644,-0.2782531763801664,-0.278253176380166,5.551115123125783e-17,4.440892098500626e-16,1e-06,True
core,opioid24_EA_sham_weight_normalized,ci_high,0.018253176380166436,0.01825317638016646,0.0182531763801665,2.42861286636753e-17,6.245004513516506e-17,1e-06,True
core,opioid24_EA_sham_weight_normalized,se,0.07564076562098518,0.0756407656209852,0.0756407656209852,2.7755575615628914e-17,2.7755575615628914e-17,1e-06,True
core,opioid24_EA_sham_fentanyl_per_kg,k,1,1,1,0,,0,True
core,opioid24_EA_sham_fentanyl_per_kg,N,22,22,22,0,,0,True
core,opioid24_EA_sham_fentanyl_per_kg,effect,-3.200000000000001,-3.200000000000001,-3.2,0.0,8.881784197001252e-16,3.200000000000001e-06,True
core,opioid24_EA_sham_fentanyl_per_kg,ci_low,-4.788359621979926,-4.788359621979926,-4.78835962197993,0.0,3.552713678800501e-15,4.788359621979926e-06,True
core,opioid24_EA_sham_fentanyl_per_kg,ci_high,-1.611640378020076,-1.611640378020076,-1.61164037802008,0.0,3.9968028886505635e-15,1.611640378020076e-06,True
core,opioid24_EA_sham_fentanyl_per_kg,se,0.8104024535699141,0.8104024535699141,0.810402453569914,0.0,1.1102230246251565e-16,1e-06,True
core,ponv24_TEAS_sham,k,10,10,10,0,,0,True
core,ponv24_TEAS_sham,N,3447,3447,3447,0,,0,True
core,ponv24_TEAS_sham,effect,-0.4459677143654105,-0.4459677137218755,-0.445967713730437,6.435350030642439e-10,6.34973518209847e-10,1e-06,True
core,ponv24_TEAS_sham,ci_low,-0.6594683089556048,-0.6594683076059216,-0.659468307623877,1.3496832540482728e-09,1.331727839115615e-09,1e-06,True
core,ponv24_TEAS_sham,ci_high,-0.23246711977521614,-0.2324671198378294,-0.232467119836996,6.261324791978495e-11,6.177985900635008e-11,1e-06,True
core,ponv24_TEAS_sham,se,0.09437920499126683,0.0943792046791098,0.0943792046832626,3.12157022452908e-10,3.080042332292976e-10,1e-06,True
core,ponv24_TEAS_sham,tau2,0.03422513286623835,0.0342251324280714,0.0342251324339006,4.3816694716980464e-10,4.323377489345859e-10,1e-06,True
core,ponv24_TEAS_sham,I2,47.538220441821515,47.53822012253514,47.5382201267827,3.1928637866940335e-07,3.150388181438757e-07,0.004753822044182151,True
core,ponv24_TEAS_sham,hk_q,0.9113034751388841,0.9113034798695728,,4.7306887296372224e-09,,1e-06,True
core,ponv24_TEAS_sham,pi_low,-0.9157811450891639,-0.915781141738403,-0.91578114178298,3.3507608909744135e-09,3.306183882223479e-09,1e-06,True
core,ponv24_TEAS_sham,pi_high,0.023845716358342872,0.023845714294652,0.0238457143221066,2.063690870968138e-09,2.036236273345038e-09,1e-06,True
core,ponv24_TEAS_sham_point_window_sensitivity,k,11,11,11,0,,0,True
core,ponv24_TEAS_sham_point_window_sensitivity,N,3541,3541,3541,0,,0,True
core,ponv24_TEAS_sham_point_window_sensitivity,effect,-0.4016266699203383,-0.4016266694907833,-0.401626669490097,4.2955500267893854e-10,4.302412870416106e-10,1e-06,True
core,ponv24_TEAS_sham_point_window_sensitivity,ci_low,-0.6596343701016439,-0.6596343688758757,-0.659634368873917,1.2257682646676926e-09,1.2277269201277363e-09,1e-06,True
core,ponv24_TEAS_sham_point_window_sensitivity,ci_high,-0.14361896973903265,-0.1436189701056909,-0.143618970106277,3.6665825930981555e-10,3.6724434604451517e-10,1e-06,True
core,ponv24_TEAS_sham_point_window_sensitivity,se,0.11579516238465333,0.1157951620273088,0.115795162026738,3.5734452896729607e-10,3.579153362576193e-10,1e-06,True
core,ponv24_TEAS_sham_point_window_sensitivity,tau2,0.0850877328249302,0.0850877320137217,0.0850877320124252,8.112085031486416e-10,8.12505007719011e-10,1e-06,True
core,ponv24_TEAS_sham_point_window_sensitivity,I2,69.85689472645767,69.8568945257043,69.8568945253835,2.007533623782365e-07,2.0107417242343217e-07,0.006985689472645767,True
core,ponv24_TEAS_sham_point_window_sensitivity,hk_q,0.9994430812283491,0.9994430866610966,,5.4327474741100445e-09,,1e-06,True
core,ponv24_TEAS_sham_point_window_sensitivity,pi_low,-1.1009082764232698,-1.100908272820325,-1.10090827281457,3.6029448313712464e-09,3.6086997834416934e-09,1.1009082764232699e-06,True
core,ponv24_TEAS_sham_point_window_sensitivity,pi_high,0.2976549365825932,0.2976549338387581,0.297654933834373,2.7438351035691255e-09,2.7482201514494875e-09,1e-06,True
core,nausea24_EA_usual,k,2,2,2,0,,0,True
core,nausea24_EA_usual,N,237,237,237,0,,0,True
core,nausea24_EA_usual,effect,-0.4152211920968613,-0.4152211908056967,-0.415221190805697,1.291164619665608e-09,1.2911642865987005e-09,1e-06,True
core,nausea24_EA_usual,ci_low,-2.83748176820691,-2.837481779158623,-2.83748177915862,1.0951712869911034e-08,1.0951710205375775e-08,2.8374817682069097e-06,True
core,nausea24_EA_usual,ci_high,2.0070393840131873,2.00703939754723,2.00703939754723,1.3534042775376065e-08,1.3534042775376065e-08,2.007039384013187e-06,True
core,nausea24_EA_usual,se,0.19063604171384457,0.1906360426773799,0.19063604267738,9.635353348524944e-10,9.635354181192213e-10,1e-06,True
core,nausea24_EA_usual,tau2,0.0010378628978618592,0.0010378639249066,0.00103786392490672,1.027044740919969e-09,1.0270448608327293e-09,1e-06,True
core,nausea24_EA_usual,I2,0.9171514344465377,0.917152333714086,0.917152333714153,8.992675483154855e-07,8.992676152619339e-07,0.0001,True
core,nausea24_EA_usual,hk_q,1.0000000090759162,1.0,,9.075916240774973e-09,,1.0000000090759163e-06,True
core,vomiting24_EA_usual,k,2,2,2,0,,0,True
core,vomiting24_EA_usual,N,237,237,237,0,,0,True
core,vomiting24_EA_usual,effect,-0.6359326387446907,-0.6359326387446902,-0.635932638744691,5.551115123125783e-16,2.220446049250313e-16,1e-06,True
core,vomiting24_EA_usual,ci_low,-4.086759428600656,-4.086759428600675,-4.08675942860066,1.865174681370263e-14,3.552713678800501e-15,4.086759428600656e-06,True
core,vomiting24_EA_usual,ci_high,2.814894151111275,2.814894151111294,2.81489415111128,1.9095836023552692e-14,5.329070518200751e-15,2.8148941511112747e-06,True
core,vomiting24_EA_usual,se,0.27158595831778365,0.271585958317785,0.271585958317784,1.3322676295501878e-15,3.3306690738754696e-16,1e-06,True
core,vomiting24_EA_usual,tau2,0.0,1.23891104503e-15,0.0,1.23891104503e-15,0.0,1e-06,True
core,vomiting24_EA_usual,I2,0.0,6.62924812345e-13,0.0,6.62924812345e-13,0.0,0.0001,True
core,vomiting24_EA_usual,hk_q,0.351385631216207,0.3513856312162047,,2.275957200481571e-15,,1e-06,True
core,nausea24_TEAS_sham,k,3,3,3,0,,0,True
core,nausea24_TEAS_sham,N,735,735,735,0,,0,True
core,nausea24_TEAS_sham,effect,-0.4033001266550238,-0.4033001265328283,-0.403300126440289,1.2219547596004077e-10,2.1473478550859681e-10,1e-06,True
core,nausea24_TEAS_sham,ci_low,-1.2469894414584006,-1.246989441623091,-1.24698944174781,1.6469048347289572e-10,2.89409385345607e-10,1.2469894414584005e-06,True
core,nausea24_TEAS_sham,ci_high,0.44038918814835304,0.4403891885574329,0.440389188867233,4.090798810807428e-10,7.188799555635228e-10,1e-06,True
core,nausea24_TEAS_sham,se,0.19608584931103742,0.1960858493777138,0.196085849428208,6.667638663415687e-11,1.171705787950117e-10,1e-06,True
core,nausea24_TEAS_sham,tau2,0.030795224647651845,0.0307952247781689,0.0307952248770099,1.3051705549660397e-10,2.293580568524245e-10,1e-06,True
core,nausea24_TEAS_sham,I2,35.120396822565276,35.12039691913733,35.1203969922717,9.657205168878136e-08,1.6970642491287435e-07,0.003512039682256528,True
core,nausea24_TEAS_sham,hk_q,1.3316765025303097,1.331676501134313,,1.395996651609721e-09,,1.3316765025303095e-06,True
core,vomiting24_TEAS_sham,k,4,4,4,0,,0,True
core,vomiting24_TEAS_sham,N,2390,2390,2390,0,,0,True
core,vomiting24_TEAS_sham,effect,-0.3855464016969387,-0.3855464019646744,-0.385546401962439,2.6773566697002593e-10,2.655002884210944e-10,1e-06,True
core,vomiting24_TEAS_sham,ci_low,-1.0654009496822823,-1.06540094883647,-1.06540094884353,8.458123090804293e-10,8.38752178822233e-10,1.0654009496822822e-06,True
core,vomiting24_TEAS_sham,ci_high,0.2943081462884049,0.2943081449071213,0.294308144918654,1.3812835875093299e-09,1.3697509237964312e-09,1e-06,True
core,vomiting24_TEAS_sham,se,0.21362640018673815,0.213626399836835,0.213626399839756,3.499031342446557e-10,3.469821374668669e-10,1e-06,True
core,vomiting24_TEAS_sham,tau2,0.08276490029986801,0.082764898758083,0.0827648987709561,1.5417850052212856e-09,1.5289119137396057e-09,1e-06,True
core,vomiting24_TEAS_sham,I2,55.27267954733054,55.27267908679727,55.2726790906425,4.605332719620492e-07,4.5668804204979097e-07,0.0055272679547330545,True
core,vomiting24_TEAS_sham,hk_q,1.1524185530560969,1.152418562275363,,9.219266239313129e-09,,1.152418553056097e-06,True
core,vomiting24_TEAS_usual,k,1,1,1,0,,0,True
core,vomiting24_TEAS_usual,N,105,105,105,0,,0,True
core,vomiting24_TEAS_usual,effect,-0.7281662068595265,-0.7281662068595266,-0.728166206859526,1.1102230246251565e-16,4.440892098500626e-16,1e-06,True
core,vomiting24_TEAS_usual,ci_low,-1.422900859695861,-1.422900859695861,-1.42290085969586,0.0,8.881784197001252e-16,1.4229008596958609e-06,True
core,vomiting24_TEAS_usual,ci_high,-0.03343155402319187,-0.03343155402319198,-0.0334315540231918,1.1102230246251565e-16,6.938893903907228e-17,1e-06,True
core,vomiting24_TEAS_usual,se,0.35446296886897566,0.3544629688689757,0.354462968868976,5.551115123125783e-17,3.3306690738754696e-16,1e-06,True
core,persistent_nausea24_TEAS_sham,k,1,1,1,0,,0,True
core,persistent_nausea24_TEAS_sham,N,1655,1655,1655,0,,0,True
core,persistent_nausea24_TEAS_sham,effect,-0.8460894010256353,-0.8460894010256351,-0.846089401025636,2.220446049250313e-16,6.661338147750939e-16,1e-06,True
core,persistent_nausea24_TEAS_sham,ci_low,-1.3897742253258665,-1.389774225325866,-1.38977422532587,4.440892098500626e-16,3.552713678800501e-15,1.3897742253258665e-06,True
core,persistent_nausea24_TEAS_sham,ci_high,-0.3024045767254042,-0.3024045767254041,-0.302404576725405,1.1102230246251565e-16,7.771561172376096e-16,1e-06,True
core,persistent_nausea24_TEAS_sham,se,0.277395313683694,0.277395313683694,0.277395313683694,0.0,0.0,1e-06,True
core,nausea48_TEAS_sham,k,1,1,1,0,,0,True
core,nausea48_TEAS_sham,N,277,277,277,0,,0,True
core,nausea48_TEAS_sham,effect,-0.7850178352306892,-0.7850178352306891,-0.78501783523069,1.1102230246251565e-16,7.771561172376096e-16,1e-06,True
core,nausea48_TEAS_sham,ci_low,-1.2058124250112257,-1.205812425011226,-1.20581242501123,4.440892098500626e-16,4.440892098500626e-15,1.2058124250112255e-06,True
core,nausea48_TEAS_sham,ci_high,-0.3642232454501527,-0.3642232454501527,-0.364223245450153,0.0,2.7755575615628914e-16,1e-06,True
core,nausea48_TEAS_sham,se,0.2146950623071192,0.2146950623071192,0.214695062307119,0.0,2.220446049250313e-16,1e-06,True
core,vomiting48_TEAS_sham,k,1,1,1,0,,0,True
core,vomiting48_TEAS_sham,N,277,277,277,0,,0,True
core,vomiting48_TEAS_sham,effect,-1.0913920406946227,-1.091392040694623,-1.09139204069462,2.220446049250313e-16,2.6645352591003757e-15,1.0913920406946227e-06,True
core,vomiting48_TEAS_sham,ci_low,-1.8080732515260138,-1.808073251526014,-1.80807325152601,2.220446049250313e-16,3.774758283725532e-15,1.8080732515260138e-06,True
core,vomiting48_TEAS_sham,ci_high,-0.37471082986323156,-0.374710829863232,-0.374710829863232,4.440892098500626e-16,4.440892098500626e-16,1e-06,True
core,vomiting48_TEAS_sham,se,0.3656603980912308,0.3656603980912308,0.365660398091231,0.0,2.220446049250313e-16,1e-06,True
core,ponv48_TEAS_sham,k,1,1,1,0,,0,True
core,ponv48_TEAS_sham,N,62,62,62,0,,0,True
core,ponv48_TEAS_sham,effect,-0.6131044728864088,-0.6131044728864089,-0.613104472886409,1.1102230246251565e-16,2.220446049250313e-16,1e-06,True
core,ponv48_TEAS_sham,ci_low,-1.0688692846135397,-1.06886928461354,-1.06886928461354,2.220446049250313e-16,2.220446049250313e-16,1.0688692846135396e-06,True
core,ponv48_TEAS_sham,ci_high,-0.15733966115927794,-0.1573396611592781,-0.157339661159278,1.6653345369377348e-16,5.551115123125783e-17,1e-06,True
core,ponv48_TEAS_sham,se,0.23253734013591348,0.2325373401359135,0.232537340135913,2.7755575615628914e-17,4.718447854656915e-16,1e-06,True
core,nausea6to24_EA_usual,k,1,1,1,0,,0,True
core,nausea6to24_EA_usual,N,400,400,400,0,,0,True
core,nausea6to24_EA_usual,effect,-0.6922804684398198,-0.6922804684398198,-0.69228046843982,0.0,2.220446049250313e-16,1e-06,True
core,nausea6to24_EA_usual,ci_low,-1.1252132450029737,-1.125213245002974,-1.12521324500297,2.220446049250313e-16,3.774758283725532e-15,1.1252132450029736e-06,True
core,nausea6to24_EA_usual,ci_high,-0.2593476918766659,-0.259347691876666,-0.259347691876666,1.1102230246251565e-16,1.1102230246251565e-16,1e-06,True
core,nausea6to24_EA_usual,se,0.22088812854627557,0.2208881285462756,0.220888128546276,2.7755575615628914e-17,4.440892098500626e-16,1e-06,True
core,vomiting6to24_EA_usual,k,1,1,1,0,,0,True
core,vomiting6to24_EA_usual,N,400,400,400,0,,0,True
core,vomiting6to24_EA_usual,effect,-1.0853230565494267,-1.085323056549427,-1.08532305654943,2.220446049250313e-16,3.3306690738754696e-15,1.0853230565494267e-06,True
core,vomiting6to24_EA_usual,ci_low,-1.6315296063463318,-1.631529606346332,-1.63152960634633,2.220446049250313e-16,1.7763568394002505e-15,1.6315296063463317e-06,True
core,vomiting6to24_EA_usual,ci_high,-0.5391165067525215,-0.5391165067525218,-0.539116506752521,2.220446049250313e-16,5.551115123125783e-16,1e-06,True
core,vomiting6to24_EA_usual,se,0.27868193196676716,0.2786819319667672,0.278681931966767,5.551115123125783e-17,1.6653345369377348e-16,1e-06,True
core,pain24_rest_TEAS_sham,k,3,3,3,0,,0,True
core,pain24_rest_TEAS_sham,N,218,218,218,0,,0,True
core,pain24_rest_TEAS_sham,effect,-0.21331777218990347,-0.2133177721899084,-0.213317772207024,4.9404924595819466e-15,1.7120527218139614e-11,1e-06,True
core,pain24_rest_TEAS_sham,ci_low,-0.7539370255093347,-0.7539370255093691,-0.753937025628986,3.441691376337985e-14,1.1965128887680976e-10,1e-06,True
core,pain24_rest_TEAS_sham,ci_high,0.32730148112952784,0.3273014811295515,0.327301481214939,2.3647750424515834e-14,8.541117813010146e-11,1e-06,True
core,pain24_rest_TEAS_sham,se,0.1256478938171036,0.1256478938171103,0.125647893840933,6.716849298982197e-15,2.3829410666920126e-11,1e-06,True
core,pain24_rest_TEAS_sham,tau2,0.0,1.91399475132e-15,6.76069341849332e-12,1.91399475132e-15,6.76069341849332e-12,1e-06,True
core,pain24_rest_TEAS_sham,I2,0.0,7.63491399622e-12,2.69683669485381e-08,7.63491399622e-12,2.69683669485381e-08,0.0001,True
core,pain24_rest_TEAS_sham,hk_q,2.3460914026211968,2.346091402621139,,5.773159728050814e-14,,2.346091402621197e-06,True
core,pain24_movement_TEAS_sham,k,1,1,1,0,,0,True
core,pain24_movement_TEAS_sham,N,100,100,100,0,,0,True
core,pain24_movement_TEAS_sham,effect,0.040000000000000036,0.04,0.04,3.469446951953614e-17,3.469446951953614e-17,1e-06,True
core,pain24_movement_TEAS_sham,ci_low,-0.20633277733593883,-0.2063327773359387,-0.206332777335939,1.3877787807814457e-16,1.6653345369377348e-16,1e-06,True
core,pain24_movement_TEAS_sham,ci_high,0.28633277733593887,0.2863327773359388,0.286332777335939,5.551115123125783e-17,1.1102230246251565e-16,1e-06,True
core,pain24_movement_TEAS_sham,se,0.12568229787842042,0.1256822978784204,0.12568229787842,2.7755575615628914e-17,4.163336342344337e-16,1e-06,True
core,pain24_rest_TEAS_usual,k,0,0,,0,,0,True
core,pain24_rest_TEAS_usual,N,0,0,,0,,0,True
core,pain24_movement_EA_sham,k,1,1,1,0,,0,True
core,pain24_movement_EA_sham,N,114,114,114,0,,0,True
core,pain24_movement_EA_sham,effect,-0.3380000000000001,-0.3380000000000001,-0.338,0.0,5.551115123125783e-17,1e-06,True
core,pain24_movement_EA_sham,ci_low,-0.7276331517808177,-0.7276331517808174,-0.727633151780818,2.220446049250313e-16,3.3306690738754696e-16,1e-06,True
core,pain24_movement_EA_sham,ci_high,0.05163315178081751,0.05163315178081734,0.0516331517808175,1.6653345369377348e-16,6.938893903907228e-18,1e-06,True
core,pain24_movement_EA_sham,se,0.19879607730253934,0.1987960773025393,0.198796077302539,5.551115123125783e-17,3.3306690738754696e-16,1e-06,True
core,pain24_rest_EA_sham,k,0,0,,0,,0,True
core,pain24_rest_EA_sham,N,0,0,,0,,0,True
core,pain24_movement_EA_sham_with_He,k,2,2,2,0,,0,True
core,pain24_movement_EA_sham_with_He,N,244,244,244,0,,0,True
core,pain24_movement_EA_sham_with_He,effect,-0.7400991044932704,-0.740099104497113,-0.740099104497113,3.842592910530129e-12,3.842592910530129e-12,1e-06,True
core,pain24_movement_EA_sham_with_He,ci_low,-5.519710499669599,-5.51971049930431,-5.51971049930431,3.652891322758478e-10,3.652891322758478e-10,5.519710499669599e-06,True
core,pain24_movement_EA_sham_with_He,ci_high,4.039512290683057,4.039512290310084,4.03951229031009,3.729736519630933e-10,3.729674347141554e-10,4.039512290683057e-06,True
core,pain24_movement_EA_sham_with_He,se,0.3761635747587732,0.3761635747297219,0.376163574729722,2.9051316907668934e-11,2.905120588536647e-11,1e-06,True
core,pain24_movement_EA_sham_with_He,tau2,0.2636628444834654,0.2636628444399461,0.263662844439946,4.3519299275374124e-11,4.3519410297676586e-11,1e-06,True
core,pain24_movement_EA_sham_with_He,I2,92.75476660044714,92.75476659933794,92.7547665993379,1.109199843085662e-09,1.1092424756498076e-09,0.009275476660044715,True
core,pain24_movement_EA_sham_with_He,hk_q,0.9999999998469018,0.9999999999999997,,1.5309786771666722e-10,,1e-06,True
core,pain24_rest_EA_sham_He_reported_SD,k,1,1,1,0,,0,True
core,pain24_rest_EA_sham_He_reported_SD,N,130,130,130,0,,0,True
core,pain24_rest_EA_sham_He_reported_SD,effect,-0.9030000000000002,-0.9030000000000002,-0.903,0.0,2.220446049250313e-16,1e-06,True
core,pain24_rest_EA_sham_He_reported_SD,ci_low,-0.9628212741307449,-0.9628212741307449,-0.962821274130745,0.0,1.1102230246251565e-16,1e-06,True
core,pain24_rest_EA_sham_He_reported_SD,ci_high,-0.8431787258692556,-0.8431787258692556,-0.843178725869255,0.0,5.551115123125783e-16,1e-06,True
core,pain24_rest_EA_sham_He_reported_SD,se,0.030521619071884616,0.0305216190718846,0.0305216190718846,1.734723475976807e-17,1.734723475976807e-17,1e-06,True
core,pain24_unclassified_TEAS_sham,k,7,7,7,0,,0,True
core,pain24_unclassified_TEAS_sham,N,863,863,863,0,,0,True
core,pain24_unclassified_TEAS_sham,effect,-1.2875932187452237,-1.287593218776086,-1.28759321877609,3.0862201683135027e-11,3.086619848602368e-11,1.2875932187452237e-06,True
core,pain24_unclassified_TEAS_sham,ci_low,-2.276962012570455,-2.276962019440678,-2.27696201944071,6.870223057120484e-09,6.870255031543593e-09,2.276962012570455e-06,True
core,pain24_unclassified_TEAS_sham,ci_high,-0.29822442491999235,-0.2982244181114938,-0.298224418111462,6.808498542731911e-09,6.808530350621567e-09,1e-06,True
core,pain24_unclassified_TEAS_sham,se,0.40433364747580824,0.4043336502709089,0.404333650270922,2.7951006509319143e-09,2.795113751563605e-09,1e-06,True
core,pain24_unclassified_TEAS_sham,tau2,1.1091970646421139,1.10919708045598,1.10919708045605,1.581386621651859e-08,1.5813936160569142e-08,1.109197064642114e-06,True
core,pain24_unclassified_TEAS_sham,I2,98.13133244361137,98.1313324697552,98.1313324697553,2.6143823106394848e-08,2.614393679323257e-08,0.009813133244361137,True
core,pain24_unclassified_TEAS_sham,hk_q,0.9887623090658503,0.988762295248577,,1.3817273325500423e-08,,1e-06,True
core,pain24_unclassified_TEAS_sham,pi_low,-4.048033813484976,-4.048033833117207,-4.0480338331173,1.963223184020535e-08,1.9632324210761e-08,4.048033813484975e-06,True
core,pain24_unclassified_TEAS_sham,pi_high,1.4728473759945284,1.472847395565036,1.47284739556513,1.9570507658883685e-08,1.9570601583751568e-08,1.4728473759945284e-06,True
core,pain24_Lee_low_arm_only,k,1,1,1,0,,0,True
core,pain24_Lee_low_arm_only,N,22,22,22,0,,0,True
core,pain24_Lee_low_arm_only,effect,-1.33,-1.33,-1.33,0.0,0.0,1.33e-06,True
core,pain24_Lee_low_arm_only,ci_low,-2.2765699446958125,-2.276569944695813,-2.27656994469581,4.440892098500626e-16,2.6645352591003757e-15,2.2765699446958123e-06,True
core,pain24_Lee_low_arm_only,ci_high,-0.3834300553041876,-0.3834300553041878,-0.383430055304188,1.6653345369377348e-16,3.885780586188048e-16,1e-06,True
core,pain24_Lee_low_arm_only,se,0.482952723704229,0.482952723704229,0.482952723704229,0.0,0.0,1e-06,True
core,pain24_Ng_unspecified,k,1,1,1,0,,0,True
core,pain24_Ng_unspecified,N,110,110,110,0,,0,True
core,pain24_Ng_unspecified,effect,-0.20000000000000018,-0.2000000000000002,-0.2,2.7755575615628914e-17,1.6653345369377348e-16,1e-06,True
core,pain24_Ng_unspecified,ci_low,-0.9290529551221952,-0.929052955122195,-0.929052955122195,2.220446049250313e-16,2.220446049250313e-16,1e-06,True
core,pain24_Ng_unspecified,ci_high,0.5290529551221949,0.5290529551221946,0.529052955122195,2.220446049250313e-16,1.1102230246251565e-16,1e-06,True
core,pain24_Ng_unspecified,se,0.37197262851402974,0.3719726285140297,0.37197262851403,5.551115123125783e-17,2.7755575615628914e-16,1e-06,True
core,pain6to24_movement_EA_usual,k,1,1,1,0,,0,True
core,pain6to24_movement_EA_usual,N,400,400,400,0,,0,True
core,pain6to24_movement_EA_usual,effect,-0.2931438127090302,-0.2931438127090302,-0.29314381270903,0.0,2.220446049250313e-16,1e-06,True
core,pain6to24_movement_EA_usual,ci_low,-0.5742988084648368,-0.5742988084648368,-0.574298808464837,0.0,2.220446049250313e-16,1e-06,True
core,pain6to24_movement_EA_usual,ci_high,-0.011988816953223624,-0.01198881695322368,-0.0119888169532239,5.551115123125783e-17,2.7582103268031233e-16,1e-06,True
core,pain6to24_movement_EA_usual,se,0.1434490623162065,0.1434490623162065,0.143449062316206,0.0,4.996003610813204e-16,1e-06,True
core,flatus_TEAS_sham,k,7,7,7,0,,0,True
core,flatus_TEAS_sham,N,1420,1420,1420,0,,0,True
core,flatus_TEAS_sham,effect,-4.983317505222142,-4.983317512657788,-4.98331751265779,7.4356458767965705e-09,7.43564854133183e-09,4.983317505222142e-06,True
core,flatus_TEAS_sham,ci_low,-9.507183448526703,-9.507183502543555,-9.50718350254355,5.4016851436244906e-08,5.401684610717439e-08,9.507183448526703e-06,True
core,flatus_TEAS_sham,ci_high,-0.4594515619175814,-0.4594515227720217,-0.459451522772025,3.9145559682651765e-08,3.914555640749384e-08,1e-06,True
core,flatus_TEAS_sham,se,1.848806258054501,1.848806277091241,1.84880627709124,1.903673996217492e-08,1.9036738851951895e-08,1.8488062580545009e-06,True
core,flatus_TEAS_sham,tau2,17.670220295959258,17.67022076724935,17.6702207672493,4.7129009317359305e-07,4.7129004343560155e-07,1.767022029595926e-05,True
core,flatus_TEAS_sham,I2,83.0554103112763,83.055410686634,83.055410686634,3.7535770047725237e-07,3.7535770047725237e-07,0.008305541031127631,True
core,flatus_TEAS_sham,hk_q,0.9796605152890132,0.979660495741047,,1.9547966245703208e-08,,1e-06,True
core,flatus_TEAS_sham,pi_low,-16.220027183264527,-16.22002733501489,-16.2200273350149,1.5175036338632708e-07,1.5175037404446812e-07,1.6220027183264527e-05,True
core,flatus_TEAS_sham,pi_high,6.253392172820242,6.253392309699313,6.2533923096993,1.3687907074455552e-07,1.3687905742187922e-07,6.253392172820242e-06,True
core,flatus_TEAS_usual,k,0,0,,0,,0,True
core,flatus_TEAS_usual,N,0,0,,0,,0,True
core,flatus_EA_sham,k,1,1,1,0,,0,True
core,flatus_EA_sham,N,110,110,110,0,,0,True
core,flatus_EA_sham,effect,-7.199999999999996,-7.199999999999996,-7.2,0.0,4.440892098500626e-15,7.1999999999999954e-06,True
core,flatus_EA_sham,ci_low,-16.21474969859147,-16.21474969859147,-16.2147496985915,0.0,3.197442310920451e-14,1.6214749698591467e-05,True
core,flatus_EA_sham,ci_high,1.8147496985914788,1.814749698591475,1.81474969859147,3.774758283725532e-15,8.881784197001252e-15,1.8147496985914787e-06,True
core,flatus_EA_sham,se,4.599446607028838,4.599446607028838,4.59944660702884,0.0,1.7763568394002505e-15,4.599446607028838e-06,True
core,flatus_EA_usual,k,4,4,4,0,,0,True
core,flatus_EA_usual,N,725,725,725,0,,0,True
core,flatus_EA_usual,effect,-2.887636773277873,-2.8876367628423,-2.88763676284237,1.0435572850298058e-08,1.0435503128292112e-08,2.887636773277873e-06,True
core,flatus_EA_usual,ci_low,-5.386843778448147,-5.386843761396642,-5.38684376139676,1.7051505096787878e-08,1.7051386969058058e-08,5.3868437784481465e-06,True
core,flatus_EA_usual,ci_high,-0.3884297681075992,-0.3884297642879586,-0.388429764287987,3.819640603808239e-09,3.8196122376099595e-09,1e-06,True
core,flatus_EA_usual,se,0.7853100305324633,0.7853100284535807,0.785310028453595,2.078882621603384e-09,2.0788682997263663e-09,1e-06,True
core,flatus_EA_usual,tau2,1.2482382075675937,1.24823815645767,1.24823815645803,5.110992384871338e-08,5.110956369236419e-08,1.2482382075675938e-06,True
core,flatus_EA_usual,I2,55.99043373243645,55.99043272348864,55.9904327234958,1.0089478124086781e-06,1.0089406501379017e-06,0.005599043373243645,True
core,flatus_EA_usual,hk_q,1.0352324474837542,1.035232467781541,,2.0297786784695404e-08,,1.0352324474837542e-06,True
core,bowelsounds_TEAS_sham,k,2,2,2,0,,0,True
core,bowelsounds_TEAS_sham,N,727,727,727,0,,0,True
core,bowelsounds_TEAS_sham,effect,-6.086399155810704,-6.086399155810704,-6.0863991558107,0.0,4.440892098500626e-15,6.086399155810704e-06,True
core,bowelsounds_TEAS_sham,ci_low,-20.323190371265927,-20.32319037126593,-20.3231903712659,3.552713678800501e-15,2.842170943040401e-14,2.0323190371265926e-05,True
core,bowelsounds_TEAS_sham,ci_high,8.150392059644517,8.150392059644524,8.15039205964453,7.105427357601002e-15,1.2434497875801753e-14,8.150392059644517e-06,True
core,bowelsounds_TEAS_sham,se,1.1204597683620612,1.120459768362061,1.12045976836206,2.220446049250313e-16,1.1102230246251565e-15,1.1204597683620611e-06,True
core,bowelsounds_TEAS_sham,tau2,0.0,1.84581989505e-16,0.0,1.84581989505e-16,0.0,1e-06,True
core,bowelsounds_TEAS_sham,I2,0.0,6.69779195612e-15,0.0,6.69779195612e-15,0.0,0.0001,True
core,bowelsounds_TEAS_sham,hk_q,0.9514441493241816,0.9514441493241816,,0.0,,1e-06,True
core,defecation_TEAS_sham,k,4,4,4,0,,0,True
core,defecation_TEAS_sham,N,1182,1182,1182,0,,0,True
core,defecation_TEAS_sham,effect,-7.769201853841989,-7.769201854526233,-7.76920185452616,6.842437727527795e-10,6.841709421223641e-10,7.769201853841989e-06,True
core,defecation_TEAS_sham,ci_low,-17.468498903068642,-17.46849890629844,-17.4684989062981,3.229796874393287e-09,3.229459366593801e-09,1.746849890306864e-05,True
core,defecation_TEAS_sham,ci_high,1.9300951953846637,1.930095197245975,1.93009519724579,1.8613113272891724e-09,1.8611263641332698e-09,1.9300951953846635e-06,True
core,defecation_TEAS_sham,se,3.0477488443790044,3.047748845178877,3.0477488451788,7.998726125890698e-10,7.997957851557658e-10,3.0477488443790043e-06,True
core,defecation_TEAS_sham,tau2,18.962786383725646,18.96278640186011,18.9627864018583,1.813446459664192e-08,1.813265271266573e-08,1.8962786383725647e-05,True
core,defecation_TEAS_sham,I2,52.2796654889471,52.27966551280537,52.279665512803,2.3858270026266837e-08,2.3855896813529398e-08,0.005227966548894711,True
core,defecation_TEAS_sham,hk_q,0.9516620437426354,0.9516620432668339,,4.758015093031531e-10,,1e-06,True
core,defecation_EA_sham,k,1,1,1,0,,0,True
core,defecation_EA_sham,N,110,110,110,0,,0,True
core,defecation_EA_sham,effect,-21.599999999999994,-21.59999999999999,-21.6,3.552713678800501e-15,7.105427357601002e-15,2.1599999999999993e-05,True
core,defecation_EA_sham,ci_low,-37.0952138739437,-37.09521387394369,-37.0952138739437,7.105427357601002e-15,0.0,3.70952138739437e-05,True
core,defecation_EA_sham,ci_high,-6.1047861260562915,-6.104786126056291,-6.10478612605629,8.881784197001252e-16,1.7763568394002505e-15,6.1047861260562915e-06,True
core,defecation_EA_sham,se,7.905866636411676,7.905866636411676,7.90586663641168,0.0,4.440892098500626e-15,7.905866636411676e-06,True
core,defecation_EA_usual,k,4,4,4,0,,0,True
core,defecation_EA_usual,N,435,435,435,0,,0,True
core,defecation_EA_usual,effect,-10.105891783757349,-10.105891807436,-10.1058918074367,2.367865192809404e-08,2.3679351812688765e-08,1.0105891783757348e-05,True
core,defecation_EA_usual,ci_low,-32.89027908472029,-32.89027914376721,-32.890279143769,5.904691846581045e-08,5.9048709033504565e-08,3.289027908472029e-05,True
core,defecation_EA_usual,ci_high,12.678495517205596,12.67849552889521,12.6784955288956,1.1689614609622367e-08,1.1690003631770196e-08,1.2678495517205596e-05,True
core,defecation_EA_usual,se,7.159394099795116,7.159394110908663,7.15939411090899,1.1113547415675384e-08,1.1113874265333834e-08,7.159394099795116e-06,True
core,defecation_EA_usual,tau2,149.4451082484914,149.4451105592737,149.445110559343,2.3107822926249355e-06,2.310851584752527e-06,0.0001494451082484914,True
core,defecation_EA_usual,I2,97.59759169896613,97.59759173522073,97.5975917352218,3.6254604651730915e-08,3.6255670465834555e-08,0.009759759169896614,True
core,defecation_EA_usual,hk_q,1.238639136769528,1.23863912291834,,1.3851187974367463e-08,,1.238639136769528e-06,True
core,opioid48_EA_usual_PCA,k,1,1,1,0,,0,True
core,opioid48_EA_usual_PCA,N,81,81,81,0,,0,True
core,opioid48_EA_usual_PCA,effect,-6.0,-6.0,-6.0,0.0,0.0,6e-06,True
core,opioid48_EA_usual_PCA,ci_low,-10.628009861518144,-10.62800986151814,-10.6280098615181,3.552713678800501e-15,4.440892098500626e-14,1.0628009861518144e-05,True
core,opioid48_EA_usual_PCA,ci_high,-1.3719901384818556,-1.371990138481856,-1.37199013848186,4.440892098500626e-16,4.440892098500626e-15,1.3719901384818556e-06,True
core,opioid48_EA_usual_PCA,se,2.3612729101265617,2.361272910126562,2.36127291012656,4.440892098500626e-16,1.7763568394002505e-15,2.3612729101265615e-06,True
core,opioid72_EA_usual_PCA,k,1,1,1,0,,0,True
core,opioid72_EA_usual_PCA,N,180,180,180,0,,0,True
core,opioid72_EA_usual_PCA,effect,-0.5,-0.5,-0.5,0.0,0.0,1e-06,True
core,opioid72_EA_usual_PCA,ci_low,-4.079878972059454,-4.079878972059454,-4.07987897205945,0.0,4.440892098500626e-15,4.079878972059454e-06,True
core,opioid72_EA_usual_PCA,ci_high,3.0798789720594546,3.079878972059454,3.07987897205945,4.440892098500626e-16,4.440892098500626e-15,3.0798789720594544e-06,True
core,opioid72_EA_usual_PCA,se,1.826502425706331,1.826502425706331,1.82650242570633,0.0,8.881784197001252e-16,1.8265024257063308e-06,True
core,opioid72_EA_sham_PCA,k,1,1,1,0,,0,True
core,opioid72_EA_sham_PCA,N,25,25,25,0,,0,True
core,opioid72_EA_sham_PCA,effect,-8.399999999999999,-8.399999999999999,-8.4,0.0,1.7763568394002505e-15,8.399999999999998e-06,True
core,opioid72_EA_sham_PCA,ci_low,-22.31582392017927,-22.31582392017927,-22.3158239201793,0.0,3.197442310920451e-14,2.2315823920179267e-05,True
core,opioid72_EA_sham_PCA,ci_high,5.5158239201792725,5.515823920179271,5.51582392017927,1.7763568394002505e-15,2.6645352591003757e-15,5.515823920179272e-06,True
core,opioid72_EA_sham_PCA,se,7.100040628269456,7.100040628269456,7.10004062826946,0.0,4.440892098500626e-15,7.100040628269456e-06,True
core,opioid48_TEAS_sham_uncertain_suf0.25,k,2,2,2,0,,0,True
core,opioid48_TEAS_sham_uncertain_suf0.25,N,239,239,239,0,,0,True
core,opioid48_TEAS_sham_uncertain_suf0.25,effect,-3.2194382643248862,-3.219438264373022,-3.21943826437302,4.813571763406799e-11,4.813394127722859e-11,3.219438264324886e-06,True
core,opioid48_TEAS_sham_uncertain_suf0.25,ci_low,-31.843881195112207,-31.84388118465468,-31.8438811846547,1.0457526400386996e-08,1.0457508636818602e-08,3.1843881195112206e-05,True
core,opioid48_TEAS_sham_uncertain_suf0.25,ci_high,25.405004666462435,25.40500465590864,25.4050046559087,1.0553794282941453e-08,1.0553733886808914e-08,2.5405004666462436e-05,True
core,opioid48_TEAS_sham_uncertain_suf0.25,se,2.252792515556848,2.252792514730034,2.25279251473003,8.268137285938337e-10,8.268177253967224e-10,2.252792515556848e-06,True
core,opioid48_TEAS_sham_uncertain_suf0.25,tau2,9.616766718282864,9.616766710838625,9.61676671083862,7.444239003007169e-09,7.4442443320776874e-09,9.616766718282865e-06,True
core,opioid48_TEAS_sham_uncertain_suf0.25,I2,94.66460033780676,94.66460033389701,94.664600333897,3.909747192665236e-09,3.909761403519951e-09,0.009466460033780676,True
core,opioid48_TEAS_sham_uncertain_suf0.25,hk_q,0.9999999992672113,1.0,,7.327887185937243e-10,,1e-06,True
core,opioid48_TEAS_sham_uncertain_suf0.5,k,2,2,2,0,,0,True
core,opioid48_TEAS_sham_uncertain_suf0.5,N,239,239,239,0,,0,True
core,opioid48_TEAS_sham_uncertain_suf0.5,effect,-5.850158346839758,-5.850158346738418,-5.85015834673842,1.0134026950936459e-10,1.0133849315252519e-10,5.8501583468397576e-06,True
core,opioid48_TEAS_sham_uncertain_suf0.5,ci_low,-68.84109968773008,-68.84109925288102,-68.841099252881,4.348490563188534e-07,4.3484908474056283e-07,6.884109968773008e-05,True
core,opioid48_TEAS_sham_uncertain_suf0.5,ci_high,57.14078299405056,57.14078255940419,57.1407825594042,4.3464637400347783e-07,4.346463597926231e-07,5.7140782994050556e-05,True
core,opioid48_TEAS_sham_uncertain_suf0.5,se,4.957494598017492,4.957494563802103,4.9574945638021,3.4215388744485153e-08,3.421539229719883e-08,4.957494598017492e-06,True
core,opioid48_TEAS_sham_uncertain_suf0.5,tau2,48.242719420577565,48.24271874208864,48.2427187420887,6.784889237110292e-07,6.784888668676103e-07,4.8242719420577564e-05,True
core,opioid48_TEAS_sham_uncertain_suf0.5,I2,98.146842726284,98.14684270070406,98.146842700704,2.5579950602150348e-08,2.558000744556921e-08,0.009814684272628401,True
core,opioid48_TEAS_sham_uncertain_suf0.5,hk_q,0.999999986196561,1.000000000000001,,1.3803440057635896e-08,,1e-06,True
core,opioid48_TEAS_sham_uncertain_suf1,k,2,2,2,0,,0,True
core,opioid48_TEAS_sham_uncertain_suf1,N,239,239,239,0,,0,True
core,opioid48_TEAS_sham_uncertain_suf1,effect,-11.19031008835016,-11.19031008841831,-11.1903100884183,6.814993014359061e-11,6.814104835939361e-11,1.1190310088350159e-05,True
core,opioid48_TEAS_sham_uncertain_suf1,ci_low,-142.88670280896582,-142.8867028090403,-142.88670280904,7.44648787076585e-11,7.418066161335446e-11,0.0001428867028089658,True
core,opioid48_TEAS_sham_uncertain_suf1,ci_high,120.50608263226552,120.5060826322037,120.506082632204,6.181721801112872e-11,6.151879006210947e-11,0.0001205060826322655,True
core,opioid48_TEAS_sham_uncertain_suf1,se,10.364730889757718,10.36473088975821,10.3647308897582,4.920508445138694e-13,4.813927034774679e-13,1.0364730889757717e-05,True
core,opioid48_TEAS_sham_uncertain_suf1,tau2,212.48002667104367,212.4800268670888,212.480026867089,1.9604513568083348e-07,1.960453346327995e-07,0.00021248002667104365,True
core,opioid48_TEAS_sham_uncertain_suf1,I2,98.88934585409272,98.88934585510609,98.8893458551061,1.0133618388863397e-09,1.0133760497410549e-09,0.009888934585409273,True
core,opioid48_TEAS_sham_uncertain_suf1,hk_q,1.0000000009124046,1.0,,9.124045963204708e-10,,1.0000000009124046e-06,True
core,intraop_remifentanil_TEAS_sham,k,4,4,4,0,,0,True
core,intraop_remifentanil_TEAS_sham,N,828,828,828,0,,0,True
core,intraop_remifentanil_TEAS_sham,effect,-175.70245667514897,-175.702456675149,-175.702456675149,2.842170943040401e-14,2.842170943040401e-14,0.00017570245667514897,True
core,intraop_remifentanil_TEAS_sham,ci_low,-289.86648331487766,-289.8664833148777,-289.866483314878,5.684341886080802e-14,3.410605131648481e-13,0.00028986648331487765,True
core,intraop_remifentanil_TEAS_sham,ci_high,-61.538430035420305,-61.53843003542029,-61.5384300354202,1.4210854715202004e-14,1.0658141036401503e-13,6.15384300354203e-05,True
core,intraop_remifentanil_TEAS_sham,se,35.87304095286258,35.87304095286258,35.8730409528626,0.0,2.1316282072803006e-14,3.587304095286258e-05,True
core,intraop_remifentanil_TEAS_sham,tau2,0.0,2.97471581922e-16,0.0,2.97471581922e-16,0.0,1e-06,True
core,intraop_remifentanil_TEAS_sham,I2,0.0,5.42335037707e-18,0.0,5.42335037707e-18,0.0,0.0001,True
core,intraop_remifentanil_TEAS_sham,hk_q,0.5063901014896433,0.5063901014896434,,1.1102230246251565e-16,,1e-06,True
core,intraop_remifentanil_TEAS_usual,k,2,2,2,0,,0,True
core,intraop_remifentanil_TEAS_usual,N,175,175,175,0,,0,True
core,intraop_remifentanil_TEAS_usual,effect,-25.27865396767271,-25.27865398462331,-25.2786539846233,1.6950600922882586e-08,1.695059026474155e-08,2.527865396767271e-05,True
core,intraop_remifentanil_TEAS_usual,ci_low,-1108.956344600597,-1108.956344625809,-1108.95634462581,2.52118752541719e-08,2.5213012122549117e-08,0.001108956344600597,True
core,intraop_remifentanil_TEAS_usual,ci_high,1058.3990366652517,1058.399036656562,1058.39903665656,8.689767128089443e-09,8.691813491168432e-09,0.0010583990366652518,True
core,intraop_remifentanil_TEAS_usual,se,85.28728390057205,85.28728390122222,85.2872839012222,6.501750249299221e-10,6.501466032204917e-10,8.528728390057205e-05,True
core,intraop_remifentanil_TEAS_usual,tau2,12093.619302541269,12093.61937803234,12093.6193780323,7.549107067461591e-05,7.549103065684903e-05,0.012093619302541268,True
core,intraop_remifentanil_TEAS_usual,I2,83.00786598897061,83.00786607701596,83.007866077016,8.804535411854886e-08,8.8045396751113e-08,0.008300786598897061,True
core,intraop_remifentanil_TEAS_usual,hk_q,1.0000000051815365,1.0,,5.181536533171993e-09,,1.0000000051815364e-06,True
core,intraop_remifentanil_EA_usual,k,1,1,1,0,,0,True
core,intraop_remifentanil_EA_usual,N,400,400,400,0,,0,True
core,intraop_remifentanil_EA_usual,effect,-16.755852842809418,-16.75585284280942,-16.7558528428094,3.552713678800501e-15,1.7763568394002505e-14,1.6755852842809416e-05,True
core,intraop_remifentanil_EA_usual,ci_low,-74.24963639776908,-74.24963639776907,-74.2496363977691,1.4210854715202004e-14,1.4210854715202004e-14,7.424963639776908e-05,True
core,intraop_remifentanil_EA_usual,ci_high,40.73793071215025,40.73793071215023,40.7379307121502,2.1316282072803006e-14,4.973799150320701e-14,4.073793071215025e-05,True
core,intraop_remifentanil_EA_usual,se,29.334102059253794,29.33410205925379,29.3341020592538,3.552713678800501e-15,7.105427357601002e-15,2.9334102059253793e-05,True
core,intraop_remifentanil_EA_sham,k,1,1,1,0,,0,True
core,intraop_remifentanil_EA_sham,N,70,70,70,0,,0,True
core,intraop_remifentanil_EA_sham,effect,-38.30000000000007,-38.30000000000007,-38.3000000000001,0.0,2.842170943040401e-14,3.8300000000000064e-05,True
core,intraop_remifentanil_EA_sham,ci_low,-309.9841975390644,-309.9841975390644,-309.984197539064,0.0,3.979039320256561e-13,0.0003099841975390644,True
core,intraop_remifentanil_EA_sham,ci_high,233.38419753906425,233.3841975390642,233.384197539064,5.684341886080802e-14,2.5579538487363607e-13,0.00023338419753906424,True
core,intraop_remifentanil_EA_sham,se,138.61693361820656,138.6169336182066,138.616933618207,2.842170943040401e-14,4.547473508864641e-13,0.00013861693361820655,True
core,tramadol24_TEAS_usual_PCA,k,1,1,1,0,,0,True
core,tramadol24_TEAS_usual_PCA,N,31,31,31,0,,0,True
core,tramadol24_TEAS_usual_PCA,effect,-129.41,-129.41,-129.41,0.0,0.0,0.00012941,True
core,tramadol24_TEAS_usual_PCA,ci_low,-204.59020316412594,-204.5902031641259,-204.590203164126,2.842170943040401e-14,5.684341886080802e-14,0.00020459020316412592,True
core,tramadol24_TEAS_usual_PCA,ci_high,-54.229796835874055,-54.22979683587408,-54.2297968358741,2.842170943040401e-14,4.263256414560601e-14,5.422979683587405e-05,True
core,tramadol24_TEAS_usual_PCA,se,38.357951348666504,38.3579513486665,38.3579513486665,7.105427357601002e-15,7.105427357601002e-15,3.8357951348666503e-05,True
core,tramadol24_TEAS_active_PCA,k,1,1,1,0,,0,True
core,tramadol24_TEAS_active_PCA,N,31,31,31,0,,0,True
core,tramadol24_TEAS_active_PCA,effect,-29.28,-29.28,-29.28,0.0,0.0,2.928e-05,True
core,tramadol24_TEAS_active_PCA,ci_low,-84.14243307535592,-84.14243307535591,-84.1424330753559,1.4210854715202004e-14,2.842170943040401e-14,8.414243307535593e-05,True
core,tramadol24_TEAS_active_PCA,ci_high,25.582433075355922,25.58243307535591,25.5824330753559,1.0658141036401503e-14,2.1316282072803006e-14,2.558243307535592e-05,True
core,tramadol24_TEAS_active_PCA,se,27.99155163467482,27.99155163467482,27.9915516346748,0.0,2.1316282072803006e-14,2.799155163467482e-05,True
core,pethidine24_TEAS_usual_rescue,k,1,1,1,0,,0,True
core,pethidine24_TEAS_usual_rescue,N,31,31,31,0,,0,True
core,pethidine24_TEAS_usual_rescue,effect,-12.459999999999997,-12.46,-12.46,3.552713678800501e-15,3.552713678800501e-15,1.2459999999999996e-05,True
core,pethidine24_TEAS_usual_rescue,ci_low,-37.69403682234021,-37.69403682234021,-37.6940368223402,0.0,7.105427357601002e-15,3.769403682234021e-05,True
core,pethidine24_TEAS_usual_rescue,ci_high,12.774036822340214,12.77403682234021,12.7740368223402,3.552713678800501e-15,1.4210854715202004e-14,1.2774036822340214e-05,True
core,pethidine24_TEAS_usual_rescue,se,12.874745159290208,12.87474515929021,12.8747451592902,1.7763568394002505e-15,8.881784197001252e-15,1.2874745159290208e-05,True
core,pethidine24_TEAS_active_rescue,k,1,1,1,0,,0,True
core,pethidine24_TEAS_active_rescue,N,31,31,31,0,,0,True
core,pethidine24_TEAS_active_rescue,effect,-13.09,-13.09,-13.09,0.0,0.0,1.309e-05,True
core,pethidine24_TEAS_active_rescue,ci_low,-44.186526498617916,-44.18652649861791,-44.1865264986179,7.105427357601002e-15,1.4210854715202004e-14,4.418652649861791e-05,True
core,pethidine24_TEAS_active_rescue,ci_high,18.006526498617916,18.00652649861791,18.0065264986179,7.105427357601002e-15,1.4210854715202004e-14,1.8006526498617914e-05,True
core,pethidine24_TEAS_active_rescue,se,15.865866283208952,15.86586628320895,15.865866283209,1.7763568394002505e-15,4.796163466380676e-14,1.5865866283208953e-05,True
core,ponv24_TEAS_active,k,1,1,1,0,,0,True
core,ponv24_TEAS_active,N,85,85,85,0,,0,True
core,ponv24_TEAS_active,effect,-1.180442306915742,-1.180442306915742,-1.18044230691574,0.0,1.9984014443252818e-15,1.1804423069157418e-06,True
core,ponv24_TEAS_active,ci_low,-2.398568982896302,-2.398568982896302,-2.3985689828963,0.0,2.220446049250313e-15,2.398568982896302e-06,True
core,ponv24_TEAS_active,ci_high,0.037684369064818535,0.03768436906481831,0.0376843690648183,2.220446049250313e-16,2.3592239273284576e-16,1e-06,True
core,ponv24_TEAS_active,se,0.6215046223241796,0.6215046223241796,0.62150462232418,0.0,4.440892098500626e-16,1e-06,True
core,pain24_TEAS_active_unspecified,k,1,1,1,0,,0,True
core,pain24_TEAS_active_unspecified,N,85,85,85,0,,0,True
core,pain24_TEAS_active_unspecified,effect,-0.4700000000000002,-0.4700000000000002,-0.47,0.0,2.220446049250313e-16,1e-06,True
core,pain24_TEAS_active_unspecified,ci_low,-0.9377258426123072,-0.937725842612307,-0.937725842612307,2.220446049250313e-16,2.220446049250313e-16,1e-06,True
core,pain24_TEAS_active_unspecified,ci_high,-0.0022741573876932653,-0.002274157387693432,-0.00227415738769332,1.6653345369377348e-16,5.4643789493269423e-17,1e-06,True
core,pain24_TEAS_active_unspecified,se,0.23864001905222174,0.2386400190522217,0.238640019052222,2.7755575615628914e-17,2.7755575615628914e-16,1e-06,True
core,ponv24_TEAS_broad_sham_sensitivity,k,11,11,11,0,,0,True
core,ponv24_TEAS_broad_sham_sensitivity,N,3532,3532,3532,0,,0,True
core,ponv24_TEAS_broad_sham_sensitivity,effect,-0.46676112032924044,-0.4667611195084874,-0.466761119497783,8.20753021102405e-10,8.314574584389334e-10,1e-06,True
core,ponv24_TEAS_broad_sham_sensitivity,ci_low,-0.6802552706639596,-0.6802552690267655,-0.680255269005413,1.6371941580217708e-09,1.6585466333651766e-09,1e-06,True
core,ponv24_TEAS_broad_sham_sensitivity,ci_high,-0.25326696999452125,-0.2532669699902093,-0.253266969990153,4.311939694190414e-12,4.36822800153891e-12,1e-06,True
core,ponv24_TEAS_broad_sham_sensitivity,se,0.09581725579821915,0.0958172554317963,0.0958172554270173,3.664228503952316e-10,3.71201847038094e-10,1e-06,True
core,ponv24_TEAS_broad_sham_sensitivity,tau2,0.0378112218126636,0.0378112212566515,0.0378112212493999,5.560121044134725e-10,5.632636995711593e-10,1e-06,True
core,ponv24_TEAS_broad_sham_sensitivity,I2,47.75114560051024,47.75114523363022,47.7511452288453,3.6688002325035995e-07,3.7166493882523355e-07,0.004775114560051024,True
core,ponv24_TEAS_broad_sham_sensitivity,hk_q,0.9098786109470431,0.909878616238359,,5.2913158299361385e-09,,1e-06,True
core,ponv24_TEAS_broad_sham_sensitivity,pi_low,-0.9497698653661226,-0.9497698613270116,-0.949769861274333,4.039111045628374e-09,4.091789573834603e-09,1e-06,True
core,ponv24_TEAS_broad_sham_sensitivity,pi_high,0.016247624707641795,0.0162476223100367,0.0162476222787672,2.397605093629185e-09,2.4288745945066914e-09,1e-06,True
core,flatus_TEAS_sham_SMD_sensitivity,k,7,7,7,0,,0,True
core,flatus_TEAS_sham_SMD_sensitivity,N,1420,1420,1420,0,,0,True
core,flatus_TEAS_sham_SMD_sensitivity,effect,-0.3691823545638453,-0.369182354595296,-0.369182354590083,3.145073090848882e-11,2.62376786963614e-11,1e-06,True
core,flatus_TEAS_sham_SMD_sensitivity,ci_low,-0.64586973789944,-0.6458697380701197,-0.64586973804184,1.706796926015386e-10,1.4239998069598414e-10,1e-06,True
core,flatus_TEAS_sham_SMD_sensitivity,ci_high,-0.09249497122825062,-0.0924949711204722,-0.0924949711383253,1.0777842507359026e-10,8.992531719265173e-11,1e-06,True
core,flatus_TEAS_sham_SMD_sensitivity,se,0.11307615483006665,0.1130761548869671,0.11307615487754,5.6900442690910324e-11,4.747334469978881e-11,1e-06,True
core,flatus_TEAS_sham_SMD_sensitivity,tau2,0.05625562063092673,0.0562556207163564,0.0562556207022033,8.542967028235537e-11,7.12765749200095e-11,1e-06,True
core,flatus_TEAS_sham_SMD_sensitivity,I2,68.8068167917635,68.80681682435724,68.8068168189574,3.259374636854773e-08,2.719390579386527e-08,0.00688068167917635,True
core,flatus_TEAS_sham_SMD_sensitivity,hk_q,0.8792085964972255,0.8792085955513617,,9.45863831702809e-10,,1e-06,True
core,flatus_TEAS_sham_SMD_sensitivity,pi_low,-1.0121283486768782,-1.012128349166021,-1.01212834908498,4.891427263231662e-10,4.08101774596048e-10,1.0121283486768782e-06,True
core,flatus_TEAS_sham_SMD_sensitivity,pi_high,0.2737636395491876,0.273763639975429,0.273763639904816,4.262414310396423e-10,3.5562841560476954e-10,1e-06,True
core,flatus_TEAS_usual_SMD_sensitivity,k,0,0,,0,,0,True
core,flatus_TEAS_usual_SMD_sensitivity,N,0,0,,0,,0,True
core,flatus_EA_sham_SMD_sensitivity,k,1,1,1,0,,0,True
core,flatus_EA_sham_SMD_sensitivity,N,110,110,110,0,,0,True
core,flatus_EA_sham_SMD_sensitivity,effect,-0.29643254795551516,-0.2964325479555152,-0.296432547955515,5.551115123125783e-17,1.6653345369377348e-16,1e-06,True
core,flatus_EA_sham_SMD_sensitivity,ci_low,-0.6722300527641636,-0.6722300527641636,-0.672230052764164,0.0,4.440892098500626e-16,1e-06,True
core,flatus_EA_sham_SMD_sensitivity,ci_high,0.07936495685313333,0.07936495685313316,0.0793649568531329,1.6653345369377348e-16,4.3021142204224816e-16,1e-06,True
core,flatus_EA_sham_SMD_sensitivity,se,0.1917369440320798,0.1917369440320798,0.19173694403208,0.0,1.942890293094024e-16,1e-06,True
core,flatus_EA_usual_SMD_sensitivity,k,4,4,4,0,,0,True
core,flatus_EA_usual_SMD_sensitivity,N,725,725,725,0,,0,True
core,flatus_EA_usual_SMD_sensitivity,effect,-0.48711874385508164,-0.4871187438550817,-0.487118743855088,5.551115123125783e-17,6.38378239159465e-15,1e-06,True
core,flatus_EA_usual_SMD_sensitivity,ci_low,-0.7448720679248819,-0.744872067924895,-0.744872067924888,1.3100631690576847e-14,6.106226635438361e-15,1e-06,True
core,flatus_EA_usual_SMD_sensitivity,ci_high,-0.2293654197852814,-0.2293654197852685,-0.229365419785288,1.2906342661267445e-14,6.5780714209040525e-15,1e-06,True
core,flatus_EA_usual_SMD_sensitivity,se,0.08099219887602223,0.0809921988760263,0.0809921988760222,4.066191827689636e-15,2.7755575615628914e-17,1e-06,True
core,flatus_EA_usual_SMD_sensitivity,tau2,0.0,1.92249100721e-15,0.0,1.92249100721e-15,0.0,1e-06,True
core,flatus_EA_usual_SMD_sensitivity,I2,0.0,6.38570606371e-12,0.0,6.38570606371e-12,0.0,0.0001,True
core,flatus_EA_usual_SMD_sensitivity,hk_q,0.4660183693223076,0.4660183693221989,,1.0869083411080283e-13,,1e-06,True
core,flatus_TEAS_sham_with_Zheng2025_as_printed,k,8,8,8,0,,0,True
core,flatus_TEAS_sham_with_Zheng2025_as_printed,N,1505,1505,1505,0,,0,True
core,flatus_TEAS_sham_with_Zheng2025_as_printed,effect,-5.33482085980253,-5.334820859775431,-5.33482085977539,2.709921176347052e-11,2.7140067970776727e-11,5.3348208598025295e-06,True
core,flatus_TEAS_sham_with_Zheng2025_as_printed,ci_low,-9.091500767291889,-9.091500767044892,-9.09150076704448,2.4699708944808663e-10,2.474092042348275e-10,9.091500767291888e-06,True
core,flatus_TEAS_sham_with_Zheng2025_as_printed,ci_high,-1.5781409523131722,-1.57814095250597,-1.5781409525063,1.9279777774272588e-10,1.9312773602564448e-10,1.578140952313172e-06,True
core,flatus_TEAS_sham_with_Zheng2025_as_printed,se,1.5887005747145244,1.588700574621529,1.58870057462137,9.299538916707206e-11,9.315437310419838e-11,1.5887005747145243e-06,True
core,flatus_TEAS_sham_with_Zheng2025_as_printed,tau2,14.967584821429492,14.96758481919533,14.9675848191916,2.2341613004073224e-09,2.237891649770063e-09,1.4967584821429491e-05,True
core,flatus_TEAS_sham_with_Zheng2025_as_printed,I2,87.3541410909064,87.35414108925748,87.3541410892547,1.6489138943143189e-09,1.6516992218384985e-09,0.00873541410909064,True
core,flatus_TEAS_sham_with_Zheng2025_as_printed,hk_q,0.9950632222920393,0.9950632224017689,,1.0972966979494458e-10,,1e-06,True
core,flatus_TEAS_sham_with_Zheng2025_as_printed,pi_low,-15.224366547804596,-15.22436654706238,-15.2243665470611,7.422169545634461e-10,7.434959314878142e-10,1.5224366547804596e-05,True
core,flatus_TEAS_sham_with_Zheng2025_as_printed,pi_high,4.554724828199536,4.554724827511522,4.55472482751037,6.880140901444065e-10,6.891660575547576e-10,4.554724828199536e-06,True
core,bowelsounds_TEAS_sham_with_Zheng2025_as_printed,k,3,3,3,0,,0,True
core,bowelsounds_TEAS_sham_with_Zheng2025_as_printed,N,812,812,812,0,,0,True
core,bowelsounds_TEAS_sham_with_Zheng2025_as_printed,effect,-7.190782053283836,-7.190782050222515,-7.19078205022251,3.0613209744956293e-09,3.061325415387728e-09,7.1907820532838355e-06,True
core,bowelsounds_TEAS_sham_with_Zheng2025_as_printed,ci_low,-11.61807355210826,-11.61807355185155,-11.6180735518515,2.567102086459272e-10,2.567599466374304e-10,1.161807355210826e-05,True
core,bowelsounds_TEAS_sham_with_Zheng2025_as_printed,ci_high,-2.763490554459411,-2.76349054859349,-2.76349054859349,5.865920638115085e-09,5.865920638115085e-09,2.763490554459411e-06,True
core,bowelsounds_TEAS_sham_with_Zheng2025_as_printed,se,1.0289678895564087,1.02896789020824,1.02896789020824,6.518312556380579e-10,6.518312556380579e-10,1.0289678895564086e-06,True
core,bowelsounds_TEAS_sham_with_Zheng2025_as_printed,tau2,1.6635193934919439,1.663519411758735,1.66351941175875,1.8266791190768572e-08,1.8266806067757102e-08,1.6635193934919438e-06,True
core,bowelsounds_TEAS_sham_with_Zheng2025_as_printed,I2,51.562941208192726,51.56294148244476,51.562941482445,2.742520308629537e-07,2.7425227244748385e-07,0.005156294120819273,True
core,bowelsounds_TEAS_sham_with_Zheng2025_as_printed,hk_q,1.002332550519242,1.00233254517308,,5.346161957575646e-09,,1.0023325505192418e-06,True
core,intraop_remifentanil_TEAS_sham_with_Zheng2025_as_printed,k,5,5,5,0,,0,True
core,intraop_remifentanil_TEAS_sham_with_Zheng2025_as_printed,N,913,913,913,0,,0,True
core,intraop_remifentanil_TEAS_sham_with_Zheng2025_as_printed,effect,-135.93335185812427,-135.9333520573073,-135.933352057307,1.9918303451049724e-07,1.991827218716935e-07,0.00013593335185812426,True
core,intraop_remifentanil_TEAS_sham_with_Zheng2025_as_printed,ci_low,-246.4589820975777,-246.4589827110092,-246.45898271101,6.134315242434241e-07,6.134323200512881e-07,0.0002464589820975777,True
core,intraop_remifentanil_TEAS_sham_with_Zheng2025_as_printed,ci_high,-25.407721618670834,-25.40772140360539,-25.4077214036052,2.1506544456428855e-07,2.1506563285811353e-07,2.5407721618670833e-05,True
core,intraop_remifentanil_TEAS_sham_with_Zheng2025_as_printed,se,39.80832541314719,39.80832556234819,39.8083255623483,1.4920099999926606e-07,1.4920111368610378e-07,3.980832541314718e-05,True
core,intraop_remifentanil_TEAS_sham_with_Zheng2025_as_printed,tau2,4288.701433779775,4288.701482661295,4288.70148266134,4.8881520342547446e-05,4.8881565817282535e-05,0.004288701433779774,True
core,intraop_remifentanil_TEAS_sham_with_Zheng2025_as_printed,I2,61.87031306612036,61.87031333500405,61.8703133350042,2.688836886477475e-07,2.68883837861722e-07,0.006187031306612036,True
core,intraop_remifentanil_TEAS_sham_with_Zheng2025_as_printed,hk_q,0.7928914418685871,0.7928914360311143,,5.8374727274213e-09,,1e-06,True
core,intraop_remifentanil_TEAS_sham_with_Zheng2025_as_printed,pi_low,-348.7149351585141,-348.7149364583106,-348.714936458312,1.2997965086469776e-06,1.2997979297324491e-06,0.00034871493515851407,True
core,intraop_remifentanil_TEAS_sham_with_Zheng2025_as_printed,pi_high,76.84823144226556,76.848232343696,76.8482323436968,9.014304396259831e-07,9.014312354338472e-07,7.684823144226556e-05,True
core,intraop_remifentanil_Wu2025_preintervention_diagnostic,k,1,1,1,0,,0,True
core,intraop_remifentanil_Wu2025_preintervention_diagnostic,N,100,100,100,0,,0,True
core,intraop_remifentanil_Wu2025_preintervention_diagnostic,effect,-44.39999999999998,-44.39999999999998,-44.4,0.0,2.1316282072803006e-14,4.4399999999999975e-05,True
core,intraop_remifentanil_Wu2025_preintervention_diagnostic,ci_low,-140.64239847627982,-140.6423984762798,-140.64239847628,2.842170943040401e-14,1.7053025658242404e-13,0.00014064239847627982,True
core,intraop_remifentanil_Wu2025_preintervention_diagnostic,ci_high,51.842398476279854,51.84239847627983,51.8423984762799,2.1316282072803006e-14,4.263256414560601e-14,5.1842398476279855e-05,True
core,intraop_remifentanil_Wu2025_preintervention_diagnostic,se,49.104166829302784,49.10416682930278,49.1041668293028,7.105427357601002e-15,1.4210854715202004e-14,4.910416682930278e-05,True
E2,E2_opioid24_TEAS_sham,k,7,7,,0,,0,True
E2,E2_opioid24_TEAS_sham,N,581,581,,0,,0,True
E2,E2_opioid24_TEAS_sham,effect,-6.167033094971615,-6.167033059683945,,3.528766967519914e-08,,6.167033094971614e-06,True
E2,E2_opioid24_TEAS_sham,ci_low,-12.471818145450623,-12.47181807964144,,6.580918210374875e-08,,1.2471818145450623e-05,True
E2,E2_opioid24_TEAS_sham,ci_high,0.13775195550739294,0.1377519602735475,,4.7661545543586925e-09,,1e-06,True
E2,E2_opioid24_TEAS_sham,tau2,35.85381510910368,35.8538128698761,,2.2392275766947023e-06,,3.585381510910368e-05,True
E2,E2_opioid24_TEAS_sham,I2,97.96479515866021,97.96479503413966,,1.2452055386802385e-07,,0.009796479515866022,True
E2,E2_opioid24_TEAS_sham,hk_q,1.1527649511454128,1.152765006351387,,5.520597423647189e-08,,1.1527649511454127e-06,True
E2,E2_opioid24_TEAS_sham,pi_low,-22.1176018701697,-22.11760140254741,,4.676222893351678e-07,,2.21176018701697e-05,True
E2,E2_opioid24_TEAS_sham,pi_high,9.78353568022647,9.78353528317952,,3.970469499847695e-07,,9.783535680226469e-06,True
E2,E2_TEAS_sham_suf0.25,k,7,7,,0,,0,True
E2,E2_TEAS_sham_suf0.25,N,581,581,,0,,0,True
E2,E2_TEAS_sham_suf0.25,effect,-4.269165030087958,-4.269165038956444,,8.868486389701502e-09,,4.269165030087958e-06,True
E2,E2_TEAS_sham_suf0.25,ci_low,-9.140471041860053,-9.140471062195934,,2.0335880535071738e-08,,9.140471041860052e-06,True
E2,E2_TEAS_sham_suf0.25,ci_high,0.6021409816841379,0.6021409842830447,,2.5989068674903137e-09,,1e-06,True
E2,E2_TEAS_sham_suf0.25,tau2,15.878990052949632,15.87899027405795,,2.211083174330497e-07,,1.5878990052949633e-05,True
E2,E2_TEAS_sham_suf0.25,I2,98.2961149624283,98.29611498574995,,2.3321646835938736e-08,,0.009829611496242832,True
E2,E2_TEAS_sham_suf0.25,hk_q,1.4572414908208613,1.457241479365923,,1.1454938331212361e-08,,1.4572414908208613e-06,True
E2,E2_TEAS_sham_suf0.25,pi_low,-15.168849967253811,-15.16885004197652,,7.472270979747009e-08,,1.5168849967253811e-05,True
E2,E2_TEAS_sham_suf0.25,pi_high,6.630519907077895,6.630519964063632,,5.6985737018067084e-08,,6.630519907077895e-06,True
E2,E2_TEAS_sham_suf1.0,k,7,7,,0,,0,True
E2,E2_TEAS_sham_suf1.0,N,581,581,,0,,0,True
E2,E2_TEAS_sham_suf1.0,effect,-9.237498651569648,-9.23749864154081,,1.0028838204334534e-08,,9.237498651569648e-06,True
E2,E2_TEAS_sham_suf1.0,ci_low,-18.969205719867524,-18.96920570788916,,1.1978364966580557e-08,,1.8969205719867523e-05,True
E2,E2_TEAS_sham_suf1.0,ci_high,0.49420841672822924,0.4942084248075407,,8.07931144208851e-09,,1e-06,True
E2,E2_TEAS_sham_suf1.0,tau2,103.76335646796132,103.763353489019,,2.9789423194870324e-06,,0.00010376335646796131,True
E2,E2_TEAS_sham_suf1.0,I2,98.3755524678581,98.37555242197942,,4.587867863392603e-08,,0.00983755524678581,True
E2,E2_TEAS_sham_suf1.0,hk_q,1.0051658191966348,1.005165846202569,,2.700593415561059e-08,,1.0051658191966348e-06,True
E2,E2_TEAS_sham_suf1.0,pi_low,-35.99523621353468,-35.99523586950895,,3.4402572879344007e-07,,3.599523621353468e-05,True
E2,E2_TEAS_sham_suf1.0,pi_high,17.52023891039538,17.52023858642732,,3.2396806304291204e-07,,1.7520238910395382e-05,True
E2,E2_TEAS_sham_excl_E2.1,k,5,5,,0,,0,True
E2,E2_TEAS_sham_excl_E2.1,N,371,371,,0,,0,True
E2,E2_TEAS_sham_excl_E2.1,effect,-8.434328741629592,-8.434328723488946,,1.8140646318443032e-08,,8.434328741629592e-06,True
E2,E2_TEAS_sham_excl_E2.1,ci_low,-17.783431377526114,-17.78343134293906,,3.458705322145761e-08,,1.7783431377526113e-05,True
E2,E2_TEAS_sham_excl_E2.1,ci_high,0.914773894266931,0.9147738959611686,,1.6942376390716163e-09,,1e-06,True
E2,E2_TEAS_sham_excl_E2.1,tau2,44.90195905907334,44.90195770510879,,1.3539645493665375e-06,,4.490195905907334e-05,True
E2,E2_TEAS_sham_excl_E2.1,I2,96.777318764505,96.7773186704606,,9.404439538229781e-08,,0.009677731876450501,True
E2,E2_TEAS_sham_excl_E2.1,hk_q,1.0976820324831613,1.097682058456922,,2.5973760697795e-08,,1.0976820324831613e-06,True
E2,E2_TEAS_sham_excl_E2.1,pi_low,-29.255930290212273,-29.25593001405224,,2.761600335077219e-07,,2.9255930290212272e-05,True
E2,E2_TEAS_sham_excl_E2.1,pi_high,12.387272806953089,12.38727256707435,,2.39878739094479e-07,,1.2387272806953089e-05,True
E2,E2_TEAS_sham_leaveout_Gu2019,k,6,6,,0,,0,True
E2,E2_TEAS_sham_leaveout_Gu2019,N,464,464,,0,,0,True
E2,E2_TEAS_sham_leaveout_Gu2019,effect,-7.111358792797805,-7.111358801798292,,9.000486578258915e-09,,7.111358792797805e-06,True
E2,E2_TEAS_sham_leaveout_Gu2019,ci_low,-14.682229425962465,-14.68222944274514,,1.6782674805426723e-08,,1.4682229425962463e-05,True
E2,E2_TEAS_sham_leaveout_Gu2019,ci_high,0.45951184036685433,0.4595118391485604,,1.2182939101990087e-09,,1e-06,True
E2,E2_TEAS_sham_leaveout_Gu2019,tau2,40.8345063790709,40.83450699634113,,6.17270231373368e-07,,4.08345063790709e-05,True
E2,E2_TEAS_sham_leaveout_Gu2019,I2,97.9599205106873,97.9599205408968,,3.0209506007849996e-08,,0.00979599205106873,True
E2,E2_TEAS_sham_leaveout_Gu2019,hk_q,1.1257151901897846,1.125715176934396,,1.3255388564559212e-08,,1.1257151901897846e-06,True
E2,E2_TEAS_sham_leaveout_Gu2019,pi_low,-25.19859319339123,-25.19859331840421,,1.2501298130018768e-07,,2.519859319339123e-05,True
E2,E2_TEAS_sham_leaveout_Gu2019,pi_high,10.975875607795619,10.97587571480763,,1.0701201169638352e-07,,1.0975875607795618e-05,True
E2,E2_TEAS_sham_leaveout_Lee2011,k,6,6,,0,,0,True
E2,E2_TEAS_sham_leaveout_Lee2011,N,547,547,,0,,0,True
E2,E2_TEAS_sham_leaveout_Lee2011,effect,-6.6725494911613366,-6.672549491637137,,4.758007321470359e-10,,6.672549491161336e-06,True
E2,E2_TEAS_sham_leaveout_Lee2011,ci_low,-14.529128845001669,-14.52912884588893,,8.872618195709947e-10,,1.4529128845001669e-05,True
E2,E2_TEAS_sham_leaveout_Lee2011,ci_high,1.1840298626789947,1.184029862614659,,6.433564792018842e-11,,1.1840298626789947e-06,True
E2,E2_TEAS_sham_leaveout_Lee2011,tau2,44.774825724082184,44.77482575640775,,3.232556622378979e-08,,4.4774825724082183e-05,True
E2,E2_TEAS_sham_leaveout_Lee2011,I2,98.60005742763121,98.60005742862776,,9.965503977582557e-10,,0.009860005742763122,True
E2,E2_TEAS_sham_leaveout_Lee2011,hk_q,1.1384963708457203,1.138496370193318,,6.524023543619251e-10,,1.1384963708457202e-06,True
E2,E2_TEAS_sham_leaveout_Lee2011,pi_low,-25.582679207651758,-25.58267921394638,,6.294623489111473e-09,,2.5582679207651757e-05,True
E2,E2_TEAS_sham_leaveout_Lee2011,pi_high,12.237580225329083,12.2375802306721,,5.343016695746883e-09,,1.2237580225329082e-05,True
E2,E2_TEAS_sham_excl_unquantified_rescue,k,5,5,,0,,0,True
E2,E2_TEAS_sham_excl_unquantified_rescue,N,497,497,,0,,0,True
E2,E2_TEAS_sham_excl_unquantified_rescue,effect,-5.066231027658591,-5.06623102695155,,7.070415364296423e-10,,5.066231027658591e-06,True
E2,E2_TEAS_sham_excl_unquantified_rescue,ci_low,-12.231265152431764,-12.23126510235571,,5.0076053526026953e-08,,1.2231265152431763e-05,True
E2,E2_TEAS_sham_excl_unquantified_rescue,ci_high,2.0988030971145824,2.098803048452606,,4.86619762263274e-08,,2.098803097114582e-06,True
E2,E2_TEAS_sham_excl_unquantified_rescue,tau2,32.4934968456641,32.49349638699521,,4.586688859831156e-07,,3.2493496845664093e-05,True
E2,E2_TEAS_sham_excl_unquantified_rescue,I2,98.45236875401365,98.45236873250582,,2.1507830183509213e-08,,0.009845236875401365,True
E2,E2_TEAS_sham_excl_unquantified_rescue,hk_q,0.9971420880258957,0.9971421017986912,,1.377279557068789e-08,,1e-06,True
E2,E2_TEAS_sham_excl_unquantified_rescue,pi_low,-22.439158953198437,-22.43915883037099,,1.2282744776825893e-07,,2.2439158953198436e-05,True
E2,E2_TEAS_sham_excl_unquantified_rescue,pi_high,12.306696897881253,12.30669677646789,,1.214133629190428e-07,,1.2306696897881253e-05,True
E2,E2_TEAS_sham_excl_unstated_route,k,6,6,,0,,0,True
E2,E2_TEAS_sham_excl_unstated_route,N,422,422,,0,,0,True
E2,E2_TEAS_sham_excl_unstated_route,effect,-7.249231062708609,-7.249231081927198,,1.9218589386582607e-08,,7.2492310627086085e-06,True
E2,E2_TEAS_sham_excl_unstated_route,ci_low,-14.582220051556028,-14.58222008839709,,3.684106175683155e-08,,1.4582220051556028e-05,True
E2,E2_TEAS_sham_excl_unstated_route,ci_high,0.08375792613881128,0.0837579245426943,,1.5961169747003012e-09,,1e-06,True
E2,E2_TEAS_sham_excl_unstated_route,tau2,37.64863405776453,37.64863529887697,,1.2411124359346104e-06,,3.7648634057764534e-05,True
E2,E2_TEAS_sham_excl_unstated_route,I2,97.47266693503887,97.47266701624845,,8.120957772916881e-08,,0.009747266693503887,True
E2,E2_TEAS_sham_excl_unstated_route,hk_q,1.136466076202133,1.136466047541624,,2.8660509077127472e-08,,1.136466076202133e-06,True
E2,E2_TEAS_sham_excl_unstated_route,pi_low,-24.643218434013697,-24.64321869640788,,2.623941846024991e-07,,2.4643218434013696e-05,True
E2,E2_TEAS_sham_excl_unstated_route,pi_high,10.144756308596477,10.14475653255348,,2.239570022766202e-07,,1.0144756308596477e-05,True
E2,E2_TEAS_sham_E1_restriction,k,1,1,,0,,0,True
E2,E2_TEAS_sham_E1_restriction,N,48,48,,0,,0,True
E2,E2_TEAS_sham_E1_restriction,effect,-7.699999999999999,-7.699999999999999,,0.0,,7.699999999999999e-06,True
E2,E2_TEAS_sham_E1_restriction,ci_low,-10.622954073275604,-10.6229540732756,,3.552713678800501e-15,,1.0622954073275605e-05,True
E2,E2_TEAS_sham_E1_restriction,ci_high,-4.777045926724394,-4.777045926724396,,1.7763568394002505e-15,,4.777045926724394e-06,True
E2,E2_TEAS_sham_LOO_Szmit_2021,k,6,6,,0,,0,True
E2,E2_TEAS_sham_LOO_Szmit_2021,N,533,533,,0,,0,True
E2,E2_TEAS_sham_LOO_Szmit_2021,effect,-6.047586138153688,-6.04758610771425,,3.0439438525320384e-08,,6.047586138153688e-06,True
E2,E2_TEAS_sham_LOO_Szmit_2021,ci_low,-14.023846078376172,-14.02384602024721,,5.812896120005462e-08,,1.402384607837617e-05,True
E2,E2_TEAS_sham_LOO_Szmit_2021,ci_high,1.9286738020687952,1.928673804818708,,2.7499127419616798e-09,,1.928673802068795e-06,True
E2,E2_TEAS_sham_LOO_Szmit_2021,tau2,45.233260308571346,45.23325818528046,,2.123290883560003e-06,,4.523326030857134e-05,True
E2,E2_TEAS_sham_LOO_Szmit_2021,I2,98.54808180943286,98.54808174226804,,6.716481948387809e-08,,0.009854808180943286,True
E2,E2_TEAS_sham_LOO_Szmit_2021,hk_q,1.1452392520546035,1.145239293875248,,4.1820644502976734e-08,,1.1452392520546035e-06,True
E2,E2_TEAS_sham_LOO_Szmit_2021,pi_low,-25.087469938696728,-25.0874695282079,,4.104888269296225e-07,,2.5087469938696727e-05,True
E2,E2_TEAS_sham_LOO_Szmit_2021,pi_high,12.99229766238935,12.9922973127794,,3.4960994987898175e-07,,1.299229766238935e-05,True
E2,E2_TEAS_sham_LOO_Chen_1998,k,6,6,,0,,0,True
E2,E2_TEAS_sham_LOO_Chen_1998,N,531,531,,0,,0,True
E2,E2_TEAS_sham_LOO_Chen_1998,effect,-4.891789629761355,-4.891789628951288,,8.100675685795977e-10,,4.891789629761355e-06,True
E2,E2_TEAS_sham_LOO_Chen_1998,ci_low,-10.48871292317019,-10.4887128447297,,7.844049143557186e-08,,1.048871292317019e-05,True
E2,E2_TEAS_sham_LOO_Chen_1998,ci_high,0.705133663647481,0.7051335868271291,,7.682035185752056e-08,,1e-06,True
E2,E2_TEAS_sham_LOO_Chen_1998,tau2,26.822131321483983,26.82213053634518,,7.851388019730621e-07,,2.6822131321483983e-05,True
E2,E2_TEAS_sham_LOO_Chen_1998,I2,97.72884110622182,97.72884104125022,,6.49716014322621e-08,,0.009772884110622182,True
E2,E2_TEAS_sham_LOO_Chen_1998,hk_q,0.9688665921017672,0.9688666196775229,,2.757575567891024e-08,,1e-06,True
E2,E2_TEAS_sham_LOO_Chen_1998,pi_low,-19.333509396015746,-19.33350918549746,,2.1051828724694133e-07,,1.9333509396015745e-05,True
E2,E2_TEAS_sham_LOO_Chen_1998,pi_high,9.549930136493035,9.549929927594885,,2.088981503334253e-07,,9.549930136493036e-06,True
E2,E2_TEAS_sham_LOO_Chen_2020,k,6,6,,0,,0,True
E2,E2_TEAS_sham_LOO_Chen_2020,N,501,501,,0,,0,True
E2,E2_TEAS_sham_LOO_Chen_2020,effect,-3.921737775182687,-3.92173776360175,,1.158093709818786e-08,,3.921737775182687e-06,True
E2,E2_TEAS_sham_LOO_Chen_2020,ci_low,-9.497525967302668,-9.497525938592183,,2.871048465635795e-08,,9.497525967302668e-06,True
E2,E2_TEAS_sham_LOO_Chen_2020,ci_high,1.6540504169372934,1.654050411388683,,5.548610459982228e-09,,1.6540504169372933e-06,True
E2,E2_TEAS_sham_LOO_Chen_2020,tau2,13.465963626492996,13.46596342125719,,2.0523580701592437e-07,,1.3465963626492996e-05,True
E2,E2_TEAS_sham_LOO_Chen_2020,I2,94.66430945050766,94.66430937352506,,7.698260162669612e-08,,0.009466430945050766,True
E2,E2_TEAS_sham_LOO_Chen_2020,hk_q,1.648187776372606,1.648187788100061,,1.1727455007104481e-08,,1.648187776372606e-06,True
E2,E2_TEAS_sham_LOO_Chen_2020,pi_low,-14.879430664797066,-14.87943058261745,,8.217961600109902e-08,,1.4879430664797065e-05,True
E2,E2_TEAS_sham_LOO_Chen_2020,pi_high,7.035955114431691,7.035955055413949,,5.90177418047233e-08,,7.035955114431691e-06,True
E2,E2_TEAS_sham_LOO_He_2026,k,6,6,,0,,0,True
E2,E2_TEAS_sham_LOO_He_2026,N,422,422,,0,,0,True
E2,E2_TEAS_sham_LOO_He_2026,effect,-7.249231062708609,-7.249231081927198,,1.9218589386582607e-08,,7.2492310627086085e-06,True
E2,E2_TEAS_sham_LOO_He_2026,ci_low,-14.582220051556028,-14.58222008839709,,3.684106175683155e-08,,1.4582220051556028e-05,True
E2,E2_TEAS_sham_LOO_He_2026,ci_high,0.08375792613881128,0.0837579245426943,,1.5961169747003012e-09,,1e-06,True
E2,E2_TEAS_sham_LOO_He_2026,tau2,37.64863405776453,37.64863529887697,,1.2411124359346104e-06,,3.7648634057764534e-05,True
E2,E2_TEAS_sham_LOO_He_2026,I2,97.47266693503887,97.47266701624845,,8.120957772916881e-08,,0.009747266693503887,True
E2,E2_TEAS_sham_LOO_He_2026,hk_q,1.136466076202133,1.136466047541624,,2.8660509077127472e-08,,1.136466076202133e-06,True
E2,E2_TEAS_sham_LOO_He_2026,pi_low,-24.643218434013697,-24.64321869640788,,2.623941846024991e-07,,2.4643218434013696e-05,True
E2,E2_TEAS_sham_LOO_He_2026,pi_high,10.144756308596477,10.14475653255348,,2.239570022766202e-07,,1.0144756308596477e-05,True
E2,E2_TEAS_sham_LOO_Lee_2011,k,6,6,,0,,0,True
E2,E2_TEAS_sham_LOO_Lee_2011,N,547,547,,0,,0,True
E2,E2_TEAS_sham_LOO_Lee_2011,effect,-6.6725494911613366,-6.672549491637137,,4.758007321470359e-10,,6.672549491161336e-06,True
E2,E2_TEAS_sham_LOO_Lee_2011,ci_low,-14.529128845001669,-14.52912884588893,,8.872618195709947e-10,,1.4529128845001669e-05,True
E2,E2_TEAS_sham_LOO_Lee_2011,ci_high,1.1840298626789947,1.184029862614659,,6.433564792018842e-11,,1.1840298626789947e-06,True
E2,E2_TEAS_sham_LOO_Lee_2011,tau2,44.774825724082184,44.77482575640775,,3.232556622378979e-08,,4.4774825724082183e-05,True
E2,E2_TEAS_sham_LOO_Lee_2011,I2,98.60005742763121,98.60005742862776,,9.965503977582557e-10,,0.009860005742763122,True
E2,E2_TEAS_sham_LOO_Lee_2011,hk_q,1.1384963708457203,1.138496370193318,,6.524023543619251e-10,,1.1384963708457202e-06,True
E2,E2_TEAS_sham_LOO_Lee_2011,pi_low,-25.582679207651758,-25.58267921394638,,6.294623489111473e-09,,2.5582679207651757e-05,True
E2,E2_TEAS_sham_LOO_Lee_2011,pi_high,12.237580225329083,12.2375802306721,,5.343016695746883e-09,,1.2237580225329082e-05,True
E2,E2_TEAS_sham_LOO_Zhang_2025,k,6,6,,0,,0,True
E2,E2_TEAS_sham_LOO_Zhang_2025,N,488,488,,0,,0,True
E2,E2_TEAS_sham_LOO_Zhang_2025,effect,-7.107740520186962,-7.107740529442477,,9.25551546515635e-09,,7.1077405201869615e-06,True
E2,E2_TEAS_sham_LOO_Zhang_2025,ci_low,-14.693488377133974,-14.69348839442819,,1.7294215837182492e-08,,1.4693488377133974e-05,True
E2,E2_TEAS_sham_LOO_Zhang_2025,ci_high,0.4780073367600508,0.4780073355432393,,1.216811484905378e-09,,1e-06,True
E2,E2_TEAS_sham_LOO_Zhang_2025,tau2,40.98339734589773,40.98339798893775,,6.430400247836587e-07,,4.0983397345897725e-05,True
E2,E2_TEAS_sham_LOO_Zhang_2025,I2,97.48232198235226,97.4823220208607,,3.850844620956195e-08,,0.009748232198235226,True
E2,E2_TEAS_sham_LOO_Zhang_2025,hk_q,1.1250849854029457,1.125084971654997,,1.3747948557352174e-08,,1.1250849854029455e-06,True
E2,E2_TEAS_sham_LOO_Zhang_2025,pi_low,-25.22837494458922,-25.22837507445579,,1.2986657083047248e-07,,2.5228374944589218e-05,True
E2,E2_TEAS_sham_LOO_Zhang_2025,pi_high,11.012893904215296,11.01289401557084,,1.1135554345287346e-07,,1.1012893904215296e-05,True
E2,E2_TEAS_sham_LOO_Gu_2019,k,6,6,,0,,0,True
E2,E2_TEAS_sham_LOO_Gu_2019,N,464,464,,0,,0,True
E2,E2_TEAS_sham_LOO_Gu_2019,effect,-7.111358792797805,-7.111358801798292,,9.000486578258915e-09,,7.111358792797805e-06,True
E2,E2_TEAS_sham_LOO_Gu_2019,ci_low,-14.682229425962465,-14.68222944274514,,1.6782674805426723e-08,,1.4682229425962463e-05,True
E2,E2_TEAS_sham_LOO_Gu_2019,ci_high,0.45951184036685433,0.4595118391485604,,1.2182939101990087e-09,,1e-06,True
E2,E2_TEAS_sham_LOO_Gu_2019,tau2,40.8345063790709,40.83450699634113,,6.17270231373368e-07,,4.08345063790709e-05,True
E2,E2_TEAS_sham_LOO_Gu_2019,I2,97.9599205106873,97.9599205408968,,3.0209506007849996e-08,,0.00979599205106873,True
E2,E2_TEAS_sham_LOO_Gu_2019,hk_q,1.1257151901897846,1.125715176934396,,1.3255388564559212e-08,,1.1257151901897846e-06,True
E2,E2_TEAS_sham_LOO_Gu_2019,pi_low,-25.19859319339123,-25.19859331840421,,1.2501298130018768e-07,,2.519859319339123e-05,True
E2,E2_TEAS_sham_LOO_Gu_2019,pi_high,10.975875607795619,10.97587571480763,,1.0701201169638352e-07,,1.0975875607795618e-05,True
E2,E2_opioid24_TEAS_usual,k,1,1,,0,,0,True
E2,E2_opioid24_TEAS_usual,N,47,47,,0,,0,True
E2,E2_opioid24_TEAS_usual,effect,-8.0,-8.0,,0.0,,8e-06,True
E2,E2_opioid24_TEAS_usual,ci_low,-10.919946920043666,-10.91994692004367,,3.552713678800501e-15,,1.0919946920043665e-05,True
E2,E2_opioid24_TEAS_usual,ci_high,-5.080053079956334,-5.080053079956334,,0.0,,5.0800530799563345e-06,True
E2,E2_opioid24_EA_sham,k,1,1,,0,,0,True
E2,E2_opioid24_EA_sham,N,75,75,,0,,0,True
E2,E2_opioid24_EA_sham,effect,-11.8,-11.8,,0.0,,1.18e-05,True
E2,E2_opioid24_EA_sham,ci_low,-18.523748664973265,-18.52374866497326,,3.552713678800501e-15,,1.8523748664973266e-05,True
E2,E2_opioid24_EA_sham,ci_high,-5.076251335026737,-5.076251335026738,,8.881784197001252e-16,,5.076251335026737e-06,True
E2,E2_opioid24_EA_usual,k,4,4,,0,,0,True
E2,E2_opioid24_EA_usual,N,414,414,,0,,0,True
E2,E2_opioid24_EA_usual,effect,-8.142560447928398,-8.142560434921485,,1.300691288008693e-08,,8.142560447928398e-06,True
E2,E2_opioid24_EA_usual,ci_low,-23.05906439461573,-23.05906415279792,,2.4181781199672514e-07,,2.305906439461573e-05,True
E2,E2_opioid24_EA_usual,ci_high,6.7739434987589355,6.773943282954951,,2.1580398446019444e-07,,6.773943498758935e-06,True
E2,E2_opioid24_EA_usual,tau2,76.62318582888653,76.6231831516265,,2.67726002789459e-06,,7.662318582888653e-05,True
E2,E2_opioid24_EA_usual,I2,90.43200364413696,90.43200334181235,,3.023246080147146e-07,,0.009043200364413697,True
E2,E2_opioid24_EA_usual,hk_q,0.9842468411235538,0.9842468715188896,,3.039533580384557e-08,,1e-06,True
E2,E2_EA_usual_leaveout_ElRakshy,k,3,3,,0,,0,True
E2,E2_EA_usual_leaveout_ElRakshy,N,319,319,,0,,0,True
E2,E2_EA_usual_leaveout_ElRakshy,effect,-10.353170435760076,-10.35317044074601,,4.985935220247484e-09,,1.0353170435760075e-05,True
E2,E2_EA_usual_leaveout_ElRakshy,ci_low,-35.84656531122102,-35.84656543671912,,1.2549809724760053e-07,,3.584656531122102e-05,True
E2,E2_EA_usual_leaveout_ElRakshy,ci_high,15.140224439700868,15.14022455522704,,1.1552617174004354e-07,,1.5140224439700866e-05,True
E2,E2_EA_usual_leaveout_ElRakshy,tau2,94.76017375039895,94.7601747402475,,9.898485586745664e-07,,9.476017375039895e-05,True
E2,E2_EA_usual_leaveout_ElRakshy,I2,91.86363831867975,91.86363839675559,,7.807584267993661e-08,,0.009186363831867975,True
E2,E2_EA_usual_leaveout_ElRakshy,hk_q,0.9544526983675596,0.9544526889967991,,9.370760500893027e-09,,1e-06,True
E2,E2_EA_usual_excl_unquantified_rescue,k,2,2,,0,,0,True
E2,E2_EA_usual_excl_unquantified_rescue,N,159,159,,0,,0,True
E2,E2_EA_usual_excl_unquantified_rescue,effect,-6.831992733060185,-6.831992735467861,,2.4076767246583586e-09,,6.831992733060184e-06,True
E2,E2_EA_usual_excl_unquantified_rescue,ci_low,-76.39065081844696,-76.39065082224059,,3.7936302987873205e-09,,7.639065081844695e-05,True
E2,E2_EA_usual_excl_unquantified_rescue,ci_high,62.726665352326584,62.72666535130486,,1.021724926886236e-09,,6.272666535232659e-05,True
E2,E2_EA_usual_excl_unquantified_rescue,tau2,43.51514653619667,43.5151471192722,,5.830755327451698e-07,,4.351514653619666e-05,True
E2,E2_EA_usual_excl_unquantified_rescue,I2,72.45182707963527,72.45182734707535,,2.6744008607693104e-07,,0.0072451827079635265,True
E2,E2_EA_usual_excl_unquantified_rescue,hk_q,1.0000000097080881,1.0,,9.708088111182178e-09,,1.000000009708088e-06,True
E2,E2_EA_usual_LOO_El-Rakshy,k,3,3,,0,,0,True
E2,E2_EA_usual_LOO_El-Rakshy,N,319,319,,0,,0,True
E2,E2_EA_usual_LOO_El-Rakshy,effect,-10.353170435760076,-10.35317044074601,,4.985935220247484e-09,,1.0353170435760075e-05,True
E2,E2_EA_usual_LOO_El-Rakshy,ci_low,-35.84656531122102,-35.84656543671912,,1.2549809724760053e-07,,3.584656531122102e-05,True
E2,E2_EA_usual_LOO_El-Rakshy,ci_high,15.140224439700868,15.14022455522704,,1.1552617174004354e-07,,1.5140224439700866e-05,True
E2,E2_EA_usual_LOO_El-Rakshy,tau2,94.76017375039895,94.7601747402475,,9.898485586745664e-07,,9.476017375039895e-05,True
E2,E2_EA_usual_LOO_El-Rakshy,I2,91.86363831867975,91.86363839675559,,7.807584267993661e-08,,0.009186363831867975,True
E2,E2_EA_usual_LOO_El-Rakshy,hk_q,0.9544526983675596,0.9544526889967991,,9.370760500893027e-09,,1e-06,True
E2,E2_EA_usual_LOO_Seevaunnamtum,k,3,3,,0,,0,True
E2,E2_EA_usual_LOO_Seevaunnamtum,N,350,350,,0,,0,True
E2,E2_EA_usual_LOO_Seevaunnamtum,effect,-6.925609681673061,-6.92560968548414,,3.811079452020749e-09,,6.92560968167306e-06,True
E2,E2_EA_usual_LOO_Seevaunnamtum,ci_low,-33.64252216762859,-33.64252217473437,,7.105775523541524e-09,,3.364252216762859e-05,True
E2,E2_EA_usual_LOO_Seevaunnamtum,ci_high,19.791302804282473,19.79130280376605,,5.164224603504408e-10,,1.9791302804282473e-05,True
E2,E2_EA_usual_LOO_Seevaunnamtum,tau2,105.09883122364815,105.0988327501123,,1.5264641461953943e-06,,0.00010509883122364814,True
E2,E2_EA_usual_LOO_Seevaunnamtum,I2,93.53649850921576,93.53649859702448,,8.780871496583131e-08,,0.009353649850921577,True
E2,E2_EA_usual_LOO_Seevaunnamtum,hk_q,1.0138044699133575,1.013804456556068,,1.3357289496696012e-08,,1.0138044699133575e-06,True
E2,E2_EA_usual_LOO_Yang,k,3,3,,0,,0,True
E2,E2_EA_usual_LOO_Yang,N,234,234,,0,,0,True
E2,E2_EA_usual_LOO_Yang,effect,-11.264413097600217,-11.26441309734331,,2.569073842551006e-10,,1.1264413097600217e-05,True
E2,E2_EA_usual_LOO_Yang,ci_low,-34.370331853757776,-34.3703317154531,,1.3830467793241041e-07,,3.4370331853757776e-05,True
E2,E2_EA_usual_LOO_Yang,ci_high,11.841505658557343,11.84150552076644,,1.3779090402010752e-07,,1.1841505658557343e-05,True
E2,E2_EA_usual_LOO_Yang,tau2,70.98974632471446,70.98974529181285,,1.0329016078003406e-06,,7.098974632471445e-05,True
E2,E2_EA_usual_LOO_Yang,I2,82.18626633948499,82.18626612646638,,2.1301860897438019e-07,,0.0082186266339485,True
E2,E2_EA_usual_LOO_Yang,hk_q,0.9799457046816085,0.9799457166153733,,1.193376486519071e-08,,1e-06,True
E2,E2_EA_usual_LOO_Lin,k,3,3,,0,,0,True
E2,E2_EA_usual_LOO_Lin,N,339,339,,0,,0,True
E2,E2_EA_usual_LOO_Lin,effect,-3.9358338798840333,-3.935833888323442,,8.439408727412001e-09,,3.935833879884033e-06,True
E2,E2_EA_usual_LOO_Lin,ci_low,-19.77322298046189,-19.7732229993955,,1.8933608458837625e-08,,1.977322298046189e-05,True
E2,E2_EA_usual_LOO_Lin,ci_high,11.901555220693826,11.90155522274859,,2.0547634704826123e-09,,1.1901555220693826e-05,True
E2,E2_EA_usual_LOO_Lin,tau2,28.471276745585875,28.4712771066107,,3.610248242580383e-07,,2.8471276745585875e-05,True
E2,E2_EA_usual_LOO_Lin,I2,77.15261151292916,77.15261173644966,,2.2352050166318804e-07,,0.007715261151292916,True
E2,E2_EA_usual_LOO_Lin,hk_q,1.0715956185128377,1.071595609229701,,9.283136703785999e-09,,1.0715956185128376e-06,True
QoR 24h,QOR40_SHAM_24H,k,2,2,2,0,,0,True
QoR 24h,QOR40_SHAM_24H,N,131,131,131,0,,0,True
QoR 24h,QOR40_SHAM_24H,effect,10.185538969878714,10.18553896987872,10.1855389698787,7.105427357601002e-15,1.4210854715202004e-14,1.0185538969878713e-05,True
QoR 24h,QOR40_SHAM_24H,ci_low,-13.258759796835314,-13.25875979683532,-13.2587597968353,7.105427357601002e-15,1.4210854715202004e-14,1.3258759796835314e-05,True
QoR 24h,QOR40_SHAM_24H,ci_high,33.62983773659274,33.62983773659275,33.6298377365927,7.105427357601002e-15,4.263256414560601e-14,3.362983773659274e-05,True
QoR 24h,QOR40_SHAM_24H,se,1.8451063282466926,1.845106328246693,1.84510632824669,4.440892098500626e-16,2.6645352591003757e-15,1.8451063282466926e-06,True
QoR 24h,QOR40_SHAM_24H,tau2,0.0,8.07083465581e-16,0.0,8.07083465581e-16,0.0,1e-06,True
QoR 24h,QOR40_SHAM_24H,I2,0.0,1.11629456045e-14,0.0,1.11629456045e-14,0.0,0.0001,True
QoR 24h,QOR40_SHAM_24H,hk_q,0.4117276327999144,0.4117276327999144,,0.0,,1e-06,True
QoR 24h,QOR40_USUAL_24H,k,2,2,2,0,,0,True
QoR 24h,QOR40_USUAL_24H,N,175,175,175,0,,0,True
QoR 24h,QOR40_USUAL_24H,effect,4.343881022128452,4.343881023362143,4.34388102336214,1.23369137128293e-09,1.233688706747671e-09,4.343881022128452e-06,True
QoR 24h,QOR40_USUAL_24H,ci_low,-19.123893554642983,-19.12389355430998,-19.12389355431,3.3300295854132855e-10,3.3298164225925575e-10,1.9123893554642984e-05,True
QoR 24h,QOR40_USUAL_24H,ci_high,27.81165559889989,27.81165560103426,27.8116556010342,2.1343709022403345e-09,2.134310506107795e-09,2.7811655598899887e-05,True
QoR 24h,QOR40_USUAL_24H,se,1.8469539145673015,1.846953914638186,1.84695391463818,7.088440945324237e-11,7.08784142489094e-11,1.8469539145673013e-06,True
QoR 24h,QOR40_USUAL_24H,tau2,5.370931135434444,5.37093121501136,5.37093121501136,7.957691661175659e-08,7.957691661175659e-08,5.370931135434444e-06,True
QoR 24h,QOR40_USUAL_24H,I2,78.46502845689595,78.46502870725193,78.4650287072519,2.503559812794265e-07,2.5035595285771706e-07,0.007846502845689595,True
QoR 24h,QOR40_USUAL_24H,hk_q,1.000000011625554,1.0,,1.1625554074967681e-08,,1.000000011625554e-06,True
QoR 24h,QOR15_SHAM_24H,k,4,4,4,0,,0,True
QoR 24h,QOR15_SHAM_24H,N,327,327,327,0,,0,True
QoR 24h,QOR15_SHAM_24H,effect,7.4850233974090985,7.4850233972772,7.4850233972772,1.318989362175671e-10,1.318989362175671e-10,7.485023397409098e-06,True
QoR 24h,QOR15_SHAM_24H,ci_low,-0.7075324695161553,-0.7075324763428181,-0.707532476343194,6.826662790615501e-09,6.827038712131639e-09,1e-06,True
QoR 24h,QOR15_SHAM_24H,ci_high,15.677579264334351,15.67757927089722,15.6775792708976,6.562869359072465e-09,6.563247723079257e-09,1.567757926433435e-05,True
QoR 24h,QOR15_SHAM_24H,se,2.5742950802731315,2.574295082376785,2.5742950823769,2.1036536956842156e-09,2.1037687147895667e-09,2.5742950802731313e-06,True
QoR 24h,QOR15_SHAM_24H,tau2,20.986099085489172,20.98609912856653,20.9860991285689,4.3077356792764476e-08,4.3079726452788236e-08,2.098609908548917e-05,True
QoR 24h,QOR15_SHAM_24H,I2,80.07879650458703,80.07879653733244,80.0787965373342,3.274540461006836e-08,3.274716675605305e-08,0.008007879650458703,True
QoR 24h,QOR15_SHAM_24H,hk_q,0.9736873073154045,0.9736873056934274,,1.621977108179351e-09,,1e-06,True
QoR 24h,QOR40_SHAM_24H_WITHOUT_YAO_2015,k,1,1,1,0,,0,True
QoR 24h,QOR40_SHAM_24H_WITHOUT_YAO_2015,N,60,60,60,0,,0,True
QoR 24h,QOR40_SHAM_24H_WITHOUT_YAO_2015,effect,9.26000000000002,9.26000000000002,9.26000000000002,0.0,0.0,9.260000000000018e-06,True
QoR 24h,QOR40_SHAM_24H_WITHOUT_YAO_2015,ci_low,4.6697604427867585,4.669760442786759,4.66976044278676,8.881784197001252e-16,1.7763568394002505e-15,4.669760442786758e-06,True
QoR 24h,QOR40_SHAM_24H_WITHOUT_YAO_2015,ci_high,13.85023955721328,13.85023955721328,13.8502395572133,0.0,1.9539925233402755e-14,1.3850239557213279e-05,True
QoR 24h,QOR40_SHAM_24H_WITHOUT_YAO_2015,se,2.3420019925980706,2.342001992598071,2.34200199259807,4.440892098500626e-16,4.440892098500626e-16,2.3420019925980707e-06,True
QoR 24h,QOR40_SHAM_24H_WITHOUT_YU_2020,k,1,1,1,0,,0,True
QoR 24h,QOR40_SHAM_24H_WITHOUT_YU_2020,N,71,71,71,0,,0,True
QoR 24h,QOR40_SHAM_24H_WITHOUT_YU_2020,effect,11.699999999999989,11.69999999999999,11.7,1.7763568394002505e-15,1.0658141036401503e-14,1.1699999999999988e-05,True
QoR 24h,QOR40_SHAM_24H_WITHOUT_YU_2020,ci_low,5.828256876731946,5.828256876731951,5.82825687673195,4.440892098500626e-15,3.552713678800501e-15,5.828256876731946e-06,True
QoR 24h,QOR40_SHAM_24H_WITHOUT_YU_2020,ci_high,17.571743123268032,17.57174312326803,17.571743123268,3.552713678800501e-15,3.197442310920451e-14,1.757174312326803e-05,True
QoR 24h,QOR40_SHAM_24H_WITHOUT_YU_2020,se,2.9958423570961523,2.995842357096152,2.99584235709615,4.440892098500626e-16,2.220446049250313e-15,2.995842357096152e-06,True
QoR 24h,QOR40_USUAL_24H_WITHOUT_LIANG_2021,k,1,1,1,0,,0,True
QoR 24h,QOR40_USUAL_24H_WITHOUT_LIANG_2021,N,105,105,105,0,,0,True
QoR 24h,QOR40_USUAL_24H_WITHOUT_LIANG_2021,effect,6.299999999999983,6.299999999999983,6.29999999999998,0.0,2.6645352591003757e-15,6.299999999999983e-06,True
QoR 24h,QOR40_USUAL_24H_WITHOUT_LIANG_2021,ci_low,3.6221490429555665,3.622149042955567,3.62214904295557,4.440892098500626e-16,3.552713678800501e-15,3.6221490429555665e-06,True
QoR 24h,QOR40_USUAL_24H_WITHOUT_LIANG_2021,ci_high,8.9778509570444,8.9778509570444,8.9778509570444,0.0,0.0,8.9778509570444e-06,True
QoR 24h,QOR40_USUAL_24H_WITHOUT_LIANG_2021,se,1.3662755939226248,1.366275593922625,1.36627559392262,2.220446049250313e-16,4.6629367034256575e-15,1.3662755939226247e-06,True
QoR 24h,QOR40_USUAL_24H_WITHOUT_PAN_2023,k,1,1,1,0,,0,True
QoR 24h,QOR40_USUAL_24H_WITHOUT_PAN_2023,N,70,70,70,0,,0,True
QoR 24h,QOR40_USUAL_24H_WITHOUT_PAN_2023,effect,2.5999999999999943,2.599999999999994,2.59999999999999,4.440892098500626e-16,4.440892098500626e-15,2.599999999999994e-06,True
QoR 24h,QOR40_USUAL_24H_WITHOUT_PAN_2023,ci_low,0.5617989979727329,0.561798997972732,0.561798997972733,8.881784197001252e-16,1.1102230246251565e-16,1e-06,True
QoR 24h,QOR40_USUAL_24H_WITHOUT_PAN_2023,ci_high,4.638201002027255,4.638201002027255,4.63820100202726,0.0,4.440892098500626e-15,4.638201002027255e-06,True
QoR 24h,QOR40_USUAL_24H_WITHOUT_PAN_2023,se,1.0399175791516226,1.039917579151623,1.03991757915162,4.440892098500626e-16,2.6645352591003757e-15,1.0399175791516226e-06,True
QoR 24h,QOR15_SHAM_24H_WITHOUT_HOU_2023,k,3,3,3,0,,0,True
QoR 24h,QOR15_SHAM_24H_WITHOUT_HOU_2023,N,255,255,255,0,,0,True
QoR 24h,QOR15_SHAM_24H_WITHOUT_HOU_2023,effect,8.187380957528802,8.18738095601258,8.18738095601257,1.5162218147679596e-09,1.516232472908996e-09,8.187380957528801e-06,True
QoR 24h,QOR15_SHAM_24H_WITHOUT_HOU_2023,ci_low,-6.911799852926006,-6.911799946925678,-6.91179994692663,9.399967204615223e-08,9.400062417341815e-08,6.9117998529260056e-06,True
QoR 24h,QOR15_SHAM_24H_WITHOUT_HOU_2023,ci_high,23.28656176798361,23.28656185895081,23.2865618589518,9.096720177126372e-08,9.096818942566642e-08,2.328656176798361e-05,True
QoR 24h,QOR15_SHAM_24H_WITHOUT_HOU_2023,se,3.5092724788258742,3.50927250032039,3.50927250032061,2.14945159449087e-08,2.1494735769067574e-08,3.509272478825874e-06,True
QoR 24h,QOR15_SHAM_24H_WITHOUT_HOU_2023,tau2,30.879715273811584,30.87971572476607,30.8797157247707,4.5095448442111774e-07,4.509591171597549e-07,3.087971527381158e-05,True
QoR 24h,QOR15_SHAM_24H_WITHOUT_HOU_2023,I2,84.25844872525548,84.25844891895136,84.2584489189533,1.9369588244444458e-07,1.9369782933154056e-07,0.008425844872525548,True
QoR 24h,QOR15_SHAM_24H_WITHOUT_HOU_2023,hk_q,0.9744341205011476,0.974434108317046,,1.2184101616519172e-08,,1e-06,True
QoR 24h,QOR15_SHAM_24H_WITHOUT_WU_2025,k,3,3,3,0,,0,True
QoR 24h,QOR15_SHAM_24H_WITHOUT_WU_2025,N,227,227,227,0,,0,True
QoR 24h,QOR15_SHAM_24H_WITHOUT_WU_2025,effect,4.908483981755616,4.908483981755616,4.90848398175562,0.0,4.440892098500626e-15,4.908483981755616e-06,True
QoR 24h,QOR15_SHAM_24H_WITHOUT_WU_2025,ci_low,-0.800691457185625,-0.8006914571856338,-0.800691457185627,8.881784197001252e-15,1.9984014443252818e-15,1e-06,True
QoR 24h,QOR15_SHAM_24H_WITHOUT_WU_2025,ci_high,10.617659420696857,10.61765942069686,10.6176594206969,3.552713678800501e-15,4.263256414560601e-14,1.0617659420696856e-05,True
QoR 24h,QOR15_SHAM_24H_WITHOUT_WU_2025,se,1.3268966373852995,1.3268966373853,1.3268966373853,4.440892098500626e-16,4.440892098500626e-16,1.3268966373852995e-06,True
QoR 24h,QOR15_SHAM_24H_WITHOUT_WU_2025,tau2,0.0,6.29366287612e-15,0.0,6.29366287612e-15,0.0,1e-06,True
QoR 24h,QOR15_SHAM_24H_WITHOUT_WU_2025,I2,0.0,1.13173878088e-13,0.0,1.13173878088e-13,0.0,0.0001,True
QoR 24h,QOR15_SHAM_24H_WITHOUT_WU_2025,hk_q,0.060068846219724296,0.0600688462197242,,9.71445146547012e-17,,1e-06,True
QoR 24h,QOR15_SHAM_24H_WITHOUT_XING_2022,k,3,3,3,0,,0,True
QoR 24h,QOR15_SHAM_24H_WITHOUT_XING_2022,N,269,269,269,0,,0,True
QoR 24h,QOR15_SHAM_24H_WITHOUT_XING_2022,effect,8.210972784796011,8.210972784401195,8.2109727844012,3.9481662383877847e-10,3.9481129476826027e-10,8.21097278479601e-06,True
QoR 24h,QOR15_SHAM_24H_WITHOUT_XING_2022,ci_low,-6.178239326150317,-6.178239325960941,-6.17823932596094,1.893756262916213e-10,1.893774026484607e-10,6.178239326150317e-06,True
QoR 24h,QOR15_SHAM_24H_WITHOUT_XING_2022,ci_high,22.600184895742338,22.60018489476331,22.6001848947633,9.790284138944116e-10,9.79039072035448e-10,2.2600184895742336e-05,True
QoR 24h,QOR15_SHAM_24H_WITHOUT_XING_2022,se,3.3442652741775407,3.344265274041763,3.34426527404177,1.3577761137639754e-10,1.3577050594903994e-10,3.3442652741775406e-06,True
QoR 24h,QOR15_SHAM_24H_WITHOUT_XING_2022,tau2,29.026944730927323,29.02694389042503,29.0269438904251,8.405022917656879e-07,8.40502224264128e-07,2.902694473092732e-05,True
QoR 24h,QOR15_SHAM_24H_WITHOUT_XING_2022,I2,86.79685566576269,86.79685533393017,86.7968553339302,3.318325241252751e-07,3.3183249570356566e-07,0.00867968556657627,True
QoR 24h,QOR15_SHAM_24H_WITHOUT_XING_2022,hk_q,1.0031867078751502,1.003186733005011,,2.512986085889679e-08,,1.0031867078751501e-06,True
QoR 24h,QOR15_SHAM_24H_WITHOUT_ZHOU_2025,k,3,3,3,0,,0,True
QoR 24h,QOR15_SHAM_24H_WITHOUT_ZHOU_2025,N,230,230,230,0,,0,True
QoR 24h,QOR15_SHAM_24H_WITHOUT_ZHOU_2025,effect,8.544597823845443,8.544597825418332,8.54459782541833,1.572889374301667e-09,1.5728875979448276e-09,8.544597823845442e-06,True
QoR 24h,QOR15_SHAM_24H_WITHOUT_ZHOU_2025,ci_low,-5.711961311385249,-5.711961227243821,-5.71196122724388,8.414142804724634e-08,8.414136853929222e-08,5.711961311385249e-06,True
QoR 24h,QOR15_SHAM_24H_WITHOUT_ZHOU_2025,ci_high,22.801156959076135,22.80115687808046,22.8011568780805,8.099567594399559e-08,8.099563331143145e-08,2.2801156959076135e-05,True
QoR 24h,QOR15_SHAM_24H_WITHOUT_ZHOU_2025,se,3.3134347647110327,3.313434745520883,3.3134347455209,1.919014991358381e-08,1.9190132594104625e-08,3.3134347647110327e-06,True
QoR 24h,QOR15_SHAM_24H_WITHOUT_ZHOU_2025,tau2,27.029050258181556,27.0290498785147,27.029049878515,3.796668543998294e-07,3.7966655597188037e-07,2.7029050258181556e-05,True
QoR 24h,QOR15_SHAM_24H_WITHOUT_ZHOU_2025,I2,82.85482345574493,82.85482325620417,82.8548232562043,1.9954076435624302e-07,1.9954063645855058e-07,0.008285482345574495,True
QoR 24h,QOR15_SHAM_24H_WITHOUT_ZHOU_2025,hk_q,0.9800569564407122,0.9800569679399239,,1.149921169396606e-08,,1e-06,True
QoR 24h,QOR15_WU_DENOMINATOR_STRESS,k,4,4,4,0,,0,True
QoR 24h,QOR15_WU_DENOMINATOR_STRESS,N,324,324,324,0,,0,True
QoR 24h,QOR15_WU_DENOMINATOR_STRESS,effect,7.475845294355261,7.475845295725715,7.47584529572571,1.370453972526775e-09,1.3704495316346765e-09,7.475845294355261e-06,True
QoR 24h,QOR15_WU_DENOMINATOR_STRESS,ci_low,-0.6980303362771485,-0.6980302560721876,-0.698030256072329,8.020496089500284e-08,8.02048194525895e-08,1e-06,True
QoR 24h,QOR15_WU_DENOMINATOR_STRESS,ci_high,15.649720924987669,15.64972084752362,15.6497208475238,7.746404939723561e-08,7.7463868208838e-08,1.5649720924987668e-05,True
QoR 24h,QOR15_WU_DENOMINATOR_STRESS,se,2.5684253076199903,2.568425282848321,2.56842528284836,2.4771669160372767e-08,2.477163052461151e-08,2.5684253076199903e-06,True
QoR 24h,QOR15_WU_DENOMINATOR_STRESS,tau2,20.831930399079457,20.83192989296975,20.8319298929706,5.061097070324649e-07,5.061088579338957e-07,2.0831930399079456e-05,True
QoR 24h,QOR15_WU_DENOMINATOR_STRESS,I2,79.841659713275,79.84165932225454,79.8416593222552,3.9102046400785184e-07,3.9101981030853494e-07,0.0079841659713275,True
QoR 24h,QOR15_WU_DENOMINATOR_STRESS,hk_q,0.9759059908206967,0.9759060099643649,,1.9143668206211828e-08,,1e-06,True
QoR later,QOR40_SHAM_POD2,k,1,1,1,0,,0,True
QoR later,QOR40_SHAM_POD2,N,60,60,,0,,0,True
QoR later,QOR40_SHAM_POD2,effect,3.670000000000016,3.670000000000016,3.67000000000002,0.0,3.9968028886505635e-15,3.6700000000000157e-06,True
QoR later,QOR40_SHAM_POD2,ci_low,0.8327081346889611,0.8327081346889615,0.832708134688961,4.440892098500626e-16,1.1102230246251565e-16,1e-06,True
QoR later,QOR40_SHAM_POD2,ci_high,6.507291865311071,6.50729186531107,6.50729186531107,8.881784197001252e-16,8.881784197001252e-16,6.507291865311071e-06,True
QoR later,QOR40_SHAM_POD2,se,1.447624490904553,1.447624490904553,1.44762449090455,0.0,3.1086244689504383e-15,1.4476244909045529e-06,True
QoR later,QOR40_USUAL_48H,k,1,1,1,0,,0,True
QoR later,QOR40_USUAL_48H,N,70,70,,0,,0,True
QoR later,QOR40_USUAL_48H,effect,2.0,2.0,2.0,0.0,0.0,2e-06,True
QoR later,QOR40_USUAL_48H,ci_low,0.8235550437385772,0.8235550437385777,0.823555043738577,4.440892098500626e-16,2.220446049250313e-16,1e-06,True
QoR later,QOR40_USUAL_48H,ci_high,3.176444956261423,3.176444956261422,3.17644495626142,8.881784197001252e-16,3.1086244689504383e-15,3.176444956261423e-06,True
QoR later,QOR40_USUAL_48H,se,0.6002380480157138,0.6002380480157138,0.600238048015714,0.0,2.220446049250313e-16,1e-06,True
QoR later,QOR15_SHAM_POD2,k,1,1,1,0,,0,True
QoR later,QOR15_SHAM_POD2,N,97,97,,0,,0,True
QoR later,QOR15_SHAM_POD2,effect,3.8599999999999994,3.859999999999999,3.86,4.440892098500626e-16,4.440892098500626e-16,3.8599999999999995e-06,True
QoR later,QOR15_SHAM_POD2,ci_low,-0.08754966270633258,-0.08754966270633124,-0.0875496627063321,1.3322676295501878e-15,4.718447854656915e-16,1e-06,True
QoR later,QOR15_SHAM_POD2,ci_high,7.807549662706331,7.807549662706329,7.80754966270633,2.6645352591003757e-15,1.7763568394002505e-15,7.807549662706332e-06,True
QoR later,QOR15_SHAM_POD2,se,2.0140929597911494,2.014092959791149,2.01409295979115,4.440892098500626e-16,4.440892098500626e-16,2.0140929597911494e-06,True
QoR later,QOR15_SHAM_POD3,k,2,2,2,0,,0,True
QoR later,QOR15_SHAM_POD3,N,130,130,,0,,0,True
QoR later,QOR15_SHAM_POD3,effect,11.54334934941281,11.54334934800724,11.5433493480072,1.4055707708848786e-09,1.4056116270921848e-09,1.154334934941281e-05,True
QoR later,QOR15_SHAM_POD3,ci_low,-40.69717449308719,-40.69717427985977,-40.6971742798598,2.13227416168138e-07,2.1322738774642858e-07,4.069717449308719e-05,True
QoR later,QOR15_SHAM_POD3,ci_high,63.78387319191282,63.78387297587425,63.7838729758743,2.1603856481533512e-07,2.1603851507734362e-07,6.378387319191281e-05,True
QoR later,QOR15_SHAM_POD3,se,4.111418391816929,4.111418374924945,4.11141837492495,1.6891983811717637e-08,1.689197848264712e-08,4.111418391816928e-06,True
QoR later,QOR15_SHAM_POD3,tau2,27.75237652252827,27.75237624521075,27.7523762452108,2.7731751828241613e-07,2.7731746854442463e-07,2.775237652252827e-05,True
QoR later,QOR15_SHAM_POD3,I2,81.94651726199884,81.94651711416677,81.9465171141668,1.4783206836455065e-07,1.4783203994284122e-07,0.008194651726199884,True
QoR later,QOR15_SHAM_POD3,hk_q,0.9999999918114385,1.0,,8.188561495536817e-09,,1e-06,True
QoR later,QOR15_SHAM_POD3_WITHOUT_HOU_2023,k,1,1,1,0,,0,True
QoR later,QOR15_SHAM_POD3_WITHOUT_HOU_2023,N,58,58,,0,,0,True
QoR later,QOR15_SHAM_POD3_WITHOUT_HOU_2023,effect,15.829999999999998,15.83,15.83,1.7763568394002505e-15,1.7763568394002505e-15,1.583e-05,True
QoR later,QOR15_SHAM_POD3_WITHOUT_HOU_2023,ci_low,10.452850820863919,10.45285082086392,10.4528508208639,1.7763568394002505e-15,1.9539925233402755e-14,1.0452850820863918e-05,True
QoR later,QOR15_SHAM_POD3_WITHOUT_HOU_2023,ci_high,21.207149179136078,21.20714917913608,21.2071491791361,3.552713678800501e-15,2.1316282072803006e-14,2.1207149179136077e-05,True
QoR later,QOR15_SHAM_POD3_WITHOUT_HOU_2023,se,2.743493871086585,2.743493871086585,2.74349387108659,0.0,4.884981308350689e-15,2.743493871086585e-06,True
QoR later,QOR15_SHAM_POD3_WITHOUT_XING_2022,k,1,1,1,0,,0,True
QoR later,QOR15_SHAM_POD3_WITHOUT_XING_2022,N,72,72,,0,,0,True
QoR later,QOR15_SHAM_POD3_WITHOUT_XING_2022,effect,7.599999999999994,7.599999999999994,7.59999999999999,0.0,4.440892098500626e-15,7.599999999999994e-06,True
QoR later,QOR15_SHAM_POD3_WITHOUT_XING_2022,ci_low,3.35027155964812,3.35027155964812,3.35027155964812,0.0,0.0,3.3502715596481197e-06,True
QoR later,QOR15_SHAM_POD3_WITHOUT_XING_2022,ci_high,11.849728440351868,11.84972844035187,11.8497284403519,1.7763568394002505e-15,3.197442310920451e-14,1.1849728440351868e-05,True
QoR later,QOR15_SHAM_POD3_WITHOUT_XING_2022,se,2.1682686385429477,2.168268638542948,2.16826863854295,4.440892098500626e-16,2.220446049250313e-15,2.1682686385429477e-06,True
