priority,study,outcome,timepoint,outcome_family,rows,data_type,analysed_n_i,analysed_n_c,randomised_n_i,randomised_n_c,intervention,comparator,source_location,source_qc,eligibility,status
1 - inside a fitted model,Chen 2015,PONV incidence,0-24 h,PONV,1,Events/total,41,42,42,42,Preoperative TEAS,Electrodes/device with no stimulation,Table 3 / PONV,Use analyzed denominators 41 and 42.,INCLUDE,ROB2_RESULT_SPECIFIC_PENDING
1 - inside a fitted model,Chen 2015 (Hyperalgesia),PONV incidence,0-24 h,PONV,1,Events/total,29,30,30,30,Preoperative TEAS,Electrodes/no-current sham,Table 2 / PONV,Use 29 analyzed TEAS and 30 control; one TEAS protocol-breach exclusion.,INCLUDE,ROB2_RESULT_SPECIFIC_PENDING
1 - inside a fitted model,Gao 2021,Time to first bowel sounds,Postoperative,GI recovery,1,Mean/SD,303.0,307.0,303.0,307.0,Postoperative TEAS,Sham/no-current TEAS,p. 1623; Table III,NOT REPORTED,INCLUDE,ROB2_RESULT_SPECIFIC_PENDING
1 - inside a fitted model,Gao 2021,Time to first defecation,Postoperative,GI recovery,1,Mean/SD,303,307,303,307,Postoperative TEAS,Sham/no-current TEAS,GI recovery outcomes,Full randomized sample retained; participant awareness may influence self-reported GI milestones,INCLUDE,ROB2_RESULT_SPECIFIC_PENDING
1 - inside a fitted model,Gao 2021,Time to first flatus,Postoperative,GI recovery,1,Mean/SD,303,307,303,307,Postoperative TEAS,Sham/no-current TEAS,GI recovery outcomes,Full randomized sample retained; participant awareness may influence self-reported GI milestones,INCLUDE,ROB2_RESULT_SPECIFIC_PENDING
1 - inside a fitted model,Gu 2019,Time to first bowel sounds,Postoperative,GI recovery,1,Mean/SD,58,59,60,60,Long-duration TEAS,Sham/no-current TEAS,GI recovery table,First flatus/defecation were patient self-recorded; bowel sounds were nurse-assessed,INCLUDE,ROB2_RESULT_SPECIFIC_PENDING
1 - inside a fitted model,Gu 2019,Time to first defecation,Postoperative,GI recovery,1,Mean/SD,58,59,60,60,Long-duration TEAS,Sham/no-current TEAS,GI recovery table,First flatus/defecation were patient self-recorded; bowel sounds were nurse-assessed,INCLUDE,ROB2_RESULT_SPECIFIC_PENDING
1 - inside a fitted model,Gu 2019,VAS pain intensity,24 h,Pain,1,Mean/SD,58,59,60,60,Long-duration TEAS,Sham/no-current TEAS,Figure 3 / 24-h VAS,Three randomized patients excluded; active 5-30 mA stimulation vs sham no current with no blinding-success assessment,INCLUDE,ROB2_RESULT_SPECIFIC_PENDING
1 - inside a fitted model,Guo 2023,Remifentanil consumption,Intraoperative,Intraoperative opioid,1,Mean/SD,55,55,64,64,Perioperative TEAS,Sham/no-current TEAS,Perioperative anesthetic table,Complete-case n=55/group,INCLUDE,ROB2_RESULT_SPECIFIC_PENDING
1 - inside a fitted model,He 2026 (hepatectomy/JIS),PONV incidence,0-24 h,PONV,1,Events/total,80,79,81,80,Intraoperative PC6 TEAS,No-current PC6 control,Primary PONV outcome / mITT,Primary trial outcome; no meaningful between-group difference,INCLUDE,ROB2_RESULT_SPECIFIC_PENDING
1 - inside a fitted model,Huang 2025,Time to first defecation,Postoperative,GI recovery,1,Mean/SD,43,45,51,50,Postoperative EA + ERAS,ERAS/standard care,Co-primary outcome / first defecation,Same post-randomization exclusion and no-sham concerns apply,INCLUDE,ROB2_RESULT_SPECIFIC_PENDING
1 - inside a fitted model,Lee 2011,VAS pain intensity,24 h,Pain,1,Mean/SD,10,12,12,12,Low-frequency dense-sparse SSP,Sham SSP,24-h VAS table,Rest vs movement not reported; two low-frequency participants excluded because unable to complete VAS,INCLUDE,ROB2_RESULT_SPECIFIC_PENDING
1 - inside a fitted model,Liang 2021,Global QoR-40,24 h (T11),Quality of recovery,1,Mean/SD,35,35,37,38,Preoperative TEAS,Control/no stimulation,Table 4; Results 3.3; Methods 2.7 (T11 definition),"T11 is defined in the source as postoperative 24 hours. Analysis N 35/35 taken from the CONSORT flow diagram (Figure 2), against 37/38 allocated.",INCLUDE,ROB2_RESULT_SPECIFIC_PENDING
1 - inside a fitted model,Liang 2021,Remifentanil consumption,Intraoperative,Intraoperative opioid,1,Mean/SD,35.0,35.0,37.0,38.0,Preoperative TEAS,Control/no stimulation,"Evidence-Based Complementary and Alternative Medicine 2021, Table 1; Table 1",Table 1 gives no outcome-specific P value and states baseline/intraoperative variables did not significantly differ.,INCLUDE,ROB2_RESULT_SPECIFIC_PENDING
1 - inside a fitted model,Liang 2021,Sufentanil consumption,Intraoperative,Intraoperative opioid,1,Mean/SD,35.0,35.0,37.0,38.0,Preoperative TEAS,Control/no stimulation,"Evidence-Based Complementary and Alternative Medicine 2021, Table 1; Table 1",Table 1 gives no outcome-specific P value and states baseline/intraoperative variables did not significantly differ.,INCLUDE,ROB2_RESULT_SPECIFIC_PENDING
1 - inside a fitted model,Lu 2021,Total remifentanil,Intraoperative,Intraoperative opioid,2,Mean/SD,190,188,190,188,Combined PC6+CV17 TEAS,Sham/no current,Table 3 / intraoperative remifentanil,Three-arm trial; sham is a shared comparator,INCLUDE,ROB2_RESULT_SPECIFIC_PENDING
1 - inside a fitted model,Lu 2022,Time to first defecation,Postoperative,GI recovery,1,Mean/SD,47,47,50,50,TEAS + ERAS,No-current control + ERAS,First defecation result,Same 6 post-randomization exclusions apply,INCLUDE,ROB2_RESULT_SPECIFIC_PENDING
1 - inside a fitted model,Lu 2022,Time to first flatus,Postoperative,GI recovery,1,Mean/SD,47,47,50,50,TEAS + ERAS,No-current control + ERAS,First flatus result,Same 6 post-randomization exclusions apply,INCLUDE,ROB2_RESULT_SPECIFIC_PENDING
1 - inside a fitted model,Ng 2013,Time to first bowel motion / defecation,Postoperative,GI recovery,2,Mean/SD,55,55,55,55,Electroacupuncture,Sham acupuncture,Primary outcome / first bowel motion,Allocation used sealed nonopaque envelopes; EA-vs-sham participants and outcome assessors were blinded,INCLUDE,ROB2_RESULT_SPECIFIC_PENDING
1 - inside a fitted model,Ntritsou 2014,Remifentanil consumption,Intraoperative,Intraoperative opioid,1,Mean/SD,35,35,37,38,Perioperative EA + tramadol/ketamine,Sham + tramadol/ketamine,Table 1 / remifentanil,No significant intraoperative opioid-sparing effect,INCLUDE,ROB2_RESULT_SPECIFIC_PENDING
1 - inside a fitted model,Pan 2023,Intraoperative remifentanil,Intraoperative,Intraoperative opioid,1,Mean/SD,52,53,53,52,TEAS,Control/usual care,"Table 2 (Duration Remifentanil, ug)","Analysis Ns taken from the Table 2 column headers (Group T N=52, Group C N=53) against 105 randomized, i.e. post-randomization exclusions occurred. Existing RoB 2 concern for this trial is retained and NOT downgraded by this addition.",INCLUDE,ROB2_RESULT_SPECIFIC_PENDING
1 - inside a fitted model,Pan 2023,Total QoR-40 score,24 h after operation,Quality of recovery,1,Mean/SD,52.0,53.0,52.0,53.0,Group T — TEAS,Group C — control,p. 816; Table 10,NOT REPORTED,INCLUDE,ROB2_RESULT_SPECIFIC_PENDING
1 - inside a fitted model,Song 2020,Total intraoperative sufentanil consumption,Intraoperative,Intraoperative opioid,1,Mean/SD,42,43,42,43,Perioperative TEAS: PC6/HT7 preoperatively; PC6/HT7/ST36/LI4 postoperatively (2/10 Hz; 30-min sessions),Active nonacupoint electrical stimulation with matched timing/frequency,Table 1,Authors report 85 in ITT and 78 PP; Table 3/Table 2 retain original 42/43 group denominators. Active nonacupoint stimulation was used to preserve masking.,INCLUDE,ROB2_RESULT_SPECIFIC_PENDING
1 - inside a fitted model,Wang 2023,Time to first flatus,Postoperative,GI recovery,1,Mean/SD,40,43,43,45,Nighttime TEAS,Sham/no current,Table 1 / postoperative first flatus,5/88 randomized participants excluded for protocol breaches; no full ITT,INCLUDE,ROB2_RESULT_SPECIFIC_PENDING
1 - inside a fitted model,Wang 2024,Total sufentanil,Intraoperative,Intraoperative opioid,2,Mean/SD,33,35,35,35,SNVP: ondansetron+dexamethasone+TEAS,SNVP: ondansetron+dexamethasone,Table 1 / SNVP sufentanil,No intraoperative opioid-sparing effect,INCLUDE,ROB2_RESULT_SPECIFIC_PENDING
1 - inside a fitted model,Wu 2022,Cumulative remifentanil,Intraoperative,Intraoperative opioid,1,Mean/SD,44,40,45,45,Perioperative pTEAS,No-current control,Table 2 / cumulative remifentanil,Complete-case analysis with asymmetric attrition,INCLUDE,ROB2_RESULT_SPECIFIC_PENDING
1 - inside a fitted model,Xing 2022,Time to first flatus,Postoperative,GI recovery,1,Mean/SD,29,29,30,30,TEAS + active TAPB,Sham TEAS + active TAPB,Postoperative recovery results,Three-arm study; use NTG vs NG for incremental TEAS effect,INCLUDE,ROB2_RESULT_SPECIFIC_PENDING
1 - inside a fitted model,Xing 2022,Total remifentanil consumption,Intraoperative,Intraoperative opioid,1,Mean/SD,29,29,30,30,TEAS + active TAPB,Sham TEAS + active TAPB,"Table 3, p10",Direct TEAS contrast is NTG vs NG; do not attribute NTG-vs-G combined package entirely to TEAS,INCLUDE,ROB2_RESULT_SPECIFIC_PENDING
1 - inside a fitted model,Yang 2020,Time to first defecation,Postoperative,GI recovery,1,Mean/SD,29,28,30,29,EA + usual care,Usual care,Abstract Results; GI recovery table,Analysis Ns mirror the existing v32 first-flatus row for this trial (29/28 of 30/29 randomized; 57 of 59 completed). Open-label design; existing RoB concern retained.,INCLUDE,ROB2_RESULT_SPECIFIC_PENDING
1 - inside a fitted model,Yang 2024,Time to first defecation,Postoperative,GI recovery,1,Mean/SD,90,90,90,90,Perioperative EA + usual care,Usual care,Table 2 / primary first-defecation outcome,Open-label participants; outcome assessor blinded,INCLUDE,ROB2_RESULT_SPECIFIC_PENDING
1 - inside a fitted model,Yang 2024,Time to first flatus,Postoperative,GI recovery,1,Mean/SD,90,90,90,90,Perioperative EA + usual care,Usual care,Table 2 / primary first-flatus outcome,Open-label participants; outcome assessor blinded,INCLUDE,ROB2_RESULT_SPECIFIC_PENDING
1 - inside a fitted model,Zheng 2025,Time to first flatus,Postoperative,GI recovery,1,Mean/SD,42.0,43.0,44.0,44.0,Perioperative TEAS,Sham/no current,Journal of Pain Research 2025;18:6457–6458; Table 3,Table note specifies mean (SD) for these rows.,INCLUDE,ROB2_RESULT_SPECIFIC_PENDING
1 - inside a fitted model,Zheng 2025,Total intraoperative remifentanil consumption,Intraoperative,Intraoperative opioid,1,Mean/SD,42,43,44,44,Perioperative TEAS,Sham/no current,"Table 3, p9",Not a postoperative endpoint,INCLUDE,ROB2_RESULT_SPECIFIC_PENDING
1 - inside a fitted model,Zhou 2025,Time to first flatus,Postoperative,GI recovery,1,Mean/SD,48,49,50,50,PACU TEAS,Sham/no current,Postoperative recovery-time table,Ascertainment mechanism should be considered in RoB because participant sensory blinding may be imperfect,INCLUDE,ROB2_RESULT_SPECIFIC_PENDING
1 - inside a fitted model,Zhu 2022,Intraoperative remifentanil,Intraoperative,Intraoperative opioid,3,Mean/SD,101,101,103,104,EA day before surgery,Usual care alone,Table 1 (Intraoperative remifentanil),Table 1 baseline/anaesthesia parameter with a single 4-group omnibus P (0.948).,INCLUDE,ROB2_RESULT_SPECIFIC_PENDING
1 - inside a fitted model,Zhu 2022,Intraoperative sufentanil,Intraoperative,Intraoperative opioid,3,Mean/SD,101,101,103,104,EA day before surgery,Usual care alone,Table 1 (Intraoperative sufentanil),"Reported in Table 1 among baseline/anaesthesia parameters, with a single 4-group omnibus P (0.892); no pairwise contrast is reported. Do not enter more than one Zhu 2022 contrast into a pairwise model without splitting the shared control.",INCLUDE,ROB2_RESULT_SPECIFIC_PENDING
2 - not currently pooled,An 2014,Exact cumulative postoperative fentanyl,0-24 h,Opioid consumption,1,Not reported,41,40,45,43,Intraoperative electroacupuncture,No acupuncture control,PCIA results,Published bolus activity is split 0-6 h and 6-48 h; exact 0-24-h fentanyl cannot be reconstructed.,NOT REPORTED,ROB2_RESULT_SPECIFIC_PENDING
2 - not currently pooled,Ao 2021,Cumulative postoperative sufentanil,Exact 0-24 h,Opioid consumption,1,Not reported,32,33,35,35,TEAS,Sham/no current,Article reports 48-h PCA framework only,PCA followed for 48 h; no extractable cumulative 0-24-h total,NOT REPORTED,ROB2_RESULT_SPECIFIC_PENDING
2 - not currently pooled,Ao 2021,VAS pain intensity,24 h postoperatively,Pain,1,Graph-digitized mean/SD,32,33,35,35,TEAS,Sham/no current,Figure-only 24-h VAS,"Exact values are graph-digitized, not numerically tabulated by authors",CONDITIONAL,ROB2_RESULT_SPECIFIC_PENDING
2 - not currently pooled,Chen 2015,Cumulative rescue IV morphine dose derived from fixed 2-mg rescue administrations,0-24 h,Opioid consumption,1,Median/IQR,41,42,42,42,Preoperative TEAS,Electrodes/device with no stimulation,Methods + Table 3,"Source reports rescue-administration count 1 (1-3) vs 3.5 (2-7); each rescue administration was fixed at morphine 2 mg. Linear conversion to mg is exact, but the source itself reports counts rather than dose.",NARRATIVE ONLY,ROB2_RESULT_SPECIFIC_PENDING
2 - not currently pooled,Chen 2015 (Hyperalgesia),Cumulative number of rescue sufentanil PCIA boluses,0-24 h,Opioid demand,1,Median/IQR,29,30,30,30,Preoperative TEAS,Electrodes/no-current sham,Table 2 / cumulative rescue analgesia,One TEAS participant excluded for protocol breach. Do not convert using group-average body weight to absolute µg.,NARRATIVE ONLY,ROB2_RESULT_SPECIFIC_PENDING
2 - not currently pooled,Chen 2015 (Hyperalgesia),Derived cumulative sufentanil dose from fixed 0.05 µg/kg bolus,0-24 h,Opioid consumption,1,Median/IQR,29,30,30,30,Preoperative TEAS,Electrodes/no-current sham,PCIA protocol + Table 2,Exact linear conversion from 0.05 µg/kg per bolus × reported bolus count. Do not convert to absolute µg or MME without individual body weights.,NARRATIVE ONLY,ROB2_RESULT_SPECIFIC_PENDING
2 - not currently pooled,Chen 2020,VAS pain intensity,24 h postoperatively,Pain,1,Mean/SD,40,40,40,40,Perioperative TEAS,Sham low/zero-current protocol,24-h VAS result,Patient blinding adequacy depends on sensory contrast of sham protocol,INCLUDE,ROB2_RESULT_SPECIFIC_PENDING
2 - not currently pooled,Gao 2021,30-day postoperative complications,0–30 days,Adverse events,1,Source not accessed,,,,,TEAS,Sham,Appendix 2 / Supplementary Table S4,Main paper directs exact values to unaccessed supplement. Not equivalent to NOT REPORTED.,SOURCE NOT ACCESSED,ROB2_RESULT_SPECIFIC_PENDING
2 - not currently pooled,Gao 2021,Abdominal pain score,Postoperative 72 h,Pain,1,Mean/SD,303.0,307.0,303.0,307.0,Postoperative TEAS,Sham/no-current TEAS,p. 1623; Table III,Main article states symptom scores/vomiting were assessed at postoperative 72 h.,HOLD,ROB2_RESULT_SPECIFIC_PENDING
2 - not currently pooled,Gao 2021,Distention score,Postoperative 72 h,GI symptoms,1,Mean/SD,303.0,307.0,303.0,307.0,Postoperative TEAS,Sham/no-current TEAS,p. 1623; Table III,Main article states symptom scores/vomiting were assessed at postoperative 72 h.,HOLD,ROB2_RESULT_SPECIFIC_PENDING
2 - not currently pooled,Gao 2021,Exact cumulative postoperative opioid consumption,0-24 h,Opioid consumption,1,Not reported,303,307,303,307,Postoperative TEAS,Sham/no-current TEAS,Postoperative analgesia section,"Main article reports only whether postoperative analgesia was used, not drug-specific dose/route/PCA consumption",NOT REPORTED,ROB2_RESULT_SPECIFIC_PENDING
2 - not currently pooled,Gao 2021,Nausea score,Postoperative 72 h,PONV,1,Mean/SD,303.0,307.0,303.0,307.0,Postoperative TEAS,Sham/no-current TEAS,p. 1623; Table III,Main article states symptom scores/vomiting were assessed at postoperative 72 h.,HOLD,ROB2_RESULT_SPECIFIC_PENDING
2 - not currently pooled,Gao 2021,Number of vomiting episodes,Postoperative 72 h,PONV,1,Mean/SD,303.0,307.0,303.0,307.0,Postoperative TEAS,Sham/no-current TEAS,p. 1623; Table III,Main article states symptom scores/vomiting were assessed at postoperative 72 h.,INCLUDE,ROB2_RESULT_SPECIFIC_PENDING
2 - not currently pooled,Gao 2021,Postoperative paralytic ileus: no flatus >72 h,Postoperative,GI recovery,1,Events/total,303,307,303,307,Postoperative TEAS,Sham/no-current TEAS,Primary POI outcome,Full ITT of all 610 randomized; participant sensory masking limited because active TEAS was perceptible,INCLUDE,ROB2_RESULT_SPECIFIC_PENDING
2 - not currently pooled,Gao 2021,Time to resume normal diet,Postoperative,GI recovery,1,Mean/SD,303,307,303,307,Postoperative TEAS,Sham/no-current TEAS,GI recovery outcomes,Full randomized sample retained; participant awareness may influence self-reported GI milestones,INCLUDE,ROB2_RESULT_SPECIFIC_PENDING
2 - not currently pooled,Gao 2021,Total hospital length of stay,Total admission,Length of stay,1,Source not accessed,,,,,TEAS,Sham,Appendix 2 / Supplementary Table S4,Main paper directs exact values to unaccessed supplement. Not equivalent to NOT REPORTED.,SOURCE NOT ACCESSED,ROB2_RESULT_SPECIFIC_PENDING
2 - not currently pooled,Gao 2022,24 h postoperative pain VAS score,0-24 h / 24 h assessment,Pain,1,Mean/SD,827,828,827,828,"Postoperative TEAS at bilateral P6/ST36 (2/10 Hz, 30 min ×2)",No-current sham with identical electrode/device setup,Table 3 / 24 h pain VAS,Patient-reported subjective outcome; the authors state patients could not be fully blinded because true stimulation was perceptible. Outcome-specific RoB should be assessed separately from the opioid result.,INCLUDE,ROB2_RESULT_SPECIFIC_PENDING
2 - not currently pooled,Gao 2022,Any postoperative nausea and/or retching and/or vomiting,0-24 h,PONV,1,Events/total,827,828,827,828,"Postoperative TEAS at bilateral P6/ST36 (2/10 Hz, 30 min ×2)",No-current sham with identical electrode/device setup,Table 3 / primary 24 h PONV outcome,Use raw events/total for unadjusted RR. The composite includes subjective nausea and patients were not fully blinded to stimulation sensation; outcome-specific RoB may be higher than for the objective opioid result.,INCLUDE,ROB2_RESULT_SPECIFIC_PENDING
2 - not currently pooled,Gao 2022,Intraoperative remifentanil dose,Intraoperative,Intraoperative opioid,1,Median/IQR,827,828,827,828,"Postoperative TEAS at bilateral P6/ST36 (2/10 Hz, 30 min ×2)",No-current sham with identical electrode/device setup,Table 2 / intraoperative remifentanil,Preserve native median/IQR; do not relabel as mean/SD.,NARRATIVE ONLY,ROB2_RESULT_SPECIFIC_PENDING
2 - not currently pooled,Gao 2022,Intraoperative sufentanil dose,Intraoperative,Intraoperative opioid,1,Median/IQR,827,828,827,828,"Postoperative TEAS at bilateral P6/ST36 (2/10 Hz, 30 min ×2)",No-current sham with identical electrode/device setup,Table 2 / intraoperative sufentanil,Preserve native median/IQR; do not relabel as mean/SD.,NARRATIVE ONLY,ROB2_RESULT_SPECIFIC_PENDING
2 - not currently pooled,Gao 2022,Persistent nausea (>5 min),0-24 h,PONV,1,Events/total,827,828,827,828,"Postoperative TEAS at bilateral P6/ST36 (2/10 Hz, 30 min ×2)",No-current sham with identical electrode/device setup,Table 3 / persistent nausea,Subjective nausea outcome with imperfect participant blinding; keep separate from composite PONV and vomiting.,INCLUDE,ROB2_RESULT_SPECIFIC_PENDING
2 - not currently pooled,Gao 2022,Postoperative vomiting incidence,0-24 h,PONV,1,Events/total,827,828,827,828,"Postoperative TEAS at bilateral P6/ST36 (2/10 Hz, 30 min ×2)",No-current sham with identical electrode/device setup,Table 3 / 24 h vomiting,Use raw events/total rather than the adjusted logistic OR for meta-analysis unless the protocol specifies adjusted effects. Sensory blinding was imperfect.,INCLUDE,ROB2_RESULT_SPECIFIC_PENDING
2 - not currently pooled,Grech 2016,Exact cumulative 24-h postoperative morphine-equivalent consumption,0-24 h,Opioid consumption,1,Not reported,,,11,9,Intraoperative low-frequency EA,Sham/control,Postoperative analgesic figures,Day-1 analgesic use is graphical and exact 24-h mean/dispersion is not tabulated,NOT REPORTED,ROB2_RESULT_SPECIFIC_PENDING
2 - not currently pooled,Grech 2016,Postoperative VAS pain,PACU and POD1-3,Pain,1,Graph-only continuous data,,,11,9,Intraoperative low-frequency EA,Sham/control,Postoperative pain figures,Exact numeric pain means/SEM are not tabulated,GRAPH ONLY,ROB2_RESULT_SPECIFIC_PENDING
2 - not currently pooled,Gu 2019,Any postoperative nausea and/or vomiting (PONV),Postoperative follow-up; exact window not stated,PONV,1,Events/total,58.0,59.0,60.0,60.0,Long-duration TEAS (L-TEAS),Placebo/no-current TEAS (C-TEAS),p. 15; Figure 5,"Results text reports 12% vs 32.2%; these match 7/58 and 19/59. The exact observation window is not stated, although discussion says most PONV occurred within 24 h.",HOLD,ROB2_RESULT_SPECIFIC_PENDING
2 - not currently pooled,Gu 2019,Cumulative multimodal PCIA solution consumed,4 h,PCIA solution volume,1,Mean/SD,58,59,60,60,Long-duration TEAS,Sham/no-current TEAS,Figure 4 / 4 h cumulative PCIA,"Pump also contains dexmedetomidine, flurbiprofen and palonosetron; exact 24-h value is graph-only | V34: Solution contains sufentanil, dexmedetomidine, flurbiprofen and palonosetron. No v34 conversion to opioid mass.",INCLUDE,ROB2_RESULT_SPECIFIC_PENDING
2 - not currently pooled,Gu 2019,Cumulative multimodal PCIA solution consumed,8 h,PCIA solution volume,1,Mean/SD,58,59,60,60,Long-duration TEAS,Sham/no-current TEAS,Figure 4 / 8 h cumulative PCIA,"Pump also contains dexmedetomidine, flurbiprofen and palonosetron; exact 24-h value is graph-only | V34: Solution contains sufentanil, dexmedetomidine, flurbiprofen and palonosetron. No v34 conversion to opioid mass.",INCLUDE,ROB2_RESULT_SPECIFIC_PENDING
2 - not currently pooled,Gu 2019,Cumulative multimodal PCIA solution consumed,36 h,PCIA solution volume,1,Mean/SD,58,59,60,60,Long-duration TEAS,Sham/no-current TEAS,Figure 4 / 36 h cumulative PCIA,"Pump also contains dexmedetomidine, flurbiprofen and palonosetron; exact 24-h value is graph-only | V34: Solution contains sufentanil, dexmedetomidine, flurbiprofen and palonosetron. No v34 conversion to opioid mass.",INCLUDE,ROB2_RESULT_SPECIFIC_PENDING
2 - not currently pooled,Gu 2019,Cumulative multimodal PCIA solution consumed,16 h,Opioid demand,1,Graph only,58.0,59.0,60.0,60.0,Long-duration TEAS (L-TEAS),Placebo/no-current TEAS (C-TEAS),p. 14; Figure 4,"No exact numeric 16-h value is printed. PCIA contains sufentanil plus dexmedetomidine, flurbiprofen and palonosetron; do not label solution volume as pure opioid mass.",GRAPH ONLY,ROB2_RESULT_SPECIFIC_PENDING
2 - not currently pooled,Gu 2019,Cumulative multimodal PCIA solution volume,0-24 h,PCIA solution volume,1,Graph-only continuous data,58,59,60,60,Long-duration TEAS,Sham/no-current TEAS,Figure 4 / 24-h point,"24-h PCIA point is visible graphically but not numerically reported | V34: Solution contains sufentanil, dexmedetomidine, flurbiprofen and palonosetron. No v34 conversion to opioid mass.",GRAPH ONLY,ROB2_RESULT_SPECIFIC_PENDING
2 - not currently pooled,Gu 2019,Moderately satisfied,36 h postoperatively,Patient satisfaction,1,Events/total,58.0,59.0,60.0,60.0,Long-duration TEAS (L-TEAS),Placebo/no-current TEAS (C-TEAS),p. 15; Table 4,"Table 4 category counts are internally coherent, but Results text reports 'moderately satisfied and above' 67.3% vs 42.4%, which does not reconcile with the table. Do not use that composite without adjudication.",INCLUDE,ROB2_RESULT_SPECIFIC_PENDING
2 - not currently pooled,Gu 2019,Not satisfied,36 h postoperatively,Patient satisfaction,1,Events/total,58.0,59.0,60.0,60.0,Long-duration TEAS (L-TEAS),Placebo/no-current TEAS (C-TEAS),p. 15; Table 4,"Table 4 category counts are internally coherent, but Results text reports 'moderately satisfied and above' 67.3% vs 42.4%, which does not reconcile with the table. Do not use that composite without adjudication.",INCLUDE,ROB2_RESULT_SPECIFIC_PENDING
2 - not currently pooled,Gu 2019,Satisfied,36 h postoperatively,Patient satisfaction,1,Events/total,58.0,59.0,60.0,60.0,Long-duration TEAS (L-TEAS),Placebo/no-current TEAS (C-TEAS),p. 15; Table 4,"Table 4 category counts are internally coherent, but Results text reports 'moderately satisfied and above' 67.3% vs 42.4%, which does not reconcile with the table. Do not use that composite without adjudication.",INCLUDE,ROB2_RESULT_SPECIFIC_PENDING
2 - not currently pooled,Gu 2019,VAS pain intensity,4 h,Pain,1,Mean/SD,58.0,59.0,60.0,60.0,Long-duration TEAS (L-TEAS),Placebo/no-current TEAS (C-TEAS),p. 15 (results text); Fig. 3 on p. 14; Results §3.2 + Figure 3,Exact P value is not printed; source reports P<0.05.,INCLUDE,ROB2_RESULT_SPECIFIC_PENDING
2 - not currently pooled,Gu 2019,VAS pain intensity,8 h,Pain,1,Mean/SD,58.0,59.0,60.0,60.0,Long-duration TEAS (L-TEAS),Placebo/no-current TEAS (C-TEAS),p. 15 (results text); Fig. 3 on p. 14; Results §3.2 + Figure 3,Exact P value is not printed; source reports P<0.05.,INCLUDE,ROB2_RESULT_SPECIFIC_PENDING
2 - not currently pooled,Gu 2019,VAS pain intensity,16 h,Pain,1,Graph only,58.0,59.0,60.0,60.0,Long-duration TEAS (L-TEAS),Placebo/no-current TEAS (C-TEAS),p. 14; Figure 3,No exact numeric values are printed; do not estimate from bar height.,GRAPH ONLY,ROB2_RESULT_SPECIFIC_PENDING
2 - not currently pooled,Gu 2019,VAS pain intensity,36 h,Pain,1,Graph only,58.0,59.0,60.0,60.0,Long-duration TEAS (L-TEAS),Placebo/no-current TEAS (C-TEAS),p. 14; Figure 3,No exact numeric values are printed; do not estimate from bar height.,GRAPH ONLY,ROB2_RESULT_SPECIFIC_PENDING
2 - not currently pooled,Gu 2019,Very satisfied,36 h postoperatively,Patient satisfaction,1,Events/total,58.0,59.0,60.0,60.0,Long-duration TEAS (L-TEAS),Placebo/no-current TEAS (C-TEAS),p. 15; Table 4,"Table 4 category counts are internally coherent, but Results text reports 'moderately satisfied and above' 67.3% vs 42.4%, which does not reconcile with the table. Do not use that composite without adjudication.",INCLUDE,ROB2_RESULT_SPECIFIC_PENDING
2 - not currently pooled,Guo 2023,Actual postoperative sufentanil consumption,0-24 h,Opioid consumption,1,Not reported,55,55,64,64,Perioperative TEAS,Sham/no-current TEAS,Postoperative PCIA section,PCIA prescription is reported but actual delivered 24-h/48-h sufentanil is not,NOT REPORTED,ROB2_RESULT_SPECIFIC_PENDING
2 - not currently pooled,Guo 2023,NRS pain intensity,POD1,Pain,1,Graph-only continuous data,55,55,64,64,Perioperative TEAS,Sham/no-current TEAS,Figure 3B,Exact means/SDs are figure-only,GRAPH ONLY,ROB2_RESULT_SPECIFIC_PENDING
2 - not currently pooled,Guo 2023,Postoperative cognitive dysfunction (MoCA decline ≥1 SD),POD1,Neurocognitive,1,Events/total,55,55,64,64,Perioperative TEAS,Sham/no-current TEAS,Primary POCD result,"18/128 randomized participants excluded from analysis, including conversions, repeat surgery, refusal and deaths",INCLUDE,ROB2_RESULT_SPECIFIC_PENDING
2 - not currently pooled,Guo 2023,Postoperative cognitive dysfunction (MoCA decline ≥1 SD),POD7,Neurocognitive,1,Events/total,55,55,64,64,Perioperative TEAS,Sham/no-current TEAS,Primary POCD result,"18/128 randomized participants excluded from analysis, including conversions, repeat surgery, refusal and deaths",INCLUDE,ROB2_RESULT_SPECIFIC_PENDING
2 - not currently pooled,Guo 2023,Postoperative cognitive dysfunction (MoCA decline ≥1 SD),POD30,Neurocognitive,1,Events/total,55,55,64,64,Perioperative TEAS,Sham/no-current TEAS,Primary POCD result,"18/128 randomized participants excluded from analysis, including conversions, repeat surgery, refusal and deaths",INCLUDE,ROB2_RESULT_SPECIFIC_PENDING
2 - not currently pooled,He 2026 (breast/WJCO),Cumulative rescue morphine consumption,0-24 h,Opioid consumption,1,Not reported,65,65,65,65,Perioperative EA + flurbiprofen,Sham acupuncture + flurbiprofen,Postoperative analgesia limitation,"Rescue morphine 1-3 mg IV was allowed, but authors explicitly state rescue opioid consumption was not recorded or compared",NOT REPORTED,ROB2_RESULT_SPECIFIC_PENDING
2 - not currently pooled,He 2026 (breast/WJCO),Movement VAS,24 h,Pain,1,Mean/SD,65,65,65,65,Perioperative EA + flurbiprofen,Sham acupuncture + flurbiprofen,Postoperative VAS table,"Article labels values mean±SD, but identical very small dispersions across arms/timepoints warrant source-verification caution",INCLUDE,ROB2_RESULT_SPECIFIC_PENDING
2 - not currently pooled,He 2026 (breast/WJCO),Resting VAS,24 h,Pain,1,Mean/SD,65,65,65,65,Perioperative EA + flurbiprofen,Sham acupuncture + flurbiprofen,Postoperative VAS table,Same dispersion-format caution as movement VAS,INCLUDE,ROB2_RESULT_SPECIFIC_PENDING
2 - not currently pooled,He 2026 (hepatectomy/JIS),PCA attempts,24 h,Opioid demand,1,Mean/SD,80,79,81,80,Intraoperative PC6 TEAS,No-current PC6 control,Supplemental/secondary outcome,Fewer attempts despite no difference in total MME,INCLUDE,ROB2_RESULT_SPECIFIC_PENDING
2 - not currently pooled,Hou 2023,Actual total postoperative sufentanil consumption,0-24 h,Opioid consumption,1,Not reported,36,36,37,37,Perioperative TEAS,Sham/no-current TEAS,PCIA regimen / consumption absent,"PCIA concentration and basal/bolus settings are known, but actual bolus use/total delivered sufentanil are not reported; fixed basal exposure is not total consumption",NOT REPORTED,ROB2_RESULT_SPECIFIC_PENDING
2 - not currently pooled,Hou 2023,Any rescue flurbiprofen use,Postoperative,Rescue analgesia,1,Events/total,36,36,37,37,Perioperative TEAS,Sham/no-current TEAS,Rescue analgesia,"Flurbiprofen is an NSAID, not an opioid",INCLUDE,ROB2_RESULT_SPECIFIC_PENDING
2 - not currently pooled,Hou 2023,VAS-P pain,"D2 = one day after surgery, not exact clock-time 24 h",Pain,1,Median/IQR,36,36,37,37,Perioperative TEAS,Sham/no-current TEAS,Postoperative pain / D2,D2 is author-defined as one day after surgery; do not silently label it exact 24 h,NARRATIVE ONLY,ROB2_RESULT_SPECIFIC_PENDING
2 - not currently pooled,Huang 2017,Exact cumulative postoperative sufentanil consumption,0-24 h,Opioid consumption,1,Not reported,20,20,20,20,Active TEAS frequency arms,Placebo TEAS/no current,Exact 24-h postoperative endpoint absent,Exact 24-h group values and PCA demand/delivery counts are not published,NOT REPORTED,ROB2_RESULT_SPECIFIC_PENDING
2 - not currently pooled,Huang 2017,Published postoperative sufentanil aggregate,Observation window unclear,Opioid consumption,1,Mean/SD,20,20,20,20,2/100-Hz TEAS,Placebo TEAS/no current,Table 5 / postoperative analgesic consumption,Methods mention 6/12/24/48-h assessments but Table 5 gives only one aggregate dose per group,HOLD,ROB2_RESULT_SPECIFIC_PENDING
2 - not currently pooled,Huang 2024,Additional PCA dose/release,"POD2; 24 h after first EA session, not necessarily 24 h after surgery",Opioid demand,1,Median/IQR,38,38,38,38,Contralateral EA,Bilateral sham EA,Primary PCA outcome / POD2,"PCA drug, dose per release and outcome unit are not reported; timing is 24 h after first EA rather than explicitly 24 h after surgery",NARRATIVE ONLY,ROB2_RESULT_SPECIFIC_PENDING
2 - not currently pooled,Huang 2024,Exact cumulative postoperative opioid dose,0-24 h,Opioid consumption,1,Not calculable,38,38,38,38,True-EA arms,Bilateral sham EA,PCA regimen incomplete,"PCA drug identity/composition, bolus dose and exact 24-h-after-surgery exposure are unavailable",HOLD,ROB2_RESULT_SPECIFIC_PENDING
2 - not currently pooled,Huang 2025,Bowel obstruction,Postoperative,GI adverse event,1,Events/total,43.0,45.0,51.0,50.0,Postoperative EA + ERAS,ERAS/standard care,p. 2749; Table 4,Postoperative bowel obstruction.,INCLUDE,ROB2_RESULT_SPECIFIC_PENDING
2 - not currently pooled,Huang 2025,Exact cumulative postoperative opioid consumption,0-24 h,Opioid consumption,1,Not reported,43,45,51,50,Postoperative EA + ERAS,ERAS/standard care,Postoperative analgesia section,"PCA drug/composition and consumption are not reported; rescue analgesia was ketorolac, a non-opioid NSAID",NOT REPORTED,ROB2_RESULT_SPECIFIC_PENDING
2 - not currently pooled,Huang 2025,Hospital length of stay,Postoperative hospitalization,Length of stay,1,Mean/SD,43.0,45.0,51.0,50.0,Postoperative EA + ERAS,ERAS/standard care,p. 2749; Table 4,Table header states mean (SD).,INCLUDE,ROB2_RESULT_SPECIFIC_PENDING
2 - not currently pooled,Huang 2025,I-FEED score,24 h,GI recovery,1,Median/range,43.0,45.0,51.0,50.0,Postoperative EA + ERAS,ERAS/standard care,p. 2749; Table 4,Table explicitly labels dispersion as min-max. Equal medians at 24 h do not invalidate the reported rank-test P value.,NARRATIVE ONLY,ROB2_RESULT_SPECIFIC_PENDING
2 - not currently pooled,Huang 2025,I-FEED score,48 h,GI recovery,1,Median/range,43.0,45.0,51.0,50.0,Postoperative EA + ERAS,ERAS/standard care,p. 2749; Table 4,Table explicitly labels dispersion as min-max. Equal medians at 24 h do not invalidate the reported rank-test P value.,NARRATIVE ONLY,ROB2_RESULT_SPECIFIC_PENDING
2 - not currently pooled,Huang 2025,I-FEED score,72 h,GI recovery,1,Median/range,43.0,45.0,51.0,50.0,Postoperative EA + ERAS,ERAS/standard care,p. 2749; Table 4,Table explicitly labels dispersion as min-max. Equal medians at 24 h do not invalidate the reported rank-test P value.,NARRATIVE ONLY,ROB2_RESULT_SPECIFIC_PENDING
2 - not currently pooled,Huang 2025,QoR-40 total score,Day of discharge,Quality of recovery,1,Median/range,43.0,45.0,51.0,50.0,Postoperative EA + ERAS,ERAS/standard care,p. 2749; Table 4,Table shows a higher EA score; Results prose incorrectly says QoR-40 scores were 'lower' in EA. Higher QoR-40 indicates better recovery.,NARRATIVE ONLY,ROB2_RESULT_SPECIFIC_PENDING
2 - not currently pooled,Huang 2025,Serious adverse events or fatalities,Study follow-up,Adverse events,1,Events/total,43.0,45.0,51.0,50.0,Postoperative EA + ERAS,ERAS/standard care,p. 2748; Results text,The article also states no serious adverse events or complications related to the EA procedure were recorded.,INCLUDE,ROB2_RESULT_SPECIFIC_PENDING
2 - not currently pooled,Huang 2025,Use of additional analgesic,Postoperative,Rescue analgesia,1,Events/total,43.0,45.0,51.0,50.0,Postoperative EA + ERAS,ERAS/standard care,p. 2749; Table 4,Methods specify ketorolac tromethamine 30 mg IM for VAS≥6 or patient request within 24 h.,INCLUDE,ROB2_RESULT_SPECIFIC_PENDING
2 - not currently pooled,Huang 2025,VAS pain score,24 h,Pain,1,Median/range,43.0,45.0,51.0,50.0,Postoperative EA + ERAS,ERAS/standard care,p. 2749; Table 4,"Table explicitly labels dispersion as min-max, not IQR.",NARRATIVE ONLY,ROB2_RESULT_SPECIFIC_PENDING
2 - not currently pooled,Huang 2025,VAS pain score,48 h,Pain,1,Median/range,43.0,45.0,51.0,50.0,Postoperative EA + ERAS,ERAS/standard care,p. 2749; Table 4,"Table explicitly labels dispersion as min-max, not IQR.",NARRATIVE ONLY,ROB2_RESULT_SPECIFIC_PENDING
2 - not currently pooled,Huang 2025,VAS pain score,72 h,Pain,1,Median/range,43.0,45.0,51.0,50.0,Postoperative EA + ERAS,ERAS/standard care,p. 2749; Table 4,"Table explicitly labels dispersion as min-max, not IQR.",NARRATIVE ONLY,ROB2_RESULT_SPECIFIC_PENDING
2 - not currently pooled,Huang 2025,Vomiting,Postoperative,PONV,1,Events/total,43.0,45.0,51.0,50.0,Postoperative EA + ERAS,ERAS/standard care,p. 2749; Table 4,Table gives postoperative vomiting without a more specific clock-time label.,INCLUDE,ROB2_RESULT_SPECIFIC_PENDING
2 - not currently pooled,Jiang 2026,Abdominal distention incidence,Postoperative,GI adverse event,1,Events/total,294.0,293.0,308.0,306.0,Perioperative TEAS,Sham/no-current TEAS,PDF p. 5; Table 4,NOT REPORTED,INCLUDE,ROB2_RESULT_SPECIFIC_PENDING
2 - not currently pooled,Jiang 2026,Any postoperative complication/adverse event,Study follow-up,Adverse events,1,Events/total,294.0,293.0,308.0,306.0,Perioperative TEAS,Sham/no-current TEAS,PDF p. 5; Table 5,Do not pool the overall adverse-event row together with its component rows in the same analysis.,INCLUDE,ROB2_RESULT_SPECIFIC_PENDING
2 - not currently pooled,Jiang 2026,Exact cumulative postoperative opioid consumption,0-24 h,Opioid consumption,1,Not reported,294,293,308,306,Perioperative TEAS,Sham/no current,Postoperative analgesia section,PCIA use is reported but exact group-specific postoperative dose is not,NOT REPORTED,ROB2_RESULT_SPECIFIC_PENDING
2 - not currently pooled,Jiang 2026,Hospital cost,Hospitalization,Healthcare utilization,1,Median/IQR,294.0,293.0,308.0,306.0,Perioperative TEAS,Sham/no-current TEAS,PDF p. 5; Table 4,The printed effect estimate direction does not equal the raw median difference; preserve as printed and do not recompute silently.,NARRATIVE ONLY,ROB2_RESULT_SPECIFIC_PENDING
2 - not currently pooled,Jiang 2026,Hydroderma,Study follow-up,Adverse events,1,Events/total,294.0,293.0,308.0,306.0,Perioperative TEAS,Sham/no-current TEAS,PDF p. 5; Table 5,NOT REPORTED,INCLUDE,ROB2_RESULT_SPECIFIC_PENDING
2 - not currently pooled,Jiang 2026,NRS pain score,"AMBIGUOUS — single summary; Methods planned 6 h, 24 h and 48 h",Pain,1,Median/IQR,294.0,293.0,308.0,306.0,Perioperative TEAS,Sham/no-current TEAS,PDF p. 3; Results §3.3,"The paper prespecifies NRS at 6, 24 and 48 h but reports only this one numerical summary without identifying which timepoint it represents. Do not relabel as 24 h.",HOLD,ROB2_RESULT_SPECIFIC_PENDING
2 - not currently pooled,Jiang 2026,PONV incidence,Within 24 h,PONV,1,Events/total,294,293,308,306,Perioperative TEAS,Sham/no current,24-h PONV result,Use 44/294 vs 67/293; do not relabel 587 as randomized/ITT,INCLUDE,ROB2_RESULT_SPECIFIC_PENDING
2 - not currently pooled,Jiang 2026,Postoperative hospital stay,Postoperative hospitalization,Length of stay,1,Median/IQR,294.0,293.0,308.0,306.0,Perioperative TEAS,Sham/no-current TEAS,PDF p. 5; Table 4,NOT REPORTED,NARRATIVE ONLY,ROB2_RESULT_SPECIFIC_PENDING
2 - not currently pooled,Jiang 2026,Remifentanil consumption,Intraoperative,Intraoperative opioid,1,Median/IQR,294,293,308,306,Perioperative TEAS,Sham/no current,Perioperative characteristics table,Direct source result; not a postoperative endpoint,NARRATIVE ONLY,ROB2_RESULT_SPECIFIC_PENDING
2 - not currently pooled,Jiang 2026,Rubefaction,Study follow-up,Adverse events,1,Events/total,294.0,293.0,308.0,306.0,Perioperative TEAS,Sham/no-current TEAS,PDF p. 5; Table 5,NOT REPORTED,INCLUDE,ROB2_RESULT_SPECIFIC_PENDING
2 - not currently pooled,Jiang 2026,Severe adverse events,Study follow-up,Adverse events,1,Events/total,294.0,293.0,308.0,306.0,Perioperative TEAS,Sham/no-current TEAS,PDF p. 5; Table 5,NOT REPORTED,INCLUDE,ROB2_RESULT_SPECIFIC_PENDING
2 - not currently pooled,Jiang 2026,Subcutaneous hematoma,Study follow-up,Adverse events,1,Events/total,294.0,293.0,308.0,306.0,Perioperative TEAS,Sham/no-current TEAS,PDF p. 5; Table 5,NOT REPORTED,INCLUDE,ROB2_RESULT_SPECIFIC_PENDING
2 - not currently pooled,Jiang 2026,Time to first defecation,Postoperative,GI recovery,1,Median/IQR,294.0,293.0,308.0,306.0,Perioperative TEAS,Sham/no-current TEAS,PDF p. 5; Table 4,The effect CI is printed in descending numerical order (−3.8 to −6.0); preserved verbatim.,NARRATIVE ONLY,ROB2_RESULT_SPECIFIC_PENDING
2 - not currently pooled,Jin 2023,Exact cumulative fentanyl mass / MME,0-24 h,Opioid consumption,1,Not calculable,,,58,58,Active EA arms,Sham nonpenetrating EA/no current,PCIA formulation absent from main article,Only mL of solution are reported in the main article,HOLD,ROB2_RESULT_SPECIFIC_PENDING
2 - not currently pooled,Jin 2023,Published 'fentanyl consumption' / PCIA solution volume,24 h,Opioid consumption,2,Mean/SD,53,52,58,58,2-Hz postoperative EA,Sham nonpenetrating EA/no current,Table 3 / 24-h 'fentanyl consumption',Main article does not report fentanyl concentration. Do not convert mL to µg/mg/MME. 2-Hz vs 20/100-Hz inferential statistics conflict between table and prose,INCLUDE,ROB2_RESULT_SPECIFIC_PENDING
2 - not currently pooled,Li 2021,Cumulative postoperative sufentanil consumption,0-24 h,Opioid consumption,1,Not reported,140,140,154,152,Perioperative TEAS,Sham-point/no current,Postoperative analgesia pump / exact 24-h endpoint absent,"Printed pump unit is clinically implausible, programming is missing, and actual 24-h delivered dose is not reported; do not silently change mg to µg",NOT REPORTED,ROB2_RESULT_SPECIFIC_PENDING
2 - not currently pooled,Li 2021,Length of postoperative hospital stay,From date of surgery to discharge,Length of stay,1,Mean/SD,140.0,140.0,140.0,140.0,Group T — TEAS,Group S — sham,p. 215; Table 6,Table 6 uses ** and footnote **P <0.01 vs group S rather than a numeric exact P value.,INCLUDE,ROB2_RESULT_SPECIFIC_PENDING
2 - not currently pooled,Li 2021,PONV occurrence,6 h post-OP,PONV,1,Events/total,140.0,140.0,140.0,140.0,Group T — TEAS,Group S — sham,p. 215; Table 5,These are assessment-time PONV occurrence counts as printed; the article does not relabel them as cumulative 0–x-hour windows.,INCLUDE,ROB2_RESULT_SPECIFIC_PENDING
2 - not currently pooled,Li 2021,PONV occurrence,12 h post-OP,PONV,1,Events/total,140.0,140.0,140.0,140.0,Group T — TEAS,Group S — sham,p. 215; Table 5,These are assessment-time PONV occurrence counts as printed; the article does not relabel them as cumulative 0–x-hour windows.,INCLUDE,ROB2_RESULT_SPECIFIC_PENDING
2 - not currently pooled,Li 2021,PONV occurrence,9 am on day 1,PONV,1,Events/total,140.0,140.0,140.0,140.0,Group T — TEAS,Group S — sham,p. 215; Table 5,These are assessment-time PONV occurrence counts as printed; the article does not relabel them as cumulative 0–x-hour windows.,INCLUDE,ROB2_RESULT_SPECIFIC_PENDING
2 - not currently pooled,Li 2021,PONV occurrence,3 pm on day 1,PONV,1,Events/total,140.0,140.0,140.0,140.0,Group T — TEAS,Group S — sham,p. 215; Table 5,These are assessment-time PONV occurrence counts as printed; the article does not relabel them as cumulative 0–x-hour windows.,INCLUDE,ROB2_RESULT_SPECIFIC_PENDING
2 - not currently pooled,Li 2021,PONV occurrence,9 am on day 2,PONV,1,Events/total,140.0,140.0,140.0,140.0,Group T — TEAS,Group S — sham,p. 215; Table 5,These are assessment-time PONV occurrence counts as printed; the article does not relabel them as cumulative 0–x-hour windows.,INCLUDE,ROB2_RESULT_SPECIFIC_PENDING
2 - not currently pooled,Li 2021,PONV occurrence,3 pm on day 2,PONV,1,Events/total,140.0,140.0,140.0,140.0,Group T — TEAS,Group S — sham,p. 215; Table 5,These are assessment-time PONV occurrence counts as printed; the article does not relabel them as cumulative 0–x-hour windows.,INCLUDE,ROB2_RESULT_SPECIFIC_PENDING
2 - not currently pooled,Li 2021,Participants with postoperative VAS score ≥4,12 h post-OP,Pain,1,Events/total,140.0,140.0,140.0,140.0,Group T — TEAS,Group S — sham,p. 215; Table 5,"This is a dichotomized VAS threshold, not a continuous VAS score.",INCLUDE,ROB2_RESULT_SPECIFIC_PENDING
2 - not currently pooled,Li 2021,Participants with postoperative VAS score ≥4,9 am on day 1,Pain,1,Events/total,140.0,140.0,140.0,140.0,Group T — TEAS,Group S — sham,p. 215; Table 5,"This is a dichotomized VAS threshold, not a continuous VAS score.",INCLUDE,ROB2_RESULT_SPECIFIC_PENDING
2 - not currently pooled,Li 2021,Participants with postoperative VAS score ≥4,3 pm on day 1,Pain,1,Events/total,140.0,140.0,140.0,140.0,Group T — TEAS,Group S — sham,p. 215; Table 5,"This is a dichotomized VAS threshold, not a continuous VAS score.",INCLUDE,ROB2_RESULT_SPECIFIC_PENDING
2 - not currently pooled,Li 2021,Participants with postoperative VAS score ≥4,9 am on day 2,Pain,1,Events/total,140.0,140.0,140.0,140.0,Group T — TEAS,Group S — sham,p. 215; Table 5,"This is a dichotomized VAS threshold, not a continuous VAS score.",INCLUDE,ROB2_RESULT_SPECIFIC_PENDING
2 - not currently pooled,Li 2021,Participants with postoperative VAS score ≥4,3 pm on day 2,Pain,1,Events/total,140.0,140.0,140.0,140.0,Group T — TEAS,Group S — sham,p. 215; Table 5,"This is a dichotomized VAS threshold, not a continuous VAS score.",INCLUDE,ROB2_RESULT_SPECIFIC_PENDING
2 - not currently pooled,Li 2021,Postoperative gastrointestinal dysfunction: no bowel sounds >48 h,Postoperative,GI recovery,1,Events/total,140,140,154,152,Perioperative TEAS,Sham-point/no current,PGD incidence,Study-specific PGD definition; majority of events were in colorectal stratum,INCLUDE,ROB2_RESULT_SPECIFIC_PENDING
2 - not currently pooled,Li 2021,Time to first flatus,Postoperative,GI recovery,1,Median/IQR,140,140,154,152,Perioperative TEAS,Sham-point/no current,First-flatus result,Use PP analyzed denominators explicitly; do not fabricate mean/SD,NARRATIVE ONLY,ROB2_RESULT_SPECIFIC_PENDING
2 - not currently pooled,Li 2021,VAS ≥4,6 h,Pain,1,Events/total,140,140,154,152,Perioperative TEAS,Sham-point/no current,Postoperative pain table / 6 h,Pain is reported as binary VAS ≥4 rather than continuous score,INCLUDE,ROB2_RESULT_SPECIFIC_PENDING
2 - not currently pooled,Li 2022,Exact cumulative postoperative opioid consumption,0-24 h,Opioid consumption,1,Not reported,39,40,40,40,Preoperative electroacupuncture,Sham electroacupuncture,Exact 24-h opioid endpoint absent,The prior derivative's 24-h sufentanil result was fabricated; no source-grounded exact 24-h postoperative opioid total is available,NOT REPORTED,ROB2_RESULT_SPECIFIC_PENDING
2 - not currently pooled,Li 2022,Mechanical pain threshold around surgical incision,24 h,Experimental pain,1,Source-reported direction; exact value not promoted,39,40,40,40,Preoperative electroacupuncture,Sham electroacupuncture,Mechanical-threshold longitudinal result,"EA advantage was reported at 30 min and 6 h, not at 24 or 48 h; the earlier stored RoB fabricated a significant 24-h result",HOLD,ROB2_RESULT_SPECIFIC_PENDING
2 - not currently pooled,Liang 2021,Exact cumulative postoperative opioid consumption,0-24 h,Opioid consumption,1,Not reported,35,35,37,38,Preoperative TEAS,Control/no stimulation,Exact 24-h opioid endpoint absent,The source trial focuses on CRBD; no source-grounded exact cumulative 24-h opioid endpoint is available,NOT REPORTED,ROB2_RESULT_SPECIFIC_PENDING
2 - not currently pooled,Liang 2021,Global QoR-40,48 h (T12),Quality of recovery,1,Mean/SD,35,35,37,38,Preoperative TEAS,Control/no stimulation,Table 4; Results 3.3; Methods 2.7 (T12 definition),T12 is defined in the source as postoperative 48 hours.,INCLUDE,ROB2_RESULT_SPECIFIC_PENDING
2 - not currently pooled,Liang 2021,MMSE score,PACU discharge (T9),Cognitive recovery,1,Mean/SD,35.0,35.0,37.0,38.0,Preoperative TEAS,Control/no stimulation,"Evidence-Based Complementary and Alternative Medicine 2021, Table 4; Table 4",The source footnote marks within-group comparisons versus T9; no between-group exact P is printed.,INCLUDE,ROB2_RESULT_SPECIFIC_PENDING
2 - not currently pooled,Liang 2021,MMSE score,24 h (T11),Cognitive recovery,1,Mean/SD,35.0,35.0,37.0,38.0,Preoperative TEAS,Control/no stimulation,"Evidence-Based Complementary and Alternative Medicine 2021, Table 4; Table 4",The source footnote marks within-group comparisons versus T9; no between-group exact P is printed.,INCLUDE,ROB2_RESULT_SPECIFIC_PENDING
2 - not currently pooled,Liang 2021,MMSE score,48 h (T12),Cognitive recovery,1,Mean/SD,35.0,35.0,37.0,38.0,Preoperative TEAS,Control/no stimulation,"Evidence-Based Complementary and Alternative Medicine 2021, Table 4; Table 4",The source footnote marks within-group comparisons versus T9; no between-group exact P is printed.,INCLUDE,ROB2_RESULT_SPECIFIC_PENDING
2 - not currently pooled,Liang 2021,PONV occurrence,End of surgery (T5),PONV,1,Events/total,35.0,35.0,37.0,38.0,Preoperative TEAS,Control/no stimulation,"Evidence-Based Complementary and Alternative Medicine 2021, Table 4; Table 4",The table labels the row simply 'PONV'; methods use a nausea verbal scale description.,HOLD,ROB2_RESULT_SPECIFIC_PENDING
2 - not currently pooled,Liang 2021,PONV occurrence,PACU discharge (T9),PONV,1,Events/total,35.0,35.0,37.0,38.0,Preoperative TEAS,Control/no stimulation,"Evidence-Based Complementary and Alternative Medicine 2021, Table 4; Table 4",The table labels the row simply 'PONV'; methods use a nausea verbal scale description.,HOLD,ROB2_RESULT_SPECIFIC_PENDING
2 - not currently pooled,Liang 2021,PONV occurrence,24 h (T11),PONV,1,Events/total,35.0,35.0,37.0,38.0,Preoperative TEAS,Control/no stimulation,"Evidence-Based Complementary and Alternative Medicine 2021, Table 4; Table 4",The table labels the row simply 'PONV'; methods use a nausea verbal scale description.,HOLD,ROB2_RESULT_SPECIFIC_PENDING
2 - not currently pooled,Liang 2021,PONV occurrence,48 h (T12),PONV,1,Events/total,35.0,35.0,37.0,38.0,Preoperative TEAS,Control/no stimulation,"Evidence-Based Complementary and Alternative Medicine 2021, Table 4; Table 4",The table labels the row simply 'PONV'; methods use a nausea verbal scale description.,HOLD,ROB2_RESULT_SPECIFIC_PENDING
2 - not currently pooled,Liang 2021,Pain event as reported (threshold/definition not stated),End of surgery (T5),Pain,1,Events/total,35.0,35.0,37.0,38.0,Preoperative TEAS,Control/no stimulation,"Evidence-Based Complementary and Alternative Medicine 2021, Table 4; Table 4","Methods describe a 0–4 verbal rating scale, but Table 4 reports only a number/proportion in a row labelled 'Pain' without specifying which threshold constitutes an event. Do not pool as a defined pain incidence until clarified.",HOLD,ROB2_RESULT_SPECIFIC_PENDING
2 - not currently pooled,Liang 2021,Pain event as reported (threshold/definition not stated),PACU discharge (T9),Pain,1,Events/total,35.0,35.0,37.0,38.0,Preoperative TEAS,Control/no stimulation,"Evidence-Based Complementary and Alternative Medicine 2021, Table 4; Table 4","Methods describe a 0–4 verbal rating scale, but Table 4 reports only a number/proportion in a row labelled 'Pain' without specifying which threshold constitutes an event. Do not pool as a defined pain incidence until clarified.",HOLD,ROB2_RESULT_SPECIFIC_PENDING
2 - not currently pooled,Liang 2021,Pain event as reported (threshold/definition not stated),24 h (T11),Pain,1,Events/total,35.0,35.0,37.0,38.0,Preoperative TEAS,Control/no stimulation,"Evidence-Based Complementary and Alternative Medicine 2021, Table 4; Table 4","Methods describe a 0–4 verbal rating scale, but Table 4 reports only a number/proportion in a row labelled 'Pain' without specifying which threshold constitutes an event. Do not pool as a defined pain incidence until clarified.",HOLD,ROB2_RESULT_SPECIFIC_PENDING
2 - not currently pooled,Liang 2021,Pain event as reported (threshold/definition not stated),48 h (T12),Pain,1,Events/total,35.0,35.0,37.0,38.0,Preoperative TEAS,Control/no stimulation,"Evidence-Based Complementary and Alternative Medicine 2021, Table 4; Table 4","Methods describe a 0–4 verbal rating scale, but Table 4 reports only a number/proportion in a row labelled 'Pain' without specifying which threshold constitutes an event. Do not pool as a defined pain incidence until clarified.",HOLD,ROB2_RESULT_SPECIFIC_PENDING
2 - not currently pooled,Liang 2021,Postoperative analgesia requirement (metric undefined),Early postoperative period - exact window not stated,Rescue analgesia,1,Reported as value (dispersion); statistic type ambiguous,35,35,37,38,Preoperative TEAS,Control/no stimulation,Table 4; Results 3.3; abstract,"HOLD. The source describes this as 'the number of patients who required extra analgesia', but 3.8 (1.9) and 5.0 (2.9) cannot be a count of patients out of 35 - the wording and the statistic are mutually inconsistent. Unit, metric and time window are all unresolved. Do NOT interpret as mg morphine or MME. Author contact required.",HOLD,ROB2_RESULT_SPECIFIC_PENDING
2 - not currently pooled,Lin 2002,Cumulative IV PCA morphine delivered during postoperative test period,Postoperative hour 1 through next 23 h (published as 24-h test-period value),Opioid consumption,4,Mean/SD,25,25,25,25,100-Hz EA,Untreated control,Table 2,First postoperative hour could include IM pethidine; group-specific pethidine exposure not reported,INCLUDE,ROB2_RESULT_SPECIFIC_PENDING
2 - not currently pooled,Liu 2015,Exact cumulative postoperative sufentanil PCIA consumption,0-24 h,Opioid consumption,1,Not reported,44,44,46,46,Multipoint intraoperative TEAS (2/100 Hz; 30 min pre-induction through end of surgery),No-current sham TEAS with identical electrode placement/device setup,Postoperative analgesia methods; no cumulative 0-24 h dose in results,PCIA contained sufentanil 100 µg in 50 mL at 1 mL/h with 0.5-mL patient boluses. Basal infusion alone is not total consumption; cumulative bolus count/dose and total 0-24-h sufentanil are not reported.,NOT REPORTED,ROB2_RESULT_SPECIFIC_PENDING
2 - not currently pooled,Liu 2015,Extubation time,Immediate postoperative recovery,Recovery,1,Mean/SD,44,44,46,46,Multipoint intraoperative TEAS (2/100 Hz; 30 min pre-induction through end of surgery),No-current sham TEAS with identical electrode placement/device setup,Table 2 / clinical recovery from anesthesia,Directly reported recovery-time endpoint; four post-randomization exclusions (2/group).,INCLUDE,ROB2_RESULT_SPECIFIC_PENDING
2 - not currently pooled,Liu 2015,Eye-opening time,Immediate postoperative recovery,Recovery,1,Mean/SD,44,44,46,46,Multipoint intraoperative TEAS (2/100 Hz; 30 min pre-induction through end of surgery),No-current sham TEAS with identical electrode placement/device setup,Table 2 / clinical recovery from anesthesia,Directly reported recovery-time endpoint; four post-randomization exclusions (2/group).,INCLUDE,ROB2_RESULT_SPECIFIC_PENDING
2 - not currently pooled,Liu 2015,Postoperative VAS pain score,Postoperative day 1,Pain,1,Graph-only continuous data,44,44,46,46,Multipoint intraoperative TEAS (2/100 Hz; 30 min pre-induction through end of surgery),No-current sham TEAS with identical electrode placement/device setup,Figure 2 / Postoperative day 1,Exact Postoperative day 1 mean/SD are shown only in Figure 2; do not infer numeric values from the plot without formal digitization.,GRAPH ONLY,ROB2_RESULT_SPECIFIC_PENDING
2 - not currently pooled,Liu 2015,Postoperative VAS pain score,Postoperative day 2,Pain,1,Graph-only continuous data,44,44,46,46,Multipoint intraoperative TEAS (2/100 Hz; 30 min pre-induction through end of surgery),No-current sham TEAS with identical electrode placement/device setup,Figure 2 / Postoperative day 2,Exact Postoperative day 2 mean/SD are shown only in Figure 2; do not infer numeric values from the plot without formal digitization.,GRAPH ONLY,ROB2_RESULT_SPECIFIC_PENDING
2 - not currently pooled,Liu 2015,Postoperative VAS pain score,Postoperative day 3,Pain,1,Graph-only continuous data,44,44,46,46,Multipoint intraoperative TEAS (2/100 Hz; 30 min pre-induction through end of surgery),No-current sham TEAS with identical electrode placement/device setup,Figure 2 / Postoperative day 3,Exact Postoperative day 3 mean/SD are shown only in Figure 2; do not infer numeric values from the plot without formal digitization.,GRAPH ONLY,ROB2_RESULT_SPECIFIC_PENDING
2 - not currently pooled,Liu 2015,Postoperative nausea incidence,Postoperative day 1,PONV,1,Events/total,44,44,46,46,Multipoint intraoperative TEAS (2/100 Hz; 30 min pre-induction through end of surgery),No-current sham TEAS with identical electrode placement/device setup,Table 3 / Postoperative day 1,The article states nausea/vomiting incidences did not differ significantly between groups; table provides day-labelled event counts without clock-defined ascertainment windows. Use raw events/total.,INCLUDE,ROB2_RESULT_SPECIFIC_PENDING
2 - not currently pooled,Liu 2015,Postoperative nausea incidence,Postoperative day 2,PONV,1,Events/total,44,44,46,46,Multipoint intraoperative TEAS (2/100 Hz; 30 min pre-induction through end of surgery),No-current sham TEAS with identical electrode placement/device setup,Table 3 / Postoperative day 2,The article states nausea/vomiting incidences did not differ significantly between groups; table provides day-labelled event counts without clock-defined ascertainment windows. Use raw events/total.,INCLUDE,ROB2_RESULT_SPECIFIC_PENDING
2 - not currently pooled,Liu 2015,Postoperative nausea incidence,Postoperative day 3,PONV,1,Events/total,44,44,46,46,Multipoint intraoperative TEAS (2/100 Hz; 30 min pre-induction through end of surgery),No-current sham TEAS with identical electrode placement/device setup,Table 3 / Postoperative day 3,The article states nausea/vomiting incidences did not differ significantly between groups; table provides day-labelled event counts without clock-defined ascertainment windows. Use raw events/total.,INCLUDE,ROB2_RESULT_SPECIFIC_PENDING
2 - not currently pooled,Liu 2015,Postoperative vomiting incidence,Postoperative day 1,PONV,1,Events/total,44,44,46,46,Multipoint intraoperative TEAS (2/100 Hz; 30 min pre-induction through end of surgery),No-current sham TEAS with identical electrode placement/device setup,Table 3 / Postoperative day 1,The article states nausea/vomiting incidences did not differ significantly between groups; table provides day-labelled event counts without clock-defined ascertainment windows. Use raw events/total.,INCLUDE,ROB2_RESULT_SPECIFIC_PENDING
2 - not currently pooled,Liu 2015,Postoperative vomiting incidence,Postoperative day 2,PONV,1,Events/total,44,44,46,46,Multipoint intraoperative TEAS (2/100 Hz; 30 min pre-induction through end of surgery),No-current sham TEAS with identical electrode placement/device setup,Table 3 / Postoperative day 2,The article states nausea/vomiting incidences did not differ significantly between groups; table provides day-labelled event counts without clock-defined ascertainment windows. Use raw events/total.,INCLUDE,ROB2_RESULT_SPECIFIC_PENDING
2 - not currently pooled,Liu 2015,Postoperative vomiting incidence,Postoperative day 3,PONV,1,Events/total,44,44,46,46,Multipoint intraoperative TEAS (2/100 Hz; 30 min pre-induction through end of surgery),No-current sham TEAS with identical electrode placement/device setup,Table 3 / Postoperative day 3,The article states nausea/vomiting incidences did not differ significantly between groups; table provides day-labelled event counts without clock-defined ascertainment windows. Use raw events/total.,INCLUDE,ROB2_RESULT_SPECIFIC_PENDING
2 - not currently pooled,Liu 2015,Time to discharge from operating room,Immediate postoperative recovery,Recovery,1,Mean/SD,44,44,46,46,Multipoint intraoperative TEAS (2/100 Hz; 30 min pre-induction through end of surgery),No-current sham TEAS with identical electrode placement/device setup,Table 2 / clinical recovery from anesthesia,Directly reported recovery-time endpoint; four post-randomization exclusions (2/group).,INCLUDE,ROB2_RESULT_SPECIFIC_PENDING
2 - not currently pooled,Liu 2015,Time to reorientation,Immediate postoperative recovery,Recovery,1,Mean/SD,44,44,46,46,Multipoint intraoperative TEAS (2/100 Hz; 30 min pre-induction through end of surgery),No-current sham TEAS with identical electrode placement/device setup,Table 2 / clinical recovery from anesthesia,Directly reported recovery-time endpoint; four post-randomization exclusions (2/group).,INCLUDE,ROB2_RESULT_SPECIFIC_PENDING
2 - not currently pooled,Liu 2015,Time to spontaneous movement,Immediate postoperative recovery,Recovery,1,Mean/SD,44,44,46,46,Multipoint intraoperative TEAS (2/100 Hz; 30 min pre-induction through end of surgery),No-current sham TEAS with identical electrode placement/device setup,Table 2 / clinical recovery from anesthesia,Directly reported recovery-time endpoint; four post-randomization exclusions (2/group).,INCLUDE,ROB2_RESULT_SPECIFIC_PENDING
2 - not currently pooled,Liu 2015,Time to spontaneous respiration after anesthesia,Immediate postoperative recovery,Recovery,1,Mean/SD,44,44,46,46,Multipoint intraoperative TEAS (2/100 Hz; 30 min pre-induction through end of surgery),No-current sham TEAS with identical electrode placement/device setup,Table 2 / clinical recovery from anesthesia,Directly reported recovery-time endpoint; four post-randomization exclusions (2/group).,INCLUDE,ROB2_RESULT_SPECIFIC_PENDING
2 - not currently pooled,Liu 2015,Total intraoperative propofol consumption,Intraoperative,Intraoperative anesthetic,1,Mean/SD,44,44,46,46,Multipoint intraoperative TEAS (2/100 Hz; 30 min pre-induction through end of surgery),No-current sham TEAS with identical electrode placement/device setup,Table 2 / intraoperative anesthetics consumption,Objective total propofol dose; four post-randomization exclusions (2/group).,INCLUDE,ROB2_RESULT_SPECIFIC_PENDING
2 - not currently pooled,Liu 2021,Cumulative postoperative sufentanil consumption,0-24 h,Opioid consumption,1,Not calculable,50,50,50,50,Perioperative TEAS,Electrodes/no current,Postoperative PCIA section,"Published PCA formulation is ambiguous/implausibly low, successful delivered boluses are not reported, and actual cumulative sufentanil is unavailable",HOLD,ROB2_RESULT_SPECIFIC_PENDING
2 - not currently pooled,Liu 2021,PCA pump compressions,0-24 h,Opioid demand,1,Mean/SD,50,50,50,50,Perioperative TEAS,Electrodes/no current,24-h PCA compression result,Compressions may represent demands rather than successful boluses; do not convert to sufentanil mass,INCLUDE,ROB2_RESULT_SPECIFIC_PENDING
2 - not currently pooled,Liu 2021,VAS at rest,24 h,Pain,1,Mean/SD,50,50,50,50,Perioperative TEAS,Electrodes/no current,Table 2 / 24-h rest VAS,Participant blinding is unclear because active stimulation was maximum tolerated and control received no current,INCLUDE,ROB2_RESULT_SPECIFIC_PENDING
2 - not currently pooled,Liu 2021,VAS with coughing,24 h,Pain,1,Mean/SD,50,50,50,50,Perioperative TEAS,Electrodes/no current,Table 2 / 24-h coughing VAS,No evidence of analgesic benefit at 24 h,INCLUDE,ROB2_RESULT_SPECIFIC_PENDING
2 - not currently pooled,Liu 2025,Exact cumulative postoperative opioid consumption,0-24 h,Opioid consumption,1,Not reported,38,39,40,40,Perioperative electroacupuncture,Control/sham procedure,Exact 24-h opioid endpoint absent,No source-grounded exact 0-24-h postoperative opioid total is available in the reconciled extraction,NOT REPORTED,ROB2_RESULT_SPECIFIC_PENDING
2 - not currently pooled,Liu 2025,Total sleep time measured by ambulatory sleep recorder,First postoperative night,Sleep quality,1,Median/IQR,38,39,40,40,Perioperative electroacupuncture,Control/sham procedure,Objective sleep monitoring / first night,Objective sleep-recorder endpoint; control electrical-current status is not completely clear in the publication,NARRATIVE ONLY,ROB2_RESULT_SPECIFIC_PENDING
2 - not currently pooled,Liu 2025,VAS pain intensity,24 h,Pain,1,Graph-only continuous data,38,39,40,40,Perioperative electroacupuncture,Control/sham procedure,Figure 2 / 24-h pain,"Figure shows approximately 2/10 in both groups, but exact means/SDs are not numerically reported",GRAPH ONLY,ROB2_RESULT_SPECIFIC_PENDING
2 - not currently pooled,Liu 2026 (ESD),Any rescue IV morphine use,Through 48 h,Rescue opioid use,1,Events/total,58,62,64,65,Perioperative TEAS,Sham-point/no current,Postoperative rescue analgesia,"Morphine was 1 mg IV per administration, but number of administrations and cumulative dose per patient are not reported",INCLUDE,ROB2_RESULT_SPECIFIC_PENDING
2 - not currently pooled,Liu 2026 (ESD),Cumulative postoperative morphine consumption,0-24 h,Opioid consumption,1,Not reported,58,62,64,65,Perioperative TEAS,Sham-point/no current,Exact 24-h opioid dose absent,"Binary morphine use is reported, but administration counts and cumulative dose are not",NOT REPORTED,ROB2_RESULT_SPECIFIC_PENDING
2 - not currently pooled,Liu 2026 (ESD),NRS pain intensity,24 h,Pain,1,Mean/SD,58,62,64,65,Perioperative TEAS,Sham-point/no current,Serial NRS results / 24 h,Active TEAS at maximum tolerated intensity vs sham no current; sensory blinding success was not tested,INCLUDE,ROB2_RESULT_SPECIFIC_PENDING
2 - not currently pooled,Liu 2026 (ESD),PONV incidence,Postoperative follow-up,PONV,1,Events/total,58,62,64,65,Perioperative TEAS,Sham-point/no current,Postoperative complication table,Published RR/P-value for PONV are internally inconsistent; use raw 4/58 vs 14/62,INCLUDE,ROB2_RESULT_SPECIFIC_PENDING
2 - not currently pooled,Liu 2026 (burn),Any rescue dezocine use,Through POD1,Rescue opioid use,1,Events/total,43,43,44,44,Pre-induction TEAS,Placebo/sham TEAS,Rescue analgesia,All rescue users received one 5-mg IM dezocine dose; no repeat rescue doses were required,INCLUDE,ROB2_RESULT_SPECIFIC_PENDING
2 - not currently pooled,Liu 2026 (burn),Complete postoperative opioid/MME exposure,0-24 h,Opioid consumption,1,Not calculable,43,43,44,44,Pre-induction TEAS,Placebo/sham TEAS,Postoperative PCIA section,"PCIA composition is known but bolus volume, basal rate, delivered-volume and successful-delivery counts are not; two opioids are present in the pump",HOLD,ROB2_RESULT_SPECIFIC_PENDING
2 - not currently pooled,Liu 2026 (burn),Nausea-vomiting,Through POD1 / approximately 24 h,PONV,1,Events/total,43,43,44,44,Pre-induction TEAS,Placebo/sham TEAS,Secondary postoperative outcomes,Two different P-values are printed for the same result,INCLUDE,ROB2_RESULT_SPECIFIC_PENDING
2 - not currently pooled,Liu 2026 (burn),Remifentanil consumption,Intraoperative,Intraoperative opioid,1,Median/IQR,43,43,44,44,Pre-induction TEAS,Placebo/sham TEAS,Results / Figure 4,Abstract gives TEAS 0.65 (0.45-1.00) and control 0.90 (0.67-1.23); master uses Results/Figure 4 values and retains source discrepancy,NARRATIVE ONLY,ROB2_RESULT_SPECIFIC_PENDING
2 - not currently pooled,Liu 2026 (burn),Resting F-VAS pain,24 h,Pain,1,Graph-only continuous data,43,43,44,44,Pre-induction TEAS,Placebo/sham TEAS,Figure 5 / F3 24 h,Exact means/SDs are figure-only; do not infer numeric values from bar heights,GRAPH ONLY,ROB2_RESULT_SPECIFIC_PENDING
2 - not currently pooled,Long 2025,Delirious agitation,Postoperative,Adverse events,1,Events/total,27.0,26.0,30.0,30.0,Perioperative electrical acupoint stimulation (Group A),Electrodes/no current control (Group C),"Injury 56 (2025), Table 6; Table 6",NOT REPORTED,INCLUDE,ROB2_RESULT_SPECIFIC_PENDING
2 - not currently pooled,Long 2025,Exact cumulative postoperative sufentanil consumption,0-24 h,Opioid consumption,1,Not reported,27,26,30,30,Perioperative electrical acupoint stimulation,Electrodes/no current,Exact 24-h opioid endpoint absent,24-h PCIA volume/compressions are not reported; even 48-h volume cannot be converted exactly to sufentanil mass without body weight,NOT REPORTED,ROB2_RESULT_SPECIFIC_PENDING
2 - not currently pooled,Long 2025,Extubation time,Immediate postoperative recovery,Functional recovery,1,Mean/SD,27.0,26.0,30.0,30.0,Perioperative electrical acupoint stimulation (Group A),Electrodes/no current control (Group C),"Injury 56 (2025), Table 5 / Results; Table 5",NOT REPORTED,INCLUDE,ROB2_RESULT_SPECIFIC_PENDING
2 - not currently pooled,Long 2025,Headache and vertigo,Postoperative,Adverse events,1,Events/total,27.0,26.0,30.0,30.0,Perioperative electrical acupoint stimulation (Group A),Electrodes/no current control (Group C),"Injury 56 (2025), Table 6; Table 6",NOT REPORTED,INCLUDE,ROB2_RESULT_SPECIFIC_PENDING
2 - not currently pooled,Long 2025,Hospital stay,Postoperative hospitalization,Length of stay,1,Mean/SD,27.0,26.0,30.0,30.0,Perioperative electrical acupoint stimulation (Group A),Electrodes/no current control (Group C),"Injury 56 (2025), p. 9; Table 7",NOT REPORTED,INCLUDE,ROB2_RESULT_SPECIFIC_PENDING
2 - not currently pooled,Long 2025,Hypoxemia,Postoperative,Adverse events,1,Events/total,27.0,26.0,30.0,30.0,Perioperative electrical acupoint stimulation (Group A),Electrodes/no current control (Group C),"Injury 56 (2025), Table 6; Table 6",NOT REPORTED,INCLUDE,ROB2_RESULT_SPECIFIC_PENDING
2 - not currently pooled,Long 2025,PCIA compression count,48 h,Opioid demand,1,Mean/SD,27,26,30,30,Perioperative electrical acupoint stimulation,Electrodes/no current,Table 7 / Figure 9,Do not translate compression count into delivered sufentanil mass,INCLUDE,ROB2_RESULT_SPECIFIC_PENDING
2 - not currently pooled,Long 2025,PCIA solution consumption,48 h,Opioid demand,1,Mean/SD,27,26,30,30,Perioperative electrical acupoint stimulation,Electrodes/no current,Table 7 / Figure 9,"Reservoir contains 2 µg/kg sufentanil in 100 mL; group body weight is unavailable, so solution volume cannot be converted to group mean opioid mass",INCLUDE,ROB2_RESULT_SPECIFIC_PENDING
2 - not currently pooled,Long 2025,PONV incidence,Postoperative,PONV,1,Events/total,27,26,30,30,Perioperative electrical acupoint stimulation,Electrodes/no current,Adverse events / PONV,Adverse-event percentages elsewhere are internally inconsistent; raw 1/27 vs 8/26 is retained,INCLUDE,ROB2_RESULT_SPECIFIC_PENDING
2 - not currently pooled,Long 2025,Perioperative neurocognitive disorder (PND),POD7,Neurocognitive,1,Published event count + percentage; denominator inconsistent,,,30.0,30.0,Perioperative electrical acupoint stimulation (Group A),Electrodes/no current control (Group C),"Injury 56 (2025), Table 2; Table 2","Table percentages imply denominators C=25 and A=28, whereas study-level analyzed counts elsewhere are C=26 and A=27 and total n=53. Preserve published counts/percentages; do not reconstruct denominators.",HOLD,ROB2_RESULT_SPECIFIC_PENDING
2 - not currently pooled,Long 2025,Postoperative hypertension,Postoperative,Adverse events,1,Events/total,27.0,26.0,30.0,30.0,Perioperative electrical acupoint stimulation (Group A),Electrodes/no current control (Group C),"Injury 56 (2025), Table 6; Table 6",NOT REPORTED,INCLUDE,ROB2_RESULT_SPECIFIC_PENDING
2 - not currently pooled,Long 2025,Postoperative hypotension,Postoperative,Adverse events,1,Events/total,27.0,26.0,30.0,30.0,Perioperative electrical acupoint stimulation (Group A),Electrodes/no current control (Group C),"Injury 56 (2025), Table 6; Table 6",NOT REPORTED,INCLUDE,ROB2_RESULT_SPECIFIC_PENDING
2 - not currently pooled,Long 2025,Recovery-room stay >30 min,Immediate postoperative recovery,Functional recovery,1,Published percentage,27.0,26.0,30.0,30.0,Perioperative electrical acupoint stimulation (Group A),Electrodes/no current control (Group C),"Injury 56 (2025), Table 5 / Results; Table 5",Raw event counts are not used because the article reports percentages and the study has group-denominator inconsistencies.,NARRATIVE ONLY,ROB2_RESULT_SPECIFIC_PENDING
2 - not currently pooled,Long 2025,Stomach pain and distension,Postoperative,GI adverse event,1,Events/total,27.0,26.0,30.0,30.0,Perioperative electrical acupoint stimulation (Group A),Electrodes/no current control (Group C),"Injury 56 (2025), Table 6; Table 6",NOT REPORTED,INCLUDE,ROB2_RESULT_SPECIFIC_PENDING
2 - not currently pooled,Long 2025,Tachycardia/bradycardia,Postoperative,Adverse events,1,Events/total,27.0,26.0,30.0,30.0,Perioperative electrical acupoint stimulation (Group A),Electrodes/no current control (Group C),"Injury 56 (2025), Table 6; Table 6",NOT REPORTED,INCLUDE,ROB2_RESULT_SPECIFIC_PENDING
2 - not currently pooled,Long 2025,VAS pain intensity,24 h,Pain,1,Mean/SD,27,26,30,30,Perioperative electrical acupoint stimulation,Electrodes/no current,Table 7 / Figure 9,Abstract/Results prose gives active 2.65 ± 0.94; Table 7/Figure 9 gives 2.78 ± 0.97. Master uses the directly tabulated Table 7 value and retains discrepancy | V34: Long Table 7 EA 24-h VAS 2.78±0.97; abstract 2.65±0.94. Table values retained; quantitative HOLD pending adjudication.,HOLD,ROB2_RESULT_SPECIFIC_PENDING
2 - not currently pooled,Long 2025,VAS pain intensity,48 h,Pain,1,Mean/SD,27.0,26.0,30.0,30.0,Perioperative electrical acupoint stimulation (Group A),Electrodes/no current control (Group C),"Injury 56 (2025), p. 9; Table 7",NOT REPORTED,INCLUDE,ROB2_RESULT_SPECIFIC_PENDING
2 - not currently pooled,Lu 2021,Analgesia satisfaction score,By 24 h after surgery,Patient satisfaction,2,Mean/SD,198.0,188.0,198.0,188.0,Single PC6 TEAS,Sham/no current,"Journal of Clinical Anesthesia 74 (2021), Table 3; Table 3",NOT REPORTED,HOLD,ROB2_RESULT_SPECIFIC_PENDING
2 - not currently pooled,Lu 2021,Any PONV,24 h,PONV,2,Events/total,190,188,190,188,Combined PC6+CV17 TEAS,Sham/no current,24-h PONV table,Use raw event counts; three-arm shared sham comparator,INCLUDE,ROB2_RESULT_SPECIFIC_PENDING
2 - not currently pooled,Lu 2021,Cumulative postoperative sufentanil PCA consumption,0-24 h,Opioid consumption,1,Not reported,,,,,TEAS arms,Sham/no current,Postoperative PCA section,PCA opioid is sufentanil but prescription and cumulative 24-h consumption are not reported,NOT REPORTED,ROB2_RESULT_SPECIFIC_PENDING
2 - not currently pooled,Lu 2021,Demand for rescue parecoxib,0–24 h,Rescue analgesia,2,Events/total,198.0,188.0,198.0,188.0,Single PC6 TEAS,Sham/no current,"Journal of Clinical Anesthesia 74 (2021), Table 3; Table 3 + Results §3.3",INTERNAL SOURCE CONFLICT in reported omnibus P value. Rescue protocol: parecoxib sodium 40 mg for NRS >4.,INCLUDE,ROB2_RESULT_SPECIFIC_PENDING
2 - not currently pooled,Lu 2021,NRS among participants reporting chronic pain,3 months,Chronic pain,2,Mean/SD,70.0,75.0,198.0,188.0,Single PC6 TEAS,Sham/no current,"Journal of Clinical Anesthesia 74 (2021), Table 2; Table 2","Subset analysis denominator is the number of participants with chronic pain, not the randomized arm size.",HOLD,ROB2_RESULT_SPECIFIC_PENDING
2 - not currently pooled,Lu 2021,NRS among participants reporting chronic pain,6 months,Chronic pain,2,Mean/SD,72.0,65.0,198.0,188.0,Single PC6 TEAS,Sham/no current,"Journal of Clinical Anesthesia 74 (2021), Table 2; Table 2","Subset analysis denominator is the number of participants with chronic pain, not the randomized arm size.",HOLD,ROB2_RESULT_SPECIFIC_PENDING
2 - not currently pooled,Lu 2021,NRS at cough,24 h after surgery,Pain,2,Median/IQR,198.0,188.0,198.0,188.0,Single PC6 TEAS,Sham/no current,"Journal of Clinical Anesthesia 74 (2021), pp. 4–6; Table 3 + Results §3.3",INTERNAL SOURCE CONFLICT: Table 3 and Results prose give different omnibus P values. Values are taken from Table 3; both P values are preserved.,NARRATIVE ONLY,ROB2_RESULT_SPECIFIC_PENDING
2 - not currently pooled,Lu 2021,NRS at rest,24 h after surgery,Pain,2,Median/IQR,198.0,188.0,198.0,188.0,Single PC6 TEAS,Sham/no current,"Journal of Clinical Anesthesia 74 (2021), pp. 4–6; Table 3 + Results §3.3",INTERNAL SOURCE CONFLICT: Table 3 and Results prose give different omnibus P values. Values are taken from Table 3; both P values are preserved.,NARRATIVE ONLY,ROB2_RESULT_SPECIFIC_PENDING
2 - not currently pooled,Lu 2021,Nausea incidence,0–24 h,PONV,2,Events/total,198.0,188.0,198.0,188.0,Single PC6 TEAS,Sham/no current,"Journal of Clinical Anesthesia 74 (2021), Table 3; Table 3",NOT REPORTED,INCLUDE,ROB2_RESULT_SPECIFIC_PENDING
2 - not currently pooled,Lu 2021,PONV severity score,0–24 h,PONV,2,Mean/SD,198.0,188.0,198.0,188.0,Single PC6 TEAS,Sham/no current,"Journal of Clinical Anesthesia 74 (2021), Table 3; Table 3",NOT REPORTED,INCLUDE,ROB2_RESULT_SPECIFIC_PENDING
2 - not currently pooled,Lu 2021,Post-mastectomy chronic pain incidence,3 months,Chronic pain,2,Events/total,198.0,188.0,198.0,188.0,Single PC6 TEAS,Sham/no current,"Journal of Clinical Anesthesia 74 (2021), Table 2; Table 2",NOT REPORTED,INCLUDE,ROB2_RESULT_SPECIFIC_PENDING
2 - not currently pooled,Lu 2021,Time to extubation,Immediate postoperative recovery,Functional recovery,2,Mean/SD,198.0,188.0,198.0,188.0,Single PC6 TEAS,Sham/no current,"Journal of Clinical Anesthesia 74 (2021), Table 3; Table 3",NOT REPORTED,INCLUDE,ROB2_RESULT_SPECIFIC_PENDING
2 - not currently pooled,Lu 2021,Time to first verbal response,Immediate postoperative recovery,Functional recovery,2,Mean/SD,198.0,188.0,198.0,188.0,Single PC6 TEAS,Sham/no current,"Journal of Clinical Anesthesia 74 (2021), Table 3; Table 3",NOT REPORTED,INCLUDE,ROB2_RESULT_SPECIFIC_PENDING
2 - not currently pooled,Lu 2021,Vomiting incidence,0–24 h,PONV,2,Events/total,198.0,188.0,198.0,188.0,Single PC6 TEAS,Sham/no current,"Journal of Clinical Anesthesia 74 (2021), Table 3; Table 3",NOT REPORTED,INCLUDE,ROB2_RESULT_SPECIFIC_PENDING
2 - not currently pooled,Lu 2022,Exact cumulative PCA opioid consumption,0-24 h,Opioid consumption,1,Not reported,47,47,50,50,TEAS + ERAS,No-current control + ERAS,Postoperative PCA section,The main article never identifies the PCA drug or dose,NOT REPORTED,ROB2_RESULT_SPECIFIC_PENDING
2 - not currently pooled,Lu 2022,PCA attempts,24 h,Opioid demand,1,Median/IQR,47,47,50,50,TEAS + ERAS,No-current control + ERAS,PCA table / 24-h attempts,"PCA drug, bolus dose, concentration, basal infusion and lockout are not reported",NARRATIVE ONLY,ROB2_RESULT_SPECIFIC_PENDING
2 - not currently pooled,Lu 2022,PCA attempts,48 h after surgery,Opioid demand,1,Median/range,47.0,47.0,50.0,50.0,TEAS,Control,p. 2874; Table 3,Counts of button attempts; not opioid dose.,NARRATIVE ONLY,ROB2_RESULT_SPECIFIC_PENDING
2 - not currently pooled,Lu 2022,PCA attempts,72 h after surgery,Opioid demand,1,Median/range,47.0,47.0,50.0,50.0,TEAS,Control,p. 2874; Table 3,Counts of button attempts; not opioid dose.,NARRATIVE ONLY,ROB2_RESULT_SPECIFIC_PENDING
2 - not currently pooled,Lu 2022,PONV incidence,24 h after surgery,PONV,1,Events/total,47.0,47.0,50.0,50.0,TEAS,Control,p. 2874; Table 3,The paper reports these as PONV at each assessment time; it does not state that these are cumulative non-overlapping intervals.,INCLUDE,ROB2_RESULT_SPECIFIC_PENDING
2 - not currently pooled,Lu 2022,PONV incidence,48 h after surgery,PONV,1,Events/total,47.0,47.0,50.0,50.0,TEAS,Control,p. 2874; Table 3,The paper reports these as PONV at each assessment time; it does not state that these are cumulative non-overlapping intervals.,INCLUDE,ROB2_RESULT_SPECIFIC_PENDING
2 - not currently pooled,Lu 2022,PONV incidence,72 h after surgery,PONV,1,Events/total,47.0,47.0,50.0,50.0,TEAS,Control,p. 2874; Table 3,The paper reports these as PONV at each assessment time; it does not state that these are cumulative non-overlapping intervals.,INCLUDE,ROB2_RESULT_SPECIFIC_PENDING
2 - not currently pooled,Lu 2022,QoR-15 score,24 h after surgery,Quality of recovery,1,Median/range,47.0,47.0,50.0,50.0,TEAS,Control,p. 2875; Table 3 (continued),"Major internal conflict: Results prose reports 24-h QoR-15 as 50.5 (IQR 42.3–61.8) vs 44.5 (IQR 35.0–57.0), P=0.04, whereas Table 3 reports the values in this row and labels them median (min,max). Both locations should be preserved; this extraction uses the table per protocol.",HOLD,ROB2_RESULT_SPECIFIC_PENDING
2 - not currently pooled,Lu 2022,QoR-15 score,48 h after surgery,Quality of recovery,1,Median/range,47.0,47.0,50.0,50.0,TEAS,Control,p. 2875; Table 3 (continued),"Table header states median (min, max).",NARRATIVE ONLY,ROB2_RESULT_SPECIFIC_PENDING
2 - not currently pooled,Lu 2022,QoR-15 score,72 h after surgery,Quality of recovery,1,Median/range,47.0,47.0,50.0,50.0,TEAS,Control,p. 2875; Table 3 (continued),"Table header states median (min, max).",NARRATIVE ONLY,ROB2_RESULT_SPECIFIC_PENDING
2 - not currently pooled,Lu 2022,Successful PCA deliveries,24 h,Opioid demand,1,Median/IQR,47,47,50,50,TEAS + ERAS,No-current control + ERAS,PCA table / 24-h deliveries,Do not convert successful deliveries into opioid dose because the PCA prescription is absent,NARRATIVE ONLY,ROB2_RESULT_SPECIFIC_PENDING
2 - not currently pooled,Lu 2022,Successful PCA deliveries,48 h after surgery,Opioid demand,1,Median/range,47.0,47.0,50.0,50.0,TEAS,Control,p. 2874; Table 3,Number of PCA deliveries; not opioid dose.,NARRATIVE ONLY,ROB2_RESULT_SPECIFIC_PENDING
2 - not currently pooled,Lu 2022,Successful PCA deliveries,72 h after surgery,Opioid demand,1,Median/range,47.0,47.0,50.0,50.0,TEAS,Control,p. 2874; Table 3,Number of PCA deliveries; not opioid dose.,NARRATIVE ONLY,ROB2_RESULT_SPECIFIC_PENDING
2 - not currently pooled,Lu 2022,Time to first oral intake of water,Postoperative,Functional recovery,1,Mean/SD,47.0,47.0,50.0,50.0,TEAS,Control,p. 2874; Table 3,NOT REPORTED,INCLUDE,ROB2_RESULT_SPECIFIC_PENDING
2 - not currently pooled,Lu 2022,VAS at cough,24 h after surgery,Pain,1,Median/range,47.0,47.0,50.0,50.0,TEAS,Control,p. 2874; Table 3,"Table header states median (min, max).",NARRATIVE ONLY,ROB2_RESULT_SPECIFIC_PENDING
2 - not currently pooled,Lu 2022,VAS at cough,48 h after surgery,Pain,1,Median/range,47.0,47.0,50.0,50.0,TEAS,Control,p. 2874; Table 3,"Table header states median (min, max).",NARRATIVE ONLY,ROB2_RESULT_SPECIFIC_PENDING
2 - not currently pooled,Lu 2022,VAS at cough,72 h after surgery,Pain,1,Median/range,47.0,47.0,50.0,50.0,TEAS,Control,p. 2874; Table 3,"Table header states median (min, max).",NARRATIVE ONLY,ROB2_RESULT_SPECIFIC_PENDING
2 - not currently pooled,Lu 2022,VAS at rest,24 h after surgery,Pain,1,Median/range,47.0,47.0,50.0,50.0,TEAS,Control,p. 2874; Table 3,"Table header states median (min, max).",NARRATIVE ONLY,ROB2_RESULT_SPECIFIC_PENDING
2 - not currently pooled,Lu 2022,VAS at rest,48 h after surgery,Pain,1,Median/range,47.0,47.0,50.0,50.0,TEAS,Control,p. 2874; Table 3,"Table header states median (min, max).",NARRATIVE ONLY,ROB2_RESULT_SPECIFIC_PENDING
2 - not currently pooled,Lu 2022,VAS at rest,72 h after surgery,Pain,1,Median/range,47.0,47.0,50.0,50.0,TEAS,Control,p. 2874; Table 3,"Table header states median (min, max).",NARRATIVE ONLY,ROB2_RESULT_SPECIFIC_PENDING
2 - not currently pooled,Luo 2026,Complete response: no vomiting and no rescue antiemetic,0-48 h,PONV,1,Events/total,138,139,138,139,Intraoperative PC6 TEAS + standard antiemetics,Sham/no current + standard antiemetics,Complete-response result,Abstract percentage differs slightly from table-derived 112/138; use raw counts,INCLUDE,ROB2_RESULT_SPECIFIC_PENDING
2 - not currently pooled,Luo 2026,Cumulative postoperative oxycodone consumption,0-24 h,Opioid consumption,1,Not reported,138,139,138,139,Intraoperative PC6 TEAS + standard antiemetics,Sham/no current + standard antiemetics,Postoperative analgesia / exact 24-h endpoint absent,"Postoperative IV oxycodone is described, but schedule and group-specific cumulative 24-h consumption are not reported",NOT REPORTED,ROB2_RESULT_SPECIFIC_PENDING
2 - not currently pooled,Luo 2026,Cumulative postoperative vomiting,0-48 h,PONV,1,Events/total,138,139,138,139,Intraoperative PC6 TEAS + standard antiemetics,Sham/no current + standard antiemetics,Primary outcome / cumulative vomiting,"Vomiting is more objective than nausea, but participant masking was incomplete",INCLUDE,ROB2_RESULT_SPECIFIC_PENDING
2 - not currently pooled,Luo 2026,Postoperative NRS pain,24 h,Pain,1,Mean/SD,138,139,138,139,Intraoperative PC6 TEAS + standard antiemetics,Sham/no current + standard antiemetics,Postoperative pain table / 24 h,Rest-versus-movement condition is not reported; participant masking was incomplete,INCLUDE,ROB2_RESULT_SPECIFIC_PENDING
2 - not currently pooled,Luo 2026,Published 'sufentanil equivalents' metric,Perioperative,Perioperative opioid,1,Mean/SD,138,139,138,139,Intraoperative PC6 TEAS + standard antiemetics,Sham/no current + standard antiemetics,Table 1 / perioperative opioid metric,Source labels approximately 15-16 as 'sufentanil equivalents (mg)' without explaining conversion; preserve verbatim,INCLUDE,ROB2_RESULT_SPECIFIC_PENDING
2 - not currently pooled,Ma 2026,Athens Insomnia Scale,POD1,Sleep quality,1,Graph-only continuous data,17,16,18,17,Group T: sleep disturbance + preop TEAS,"Group S: sleep disturbance, no TEAS",Figure 4 / POD1 AIS,Exact postoperative AIS means/SDs are graph-only; Group C is non-randomized and must not be used as a randomized comparator,GRAPH ONLY,ROB2_RESULT_SPECIFIC_PENDING
2 - not currently pooled,Ma 2026,Cumulative postoperative opioid consumption,0-24 h,Opioid consumption,1,Not reported,17,16,18,17,Group T: sleep disturbance + preop TEAS,"Group S: sleep disturbance, no TEAS",Postoperative analgesia section,Routine postoperative analgesia was non-opioid flurbiprofen; whether any postoperative opioid was given is not reported,NOT REPORTED,ROB2_RESULT_SPECIFIC_PENDING
2 - not currently pooled,Ma 2026,Nausea,24 h,PONV,1,Events/total,17,16,18,17,Group T: sleep disturbance + preop TEAS,"Group S: sleep disturbance, no TEAS",24-h PONV table,Overall P-value includes non-randomized Group C; do not treat it as the randomized pairwise P-value,INCLUDE,ROB2_RESULT_SPECIFIC_PENDING
2 - not currently pooled,Ma 2026,Vomiting,24 h,PONV,1,Events/total,17,16,18,17,Group T: sleep disturbance + preop TEAS,"Group S: sleep disturbance, no TEAS",24-h PONV table,Overall P-value includes non-randomized Group C,INCLUDE,ROB2_RESULT_SPECIFIC_PENDING
2 - not currently pooled,Ng 2013,Cumulative pethidine consumption,0-24 h,Opioid consumption,1,Not reported,55,55,55,55,Electroacupuncture,Sham acupuncture,Exact 24-h opioid endpoint absent,Do not multiply injection counts by 50 mg and call it a 24-h dose; source time window/dosing statement is ambiguous,NOT REPORTED,ROB2_RESULT_SPECIFIC_PENDING
2 - not currently pooled,Ng 2013,Number of postoperative pethidine injections,Postoperative; exact window NR,Opioid demand,1,Mean/SD,55,55,55,55,Electroacupuncture,Sham acupuncture,Analgesic requirement tables,"Methods say 1 mg/kg q4h PRN, tables say 50-mg injections; exact observation window and route not clearly defined",INCLUDE,ROB2_RESULT_SPECIFIC_PENDING
2 - not currently pooled,Ng 2013,Time to first flatus,Postoperative,GI recovery,1,Mean/SD,55,55,55,55,Electroacupuncture,Sham acupuncture,Secondary outcome / first flatus,No statistically significant EA-vs-sham difference,INCLUDE,ROB2_RESULT_SPECIFIC_PENDING
2 - not currently pooled,Ng 2013,VAS pain intensity,POD1,Pain,1,Mean/SD,55,55,55,55,Electroacupuncture,Sham acupuncture,Pain outcome / POD1,POD1 is not an exact clock-defined 24-h point,INCLUDE,ROB2_RESULT_SPECIFIC_PENDING
2 - not currently pooled,Ntritsou 2014,Complete 24-h opioid/MME exposure,0-24 h,Opioid consumption,1,Not calculable,35,35,37,38,Perioperative EA + tramadol/ketamine,Sham + tramadol/ketamine,Combined opioid exposure,Do not equate lower rescue use with significantly lower total opioid exposure,HOLD,ROB2_RESULT_SPECIFIC_PENDING
2 - not currently pooled,Ntritsou 2014,Total rescue analgesia,First 24 h,Rescue opioid use,1,Qualitative / exact quantities unavailable,35,35,37,38,Perioperative EA + tramadol/ketamine,Sham + tramadol/ketamine,Rescue analgesia results,Main article reports significantly less total rescue analgesia but does not tabulate exact rescue tramadol/morphine quantities,HOLD,ROB2_RESULT_SPECIFIC_PENDING
2 - not currently pooled,Oztas 2019,Complete combined postoperative opioid exposure (tramadol + rescue pethidine),0-24 h,Opioid consumption,1,Not calculable,15,16,16,16,"Postoperative TAES at ST25, P6, ST36 and LI4 (2–100 Hz; max 12 mA; 30 min ×6)",No electrical-stimulation intervention + standard PCA analgesia,Table 4 / tramadol + pethidine 0–24 h,Tramadol and pethidine are reported separately as aggregate mean/SD. The SD of their within-person sum cannot be recovered from aggregate data without covariance.,HOLD,ROB2_RESULT_SPECIFIC_PENDING
2 - not currently pooled,Oztas 2019,Cumulative IV PCA tramadol HCl consumption,24-48 h,Opioid consumption,2,Mean/SD,15,16,16,16,"Postoperative TAES at ST25, P6, ST36 and LI4 (2–100 Hz; max 12 mA; 30 min ×6)",No electrical-stimulation intervention + standard PCA analgesia,Table 4 / Tramadol HCl (24–48 h),Separate rescue pethidine was also used; not a 0-24 h endpoint.,INCLUDE,ROB2_RESULT_SPECIFIC_PENDING
2 - not currently pooled,Oztas 2019,Nausea severity,0-24 h,PONV,1,Qualitative / exact group values unavailable,15,16,16,16,"Postoperative TAES at ST25, P6, ST36 and LI4 (2–100 Hz; max 12 mA; 30 min ×6)",No electrical-stimulation intervention + standard PCA analgesia,Results / postoperative 0–6 and 6–24 h nausea statement,Article states no significant group difference but does not provide group-specific nausea values in the main text/tables.,HOLD,ROB2_RESULT_SPECIFIC_PENDING
2 - not currently pooled,Oztas 2019,Rescue IM pethidine HCl consumption,0-24 h,Rescue opioid use,2,Mean/SD,15,16,16,16,"Postoperative TAES at ST25, P6, ST36 and LI4 (2–100 Hz; max 12 mA; 30 min ×6)",No electrical-stimulation intervention + standard PCA analgesia,Table 4 / Pethidine HCl (0–24 h),Rescue opioid reported separately from PCA tramadol; do not sum aggregate SDs without covariance/raw data.,INCLUDE,ROB2_RESULT_SPECIFIC_PENDING
2 - not currently pooled,Oztas 2019,Rescue IM pethidine HCl consumption,24-48 h,Rescue opioid use,2,Mean/SD,15,16,16,16,"Postoperative TAES at ST25, P6, ST36 and LI4 (2–100 Hz; max 12 mA; 30 min ×6)",No electrical-stimulation intervention + standard PCA analgesia,Table 4 / Pethidine HCl (24–48 h),Rescue opioid reported separately from PCA tramadol; do not sum aggregate SDs without covariance/raw data.,INCLUDE,ROB2_RESULT_SPECIFIC_PENDING
2 - not currently pooled,Oztas 2019,Rescue IV dexketoprofen trometamol consumption,0-24 h,Rescue analgesia,2,Mean/SD,15,16,16,16,"Postoperative TAES at ST25, P6, ST36 and LI4 (2–100 Hz; max 12 mA; 30 min ×6)",No electrical-stimulation intervention + standard PCA analgesia,Table 4 / Dexketoprofen trometamol (0–24 h),Non-opioid rescue analgesic; never relabel as opioid consumption.,INCLUDE,ROB2_RESULT_SPECIFIC_PENDING
2 - not currently pooled,Oztas 2019,Rescue IV dexketoprofen trometamol consumption,24-48 h,Rescue analgesia,2,Mean/SD,15,16,16,16,"Postoperative TAES at ST25, P6, ST36 and LI4 (2–100 Hz; max 12 mA; 30 min ×6)",No electrical-stimulation intervention + standard PCA analgesia,Table 4 / Dexketoprofen trometamol (24–48 h),Non-opioid rescue analgesic; never relabel as opioid consumption.,INCLUDE,ROB2_RESULT_SPECIFIC_PENDING
2 - not currently pooled,Oztas 2019,Resting postoperative pain after stimulation,2 h after surgery / after intervention,Pain,2,Mean/SD,15,16,16,16,"Postoperative TAES at ST25, P6, ST36 and LI4 (2–100 Hz; max 12 mA; 30 min ×6)",No electrical-stimulation intervention + standard PCA analgesia,Table 3 / after-implementation pain at 2 h,Open-label subjective outcome; source methods describe VAS 1–10 although tabulated minima include 0.,INCLUDE,ROB2_RESULT_SPECIFIC_PENDING
2 - not currently pooled,Oztas 2019,Resting postoperative pain after stimulation,18 h after surgery / after intervention,Pain,2,Mean/SD,15,16,16,16,"Postoperative TAES at ST25, P6, ST36 and LI4 (2–100 Hz; max 12 mA; 30 min ×6)",No electrical-stimulation intervention + standard PCA analgesia,Table 3 / after-implementation pain at 18 h,Open-label subjective outcome; source methods describe VAS 1–10 although tabulated minima include 0.,INCLUDE,ROB2_RESULT_SPECIFIC_PENDING
2 - not currently pooled,Oztas 2019,Resting postoperative pain after stimulation,22 h after surgery / after intervention,Pain,2,Mean/SD,15,16,16,16,"Postoperative TAES at ST25, P6, ST36 and LI4 (2–100 Hz; max 12 mA; 30 min ×6)",No electrical-stimulation intervention + standard PCA analgesia,Table 3 / after-implementation pain at 22 h,Open-label subjective outcome; source methods describe VAS 1–10 although tabulated minima include 0.,INCLUDE,ROB2_RESULT_SPECIFIC_PENDING
2 - not currently pooled,Oztas 2019,Resting postoperative pain after stimulation,42 h after surgery / after intervention,Pain,2,Mean/SD,15,16,16,16,"Postoperative TAES at ST25, P6, ST36 and LI4 (2–100 Hz; max 12 mA; 30 min ×6)",No electrical-stimulation intervention + standard PCA analgesia,Table 3 / after-implementation pain at 42 h,Open-label subjective outcome; source methods describe VAS 1–10 although tabulated minima include 0.,INCLUDE,ROB2_RESULT_SPECIFIC_PENDING
2 - not currently pooled,Oztas 2019,Resting postoperative pain after stimulation,46 h after surgery / after intervention,Pain,2,Mean/SD,15,16,16,16,"Postoperative TAES at ST25, P6, ST36 and LI4 (2–100 Hz; max 12 mA; 30 min ×6)",No electrical-stimulation intervention + standard PCA analgesia,Table 3 / after-implementation pain at 46 h,Open-label subjective outcome; source methods describe VAS 1–10 although tabulated minima include 0.,INCLUDE,ROB2_RESULT_SPECIFIC_PENDING
2 - not currently pooled,Oztas 2019,Vomiting occurrence,0-24 h,PONV,1,Qualitative / exact group values unavailable,15,16,16,16,"Postoperative TAES at ST25, P6, ST36 and LI4 (2–100 Hz; max 12 mA; 30 min ×6)",No electrical-stimulation intervention + standard PCA analgesia,Results / postoperative 0–6 and 6–24 h vomiting statement,Article states no significant group difference but does not provide group-specific vomiting counts in the main text/tables.,HOLD,ROB2_RESULT_SPECIFIC_PENDING
2 - not currently pooled,Pan 2023,Emotional state,24 h after operation,Quality of recovery,1,Mean/SD,52.0,53.0,52.0,53.0,Group T — TEAS,Group C — control,p. 816; Table 10,NOT REPORTED,INCLUDE,ROB2_RESULT_SPECIFIC_PENDING
2 - not currently pooled,Pan 2023,First postoperative implantation activity time,Postoperative,Functional recovery,1,Median/IQR,52.0,53.0,52.0,53.0,Group T — TEAS,Group C — control,p. 816; Table 9,"The source literally prints 'implantation activity'; this appears likely to be a wording error, but it is preserved verbatim and not silently corrected.",HOLD,ROB2_RESULT_SPECIFIC_PENDING
2 - not currently pooled,Pan 2023,First postoperative water intake time,Postoperative,Functional recovery,1,Median/IQR,52.0,53.0,52.0,53.0,Group T — TEAS,Group C — control,p. 816; Table 9,NOT REPORTED,NARRATIVE ONLY,ROB2_RESULT_SPECIFIC_PENDING
2 - not currently pooled,Pan 2023,First solid food tolerance time,Postoperative,Functional recovery,1,Median/IQR,52.0,53.0,52.0,53.0,Group T — TEAS,Group C — control,p. 816; Table 9,NOT REPORTED,NARRATIVE ONLY,ROB2_RESULT_SPECIFIC_PENDING
2 - not currently pooled,Pan 2023,NRS in the mobile state,1 h after operation,Pain,1,Other (describe),52.0,53.0,52.0,53.0,Group T — TEAS,Group C — control,p. 815; Table 7,Results text specifies the NRS was assessed 'while in the mobile state'. Table prints parenthetical values but does not label them as SD/IQR in Table 7; statistic type therefore left as Other (describe).,HOLD,ROB2_RESULT_SPECIFIC_PENDING
2 - not currently pooled,Pan 2023,NRS in the mobile state,24 h after operation,Pain,1,Other (describe),52.0,53.0,52.0,53.0,Group T — TEAS,Group C — control,p. 815; Table 7,Results text specifies the NRS was assessed 'while in the mobile state'. Table prints parenthetical values but does not label them as SD/IQR in Table 7; statistic type therefore left as Other (describe).,HOLD,ROB2_RESULT_SPECIFIC_PENDING
2 - not currently pooled,Pan 2023,Nausea incidence,Within 24 h after operation,PONV,1,Other (describe),52.0,53.0,52.0,53.0,Group T — TEAS,Group C — control,p. 815; Table 7,Nausea is discussed generally but is not separately tabulated as an incidence outcome.,NOT REPORTED,ROB2_RESULT_SPECIFIC_PENDING
2 - not currently pooled,Pan 2023,PACU Aldrete score,PACU,Functional recovery,1,Mean/SD,52.0,53.0,52.0,53.0,Group T — TEAS,Group C — control,p. 815; Table 6,NOT REPORTED,INCLUDE,ROB2_RESULT_SPECIFIC_PENDING
2 - not currently pooled,Pan 2023,PACU highest NRS score,PACU,Pain,1,Other (describe),52.0,53.0,52.0,53.0,Group T — TEAS,Group C — control,p. 815; Table 6,The table does not define the parenthetical statistic for this row; do not assume SD or IQR.,HOLD,ROB2_RESULT_SPECIFIC_PENDING
2 - not currently pooled,Pan 2023,PACU retention time,PACU,Functional recovery,1,Mean/SD,52.0,53.0,52.0,53.0,Group T — TEAS,Group C — control,p. 815; Table 6,NOT REPORTED,INCLUDE,ROB2_RESULT_SPECIFIC_PENDING
2 - not currently pooled,Pan 2023,Pain subscale,24 h after operation,Quality of recovery,1,Mean/SD,52.0,53.0,52.0,53.0,Group T — TEAS,Group C — control,p. 816; Table 10,NOT REPORTED,INCLUDE,ROB2_RESULT_SPECIFIC_PENDING
2 - not currently pooled,Pan 2023,Participants using analgesic drugs,Within 24 h after operation,Rescue analgesia,1,Events/total,52.0,53.0,52.0,53.0,Group T — TEAS,Group C — control,p. 815; Table 7,"The table reports use of analgesic drugs, not a drug dose or opioid amount.",HOLD,ROB2_RESULT_SPECIFIC_PENDING
2 - not currently pooled,Pan 2023,Participants using antiemetic drugs,Within 24 h after operation,Rescue antiemetic,1,Events/total,52.0,53.0,52.0,53.0,Group T — TEAS,Group C — control,p. 815; Table 7,NOT REPORTED,INCLUDE,ROB2_RESULT_SPECIFIC_PENDING
2 - not currently pooled,Pan 2023,Physical comfort,24 h after operation,Quality of recovery,1,Mean/SD,52.0,53.0,52.0,53.0,Group T — TEAS,Group C — control,p. 816; Table 10,NOT REPORTED,INCLUDE,ROB2_RESULT_SPECIFIC_PENDING
2 - not currently pooled,Pan 2023,Physical independence,24 h after operation,Quality of recovery,1,Mean/SD,52.0,53.0,52.0,53.0,Group T — TEAS,Group C — control,p. 816; Table 10,NOT REPORTED,INCLUDE,ROB2_RESULT_SPECIFIC_PENDING
2 - not currently pooled,Pan 2023,Postoperative hospitalization time,Postoperative hospitalization,Length of stay,1,Mean/SD,52.0,53.0,52.0,53.0,Group T — TEAS,Group C — control,p. 816; Table 9,NOT REPORTED,INCLUDE,ROB2_RESULT_SPECIFIC_PENDING
2 - not currently pooled,Pan 2023,Psychological support,24 h after operation,Quality of recovery,1,Mean/SD,52.0,53.0,52.0,53.0,Group T — TEAS,Group C — control,p. 816; Table 10,NOT REPORTED,INCLUDE,ROB2_RESULT_SPECIFIC_PENDING
2 - not currently pooled,Pan 2023,Removing the catheter time,Postoperative,Functional recovery,1,Median/IQR,52.0,53.0,52.0,53.0,Group T — TEAS,Group C — control,p. 816; Table 9,NOT REPORTED,NARRATIVE ONLY,ROB2_RESULT_SPECIFIC_PENDING
2 - not currently pooled,Pan 2023,Resting pain,Postoperative,Pain,1,Other (describe),52.0,53.0,52.0,53.0,Group T — TEAS,Group C — control,pp. 810–816; Methods + Tables 6–7,A separate resting-pain outcome is not reported.,NOT REPORTED,ROB2_RESULT_SPECIFIC_PENDING
2 - not currently pooled,Pan 2023,Time of conscious,PACU/recovery,Functional recovery,1,Mean/SD,52.0,53.0,52.0,53.0,Group T — TEAS,Group C — control,p. 815; Table 6,NOT REPORTED,INCLUDE,ROB2_RESULT_SPECIFIC_PENDING
2 - not currently pooled,Pan 2023,Time of extubation,PACU/recovery,Functional recovery,1,Mean/SD,52.0,53.0,52.0,53.0,Group T — TEAS,Group C — control,p. 815; Table 6,NOT REPORTED,INCLUDE,ROB2_RESULT_SPECIFIC_PENDING
2 - not currently pooled,Pan 2023,Time of respiratory recovery,PACU/recovery,Functional recovery,1,Mean/SD,52.0,53.0,52.0,53.0,Group T — TEAS,Group C — control,p. 815; Table 6,NOT REPORTED,INCLUDE,ROB2_RESULT_SPECIFIC_PENDING
2 - not currently pooled,Pan 2023,Utilization of remedial drugs in PACU,PACU,Rescue medication,1,Events/total,52.0,53.0,52.0,53.0,Group T — TEAS,Group C — control,p. 815; Table 6,Table 6 does not specify which remedial drug(s) were used.,HOLD,ROB2_RESULT_SPECIFIC_PENDING
2 - not currently pooled,Pan 2023,Vomiting incidence,1 h after operation,PONV,1,Events/total,52.0,53.0,52.0,53.0,Group T — TEAS,Group C — control,p. 815; Table 7,The table reports counts and rounded percentages.,INCLUDE,ROB2_RESULT_SPECIFIC_PENDING
2 - not currently pooled,Pan 2023,Vomiting incidence,Within 24 h after operation,PONV,1,Events/total,52.0,53.0,52.0,53.0,Group T — TEAS,Group C — control,p. 815; Table 7,The table reports counts and rounded percentages.,INCLUDE,ROB2_RESULT_SPECIFIC_PENDING
2 - not currently pooled,Sim 2002,Alfentanil requirement rate,Intraoperative,Intraoperative opioid,2,Mean/SD,30,30,30,30,Preoperative EA,Placebo EA,Figure 2 / alfentanil requirement,No significant placebo-controlled intraoperative opioid-sparing effect,INCLUDE,ROB2_RESULT_SPECIFIC_PENDING
2 - not currently pooled,Sim 2002,Drowsiness,0–24 h,Opioid-related adverse effect,2,Published percentage,30.0,30.0,30.0,30.0,Preoperative EA (Group II),Placebo EA (Group I),Acupuncture in Medicine 2002;20:60–61; Table 2,Raw event counts are NOT REPORTED and were not reconstructed from rounded percentages.,NARRATIVE ONLY,ROB2_RESULT_SPECIFIC_PENDING
2 - not currently pooled,Sim 2002,Mean resting VAS over first 24 h,0–24 h mean across 6-hourly assessments,Pain,2,Mean/SD,30.0,30.0,30.0,30.0,Preoperative EA (Group II),Placebo EA (Group I),Acupuncture in Medicine 2002;20:60–61; Table 2,"Table footnote states these are mean values over 24 h, not the exact 24-h point measurement.",INCLUDE,ROB2_RESULT_SPECIFIC_PENDING
2 - not currently pooled,Sim 2002,PONV,0–24 h,PONV,2,Published percentage,30.0,30.0,30.0,30.0,Preoperative EA (Group II),Placebo EA (Group I),Acupuncture in Medicine 2002;20:60–61; Table 2,Raw event counts are NOT REPORTED and were not reconstructed from rounded percentages.,NARRATIVE ONLY,ROB2_RESULT_SPECIFIC_PENDING
2 - not currently pooled,Sim 2002,Postoperative IV PCA morphine,6-12 h,Opioid consumption,1,Median/IQR width as printed,30,30,30,30,Preoperative EA,Placebo EA,6-12-h morphine interval,Source reports median (IQR) as 0.03 (0.05) vs 0.10 (0.11); IQR is reported as a single width rather than Q1/Q3,NARRATIVE ONLY,ROB2_RESULT_SPECIFIC_PENDING
2 - not currently pooled,Sim 2002,Postoperative IV PCA morphine in interval,0–6 h,Opioid consumption,2,Graph only,30.0,30.0,30.0,30.0,Preoperative EA (Group II),Placebo EA (Group I),Acupuncture in Medicine 2002;20:60; Figure 3,Exact numerical interval value is not printed. No visual digitization performed.,GRAPH ONLY,ROB2_RESULT_SPECIFIC_PENDING
2 - not currently pooled,Sim 2002,Postoperative IV PCA morphine in interval,12–18 h,Opioid consumption,2,Graph only,30.0,30.0,30.0,30.0,Preoperative EA (Group II),Placebo EA (Group I),Acupuncture in Medicine 2002;20:60; Figure 3,Exact numerical interval value is not printed. No visual digitization performed.,GRAPH ONLY,ROB2_RESULT_SPECIFIC_PENDING
2 - not currently pooled,Sim 2002,Postoperative IV PCA morphine in interval,18–24 h,Opioid consumption,2,Graph only,30.0,30.0,30.0,30.0,Preoperative EA (Group II),Placebo EA (Group I),Acupuncture in Medicine 2002;20:60; Figure 3,Exact numerical interval value is not printed. No visual digitization performed.,GRAPH ONLY,ROB2_RESULT_SPECIFIC_PENDING
2 - not currently pooled,Sim 2002,Postoperative IV PCA morphine in interval,6–12 h,Opioid consumption,1,Median/IQR width as printed,30.0,30.0,30.0,30.0,Postoperative EA (Group III),Placebo EA (Group I),Acupuncture in Medicine 2002;20:60; Results text + Figure 3,"The paper states nonparametric data are presented as median (interquartile range), but prints a single parenthetical IQR value rather than Q1 and Q3. Pairwise P is printed for Group II vs I and II vs III, not Group III vs I.",NARRATIVE ONLY,ROB2_RESULT_SPECIFIC_PENDING
2 - not currently pooled,Sim 2002,Pruritus,0–24 h,Opioid-related adverse effect,2,Published percentage,30.0,30.0,30.0,30.0,Preoperative EA (Group II),Placebo EA (Group I),Acupuncture in Medicine 2002;20:60–61; Table 2,Raw event counts are NOT REPORTED and were not reconstructed from rounded percentages.,NARRATIVE ONLY,ROB2_RESULT_SPECIFIC_PENDING
2 - not currently pooled,Sim 2002,Resting VAS,6 h,Pain,2,Other (describe),30.0,30.0,30.0,30.0,Preoperative EA (Group II),Placebo EA (Group I),Acupuncture in Medicine 2002;20:59–61; Outcomes/Results text,Exact group values for this individual clock-time assessment are NOT REPORTED. Do not substitute the Table 2 24-h mean.,NOT REPORTED,ROB2_RESULT_SPECIFIC_PENDING
2 - not currently pooled,Sim 2002,Resting VAS,12 h,Pain,2,Other (describe),30.0,30.0,30.0,30.0,Preoperative EA (Group II),Placebo EA (Group I),Acupuncture in Medicine 2002;20:59–61; Outcomes/Results text,Exact group values for this individual clock-time assessment are NOT REPORTED. Do not substitute the Table 2 24-h mean.,NOT REPORTED,ROB2_RESULT_SPECIFIC_PENDING
2 - not currently pooled,Sim 2002,Resting VAS,18 h,Pain,2,Other (describe),30.0,30.0,30.0,30.0,Preoperative EA (Group II),Placebo EA (Group I),Acupuncture in Medicine 2002;20:59–61; Outcomes/Results text,Exact group values for this individual clock-time assessment are NOT REPORTED. Do not substitute the Table 2 24-h mean.,NOT REPORTED,ROB2_RESULT_SPECIFIC_PENDING
2 - not currently pooled,Sim 2002,Resting VAS,24 h,Pain,2,Other (describe),30.0,30.0,30.0,30.0,Preoperative EA (Group II),Placebo EA (Group I),Acupuncture in Medicine 2002;20:59–61; Outcomes/Results text,Exact group values for this individual clock-time assessment are NOT REPORTED. Do not substitute the Table 2 24-h mean.,NOT REPORTED,ROB2_RESULT_SPECIFIC_PENDING
2 - not currently pooled,Song 2020,AIS score,First night before surgery after preoperative stimulation,Sleep quality,1,Mean/SD,42,43,42,43,Perioperative TEAS: PC6/HT7 preoperatively; PC6/HT7/ST36/LI4 postoperatively (2/10 Hz; 30-min sessions),Active nonacupoint electrical stimulation with matched timing/frequency,Table 2,Authors report 85 in ITT and 78 PP; Table 3/Table 2 retain original 42/43 group denominators. Active nonacupoint stimulation was used to preserve masking.,INCLUDE,ROB2_RESULT_SPECIFIC_PENDING
2 - not currently pooled,Song 2020,AIS score,First postoperative night,Sleep quality,1,Mean/SD,42,43,42,43,Perioperative TEAS: PC6/HT7 preoperatively; PC6/HT7/ST36/LI4 postoperatively (2/10 Hz; 30-min sessions),Active nonacupoint electrical stimulation with matched timing/frequency,Table 2,Authors report 85 in ITT and 78 PP; Table 3/Table 2 retain original 42/43 group denominators. Active nonacupoint stimulation was used to preserve masking.,INCLUDE,ROB2_RESULT_SPECIFIC_PENDING
2 - not currently pooled,Song 2020,AIS score,Third postoperative night,Sleep quality,1,Mean/SD,42,43,42,43,Perioperative TEAS: PC6/HT7 preoperatively; PC6/HT7/ST36/LI4 postoperatively (2/10 Hz; 30-min sessions),Active nonacupoint electrical stimulation with matched timing/frequency,Table 2,Authors report 85 in ITT and 78 PP; Table 3/Table 2 retain original 42/43 group denominators. Active nonacupoint stimulation was used to preserve masking.,INCLUDE,ROB2_RESULT_SPECIFIC_PENDING
2 - not currently pooled,Song 2020,Bradycardia,0-24 h,Other adverse events,1,Events/total,42,43,42,43,Perioperative TEAS: PC6/HT7 preoperatively; PC6/HT7/ST36/LI4 postoperatively (2/10 Hz; 30-min sessions),Active nonacupoint electrical stimulation with matched timing/frequency,Table 3,Authors report 85 in ITT and 78 PP; Table 3/Table 2 retain original 42/43 group denominators. Active nonacupoint stimulation was used to preserve masking.,INCLUDE,ROB2_RESULT_SPECIFIC_PENDING
2 - not currently pooled,Song 2020,Dizziness,0-24 h,Other adverse events,1,Events/total,42,43,42,43,Perioperative TEAS: PC6/HT7 preoperatively; PC6/HT7/ST36/LI4 postoperatively (2/10 Hz; 30-min sessions),Active nonacupoint electrical stimulation with matched timing/frequency,Table 3,Authors report 85 in ITT and 78 PP; Table 3/Table 2 retain original 42/43 group denominators. Active nonacupoint stimulation was used to preserve masking.,INCLUDE,ROB2_RESULT_SPECIFIC_PENDING
2 - not currently pooled,Song 2020,Nausea and vomiting adverse event,0-24 h,PONV,1,Events/total,42,43,42,43,Perioperative TEAS: PC6/HT7 preoperatively; PC6/HT7/ST36/LI4 postoperatively (2/10 Hz; 30-min sessions),Active nonacupoint electrical stimulation with matched timing/frequency,Table 3,Authors report 85 in ITT and 78 PP; Table 3/Table 2 retain original 42/43 group denominators. Active nonacupoint stimulation was used to preserve masking.,INCLUDE,ROB2_RESULT_SPECIFIC_PENDING
2 - not currently pooled,Song 2020,Postoperative VAS pain score,2 h after surgery,Pain,1,Mean/SD,42,43,42,43,Perioperative TEAS: PC6/HT7 preoperatively; PC6/HT7/ST36/LI4 postoperatively (2/10 Hz; 30-min sessions),Active nonacupoint electrical stimulation with matched timing/frequency,Table 3,Authors report 85 in ITT and 78 PP; Table 3/Table 2 retain original 42/43 group denominators. Active nonacupoint stimulation was used to preserve masking.,INCLUDE,ROB2_RESULT_SPECIFIC_PENDING
2 - not currently pooled,Song 2020,Postoperative VAS pain score,4 h after surgery,Pain,1,Mean/SD,42,43,42,43,Perioperative TEAS: PC6/HT7 preoperatively; PC6/HT7/ST36/LI4 postoperatively (2/10 Hz; 30-min sessions),Active nonacupoint electrical stimulation with matched timing/frequency,Table 3,Authors report 85 in ITT and 78 PP; Table 3/Table 2 retain original 42/43 group denominators. Active nonacupoint stimulation was used to preserve masking.,INCLUDE,ROB2_RESULT_SPECIFIC_PENDING
2 - not currently pooled,Song 2020,Postoperative VAS pain score,6 h after surgery,Pain,1,Mean/SD,42,43,42,43,Perioperative TEAS: PC6/HT7 preoperatively; PC6/HT7/ST36/LI4 postoperatively (2/10 Hz; 30-min sessions),Active nonacupoint electrical stimulation with matched timing/frequency,Table 3,Authors report 85 in ITT and 78 PP; Table 3/Table 2 retain original 42/43 group denominators. Active nonacupoint stimulation was used to preserve masking.,INCLUDE,ROB2_RESULT_SPECIFIC_PENDING
2 - not currently pooled,Song 2020,Postoperative VAS pain score,24 h after surgery,Pain,1,Mean/SD,42,43,42,43,Perioperative TEAS: PC6/HT7 preoperatively; PC6/HT7/ST36/LI4 postoperatively (2/10 Hz; 30-min sessions),Active nonacupoint electrical stimulation with matched timing/frequency,Table 3,Authors report 85 in ITT and 78 PP; Table 3/Table 2 retain original 42/43 group denominators. Active nonacupoint stimulation was used to preserve masking.,INCLUDE,ROB2_RESULT_SPECIFIC_PENDING
2 - not currently pooled,Song 2020,REM sleep,First night before surgery after preoperative stimulation,Sleep quality,1,Mean/SD,42,43,42,43,Perioperative TEAS: PC6/HT7 preoperatively; PC6/HT7/ST36/LI4 postoperatively (2/10 Hz; 30-min sessions),Active nonacupoint electrical stimulation with matched timing/frequency,Table 2,Authors report 85 in ITT and 78 PP; Table 3/Table 2 retain original 42/43 group denominators. Active nonacupoint stimulation was used to preserve masking.,INCLUDE,ROB2_RESULT_SPECIFIC_PENDING
2 - not currently pooled,Song 2020,REM sleep,First postoperative night,Sleep quality,1,Mean/SD,42,43,42,43,Perioperative TEAS: PC6/HT7 preoperatively; PC6/HT7/ST36/LI4 postoperatively (2/10 Hz; 30-min sessions),Active nonacupoint electrical stimulation with matched timing/frequency,Table 2,Authors report 85 in ITT and 78 PP; Table 3/Table 2 retain original 42/43 group denominators. Active nonacupoint stimulation was used to preserve masking.,INCLUDE,ROB2_RESULT_SPECIFIC_PENDING
2 - not currently pooled,Song 2020,REM sleep,Third postoperative night,Sleep quality,1,Mean/SD,42,43,42,43,Perioperative TEAS: PC6/HT7 preoperatively; PC6/HT7/ST36/LI4 postoperatively (2/10 Hz; 30-min sessions),Active nonacupoint electrical stimulation with matched timing/frequency,Table 2,Authors report 85 in ITT and 78 PP; Table 3/Table 2 retain original 42/43 group denominators. Active nonacupoint stimulation was used to preserve masking.,INCLUDE,ROB2_RESULT_SPECIFIC_PENDING
2 - not currently pooled,Song 2020,Respiratory depression,0-24 h,Other adverse events,1,Events/total,42,43,42,43,Perioperative TEAS: PC6/HT7 preoperatively; PC6/HT7/ST36/LI4 postoperatively (2/10 Hz; 30-min sessions),Active nonacupoint electrical stimulation with matched timing/frequency,Table 3,Authors report 85 in ITT and 78 PP; Table 3/Table 2 retain original 42/43 group denominators. Active nonacupoint stimulation was used to preserve masking.,INCLUDE,ROB2_RESULT_SPECIFIC_PENDING
2 - not currently pooled,Song 2020,Sleep efficiency,First night before surgery after preoperative stimulation,Sleep quality,1,Mean/SD,42,43,42,43,Perioperative TEAS: PC6/HT7 preoperatively; PC6/HT7/ST36/LI4 postoperatively (2/10 Hz; 30-min sessions),Active nonacupoint electrical stimulation with matched timing/frequency,Table 2,Authors report 85 in ITT and 78 PP; Table 3/Table 2 retain original 42/43 group denominators. Active nonacupoint stimulation was used to preserve masking.,INCLUDE,ROB2_RESULT_SPECIFIC_PENDING
2 - not currently pooled,Song 2020,Sleep efficiency,First postoperative night,Sleep quality,1,Mean/SD,42,43,42,43,Perioperative TEAS: PC6/HT7 preoperatively; PC6/HT7/ST36/LI4 postoperatively (2/10 Hz; 30-min sessions),Active nonacupoint electrical stimulation with matched timing/frequency,Table 2,Authors report 85 in ITT and 78 PP; Table 3/Table 2 retain original 42/43 group denominators. Active nonacupoint stimulation was used to preserve masking.,INCLUDE,ROB2_RESULT_SPECIFIC_PENDING
2 - not currently pooled,Song 2020,Sleep efficiency,Third postoperative night,Sleep quality,1,Mean/SD,42,43,42,43,Perioperative TEAS: PC6/HT7 preoperatively; PC6/HT7/ST36/LI4 postoperatively (2/10 Hz; 30-min sessions),Active nonacupoint electrical stimulation with matched timing/frequency,Table 2,Authors report 85 in ITT and 78 PP; Table 3/Table 2 retain original 42/43 group denominators. Active nonacupoint stimulation was used to preserve masking.,INCLUDE,ROB2_RESULT_SPECIFIC_PENDING
2 - not currently pooled,Song 2020,Stable sleep,First night before surgery after preoperative stimulation,Sleep quality,1,Mean/SD,42,43,42,43,Perioperative TEAS: PC6/HT7 preoperatively; PC6/HT7/ST36/LI4 postoperatively (2/10 Hz; 30-min sessions),Active nonacupoint electrical stimulation with matched timing/frequency,Table 2,Authors report 85 in ITT and 78 PP; Table 3/Table 2 retain original 42/43 group denominators. Active nonacupoint stimulation was used to preserve masking.,INCLUDE,ROB2_RESULT_SPECIFIC_PENDING
2 - not currently pooled,Song 2020,Stable sleep,First postoperative night,Sleep quality,1,Mean/SD,42,43,42,43,Perioperative TEAS: PC6/HT7 preoperatively; PC6/HT7/ST36/LI4 postoperatively (2/10 Hz; 30-min sessions),Active nonacupoint electrical stimulation with matched timing/frequency,Table 2,Authors report 85 in ITT and 78 PP; Table 3/Table 2 retain original 42/43 group denominators. Active nonacupoint stimulation was used to preserve masking.,INCLUDE,ROB2_RESULT_SPECIFIC_PENDING
2 - not currently pooled,Song 2020,Stable sleep,Third postoperative night,Sleep quality,1,Mean/SD,42,43,42,43,Perioperative TEAS: PC6/HT7 preoperatively; PC6/HT7/ST36/LI4 postoperatively (2/10 Hz; 30-min sessions),Active nonacupoint electrical stimulation with matched timing/frequency,Table 2,Authors report 85 in ITT and 78 PP; Table 3/Table 2 retain original 42/43 group denominators. Active nonacupoint stimulation was used to preserve masking.,INCLUDE,ROB2_RESULT_SPECIFIC_PENDING
2 - not currently pooled,Song 2020,Unstable sleep,First night before surgery after preoperative stimulation,Sleep quality,1,Mean/SD,42,43,42,43,Perioperative TEAS: PC6/HT7 preoperatively; PC6/HT7/ST36/LI4 postoperatively (2/10 Hz; 30-min sessions),Active nonacupoint electrical stimulation with matched timing/frequency,Table 2,Authors report 85 in ITT and 78 PP; Table 3/Table 2 retain original 42/43 group denominators. Active nonacupoint stimulation was used to preserve masking.,INCLUDE,ROB2_RESULT_SPECIFIC_PENDING
2 - not currently pooled,Song 2020,Unstable sleep,First postoperative night,Sleep quality,1,Mean/SD,42,43,42,43,Perioperative TEAS: PC6/HT7 preoperatively; PC6/HT7/ST36/LI4 postoperatively (2/10 Hz; 30-min sessions),Active nonacupoint electrical stimulation with matched timing/frequency,Table 2,Authors report 85 in ITT and 78 PP; Table 3/Table 2 retain original 42/43 group denominators. Active nonacupoint stimulation was used to preserve masking.,INCLUDE,ROB2_RESULT_SPECIFIC_PENDING
2 - not currently pooled,Song 2020,Unstable sleep,Third postoperative night,Sleep quality,1,Mean/SD,42,43,42,43,Perioperative TEAS: PC6/HT7 preoperatively; PC6/HT7/ST36/LI4 postoperatively (2/10 Hz; 30-min sessions),Active nonacupoint electrical stimulation with matched timing/frequency,Table 2,Authors report 85 in ITT and 78 PP; Table 3/Table 2 retain original 42/43 group denominators. Active nonacupoint stimulation was used to preserve masking.,INCLUDE,ROB2_RESULT_SPECIFIC_PENDING
2 - not currently pooled,Sun 2017,Activity-evoked VAS during coughing,1 h,Pain,3,Graph only,91.0,90.0,95.0,95.0,Preoperative true TEAS only (TSS),All-period sham TEAS (SSS),Clin J Pain 2017;33:343–344; Figure 2,Exact numerical values are not printed in text/table. No visual digitization performed.,GRAPH ONLY,ROB2_RESULT_SPECIFIC_PENDING
2 - not currently pooled,Sun 2017,Activity-evoked VAS during coughing,6 h,Pain,3,Graph only,91.0,90.0,95.0,95.0,Preoperative true TEAS only (TSS),All-period sham TEAS (SSS),Clin J Pain 2017;33:343–344; Figure 2,Exact numerical values are not printed in text/table. No visual digitization performed.,GRAPH ONLY,ROB2_RESULT_SPECIFIC_PENDING
2 - not currently pooled,Sun 2017,Activity-evoked VAS during coughing,48 h,Pain,3,Graph only,91.0,90.0,95.0,95.0,Preoperative true TEAS only (TSS),All-period sham TEAS (SSS),Clin J Pain 2017;33:343–344; Figure 2,Exact numerical values are not printed in text/table. No visual digitization performed.,GRAPH ONLY,ROB2_RESULT_SPECIFIC_PENDING
2 - not currently pooled,Sun 2017,Additional antiemetic requirement,Within 48 h after surgery,Rescue antiemetic,3,Published percentage (95% CI),91.0,90.0,95.0,95.0,Preoperative true TEAS only (TSS),All-period sham TEAS (SSS),Clin J Pain 2017;33:344; Table 2,Only percentages and 95% confidence intervals are printed. Raw event counts are NOT REPORTED and were not reverse-engineered.,NARRATIVE ONLY,ROB2_RESULT_SPECIFIC_PENDING
2 - not currently pooled,Sun 2017,Author-defined intraoperative morphine-equivalent exposure,Intraoperative,Intraoperative opioid,4,Study-defined converted metric,91,90,95,95,Pre/intraoperative TEAS timing arms,All-period sham TEAS,Table 2 / intraoperative anesthetic consumption,Values ~1.5-1.6 mg/kg across all four groups; study-specific conversion of sufentanil/remifentanil | V34: Historical aggregate placeholder superseded for active analysis by three audit arm-specific converted-metric rows; no double counting. Author-defined intraoperative metric is not review postoperative MME.,EXCLUDE,ROB2_RESULT_SPECIFIC_PENDING
2 - not currently pooled,Sun 2017,Extubation time,Postoperative,Functional recovery,3,Mean/SD,91.0,90.0,95.0,95.0,Preoperative true TEAS only (TSS),All-period sham TEAS (SSS),Clin J Pain 2017;33:344; Table 2,NOT REPORTED,INCLUDE,ROB2_RESULT_SPECIFIC_PENDING
2 - not currently pooled,Sun 2017,Length of stay in PACU,Postoperative,Functional recovery,3,Mean/SD,91.0,90.0,95.0,95.0,Preoperative true TEAS only (TSS),All-period sham TEAS (SSS),Clin J Pain 2017;33:344; Table 2,NOT REPORTED,INCLUDE,ROB2_RESULT_SPECIFIC_PENDING
2 - not currently pooled,Sun 2017,Nausea,Within 48 h after surgery,PONV,3,Published percentage (95% CI),91.0,90.0,95.0,95.0,Preoperative true TEAS only (TSS),All-period sham TEAS (SSS),Clin J Pain 2017;33:344; Table 2,Only percentages and 95% confidence intervals are printed. Raw event counts are NOT REPORTED and were not reverse-engineered.,NARRATIVE ONLY,ROB2_RESULT_SPECIFIC_PENDING
2 - not currently pooled,Sun 2017,Patient satisfaction — extremely satisfied,Postoperative assessment; exact clock time not separately stated,Patient satisfaction,3,Published percentage (95% CI),91.0,90.0,95.0,95.0,Preoperative true TEAS only (TSS),All-period sham TEAS (SSS),Clin J Pain 2017;33:344; Table 2,Only percentages and 95% confidence intervals are printed. Raw event counts are NOT REPORTED and were not reverse-engineered.,NARRATIVE ONLY,ROB2_RESULT_SPECIFIC_PENDING
2 - not currently pooled,Sun 2017,Postoperative opioid consumption,0-24 h,Opioid consumption,1,Not applicable / not reported,,,95,95,True TEAS timing arms,All-period sham TEAS,Postoperative analgesia protocol,"Postoperative rescue analgesia was flurbiprofen axetil (NSAID), not an opioid",NOT REPORTED,ROB2_RESULT_SPECIFIC_PENDING
2 - not currently pooled,Sun 2017,Resting VAS,1 h,Pain,3,Graph only,91.0,90.0,95.0,95.0,Preoperative true TEAS only (TSS),All-period sham TEAS (SSS),Clin J Pain 2017;33:343–344; Figure 2,Exact numerical values are not printed in text/table. No visual digitization performed.,GRAPH ONLY,ROB2_RESULT_SPECIFIC_PENDING
2 - not currently pooled,Sun 2017,Resting VAS,6 h,Pain,3,Graph only,91.0,90.0,95.0,95.0,Preoperative true TEAS only (TSS),All-period sham TEAS (SSS),Clin J Pain 2017;33:343–344; Figure 2,Exact numerical values are not printed in text/table. No visual digitization performed.,GRAPH ONLY,ROB2_RESULT_SPECIFIC_PENDING
2 - not currently pooled,Sun 2017,Resting VAS,24 h,Pain,3,Graph only,91.0,90.0,95.0,95.0,Preoperative true TEAS only (TSS),All-period sham TEAS (SSS),Clin J Pain 2017;33:343–344; Figure 2,Exact numerical values are not printed in text/table. No visual digitization performed.,GRAPH ONLY,ROB2_RESULT_SPECIFIC_PENDING
2 - not currently pooled,Sun 2017,Resting VAS,48 h,Pain,3,Graph only,91.0,90.0,95.0,95.0,Preoperative true TEAS only (TSS),All-period sham TEAS (SSS),Clin J Pain 2017;33:343–344; Figure 2,Exact numerical values are not printed in text/table. No visual digitization performed.,GRAPH ONLY,ROB2_RESULT_SPECIFIC_PENDING
2 - not currently pooled,Sun 2017,Supplemental flurbiprofen axetil requirement,Within 48 h,Rescue analgesia,3,Published percentage,91,90,95,95,Preoperative true TEAS only,All-period sham TEAS (SSS),Table 2 / supplemental analgesic requirement,Do not convert printed percentages to exact event counts without confirmation,NARRATIVE ONLY,ROB2_RESULT_SPECIFIC_PENDING
2 - not currently pooled,Sun 2017,TEAS-related side effects,0–48 h postoperative,Adverse events,3,Events/total,91.0,90.0,95.0,95.0,Preoperative true TEAS only (TSS),All-period sham TEAS (SSS),Clin J Pain 2017;33:344; Results text,"Specific monitored TEAS side effects included local irritation, redness, contact dermatitis and muscle ache.",INCLUDE,ROB2_RESULT_SPECIFIC_PENDING
2 - not currently pooled,Sun 2017,Time to first postoperative defecation,Postoperative,GI recovery,3,Mean/SD,91.0,90.0,95.0,95.0,Preoperative true TEAS only (TSS),All-period sham TEAS (SSS),Clin J Pain 2017;33:344; Table 2,NOT REPORTED,INCLUDE,ROB2_RESULT_SPECIFIC_PENDING
2 - not currently pooled,Sun 2017,Time to first postoperative flatus,Postoperative,GI recovery,3,Mean/SD,91.0,90.0,95.0,95.0,Preoperative true TEAS only (TSS),All-period sham TEAS (SSS),Clin J Pain 2017;33:344; Table 2,NOT REPORTED,INCLUDE,ROB2_RESULT_SPECIFIC_PENDING
2 - not currently pooled,Sun 2017,Vomiting,Within 48 h after surgery,PONV,3,Published percentage (95% CI),91.0,90.0,95.0,95.0,Preoperative true TEAS only (TSS),All-period sham TEAS (SSS),Clin J Pain 2017;33:344; Table 2,Only percentages and 95% confidence intervals are printed. Raw event counts are NOT REPORTED and were not reverse-engineered.,NARRATIVE ONLY,ROB2_RESULT_SPECIFIC_PENDING
2 - not currently pooled,Szmit 2021,Nausea incidence,Postoperative observation period; PCA/TEAS discontinued at 24 h,PONV,2,Events/total,24,24,24,24,Postoperative TEAS: bilateral LI4 + ipsilateral peri-incisional ashi points; alternating 2/100 Hz; 30 min every 2 h through 24 h,Sham TEAS: identical devices/placement with no electrical stimulation + PCA,Table 2 / postoperative adverse events,Zero events in TEAS; use events/denominators directly rather than the non-significant overall P value.,INCLUDE,ROB2_RESULT_SPECIFIC_PENDING
2 - not currently pooled,Szmit 2021,VAS pain at discharge,At discharge; exact postoperative clock time not reported,Pain,2,Mean/SD,24,24,24,24,Postoperative TEAS: bilateral LI4 + ipsilateral peri-incisional ashi points; alternating 2/100 Hz; 30 min every 2 h through 24 h,Sham TEAS: identical devices/placement with no electrical stimulation + PCA,Table 2 / Figure 3b,Figure 3b identifies the VAS result as assessed at discharge; the exact postoperative time of discharge is not stated.,INCLUDE,ROB2_RESULT_SPECIFIC_PENDING
2 - not currently pooled,Tu 2024,Any rescue tramadol use,6–24 h,Rescue opioid use,1,Events/total,57,58,60,60,Postoperative TEAS,Sham/no current,"Table 4 / rescue tramadol, 6–24 h",Tramadol was 10 mg IM for VAS >6; number of doses/cumulative tramadol per patient is not reported,INCLUDE,ROB2_RESULT_SPECIFIC_PENDING
2 - not currently pooled,Tu 2024,Cumulative rescue tramadol consumption,0-24 h,Opioid consumption,1,Not reported,57,58,60,60,Postoperative TEAS,Sham/no current,Rescue analgesia section,Only number of patients receiving rescue tramadol is reported; cumulative dose is unavailable,NOT REPORTED,ROB2_RESULT_SPECIFIC_PENDING
2 - not currently pooled,Tu 2024,Nausea severity score,0–2 h after craniotomy,PONV,1,Median/IQR,57.0,58.0,60.0,60.0,Postoperative TEAS at bilateral P6,Sham TEAS / no current at bilateral P6,PDF p. 4; Table 3,"The paper describes a 4-class WHO PONV rating: 0 no nausea, 1 mild nausea/abdominal discomfort, 2 evident nausea without vomiting, 3 extreme nausea/vomiting.",NARRATIVE ONLY,ROB2_RESULT_SPECIFIC_PENDING
2 - not currently pooled,Tu 2024,Nausea severity score,2–6 h after craniotomy,PONV,1,Median/IQR,57.0,58.0,60.0,60.0,Postoperative TEAS at bilateral P6,Sham TEAS / no current at bilateral P6,PDF p. 4; Table 3,"The paper describes a 4-class WHO PONV rating: 0 no nausea, 1 mild nausea/abdominal discomfort, 2 evident nausea without vomiting, 3 extreme nausea/vomiting.",NARRATIVE ONLY,ROB2_RESULT_SPECIFIC_PENDING
2 - not currently pooled,Tu 2024,Nausea severity score,6–24 h after craniotomy,PONV,1,Median/IQR,57.0,58.0,60.0,60.0,Postoperative TEAS at bilateral P6,Sham TEAS / no current at bilateral P6,PDF p. 4; Table 3,"The paper describes a 4-class WHO PONV rating: 0 no nausea, 1 mild nausea/abdominal discomfort, 2 evident nausea without vomiting, 3 extreme nausea/vomiting.",NARRATIVE ONLY,ROB2_RESULT_SPECIFIC_PENDING
2 - not currently pooled,Tu 2024,TEAS-related adverse events,0–24 h testing period,Adverse events,1,Events/total,57.0,58.0,60.0,60.0,Postoperative TEAS at bilateral P6,Sham TEAS / no current at bilateral P6,PDF p. 4; Results §3.3,"The article prospectively listed malignant arrhythmia, abnormal blood-pressure fluctuation, fainting, serious pain and local infection as TEAS adverse events.",INCLUDE,ROB2_RESULT_SPECIFIC_PENDING
2 - not currently pooled,Tu 2024,Use of metoclopramide 10 mg IM,0–2 h after craniotomy,Rescue antiemetic,1,Events/total,57.0,58.0,60.0,60.0,Postoperative TEAS at bilateral P6,Sham TEAS / no current at bilateral P6,PDF p. 4; Table 4,Metoclopramide 10 mg IM was the prespecified rescue antiemetic for difficult-to-tolerate nausea/vomiting.,INCLUDE,ROB2_RESULT_SPECIFIC_PENDING
2 - not currently pooled,Tu 2024,Use of metoclopramide 10 mg IM,2–6 h after craniotomy,Rescue antiemetic,1,Events/total,57.0,58.0,60.0,60.0,Postoperative TEAS at bilateral P6,Sham TEAS / no current at bilateral P6,PDF p. 4; Table 4,Metoclopramide 10 mg IM was the prespecified rescue antiemetic for difficult-to-tolerate nausea/vomiting.,INCLUDE,ROB2_RESULT_SPECIFIC_PENDING
2 - not currently pooled,Tu 2024,Use of metoclopramide 10 mg IM,6–24 h after craniotomy,Rescue antiemetic,1,Events/total,57.0,58.0,60.0,60.0,Postoperative TEAS at bilateral P6,Sham TEAS / no current at bilateral P6,PDF p. 4; Table 4,Metoclopramide 10 mg IM was the prespecified rescue antiemetic for difficult-to-tolerate nausea/vomiting.,INCLUDE,ROB2_RESULT_SPECIFIC_PENDING
2 - not currently pooled,Tu 2024,VAS pain intensity,6-24 h,Pain,1,Median/IQR,57,58,60,60,Postoperative TEAS,Sham/no current,Pain outcome 6-24 h,Subjective outcome; sensory difference between active de qi and no-current sham may affect participant masking,NARRATIVE ONLY,ROB2_RESULT_SPECIFIC_PENDING
2 - not currently pooled,Tu 2024,VAS pain intensity,0–2 h after craniotomy,Pain,1,Median/IQR,57.0,58.0,60.0,60.0,Postoperative TEAS at bilateral P6,Sham TEAS / no current at bilateral P6,PDF p. 4; Table 5,NOT REPORTED,NARRATIVE ONLY,ROB2_RESULT_SPECIFIC_PENDING
2 - not currently pooled,Tu 2024,VAS pain intensity,2–6 h after craniotomy,Pain,1,Median/IQR,57.0,58.0,60.0,60.0,Postoperative TEAS at bilateral P6,Sham TEAS / no current at bilateral P6,PDF p. 4; Table 5,NOT REPORTED,NARRATIVE ONLY,ROB2_RESULT_SPECIFIC_PENDING
2 - not currently pooled,Tu 2024,Vomiting incidence,0–2 h after craniotomy,PONV,1,Events/total,57.0,58.0,60.0,60.0,Postoperative TEAS at bilateral P6,Sham TEAS / no current at bilateral P6,PDF p. 4; Table 3,NOT REPORTED,INCLUDE,ROB2_RESULT_SPECIFIC_PENDING
2 - not currently pooled,Wang 2023,Abdominal distension,Within 72 h after surgery,GI adverse event,1,Events/total,40.0,43.0,43.0,45.0,Nighttime TEAS,Sham/no-current TEAS,p. 715; Table 2,NOT REPORTED,INCLUDE,ROB2_RESULT_SPECIFIC_PENDING
2 - not currently pooled,Wang 2023,Activity pain VAS,24 h,Pain,1,Graph-only mean/SD,40,43,43,45,Nighttime TEAS,Sham/no current,"Figure 4, p8",Exact 24-h activity VAS values are only shown graphically; stored derivative exact values were fabricated,GRAPH ONLY,ROB2_RESULT_SPECIFIC_PENDING
2 - not currently pooled,Wang 2023,Activity pain VAS,48 h,Pain,1,Graph only,40.0,43.0,43.0,45.0,Nighttime TEAS,Sham/no-current TEAS,p. 714; Figure 4b,Exact mean/SD values are not printed; do not estimate from the graph.,GRAPH ONLY,ROB2_RESULT_SPECIFIC_PENDING
2 - not currently pooled,Wang 2023,Activity pain VAS,72 h,Pain,1,Graph only,40.0,43.0,43.0,45.0,Nighttime TEAS,Sham/no-current TEAS,p. 714; Figure 4b,Exact mean/SD values are not printed; do not estimate from the graph.,GRAPH ONLY,ROB2_RESULT_SPECIFIC_PENDING
2 - not currently pooled,Wang 2023,Cumulative number of additional rescue-analgesia doses,0-72 h,Rescue analgesia,1,Mean/SD,40,43,43,45,Nighttime TEAS,Sham/no current,Table 2 / rescue analgesia,"Rescue drug, dose, route and opioid/non-opioid identity are not specified in the main article",INCLUDE,ROB2_RESULT_SPECIFIC_PENDING
2 - not currently pooled,Wang 2023,Dizziness,Within 72 h after surgery,Adverse events,1,Events/total,40.0,43.0,43.0,45.0,Nighttime TEAS,Sham/no-current TEAS,p. 715; Table 2,NOT REPORTED,INCLUDE,ROB2_RESULT_SPECIFIC_PENDING
2 - not currently pooled,Wang 2023,Exact cumulative postoperative opioid dose,0-24 h,Opioid consumption,1,Not reported,40,43,43,45,Nighttime TEAS,Sham/no current,Postoperative analgesia outcomes,Only rescue-dose counts are reported and the rescue drug is not identified,NOT REPORTED,ROB2_RESULT_SPECIFIC_PENDING
2 - not currently pooled,Wang 2023,PONV incidence,Within 72 h after surgery,PONV,1,Events/total,40.0,43.0,43.0,45.0,Nighttime TEAS,Sham/no-current TEAS,p. 715; Table 2,NOT REPORTED,INCLUDE,ROB2_RESULT_SPECIFIC_PENDING
2 - not currently pooled,Wang 2023,PSQI and AIS postoperative sleep quality,POD1,Sleep quality,1,Graph-only continuous data,40,43,43,45,Nighttime TEAS,Sham/no current,"Figure 3, p8",Exact POD1 means/SDs are figure-only; do not use fabricated exact AIS/PSQI values,GRAPH ONLY,ROB2_RESULT_SPECIFIC_PENDING
2 - not currently pooled,Wang 2023,PSQI and AIS postoperative sleep quality,POD3,Sleep quality,1,Graph only,40.0,43.0,43.0,45.0,Nighttime TEAS,Sham/no-current TEAS,p. 714; Figure 3,Exact numerical values are not printed; do not estimate from bar heights.,GRAPH ONLY,ROB2_RESULT_SPECIFIC_PENDING
2 - not currently pooled,Wang 2023,Postoperative hospitalization,Postoperative hospitalization,Length of stay,1,Mean/SD,40.0,43.0,43.0,45.0,Nighttime TEAS,Sham/no-current TEAS,p. 713; Table 1,NOT REPORTED,INCLUDE,ROB2_RESULT_SPECIFIC_PENDING
2 - not currently pooled,Wang 2023,Postoperative pulmonary complications,Within 72 h after surgery,Adverse events,1,Events/total,40.0,43.0,43.0,45.0,Nighttime TEAS,Sham/no-current TEAS,p. 715; Table 2,NOT REPORTED,INCLUDE,ROB2_RESULT_SPECIFIC_PENDING
2 - not currently pooled,Wang 2023,Rest pain VAS,24 h,Pain,1,Graph only,40.0,43.0,43.0,45.0,Nighttime TEAS,Sham/no-current TEAS,p. 714; Figure 4a,Exact mean/SD values are not printed; formal digitization would be required.,GRAPH ONLY,ROB2_RESULT_SPECIFIC_PENDING
2 - not currently pooled,Wang 2023,Rest pain VAS,48 h,Pain,1,Graph only,40.0,43.0,43.0,45.0,Nighttime TEAS,Sham/no-current TEAS,p. 714; Figure 4a,Exact mean/SD values are not printed; formal digitization would be required.,GRAPH ONLY,ROB2_RESULT_SPECIFIC_PENDING
2 - not currently pooled,Wang 2023,Rest pain VAS,72 h,Pain,1,Graph only,40.0,43.0,43.0,45.0,Nighttime TEAS,Sham/no-current TEAS,p. 714; Figure 4a,Exact mean/SD values are not printed; formal digitization would be required.,GRAPH ONLY,ROB2_RESULT_SPECIFIC_PENDING
2 - not currently pooled,Wang 2024,Any PONV over reported follow-up,0-36 h,PONV,2,Events/total,33,35,35,35,SNVP: ondansetron+dexamethasone+TEAS,SNVP: ondansetron+dexamethasone,Table 3 / total PONV,No significant overall treatment effect despite time-specific benefits,INCLUDE,ROB2_RESULT_SPECIFIC_PENDING
2 - not currently pooled,Wang 2024,PONV incidence,0–2 h,PONV,1,Events/total,33.0,35.0,35.0,35.0,SNVP: ondansetron+dexamethasone+TEAS (SNVP-ODT),SNVP: ondansetron+dexamethasone (SNVP-OD),Breast Cancer 2024;31:931–932; Table 3,NOT REPORTED,INCLUDE,ROB2_RESULT_SPECIFIC_PENDING
2 - not currently pooled,Wang 2024,PONV incidence,2–6 h,PONV,1,Events/total,33.0,35.0,35.0,35.0,SNVP: ondansetron+dexamethasone+TEAS (SNVP-ODT),SNVP: ondansetron+dexamethasone (SNVP-OD),Breast Cancer 2024;31:931–932; Table 3,NOT REPORTED,INCLUDE,ROB2_RESULT_SPECIFIC_PENDING
2 - not currently pooled,Wang 2024,PONV incidence,24–36 h,PONV,2,Events/total,33.0,35.0,35.0,35.0,SNVP: ondansetron+dexamethasone+TEAS (SNVP-ODT),SNVP: ondansetron+dexamethasone (SNVP-OD),Breast Cancer 2024;31:931–932; Table 3,"For 24–36 h, the table's P value is visually split across the PDF line break as '0.08' + '5'; recorded as 0.085.",INCLUDE,ROB2_RESULT_SPECIFIC_PENDING
2 - not currently pooled,Wang 2024,PONV incidence,6–12 h,PONV,1,Events/total,35.0,35.0,35.0,35.0,MNVP: ondansetron+dexamethasone+TEAS (MNVP-ODT),MNVP: ondansetron+dexamethasone (MNVP-OD),Breast Cancer 2024;31:931–932; Table 3,NOT REPORTED,INCLUDE,ROB2_RESULT_SPECIFIC_PENDING
2 - not currently pooled,Wang 2024,PONV incidence,12–24 h,PONV,1,Events/total,35.0,35.0,35.0,35.0,MNVP: ondansetron+dexamethasone+TEAS (MNVP-ODT),MNVP: ondansetron+dexamethasone (MNVP-OD),Breast Cancer 2024;31:931–932; Table 3,NOT REPORTED,INCLUDE,ROB2_RESULT_SPECIFIC_PENDING
2 - not currently pooled,Wang 2024,Postoperative opioid consumption,0-24 h,Opioid consumption,1,Not reported,,,,,TEAS within risk strata,OD within risk strata,Postoperative analgesia section,Postoperative rescue analgesia was non-opioid flurbiprofen; no postoperative opioid-consumption endpoint,NOT REPORTED,ROB2_RESULT_SPECIFIC_PENDING
2 - not currently pooled,Wang 2024,Postoperative pain VAS,2 h,Pain,1,Other (describe),33.0,35.0,35.0,35.0,SNVP: ondansetron+dexamethasone+TEAS (SNVP-ODT),SNVP: ondansetron+dexamethasone (SNVP-OD),Breast Cancer 2024;31:928–929; Methods / Outcomes,"Outcome was measured according to Methods, but no treatment-stratum numerical pain result is reported in the accessed article. This is NOT REPORTED, not SOURCE NOT ACCESSED.",NOT REPORTED,ROB2_RESULT_SPECIFIC_PENDING
2 - not currently pooled,Wang 2024,Postoperative pain VAS,6 h,Pain,1,Other (describe),33.0,35.0,35.0,35.0,SNVP: ondansetron+dexamethasone+TEAS (SNVP-ODT),SNVP: ondansetron+dexamethasone (SNVP-OD),Breast Cancer 2024;31:928–929; Methods / Outcomes,"Outcome was measured according to Methods, but no treatment-stratum numerical pain result is reported in the accessed article. This is NOT REPORTED, not SOURCE NOT ACCESSED.",NOT REPORTED,ROB2_RESULT_SPECIFIC_PENDING
2 - not currently pooled,Wang 2024,Postoperative pain VAS,12 h,Pain,1,Other (describe),33.0,35.0,35.0,35.0,SNVP: ondansetron+dexamethasone+TEAS (SNVP-ODT),SNVP: ondansetron+dexamethasone (SNVP-OD),Breast Cancer 2024;31:928–929; Methods / Outcomes,"Outcome was measured according to Methods, but no treatment-stratum numerical pain result is reported in the accessed article. This is NOT REPORTED, not SOURCE NOT ACCESSED.",NOT REPORTED,ROB2_RESULT_SPECIFIC_PENDING
2 - not currently pooled,Wang 2024,Postoperative pain VAS,24 h,Pain,1,Other (describe),33.0,35.0,35.0,35.0,SNVP: ondansetron+dexamethasone+TEAS (SNVP-ODT),SNVP: ondansetron+dexamethasone (SNVP-OD),Breast Cancer 2024;31:928–929; Methods / Outcomes,"Outcome was measured according to Methods, but no treatment-stratum numerical pain result is reported in the accessed article. This is NOT REPORTED, not SOURCE NOT ACCESSED.",NOT REPORTED,ROB2_RESULT_SPECIFIC_PENDING
2 - not currently pooled,Wang 2024,Postoperative pain VAS,36 h,Pain,1,Other (describe),33.0,35.0,35.0,35.0,SNVP: ondansetron+dexamethasone+TEAS (SNVP-ODT),SNVP: ondansetron+dexamethasone (SNVP-OD),Breast Cancer 2024;31:928–929; Methods / Outcomes,"Outcome was measured according to Methods, but no treatment-stratum numerical pain result is reported in the accessed article. This is NOT REPORTED, not SOURCE NOT ACCESSED.",NOT REPORTED,ROB2_RESULT_SPECIFIC_PENDING
2 - not currently pooled,Wang 2024,Vomiting incidence,0–6 h combined,PONV,1,Events/total,33.0,35.0,35.0,35.0,SNVP: ondansetron+dexamethasone+TEAS (SNVP-ODT),SNVP: ondansetron+dexamethasone (SNVP-OD),"Breast Cancer 2024;31:926,931–932; Abstract + Results text",The paper does not provide separate 0–2 h and 2–6 h vomiting counts; only the combined 0–6 h comparison is reported.,INCLUDE,ROB2_RESULT_SPECIFIC_PENDING
2 - not currently pooled,Wong 2006,Exact total opioid exposure,0-24 h,Opioid consumption,1,Not reported,13,12,13,14,Postoperative electroacupuncture,Nonpenetrating sham acupuncture,Timing/analgesia protocol,Day labels are not defined as exact consecutive 24-h windows and scheduled dextropropoxyphene contributes additional opioid exposure.,NOT REPORTED,ROB2_RESULT_SPECIFIC_PENDING
2 - not currently pooled,Wong 2006,IV PCA morphine consumption,Day 0,Opioid consumption,1,Mean/SD,13,12,13,14,Postoperative electroacupuncture,Nonpenetrating sham acupuncture,Table 2 / postoperative PCA morphine,Both groups also received scheduled oral dextropropoxyphene. Two randomized sham patients were excluded after serious postoperative complications.,INCLUDE,ROB2_RESULT_SPECIFIC_PENDING
2 - not currently pooled,Wong 2006,IV PCA morphine consumption,Day 1,Opioid consumption,1,Mean/SD,13,12,13,14,Postoperative electroacupuncture,Nonpenetrating sham acupuncture,Table 2 / postoperative PCA morphine,Both groups also received scheduled oral dextropropoxyphene. Two randomized sham patients were excluded after serious postoperative complications.,INCLUDE,ROB2_RESULT_SPECIFIC_PENDING
2 - not currently pooled,Wong 2006,IV PCA morphine consumption,Day 2,Opioid consumption,1,Mean/SD,13,12,13,14,Postoperative electroacupuncture,Nonpenetrating sham acupuncture,Table 2 / postoperative PCA morphine,Both groups also received scheduled oral dextropropoxyphene. Two randomized sham patients were excluded after serious postoperative complications.,INCLUDE,ROB2_RESULT_SPECIFIC_PENDING
2 - not currently pooled,Wong 2006,IV PCA morphine consumption,First 3 postoperative days total,Opioid consumption,1,Mean/SD,13,12,13,14,Postoperative electroacupuncture,Nonpenetrating sham acupuncture,Table 2 / postoperative PCA morphine,Both groups also received scheduled oral dextropropoxyphene. Two randomized sham patients were excluded after serious postoperative complications.,INCLUDE,ROB2_RESULT_SPECIFIC_PENDING
2 - not currently pooled,Wu 2016,Exact cumulative postoperative opioid/tramadol consumption,0-24 h,Opioid consumption,2,Not reported,27,27,30,30,Perioperative true-acupoint TAES (LI4/PC6/SI3/SJ6),Active nonacupoint electrical stimulation (identical 2/100-Hz current),Pain measurement / rescue analgesia methods and results,"IV tramadol 100 mg was available as rescue, but group-specific cumulative dose/number of rescues for 0-24 h is not reported.",NOT REPORTED,ROB2_RESULT_SPECIFIC_PENDING
2 - not currently pooled,Wu 2016,Hospital length of stay,Postoperative hospitalization,Recovery,2,Mean/SD,27,27,30,30,Perioperative true-acupoint TAES (LI4/PC6/SI3/SJ6),Active nonacupoint electrical stimulation (identical 2/100-Hz current),Results / hospital stays,Three-arm RCT with 3 post-randomization exclusions per arm; pairwise P not reported.,INCLUDE,ROB2_RESULT_SPECIFIC_PENDING
2 - not currently pooled,Wu 2016,Rescue IV tramadol requirement,Postoperative period; exact window not reported,Rescue analgesia,1,Qualitative / exact quantities unavailable,27,27,30,30,Perioperative true-acupoint TAES (LI4/PC6/SI3/SJ6),No-TAES thoracotomy control,Results / rescue analgesic demand,"Authors report significantly lower rescue analgesic demand with true TAES vs no TAES, but no exact participant counts, number of doses, or cumulative tramadol dose are tabulated.",HOLD,ROB2_RESULT_SPECIFIC_PENDING
2 - not currently pooled,Wu 2016,VAS pain intensity at rest,24 h postoperatively,Pain,2,Graph-only continuous data,27,27,30,30,Perioperative true-acupoint TAES (LI4/PC6/SI3/SJ6),Active nonacupoint electrical stimulation (identical 2/100-Hz current),Figure 1A / 24-h point,Exact 24-h mean/SD are shown only in Figure 1A; do not infer numeric values from the plot without formal digitization.,GRAPH ONLY,ROB2_RESULT_SPECIFIC_PENDING
2 - not currently pooled,Wu 2016,VAS pain intensity during coughing,24 h postoperatively,Pain,2,Graph-only continuous data,27,27,30,30,Perioperative true-acupoint TAES (LI4/PC6/SI3/SJ6),Active nonacupoint electrical stimulation (identical 2/100-Hz current),Figure 1B / 24-h point,Exact 24-h mean/SD are shown only in Figure 1B; do not infer numeric values from the plot without formal digitization.,GRAPH ONLY,ROB2_RESULT_SPECIFIC_PENDING
2 - not currently pooled,Wu 2022,Exact cumulative postoperative opioid consumption,0-24 h,Opioid consumption,1,Not reported,44,40,45,45,Perioperative pTEAS,No-current control,Postoperative analgesia section,"Standard end-of-surgery tramadol/fentanyl are reported, but no randomized group-specific 0-24-h opioid total is provided",NOT REPORTED,ROB2_RESULT_SPECIFIC_PENDING
2 - not currently pooled,Wu 2022,Remifentanil dose index,Intraoperative,Intraoperative opioid,1,Mean/SD,44,40,45,45,Perioperative pTEAS,No-current control,Table 2 / remifentanil index,Preserve source units as reported,INCLUDE,ROB2_RESULT_SPECIFIC_PENDING
2 - not currently pooled,Wu 2025,Exact postoperative opioid/MME consumption,0-24 h,Opioid consumption,1,Not calculable,50,50,50,50,PACU TEAS,Sham/no current,Postoperative rescue-analgesia section,Oxycodone/acetaminophen rescue strength is not reported; rescue regimen is mixed opioid/non-opioid,HOLD,ROB2_RESULT_SPECIFIC_PENDING
2 - not currently pooled,Wu 2025,Moderate-to-severe pain (VAS >4),Within 12 h,Pain,1,Events/total,50,50,50,50,PACU TEAS,Sham/no current,Moderate-to-severe pain outcome,Very large subjective effect; interpret with incomplete sensory blinding,INCLUDE,ROB2_RESULT_SPECIFIC_PENDING
2 - not currently pooled,Wu 2025,Remifentanil consumption,Intraoperative,Intraoperative opioid,1,Mean/SD,50,50,50,50,PACU TEAS,Sham/no current,Table 1 / remifentanil,No significant intraoperative opioid-sparing effect,EXCLUDE,ROB2_RESULT_SPECIFIC_PENDING
2 - not currently pooled,Wu 2025,Sufentanil consumption,Intraoperative,Intraoperative opioid,1,Mean/SD,50,50,50,50,PACU TEAS,Sham/no current,Table 1 / sufentanil,No intraoperative opioid-sparing effect,EXCLUDE,ROB2_RESULT_SPECIFIC_PENDING
2 - not currently pooled,Xie 2014,Exact cumulative postoperative sufentanil,0-24 h,Opioid consumption,1,Not reported,20,20,20,20,Active EAS PC4/PC6,Sham needling PC4/PC6,Exact 24-h endpoint absent,Directly reported total cannot be assigned to a fixed 24-h window,NOT REPORTED,ROB2_RESULT_SPECIFIC_PENDING
2 - not currently pooled,Xie 2014,Patient-controlled analgesia demand count,Study PCA period,Opioid demand,1,Mean/SD,20,20,20,20,Active EAS PC4/PC6,Sham needling PC4/PC6,Table 2 / patient demand,Demand count should not be converted into delivered sufentanil without confirmation,INCLUDE,ROB2_RESULT_SPECIFIC_PENDING
2 - not currently pooled,Xing 2022,Exact cumulative postoperative sufentanil delivered,0-24 h,Opioid consumption,1,Not reported,29,29,30,30,TEAS + active TAPB,Sham TEAS + active TAPB,Exact 24-h endpoint absent,PCIA wording is internally contradictory and only press counts are reported,NOT REPORTED,ROB2_RESULT_SPECIFIC_PENDING
2 - not currently pooled,Xing 2022,PCIA pump press count,48-h / 2-day PCIA period,Opioid demand,1,Mean/SD,29,29,30,30,TEAS + active TAPB,Sham TEAS + active TAPB,Table 3 / PCIA press count,Press attempts may not equal successful delivered boluses; do not multiply by 1 µg,INCLUDE,ROB2_RESULT_SPECIFIC_PENDING
2 - not currently pooled,Xing 2022,PONV incidence,Postoperative,PONV,1,Events/total,29,29,30,30,TEAS + active TAPB,Sham TEAS + active TAPB,Postoperative complications,Counts reconstructed from n=29 analyzed per arm,INCLUDE,ROB2_RESULT_SPECIFIC_PENDING
2 - not currently pooled,Xing 2022,Rest pain VAS,24 h,Pain,1,Mean/SD,29,29,30,30,TEAS + active TAPB,Sham TEAS + active TAPB,24-h pain result,"At 24 h both TAPB groups improved versus G, but incremental NTG-vs-NG difference was not reported significant",INCLUDE,ROB2_RESULT_SPECIFIC_PENDING
2 - not currently pooled,Xiong 2021,Any rescue antiemetic medication,Within 48 h,Rescue antiemetic,1,Events/total,31,31,31,31,TEAS + dexamethasone + tropisetron,Dexamethasone + tropisetron,Abstract / rescue antiemetic result,Counts reconstructed exactly from group denominator 31,INCLUDE,ROB2_RESULT_SPECIFIC_PENDING
2 - not currently pooled,Xiong 2021,Clinically important PONV,Within 48 h,PONV,1,Events/total,31,31,31,31,TEAS + dexamethasone + tropisetron,Dexamethasone + tropisetron,Abstract / clinically important PONV,Patient-reported symptom severity; sensory blinding may be imperfect,INCLUDE,ROB2_RESULT_SPECIFIC_PENDING
2 - not currently pooled,Xiong 2021,Exact cumulative postoperative opioid dose,0-24 h,Opioid consumption,1,Not reported,31,31,31,31,TEAS + dexamethasone + tropisetron,Dexamethasone + tropisetron,Exact 24-h endpoint absent,Published opioid-equivalent result lacks a fixed time window,NOT REPORTED,ROB2_RESULT_SPECIFIC_PENDING
2 - not currently pooled,Xiong 2021,Postoperative opioid consumption,Postoperative window unclear,Opioid consumption,1,Mean/SD,31,31,31,31,TEAS + dexamethasone + tropisetron,Dexamethasone + tropisetron,Table 1 / postoperative opioid consumption,Exact postoperative interval is not stated; route terminology in Results is internally inconsistent,HOLD,ROB2_RESULT_SPECIFIC_PENDING
2 - not currently pooled,Yang 2020,Abdominal distension incidence,Postoperative; assessment window not separately stated,GI adverse effect,1,Events/total,29.0,28.0,30.0,29.0,EA group,UC group,e920648-5; Table 3,The article reports AD as a postoperative outcome but Table 3 does not attach a distinct clock time to this summary.,INCLUDE,ROB2_RESULT_SPECIFIC_PENDING
2 - not currently pooled,Yang 2020,Abdominal distension severity grade 0,Postoperative; assessment window not separately stated,GI adverse effect,1,Events/total,29.0,28.0,30.0,29.0,EA group,UC group,e920648-5; Table 3,"P=0.290 is the overall comparison of the AD severity distribution, not a grade-specific P value.",INCLUDE,ROB2_RESULT_SPECIFIC_PENDING
2 - not currently pooled,Yang 2020,Abdominal distension severity grade 1,Postoperative; assessment window not separately stated,GI adverse effect,1,Events/total,29.0,28.0,30.0,29.0,EA group,UC group,e920648-5; Table 3,"P=0.290 is the overall comparison of the AD severity distribution, not a grade-specific P value.",INCLUDE,ROB2_RESULT_SPECIFIC_PENDING
2 - not currently pooled,Yang 2020,Abdominal distension severity grade 2,Postoperative; assessment window not separately stated,GI adverse effect,1,Events/total,29.0,28.0,30.0,29.0,EA group,UC group,e920648-5; Table 3,"P=0.290 is the overall comparison of the AD severity distribution, not a grade-specific P value.",INCLUDE,ROB2_RESULT_SPECIFIC_PENDING
2 - not currently pooled,Yang 2020,Abdominal distension severity grade 3,Postoperative; assessment window not separately stated,GI adverse effect,1,Events/total,29.0,28.0,30.0,29.0,EA group,UC group,e920648-5; Table 3,"P=0.290 is the overall comparison of the AD severity distribution, not a grade-specific P value.",INCLUDE,ROB2_RESULT_SPECIFIC_PENDING
2 - not currently pooled,Yang 2020,Abdominal distension severity grade 4,Postoperative; assessment window not separately stated,GI adverse effect,1,Events/total,29.0,28.0,30.0,29.0,EA group,UC group,e920648-5; Table 3,"P=0.290 is the overall comparison of the AD severity distribution, not a grade-specific P value.",INCLUDE,ROB2_RESULT_SPECIFIC_PENDING
2 - not currently pooled,Yang 2020,Dynamic pain VAS,0–24 h after surgery,Pain,1,Median/IQR,29.0,28.0,30.0,29.0,EA group,UC group,e920648-6; Table 4,"The paper labels these as static and dynamic pain, not rest/movement with further operational detail.",NARRATIVE ONLY,ROB2_RESULT_SPECIFIC_PENDING
2 - not currently pooled,Yang 2020,Dynamic pain VAS,24–48 h after surgery,Pain,1,Median/IQR,29.0,28.0,30.0,29.0,EA group,UC group,e920648-6; Table 4,"The paper labels these as static and dynamic pain, not rest/movement with further operational detail.",NARRATIVE ONLY,ROB2_RESULT_SPECIFIC_PENDING
2 - not currently pooled,Yang 2020,Dynamic pain VAS,48–72 h after surgery,Pain,1,Median/IQR,29.0,28.0,30.0,29.0,EA group,UC group,e920648-6; Table 4,"The paper labels these as static and dynamic pain, not rest/movement with further operational detail.",NARRATIVE ONLY,ROB2_RESULT_SPECIFIC_PENDING
2 - not currently pooled,Yang 2020,Hospital stay,Postoperative hospitalization,Length of stay,1,Mean/SD,29.0,28.0,30.0,29.0,EA group,UC group,e920648-6; Table 4,NOT REPORTED,INCLUDE,ROB2_RESULT_SPECIFIC_PENDING
2 - not currently pooled,Yang 2020,Nausea incidence,0–24 h after surgery,PONV,1,Events/total,29.0,28.0,30.0,29.0,EA group,UC group,e920648-6; Table 4,NOT REPORTED,INCLUDE,ROB2_RESULT_SPECIFIC_PENDING
2 - not currently pooled,Yang 2020,Nausea incidence,24–48 h after surgery,PONV,1,Events/total,29.0,28.0,30.0,29.0,EA group,UC group,e920648-6; Table 4,NOT REPORTED,INCLUDE,ROB2_RESULT_SPECIFIC_PENDING
2 - not currently pooled,Yang 2020,Nausea incidence,48–72 h after surgery,PONV,1,Events/total,29.0,28.0,30.0,29.0,EA group,UC group,e920648-6; Table 4,NOT REPORTED,INCLUDE,ROB2_RESULT_SPECIFIC_PENDING
2 - not currently pooled,Yang 2020,Nausea severity score,0–24 h after surgery,PONV,1,Median/IQR,29.0,28.0,30.0,29.0,EA group,UC group,e920648-6; Table 4,"Table 4 footnote states starred continuous outcomes are median (quartile range). Where the table prints only '0' without a parenthetical range, dispersion is not reported.",NARRATIVE ONLY,ROB2_RESULT_SPECIFIC_PENDING
2 - not currently pooled,Yang 2020,Nausea severity score,24–48 h after surgery,PONV,1,Median/IQR,29.0,28.0,30.0,29.0,EA group,UC group,e920648-6; Table 4,"Table 4 footnote states starred continuous outcomes are median (quartile range). Where the table prints only '0' without a parenthetical range, dispersion is not reported.",NARRATIVE ONLY,ROB2_RESULT_SPECIFIC_PENDING
2 - not currently pooled,Yang 2020,Nausea severity score,48–72 h after surgery,PONV,1,Other (describe),29.0,28.0,30.0,29.0,EA group,UC group,e920648-6; Table 4,"Table 4 footnote states starred continuous outcomes are median (quartile range). Where the table prints only '0' without a parenthetical range, dispersion is not reported.",HOLD,ROB2_RESULT_SPECIFIC_PENDING
2 - not currently pooled,Yang 2020,Participants given rescue medication,Postoperative; exact window not stated,Rescue analgesia,1,Events/total,29.0,28.0,30.0,29.0,EA group,UC group,e920648-5; Table 3,Methods define rescue medication as bucinnazine 100 mg IM if VAS >3/10; Table 3 does not state a time window.,HOLD,ROB2_RESULT_SPECIFIC_PENDING
2 - not currently pooled,Yang 2020,Static pain VAS,0–24 h after surgery,Pain,1,Median/IQR,29.0,28.0,30.0,29.0,EA group,UC group,e920648-6; Table 4,"The paper labels these as static and dynamic pain, not rest/movement with further operational detail.",NARRATIVE ONLY,ROB2_RESULT_SPECIFIC_PENDING
2 - not currently pooled,Yang 2020,Static pain VAS,24–48 h after surgery,Pain,1,Median/IQR,29.0,28.0,30.0,29.0,EA group,UC group,e920648-6; Table 4,"The paper labels these as static and dynamic pain, not rest/movement with further operational detail.",NARRATIVE ONLY,ROB2_RESULT_SPECIFIC_PENDING
2 - not currently pooled,Yang 2020,Static pain VAS,48–72 h after surgery,Pain,1,Median/IQR,29.0,28.0,30.0,29.0,EA group,UC group,e920648-6; Table 4,"The paper labels these as static and dynamic pain, not rest/movement with further operational detail.",NARRATIVE ONLY,ROB2_RESULT_SPECIFIC_PENDING
2 - not currently pooled,Yang 2020,Time to out-of-bed activity,Postoperative,Functional recovery,1,Mean/SD,29.0,28.0,30.0,29.0,EA group,UC group,e920648-6; Table 4,NOT REPORTED,INCLUDE,ROB2_RESULT_SPECIFIC_PENDING
2 - not currently pooled,Yang 2020,Vomiting incidence,0–24 h after surgery,PONV,1,Events/total,29.0,28.0,30.0,29.0,EA group,UC group,e920648-6; Table 4,NOT REPORTED,INCLUDE,ROB2_RESULT_SPECIFIC_PENDING
2 - not currently pooled,Yang 2020,Vomiting incidence,24–48 h after surgery,PONV,1,Events/total,29.0,28.0,30.0,29.0,EA group,UC group,e920648-6; Table 4,NOT REPORTED,INCLUDE,ROB2_RESULT_SPECIFIC_PENDING
2 - not currently pooled,Yang 2020,Vomiting incidence,48–72 h after surgery,PONV,1,Events/total,29.0,28.0,30.0,29.0,EA group,UC group,e920648-6; Table 4,NOT REPORTED,INCLUDE,ROB2_RESULT_SPECIFIC_PENDING
2 - not currently pooled,Yang 2020,Vomiting severity score,0–24 h after surgery,PONV,1,Median/IQR,29.0,28.0,30.0,29.0,EA group,UC group,e920648-6; Table 4,"Table 4 footnote states starred continuous outcomes are median (quartile range). Where the table prints only '0' without a parenthetical range, dispersion is not reported.",NARRATIVE ONLY,ROB2_RESULT_SPECIFIC_PENDING
2 - not currently pooled,Yang 2020,Vomiting severity score,24–48 h after surgery,PONV,1,Other (describe),29.0,28.0,30.0,29.0,EA group,UC group,e920648-6; Table 4,"Table 4 footnote states starred continuous outcomes are median (quartile range). Where the table prints only '0' without a parenthetical range, dispersion is not reported.",HOLD,ROB2_RESULT_SPECIFIC_PENDING
2 - not currently pooled,Yang 2020,Vomiting severity score,48–72 h after surgery,PONV,1,Other (describe),29.0,28.0,30.0,29.0,EA group,UC group,e920648-6; Table 4,"Table 4 footnote states starred continuous outcomes are median (quartile range). Where the table prints only '0' without a parenthetical range, dispersion is not reported.",HOLD,ROB2_RESULT_SPECIFIC_PENDING
2 - not currently pooled,Yang 2024,Postoperative vomiting,Within 72 h,PONV,1,Events/total,90,90,90,90,Perioperative EA + usual care,Usual care,Secondary outcomes / PONV,No sham acupuncture; patient knowledge could affect subjective nausea but vomiting is more objective,INCLUDE,ROB2_RESULT_SPECIFIC_PENDING
2 - not currently pooled,Yao 2015,Cumulative number of rescue analgesia administrations,0-24 h postoperative,Rescue opioid use,1,Median/IQR,35,36,35,36,Preoperative TEAS,Control/no current,Table 3 (Cumulative number of rescue analgesia),"Rescue was IV sufentanil 0.05 ug/kg per administration. Do NOT multiply the median count by 0.05 ug/kg and a mean body weight to manufacture cumulative MME: the product of a median count and a mean weight is not the median or mean of the individual-level product, and no patient-level data are available.",NARRATIVE ONLY,ROB2_RESULT_SPECIFIC_PENDING
2 - not currently pooled,Yao 2015,Postoperative nausea,0-24 h postoperative,PONV,1,Events/total,35,36,35,36,Preoperative TEAS,Control/no current,Table 3 (Nausea),Reported as 17 (48.6%) vs 26 (72.2%); denominators confirmed from Table 3 headers.,INCLUDE,ROB2_RESULT_SPECIFIC_PENDING
2 - not currently pooled,Yao 2015,Postoperative vomiting,0-24 h postoperative,PONV,1,Events/total,35,36,35,36,Preoperative TEAS,Control/no current,Table 3 (Vomiting),Source-extracted during verification of the supplementary nausea row; the supplement did not list it. Reported as 7 (20.0%) vs 19 (52.8%).,INCLUDE,ROB2_RESULT_SPECIFIC_PENDING
2 - not currently pooled,Yao 2015,Time to first rescue analgesia,0-24 h postoperative,Rescue analgesia,1,Median/range,35,36,35,36,Preoperative TEAS,Control/no current,Table 3 (Time to first rescue analgesia),"The intervention arm's upper bound of 1440 min is the full 24-h observation window, i.e. censoring at end of follow-up. Treating this as an IQR bound would be wrong; it is a range. Not pooled as a mean difference.",NARRATIVE ONLY,ROB2_RESULT_SPECIFIC_PENDING
2 - not currently pooled,Yu 2020,Any nausea and/or vomiting,0–24 h,PONV,1,Events/total,30.0,30.0,30.0,30.0,Preoperative TEAS,Control/no current (electrodes applied),"Trials 2020;21:43, pp.5–7; Table 3 + Results",NOT REPORTED,INCLUDE,ROB2_RESULT_SPECIFIC_PENDING
2 - not currently pooled,Yu 2020,Global QoR-40,Postoperative day 2 (~48 h),Quality of recovery,1,Mean/SD,30.0,30.0,30.0,30.0,Preoperative TEAS,Control/no current (electrodes applied),"Trials 2020;21:43, abstract / Fig.4; Abstract + Figure 4",NOT REPORTED,INCLUDE,ROB2_RESULT_SPECIFIC_PENDING
2 - not currently pooled,Yu 2020,MMSE score,Postoperative day 1 (~24 h),Cognitive recovery,1,Mean/SD,30.0,30.0,30.0,30.0,Preoperative TEAS,Control/no current (electrodes applied),"Trials 2020;21:43, abstract / Figure 5; Abstract + Figure 5",The Results prose oddly states scores were 'significantly lower in the TEAS group' although the printed TEAS means are higher; numerical values are preserved.,INCLUDE,ROB2_RESULT_SPECIFIC_PENDING
2 - not currently pooled,Yu 2020,MMSE score,Postoperative day 2 (~48 h),Cognitive recovery,1,Mean/SD,30.0,30.0,30.0,30.0,Preoperative TEAS,Control/no current (electrodes applied),"Trials 2020;21:43, abstract / Figure 5; Abstract + Figure 5",The Results prose oddly states scores were 'significantly lower in the TEAS group' although the printed TEAS means are higher; numerical values are preserved.,INCLUDE,ROB2_RESULT_SPECIFIC_PENDING
2 - not currently pooled,Yu 2020,Participants requiring rescue sufentanil,0-24 h postoperative,Rescue opioid use,1,Events/total,30,30,30,30,Preoperative TEAS,Control/no current (electrodes applied),Table 3 (Cases of remedial analgesia),"Binary incidence of rescue analgesia, NOT cumulative opioid dose. Rescue dose/number of administrations not reported, so no MME is derivable.",INCLUDE,ROB2_RESULT_SPECIFIC_PENDING
2 - not currently pooled,Yu 2020,Participants requiring tropisetron rescue,0–24 h,Rescue antiemetic,1,Events/total,30.0,30.0,30.0,30.0,Preoperative TEAS,Control/no current (electrodes applied),"Trials 2020;21:43, pp.5–7; Table 3 + Results",The Results text specifies tropisetron as the rescue antiemetic.,INCLUDE,ROB2_RESULT_SPECIFIC_PENDING
2 - not currently pooled,Yu 2020,Resting pain VAS,POD1 (~24 h),Pain,1,Mean/SD,30,30,30,30,Preoperative TEAS,Control/no current (electrodes applied),Table 2 (VAS scores); abstract Results,"SOURCE CONFLICT: Table 2 reports TEAS 3.70 (1.53); the abstract reports 3.70 +/- 1.41 for the same result. Table 2's TEAS SD is also identical to the control SD (1.53), which is itself suspicious. Table 2 value recorded here as the primary transcription because a table outranks an abstract; the conflict is unresolved and this row must NOT be pooled. Author contact required. | V34: Yu Table 2 TEAS SDs POD1/POD2 = 1.53/0.98; abstract = 1.41/0.88. POD2 prose P=0.26, table *P<0.05, abstract significant. Table values retained; pain quantitative HOLD.",HOLD,ROB2_RESULT_SPECIFIC_PENDING
2 - not currently pooled,Yu 2020,Resting pain VAS,POD2 (~48 h),Pain,1,Mean/SD,30,30,30,30,Preoperative TEAS,Control/no current (electrodes applied),Table 2; Results 'Pain assessment'; abstract,"TWO SOURCE CONFLICTS. (1) SD: Table 2 gives TEAS 1.83 (0.98); the abstract gives 1.83 +/- 0.88. (2) P value: the Results text states 'P = 0.042 and P = 0.26 for T1 and T2 respectively', i.e. POD2 non-significant, while Table 2 stars this result as P < 0.05 and the abstract claims P < 0.05 for both timepoints. Unresolved; do not pool. Author contact required. | V34: Yu Table 2 TEAS SDs POD1/POD2 = 1.53/0.98; abstract = 1.41/0.88. POD2 prose P=0.26, table *P<0.05, abstract significant. Table values retained; pain quantitative HOLD.",HOLD,ROB2_RESULT_SPECIFIC_PENDING
2 - not currently pooled,Zhan 2020,Actual cumulative postoperative sufentanil consumption,0-24 h,Opioid consumption,1,Not reported,30,30,30,30,TAP block + postoperative TEAS,TAP block,PCIA protocol / exact 24-h opioid section,Only programmed PCIA reservoir/basal settings are reported; actual group-specific delivered opioid is NR,NOT REPORTED,ROB2_RESULT_SPECIFIC_PENDING
2 - not currently pooled,Zhang 2014,Exact cumulative postoperative opioid dose,0-24 h,Opioid consumption,1,Not reported,33,32,33,32,Preoperative TEAS,Sham/no current,Postoperative analgesic section,Study reports intraoperative remifentanil rate but no exact postoperative opioid-consumption total,NOT REPORTED,ROB2_RESULT_SPECIFIC_PENDING
2 - not currently pooled,Zhang 2014,Postoperative nausea,Postoperative,PONV,1,Events/total,33,32,33,32,Preoperative TEAS,Sham/no current,Table 3 / postoperative side effects,No exact narrower time window reported in the extraction,INCLUDE,ROB2_RESULT_SPECIFIC_PENDING
2 - not currently pooled,Zhang 2014,Postoperative vomiting,Postoperative,PONV,1,Events/total,33,32,33,32,Preoperative TEAS,Sham/no current,Table 3 / postoperative side effects,No exact narrower time window reported in the extraction,INCLUDE,ROB2_RESULT_SPECIFIC_PENDING
2 - not currently pooled,Zhang 2014,Remifentanil consumption rate,Intraoperative,Intraoperative opioid,1,Mean/SD,33,32,33,32,Preoperative TEAS,Sham/no current,Table 2 / intraoperative remifentanil,"Weight/time-normalized consumption, not absolute remifentanil dose",INCLUDE,ROB2_RESULT_SPECIFIC_PENDING
2 - not currently pooled,Zhang 2018,Exact cumulative postoperative opioid consumption,0–24 h,Postoperative opioid consumption,1,Not reported,21,21,21,21,"Postoperative needleless TEA at bilateral ST36 and PC6; 25 Hz, 0.5-ms pulse width, 2–10 mA; 1 h twice daily on POD1–3",Active electrical stimulation at non-acupoints with the same stimulation method,Methods/results,The article does not report postoperative opioid consumption/dose or a quantitative rescue-opioid endpoint.,NOT REPORTED,ROB2_RESULT_SPECIFIC_PENDING
2 - not currently pooled,Zhang 2018,Postoperative hospital length of stay,Postoperative,Functional recovery,1,Graph-only mean±SE,21,21,21,21,"Postoperative needleless TEA at bilateral ST36 and PC6; 25 Hz, 0.5-ms pulse width, 2–10 mA; 1 h twice daily on POD1–3",Active electrical stimulation at non-acupoints with the same stimulation method,Figure 2b / Results,Exact group mean±SE values are shown only in Figure 2b; source text reports a 30.2% reduction. Adjusted regression coefficient for TEA was −6.3 days (95% CI −12.0 to −0.6).,GRAPH ONLY,ROB2_RESULT_SPECIFIC_PENDING
2 - not currently pooled,Zhang 2018,Prolonged postoperative ileus / time to first defecation >96 h,Postoperative,GI recovery,1,Events/total,21,21,21,21,"Postoperative needleless TEA at bilateral ST36 and PC6; 25 Hz, 0.5-ms pulse width, 2–10 mA; 1 h twice daily on POD1–3",Active electrical stimulation at non-acupoints with the same stimulation method,Results text / Table 2,"Text reports 0/21 TEA vs 5/21 sham, but Table 2 lists 33 non-endpoint + 11 endpoint patients (44 total) despite 42 randomized. Preserve raw text counts but hold quantitative use.",HOLD,ROB2_RESULT_SPECIFIC_PENDING
2 - not currently pooled,Zhang 2018,Time to ambulation,Postoperative,Functional recovery,1,Graph-only mean±SE,21,21,21,21,"Postoperative needleless TEA at bilateral ST36 and PC6; 25 Hz, 0.5-ms pulse width, 2–10 mA; 1 h twice daily on POD1–3",Active electrical stimulation at non-acupoints with the same stimulation method,Figure 2b / Results,Exact group mean±SE values are shown only in Figure 2b; source text reports a 42.8% reduction.,GRAPH ONLY,ROB2_RESULT_SPECIFIC_PENDING
2 - not currently pooled,Zhang 2018,Time to first flatus,Postoperative,GI recovery,1,Graph-only mean±SE,21,21,21,21,"Postoperative needleless TEA at bilateral ST36 and PC6; 25 Hz, 0.5-ms pulse width, 2–10 mA; 1 h twice daily on POD1–3",Active electrical stimulation at non-acupoints with the same stimulation method,Figure 2a / Results,Exact group mean±SE values are shown only in Figure 2a; do not visually infer. Source text reports a 35.9% reduction.,GRAPH ONLY,ROB2_RESULT_SPECIFIC_PENDING
2 - not currently pooled,Zhang 2018,Time to resume diet,Postoperative,GI recovery,1,Graph-only mean±SE,21,21,21,21,"Postoperative needleless TEA at bilateral ST36 and PC6; 25 Hz, 0.5-ms pulse width, 2–10 mA; 1 h twice daily on POD1–3",Active electrical stimulation at non-acupoints with the same stimulation method,Figure 2b / Results,Exact group mean±SE values are shown only in Figure 2b; do not visually infer. Source text reports a 26.5% reduction.,GRAPH ONLY,ROB2_RESULT_SPECIFIC_PENDING
2 - not currently pooled,Zhang 2018,VAS pain score,Postoperative day 1,Pain,1,Graph-only mean±SE,21,21,21,21,"Postoperative needleless TEA at bilateral ST36 and PC6; 25 Hz, 0.5-ms pulse width, 2–10 mA; 1 h twice daily on POD1–3",Active electrical stimulation at non-acupoints with the same stimulation method,Figure 2c / Results,Figure 2c shows POD1 means±SE but exact values are not tabulated. The Results text highlights significant reductions only on POD2 and POD3.,GRAPH ONLY,ROB2_RESULT_SPECIFIC_PENDING
2 - not currently pooled,Zhang 2018,VAS pain score,Postoperative day 2,Pain,1,Graph-only mean±SE,21,21,21,21,"Postoperative needleless TEA at bilateral ST36 and PC6; 25 Hz, 0.5-ms pulse width, 2–10 mA; 1 h twice daily on POD1–3",Active electrical stimulation at non-acupoints with the same stimulation method,Figure 2c / Results,Exact group mean±SE values are shown only in Figure 2c; source text reports a 50.8% reduction.,GRAPH ONLY,ROB2_RESULT_SPECIFIC_PENDING
2 - not currently pooled,Zhang 2018,VAS pain score,Postoperative day 3,Pain,1,Graph-only mean±SE,21,21,21,21,"Postoperative needleless TEA at bilateral ST36 and PC6; 25 Hz, 0.5-ms pulse width, 2–10 mA; 1 h twice daily on POD1–3",Active electrical stimulation at non-acupoints with the same stimulation method,Figure 2c / Results,Exact group mean±SE values are shown only in Figure 2c; source text reports a 64.9% reduction.,GRAPH ONLY,ROB2_RESULT_SPECIFIC_PENDING
2 - not currently pooled,Zhang 2023,Delayed urinary recovery (>12 h without spontaneous void),Postoperative,Urinary recovery,1,Events/total,922,916,975,973,TEAS,Sham/no current,Table 2 / delayed urinary recovery,"Use analyzed denominators 922 and 916, not randomized denominators",INCLUDE,ROB2_RESULT_SPECIFIC_PENDING
2 - not currently pooled,Zhang 2023,Exact cumulative postoperative opioid dose,0-24 h,Opioid consumption,1,Not reported,922,916,975,973,TEAS,Sham/no current,Exact 24-h endpoint absent,Only a postoperative 48-h opioid-equivalent endpoint is reported,NOT REPORTED,ROB2_RESULT_SPECIFIC_PENDING
2 - not currently pooled,Zhang 2023,Postoperative IV morphine-equivalent consumption,Within 48 h,Opioid consumption,1,Median/IQR,922,916,975,973,TEAS,Sham/no current,Table 1 / postoperative opioid-equivalent result,Authors converted opioids using ClinCalc; exact 24-h postoperative dose is not reported,NARRATIVE ONLY,ROB2_RESULT_SPECIFIC_PENDING
2 - not currently pooled,Zhang 2023,Postoperative urinary retention,Postoperative,Urinary recovery,1,Events/total,922,916,975,973,TEAS,Sham/no current,Table 2 / POUR result,Use analyzed denominators 922 and 916,INCLUDE,ROB2_RESULT_SPECIFIC_PENDING
2 - not currently pooled,Zhang 2025,Any rescue analgesia demand,POD1 / postoperative period reported in Table 4,Rescue analgesia,1,Events/total,45,48,54,54,Perioperative TEAS,Sub-sensory sham,"Table 4, p9",Published RR 0.70 (0.44-1.10) conflicts with raw counts (~0.52) and significant P-value; use raw event counts,INCLUDE,ROB2_RESULT_SPECIFIC_PENDING
2 - not currently pooled,Zhang 2025,Moderate-to-severe visceral pain,POD1,Pain,1,Events/total,45,48,54,54,Perioperative TEAS,Sub-sensory sham,"Figure 3D, p8",Figure 3D reports 8.9% vs 37.5%; 4/45 and 18/48 are exact denominator reconstructions,INCLUDE,ROB2_RESULT_SPECIFIC_PENDING
2 - not currently pooled,Zheng 2025,Dizziness and headache,Postoperative,Adverse events,1,Events/total,42.0,43.0,44.0,44.0,Perioperative TEAS,Sham/no current,Journal of Pain Research 2025;18:6458; Table 3 continued,NOT REPORTED,INCLUDE,ROB2_RESULT_SPECIFIC_PENDING
2 - not currently pooled,Zheng 2025,Drowsiness,Postoperative,Adverse events,1,Events/total,42.0,43.0,44.0,44.0,Perioperative TEAS,Sham/no current,Journal of Pain Research 2025;18:6458; Table 3 continued,NOT REPORTED,INCLUDE,ROB2_RESULT_SPECIFIC_PENDING
2 - not currently pooled,Zheng 2025,Effective PCIA button presses,Postoperative; exact pump duration not stated,Opioid demand,1,Mean/SD,42.0,43.0,44.0,44.0,Perioperative TEAS,Sham/no current,Journal of Pain Research 2025;18:6458; Table 3 continued,"PCIA presses are a proxy for demand, not a measured sufentanil mass.",HOLD,ROB2_RESULT_SPECIFIC_PENDING
2 - not currently pooled,Zheng 2025,Emergency rescue analgesia events,Postoperative; exact window not stated,Rescue analgesia,1,Other (describe),42.0,43.0,44.0,44.0,Perioperative TEAS,Sham/no current,Journal of Pain Research 2025;18:6455; Results prose,The accessed Table 3 does not print the numeric rescue-analgesia counts. Record as NOT REPORTED rather than zero.,NOT REPORTED,ROB2_RESULT_SPECIFIC_PENDING
2 - not currently pooled,Zheng 2025,Exact cumulative postoperative sufentanil mass,0-24 h,Opioid consumption,1,Not reported,42,43,44,44,Perioperative TEAS,Sham/no current,PCIA formulation section / missing outcome,Final PCIA volume/concentration and exact cumulative sufentanil mass are not reported,NOT REPORTED,ROB2_RESULT_SPECIFIC_PENDING
2 - not currently pooled,Zheng 2025,Fever,Postoperative,Adverse events,1,Events/total,42.0,43.0,44.0,44.0,Perioperative TEAS,Sham/no current,Journal of Pain Research 2025;18:6458; Table 3 continued,NOT REPORTED,INCLUDE,ROB2_RESULT_SPECIFIC_PENDING
2 - not currently pooled,Zheng 2025,Global QoR-40,6 h,Quality of recovery,1,Graph only,42.0,43.0,44.0,44.0,Perioperative TEAS,Sham/no current,Journal of Pain Research 2025;18:6456; Figure 2A,Do not visually digitize. The text reports the between-group significance but not exact group mean/SD for this timepoint.,GRAPH ONLY,ROB2_RESULT_SPECIFIC_PENDING
2 - not currently pooled,Zheng 2025,Global QoR-40,24 h,Quality of recovery,1,Graph only,42.0,43.0,44.0,44.0,Perioperative TEAS,Sham/no current,Journal of Pain Research 2025;18:6456; Figure 2A,Do not visually digitize. The text reports the between-group significance but not exact group mean/SD for this timepoint.,GRAPH ONLY,ROB2_RESULT_SPECIFIC_PENDING
2 - not currently pooled,Zheng 2025,Global QoR-40,48 h,Quality of recovery,1,Mean; SD not numerically reported,42.0,43.0,44.0,44.0,Perioperative TEAS,Sham/no current,"Journal of Pain Research 2025;18:6453,6458; Results text + Figure 2A","Figure 2 shows mean±SD graphically, but exact SD values are not printed in text/table; no visual digitization performed.",HOLD,ROB2_RESULT_SPECIFIC_PENDING
2 - not currently pooled,Zheng 2025,Hospital stay duration,Postoperative hospitalization,Length of stay,1,Median/IQR,42.0,43.0,44.0,44.0,Perioperative TEAS,Sham/no current,Journal of Pain Research 2025;18:6458; Table 3 continued,NOT REPORTED,NARRATIVE ONLY,ROB2_RESULT_SPECIFIC_PENDING
2 - not currently pooled,Zheng 2025,NRS pain score,6 h,Pain,1,Mean/SD,42.0,43.0,44.0,44.0,Perioperative TEAS,Sham/no current,Journal of Pain Research 2025;18:6458; Table 4,NOT REPORTED,INCLUDE,ROB2_RESULT_SPECIFIC_PENDING
2 - not currently pooled,Zheng 2025,NRS pain score,24 h,Pain,1,Mean/SD,42.0,43.0,44.0,44.0,Perioperative TEAS,Sham/no current,Journal of Pain Research 2025;18:6458; Table 4,INTERNAL SOURCE CONFLICT: prose reports P=0.042 while Table 4 footnote prints bP=0.422. Do not silently correct.,INCLUDE,ROB2_RESULT_SPECIFIC_PENDING
2 - not currently pooled,Zheng 2025,NRS pain score,48 h,Pain,1,Mean/SD,42.0,43.0,44.0,44.0,Perioperative TEAS,Sham/no current,Journal of Pain Research 2025;18:6458; Table 4,No exact between-group P value is printed for 48 h.,INCLUDE,ROB2_RESULT_SPECIFIC_PENDING
2 - not currently pooled,Zheng 2025,Nausea incidence,0–2 h,PONV,1,Events/total,42.0,43.0,44.0,44.0,Perioperative TEAS,Sham/no current,Journal of Pain Research 2025;18:6455; Table 2,NOT REPORTED,INCLUDE,ROB2_RESULT_SPECIFIC_PENDING
2 - not currently pooled,Zheng 2025,Nausea incidence,2–4 h,PONV,1,Events/total,42.0,43.0,44.0,44.0,Perioperative TEAS,Sham/no current,Journal of Pain Research 2025;18:6455; Table 2,NOT REPORTED,INCLUDE,ROB2_RESULT_SPECIFIC_PENDING
2 - not currently pooled,Zheng 2025,Nausea incidence,4–6 h,PONV,1,Events/total,42.0,43.0,44.0,44.0,Perioperative TEAS,Sham/no current,Journal of Pain Research 2025;18:6455; Table 2,NOT REPORTED,INCLUDE,ROB2_RESULT_SPECIFIC_PENDING
2 - not currently pooled,Zheng 2025,Nausea incidence,6–24 h,PONV,1,Events/total,42.0,43.0,44.0,44.0,Perioperative TEAS,Sham/no current,Journal of Pain Research 2025;18:6455; Table 2,NOT REPORTED,INCLUDE,ROB2_RESULT_SPECIFIC_PENDING
2 - not currently pooled,Zheng 2025,PACU stay time,Postoperative,Functional recovery,1,Mean/SD,42.0,43.0,44.0,44.0,Perioperative TEAS,Sham/no current,Journal of Pain Research 2025;18:6457–6458; Table 3,Table note specifies mean (SD) for these rows.,INCLUDE,ROB2_RESULT_SPECIFIC_PENDING
2 - not currently pooled,Zheng 2025,PSQI score,24 h,Sleep quality,1,Mean/SD,42.0,43.0,44.0,44.0,Perioperative TEAS,Sham/no current,Journal of Pain Research 2025;18:6458; Table 4,The article describes sleep quality as improved in TEAS; this extraction preserves the printed scores without reinterpreting the scale.,INCLUDE,ROB2_RESULT_SPECIFIC_PENDING
2 - not currently pooled,Zheng 2025,PSQI score,48 h,Sleep quality,1,Mean/SD,42.0,43.0,44.0,44.0,Perioperative TEAS,Sham/no current,Journal of Pain Research 2025;18:6458; Table 4,The article describes sleep quality as improved in TEAS; this extraction preserves the printed scores without reinterpreting the scale.,INCLUDE,ROB2_RESULT_SPECIFIC_PENDING
2 - not currently pooled,Zheng 2025,Time to first borborygmus,Postoperative,GI recovery,1,Mean/SD,42.0,43.0,44.0,44.0,Perioperative TEAS,Sham/no current,Journal of Pain Research 2025;18:6457–6458; Table 3,Table note specifies mean (SD) for these rows.,INCLUDE,ROB2_RESULT_SPECIFIC_PENDING
2 - not currently pooled,Zheng 2025,Total PCIA button presses,Postoperative; exact pump duration NR,Opioid demand,1,Mean/SD,42,43,44,44,Perioperative TEAS,Sham/no current,Postoperative PCIA results,"PCIA final volume/concentration is NR, so presses cannot be converted to sufentanil mass",INCLUDE,ROB2_RESULT_SPECIFIC_PENDING
2 - not currently pooled,Zheng 2025,Vomiting incidence,0–2 h,PONV,1,Events/total,42.0,43.0,44.0,44.0,Perioperative TEAS,Sham/no current,Journal of Pain Research 2025;18:6455; Table 2,NOT REPORTED,INCLUDE,ROB2_RESULT_SPECIFIC_PENDING
2 - not currently pooled,Zheng 2025,Vomiting incidence,2–4 h,PONV,1,Events/total,42.0,43.0,44.0,44.0,Perioperative TEAS,Sham/no current,Journal of Pain Research 2025;18:6455; Table 2,NOT REPORTED,INCLUDE,ROB2_RESULT_SPECIFIC_PENDING
2 - not currently pooled,Zheng 2025,Vomiting incidence,4–6 h,PONV,1,Events/total,42.0,43.0,44.0,44.0,Perioperative TEAS,Sham/no current,Journal of Pain Research 2025;18:6455; Table 2,NOT REPORTED,INCLUDE,ROB2_RESULT_SPECIFIC_PENDING
2 - not currently pooled,Zheng 2025,Vomiting incidence,6–24 h,PONV,1,Events/total,42.0,43.0,44.0,44.0,Perioperative TEAS,Sham/no current,Journal of Pain Research 2025;18:6455; Table 2,NOT REPORTED,INCLUDE,ROB2_RESULT_SPECIFIC_PENDING
2 - not currently pooled,Zheng 2025,Wake-up time,Postoperative,Functional recovery,1,Mean/SD,42.0,43.0,44.0,44.0,Perioperative TEAS,Sham/no current,Journal of Pain Research 2025;18:6457–6458; Table 3,Table note specifies mean (SD) for these rows.,INCLUDE,ROB2_RESULT_SPECIFIC_PENDING
2 - not currently pooled,Zhou 2021,Any postoperative opioid use,Postoperative window not clearly defined as 0-24 h,Opioid consumption,1,Events/total,41,40,41,41,Postoperative TEAS + ERAS,ERAS/usual care,Table 3,Exact postoperative time window is not clearly stated,INCLUDE,ROB2_RESULT_SPECIFIC_PENDING
2 - not currently pooled,Zhou 2021,Average postoperative pain,POD1-POD5 average,Pain,1,Mean/SD,41,40,41,41,Postoperative TEAS + ERAS,ERAS/usual care,"Table 3, p6",Open-label/no sham; subjective outcome,INCLUDE,ROB2_RESULT_SPECIFIC_PENDING
2 - not currently pooled,Zhou 2025,Any rescue analgesia,POD1-POD3,Rescue analgesia,1,Events/total,48,49,50,50,PACU TEAS,Sham/no current,"Table 3, p8",Not a 24-h opioid dose; exact cumulative tramadol dose is not reported,INCLUDE,ROB2_RESULT_SPECIFIC_PENDING
2 - not currently pooled,Zhou 2025,Exact cumulative postoperative opioid dose,0-24 h,Opioid consumption,1,Not reported,48,49,50,50,PACU TEAS,Sham/no current,Not numerically reported,Standard perioperative sufentanil plus PRN tramadol; exact 0-24-h cumulative dose not reported,NOT REPORTED,ROB2_RESULT_SPECIFIC_PENDING
2 - not currently pooled,Zhou 2025,PONV incidence,POD1,PONV,1,Events/total,48,49,50,50,PACU TEAS,Sham/no current,"Table 4, p8",Participant sensory blinding uncertain,INCLUDE,ROB2_RESULT_SPECIFIC_PENDING
2 - not currently pooled,Zhou 2025,Resting pain VAS,POD1,Pain,1,Median/IQR,48,49,50,50,PACU TEAS,Sham/no current,"Table 3, p8",Do not convert median/IQR to mean/SD without prespecified method,NARRATIVE ONLY,ROB2_RESULT_SPECIFIC_PENDING
2 - not currently pooled,Zhu 2022,Nausea severity score,0–6 h after surgery,PONV,3,Mean/SD,101.0,101.0,103.0,104.0,Group Pre — EA day before surgery,Group Usual — usual care alone,p. 420; Table 2,Randomized arm sizes taken from CONSORT Fig 1 (Pre 103/30 103/Comb 103/Usual 104). Abstract instead reports Pre 103/30 104/Comb 103/Usual 103; source is internally inconsistent.,INCLUDE,ROB2_RESULT_SPECIFIC_PENDING
2 - not currently pooled,Zhu 2022,Nausea severity score,6–24 h after surgery,PONV,3,Mean/SD,101.0,101.0,103.0,104.0,Group Pre — EA day before surgery,Group Usual — usual care alone,p. 420; Table 2,Randomized arm sizes taken from CONSORT Fig 1 (Pre 103/30 103/Comb 103/Usual 104). Abstract instead reports Pre 103/30 104/Comb 103/Usual 103; source is internally inconsistent.,INCLUDE,ROB2_RESULT_SPECIFIC_PENDING
2 - not currently pooled,Zhu 2022,Nausea severity score,24–48 h after surgery,PONV,3,Mean/SD,101.0,101.0,103.0,104.0,Group Pre — EA day before surgery,Group Usual — usual care alone,p. 420; Table 2,Randomized arm sizes taken from CONSORT Fig 1 (Pre 103/30 103/Comb 103/Usual 104). Abstract instead reports Pre 103/30 104/Comb 103/Usual 103; source is internally inconsistent.,INCLUDE,ROB2_RESULT_SPECIFIC_PENDING
2 - not currently pooled,Zhu 2022,Overall QoR-15,AMBIGUOUS,Quality of recovery,3,Mean/SD,101.0,101.0,103.0,104.0,Group Pre — EA day before surgery,Group Usual — usual care alone,p. 422; Table 3,Randomized arm sizes taken from CONSORT Fig 1 (Pre 103/30 103/Comb 103/Usual 104). Abstract instead reports Pre 103/30 104/Comb 103/Usual 103; source is internally inconsistent. The table/methods do not state the assessment timepoint for the reported overall QoR-15 value.,HOLD,ROB2_RESULT_SPECIFIC_PENDING
2 - not currently pooled,Zhu 2022,Pain on movement (NRS),6–24 h,Pain,3,Mean/SD,101.0,101.0,103.0,104.0,Group Pre — EA day before surgery,Group Usual — usual care alone,p. 422; Table 3,"Randomized arm sizes taken from CONSORT Fig 1 (Pre 103/30 103/Comb 103/Usual 104). Abstract instead reports Pre 103/30 104/Comb 103/Usual 103; source is internally inconsistent. Methods call the primary pain outcome 'pain on movement at 24h', while Table 3 labels the row 'Pain at 6–24 h'.",INCLUDE,ROB2_RESULT_SPECIFIC_PENDING
2 - not currently pooled,Zhu 2022,Pain on movement (NRS),0–6 h,Pain,3,Mean/SD,101.0,101.0,103.0,104.0,Group Pre — EA day before surgery,Group Usual — usual care alone,p. 422; Table 3,Randomized arm sizes taken from CONSORT Fig 1 (Pre 103/30 103/Comb 103/Usual 104). Abstract instead reports Pre 103/30 104/Comb 103/Usual 103; source is internally inconsistent.,INCLUDE,ROB2_RESULT_SPECIFIC_PENDING
2 - not currently pooled,Zhu 2022,Pain on movement (NRS),24–48 h,Pain,3,Mean/SD,101.0,101.0,103.0,104.0,Group Pre — EA day before surgery,Group Usual — usual care alone,p. 422; Table 3,Randomized arm sizes taken from CONSORT Fig 1 (Pre 103/30 103/Comb 103/Usual 104). Abstract instead reports Pre 103/30 104/Comb 103/Usual 103; source is internally inconsistent.,INCLUDE,ROB2_RESULT_SPECIFIC_PENDING
2 - not currently pooled,Zhu 2022,Pain on movement (NRS),48–72 h,Pain,3,Mean/SD,101.0,101.0,103.0,104.0,Group Pre — EA day before surgery,Group Usual — usual care alone,p. 422; Table 3,Randomized arm sizes taken from CONSORT Fig 1 (Pre 103/30 103/Comb 103/Usual 104). Abstract instead reports Pre 103/30 104/Comb 103/Usual 103; source is internally inconsistent.,INCLUDE,ROB2_RESULT_SPECIFIC_PENDING
2 - not currently pooled,Zhu 2022,Participants requiring metoclopramide rescue antiemetic,0–6 h after surgery,Rescue antiemetic,3,Events/total,101.0,101.0,103.0,104.0,Group Pre — EA day before surgery,Group Usual — usual care alone,p. 420; Table 2,Randomized arm sizes taken from CONSORT Fig 1 (Pre 103/30 103/Comb 103/Usual 104). Abstract instead reports Pre 103/30 104/Comb 103/Usual 103; source is internally inconsistent. Methods specify metoclopramide 10 mg as rescue therapy.,INCLUDE,ROB2_RESULT_SPECIFIC_PENDING
2 - not currently pooled,Zhu 2022,Participants requiring metoclopramide rescue antiemetic,6–24 h after surgery,Rescue antiemetic,3,Events/total,101.0,101.0,103.0,104.0,Group Pre — EA day before surgery,Group Usual — usual care alone,p. 420; Table 2,Randomized arm sizes taken from CONSORT Fig 1 (Pre 103/30 103/Comb 103/Usual 104). Abstract instead reports Pre 103/30 104/Comb 103/Usual 103; source is internally inconsistent. Methods specify metoclopramide 10 mg as rescue therapy.,INCLUDE,ROB2_RESULT_SPECIFIC_PENDING
2 - not currently pooled,Zhu 2022,Participants requiring metoclopramide rescue antiemetic,24–48 h after surgery,Rescue antiemetic,3,Events/total,101.0,101.0,103.0,104.0,Group Pre — EA day before surgery,Group Usual — usual care alone,p. 420; Table 2,Randomized arm sizes taken from CONSORT Fig 1 (Pre 103/30 103/Comb 103/Usual 104). Abstract instead reports Pre 103/30 104/Comb 103/Usual 103; source is internally inconsistent. Methods specify metoclopramide 10 mg as rescue therapy.,INCLUDE,ROB2_RESULT_SPECIFIC_PENDING
2 - not currently pooled,Zhu 2022,Participants requiring postoperative analgesics,0–48 h after surgery,Rescue analgesia,3,Events/total,101.0,101.0,103.0,104.0,Group Pre — EA day before surgery,Group Usual — usual care alone,p. 422; Table 3,"Randomized arm sizes taken from CONSORT Fig 1 (Pre 103/30 103/Comb 103/Usual 104). Abstract instead reports Pre 103/30 104/Comb 103/Usual 103; source is internally inconsistent. Rescue analgesic protocol was flurbiprofen 100 mg when NRS >3; table reports only number of patients, not doses.",INCLUDE,ROB2_RESULT_SPECIFIC_PENDING
2 - not currently pooled,Zhu 2022,Postoperative nausea,6-24 h postoperatively,PONV,3,Events/total,101,101,103,104,EA day before surgery,Usual care alone,Table 2,Four-arm RCT; no sham; analysis denominators differ from randomized denominators,INCLUDE,ROB2_RESULT_SPECIFIC_PENDING
2 - not currently pooled,Zhu 2022,Postoperative nausea incidence,0–6 h after surgery,PONV,3,Events/total,101.0,101.0,103.0,104.0,Group Pre — EA day before surgery,Group Usual — usual care alone,p. 420; Table 2,Randomized arm sizes taken from CONSORT Fig 1 (Pre 103/30 103/Comb 103/Usual 104). Abstract instead reports Pre 103/30 104/Comb 103/Usual 103; source is internally inconsistent. Table 2 values are per-protocol.,INCLUDE,ROB2_RESULT_SPECIFIC_PENDING
2 - not currently pooled,Zhu 2022,Postoperative nausea incidence,24–48 h after surgery,PONV,3,Events/total,101.0,101.0,103.0,104.0,Group Pre — EA day before surgery,Group Usual — usual care alone,p. 420; Table 2,Randomized arm sizes taken from CONSORT Fig 1 (Pre 103/30 103/Comb 103/Usual 104). Abstract instead reports Pre 103/30 104/Comb 103/Usual 103; source is internally inconsistent. Table 2 values are per-protocol.,INCLUDE,ROB2_RESULT_SPECIFIC_PENDING
2 - not currently pooled,Zhu 2022,Postoperative nausea incidence,48–72 h after surgery,PONV,3,Events/total,101.0,101.0,103.0,104.0,Group Pre — EA day before surgery,Group Usual — usual care alone,p. 421; Results text; data not shown,Randomized arm sizes taken from CONSORT Fig 1 (Pre 103/30 103/Comb 103/Usual 104). Abstract instead reports Pre 103/30 104/Comb 103/Usual 103; source is internally inconsistent. Counts are stated as zero for all groups in text; no table is shown.,INCLUDE,ROB2_RESULT_SPECIFIC_PENDING
2 - not currently pooled,Zhu 2022,Postoperative vomiting incidence,0–6 h after surgery,PONV,3,Events/total,101.0,101.0,103.0,104.0,Group Pre — EA day before surgery,Group Usual — usual care alone,p. 420; Table 2,Randomized arm sizes taken from CONSORT Fig 1 (Pre 103/30 103/Comb 103/Usual 104). Abstract instead reports Pre 103/30 104/Comb 103/Usual 103; source is internally inconsistent. Table 2 values are per-protocol.,INCLUDE,ROB2_RESULT_SPECIFIC_PENDING
2 - not currently pooled,Zhu 2022,Postoperative vomiting incidence,24–48 h after surgery,PONV,3,Events/total,101.0,101.0,103.0,104.0,Group Pre — EA day before surgery,Group Usual — usual care alone,p. 420; Table 2,Randomized arm sizes taken from CONSORT Fig 1 (Pre 103/30 103/Comb 103/Usual 104). Abstract instead reports Pre 103/30 104/Comb 103/Usual 103; source is internally inconsistent. Table 2 values are per-protocol.,INCLUDE,ROB2_RESULT_SPECIFIC_PENDING
2 - not currently pooled,Zhu 2022,Postoperative vomiting incidence,48–72 h after surgery,PONV,3,Events/total,101.0,101.0,103.0,104.0,Group Pre — EA day before surgery,Group Usual — usual care alone,p. 421; Results text; data not shown,Randomized arm sizes taken from CONSORT Fig 1 (Pre 103/30 103/Comb 103/Usual 104). Abstract instead reports Pre 103/30 104/Comb 103/Usual 103; source is internally inconsistent. Counts are stated as zero for all groups in text; no table is shown.,INCLUDE,ROB2_RESULT_SPECIFIC_PENDING
2 - not currently pooled,Zhu 2022,Time to passage of first flatus,From end of surgery to first flatus,GI recovery,3,Mean/SD,101.0,101.0,103.0,104.0,Group Pre — EA day before surgery,Group Usual — usual care alone,p. 422; Table 3,Randomized arm sizes taken from CONSORT Fig 1 (Pre 103/30 103/Comb 103/Usual 104). Abstract instead reports Pre 103/30 104/Comb 103/Usual 103; source is internally inconsistent.,INCLUDE,ROB2_RESULT_SPECIFIC_PENDING
2 - not currently pooled,Zhu 2022,Vomiting severity score,0–6 h after surgery,PONV,3,Mean/SD,101.0,101.0,103.0,104.0,Group Pre — EA day before surgery,Group Usual — usual care alone,p. 420; Table 2,Randomized arm sizes taken from CONSORT Fig 1 (Pre 103/30 103/Comb 103/Usual 104). Abstract instead reports Pre 103/30 104/Comb 103/Usual 103; source is internally inconsistent.,INCLUDE,ROB2_RESULT_SPECIFIC_PENDING
2 - not currently pooled,Zhu 2022,Vomiting severity score,6–24 h after surgery,PONV,3,Mean/SD,101.0,101.0,103.0,104.0,Group Pre — EA day before surgery,Group Usual — usual care alone,p. 420; Table 2,Randomized arm sizes taken from CONSORT Fig 1 (Pre 103/30 103/Comb 103/Usual 104). Abstract instead reports Pre 103/30 104/Comb 103/Usual 103; source is internally inconsistent.,INCLUDE,ROB2_RESULT_SPECIFIC_PENDING
2 - not currently pooled,Zhu 2022,Vomiting severity score,24–48 h after surgery,PONV,3,Mean/SD,101.0,101.0,103.0,104.0,Group Pre — EA day before surgery,Group Usual — usual care alone,p. 420; Table 2,Randomized arm sizes taken from CONSORT Fig 1 (Pre 103/30 103/Comb 103/Usual 104). Abstract instead reports Pre 103/30 104/Comb 103/Usual 103; source is internally inconsistent.,INCLUDE,ROB2_RESULT_SPECIFIC_PENDING
