Canonicalstudy,ComparisonID,Interventionarm,Comparatorarm,Outcomefamily,Outcomeresult,Timepointwindow,Datatype,Randomizednintervention,Randomizedncomparator,Analyzednintervention,Analyzedncomparator,Meanintervention,SDintervention,Medianintervention,Q1intervention,Q3intervention,Eventsintervention,Meancomparator,SDcomparator,Mediancomparator,Q1comparator,Q3comparator,Eventscomparator,Unitscale,ReportedP,Directlyreported,Derivedconverted,Derivedeffectmeasure,Derivedeffect,Exact024hpostoperativeopioi,Primaryopioidmetaanalysiseli,Otheranalysiseligibility,Sharedcontrolmultiarmissue,SourceQCissue,Sourcelocation,SourcePDFURL,Recordstatus,AFlockIDs,AFtargets,AFendpointstratums,AFreconciliationactions,AFincludestrict,AFincludesensitivity,AFoverallRoB,AFunresolvedpriority,AFholdexcludenote,AFsourcetruthresults
Yang 2020,YANG20_EA_vs_UC,EA + usual care,Usual care,GI recovery,Time to first postoperative flatus,From surgery to first flatus,Mean/SD,30,29,29,28,20.8,4.6,,,,,24.1,6.2,,,,,hours,0.026,Yes,No,MD,-3.300000000000001,No,No,Eligible for GI-recovery meta-analysis,No,Open-label; 2/59 excluded after randomization; participant-report contribution unclear,GI recovery results/table,https://drive.google.com/file/d/1hsQR_K6W-5QNP4rqkVxHQaopRp4f1XF0/view?usp=drivesdk,SOURCE-VERIFIED,E-002,E,E_time_to_first_flatus,MATCHED,1,0,Some concerns,P2,,20.8±4.6 vs 24.1±6.2 h
Seevaunnamtum 2016,SEEVA16_EA_vs_UC,Intraoperative EA,Standard care,Opioid consumption,Cumulative IV PCA morphine requirement,First 24 h postoperatively,Mean/SD,32,32,32,32,21.38,14.38,,,,,33.94,20.24,,,,,mg morphine,0.006,Yes,No,MD,-12.56,Yes,Yes,Primary continuous 24-h opioid outcome,No,No allocation-concealment method reported,Table 2 / 24-h PCA morphine,https://drive.google.com/file/d/1OhuqhDUCEmOij7fZFhHHCJNwfQ9xpMzd/view?usp=drivesdk,SOURCE-VERIFIED,F-postop-dose-001,F-postop-dose,F_postop_delivered_dose_or_solution,MATCHED,1,0,Some concerns,,,21.38±14.38 vs33.94±20.24 mg; P=0.006
Lin 2002,LIN02_HIGH_vs_CONTROL,100-Hz EA,Untreated control,Opioid consumption,Cumulative IV PCA morphine delivered during postoperative test period,Postoperative hour 1 through next 23 h (published as 24-h test-period value),Mean/SD,25,25,25,25,15,10.7,,,,,38.1,16,,,,,mg morphine,,Yes,No,MD,-23.1,No,No,Usable as published PCA-morphine endpoint; not complete all-opioid 0-24 h exposure,Yes,First postoperative hour could include IM pethidine; group-specific pethidine exposure not reported,Table 2,https://drive.google.com/file/d/1Q5dNOPkf4PB_ctbHu1_3v3UIMIJzKRw9/view?usp=drivesdk,SOURCE-VERIFIED,,,,,0,0,,,,
Lin 2002,LIN02_LOW_vs_CONTROL,2-Hz EA,Untreated control,Opioid consumption,Cumulative IV PCA morphine delivered during postoperative test period,Postoperative hour 1 through next 23 h (published as 24-h test-period value),Mean/SD,25,25,25,25,21.8,14.7,,,,,38.1,16,,,,,mg morphine,,Yes,No,MD,-16.3,No,No,Usable as published PCA-morphine endpoint; not complete all-opioid 0-24 h exposure,Yes,First postoperative hour could include IM pethidine; group-specific pethidine exposure not reported,Table 2,https://drive.google.com/file/d/1Q5dNOPkf4PB_ctbHu1_3v3UIMIJzKRw9/view?usp=drivesdk,SOURCE-VERIFIED,,,,,0,0,,,,
Lin 2002,LIN02_HIGH_vs_SHAM,100-Hz EA,Sham EA,Opioid consumption,Cumulative IV PCA morphine delivered during postoperative test period,Postoperative hour 1 through next 23 h (published as 24-h test-period value),Mean/SD,25,25,25,25,15,10.7,,,,,30.2,14.4,,,,,mg morphine,,Yes,No,MD,-15.2,No,No,Usable as published PCA-morphine endpoint; not complete all-opioid 0-24 h exposure,Yes,First postoperative hour could include IM pethidine; group-specific pethidine exposure not reported,Table 2,https://drive.google.com/file/d/1Q5dNOPkf4PB_ctbHu1_3v3UIMIJzKRw9/view?usp=drivesdk,SOURCE-VERIFIED,F-postop-dose-005,F-postop-dose,F_postop_delivered_dose_or_solution,MATCHED,0,1,High,,,Sham30.2±14.4; low21.8±14.7; high15.0±10.7 mg
Lin 2002,LIN02_LOW_vs_SHAM,2-Hz EA,Sham EA,Opioid consumption,Cumulative IV PCA morphine delivered during postoperative test period,Postoperative hour 1 through next 23 h (published as 24-h test-period value),Mean/SD,25,25,25,25,21.8,14.7,,,,,30.2,14.4,,,,,mg morphine,,Yes,No,MD,-8.399999999999999,No,No,Usable as published PCA-morphine endpoint; not complete all-opioid 0-24 h exposure,Yes,First postoperative hour could include IM pethidine; group-specific pethidine exposure not reported,Table 2,https://drive.google.com/file/d/1Q5dNOPkf4PB_ctbHu1_3v3UIMIJzKRw9/view?usp=drivesdk,SOURCE-VERIFIED,F-postop-dose-005,F-postop-dose,F_postop_delivered_dose_or_solution,MATCHED,0,1,High,,,Sham30.2±14.4; low21.8±14.7; high15.0±10.7 mg
Yao 2015,YAO15_TEAS_vs_CONTROL,Preoperative TEAS,Control/no current,Quality of recovery,Global QoR-40,24 h postoperatively,Mean/SD,37,37,35,36,176.5,10.2,,,,,164.8,14.7,,,,,QoR-40 points,<0.001,Yes,No,MD,11.69999999999999,No,No,Eligible for QoR meta-analysis,No,3 post-randomization exclusions; active sensory stimulation vs zero-current control,24-h QoR-40 result,https://drive.google.com/file/d/1OhcqPgP7chnaiBaZBPBAy4PQlSFMelfh/view?usp=drivesdk,SOURCE-VERIFIED,,,,,0,0,,,,
Yu 2020,YU20_TEAS_vs_CONTROL,Preoperative TEAS,Control/no current,Quality of recovery,Global QoR-40,Postoperative day 1 (~24 h),Mean/SD,30,30,30,30,175.33,9.66,,,,,166.07,8.44,,,,,QoR-40 points,0.040,Yes,No,MD,9.260000000000019,No,No,Eligible for QoR meta-analysis,No,Retrospective registration; article has internal intervention-parameter discrepancy,POD1 QoR-40 result,https://drive.google.com/file/d/1fXpHc9FzhpPCkXto8c5lfcLoA3ROdOEz/view?usp=drivesdk,SOURCE-VERIFIED,,,,,0,0,,,,
Pan 2023,PAN23_TEAS_vs_CONTROL,TEAS,Control/usual care,GI recovery,Time to first postoperative flatus,Postoperative recovery endpoint,Median/IQR,60,60,52,53,,,1020,675.8,1278,,,,1210,896.5,1427,,minutes,0.01,Yes,No,,,No,No,Eligible for GI analysis using nonparametric/prespecified conversion method only,No,15/120 excluded after randomization; do not relabel median/IQR as mean/SD,Postoperative recovery table,https://drive.google.com/file/d/19IZpaoI-iTQOr_XOTw-a17WTw_haz8q6/view?usp=drivesdk,SOURCE-VERIFIED,,,,,0,0,,,,
Chen 1998,CHEN98_NONACU_vs_SHAM,Active nonacupoint shoulder TENS,Sham ST36 TENS (0 mA),Opioid consumption,Cumulative IV PCA hydromorphone,First 24 h postoperatively,Mean/SD,25,25,25,25,10.5,6.2,,,,,10.7,5,,,,,mg hydromorphone,,Yes,No,MD,-.1999999999999993,Yes,Yes,Eligible for 24-h opioid analysis after prespecified opioid/MME conversion,Yes,Four-arm RCT; shared sham control must be handled correctly,Table 2 / first-24-h hydromorphone,https://drive.google.com/file/d/1lUyYj9aN1CL9RpY86ZY0970To83Kb17s/view?usp=drivesdk,SOURCE-VERIFIED,,,,,0,0,,,,
Chen 1998,CHEN98_DERM_vs_SHAM,Active dermatomal/peri-incisional TENS,Sham ST36 TENS (0 mA),Opioid consumption,Cumulative IV PCA hydromorphone,First 24 h postoperatively,Mean/SD,25,25,25,25,6.8,4.2,,,,,10.7,5,,,,,mg hydromorphone,,Yes,No,MD,-3.899999999999999,Yes,Yes,Eligible for 24-h opioid analysis after prespecified opioid/MME conversion,Yes,Four-arm RCT; shared sham control must be handled correctly,Table 2 / first-24-h hydromorphone,https://drive.google.com/file/d/1lUyYj9aN1CL9RpY86ZY0970To83Kb17s/view?usp=drivesdk,SOURCE-VERIFIED,,,,,0,0,,,,
Chen 1998,CHEN98_ACU_vs_SHAM,Active ST36 acupoint TENS,Sham ST36 TENS (0 mA),Opioid consumption,Cumulative IV PCA hydromorphone,First 24 h postoperatively,Mean/SD,25,25,25,25,6.5,3.5,,,,,10.7,5,,,,,mg hydromorphone,,Yes,No,MD,-4.199999999999999,Yes,Yes,Eligible for 24-h opioid analysis after prespecified opioid/MME conversion,Yes,Four-arm RCT; shared sham control must be handled correctly,Table 2 / first-24-h hydromorphone,https://drive.google.com/file/d/1lUyYj9aN1CL9RpY86ZY0970To83Kb17s/view?usp=drivesdk,SOURCE-VERIFIED,F-postop-dose-004,F-postop-dose,F_postop_delivered_dose_or_solution,MATCHED,0,1,High,,,Acupoint6.5±3.5 vs sham10.7±5.0 mg
Chen 2020,CHEN20_TEAS_vs_SHAM,Perioperative TEAS,Sham low/zero-current protocol,Opioid consumption,Cumulative sufentanil,24 h postoperatively,Mean/SD,40,40,40,40,72.43000000000001,4.78,,,,,100.62,10.2,,,,,µg sufentanil,,Yes,No,MD,-28.19,Yes,Yes,Eligible for 24-h opioid analysis after prespecified opioid/MME conversion,No,Sham was 4 mA pre/postoperatively but 0 mA intraoperatively; preserve this nuance,Cumulative sufentanil result,https://drive.google.com/file/d/1y0_cC1NCl5g2vYxDMOtYmxVA_YEE-rsR/view?usp=drivesdk,SOURCE-VERIFIED,,,,,0,0,,,,
Chen 2020,CHEN20_TEAS_vs_SHAM_VAS,Perioperative TEAS,Sham low/zero-current protocol,Pain,VAS pain intensity,24 h postoperatively,Mean/SD,40,40,40,40,2.91,.2,,,,,5.97,.5600000000000001,,,,,VAS 0-10,,Yes,No,MD,-3.06,No,No,Eligible for 24-h pain meta-analysis,No,Patient blinding adequacy depends on sensory contrast of sham protocol,24-h VAS result,https://drive.google.com/file/d/1y0_cC1NCl5g2vYxDMOtYmxVA_YEE-rsR/view?usp=drivesdk,SOURCE-VERIFIED,,,,,0,0,,,,
Coura 2011,COURA11_EA_vs_SHAM,Preoperative EA,Sham stimulation,Opioid consumption,Cumulative fentanyl,First 24 h postoperatively,Mean/SD,16,16,13,9,13.1,2.2,,,,,16.3,1.6,,,,,µg/kg fentanyl,,Yes,No,MD,-3.200000000000001,Yes,Conditional,Potentially eligible after confirming whether discretionary supplemental opioids were included,No,10/32 post-randomization exclusions; supplemental morphine/fentanyl inclusion unclear,Published cumulative first-24-h fentanyl result,https://drive.google.com/file/d/120NJxCmxsdiyqWTXzjmaUWAaVa1i8iZz/view?usp=drivesdk,SOURCE-VERIFIED / QC HOLD,F-postop-dose-006,F-postop-dose,F_postop_delivered_dose_or_solution,MATCHED,0,1,High,,,13.1±2.2 vs16.3±1.6 μg/kg
Ao 2021,AO21_TEAS_vs_SHAM_VAS,TEAS,Sham/no current,Pain,VAS pain intensity,24 h postoperatively,Graph-digitized mean/SD,35,35,32,33,2.51,.49,,,,,2.95,.53,,,,,VAS 0-10,,No,Yes,,,No,No,Needs adjudication/sensitivity analysis before quantitative pooling,No,"Exact values are graph-digitized, not numerically tabulated by authors",Figure-only 24-h VAS,https://drive.google.com/file/d/1tNFnY0fJpx53hrtY4DIaE1RsNjE55Xvd/view?usp=drivesdk,DERIVED / NEEDS ADJUDICATION,,,,,0,0,,,,
Ao 2021,AO21_TEAS_vs_SHAM_OPIOID24,TEAS,Sham/no current,Opioid consumption,Cumulative postoperative sufentanil,Exact 0-24 h,Not reported,35,35,32,33,,,,,,,,,,,,,µg sufentanil,,No,No,,,No,No,Not eligible for continuous 24-h opioid meta-analysis without author data,No,PCA followed for 48 h; no extractable cumulative 0-24-h total,Article reports 48-h PCA framework only,https://drive.google.com/file/d/1tNFnY0fJpx53hrtY4DIaE1RsNjE55Xvd/view?usp=drivesdk,MISSING / AUTHOR DATA NEEDED,,,,,0,0,,,,
Zhu 2022,ZHU22_PRE_vs_USUAL_PON,EA day before surgery,Usual care alone,PONV,Postoperative nausea,6-24 h postoperatively,Events/total,103,104,101,101,,,,,,11,,,,,,27,participants with nausea,0.024,Yes,No,RR,.4074074074074074,No,No,Eligible for dichotomous PON analysis with shared-control/multi-arm adjustment,Yes,Four-arm RCT; no sham; analysis denominators differ from randomized denominators,Table 2,https://drive.google.com/file/d/1vux5IaubjInusplW6GJ2SsxhzibtSCe-/view?usp=drivesdk,SOURCE-VERIFIED,,,,,0,0,,,,
Zhu 2022,ZHU22_PRE_vs_USUAL_POV,EA day before surgery,Usual care alone,PONV,Postoperative vomiting,6-24 h postoperatively,Events/total,103,104,101,101,,,,,,5,,,,,,22,participants with vomiting,0.002,Yes,No,RR,.2272727272727273,No,No,Eligible for dichotomous POV analysis with shared-control/multi-arm adjustment,Yes,Four-arm RCT; no sham; use exact arm-specific analyzed denominators,Table 2,https://drive.google.com/file/d/1vux5IaubjInusplW6GJ2SsxhzibtSCe-/view?usp=drivesdk,SOURCE-VERIFIED,,,,,0,0,,,,
Zhu 2022,ZHU22_30_vs_USUAL_PON,EA 30 min before surgery,Usual care alone,PONV,Postoperative nausea,6-24 h postoperatively,Events/total,103,104,98,101,,,,,,18,,,,,,27,participants with nausea,NR pairwise,Yes,No,RR,.6870748299319728,No,No,Eligible for dichotomous PON analysis with shared-control/multi-arm adjustment,Yes,Four-arm RCT; no sham; analysis denominators differ from randomized denominators,Table 2,https://drive.google.com/file/d/1vux5IaubjInusplW6GJ2SsxhzibtSCe-/view?usp=drivesdk,SOURCE-VERIFIED,,,,,0,0,,,,
Zhu 2022,ZHU22_30_vs_USUAL_POV,EA 30 min before surgery,Usual care alone,PONV,Postoperative vomiting,6-24 h postoperatively,Events/total,103,104,98,101,,,,,,8,,,,,,22,participants with vomiting,0.034,Yes,No,RR,.3747680890538033,No,No,Eligible for dichotomous POV analysis with shared-control/multi-arm adjustment,Yes,Four-arm RCT; no sham; use exact arm-specific analyzed denominators,Table 2,https://drive.google.com/file/d/1vux5IaubjInusplW6GJ2SsxhzibtSCe-/view?usp=drivesdk,SOURCE-VERIFIED,,,,,0,0,,,,
Zhu 2022,ZHU22_COMB_vs_USUAL_PON,EA day before + 30 min before,Usual care alone,PONV,Postoperative nausea,6-24 h postoperatively,Events/total,103,104,100,101,,,,,,11,,,,,,27,participants with nausea,0.024,Yes,No,RR,.4114814814814814,No,No,Eligible for dichotomous PON analysis with shared-control/multi-arm adjustment,Yes,Four-arm RCT; no sham; analysis denominators differ from randomized denominators,Table 2,https://drive.google.com/file/d/1vux5IaubjInusplW6GJ2SsxhzibtSCe-/view?usp=drivesdk,SOURCE-VERIFIED,,,,,0,0,,,,
Zhu 2022,ZHU22_COMB_vs_USUAL_POV,EA day before + 30 min before,Usual care alone,PONV,Postoperative vomiting,6-24 h postoperatively,Events/total,103,104,100,101,,,,,,9,,,,,,22,participants with vomiting,NR pairwise,Yes,No,RR,.4131818181818182,No,No,Eligible for dichotomous POV analysis with shared-control/multi-arm adjustment,Yes,Four-arm RCT; no sham; use exact arm-specific analyzed denominators,Table 2,https://drive.google.com/file/d/1vux5IaubjInusplW6GJ2SsxhzibtSCe-/view?usp=drivesdk,SOURCE-VERIFIED,,,,,0,0,,,,
Zhou 2025,ZHOU25_TEAS_vs_SHAM_QOR15,PACU TEAS,Sham/no current,Quality of recovery,Global QoR-15,POD1,Mean/SD,50,50,48,49,112,10.67,,,,,107.62,10.27,,,,,QoR-15 points,0.042,Yes,No,MD,4.379999999999995,No,No,Eligible for QoR-15 meta-analysis,No,3 post-randomization withdrawals; sensory blinding uncertain because active 10-15 mA/De Qi vs no current,"Table 2, p7",https://drive.google.com/file/d/1gpNBuoukUttXKWiAAeZSqdIaaHSMOwDU/view?usp=drivesdk,SOURCE-VERIFIED,,,,,0,0,,,,
Zhou 2025,ZHOU25_TEAS_vs_SHAM_PAINREST,PACU TEAS,Sham/no current,Pain,Resting pain VAS,POD1,Median/IQR,50,50,48,49,,,3,3,4,,,,4,4,5,,VAS 0-10,<0.001,Yes,No,,,No,No,Eligible for pain analysis using nonparametric/prespecified conversion method,No,Do not convert median/IQR to mean/SD without prespecified method,"Table 3, p8",https://drive.google.com/file/d/1gpNBuoukUttXKWiAAeZSqdIaaHSMOwDU/view?usp=drivesdk,SOURCE-VERIFIED,,,,,0,0,,,,
Zhou 2025,ZHOU25_TEAS_vs_SHAM_PONV,PACU TEAS,Sham/no current,PONV,PONV incidence,POD1,Events/total,50,50,48,49,,,,,,10,,,,,,19,participants,0.047,Yes,No,RR,.537280701754386,No,No,Eligible for dichotomous POD1 PONV analysis,No,Participant sensory blinding uncertain,"Table 4, p8",https://drive.google.com/file/d/1gpNBuoukUttXKWiAAeZSqdIaaHSMOwDU/view?usp=drivesdk,SOURCE-VERIFIED,D-005,D,D_PONV_other,MATCHED,0,1,Some concerns,P2,,10/48 vs 19/49
Zhou 2025,ZHOU25_TEAS_vs_SHAM_FLATUS,PACU TEAS,Sham/no current,GI recovery,Time to first flatus,Postoperative,Mean/SD,50,50,48,49,14.1,3.19,,,,,15.88,3.78,,,,,hours,0.014,Yes,No,MD,-1.780000000000001,No,No,Eligible for GI-recovery meta-analysis,No,Ascertainment mechanism should be considered in RoB because participant sensory blinding may be imperfect,Postoperative recovery-time table,https://drive.google.com/file/d/1gpNBuoukUttXKWiAAeZSqdIaaHSMOwDU/view?usp=drivesdk,SOURCE-VERIFIED,E-001,E,E_time_to_first_flatus,MATCHED,1,0,Some concerns,P2,,14.10±3.19 vs 15.88±3.78 h
Zhou 2025,ZHOU25_TEAS_vs_SHAM_RESCUE,PACU TEAS,Sham/no current,Rescue analgesia,Any rescue analgesia,POD1-POD3,Events/total,50,50,48,49,,,,,,6,,,,,,13,participants,0.124,Yes,No,RR,.4711538461538461,No,No,Eligible only for 3-day binary rescue-analgesia analysis,No,Not a 24-h opioid dose; exact cumulative tramadol dose is not reported,"Table 3, p8",https://drive.google.com/file/d/1gpNBuoukUttXKWiAAeZSqdIaaHSMOwDU/view?usp=drivesdk,SOURCE-VERIFIED,F-rescue-opioid-009,F-rescue-opioid,F_rescue_opioid,MATCHED,1,0,Some concerns,P2,,6/48 vs13/49; P=0.124
Zhou 2025,ZHOU25_TEAS_vs_SHAM_OPIOID24,PACU TEAS,Sham/no current,Opioid consumption,Exact cumulative postoperative opioid dose,0-24 h,Not reported,50,50,48,49,,,,,,,,,,,,,mg/µg,,No,No,,,No,No,Not eligible for continuous 24-h opioid meta-analysis without author data,No,Standard perioperative sufentanil plus PRN tramadol; exact 0-24-h cumulative dose not reported,Not numerically reported,https://drive.google.com/file/d/1gpNBuoukUttXKWiAAeZSqdIaaHSMOwDU/view?usp=drivesdk,MISSING / AUTHOR DATA NEEDED,,,,,0,0,,,,
Zhou 2021,ZHOU21_TEAS_vs_UC_PAIN,Postoperative TEAS + ERAS,ERAS/usual care,Pain,Average postoperative pain,POD1-POD5 average,Mean/SD,41,41,41,40,2.55,.21,,,,,3.1,.42,,,,,pain score,<0.001,Yes,No,MD,-.5500000000000003,No,No,Eligible only for matching POD1-POD5 average pain analysis,No,Open-label/no sham; subjective outcome,"Table 3, p6",https://drive.google.com/file/d/1PxYyULBv_ZjWeqAm_bNYkDn_j2_lNYLq/view?usp=drivesdk,SOURCE-VERIFIED,,,,,0,0,,,,
Zhou 2021,ZHOU21_TEAS_vs_UC_OPIOIDUSE,Postoperative TEAS + ERAS,ERAS/usual care,Opioid consumption,Any postoperative opioid use,Postoperative window not clearly defined as 0-24 h,Events/total,41,41,41,40,,,,,,18,,,,,,30,participants,0.004,Yes,No,RR,.5853658536585366,No,No,Eligible for binary opioid-use analysis only if matching time window is acceptable,No,Exact postoperative time window is not clearly stated,Table 3,https://drive.google.com/file/d/1PxYyULBv_ZjWeqAm_bNYkDn_j2_lNYLq/view?usp=drivesdk,SOURCE-VERIFIED / WINDOW QC,F-mixed/undefined-007,F-mixed/undefined,F_rescue_mixed_or_undefined,NORMALIZED_V22,0,0,High,P1,EXCLUDE fixed-time pools,Opioid use18/41 vs30/40; MME8.935±3.660 vs12.83±8.097 mg
Zheng 2025,ZHENG25_TEAS_vs_SHAM_PONV,Perioperative TEAS,Sham/no current,PONV,Any PONV,Within 24 h postoperatively,Events/total,44,44,42,43,,,,,,18,,,,,,29,participants,0.023,Percentages directly reported; counts derived,Yes,RR,.6354679802955665,No,No,Eligible for dichotomous 24-h PONV analysis,No,Counts 18/42 and 29/43 are reconstructed from reported 42.9% and 67.4%; use percentages as source truth,Primary outcome / 24-h PONV result,https://drive.google.com/file/d/1-JWKZgQXaQQQBZgMSDqyIP-vG9aAxBqb/view?usp=drivesdk,SOURCE-VERIFIED / COUNTS DERIVED,D-001,D,D_PONV_0-24h,MATCHED,1,0,Some concerns,P1,,18/42 vs 29/43
Zheng 2025,ZHENG25_TEAS_vs_SHAM_REMI,Perioperative TEAS,Sham/no current,Intraoperative opioid,Total intraoperative remifentanil consumption,Intraoperative,Mean/SD,44,44,42,43,233.1,29.6,,,,,289.5,37.9,,,,,µg remifentanil,0.031,Yes,No,MD,-56.40000000000001,No,No,"Eligible for intraoperative opioid-sparing analysis, not postoperative 24-h opioid analysis",No,Not a postoperative endpoint,"Table 3, p9",https://drive.google.com/file/d/1-JWKZgQXaQQQBZgMSDqyIP-vG9aAxBqb/view?usp=drivesdk,SOURCE-VERIFIED,F-intra-009,F-intra,F_intraop_titrated_requirement,MATCHED,0,1,Some concerns,P1,,233.1±29.6 vs289.5±37.9 μg; P=0.031
Zheng 2025,ZHENG25_TEAS_vs_SHAM_PCA_PRESS,Perioperative TEAS,Sham/no current,Opioid demand,Total PCIA button presses,Postoperative; exact pump duration NR,Mean/SD,44,44,42,43,6.3,2.2,,,,,10.7,3.9,,,,,presses,0.004,Yes,No,MD,-4.399999999999999,No,No,Eligible for PCA-demand analysis only,No,"PCIA final volume/concentration is NR, so presses cannot be converted to sufentanil mass",Postoperative PCIA results,https://drive.google.com/file/d/1-JWKZgQXaQQQBZgMSDqyIP-vG9aAxBqb/view?usp=drivesdk,SOURCE-VERIFIED / DOSE NOT RECONSTRUCTABLE,F-PCA-006,F-PCA,F_PCA_behavior,MATCHED,0,0,Some concerns,P1,UNRESOLVED window,6.3±2.2 vs10.7±3.9;3.8±1.0 vs4.8±1.6
Zheng 2025,ZHENG25_TEAS_vs_SHAM_OPIOID24,Perioperative TEAS,Sham/no current,Opioid consumption,Exact cumulative postoperative sufentanil mass,0-24 h,Not reported,44,44,42,43,,,,,,,,,,,,,µg sufentanil,,No,No,,,No,No,Not eligible for continuous 24-h opioid meta-analysis without author data,No,Final PCIA volume/concentration and exact cumulative sufentanil mass are not reported,PCIA formulation section / missing outcome,https://drive.google.com/file/d/1-JWKZgQXaQQQBZgMSDqyIP-vG9aAxBqb/view?usp=drivesdk,MISSING / AUTHOR DATA NEEDED,,,,,0,0,,,,
Zhan 2020,ZHAN20_TAPTEAS_vs_TAP_PAIN24,TAP block + postoperative TEAS,TAP block,Pain,VAS pain intensity,24 h postoperatively,Source-format ambiguous,30,30,30,30,,,,,,,,,,,,,VAS,0.03 pairwise,Yes,No,,,No,No,Qualitative/source-text use only until summary format is clarified,Yes,"Printed source values are TAP+TEAS '2 (1.7 ± 2.2)' vs TAP '2 (2.0 ± 3.0)'; format is not defined as mean/SD, median/IQR, or range","Table 2, p4",https://drive.google.com/file/d/1GYG7JxUOQxbt724-Ng7dWv3sYeC8dDSr/view?usp=drivesdk,SOURCE-VERIFIED / FORMAT QC,,,,,0,0,,,,
Zhan 2020,ZHAN20_TAPTEAS_vs_TAP_OPIOID24,TAP block + postoperative TEAS,TAP block,Opioid consumption,Actual cumulative postoperative sufentanil consumption,0-24 h,Not reported,30,30,30,30,,,,,,,,,,,,,µg sufentanil,,No,No,,,No,No,Not eligible for continuous 24-h opioid meta-analysis,Yes,Only programmed PCIA reservoir/basal settings are reported; actual group-specific delivered opioid is NR,PCIA protocol / exact 24-h opioid section,https://drive.google.com/file/d/1GYG7JxUOQxbt724-Ng7dWv3sYeC8dDSr/view?usp=drivesdk,MISSING / NOT OBSERVED,,,,,0,0,,,,
Zhang 2025,ZHANG25_TEAS_vs_SHAM_SUFPOD1,Perioperative TEAS,Sub-sensory sham,Opioid consumption,Total sufentanil consumption,POD1; approximately 24 h but exact clock window not explicit,Mean/SD,54,54,45,48,50.53,4.46,,,,,53.79,5.14,,,,,µg sufentanil,0.002,Yes,No,MD,-3.259999999999998,Conditional,Conditional,Eligible for POD1 opioid analysis; strict 0-24-h use requires confirmation,No,"Endpoint is directly reported as POD1, not explicitly clock-defined 0-24 h; 15/108 excluded after randomization","Table 4, p9",https://drive.google.com/file/d/1eHx6Hk16vmIfMgoiZ5eNae4zmCR5ktwJ/view?usp=drivesdk,SOURCE-VERIFIED / WINDOW QC,,,,,0,0,,,,
Zhang 2025,ZHANG25_TEAS_vs_SHAM_RESCUE,Perioperative TEAS,Sub-sensory sham,Rescue analgesia,Any rescue analgesia demand,POD1 / postoperative period reported in Table 4,Events/total,54,54,45,48,,,,,,14,,,,,,29,participants,0.005 in Table 4; 0.002 in prose,Yes,No,RR,.5149425287356322,No,No,Eligible for binary rescue-analgesia analysis using raw counts,No,Published RR 0.70 (0.44-1.10) conflicts with raw counts (~0.52) and significant P-value; use raw event counts,"Table 4, p9",https://drive.google.com/file/d/1eHx6Hk16vmIfMgoiZ5eNae4zmCR5ktwJ/view?usp=drivesdk,SOURCE-VERIFIED / PUBLISHED EFFECT QC,F-mixed/undefined-002,F-mixed/undefined,F_rescue_mixed_or_undefined,MATCHED,0,0,Some concerns,P1,DO NOT POOL pending clarification,14/45 vs29/48
Zhang 2025,ZHANG25_TEAS_vs_SHAM_VISCERAL_POD1,Perioperative TEAS,Sub-sensory sham,Pain,Moderate-to-severe visceral pain,POD1,Events/total,54,54,45,48,,,,,,4,,,,,,18,participants,0.001,Percentages directly reported; counts reconstructed exactly from denominators,Yes,RR,.237037037037037,No,No,Eligible for dichotomous visceral-pain analysis,No,Figure 3D reports 8.9% vs 37.5%; 4/45 and 18/48 are exact denominator reconstructions,"Figure 3D, p8",https://drive.google.com/file/d/1eHx6Hk16vmIfMgoiZ5eNae4zmCR5ktwJ/view?usp=drivesdk,SOURCE-VERIFIED / COUNTS DERIVED,,,,,0,0,,,,
Zhang 2023,ZHANG23_TEAS_vs_SHAM_VOID,TEAS,Sham/no current,Urinary recovery,Time to first spontaneous void,Postoperative,Median/IQR,975,973,922,916,,,5.6,3.7,8,,,,7.1,4.7,9.699999999999999,,hours,<0.001,Yes,No,,,No,No,Eligible for urinary-recovery meta-analysis using median/IQR methods,No,110/1948 randomized participants were excluded from final analysis; abstract gives sham median 7.0 h but Table 2 gives 7.1 h—use table value,Table 2 / primary spontaneous-void outcome,https://drive.google.com/file/d/1LXNXNhVJaOcYXBODulFUuMD4FQXC5dph/view?usp=drivesdk,SOURCE-VERIFIED / ATTRITION QC,,,,,0,0,,,,
Zhang 2023,ZHANG23_TEAS_vs_SHAM_DELAYED,TEAS,Sham/no current,Urinary recovery,Delayed urinary recovery (>12 h without spontaneous void),Postoperative,Events/total,975,973,922,916,,,,,,103,,,,,,173,participants,<0.001,Yes,No,RR,.5915012601406844,No,No,Eligible for dichotomous delayed-voiding analysis,No,"Use analyzed denominators 922 and 916, not randomized denominators",Table 2 / delayed urinary recovery,https://drive.google.com/file/d/1LXNXNhVJaOcYXBODulFUuMD4FQXC5dph/view?usp=drivesdk,SOURCE-VERIFIED / ATTRITION QC,,,,,0,0,,,,
Zhang 2023,ZHANG23_TEAS_vs_SHAM_POUR,TEAS,Sham/no current,Urinary recovery,Postoperative urinary retention,Postoperative,Events/total,975,973,922,916,,,,,,75,,,,,,104,participants,0.02,Yes,No,RR,.7164608710161855,No,No,Eligible for dichotomous POUR analysis,No,Use analyzed denominators 922 and 916,Table 2 / POUR result,https://drive.google.com/file/d/1LXNXNhVJaOcYXBODulFUuMD4FQXC5dph/view?usp=drivesdk,SOURCE-VERIFIED / ATTRITION QC,,,,,0,0,,,,
Zhang 2023,ZHANG23_TEAS_vs_SHAM_MME48,TEAS,Sham/no current,Opioid consumption,Postoperative IV morphine-equivalent consumption,Within 48 h,Median/IQR,975,973,922,916,,,110,80,110,,,,110,90,110,,mg IV morphine-equivalent,NR,Yes,Yes,,,No,No,Potentially eligible for 48-h opioid analysis if median/IQR endpoints are prespecified,No,Authors converted opioids using ClinCalc; exact 24-h postoperative dose is not reported,Table 1 / postoperative opioid-equivalent result,https://drive.google.com/file/d/1LXNXNhVJaOcYXBODulFUuMD4FQXC5dph/view?usp=drivesdk,SOURCE-VERIFIED / 48H ONLY,A-002,A,A_0-48h_cumulative_opioid,MATCHED,1,0,Some concerns,P2,,110 (80–110) vs 110 (90–110) mg IV MME
Zhang 2023,ZHANG23_TEAS_vs_SHAM_OPIOID24,TEAS,Sham/no current,Opioid consumption,Exact cumulative postoperative opioid dose,0-24 h,Not reported,975,973,922,916,,,,,,,,,,,,,mg IV morphine-equivalent,,No,No,,,No,No,Not eligible for strict continuous 24-h opioid meta-analysis,No,Only a postoperative 48-h opioid-equivalent endpoint is reported,Exact 24-h endpoint absent,https://drive.google.com/file/d/1LXNXNhVJaOcYXBODulFUuMD4FQXC5dph/view?usp=drivesdk,MISSING / NOT REPORTED,,,,,0,0,,,,
Zhang 2014,ZHANG14_TEAS_vs_SHAM_RR,Preoperative TEAS,Sham/no current,Recovery,Recovery-room stay,Recovery-room discharge,Mean/SD,33,32,33,32,35.6,12.9,,,,,48.3,16.3,,,,,minutes,0.01,Yes,No,MD,-12.7,No,No,Eligible for recovery-time analysis,No,Abstract incorrectly states 72 randomized; detailed flowchart/tables show 65 randomized and analyzed,Primary outcome / recovery-room stay,https://drive.google.com/file/d/1lws1zFpIE-wbLY8X9ewYyTuIP-WySa-c/view?usp=drivesdk,SOURCE-VERIFIED,,,,,0,0,,,,
Zhang 2014,ZHANG14_TEAS_vs_SHAM_REMI,Preoperative TEAS,Sham/no current,Intraoperative opioid,Remifentanil consumption rate,Intraoperative,Mean/SD,33,32,33,32,.06,.02,,,,,.09,.03,,,,,µg/kg/min,0.01,Yes,No,MD,-.03,No,No,Eligible for intraoperative opioid-sparing analysis only,No,"Weight/time-normalized consumption, not absolute remifentanil dose",Table 2 / intraoperative remifentanil,https://drive.google.com/file/d/1lws1zFpIE-wbLY8X9ewYyTuIP-WySa-c/view?usp=drivesdk,SOURCE-VERIFIED,F-intra-003,F-intra,F_intraop_titrated_requirement,MATCHED,1,0,Some concerns,P3,,0.06±0.02 vs0.09±0.03 μg/kg/min; P=0.01
Zhang 2014,ZHANG14_TEAS_vs_SHAM_NAUSEA,Preoperative TEAS,Sham/no current,PONV,Postoperative nausea,Postoperative,Events/total,33,32,33,32,,,,,,7,,,,,,15,participants,0.03,Yes,No,RR,.4525252525252526,No,No,Eligible for dichotomous nausea analysis,No,No exact narrower time window reported in the extraction,Table 3 / postoperative side effects,https://drive.google.com/file/d/1lws1zFpIE-wbLY8X9ewYyTuIP-WySa-c/view?usp=drivesdk,SOURCE-VERIFIED,,,,,0,0,,,,
Zhang 2014,ZHANG14_TEAS_vs_SHAM_VOMIT,Preoperative TEAS,Sham/no current,PONV,Postoperative vomiting,Postoperative,Events/total,33,32,33,32,,,,,,4,,,,,,11,participants,0.03,Yes,No,RR,.3526170798898072,No,No,Eligible for dichotomous vomiting analysis,No,No exact narrower time window reported in the extraction,Table 3 / postoperative side effects,https://drive.google.com/file/d/1lws1zFpIE-wbLY8X9ewYyTuIP-WySa-c/view?usp=drivesdk,SOURCE-VERIFIED,,,,,0,0,,,,
Zhang 2014,ZHANG14_TEAS_vs_SHAM_OPIOID24,Preoperative TEAS,Sham/no current,Opioid consumption,Exact cumulative postoperative opioid dose,0-24 h,Not reported,33,32,33,32,,,,,,,,,,,,,mg/µg,,No,No,,,No,No,Not eligible for continuous 24-h postoperative opioid meta-analysis,No,Study reports intraoperative remifentanil rate but no exact postoperative opioid-consumption total,Postoperative analgesic section,https://drive.google.com/file/d/1lws1zFpIE-wbLY8X9ewYyTuIP-WySa-c/view?usp=drivesdk,MISSING / NOT REPORTED,,,,,0,0,,,,
Yang 2024,YANG24_EA_vs_UC_MORPH24,Perioperative EA + usual care,Usual care,Opioid consumption,Morphine use via IV PCA,First 24 h / POD1,Mean/SD,90,90,90,90,43.7,4.7,,,,,44,4.9,,,,,mg morphine,0.733,Yes,No,MD,-.2999999999999972,Yes,Yes,Primary continuous 24-h opioid outcome,No,All 180 randomized participants retained in ITT; open-label patients but objective PCA drug-use record,Table 3 / Morphine use on POD1,https://drive.google.com/file/d/160N3psd5tLEphwXHJzUEZ3uJfaIXcs5V/view?usp=drivesdk,SOURCE-VERIFIED,,,,,0,0,,,,
Yang 2024,YANG24_EA_vs_UC_FLATUS,Perioperative EA + usual care,Usual care,GI recovery,Time to first flatus,Postoperative,Mean/SD,90,90,90,90,15.4,3.2,,,,,17,3.7,,,,,hours,0.004,Yes,No,MD,-1.6,No,No,Eligible for GI-recovery meta-analysis,No,Open-label participants; outcome assessor blinded,Table 2 / primary first-flatus outcome,https://drive.google.com/file/d/160N3psd5tLEphwXHJzUEZ3uJfaIXcs5V/view?usp=drivesdk,SOURCE-VERIFIED,E-003,E,E_time_to_first_flatus,MATCHED,1,0,High,P2,,15.4±3.2 vs 17.0±3.7 h
Yang 2024,YANG24_EA_vs_UC_DEFEC,Perioperative EA + usual care,Usual care,GI recovery,Time to first defecation,Postoperative,Mean/SD,90,90,90,90,75.90000000000001,7.9,,,,,79.7,8.1,,,,,hours,0.002,Yes,No,MD,-3.799999999999997,No,No,Eligible for GI-recovery meta-analysis,No,Open-label participants; outcome assessor blinded,Table 2 / primary first-defecation outcome,https://drive.google.com/file/d/160N3psd5tLEphwXHJzUEZ3uJfaIXcs5V/view?usp=drivesdk,SOURCE-VERIFIED,,,,,0,0,,,,
Yang 2024,YANG24_EA_vs_UC_VOMIT,Perioperative EA + usual care,Usual care,PONV,Postoperative vomiting,0-24 h,Events/total,90,90,90,90,,,,,,12,,,,,,25,participants,0.016,Yes,No,RR,.48,No,No,Separate 0-24 h vomiting analysis; do not relabel as composite PONV,No,Vomiting 12/90 vs25/90 is the 0-24 h interval; prior v20 label 'within72 h' corrected in AF lock copy.,Secondary outcomes / PONV,https://drive.google.com/file/d/160N3psd5tLEphwXHJzUEZ3uJfaIXcs5V/view?usp=drivesdk,SOURCE-VERIFIED / AF-CORRECTED,D-009,D,D_vomiting_0-24h,CORRECTED_V22,1,0,Some concerns,P2,,12/90 vs 25/90
Xiong 2021,XIONG21_TEAS_vs_CTRL_PONV48,TEAS + dexamethasone + tropisetron,Dexamethasone + tropisetron,PONV,Any PONV,Within 48 h,Events/total,31,31,31,31,,,,,,13,,,,,,24,participants,0.004,Yes,No,RR,.5416666666666667,No,No,Eligible for dichotomous 48-h PONV analysis,No,Participant blinding intended but active postoperative tingling may have revealed allocation,Abstract / 48-h PONV result,https://drive.google.com/file/d/1sNaquYeWpsts7_e3XYP9c0CwM-tbQS6T/view?usp=drivesdk,SOURCE-VERIFIED,D-003,D,D_PONV_0-48h,MATCHED,1,0,High,,,13/31 vs 24/31
Xiong 2021,XIONG21_TEAS_vs_CTRL_CIPONV,TEAS + dexamethasone + tropisetron,Dexamethasone + tropisetron,PONV,Clinically important PONV,Within 48 h,Events/total,31,31,31,31,,,,,,5,,,,,,15,participants,0.007,Yes,No,RR,.3333333333333333,No,No,Eligible for dichotomous clinically-important PONV analysis,No,Patient-reported symptom severity; sensory blinding may be imperfect,Abstract / clinically important PONV,https://drive.google.com/file/d/1sNaquYeWpsts7_e3XYP9c0CwM-tbQS6T/view?usp=drivesdk,SOURCE-VERIFIED,,,,,0,0,,,,
Xiong 2021,XIONG21_TEAS_vs_CTRL_RESCUEAE,TEAS + dexamethasone + tropisetron,Dexamethasone + tropisetron,Rescue antiemetic,Any rescue antiemetic medication,Within 48 h,Events/total,31,31,31,31,,,,,,9,,,,,,18,participants,0.021,Percentages directly reported; counts exactly reconstructed from 29.0% and 58.1%,Yes,RR,.5,No,No,Eligible for dichotomous rescue-antiemetic analysis,No,Counts reconstructed exactly from group denominator 31,Abstract / rescue antiemetic result,https://drive.google.com/file/d/1sNaquYeWpsts7_e3XYP9c0CwM-tbQS6T/view?usp=drivesdk,SOURCE-VERIFIED / COUNTS DERIVED,,,,,0,0,,,,
Xiong 2021,XIONG21_TEAS_vs_CTRL_POSTOPMME,TEAS + dexamethasone + tropisetron,Dexamethasone + tropisetron,Opioid consumption,Postoperative opioid consumption,Postoperative window unclear,Mean/SD,31,31,31,31,.6,.2,,,,,.6,.1,,,,,mg morphine-equivalent/kg,0.908,Yes,Yes,MD,0,No,No,Not eligible for strict 0-24-h opioid meta-analysis until time window is clarified,No,Exact postoperative interval is not stated; route terminology in Results is internally inconsistent,Table 1 / postoperative opioid consumption,https://drive.google.com/file/d/1sNaquYeWpsts7_e3XYP9c0CwM-tbQS6T/view?usp=drivesdk,SOURCE-VERIFIED / WINDOW QC,,,,,0,0,,,,
Xiong 2021,XIONG21_TEAS_vs_CTRL_OPIOID24,TEAS + dexamethasone + tropisetron,Dexamethasone + tropisetron,Opioid consumption,Exact cumulative postoperative opioid dose,0-24 h,Not reported,31,31,31,31,,,,,,,,,,,,,mg morphine-equivalent/kg,,No,No,,,No,No,Not eligible for continuous 24-h opioid meta-analysis,No,Published opioid-equivalent result lacks a fixed time window,Exact 24-h endpoint absent,https://drive.google.com/file/d/1sNaquYeWpsts7_e3XYP9c0CwM-tbQS6T/view?usp=drivesdk,MISSING / WINDOW NOT REPORTED,,,,,0,0,,,,
Xing 2022,XING22_NTG_vs_NG_REMI,TEAS + active TAPB,Sham TEAS + active TAPB,Intraoperative opioid,Total remifentanil consumption,Intraoperative,Mean/SD,30,30,29,29,1182.61,253.61,,,,,1415.41,295.67,,,,,µg remifentanil,<0.05 pairwise,Yes,No,MD,-232.8000000000002,No,No,Eligible for incremental TEAS intraoperative opioid-sparing analysis,Yes,Direct TEAS contrast is NTG vs NG; do not attribute NTG-vs-G combined package entirely to TEAS,"Table 3, p10",https://drive.google.com/file/d/1h3IGpQ56nSh7H16xBEVyTzCBkWOXRSxK/view?usp=drivesdk,SOURCE-VERIFIED,F-intra-007,F-intra,F_intraop_titrated_requirement,MATCHED,1,0,Some concerns,P2,,1182.61±253.61 vs1415.41±295.67 μg; P<0.05
Xing 2022,XING22_NTG_vs_NG_FLATUS,TEAS + active TAPB,Sham TEAS + active TAPB,GI recovery,Time to first flatus,Postoperative,Mean/SD,30,30,29,29,32.57,6.94,,,,,36.83,6.19,,,,,hours,<0.05 pairwise,Yes,No,MD,-4.259999999999998,No,No,Eligible for GI-recovery analysis,Yes,Three-arm study; use NTG vs NG for incremental TEAS effect,Postoperative recovery results,https://drive.google.com/file/d/1h3IGpQ56nSh7H16xBEVyTzCBkWOXRSxK/view?usp=drivesdk,SOURCE-VERIFIED,E-004,E,E_time_to_first_flatus,MATCHED,1,0,Some concerns,P2,,32.57±6.94 vs 36.83±6.19 h
Xing 2022,XING22_NTG_vs_NG_PONV,TEAS + active TAPB,Sham TEAS + active TAPB,PONV,PONV incidence,Postoperative,Events/total,30,30,29,29,,,,,,5,,,,,,11,participants,<0.05 pairwise,Percentages reported; counts exactly reconstructed from 17.24% and 37.93%,Yes,RR,.4545454545454546,No,No,Eligible for dichotomous PONV analysis,Yes,Counts reconstructed from n=29 analyzed per arm,Postoperative complications,https://drive.google.com/file/d/1h3IGpQ56nSh7H16xBEVyTzCBkWOXRSxK/view?usp=drivesdk,SOURCE-VERIFIED / COUNTS DERIVED,D-004,D,D_PONV_0-48h,MATCHED,1,0,High,P2,,5/29 vs 11/29
Xing 2022,XING22_NTG_vs_NG_RESTVAS24,TEAS + active TAPB,Sham TEAS + active TAPB,Pain,Rest pain VAS,24 h,Mean/SD,30,30,29,29,1.18,.42,,,,,1.4,.52,,,,,VAS 0-10,NS for NTG vs NG at 24 h,Yes,No,MD,-.22,No,No,Eligible for 24-h pain analysis,Yes,"At 24 h both TAPB groups improved versus G, but incremental NTG-vs-NG difference was not reported significant",24-h pain result,https://drive.google.com/file/d/1h3IGpQ56nSh7H16xBEVyTzCBkWOXRSxK/view?usp=drivesdk,SOURCE-VERIFIED,C-001,C,C_rest_pain_~24h,MATCHED,1,0,High,P2,,1.18±0.42 vs 1.40±0.52
Xing 2022,XING22_NTG_vs_NG_PRESS,TEAS + active TAPB,Sham TEAS + active TAPB,Opioid demand,PCIA pump press count,48-h / 2-day PCIA period,Mean/SD,30,30,29,29,6.55,3.19,,,,,9.970000000000001,3.8,,,,,presses,<0.05 pairwise,Yes,No,MD,-3.420000000000001,No,No,"Eligible only as PCA-demand outcome, not exact opioid consumption",Yes,Press attempts may not equal successful delivered boluses; do not multiply by 1 µg,Table 3 / PCIA press count,https://drive.google.com/file/d/1h3IGpQ56nSh7H16xBEVyTzCBkWOXRSxK/view?usp=drivesdk,SOURCE-VERIFIED / DOSE NOT RECONSTRUCTABLE,,,,,0,0,,,,
Xing 2022,XING22_NTG_vs_NG_OPIOID24,TEAS + active TAPB,Sham TEAS + active TAPB,Opioid consumption,Exact cumulative postoperative sufentanil delivered,0-24 h,Not reported,30,30,29,29,,,,,,,,,,,,,µg sufentanil,,No,No,,,No,No,Not eligible for continuous 24-h opioid meta-analysis without author data,Yes,PCIA wording is internally contradictory and only press counts are reported,Exact 24-h endpoint absent,https://drive.google.com/file/d/1h3IGpQ56nSh7H16xBEVyTzCBkWOXRSxK/view?usp=drivesdk,MISSING / AUTHOR DATA NEEDED,,,,,0,0,,,,
Xie 2014,XIE14_EAS_vs_SHAM_TOTALSUF,Active EAS PC4/PC6,Sham needling PC4/PC6,Opioid consumption,Total postoperative/perioperative sufentanil,Through postoperative 48 h; published total may include 30-min pre-end-of-surgery sufentanil exposure,Mean/SD,20,20,20,20,115,6,,,,,133.5,7,,,,,µg sufentanil,<0.05,Yes,No,MD,-18.5,No,No,Target A broader/sensitivity 48-h cumulative opioid only; exclude strict postoperative-only primary,Yes,Sufentanil began 30 min before surgery ended; continuous infusion reported inconsistently as 2.25 vs 2.5 µg/h.,Table 2 / total sufentanil,https://drive.google.com/file/d/17faY_h0rMJTuhjPOC5PL_S59jYmHDPee/view?usp=drivesdk,SOURCE-VERIFIED / AF-CORRECTED / WINDOW-QC,A-004,A,A_0-48h_cumulative_opioid,CORRECTED_V22,0,1,Some concerns,P1,,115.0±6.0 vs 133.5±7.0 μg (EAS vs sham)
Xie 2014,XIE14_EAS_vs_CONTROL_TOTALSUF,Active EAS PC4/PC6,General-anesthesia control,Opioid consumption,Total postoperative/perioperative sufentanil,Through postoperative 48 h; published total may include 30-min pre-end-of-surgery sufentanil exposure,Mean/SD,20,20,20,20,115,6,,,,,134.3,5.9,,,,,µg sufentanil,<0.05,Yes,No,MD,-19.30000000000001,No,No,Target A broader/sensitivity 48-h cumulative opioid only; exclude strict postoperative-only primary,Yes,Sufentanil began 30 min before surgery ended; continuous infusion reported inconsistently as 2.25 vs 2.5 µg/h.,Table 2 / total sufentanil,https://drive.google.com/file/d/17faY_h0rMJTuhjPOC5PL_S59jYmHDPee/view?usp=drivesdk,SOURCE-VERIFIED / AF-CORRECTED / WINDOW-QC,A-004,A,A_0-48h_cumulative_opioid,CORRECTED_V22,0,1,Some concerns,P1,,115.0±6.0 vs 133.5±7.0 μg (EAS vs sham)
Xie 2014,XIE14_EAS_vs_SHAM_PCADEMAND,Active EAS PC4/PC6,Sham needling PC4/PC6,Opioid demand,Patient-controlled analgesia demand count,Study PCA period,Mean/SD,20,20,20,20,16,3,,,,,43,3,,,,,demands,<0.05,Yes,No,MD,-27,No,No,Eligible as analgesic-demand outcome only,Yes,Demand count should not be converted into delivered sufentanil without confirmation,Table 2 / patient demand,https://drive.google.com/file/d/17faY_h0rMJTuhjPOC5PL_S59jYmHDPee/view?usp=drivesdk,SOURCE-VERIFIED / DOSE NOT RECONSTRUCTABLE,,,,,0,0,,,,
Xie 2014,XIE14_EAS_vs_SHAM_OPIOID24,Active EAS PC4/PC6,Sham needling PC4/PC6,Opioid consumption,Exact cumulative postoperative sufentanil,0-24 h,Not reported,20,20,20,20,,,,,,,,,,,,,µg sufentanil,,No,No,,,No,No,Not eligible for strict continuous 24-h opioid meta-analysis,Yes,Directly reported total cannot be assigned to a fixed 24-h window,Exact 24-h endpoint absent,https://drive.google.com/file/d/17faY_h0rMJTuhjPOC5PL_S59jYmHDPee/view?usp=drivesdk,MISSING / TIME WINDOW UNRESOLVED,,,,,0,0,,,,
Wu 2022,WU22_PTEAS_vs_CTRL_PAINPOD1,Perioperative pTEAS,No-current control,Pain,VAS pain intensity,POD1,Mean/SD,45,45,44,40,1.77,.91,,,,,2.25,.71,,,,,VAS 0-10,0.009,Yes,No,MD,-.48,No,No,Eligible for POD1 pain analysis,No,Asymmetric post-randomization exclusions: 1/45 pTEAS vs 5/45 control; participant sensory blinding not convincing,Table 3 / POD1 pain,https://drive.google.com/file/d/1XR_8qmeHR7ulwV7NaaI0CeYbpwKdc_ym/view?usp=drivesdk,SOURCE-VERIFIED / ATTRITION QC,,,,,0,0,,,,
Wu 2022,WU22_PTEAS_vs_CTRL_REMI,Perioperative pTEAS,No-current control,Intraoperative opioid,Cumulative remifentanil,Intraoperative,Mean/SD,45,45,44,40,1383,494,,,,,1637,630,,,,,µg remifentanil,0.042,Yes,No,MD,-254,No,No,Eligible for intraoperative opioid-sparing analysis,No,Complete-case analysis with asymmetric attrition,Table 2 / cumulative remifentanil,https://drive.google.com/file/d/1XR_8qmeHR7ulwV7NaaI0CeYbpwKdc_ym/view?usp=drivesdk,SOURCE-VERIFIED,F-intra-006,F-intra,F_intraop_titrated_requirement,MATCHED,0,1,Some concerns,,,1383±494 vs1637±630 μg; P=0.042
Wu 2022,WU22_PTEAS_vs_CTRL_REMIINDEX,Perioperative pTEAS,No-current control,Intraoperative opioid,Remifentanil dose index,Intraoperative,Mean/SD,45,45,44,40,.084,.018,,,,,.114,.09,,,,,µg/min/kg,0.045,Yes,No,MD,-.03,No,No,Eligible for intraoperative dose-index analysis,No,Preserve source units as reported,Table 2 / remifentanil index,https://drive.google.com/file/d/1XR_8qmeHR7ulwV7NaaI0CeYbpwKdc_ym/view?usp=drivesdk,SOURCE-VERIFIED,,,,,0,0,,,,
Wu 2022,WU22_PTEAS_vs_CTRL_OPIOID24,Perioperative pTEAS,No-current control,Opioid consumption,Exact cumulative postoperative opioid consumption,0-24 h,Not reported,45,45,44,40,,,,,,,,,,,,,mg/µg,,No,No,,,No,No,Not eligible for continuous 24-h postoperative opioid meta-analysis,No,"Standard end-of-surgery tramadol/fentanyl are reported, but no randomized group-specific 0-24-h opioid total is provided",Postoperative analgesia section,https://drive.google.com/file/d/1XR_8qmeHR7ulwV7NaaI0CeYbpwKdc_ym/view?usp=drivesdk,MISSING / NOT REPORTED,,,,,0,0,,,,
Wu 2025,WU25_TEAS_vs_SHAM_VAS24,PACU TEAS,Sham/no current,Pain,VAS pain intensity,24 h,Mean/SD,50,50,50,50,1.7,.9,,,,,4,1.4,,,,,VAS 0-10,<0.001,Yes,No,MD,-2.3,No,No,Eligible for 24-h pain meta-analysis,No,"Three patients could not be contacted at 24 h, yet all 100 were included in ITT; imputation/handling method is not explained",Table 2 / primary 24-h VAS,https://drive.google.com/file/d/1ZV6JFjevGSPqnISdX61KPdcC_yEtq3vf/view?usp=drivesdk,SOURCE-VERIFIED / MISSING-DATA METHOD QC,,,,,0,0,,,,
Wu 2025,WU25_TEAS_vs_SHAM_MODPAIN12,PACU TEAS,Sham/no current,Pain,Moderate-to-severe pain (VAS >4),Within 12 h,Events/total,50,50,50,50,,,,,,6,,,,,,37,participants,<0.001,Yes,No,RR,.1621621621621622,No,No,Eligible for dichotomous early postoperative pain analysis,No,Very large subjective effect; interpret with incomplete sensory blinding,Moderate-to-severe pain outcome,https://drive.google.com/file/d/1ZV6JFjevGSPqnISdX61KPdcC_yEtq3vf/view?usp=drivesdk,SOURCE-VERIFIED,,,,,0,0,,,,
Wu 2025,WU25_TEAS_vs_SHAM_INTRAOPSUF,PACU TEAS,Sham/no current,Intraoperative opioid,Sufentanil consumption,Intraoperative,Mean/SD,50,50,50,50,24.2,9.5,,,,,24.3,10.9,,,,,µg sufentanil,0.953,Yes,No,MD,-.1000000000000014,No,No,Eligible for intraoperative opioid analysis,No,No intraoperative opioid-sparing effect,Table 1 / sufentanil,https://drive.google.com/file/d/1ZV6JFjevGSPqnISdX61KPdcC_yEtq3vf/view?usp=drivesdk,SOURCE-VERIFIED,F-exposure-007,F-exposure,F_intraop_fixed_or_unclear_exposure,MATCHED,0,0,Some concerns,,EXCLUDE treatment effect,Table 1 only
Wu 2025,WU25_TEAS_vs_SHAM_INTRAOPREMI,PACU TEAS,Sham/no current,Intraoperative opioid,Remifentanil consumption,Intraoperative,Mean/SD,50,50,50,50,489.4,226,,,,,533.8,263.6,,,,,µg remifentanil,0.368,Yes,No,MD,-44.39999999999998,No,No,Eligible for intraoperative opioid analysis,No,No significant intraoperative opioid-sparing effect,Table 1 / remifentanil,https://drive.google.com/file/d/1ZV6JFjevGSPqnISdX61KPdcC_yEtq3vf/view?usp=drivesdk,SOURCE-VERIFIED,F-exposure-007,F-exposure,F_intraop_fixed_or_unclear_exposure,MATCHED,0,0,Some concerns,,EXCLUDE treatment effect,Table 1 only
Wu 2025,WU25_TEAS_vs_SHAM_OPIOID24,PACU TEAS,Sham/no current,Opioid consumption,Exact postoperative opioid/MME consumption,0-24 h,Not calculable,50,50,50,50,,,,,,,,,,,,,MME,,No,No,,,No,No,Not eligible for continuous 24-h opioid meta-analysis,No,Oxycodone/acetaminophen rescue strength is not reported; rescue regimen is mixed opioid/non-opioid,Postoperative rescue-analgesia section,https://drive.google.com/file/d/1ZV6JFjevGSPqnISdX61KPdcC_yEtq3vf/view?usp=drivesdk,MISSING / MME NOT CALCULABLE,,,,,0,0,,,,
Wang 2023,WANG23_TEAS_vs_SHAM_SLEEPD1,Nighttime TEAS,Sham/no current,Sleep quality,PSQI and AIS postoperative sleep quality,POD1,Graph-only continuous data,43,45,40,43,,,,,,,,,,,,,PSQI/AIS points,<0.05 between groups,No,No,,,No,No,Not ready for continuous meta-analysis without formal graph digitization or author data,No,Exact POD1 means/SDs are figure-only; do not use fabricated exact AIS/PSQI values,"Figure 3, p8",https://drive.google.com/file/d/177A4aH42GD90DhsvvtD-VOBSChBBpIWL/view?usp=drivesdk,FIGURE ONLY / DIGITIZATION NEEDED,,,,,0,0,,,,
Wang 2023,WANG23_TEAS_vs_SHAM_RESCUEDOSE,Nighttime TEAS,Sham/no current,Rescue analgesia,Cumulative number of additional rescue-analgesia doses,0-72 h,Mean/SD,43,45,40,43,.53,.55,,,,,.98,.96,,,,,rescue doses,0.011,Yes,No,MD,-.45,No,No,Eligible as rescue-analgesia frequency outcome only,No,"Rescue drug, dose, route and opioid/non-opioid identity are not specified in the main article",Table 2 / rescue analgesia,https://drive.google.com/file/d/177A4aH42GD90DhsvvtD-VOBSChBBpIWL/view?usp=drivesdk,SOURCE-VERIFIED / DRUG IDENTITY MISSING,F-mixed/undefined-001,F-mixed/undefined,F_rescue_mixed_or_undefined,MATCHED,0,0,Some concerns,P1,UNRESOLVED,0.53±0.55 vs0.98±0.96 doses; P=0.011
Wang 2023,WANG23_TEAS_vs_SHAM_FLATUS,Nighttime TEAS,Sham/no current,GI recovery,Time to first flatus,Postoperative,Mean/SD,43,45,40,43,54.57,16.62,,,,,60.7,19.1,,,,,hours,0.124,Yes,No,MD,-6.130000000000003,No,No,Eligible for GI-recovery analysis,No,5/88 randomized participants excluded for protocol breaches; no full ITT,Table 1 / postoperative first flatus,https://drive.google.com/file/d/177A4aH42GD90DhsvvtD-VOBSChBBpIWL/view?usp=drivesdk,SOURCE-VERIFIED / ATTRITION QC,,,,,0,0,,,,
Wang 2023,WANG23_TEAS_vs_SHAM_PAIN24,Nighttime TEAS,Sham/no current,Pain,Activity pain VAS,24 h,Graph-only mean/SD,43,45,40,43,,,,,,,,,,,,,VAS 0-10,<0.05,No,No,,,No,No,Not ready for quantitative pooling without formal digitization or author data,No,Exact 24-h activity VAS values are only shown graphically; stored derivative exact values were fabricated,"Figure 4, p8",https://drive.google.com/file/d/177A4aH42GD90DhsvvtD-VOBSChBBpIWL/view?usp=drivesdk,FIGURE ONLY / DIGITIZATION NEEDED,,,,,0,0,,,,
Wang 2023,WANG23_TEAS_vs_SHAM_OPIOID24,Nighttime TEAS,Sham/no current,Opioid consumption,Exact cumulative postoperative opioid dose,0-24 h,Not reported,43,45,40,43,,,,,,,,,,,,,mg/µg,,No,No,,,No,No,Not eligible for continuous 24-h opioid meta-analysis,No,Only rescue-dose counts are reported and the rescue drug is not identified,Postoperative analgesia outcomes,https://drive.google.com/file/d/177A4aH42GD90DhsvvtD-VOBSChBBpIWL/view?usp=drivesdk,MISSING / DRUG IDENTITY NOT REPORTED,,,,,0,0,,,,
Wang 2024,WANG24_SNVP_ODT_vs_OD_PONV6_12,SNVP: ondansetron+dexamethasone+TEAS,SNVP: ondansetron+dexamethasone,PONV,PONV incidence,6-12 h,Events/total,35,35,33,35,,,,,,7,,,,,,16,participants,0.033,Yes,No,RR,.4640151515151515,No,No,Eligible for stratum-specific dichotomous PONV analysis,No,Do not pool across SNVP/MNVP as if strata were randomized; 2 ODT patients excluded after randomization due postoperative fever,Table 3 / SNVP randomized contrast,https://drive.google.com/file/d/1U8tkq6mKFO0IkA2glfgLjN4Krwku3FZn/view?usp=drivesdk,SOURCE-VERIFIED / STRATIFIED RCT,,,,,0,0,,,,
Wang 2024,WANG24_SNVP_ODT_vs_OD_PONV12_24,SNVP: ondansetron+dexamethasone+TEAS,SNVP: ondansetron+dexamethasone,PONV,PONV incidence,12-24 h,Events/total,35,35,33,35,,,,,,2,,,,,,11,participants,0.008,Yes,No,RR,.1928374655647383,No,No,Eligible for stratum-specific dichotomous PONV analysis,No,Two post-randomization ODT exclusions; marked surgical-procedure imbalance (radical mastectomy + axillary dissection 36.4% vs 71.4%),Table 3 / SNVP randomized contrast,https://drive.google.com/file/d/1U8tkq6mKFO0IkA2glfgLjN4Krwku3FZn/view?usp=drivesdk,SOURCE-VERIFIED / STRATIFIED RCT / ATTRITION QC,,,,,0,0,,,,
Wang 2024,WANG24_SNVP_ODT_vs_OD_TOTALPONV,SNVP: ondansetron+dexamethasone+TEAS,SNVP: ondansetron+dexamethasone,PONV,Any PONV over reported follow-up,0-36 h,Events/total,35,35,33,35,,,,,,14,,,,,,20,participants,0.225,Yes,No,RR,.7424242424242424,No,No,Eligible for stratum-specific total-PONV analysis,No,No significant overall treatment effect despite time-specific benefits,Table 3 / total PONV,https://drive.google.com/file/d/1U8tkq6mKFO0IkA2glfgLjN4Krwku3FZn/view?usp=drivesdk,SOURCE-VERIFIED / STRATIFIED RCT,,,,,0,0,,,,
Wang 2024,WANG24_MNVP_ODT_vs_OD_PONV0_2,MNVP: ondansetron+dexamethasone+TEAS,MNVP: ondansetron+dexamethasone,PONV,PONV incidence,0-2 h,Events/total,35,35,35,35,,,,,,2,,,,,,9,participants,0.022,Yes,No,RR,.2222222222222222,No,No,Eligible for stratum-specific dichotomous PONV analysis,No,Keep separate from SNVP; MNVP-ODT had more segmental mastectomy + axillary dissection (20.0% vs 2.9%),Table 3 / MNVP randomized contrast,https://drive.google.com/file/d/1U8tkq6mKFO0IkA2glfgLjN4Krwku3FZn/view?usp=drivesdk,SOURCE-VERIFIED / STRATIFIED RCT,,,,,0,0,,,,
Wang 2024,WANG24_MNVP_ODT_vs_OD_PONV2_6,MNVP: ondansetron+dexamethasone+TEAS,MNVP: ondansetron+dexamethasone,PONV,PONV incidence,2-6 h,Events/total,35,35,35,35,,,,,,2,,,,,,8,participants,0.040,Yes,No,RR,.25,No,No,Eligible for stratum-specific dichotomous PONV analysis,No,Keep separate from SNVP risk stratum,Table 3 / MNVP randomized contrast,https://drive.google.com/file/d/1U8tkq6mKFO0IkA2glfgLjN4Krwku3FZn/view?usp=drivesdk,SOURCE-VERIFIED / STRATIFIED RCT,,,,,0,0,,,,
Wang 2024,WANG24_MNVP_ODT_vs_OD_TOTALPONV,MNVP: ondansetron+dexamethasone+TEAS,MNVP: ondansetron+dexamethasone,PONV,Any PONV over reported follow-up,0-36 h,Events/total,35,35,35,35,,,,,,5,,,,,,10,participants,0.145,Yes,No,RR,.5,No,No,Eligible for stratum-specific total-PONV analysis,No,No significant overall treatment effect despite early time-specific benefit,Table 3 / total PONV,https://drive.google.com/file/d/1U8tkq6mKFO0IkA2glfgLjN4Krwku3FZn/view?usp=drivesdk,SOURCE-VERIFIED / STRATIFIED RCT,,,,,0,0,,,,
Wang 2024,WANG24_SNVP_ODT_vs_OD_INTRAOPSUF,SNVP: ondansetron+dexamethasone+TEAS,SNVP: ondansetron+dexamethasone,Intraoperative opioid,Total sufentanil,Intraoperative,Mean/SD,35,35,33,35,21.2,3.1,,,,,21.9,3.2,,,,,µg sufentanil,0.402,Yes,No,MD,-.6999999999999993,No,No,Eligible for intraoperative opioid analysis,No,No intraoperative opioid-sparing effect,Table 1 / SNVP sufentanil,https://drive.google.com/file/d/1U8tkq6mKFO0IkA2glfgLjN4Krwku3FZn/view?usp=drivesdk,SOURCE-VERIFIED,,,,,0,0,,,,
Wang 2024,WANG24_MNVP_ODT_vs_OD_INTRAOPSUF,MNVP: ondansetron+dexamethasone+TEAS,MNVP: ondansetron+dexamethasone,Intraoperative opioid,Total sufentanil,Intraoperative,Mean/SD,35,35,35,35,21,3.4,,,,,20.9,3.1,,,,,µg sufentanil,0.854,Yes,No,MD,.1000000000000014,No,No,Eligible for intraoperative opioid analysis,No,No intraoperative opioid-sparing effect,Table 1 / MNVP sufentanil,https://drive.google.com/file/d/1U8tkq6mKFO0IkA2glfgLjN4Krwku3FZn/view?usp=drivesdk,SOURCE-VERIFIED,,,,,0,0,,,,
Wang 2024,WANG24_POSTOP_OPIOID24,TEAS within risk strata,OD within risk strata,Opioid consumption,Postoperative opioid consumption,0-24 h,Not reported,,,,,,,,,,,,,,,,,mg/µg,,No,No,,,No,No,Not eligible for postoperative 24-h opioid meta-analysis,No,Postoperative rescue analgesia was non-opioid flurbiprofen; no postoperative opioid-consumption endpoint,Postoperative analgesia section,https://drive.google.com/file/d/1U8tkq6mKFO0IkA2glfgLjN4Krwku3FZn/view?usp=drivesdk,NOT REPORTED / NO POSTOP OPIOID ENDPOINT,,,,,0,0,,,,
Tu 2024,TU24_TEAS_vs_SHAM_VOMIT2_6,Postoperative TEAS,Sham/no current,PONV,Vomiting incidence,2-6 h,Events/total,60,60,57,58,,,,,,8,,,,,,17,participants,0.047,Yes,No,RR,.478844169246646,No,No,Eligible for dichotomous vomiting analysis,No,Five post-randomization exclusions include one sham participant excluded specifically for vomiting caused by intracranial hypertension,Table 3 / vomiting 2-6 h,https://drive.google.com/file/d/1xQ9SbXVZblphUrb0-T9xpnAXk-_z5nBX/view?usp=drivesdk,SOURCE-VERIFIED / MISSINGNESS QC,,,,,0,0,,,,
Tu 2024,TU24_TEAS_vs_SHAM_VOMIT6_24,Postoperative TEAS,Sham/no current,PONV,Vomiting incidence,6-24 h,Events/total,60,60,57,58,,,,,,11,,,,,,15,participants,0.405,Yes,No,RR,.7461988304093566,No,No,Eligible for dichotomous vomiting analysis,No,Same post-randomization exclusion concern,Table 3 / vomiting 6-24 h,https://drive.google.com/file/d/1xQ9SbXVZblphUrb0-T9xpnAXk-_z5nBX/view?usp=drivesdk,SOURCE-VERIFIED / MISSINGNESS QC,,,,,0,0,,,,
Tu 2024,TU24_TEAS_vs_SHAM_PAIN6_24,Postoperative TEAS,Sham/no current,Pain,VAS pain intensity,6-24 h,Median/IQR,60,60,57,58,,,2,.5,3,,,,4,3,4,,VAS 0-10,0.001,Yes,No,,,No,No,Eligible for pain analysis using median/IQR methods,No,Subjective outcome; sensory difference between active de qi and no-current sham may affect participant masking,Pain outcome 6-24 h,https://drive.google.com/file/d/1xQ9SbXVZblphUrb0-T9xpnAXk-_z5nBX/view?usp=drivesdk,SOURCE-VERIFIED / SUBJECTIVE OUTCOME QC,,,,,0,0,,,,
Tu 2024,TU24_TEAS_vs_SHAM_TRAMADOL,Postoperative TEAS,Sham/no current,Rescue opioid use,Any rescue tramadol use,Within 24 h,Events/total,60,60,57,58,,,,,,3,,,,,,6,participants,0.315,Yes,No,RR,.5087719298245614,No,No,Eligible only for binary rescue-opioid-use analysis,No,Tramadol was 10 mg IM for VAS >6; number of doses/cumulative tramadol per patient is not reported,Rescue analgesia outcome,https://drive.google.com/file/d/1xQ9SbXVZblphUrb0-T9xpnAXk-_z5nBX/view?usp=drivesdk,SOURCE-VERIFIED / DOSE MISSING,F-rescue-opioid-007,F-rescue-opioid,F_rescue_opioid,MATCHED,1,0,Some concerns,,,3/57 vs6/58; P=0.315
Tu 2024,TU24_TEAS_vs_SHAM_OPIOID24,Postoperative TEAS,Sham/no current,Opioid consumption,Cumulative rescue tramadol consumption,0-24 h,Not reported,60,60,57,58,,,,,,,,,,,,,mg tramadol,,No,No,,,No,No,Not eligible for continuous 24-h opioid meta-analysis,No,Only number of patients receiving rescue tramadol is reported; cumulative dose is unavailable,Rescue analgesia section,https://drive.google.com/file/d/1xQ9SbXVZblphUrb0-T9xpnAXk-_z5nBX/view?usp=drivesdk,MISSING / CUMULATIVE DOSE NOT REPORTED,,,,,0,0,,,,
Sun 2017,SUN17_TSS_vs_SSS_ACTIVITY24,Preoperative true TEAS only,All-period sham TEAS (SSS),Pain,Activity-evoked VAS,24 h,Median/IQR,95,95,91,90,,,4,4,5,,,,4,3.8,5,,VAS 0-10,<0.001 reported comparisons,Yes,No,,,No,No,Eligible for 24-h movement-pain analysis with multi-arm/shared-control adjustment,Yes,"Four-arm timing trial; sham received 5 min perceptible low-current stimulation, not electrically inert","Primary activity-pain outcome, 24 h",https://drive.google.com/file/d/1lELlw0IpkhqoB8OuintAI22fxKfNEcEd/view?usp=drivesdk,SOURCE-VERIFIED,,,,,0,0,,,,
Sun 2017,SUN17_TTS_vs_SSS_ACTIVITY24,Preoperative + intraoperative true TEAS,All-period sham TEAS (SSS),Pain,Activity-evoked VAS,24 h,Median/IQR,95,95,91,90,,,4,3,4,,,,4,3.8,5,,VAS 0-10,<0.001 reported comparisons,Yes,No,,,No,No,Eligible for 24-h movement-pain analysis with multi-arm/shared-control adjustment,Yes,"Four-arm timing trial; sham received 5 min perceptible low-current stimulation, not electrically inert","Primary activity-pain outcome, 24 h",https://drive.google.com/file/d/1lELlw0IpkhqoB8OuintAI22fxKfNEcEd/view?usp=drivesdk,SOURCE-VERIFIED,,,,,0,0,,,,
Sun 2017,SUN17_TST_vs_SSS_ACTIVITY24,Preoperative + postoperative true TEAS,All-period sham TEAS (SSS),Pain,Activity-evoked VAS,24 h,Median/IQR,95,95,89,90,,,3,3,4,,,,4,3.8,5,,VAS 0-10,<0.001 reported comparisons,Yes,No,,,No,No,Eligible for 24-h movement-pain analysis with multi-arm/shared-control adjustment,Yes,"Four-arm timing trial; sham received 5 min perceptible low-current stimulation, not electrically inert","Primary activity-pain outcome, 24 h",https://drive.google.com/file/d/1lELlw0IpkhqoB8OuintAI22fxKfNEcEd/view?usp=drivesdk,SOURCE-VERIFIED,,,,,0,0,,,,
Sun 2017,SUN17_TSS_vs_SSS_NSAID48,Preoperative true TEAS only,All-period sham TEAS (SSS),Rescue analgesia,Supplemental flurbiprofen axetil requirement,Within 48 h,Published percentage,95,95,91,90,,,,,,,,,,,,,11.0% intervention vs 23.3% SSS,0.020 overall; TST vs SSS significant,Yes,No,,,No,No,Eligible for 48-h non-opioid rescue-analgesia analysis; not an opioid outcome,Yes,Do not convert printed percentages to exact event counts without confirmation,Table 2 / supplemental analgesic requirement,https://drive.google.com/file/d/1lELlw0IpkhqoB8OuintAI22fxKfNEcEd/view?usp=drivesdk,SOURCE-VERIFIED / PERCENTAGES ONLY,F-rescue-nonopioid-003,F-rescue-nonopioid,F_rescue_nonopioid,MATCHED,0,1,Some concerns,,,"SSS23.3%, TSS11.0%, TTS15.4%, TST7.9%"
Sun 2017,SUN17_TTS_vs_SSS_NSAID48,Preoperative + intraoperative true TEAS,All-period sham TEAS (SSS),Rescue analgesia,Supplemental flurbiprofen axetil requirement,Within 48 h,Published percentage,95,95,91,90,,,,,,,,,,,,,15.4% intervention vs 23.3% SSS,0.020 overall; TST vs SSS significant,Yes,No,,,No,No,Eligible for 48-h non-opioid rescue-analgesia analysis; not an opioid outcome,Yes,Do not convert printed percentages to exact event counts without confirmation,Table 2 / supplemental analgesic requirement,https://drive.google.com/file/d/1lELlw0IpkhqoB8OuintAI22fxKfNEcEd/view?usp=drivesdk,SOURCE-VERIFIED / PERCENTAGES ONLY,F-rescue-nonopioid-003,F-rescue-nonopioid,F_rescue_nonopioid,MATCHED,0,1,Some concerns,,,"SSS23.3%, TSS11.0%, TTS15.4%, TST7.9%"
Sun 2017,SUN17_TST_vs_SSS_NSAID48,Preoperative + postoperative true TEAS,All-period sham TEAS (SSS),Rescue analgesia,Supplemental flurbiprofen axetil requirement,Within 48 h,Published percentage,95,95,89,90,,,,,,,,,,,,,7.9% intervention vs 23.3% SSS,0.020 overall; TST vs SSS significant,Yes,No,,,No,No,Eligible for 48-h non-opioid rescue-analgesia analysis; not an opioid outcome,Yes,Do not convert printed percentages to exact event counts without confirmation,Table 2 / supplemental analgesic requirement,https://drive.google.com/file/d/1lELlw0IpkhqoB8OuintAI22fxKfNEcEd/view?usp=drivesdk,SOURCE-VERIFIED / PERCENTAGES ONLY,F-rescue-nonopioid-003,F-rescue-nonopioid,F_rescue_nonopioid,MATCHED,0,1,Some concerns,,,"SSS23.3%, TSS11.0%, TTS15.4%, TST7.9%"
Sun 2017,SUN17_INTRAOP_MORPH_EQUIV,Pre/intraoperative TEAS timing arms,All-period sham TEAS,Intraoperative opioid,Author-defined intraoperative morphine-equivalent exposure,Intraoperative,Study-defined converted metric,95,95,91,90,,,,,,,,,,,,,mg/kg morphine-equivalent,0.303,Yes,Yes,,,No,No,Not directly harmonized to review MME until conversion method is adjudicated,Yes,Values ~1.5-1.6 mg/kg across all four groups; study-specific conversion of sufentanil/remifentanil,Table 2 / intraoperative anesthetic consumption,https://drive.google.com/file/d/1lELlw0IpkhqoB8OuintAI22fxKfNEcEd/view?usp=drivesdk,SOURCE-VERIFIED / STUDY-DEFINED CONVERSION,F-exposure-005,F-exposure,F_intraop_fixed_or_unclear_exposure,MATCHED,0,1,Some concerns,,,1.5–1.6 mg/kg across arms; P=0.303
Sun 2017,SUN17_POSTOP_OPIOID24,True TEAS timing arms,All-period sham TEAS,Opioid consumption,Postoperative opioid consumption,0-24 h,Not applicable / not reported,95,95,,,,,,,,,,,,,,,mg/µg,,No,No,,,No,No,Not eligible for postoperative opioid meta-analysis,Yes,"Postoperative rescue analgesia was flurbiprofen axetil (NSAID), not an opioid",Postoperative analgesia protocol,https://drive.google.com/file/d/1lELlw0IpkhqoB8OuintAI22fxKfNEcEd/view?usp=drivesdk,NO POSTOPERATIVE OPIOID OUTCOME,,,,,0,0,,,,
Sim 2002,SIM02_PREOP_vs_PLACEBO_MORPH24,Preoperative EA,Placebo EA,Opioid consumption,Cumulative postoperative IV PCA morphine,0-24 h,Mean/SD,30,30,30,30,.52,.19,,,,,.68,.38,,,,,mg/kg morphine,NS overall 24-h cumulative comparison,Yes,No,MD,-.16,Yes,Conditional,Direct weight-normalized 24-h morphine endpoint; pool only if protocol permits mg/kg or a prespecified standardization method,Yes,Do not convert mg/kg to absolute mg using group mean body weight; aggregate means cannot reconstruct individual absolute dose,Figure 4 / cumulative 24-h morphine,https://drive.google.com/file/d/1YsNHL-J3Kgfu8mCanRrNu_bHk_roj0w6/view?usp=drivesdk,SOURCE-VERIFIED,,,,,0,0,,,,
Sim 2002,SIM02_POSTOP_vs_PLACEBO_MORPH24,Postoperative EA,Placebo EA,Opioid consumption,Cumulative postoperative IV PCA morphine,0-24 h,Mean/SD,30,30,30,30,.58,.27,,,,,.68,.38,,,,,mg/kg morphine,NS overall 24-h cumulative comparison,Yes,No,MD,-.1000000000000001,Yes,Conditional,Timing-comparator 24-h morphine endpoint,Yes,Postoperative EA is a distinct randomized timing arm and must not be merged with preoperative EA,Figure 4 / cumulative 24-h morphine,https://drive.google.com/file/d/1YsNHL-J3Kgfu8mCanRrNu_bHk_roj0w6/view?usp=drivesdk,SOURCE-VERIFIED,,,,,0,0,,,,
Sim 2002,SIM02_PREOP_vs_PLACEBO_MORPH6_12,Preoperative EA,Placebo EA,Opioid consumption,Postoperative IV PCA morphine,6-12 h,Median/IQR,30,30,30,30,,,.03,,,,,,.1,,,,mg/kg morphine,0.015,Yes,No,,,No,No,Eligible for interval-specific opioid analysis only,Yes,Source reports median (IQR) as 0.03 (0.05) vs 0.10 (0.11); IQR is reported as a single width rather than Q1/Q3,6-12-h morphine interval,https://drive.google.com/file/d/1YsNHL-J3Kgfu8mCanRrNu_bHk_roj0w6/view?usp=drivesdk,SOURCE-VERIFIED / IQR FORMAT QC,,,,,0,0,,,,
Sim 2002,SIM02_PREOP_vs_PLACEBO_ALFENT,Preoperative EA,Placebo EA,Intraoperative opioid,Alfentanil requirement rate,Intraoperative,Mean/SD,30,30,30,30,.44,.15,,,,,.51,.21,,,,,µg/kg/min,0.472,Yes,No,MD,-.07,No,No,Eligible for intraoperative opioid analysis,Yes,No significant placebo-controlled intraoperative opioid-sparing effect,Figure 2 / alfentanil requirement,https://drive.google.com/file/d/1YsNHL-J3Kgfu8mCanRrNu_bHk_roj0w6/view?usp=drivesdk,SOURCE-VERIFIED,F-intra-005,F-intra,F_intraop_titrated_requirement,MATCHED,1,0,Some concerns,,,0.44±0.15 vs0.51±0.21 μg/kg/min; P=0.472
Ntritsou 2014,NTRI14_EA_vs_SHAM_TRAMSUM,Perioperative EA + tramadol/ketamine,Sham + tramadol/ketamine,Opioid consumption,Total tramadol exposure,Perioperative / first 24 h most consistent with protocol; table does not restate window,Mean/SD,37,38,35,35,443.7,67.40000000000001,,,,,461.5,63.2,,,,,mg tramadol,0.257,Yes,No,MD,-17.80000000000001,Conditional,No,"Continuous opioid-related quantity available, but not suitable as complete 24-h MME without confirming window and rescue morphine",No,Includes scheduled/background tramadol and likely rescue tramadol; rescue morphine quantity not reported,Table 1 / tramadol sum,https://drive.google.com/file/d/1u_kNuuXF8upB3gJA2aDq8NldYDfhnWy3/view?usp=drivesdk,SOURCE-VERIFIED / WINDOW + CO-OPIOID QC,,,,,0,0,,,,
Ntritsou 2014,NTRI14_EA_vs_SHAM_REMI,Perioperative EA + tramadol/ketamine,Sham + tramadol/ketamine,Intraoperative opioid,Remifentanil consumption,Intraoperative,Mean/SD,37,38,35,35,1003.6,522.7,,,,,1041.9,631.9,,,,,µg remifentanil,0.783,Yes,No,MD,-38.30000000000007,No,No,Eligible for intraoperative opioid analysis,No,No significant intraoperative opioid-sparing effect,Table 1 / remifentanil,https://drive.google.com/file/d/1u_kNuuXF8upB3gJA2aDq8NldYDfhnWy3/view?usp=drivesdk,SOURCE-VERIFIED,F-exposure-004,F-exposure,F_intraop_fixed_or_unclear_exposure,MATCHED,0,1,Some concerns,P1,,1003.6±522.7 vs1041.9±631.9 μg; P=0.783
Ntritsou 2014,NTRI14_EA_vs_SHAM_RESCUE,Perioperative EA + tramadol/ketamine,Sham + tramadol/ketamine,Rescue opioid use,Total rescue analgesia,First 24 h,Qualitative / exact quantities unavailable,37,38,35,35,,,,,,,,,,,,,tramadol 50 mg IV then morphine 2 mg IV as needed,P<0.001 reported,No,No,,,No,No,Not quantitatively poolable from main article,No,Main article reports significantly less total rescue analgesia but does not tabulate exact rescue tramadol/morphine quantities,Rescue analgesia results,https://drive.google.com/file/d/1u_kNuuXF8upB3gJA2aDq8NldYDfhnWy3/view?usp=drivesdk,MISSING / EXACT RESCUE DOSES NOT REPORTED,F-rescue-opioid-005,F-rescue-opioid,F_rescue_opioid,MATCHED,0,0,Some concerns,P1,,Significantly lower at45 min/overall; exact quantities NR
Ntritsou 2014,NTRI14_EA_vs_SHAM_MME24,Perioperative EA + tramadol/ketamine,Sham + tramadol/ketamine,Opioid consumption,Complete 24-h opioid/MME exposure,0-24 h,Not calculable,37,38,35,35,,,,,,,,,,,,,MME,,No,No,,,No,No,Not eligible for final 24-h MME until rescue morphine and tramadol-sum window are confirmed,No,Do not equate lower rescue use with significantly lower total opioid exposure,Combined opioid exposure,https://drive.google.com/file/d/1u_kNuuXF8upB3gJA2aDq8NldYDfhnWy3/view?usp=drivesdk,MISSING / AUTHOR DATA NEEDED,,,,,0,0,,,,
Ng 2013,NG13_EA_vs_SHAM_BOWEL,Electroacupuncture,Sham acupuncture,GI recovery,Time to first bowel motion / defecation,Postoperative,Mean/SD,55,55,55,55,85.90000000000001,36.1,,,,,107.5,46.2,,,,,hours,0.007,Yes,No,MD,-21.59999999999999,No,No,Eligible for GI-recovery meta-analysis,Yes,Allocation used sealed nonopaque envelopes; EA-vs-sham participants and outcome assessors were blinded,Primary outcome / first bowel motion,https://drive.google.com/file/d/1R1zCiyfWvuSp99Hi2U_K1__8kgdi90gd/view?usp=drivesdk,SOURCE-VERIFIED / ALLOCATION-CONCEALMENT QC,,,,,0,0,,,,
Ng 2013,NG13_EA_vs_NOACU_BOWEL,Electroacupuncture,No acupuncture,GI recovery,Time to first bowel motion / defecation,Postoperative,Mean/SD,55,55,55,55,85.90000000000001,36.1,,,,,122.1,53.5,,,,,hours,<0.001,Yes,No,MD,-36.19999999999999,No,No,Eligible for GI-recovery meta-analysis as active-vs-usual-care contrast,Yes,No-acupuncture group could not be participant blinded,Primary outcome / first bowel motion,https://drive.google.com/file/d/1R1zCiyfWvuSp99Hi2U_K1__8kgdi90gd/view?usp=drivesdk,SOURCE-VERIFIED,,,,,0,0,,,,
Ng 2013,NG13_EA_vs_SHAM_FLATUS,Electroacupuncture,Sham acupuncture,GI recovery,Time to first flatus,Postoperative,Mean/SD,55,55,55,55,2,.9,,,,,2.3,1.1,,,,,days,0.095,Yes,No,MD,-.2999999999999998,No,No,Eligible for GI-recovery analysis,Yes,No statistically significant EA-vs-sham difference,Secondary outcome / first flatus,https://drive.google.com/file/d/1R1zCiyfWvuSp99Hi2U_K1__8kgdi90gd/view?usp=drivesdk,SOURCE-VERIFIED,E-007,E,E_time_to_first_flatus,MATCHED,1,0,Some concerns,P2,,2.0±0.9 vs 2.3±1.1 days
Ng 2013,NG13_EA_vs_SHAM_PAINPOD1,Electroacupuncture,Sham acupuncture,Pain,VAS pain intensity,POD1,Mean/SD,55,55,55,55,5.6,2,,,,,5.8,1.9,,,,,VAS 0-10,0.655,Yes,No,MD,-.2000000000000002,No,No,Eligible for POD1 pain analysis if POD1 timing meets protocol,Yes,POD1 is not an exact clock-defined 24-h point,Pain outcome / POD1,https://drive.google.com/file/d/1R1zCiyfWvuSp99Hi2U_K1__8kgdi90gd/view?usp=drivesdk,SOURCE-VERIFIED / POD LABEL,,,,,0,0,,,,
Ng 2013,NG13_EA_vs_SHAM_PETHCOUNT,Electroacupuncture,Sham acupuncture,Opioid demand,Number of postoperative pethidine injections,Postoperative; exact window NR,Mean/SD,55,55,55,55,2.7,2.3,,,,,5.2,4.7,,,,,number of injections,NR,Yes,No,MD,-2.5,No,No,Eligible only as opioid-injection-count outcome after time-window clarification,Yes,"Methods say 1 mg/kg q4h PRN, tables say 50-mg injections; exact observation window and route not clearly defined",Analgesic requirement tables,https://drive.google.com/file/d/1R1zCiyfWvuSp99Hi2U_K1__8kgdi90gd/view?usp=drivesdk,SOURCE-VERIFIED / DOSE + WINDOW QC,,,,,0,0,,,,
Ng 2013,NG13_EA_vs_SHAM_OPIOID24,Electroacupuncture,Sham acupuncture,Opioid consumption,Cumulative pethidine consumption,0-24 h,Not reported,55,55,55,55,,,,,,,,,,,,,mg pethidine,,No,No,,,No,No,Not eligible for strict continuous 24-h opioid meta-analysis without author data,Yes,Do not multiply injection counts by 50 mg and call it a 24-h dose; source time window/dosing statement is ambiguous,Exact 24-h opioid endpoint absent,https://drive.google.com/file/d/1R1zCiyfWvuSp99Hi2U_K1__8kgdi90gd/view?usp=drivesdk,MISSING / AUTHOR DATA NEEDED,,,,,0,0,,,,
Ma 2026,MA26_T_vs_S_PAIN24,Group T: sleep disturbance + preop TEAS,"Group S: sleep disturbance, no TEAS",Pain,Resting NRS pain,24 h,Graph-only continuous data,18,17,17,16,,,,,,,,,,,,,NRS 0-10,P<0.05 T vs S,No,No,,,No,No,Not ready for continuous meta-analysis without formal graph digitization or author data,No,Partially randomized trial: only T vs S is randomized. Exact 24-h means/SDs are graph-only and must not be inferred from Antigravity candidate values,Figure / 24-h postoperative NRS,https://drive.google.com/file/d/1tMEOwvRWIMeEmBmKfeHEt7YF10yxslUe/view?usp=drivesdk,FIGURE ONLY / DIGITIZATION NEEDED,,,,,0,0,,,,
Ma 2026,MA26_T_vs_S_AISPOD1,Group T: sleep disturbance + preop TEAS,"Group S: sleep disturbance, no TEAS",Sleep quality,Athens Insomnia Scale,POD1,Graph-only continuous data,18,17,17,16,,,,,,,,,,,,,AIS points,P<0.05 T vs S,No,No,,,No,No,Not ready for continuous meta-analysis without formal graph digitization or author data,No,Exact postoperative AIS means/SDs are graph-only; Group C is non-randomized and must not be used as a randomized comparator,Figure 4 / POD1 AIS,https://drive.google.com/file/d/1tMEOwvRWIMeEmBmKfeHEt7YF10yxslUe/view?usp=drivesdk,FIGURE ONLY / DIGITIZATION NEEDED,,,,,0,0,,,,
Ma 2026,MA26_T_vs_S_NAUSEA24,Group T: sleep disturbance + preop TEAS,"Group S: sleep disturbance, no TEAS",PONV,Nausea,24 h,Events/total,18,17,17,16,,,,,,6,,,,,,8,participants,Overall 3-group P=0.590; randomized T-vs-S pairwise NR,Yes,No,RR,.7058823529411765,No,No,Eligible for dichotomous 24-h nausea analysis using randomized T vs S contrast,No,Overall P-value includes non-randomized Group C; do not treat it as the randomized pairwise P-value,24-h PONV table,https://drive.google.com/file/d/1tMEOwvRWIMeEmBmKfeHEt7YF10yxslUe/view?usp=drivesdk,SOURCE-VERIFIED,D-007,D,D_nausea_0-24h,MATCHED,1,0,High,,,6/17 vs 8/16
Ma 2026,MA26_T_vs_S_VOMIT24,Group T: sleep disturbance + preop TEAS,"Group S: sleep disturbance, no TEAS",PONV,Vomiting,24 h,Events/total,18,17,17,16,,,,,,6,,,,,,7,participants,Overall 3-group P=0.863; randomized T-vs-S pairwise NR,Yes,No,RR,.8067226890756303,No,No,Eligible for dichotomous 24-h vomiting analysis using randomized T vs S contrast,No,Overall P-value includes non-randomized Group C,24-h PONV table,https://drive.google.com/file/d/1tMEOwvRWIMeEmBmKfeHEt7YF10yxslUe/view?usp=drivesdk,SOURCE-VERIFIED,D-010,D,D_vomiting_0-24h,MATCHED,1,0,Some concerns,,,6/17 vs 7/16
Ma 2026,MA26_T_vs_S_OPIOID24,Group T: sleep disturbance + preop TEAS,"Group S: sleep disturbance, no TEAS",Opioid consumption,Cumulative postoperative opioid consumption,0-24 h,Not reported,18,17,17,16,,,,,,,,,,,,,mg/µg,,No,No,,,No,No,Not eligible for continuous 24-h opioid meta-analysis,No,Routine postoperative analgesia was non-opioid flurbiprofen; whether any postoperative opioid was given is not reported,Postoperative analgesia section,https://drive.google.com/file/d/1tMEOwvRWIMeEmBmKfeHEt7YF10yxslUe/view?usp=drivesdk,MISSING / POSTOP OPIOID USE NR,,,,,0,0,,,,
Lu 2021,LU21_COMB_vs_SHAM_CHRONIC6M,Combined PC6+CV17 TEAS,Sham/no current,Chronic pain,Post-mastectomy chronic pain incidence,6 months,Events/total,190,188,190,188,,,,,,42,,,,,,65,participants,Overall P=0.005; combined vs sham pairwise P varies by article section,Yes,No,RR,.6393522267206477,No,No,Eligible for dichotomous chronic-pain analysis using raw event counts,Yes,"Printed RR/P-values conflict across abstract, Results and Table 2; raw counts 42/190 vs 65/188 are the stable source facts",Table 2 / primary 6-month chronic pain,https://drive.google.com/file/d/1MgD_OucfiyNEDdDe3osh8W01U1yYZs08/view?usp=drivesdk,SOURCE-VERIFIED / PUBLISHED EFFECT QC,,,,,0,0,,,,
Lu 2021,LU21_SINGLE_vs_SHAM_CHRONIC6M,Single PC6 TEAS,Sham/no current,Chronic pain,Post-mastectomy chronic pain incidence,6 months,Events/total,198,188,198,188,,,,,,72,,,,,,65,participants,Overall P=0.005; single vs sham pairwise P reported 0.71 in Table 2,Yes,No,RR,1.051748251748252,No,No,Eligible only with explicit source-conflict sensitivity handling,Yes,Table 2 gives 72/198; Results prose gives 79/196. Preserve Table 2 here and flag conflict rather than silently reconcile,Table 2 / primary 6-month chronic pain,https://drive.google.com/file/d/1MgD_OucfiyNEDdDe3osh8W01U1yYZs08/view?usp=drivesdk,SOURCE-VERIFIED / DENOMINATOR CONFLICT,,,,,0,0,,,,
Lu 2021,LU21_COMB_vs_SHAM_REMI,Combined PC6+CV17 TEAS,Sham/no current,Intraoperative opioid,Total remifentanil,Intraoperative,Mean/SD,190,188,190,188,1.2,.5,,,,,1.4,.7,,,,,mg remifentanil,P<0.001 combined vs sham,Yes,No,MD,-.2,No,No,Eligible for intraoperative opioid-sparing analysis,Yes,Three-arm trial; sham is a shared comparator,Table 3 / intraoperative remifentanil,https://drive.google.com/file/d/1MgD_OucfiyNEDdDe3osh8W01U1yYZs08/view?usp=drivesdk,SOURCE-VERIFIED,F-intra-008,F-intra,F_intraop_titrated_requirement,MATCHED,1,0,Some concerns,P1,,1.2±0.5 vs1.4±0.7 mg; MD −0.20 mg; P<0.001
Lu 2021,LU21_SINGLE_vs_SHAM_REMI,Single PC6 TEAS,Sham/no current,Intraoperative opioid,Total remifentanil,Intraoperative,Mean/SD,198,188,198,188,1.3,.6,,,,,1.4,.7,,,,,mg remifentanil,P=0.04 single vs sham; not significant after Bonferroni alpha 0.0125,Yes,No,MD,-.0999999999999999,No,No,Eligible for intraoperative opioid analysis with multiplicity-aware interpretation,Yes,Three-arm trial; do not describe P=0.04 as multiplicity-adjusted significant,Table 3 / intraoperative remifentanil,https://drive.google.com/file/d/1MgD_OucfiyNEDdDe3osh8W01U1yYZs08/view?usp=drivesdk,SOURCE-VERIFIED,,,,,0,0,,,,
Lu 2021,LU21_COMB_vs_SHAM_PONV24,Combined PC6+CV17 TEAS,Sham/no current,PONV,Any PONV,24 h,Events/total,190,188,190,188,,,,,,35,,,,,,68,participants,Overall P=0.0001,Yes,No,RR,.5092879256965943,No,No,Eligible for dichotomous 24-h PONV analysis,Yes,Use raw event counts; three-arm shared sham comparator,24-h PONV table,https://drive.google.com/file/d/1MgD_OucfiyNEDdDe3osh8W01U1yYZs08/view?usp=drivesdk,SOURCE-VERIFIED,D-002,D,D_PONV_0-24h,MATCHED,1,0,High,P1,,35/190 vs 68/188
Lu 2021,LU21_SINGLE_vs_SHAM_PONV24,Single PC6 TEAS,Sham/no current,PONV,Any PONV,24 h,Events/total,198,188,198,188,,,,,,59,,,,,,68,participants,Overall P=0.0001,Yes,No,RR,.8238265002970884,No,No,Eligible for dichotomous 24-h PONV analysis with multi-arm adjustment,Yes,Overall P is three-group; pairwise significance should not be inferred unless directly reported,24-h PONV table,https://drive.google.com/file/d/1MgD_OucfiyNEDdDe3osh8W01U1yYZs08/view?usp=drivesdk,SOURCE-VERIFIED,,,,,0,0,,,,
Lu 2021,LU21_POSTOP_OPIOID24,TEAS arms,Sham/no current,Opioid consumption,Cumulative postoperative sufentanil PCA consumption,0-24 h,Not reported,,,,,,,,,,,,,,,,,µg sufentanil,,No,No,,,No,No,Not eligible for continuous 24-h postoperative opioid meta-analysis,Yes,PCA opioid is sufentanil but prescription and cumulative 24-h consumption are not reported,Postoperative PCA section,https://drive.google.com/file/d/1MgD_OucfiyNEDdDe3osh8W01U1yYZs08/view?usp=drivesdk,MISSING / AUTHOR DATA NEEDED,,,,,0,0,,,,
Lu 2022,LU22_TEAS_vs_CTRL_DISCHARGE,TEAS + ERAS,No-current control + ERAS,Recovery,Time to meet discharge criteria,Postoperative,Mean/SD,50,50,47,47,6,1.8,,,,,7,2.4,,,,,days,0.02,Yes,No,MD,-1,No,No,Eligible for recovery-time meta-analysis,No,Six randomized patients were excluded because they did not receive allocated intervention; open conversion is plausibly related to discharge time,Primary outcome / time to discharge,https://drive.google.com/file/d/12Y86huNMuLC8cPH-L2vwlEd7r1X1Qela/view?usp=drivesdk,SOURCE-VERIFIED / ATTRITION QC,,,,,0,0,,,,
Lu 2022,LU22_TEAS_vs_CTRL_FLATUS,TEAS + ERAS,No-current control + ERAS,GI recovery,Time to first flatus,Postoperative,Mean/SD,50,50,47,47,34.5,16.7,,,,,42.4,22.9,,,,,hours,0.03,Yes,No,MD,-7.899999999999999,No,No,Eligible for GI-recovery meta-analysis,No,Same 6 post-randomization exclusions apply,First flatus result,https://drive.google.com/file/d/12Y86huNMuLC8cPH-L2vwlEd7r1X1Qela/view?usp=drivesdk,SOURCE-VERIFIED / ATTRITION QC,E-006,E,E_time_to_first_flatus,MATCHED,1,0,Some concerns,P2,,34.5±16.7 vs 42.4±22.9 h
Lu 2022,LU22_TEAS_vs_CTRL_DEFEC,TEAS + ERAS,No-current control + ERAS,GI recovery,Time to first defecation,Postoperative,Mean/SD,50,50,47,47,42,25,,,,,55.4,29.7,,,,,hours,0.03,Yes,No,MD,-13.4,No,No,Eligible for GI-recovery meta-analysis,No,Same 6 post-randomization exclusions apply,First defecation result,https://drive.google.com/file/d/12Y86huNMuLC8cPH-L2vwlEd7r1X1Qela/view?usp=drivesdk,SOURCE-VERIFIED / ATTRITION QC,,,,,0,0,,,,
Lu 2022,LU22_TEAS_vs_CTRL_PCAATTEMPT24,TEAS + ERAS,No-current control + ERAS,Opioid demand,PCA attempts,24 h,Median/IQR,50,50,47,47,,,8,3,18,,,,16.5,8,38,,attempts,0.001,Yes,No,,,No,No,Eligible as 24-h PCA-demand proxy only,No,"PCA drug, bolus dose, concentration, basal infusion and lockout are not reported",PCA table / 24-h attempts,https://drive.google.com/file/d/12Y86huNMuLC8cPH-L2vwlEd7r1X1Qela/view?usp=drivesdk,SOURCE-VERIFIED / DOSE NOT RECONSTRUCTABLE,F-PCA-009,F-PCA,F_PCA_behavior,NORMALIZED_V22,0,1,High,P2,,24h attempts8.0 vs16.5; deliveries5.0 vs12.0
Lu 2022,LU22_TEAS_vs_CTRL_PCADELIV24,TEAS + ERAS,No-current control + ERAS,Opioid demand,Successful PCA deliveries,24 h,Median/IQR,50,50,47,47,,,5,2,12,,,,12,6,22,,deliveries,0.001,Yes,No,,,No,No,Eligible as 24-h PCA-delivery proxy only,No,Do not convert successful deliveries into opioid dose because the PCA prescription is absent,PCA table / 24-h deliveries,https://drive.google.com/file/d/12Y86huNMuLC8cPH-L2vwlEd7r1X1Qela/view?usp=drivesdk,SOURCE-VERIFIED / DOSE NOT RECONSTRUCTABLE,F-PCA-009,F-PCA,F_PCA_behavior,NORMALIZED_V22,0,1,High,P2,,24h attempts8.0 vs16.5; deliveries5.0 vs12.0
Lu 2022,LU22_TEAS_vs_CTRL_OPIOID24,TEAS + ERAS,No-current control + ERAS,Opioid consumption,Exact cumulative PCA opioid consumption,0-24 h,Not reported,50,50,47,47,,,,,,,,,,,,,mg/µg,,No,No,,,No,No,Not eligible for continuous 24-h opioid meta-analysis without supplementary/author data,No,The main article never identifies the PCA drug or dose,Postoperative PCA section,https://drive.google.com/file/d/12Y86huNMuLC8cPH-L2vwlEd7r1X1Qela/view?usp=drivesdk,MISSING / PCA DRUG AND DOSE NR,,,,,0,0,,,,
Luo 2026,LUO26_TEAS_vs_SHAM_NAUSEA48,Intraoperative PC6 TEAS + standard antiemetics,Sham/no current + standard antiemetics,PONV,Cumulative postoperative nausea,0-48 h,Events/total,138,139,138,139,,,,,,24,,,,,,53,participants,<0.01,Yes,No,RR,.4561115668580804,No,No,Eligible for dichotomous 48-h nausea analysis,No,Participant blinding was empirically poor: 77.5% of TEAS and 66.2% of sham participants correctly guessed allocation,Primary outcome / cumulative nausea,https://drive.google.com/file/d/1xxZle6mPpcnmHLblJbsy1kA4CyQHpvm2/view?usp=drivesdk,SOURCE-VERIFIED,D-008,D,D_nausea_0-48h,MATCHED,1,0,High,,,24/138 vs 53/139
Luo 2026,LUO26_TEAS_vs_SHAM_VOMIT48,Intraoperative PC6 TEAS + standard antiemetics,Sham/no current + standard antiemetics,PONV,Cumulative postoperative vomiting,0-48 h,Events/total,138,139,138,139,,,,,,9,,,,,,27,participants,<0.01,Yes,No,RR,.3357487922705314,No,No,Eligible for dichotomous 48-h vomiting analysis,No,"Vomiting is more objective than nausea, but participant masking was incomplete",Primary outcome / cumulative vomiting,https://drive.google.com/file/d/1xxZle6mPpcnmHLblJbsy1kA4CyQHpvm2/view?usp=drivesdk,SOURCE-VERIFIED,D-011,D,D_vomiting_0-48h,MATCHED,1,0,Some concerns,,,9/138 vs 27/139
Luo 2026,LUO26_TEAS_vs_SHAM_COMPLETE48,Intraoperative PC6 TEAS + standard antiemetics,Sham/no current + standard antiemetics,PONV,Complete response: no vomiting and no rescue antiemetic,0-48 h,Events/total,138,139,138,139,,,,,,112,,,,,,83,participants,<0.01,Yes,No,RR,1.359175833769862,No,No,Eligible for dichotomous complete-response analysis,No,Abstract percentage differs slightly from table-derived 112/138; use raw counts,Complete-response result,https://drive.google.com/file/d/1xxZle6mPpcnmHLblJbsy1kA4CyQHpvm2/view?usp=drivesdk,SOURCE-VERIFIED / ABSTRACT % QC,,,,,0,0,,,,
Luo 2026,LUO26_TEAS_vs_SHAM_NRS24,Intraoperative PC6 TEAS + standard antiemetics,Sham/no current + standard antiemetics,Pain,Postoperative NRS pain,24 h,Mean/SD,138,139,138,139,1.3,.92,,,,,1.65,.95,,,,,NRS 0-10,<0.01,Yes,No,MD,-.3499999999999999,No,No,Eligible for 24-h pain analysis,No,Rest-versus-movement condition is not reported; participant masking was incomplete,Postoperative pain table / 24 h,https://drive.google.com/file/d/1xxZle6mPpcnmHLblJbsy1kA4CyQHpvm2/view?usp=drivesdk,SOURCE-VERIFIED,,,,,0,0,,,,
Luo 2026,LUO26_TEAS_vs_SHAM_OPIOIDEQUIV,Intraoperative PC6 TEAS + standard antiemetics,Sham/no current + standard antiemetics,Perioperative opioid,Published 'sufentanil equivalents' metric,Perioperative,Mean/SD,138,139,138,139,15.86,5.11,,,,,15.18,4.95,,,,,published as mg; definition/unit unresolved,0.27,Yes,No,MD,.6799999999999997,No,No,Do not harmonize to MME or actual sufentanil mass until authors clarify conversion and unit,No,Source labels approximately 15-16 as 'sufentanil equivalents (mg)' without explaining conversion; preserve verbatim,Table 1 / perioperative opioid metric,https://drive.google.com/file/d/1xxZle6mPpcnmHLblJbsy1kA4CyQHpvm2/view?usp=drivesdk,SOURCE-VERIFIED / UNIT UNRESOLVED,,,,,0,0,,,,
Luo 2026,LUO26_TEAS_vs_SHAM_OPIOID24,Intraoperative PC6 TEAS + standard antiemetics,Sham/no current + standard antiemetics,Opioid consumption,Cumulative postoperative oxycodone consumption,0-24 h,Not reported,138,139,138,139,,,,,,,,,,,,,mg oxycodone,,No,No,,,No,No,Not eligible for continuous 24-h opioid/MME meta-analysis,No,"Postoperative IV oxycodone is described, but schedule and group-specific cumulative 24-h consumption are not reported",Postoperative analgesia / exact 24-h endpoint absent,https://drive.google.com/file/d/1xxZle6mPpcnmHLblJbsy1kA4CyQHpvm2/view?usp=drivesdk,MISSING / AUTHOR DATA NEEDED,,,,,0,0,,,,
Long 2025,LONG25_TEAS_vs_CTRL_PND1,Perioperative electrical acupoint stimulation,Electrodes/no current,Neurocognitive,Perioperative neurocognitive disorder (PND),POD1,Published event count + percentage; denominator inconsistent,30,30,27,26,,,,,,7,,,,,,14,Active: 7 cases (25.0%); Control: 14 cases (56.0%),NR,Yes,No,,,No,No,Not meta-analysis-ready until event denominators are clarified,No,Published percentages do not reconcile with final analyzed n=27 active/26 control; do not back-calculate denominators,PND incidence table / POD1,https://drive.google.com/file/d/1LDqtQLq9-kZLP0Vv_G3iiK8QKjy4pRXP/view?usp=drivesdk,SOURCE-VERIFIED / DENOMINATOR INCONSISTENT,,,,,0,0,,,,
Long 2025,LONG25_TEAS_vs_CTRL_PND3,Perioperative electrical acupoint stimulation,Electrodes/no current,Neurocognitive,Perioperative neurocognitive disorder (PND),POD3,Published event count + percentage; denominator inconsistent,30,30,27,26,,,,,,4,,,,,,12,Active: 4 cases (14.3%); Control: 12 cases (48.0%),NR,Yes,No,,,No,No,Not meta-analysis-ready until event denominators are clarified,No,Published percentages do not reconcile with reported analyzed denominators,PND incidence table / POD3,https://drive.google.com/file/d/1LDqtQLq9-kZLP0Vv_G3iiK8QKjy4pRXP/view?usp=drivesdk,SOURCE-VERIFIED / DENOMINATOR INCONSISTENT,,,,,0,0,,,,
Long 2025,LONG25_TEAS_vs_CTRL_VAS24,Perioperative electrical acupoint stimulation,Electrodes/no current,Pain,VAS pain intensity,24 h,Mean/SD,30,30,27,26,2.78,.97,,,,,3.96,.96,,,,,VAS 0-10,<0.001,Yes,No,MD,-1.18,No,No,Eligible for 24-h pain analysis using Table 7 value,No,Abstract/Results prose gives active 2.65 ± 0.94; Table 7/Figure 9 gives 2.78 ± 0.97. Master uses the directly tabulated Table 7 value and retains discrepancy,Table 7 / Figure 9,https://drive.google.com/file/d/1LDqtQLq9-kZLP0Vv_G3iiK8QKjy4pRXP/view?usp=drivesdk,SOURCE-VERIFIED / SOURCE VALUE CONFLICT,,,,,0,0,,,,
Long 2025,LONG25_TEAS_vs_CTRL_PCIA48VOL,Perioperative electrical acupoint stimulation,Electrodes/no current,Opioid demand,PCIA solution consumption,48 h,Mean/SD,30,30,27,26,86.22,4.27,,,,,89.23,3.67,,,,,mL of weight-based sufentanil solution,0.008,Yes,No,MD,-3.010000000000005,No,No,"Eligible only as 48-h pump-volume outcome, not as sufentanil mass",No,"Reservoir contains 2 µg/kg sufentanil in 100 mL; group body weight is unavailable, so solution volume cannot be converted to group mean opioid mass",Table 7 / Figure 9,https://drive.google.com/file/d/1LDqtQLq9-kZLP0Vv_G3iiK8QKjy4pRXP/view?usp=drivesdk,SOURCE-VERIFIED / DOSE NOT RECONSTRUCTABLE,,,,,0,0,,,,
Long 2025,LONG25_TEAS_vs_CTRL_PCIAPRESS48,Perioperative electrical acupoint stimulation,Electrodes/no current,Opioid demand,PCIA compression count,48 h,Mean/SD,30,30,27,26,7.11,2.14,,,,,8.619999999999999,1.84,,,,,presses,0.008,Yes,No,MD,-1.509999999999999,No,No,Eligible as 48-h PCA-demand outcome only,No,Do not translate compression count into delivered sufentanil mass,Table 7 / Figure 9,https://drive.google.com/file/d/1LDqtQLq9-kZLP0Vv_G3iiK8QKjy4pRXP/view?usp=drivesdk,SOURCE-VERIFIED,F-PCA-005,F-PCA,F_PCA_behavior,MATCHED,0,1,High,P3,,7.11±2.14 vs8.62±1.84; P=0.008
Long 2025,LONG25_TEAS_vs_CTRL_PONV,Perioperative electrical acupoint stimulation,Electrodes/no current,PONV,PONV incidence,Postoperative,Events/total,30,30,27,26,,,,,,1,,,,,,8,participants,NR,Yes,No,RR,.1203703703703704,No,No,Eligible for dichotomous PONV analysis using final analyzed denominators,No,Adverse-event percentages elsewhere are internally inconsistent; raw 1/27 vs 8/26 is retained,Adverse events / PONV,https://drive.google.com/file/d/1LDqtQLq9-kZLP0Vv_G3iiK8QKjy4pRXP/view?usp=drivesdk,SOURCE-VERIFIED / PERCENTAGE QC,,,,,0,0,,,,
Long 2025,LONG25_TEAS_vs_CTRL_OPIOID24,Perioperative electrical acupoint stimulation,Electrodes/no current,Opioid consumption,Exact cumulative postoperative sufentanil consumption,0-24 h,Not reported,30,30,27,26,,,,,,,,,,,,,µg sufentanil,,No,No,,,No,No,Not eligible for continuous 24-h opioid/MME meta-analysis,No,24-h PCIA volume/compressions are not reported; even 48-h volume cannot be converted exactly to sufentanil mass without body weight,Exact 24-h opioid endpoint absent,https://drive.google.com/file/d/1LDqtQLq9-kZLP0Vv_G3iiK8QKjy4pRXP/view?usp=drivesdk,MISSING / AUTHOR DATA NEEDED,,,,,0,0,,,,
Li 2021,LI21_TEAS_vs_SHAM_BOWEL,Perioperative TEAS,Sham-point/no current,GI recovery,Time to first bowel motion by auscultation,Postoperative,Median/IQR,154,152,140,140,,,31,18.8,45.3,,,,42,22.1,52.4,,hours,<0.01,Yes,No,,,No,No,Eligible for GI-recovery meta-analysis using median/IQR methods,No,26/306 randomized patients excluded in per-protocol analysis; exclusions include ICU transfer and operation cancellation,Primary outcome / first bowel motion,https://drive.google.com/file/d/1NvcLlsb17N6EMhtHs_L_WBnf40wsrtRz/view?usp=drivesdk,SOURCE-VERIFIED / ATTRITION QC,,,,,0,0,,,,
Li 2021,LI21_TEAS_vs_SHAM_FLATUS,Perioperative TEAS,Sham-point/no current,GI recovery,Time to first flatus,Postoperative,Median/IQR,154,152,140,140,,,44,26.5,63.9,,,,64,30,70.59999999999999,,hours,<0.01,Yes,No,,,No,No,Eligible for GI-recovery meta-analysis using median/IQR methods,No,Use PP analyzed denominators explicitly; do not fabricate mean/SD,First-flatus result,https://drive.google.com/file/d/1NvcLlsb17N6EMhtHs_L_WBnf40wsrtRz/view?usp=drivesdk,SOURCE-VERIFIED / ATTRITION QC,,,,,0,0,,,,
Li 2021,LI21_TEAS_vs_SHAM_PGD,Perioperative TEAS,Sham-point/no current,GI recovery,Postoperative gastrointestinal dysfunction: no bowel sounds >48 h,Postoperative,Events/total,154,152,140,140,,,,,,26,,,,,,44,participants,NR,Yes,No,RR,.5909090909090909,No,No,Eligible for dichotomous PGD analysis,No,Study-specific PGD definition; majority of events were in colorectal stratum,PGD incidence,https://drive.google.com/file/d/1NvcLlsb17N6EMhtHs_L_WBnf40wsrtRz/view?usp=drivesdk,SOURCE-VERIFIED,,,,,0,0,,,,
Li 2021,LI21_TEAS_vs_SHAM_PAIN6,Perioperative TEAS,Sham-point/no current,Pain,VAS ≥4,6 h,Events/total,154,152,140,140,,,,,,30,,,,,,50,participants,0.008,Yes,No,RR,.6,No,No,Eligible for dichotomous 6-h significant-pain analysis,No,Pain is reported as binary VAS ≥4 rather than continuous score,Postoperative pain table / 6 h,https://drive.google.com/file/d/1NvcLlsb17N6EMhtHs_L_WBnf40wsrtRz/view?usp=drivesdk,SOURCE-VERIFIED,,,,,0,0,,,,
Li 2021,LI21_TEAS_vs_SHAM_OPIOID24,Perioperative TEAS,Sham-point/no current,Opioid consumption,Cumulative postoperative sufentanil consumption,0-24 h,Not reported,154,152,140,140,,,,,,,,,,,,,published pump formulation says 250 mg sufentanil/250 mL,,No,No,,,No,No,Not eligible for continuous 24-h opioid/MME meta-analysis,No,"Printed pump unit is clinically implausible, programming is missing, and actual 24-h delivered dose is not reported; do not silently change mg to µg",Postoperative analgesia pump / exact 24-h endpoint absent,https://drive.google.com/file/d/1NvcLlsb17N6EMhtHs_L_WBnf40wsrtRz/view?usp=drivesdk,MISSING / UNIT + DOSE UNRESOLVED,,,,,0,0,,,,
Liu 2026 (ESD),LIU26ESD_TEAS_vs_SHAM_MODPAIN24,Perioperative TEAS,Sham-point/no current,Pain,Moderate-to-severe pain (NRS ≥4),Within 24 h,Events/total,64,65,58,62,,,,,,22,,,,,,40,participants,0.004,Yes,No,RR,.5879310344827586,No,No,Eligible for dichotomous 24-h moderate-to-severe pain analysis,No,"9/129 randomized participants excluded after randomization, including postoperative bleeding and conversion to laparotomy; no ITT sensitivity analysis",Primary outcome / NRS ≥4 within 24 h,https://drive.google.com/file/d/1Hp7pCBP8iXkGGYVhlFY0BHTeaaM7bhdY/view?usp=drivesdk,SOURCE-VERIFIED / ATTRITION QC,,,,,0,0,,,,
Liu 2026 (ESD),LIU26ESD_TEAS_vs_SHAM_NRS24,Perioperative TEAS,Sham-point/no current,Pain,NRS pain intensity,24 h,Mean/SD,64,65,58,62,1.2,1.3,,,,,2.8,1.9,,,,,NRS 0-10,0.001,Yes,No,MD,-1.6,No,No,Eligible for 24-h pain meta-analysis,No,Active TEAS at maximum tolerated intensity vs sham no current; sensory blinding success was not tested,Serial NRS results / 24 h,https://drive.google.com/file/d/1Hp7pCBP8iXkGGYVhlFY0BHTeaaM7bhdY/view?usp=drivesdk,SOURCE-VERIFIED,,,,,0,0,,,,
Liu 2026 (ESD),LIU26ESD_TEAS_vs_SHAM_ANYMORPH,Perioperative TEAS,Sham-point/no current,Rescue opioid use,Any rescue IV morphine use,Through 48 h,Events/total,64,65,58,62,,,,,,19,,,,,,40,participants,<0.001,Yes,No,RR,.5077586206896552,No,No,Eligible for binary rescue-opioid-use analysis,No,"Morphine was 1 mg IV per administration, but number of administrations and cumulative dose per patient are not reported",Postoperative rescue analgesia,https://drive.google.com/file/d/1Hp7pCBP8iXkGGYVhlFY0BHTeaaM7bhdY/view?usp=drivesdk,SOURCE-VERIFIED,,,,,0,0,,,,
Liu 2026 (ESD),LIU26ESD_TEAS_vs_SHAM_PONV,Perioperative TEAS,Sham-point/no current,PONV,PONV incidence,Postoperative follow-up,Events/total,64,65,58,62,,,,,,4,,,,,,14,participants,Published P/RR internally inconsistent,Yes,No,RR,.3054187192118227,No,No,Eligible using raw event counts with source-statistic QC,No,Published RR/P-value for PONV are internally inconsistent; use raw 4/58 vs 14/62,Postoperative complication table,https://drive.google.com/file/d/1Hp7pCBP8iXkGGYVhlFY0BHTeaaM7bhdY/view?usp=drivesdk,SOURCE-VERIFIED / PUBLISHED EFFECT QC,,,,,0,0,,,,
Liu 2026 (ESD),LIU26ESD_TEAS_vs_SHAM_MORPH24,Perioperative TEAS,Sham-point/no current,Opioid consumption,Cumulative postoperative morphine consumption,0-24 h,Not reported,64,65,58,62,,,,,,,,,,,,,mg IV morphine,,No,No,,,No,No,Not eligible for continuous 24-h morphine/MME meta-analysis without author data,No,"Binary morphine use is reported, but administration counts and cumulative dose are not",Exact 24-h opioid dose absent,https://drive.google.com/file/d/1Hp7pCBP8iXkGGYVhlFY0BHTeaaM7bhdY/view?usp=drivesdk,MISSING / AUTHOR DATA NEEDED,,,,,0,0,,,,
Liu 2021,LIU21_TEAS_vs_CTRL_POCD1,Perioperative TEAS,Electrodes/no current,Neurocognitive,Postoperative cognitive decline (MMSE Z-score ≤ -2),POD1,Events/total,50,50,50,50,,,,,,5,,,,,,11,participants,0.102,Yes,No,RR,.4545454545454546,No,No,Eligible for dichotomous POD1 POCD analysis,No,"Control prose prints 11 cases as 25%, but 11/50 = 22%; preserve count as authoritative",POCD incidence table / POD1,https://drive.google.com/file/d/1TA4BstaUWY3EdQbDNEvvGxF35ekGanrm/view?usp=drivesdk,SOURCE-VERIFIED / PERCENTAGE QC,,,,,0,0,,,,
Liu 2021,LIU21_TEAS_vs_CTRL_VASREST24,Perioperative TEAS,Electrodes/no current,Pain,VAS at rest,24 h,Mean/SD,50,50,50,50,2.52,.505,,,,,2.66,.626,,,,,VAS,0.221,Yes,No,MD,-.1400000000000001,No,No,Eligible for 24-h rest-pain analysis,No,Participant blinding is unclear because active stimulation was maximum tolerated and control received no current,Table 2 / 24-h rest VAS,https://drive.google.com/file/d/1TA4BstaUWY3EdQbDNEvvGxF35ekGanrm/view?usp=drivesdk,SOURCE-VERIFIED,C-002,C,C_rest_pain_~24h,MATCHED,1,0,High,,,2.52±0.505 vs 2.66±0.626; P=0.221
Liu 2021,LIU21_TEAS_vs_CTRL_VASCOUGH24,Perioperative TEAS,Electrodes/no current,Pain,VAS with coughing,24 h,Mean/SD,50,50,50,50,3.2,.571,,,,,3.16,.681,,,,,VAS,0.751,Yes,No,MD,.04,No,No,Eligible for 24-h movement/evoked-pain analysis,No,No evidence of analgesic benefit at 24 h,Table 2 / 24-h coughing VAS,https://drive.google.com/file/d/1TA4BstaUWY3EdQbDNEvvGxF35ekGanrm/view?usp=drivesdk,SOURCE-VERIFIED,,,,,0,0,,,,
Liu 2021,LIU21_TEAS_vs_CTRL_PCAPRESS24,Perioperative TEAS,Electrodes/no current,Opioid demand,PCA pump compressions,0-24 h,Mean/SD,50,50,50,50,17.62,2.687,,,,,17.38,3.801,,,,,presses,0.716,Yes,No,MD,.240000000000002,No,No,Eligible as 24-h PCA-demand outcome only,No,Compressions may represent demands rather than successful boluses; do not convert to sufentanil mass,24-h PCA compression result,https://drive.google.com/file/d/1TA4BstaUWY3EdQbDNEvvGxF35ekGanrm/view?usp=drivesdk,SOURCE-VERIFIED / DOSE NOT RECONSTRUCTABLE,F-PCA-004,F-PCA,F_PCA_behavior,MATCHED,0,1,High,,,17.62±2.687 vs17.38±3.801; P=0.716
Liu 2021,LIU21_TEAS_vs_CTRL_OPIOID24,Perioperative TEAS,Electrodes/no current,Opioid consumption,Cumulative postoperative sufentanil consumption,0-24 h,Not calculable,50,50,50,50,,,,,,,,,,,,,published formulation 0.15 µg/kg in 100 mL,,No,No,,,No,No,Not eligible for continuous 24-h opioid/MME meta-analysis,No,"Published PCA formulation is ambiguous/implausibly low, successful delivered boluses are not reported, and actual cumulative sufentanil is unavailable",Postoperative PCIA section,https://drive.google.com/file/d/1TA4BstaUWY3EdQbDNEvvGxF35ekGanrm/view?usp=drivesdk,MISSING / FORMULATION + DELIVERY UNRESOLVED,,,,,0,0,,,,
Liu 2026 (burn),LIU26BURN_TEAS_vs_SHAM_REMI,Pre-induction TEAS,Placebo/sham TEAS,Intraoperative opioid,Remifentanil consumption,Intraoperative,Median/IQR,44,44,43,43,,,.7,.5,1.1,,,,.9,.65,1.25,,mg remifentanil,0.039,Yes,No,,,No,No,Eligible for intraoperative opioid-sparing analysis using median/IQR methods,No,Abstract gives TEAS 0.65 (0.45-1.00) and control 0.90 (0.67-1.23); master uses Results/Figure 4 values and retains source discrepancy,Results / Figure 4,https://drive.google.com/file/d/1mvekGtHD2JAKCRbIXrvLw1Nz7hbQ1dZ3/view?usp=drivesdk,SOURCE-VERIFIED / ABSTRACT VALUE QC,F-intra-001,F-intra,F_intraop_titrated_requirement,MATCHED,0,0,Some concerns,P1,UNRESOLVED before pooling,0.70 (0.50–1.10) vs0.90 (0.65–1.25); P=0.039
Liu 2026 (burn),LIU26BURN_TEAS_vs_SHAM_PONV24,Pre-induction TEAS,Placebo/sham TEAS,PONV,Nausea-vomiting,Through POD1 / approximately 24 h,Events/total,44,44,43,43,,,,,,7,,,,,,16,participants,Published P=0.011 vs 0.028 conflict,Yes,No,RR,.4375000000000001,No,No,Eligible using raw 7/43 vs 16/43 event counts with P-value QC,No,Two different P-values are printed for the same result,Secondary postoperative outcomes,https://drive.google.com/file/d/1mvekGtHD2JAKCRbIXrvLw1Nz7hbQ1dZ3/view?usp=drivesdk,SOURCE-VERIFIED / P-VALUE CONFLICT,,,,,0,0,,,,
Liu 2026 (burn),LIU26BURN_TEAS_vs_SHAM_RESCUE,Pre-induction TEAS,Placebo/sham TEAS,Rescue opioid use,Any rescue dezocine use,Through POD1,Events/total,44,44,43,43,,,,,,3,,,,,,8,participants,Table P=0.106; prose P=0.430,Yes,No,RR,.375,No,No,Eligible for binary rescue-opioid-use analysis with source-statistic QC,No,All rescue users received one 5-mg IM dezocine dose; no repeat rescue doses were required,Rescue analgesia,https://drive.google.com/file/d/1mvekGtHD2JAKCRbIXrvLw1Nz7hbQ1dZ3/view?usp=drivesdk,SOURCE-VERIFIED / P-VALUE CONFLICT,F-rescue-opioid-008,F-rescue-opioid,F_rescue_opioid,MATCHED,0,0,Some concerns,P1,UNRESOLVED P-value,3/43 vs8/43
Liu 2026 (burn),LIU26BURN_TEAS_vs_SHAM_FVAS24,Pre-induction TEAS,Placebo/sham TEAS,Pain,Resting F-VAS pain,24 h,Graph-only continuous data,44,44,43,43,,,,,,,,,,,,,F-VAS 0-100 mm,0.039,No,No,,,No,No,Not ready for continuous pain meta-analysis without formal graph digitization or author data,No,Exact means/SDs are figure-only; do not infer numeric values from bar heights,Figure 5 / F3 24 h,https://drive.google.com/file/d/1mvekGtHD2JAKCRbIXrvLw1Nz7hbQ1dZ3/view?usp=drivesdk,FIGURE ONLY / DIGITIZATION NEEDED,,,,,0,0,,,,
Liu 2026 (burn),LIU26BURN_TEAS_vs_SHAM_OPIOID24,Pre-induction TEAS,Placebo/sham TEAS,Opioid consumption,Complete postoperative opioid/MME exposure,0-24 h,Not calculable,44,44,43,43,,,,,,,,,,,,,sufentanil + butorphanol PCIA; rescue dezocine,,No,No,,,No,No,Not eligible for continuous 24-h opioid/MME meta-analysis,No,"PCIA composition is known but bolus volume, basal rate, delivered-volume and successful-delivery counts are not; two opioids are present in the pump",Postoperative PCIA section,https://drive.google.com/file/d/1mvekGtHD2JAKCRbIXrvLw1Nz7hbQ1dZ3/view?usp=drivesdk,MISSING / COMBINED OPIOID EXPOSURE NOT CALCULABLE,,,,,0,0,,,,
Liu 2025,LIU25_EA_vs_CTRL_SVT24,Perioperative electroacupuncture,Control/sham procedure,Cardiac rhythm,New-onset supraventricular tachycardia (SVT),First 24 h,Events/total,40,40,38,39,,,,,,4,,,,,,13,participants,0.02,Yes,No,RR,.3157894736842105,No,No,Eligible for dichotomous 24-h SVT analysis,No,Three randomized participants discontinued after randomization; preserve analyzed denominators 38 and 39,Primary outcome / first-24-h SVT,https://drive.google.com/file/d/1SHBSKFaeE4G3PXTGVMm7TR8L0H9EgtsD/view?usp=drivesdk,SOURCE-VERIFIED / ATTRITION QC,,,,,0,0,,,,
Liu 2025,LIU25_EA_vs_CTRL_TSTN1,Perioperative electroacupuncture,Control/sham procedure,Sleep quality,Total sleep time measured by ambulatory sleep recorder,First postoperative night,Median/IQR,40,40,38,39,,,209.5,73.8,261.5,,,,119,48,193,,minutes,0.02,Yes,No,,,No,No,Eligible for objective postoperative sleep-duration analysis using median/IQR methods,No,Objective sleep-recorder endpoint; control electrical-current status is not completely clear in the publication,Objective sleep monitoring / first night,https://drive.google.com/file/d/1SHBSKFaeE4G3PXTGVMm7TR8L0H9EgtsD/view?usp=drivesdk,SOURCE-VERIFIED,,,,,0,0,,,,
Liu 2025,LIU25_EA_vs_CTRL_PAIN24,Perioperative electroacupuncture,Control/sham procedure,Pain,VAS pain intensity,24 h,Graph-only continuous data,40,40,38,39,,,,,,,,,,,,,VAS 0-10,Between-group difference not significant,No,No,,,No,No,Not ready for continuous 24-h pain pooling without formal digitization or author data,No,"Figure shows approximately 2/10 in both groups, but exact means/SDs are not numerically reported",Figure 2 / 24-h pain,https://drive.google.com/file/d/1SHBSKFaeE4G3PXTGVMm7TR8L0H9EgtsD/view?usp=drivesdk,FIGURE ONLY / DIGITIZATION NEEDED,,,,,0,0,,,,
Liu 2025,LIU25_EA_vs_CTRL_OPIOID24,Perioperative electroacupuncture,Control/sham procedure,Opioid consumption,Exact cumulative postoperative opioid consumption,0-24 h,Not reported,40,40,38,39,,,,,,,,,,,,,mg/µg,,No,No,,,No,No,Not eligible for continuous 24-h opioid/MME meta-analysis,No,No source-grounded exact 0-24-h postoperative opioid total is available in the reconciled extraction,Exact 24-h opioid endpoint absent,https://drive.google.com/file/d/1SHBSKFaeE4G3PXTGVMm7TR8L0H9EgtsD/view?usp=drivesdk,MISSING / NOT REPORTED,,,,,0,0,,,,
Li 2022,LI22_EA_vs_SHAM_NRS24,Preoperative electroacupuncture,Sham electroacupuncture,Pain,Postoperative NRS pain,24 h,Median/IQR,40,40,39,40,,,1.5,1,3,,,,1.6,1,3,,NRS 0-10,0.223,Yes,No,,,No,No,Eligible for 24-h pain analysis using median/IQR methods,No,One randomized participant was not included in the final EA analysis; the 24-h pain difference is not significant,24-h postoperative NRS,https://drive.google.com/file/d/1rQTrwnCvj72poJrGGvYjpxSZXvUhSD0u/view?usp=drivesdk,SOURCE-VERIFIED / ATTRITION QC,,,,,0,0,,,,
Li 2022,LI22_EA_vs_SHAM_MPT24,Preoperative electroacupuncture,Sham electroacupuncture,Experimental pain,Mechanical pain threshold around surgical incision,24 h,Source-reported direction; exact value not promoted,40,40,39,40,,,,,,,,,,,,,mechanical threshold,No significant between-group difference at 24 h,Yes,No,,,No,No,Do not use as a continuous meta-analysis value without the exact source table/figure numbers,No,"EA advantage was reported at 30 min and 6 h, not at 24 or 48 h; the earlier stored RoB fabricated a significant 24-h result",Mechanical-threshold longitudinal result,https://drive.google.com/file/d/1rQTrwnCvj72poJrGGvYjpxSZXvUhSD0u/view?usp=drivesdk,SOURCE-VERIFIED / NO 24H BENEFIT,,,,,0,0,,,,
Li 2022,LI22_EA_vs_SHAM_OPIOID24,Preoperative electroacupuncture,Sham electroacupuncture,Opioid consumption,Exact cumulative postoperative opioid consumption,0-24 h,Not reported,40,40,39,40,,,,,,,,,,,,,mg/µg,,No,No,,,No,No,Not eligible for continuous 24-h opioid/MME meta-analysis,No,The prior derivative's 24-h sufentanil result was fabricated; no source-grounded exact 24-h postoperative opioid total is available,Exact 24-h opioid endpoint absent,https://drive.google.com/file/d/1rQTrwnCvj72poJrGGvYjpxSZXvUhSD0u/view?usp=drivesdk,MISSING / NOT REPORTED,,,,,0,0,,,,
Liang 2021,LIANG21_TEAS_vs_CTRL_CRBD_END,Preoperative TEAS,Control/no stimulation,Catheter-related bladder discomfort,CRBD incidence,End of surgery,Events/total,38,37,35,35,,,,,,9,,,,,,28,participants,NR,Yes,No,RR,.3214285714285714,No,No,Eligible for CRBD analysis at the matching timepoint,No,75 randomized but only 70 analyzed; preserve 35/35 outcome denominators. The stored 6-h CRBD endpoint does not exist in the source,CRBD incidence table,https://drive.google.com/file/d/1guriAcqNbJNXpfd_UjYwevULLVSeiHXS/view?usp=drivesdk,SOURCE-VERIFIED / ATTRITION QC,,,,,0,0,,,,
Liang 2021,LIANG21_TEAS_vs_CTRL_CRBD_PACU,Preoperative TEAS,Control/no stimulation,Catheter-related bladder discomfort,CRBD incidence,PACU discharge,Events/total,38,37,35,35,,,,,,20,,,,,,28,participants,NR,Yes,No,RR,.7142857142857142,No,No,Eligible for CRBD analysis at the matching timepoint,No,75 randomized but only 70 analyzed; preserve 35/35 outcome denominators. The stored 6-h CRBD endpoint does not exist in the source,CRBD incidence table,https://drive.google.com/file/d/1guriAcqNbJNXpfd_UjYwevULLVSeiHXS/view?usp=drivesdk,SOURCE-VERIFIED / ATTRITION QC,,,,,0,0,,,,
Liang 2021,LIANG21_TEAS_vs_CTRL_CRBD24,Preoperative TEAS,Control/no stimulation,Catheter-related bladder discomfort,CRBD incidence,24 h,Events/total,38,37,35,35,,,,,,7,,,,,,31,participants,<0.05,Yes,No,RR,.2258064516129032,No,No,Eligible for CRBD analysis at the matching timepoint,No,75 randomized but only 70 analyzed; preserve 35/35 outcome denominators. The stored 6-h CRBD endpoint does not exist in the source,CRBD incidence table,https://drive.google.com/file/d/1guriAcqNbJNXpfd_UjYwevULLVSeiHXS/view?usp=drivesdk,SOURCE-VERIFIED / ATTRITION QC,,,,,0,0,,,,
Liang 2021,LIANG21_TEAS_vs_CTRL_CRBD48,Preoperative TEAS,Control/no stimulation,Catheter-related bladder discomfort,CRBD incidence,48 h,Events/total,38,37,35,35,,,,,,4,,,,,,19,participants,<0.05,Yes,No,RR,.2105263157894737,No,No,Eligible for CRBD analysis at the matching timepoint,No,75 randomized but only 70 analyzed; preserve 35/35 outcome denominators. The stored 6-h CRBD endpoint does not exist in the source,CRBD incidence table,https://drive.google.com/file/d/1guriAcqNbJNXpfd_UjYwevULLVSeiHXS/view?usp=drivesdk,SOURCE-VERIFIED / ATTRITION QC,,,,,0,0,,,,
Liang 2021,LIANG21_TEAS_vs_CTRL_OPIOID24,Preoperative TEAS,Control/no stimulation,Opioid consumption,Exact cumulative postoperative opioid consumption,0-24 h,Not reported,38,37,35,35,,,,,,,,,,,,,mg/µg,,No,No,,,No,No,Not eligible for continuous 24-h opioid/MME meta-analysis,No,The source trial focuses on CRBD; no source-grounded exact cumulative 24-h opioid endpoint is available,Exact 24-h opioid endpoint absent,https://drive.google.com/file/d/1guriAcqNbJNXpfd_UjYwevULLVSeiHXS/view?usp=drivesdk,MISSING / NOT REPORTED,,,,,0,0,,,,
Lee 2011,LEE11_LOW_vs_SHAM_MORPH24,Low-frequency dense-sparse SSP,Sham SSP,Opioid consumption,Cumulative IV PCA morphine delivered,First 24 postoperative hours,Mean/SD,12,12,10,12,29.29,8.890000000000001,,,,,34.2,6.4,,,,,mg IV morphine,Pairwise significance not clearly reported,Yes,No,MD,-4.910000000000004,Yes,Yes,Eligible for 24-h opioid analysis; shared sham comparator requires multi-arm handling,Yes,Two of 12 low-frequency participants discontinued because they could not complete VAS; publication analyzed 47/49 with no ITT,Table 8 / total morphine delivered,https://drive.google.com/file/d/1kQDSBtx3OpFOsim5oUMwhpfHOqaMy8Q9/view?usp=drivesdk,SOURCE-VERIFIED / MULTI-ARM + ATTRITION QC,F-postop-dose-002,F-postop-dose,F_postop_delivered_dose_or_solution,MATCHED,1,0,Some concerns,P2,,Sham34.20±6.40; high31.14±8.15; low29.29±8.89 mg
Lee 2011,LEE11_HIGH_vs_SHAM_MORPH24,100-Hz SSP,Sham SSP,Opioid consumption,Cumulative IV PCA morphine delivered,First 24 postoperative hours,Mean/SD,12,12,12,12,31.14,8.15,,,,,34.2,6.4,,,,,mg IV morphine,Pairwise significance not clearly reported,Yes,No,MD,-3.060000000000002,Yes,Yes,Eligible for 24-h opioid analysis; shared sham comparator requires multi-arm handling,Yes,Four-arm RCT; do not reconstruct total dose by summing interval means,Table 8 / total morphine delivered,https://drive.google.com/file/d/1kQDSBtx3OpFOsim5oUMwhpfHOqaMy8Q9/view?usp=drivesdk,SOURCE-VERIFIED,F-postop-dose-002,F-postop-dose,F_postop_delivered_dose_or_solution,MATCHED,1,0,Some concerns,P2,,Sham34.20±6.40; high31.14±8.15; low29.29±8.89 mg
Lee 2011,LEE11_LOW_vs_CONTROL_MORPH24,Low-frequency dense-sparse SSP,Untreated control,Opioid consumption,Cumulative IV PCA morphine delivered,First 24 postoperative hours,Mean/SD,12,13,10,13,29.29,8.890000000000001,,,,,38.63,11.08,,,,,mg IV morphine,Authors report significant post-hoc difference,Yes,No,MD,-9.340000000000003,Yes,Yes,Eligible for active-vs-usual-care 24-h opioid analysis,Yes,This is not the sham-controlled contrast; keep separate from active-vs-sham synthesis,Table 8 / total morphine delivered,https://drive.google.com/file/d/1kQDSBtx3OpFOsim5oUMwhpfHOqaMy8Q9/view?usp=drivesdk,SOURCE-VERIFIED,,,,,0,0,,,,
Lee 2011,LEE11_LOW_vs_SHAM_VAS24,Low-frequency dense-sparse SSP,Sham SSP,Pain,VAS pain intensity,24 h,Mean/SD,12,12,10,12,1.21,1.31,,,,,2.54,.86,,,,,VAS 0-10,Group 4 significantly different from Groups 1-3,Yes,No,MD,-1.33,No,No,Eligible for 24-h pain analysis with shared-control adjustment,Yes,Rest vs movement not reported; two low-frequency participants excluded because unable to complete VAS,24-h VAS table,https://drive.google.com/file/d/1kQDSBtx3OpFOsim5oUMwhpfHOqaMy8Q9/view?usp=drivesdk,SOURCE-VERIFIED / ATTRITION QC,,,,,0,0,,,,
Jin 2023,JIN23_2HZ_vs_SHAM_NAPC48,2-Hz postoperative EA,Sham nonpenetrating EA/no current,Opioid demand,Cumulative analgesic pump compressions,48 h,Median/IQR,58,58,53,52,,,1,0,3,,,,9,4.3,12,,pump compressions,<0.001 vs sham,Yes,No,,,No,No,Eligible for 48-h PCA-demand analysis; shared sham comparator requires multi-arm handling,Yes,174 randomized but outcome tables use only 158 completers; dropout reasons include 'unsatisfactory effects' despite ITT terminology,Primary outcome / Table 3,https://drive.google.com/file/d/1fkNAFra0gZ9jkWkzp_S0TWy-5zVrXCtj/view?usp=drivesdk,SOURCE-VERIFIED / COMPLETE-CASE + MULTI-ARM QC,F-PCA-007,F-PCA,F_PCA_behavior,MATCHED,0,1,Some concerns,,,"Sham9.0 (4.3–12.0), 2Hz1.0 (0–3.0),20/100Hz1.0 (0–4.5)"
Jin 2023,JIN23_20100_vs_SHAM_NAPC48,20/100-Hz postoperative EA,Sham nonpenetrating EA/no current,Opioid demand,Cumulative analgesic pump compressions,48 h,Median/IQR,58,58,53,52,,,1,0,4.5,,,,9,4.3,12,,pump compressions,<0.001 vs sham,Yes,No,,,No,No,Eligible for 48-h PCA-demand analysis; shared sham comparator requires multi-arm handling,Yes,174 randomized but outcome tables use only 158 completers; dropout reasons include 'unsatisfactory effects' despite ITT terminology,Primary outcome / Table 3,https://drive.google.com/file/d/1fkNAFra0gZ9jkWkzp_S0TWy-5zVrXCtj/view?usp=drivesdk,SOURCE-VERIFIED / COMPLETE-CASE + MULTI-ARM QC,F-PCA-007,F-PCA,F_PCA_behavior,MATCHED,0,1,Some concerns,,,"Sham9.0 (4.3–12.0), 2Hz1.0 (0–3.0),20/100Hz1.0 (0–4.5)"
Jin 2023,JIN23_2HZ_vs_SHAM_VOL24,2-Hz postoperative EA,Sham nonpenetrating EA/no current,Opioid consumption,Published 'fentanyl consumption' / PCIA solution volume,24 h,Mean/SD,58,58,53,52,39.31,15.58,,,,,56.54,12.5,,,,,mL PCIA solution,<0.001 overall; pairwise P<0.001 (2 Hz) / 0.001 (20/100 Hz),Yes,No,MD,-17.23,Yes,No,Raw 24-h solution-volume endpoint is usable; not eligible as fentanyl mass/MME until concentration is obtained,Yes,Main article does not report fentanyl concentration. Do not convert mL to µg/mg/MME. 2-Hz vs 20/100-Hz inferential statistics conflict between table and prose,Table 3 / 24-h 'fentanyl consumption',https://drive.google.com/file/d/1fkNAFra0gZ9jkWkzp_S0TWy-5zVrXCtj/view?usp=drivesdk,SOURCE-VERIFIED / CONCENTRATION + MULTIPLICITY QC,,,,,0,0,,,,
Jin 2023,JIN23_20100_vs_SHAM_VOL24,20/100-Hz postoperative EA,Sham nonpenetrating EA/no current,Opioid consumption,Published 'fentanyl consumption' / PCIA solution volume,24 h,Mean/SD,58,58,53,52,45.72,16.92,,,,,56.54,12.5,,,,,mL PCIA solution,<0.001 overall; pairwise P<0.001 (2 Hz) / 0.001 (20/100 Hz),Yes,No,MD,-10.82,Yes,No,Raw 24-h solution-volume endpoint is usable; not eligible as fentanyl mass/MME until concentration is obtained,Yes,Main article does not report fentanyl concentration. Do not convert mL to µg/mg/MME. 2-Hz vs 20/100-Hz inferential statistics conflict between table and prose,Table 3 / 24-h 'fentanyl consumption',https://drive.google.com/file/d/1fkNAFra0gZ9jkWkzp_S0TWy-5zVrXCtj/view?usp=drivesdk,SOURCE-VERIFIED / CONCENTRATION + MULTIPLICITY QC,,,,,0,0,,,,
Jin 2023,JIN23_OPIOID24_MASS,Active EA arms,Sham nonpenetrating EA/no current,Opioid consumption,Exact cumulative fentanyl mass / MME,0-24 h,Not calculable,58,58,,,,,,,,,,,,,,,µg fentanyl / MME,,No,No,,,Yes,No,Not eligible for mass-based 24-h opioid/MME meta-analysis until PCIA concentration is recovered,Yes,Only mL of solution are reported in the main article,PCIA formulation absent from main article,https://drive.google.com/file/d/1fkNAFra0gZ9jkWkzp_S0TWy-5zVrXCtj/view?usp=drivesdk,MISSING / SUPPLEMENT NEEDED,,,,,0,0,,,,
Jiang 2026,JIANG26_TEAS_vs_SHAM_FLATUS_PP,Perioperative TEAS,Sham/no current,GI recovery,Time to first flatus,Postoperative,Median/IQR,308,306,294,293,,,21.5,19,23.5,,,,23.5,21,26,,hours,<0.001,Yes,No,,,No,No,Eligible for GI-recovery analysis as per-protocol result; prefer modified-ITT sensitivity where appropriate,No,614 randomized but only 587 in PP. Sex/ASA baseline counts contain internal denominator errors,Primary outcome / PP analysis,https://drive.google.com/file/d/1nujlP9A_IMWUfd3HdCD2rOxTc9-I8v92/view?usp=drivesdk,SOURCE-VERIFIED / PP ATTRITION QC,,,,,0,0,,,,
Jiang 2026,JIANG26_TEAS_vs_SHAM_FLATUS_MITT,Perioperative TEAS,Sham/no current,GI recovery,Time to first flatus,Modified-ITT-type analysis among intervention recipients,Median/IQR,308,306,296,297,,,21.3,19,23.5,,,,23.4,21,26,,hours,<0.001,Yes,No,,,No,No,"Preferred sensitivity result for first flatus, but still excludes 21 randomized non-recipients",No,"Authors call this ITT, but it includes 593 who received allocated intervention, not all 614 randomized; 6 post-treatment missing values were conservatively imputed",Primary outcome / reported ITT analysis,https://drive.google.com/file/d/1nujlP9A_IMWUfd3HdCD2rOxTc9-I8v92/view?usp=drivesdk,SOURCE-VERIFIED / MODIFIED-ITT QC,,,,,0,0,,,,
Jiang 2026,JIANG26_TEAS_vs_SHAM_PONV24,Perioperative TEAS,Sham/no current,PONV,PONV incidence,Within 24 h,Events/total,308,306,294,293,,,,,,44,,,,,,67,participants,0.015,Yes,No,RR,.6544826885978272,No,No,Eligible for dichotomous 24-h PONV analysis using PP denominators,No,Use 44/294 vs 67/293; do not relabel 587 as randomized/ITT,24-h PONV result,https://drive.google.com/file/d/1nujlP9A_IMWUfd3HdCD2rOxTc9-I8v92/view?usp=drivesdk,SOURCE-VERIFIED / PP ATTRITION QC,,,,,0,0,,,,
Jiang 2026,JIANG26_TEAS_vs_SHAM_INTRAOP_REMI,Perioperative TEAS,Sham/no current,Intraoperative opioid,Remifentanil consumption,Intraoperative,Median/IQR,308,306,294,293,,,841.4,593.85,1278,,,,795.2,584,1228.2,,µg remifentanil,0.284,Yes,No,,,No,No,Eligible for intraoperative opioid analysis; no opioid-sparing signal,No,Direct source result; not a postoperative endpoint,Perioperative characteristics table,https://drive.google.com/file/d/1nujlP9A_IMWUfd3HdCD2rOxTc9-I8v92/view?usp=drivesdk,SOURCE-VERIFIED,F-exposure-006,F-exposure,F_intraop_fixed_or_unclear_exposure,MATCHED,0,1,Some concerns,P1,,Remi 841.4 [593.85–1278.0] vs795.2 [584.0–1228.2] μg; sufentanil 21.0 vs21.0 μg
Jiang 2026,JIANG26_TEAS_vs_SHAM_OPIOID24,Perioperative TEAS,Sham/no current,Opioid consumption,Exact cumulative postoperative opioid consumption,0-24 h,Not reported,308,306,294,293,,,,,,,,,,,,,mg/µg,,No,No,,,No,No,Not eligible for continuous 24-h opioid/MME meta-analysis from main publication,No,PCIA use is reported but exact group-specific postoperative dose is not,Postoperative analgesia section,https://drive.google.com/file/d/1nujlP9A_IMWUfd3HdCD2rOxTc9-I8v92/view?usp=drivesdk,MISSING / NOT REPORTED,,,,,0,0,,,,
Huang 2025,HUANG25_EA_vs_UC_FLATUS,Postoperative EA + ERAS,ERAS/standard care,GI recovery,Time to first flatus,Postoperative,Mean/SD,51,50,43,45,36.4,8,,,,,42.2,8.5,,,,,hours,<0.001,Yes,No,MD,-5.800000000000004,No,No,Eligible for GI-recovery meta-analysis,No,13/101 randomized participants excluded after randomization; no sham procedure and patient blinding is not credible for penetrating postoperative EA,Co-primary outcome / first flatus,https://drive.google.com/file/d/1VnJCbIPz8Uy1kXYCTKk7l9Zqj-rTECrY/view?usp=drivesdk,SOURCE-VERIFIED / ATTRITION + BLINDING QC,,,,,0,0,,,,
Huang 2025,HUANG25_EA_vs_UC_DEFEC,Postoperative EA + ERAS,ERAS/standard care,GI recovery,Time to first defecation,Postoperative,Mean/SD,51,50,43,45,46,8,,,,,51.3,9.4,,,,,hours,0.010,Yes,No,MD,-5.299999999999997,No,No,Eligible for GI-recovery meta-analysis,No,Same post-randomization exclusion and no-sham concerns apply,Co-primary outcome / first defecation,https://drive.google.com/file/d/1VnJCbIPz8Uy1kXYCTKk7l9Zqj-rTECrY/view?usp=drivesdk,SOURCE-VERIFIED / ATTRITION + BLINDING QC,,,,,0,0,,,,
Huang 2025,HUANG25_EA_vs_UC_OPIOID24,Postoperative EA + ERAS,ERAS/standard care,Opioid consumption,Exact cumulative postoperative opioid consumption,0-24 h,Not reported,51,50,43,45,,,,,,,,,,,,,mg/µg,,No,No,,,No,No,Not eligible for continuous 24-h opioid/MME meta-analysis,No,"PCA drug/composition and consumption are not reported; rescue analgesia was ketorolac, a non-opioid NSAID",Postoperative analgesia section,https://drive.google.com/file/d/1VnJCbIPz8Uy1kXYCTKk7l9Zqj-rTECrY/view?usp=drivesdk,MISSING / PCA DRUG AND DOSE NR,,,,,0,0,,,,
Huang 2024,HUANG24_CONTRA_vs_SHAM_VASD1,Contralateral EA,Bilateral sham EA,Pain,VAS during walking/knee movement,POD1,Mean/SD,38,38,38,38,53.16,9.99,,,,,56.71,9.84,,,,,VAS 0-100,Adjusted pairwise not significant on Day 1,Yes,No,MD,-3.550000000000004,No,No,Eligible for POD1 movement-pain analysis with shared sham adjustment,Yes,Three-arm trial; 6 did not complete allocated intervention but authors state ITT and follow-up was obtained for all 114,Primary serial VAS / Day 1,https://drive.google.com/file/d/1z-76QoxqmtMRV32wOpem7jAyDnuD6fb8/view?usp=drivesdk,SOURCE-VERIFIED / MULTI-ARM QC,,,,,0,0,,,,
Huang 2024,HUANG24_IPSI_vs_SHAM_VASD1,Ipsilateral EA,Bilateral sham EA,Pain,VAS during walking/knee movement,POD1,Mean/SD,38,38,38,38,53.5,10.79,,,,,56.71,9.84,,,,,VAS 0-100,Adjusted pairwise not significant on Day 1,Yes,No,MD,-3.210000000000001,No,No,Eligible for POD1 movement-pain analysis with shared sham adjustment,Yes,Three-arm trial; 6 did not complete allocated intervention but authors state ITT and follow-up was obtained for all 114,Primary serial VAS / Day 1,https://drive.google.com/file/d/1z-76QoxqmtMRV32wOpem7jAyDnuD6fb8/view?usp=drivesdk,SOURCE-VERIFIED / MULTI-ARM QC,,,,,0,0,,,,
Huang 2024,HUANG24_CONTRA_vs_SHAM_PCA_D2,Contralateral EA,Bilateral sham EA,Opioid demand,Additional PCA dose/release,"POD2; 24 h after first EA session, not necessarily 24 h after surgery",Median/IQR,38,38,38,38,,,0,0,2,,,,2,2,4,,source unit not reported,P<0.001,Yes,No,,,No,No,Eligible only as supplemental PCA-use proxy; not as opioid mass/MME,Yes,"PCA drug, dose per release and outcome unit are not reported; timing is 24 h after first EA rather than explicitly 24 h after surgery",Primary PCA outcome / POD2,https://drive.google.com/file/d/1z-76QoxqmtMRV32wOpem7jAyDnuD6fb8/view?usp=drivesdk,SOURCE-VERIFIED / UNIT + TIMEPOINT QC,F-postop-dose-009,F-postop-dose,F_postop_delivered_dose_or_solution,MATCHED,0,0,Some concerns,P1,UNRESOLVED unit,"0[0–2],2[0–2],2[2–4] across arms"
Huang 2024,HUANG24_OPIOID24,True-EA arms,Bilateral sham EA,Opioid consumption,Exact cumulative postoperative opioid dose,0-24 h,Not calculable,38,38,38,38,,,,,,,,,,,,,MME,,No,No,,,No,No,Not eligible for continuous 24-h opioid/MME meta-analysis,Yes,"PCA drug identity/composition, bolus dose and exact 24-h-after-surgery exposure are unavailable",PCA regimen incomplete,https://drive.google.com/file/d/1z-76QoxqmtMRV32wOpem7jAyDnuD6fb8/view?usp=drivesdk,MISSING / AUTHOR OR SUPPLEMENT DATA NEEDED,,,,,0,0,,,,
Hou 2023,HOU23_TEAS_vs_SHAM_PONV,Perioperative TEAS,Sham/no-current TEAS,PONV,PONV incidence,Postoperative / reported review window,Events/total,37,37,36,36,,,,,,4,,,,,,12,participants,0.023,Yes,No,RR,.3333333333333333,No,No,Eligible for dichotomous PONV analysis,No,Two withdrawals (one/group) for personal reasons; no blinding-success test despite active 6-15 mA vibration vs no current,PONV result,https://drive.google.com/file/d/161WdTRehgwvDHvQ8OkRf8U9TbUmVQgaR/view?usp=drivesdk,SOURCE-VERIFIED,,,,,0,0,,,,
Hou 2023,HOU23_TEAS_vs_SHAM_PAIN_D2,Perioperative TEAS,Sham/no-current TEAS,Pain,VAS-P pain,"D2 = one day after surgery, not exact clock-time 24 h",Median/IQR,37,37,36,36,,,30,30,47.5,,,,55,40,60,,VAS 0-100 mm,0.001,Yes,No,,,No,No,"Eligible for POD1/day-after-surgery pain analysis, not strict clock-time 24-h pooling without protocol allowance",No,D2 is author-defined as one day after surgery; do not silently label it exact 24 h,Postoperative pain / D2,https://drive.google.com/file/d/161WdTRehgwvDHvQ8OkRf8U9TbUmVQgaR/view?usp=drivesdk,SOURCE-VERIFIED / TIMEPOINT QC,,,,,0,0,,,,
Hou 2023,HOU23_TEAS_vs_SHAM_RESCUE,Perioperative TEAS,Sham/no-current TEAS,Rescue analgesia,Any rescue flurbiprofen use,Postoperative,Events/total,37,37,36,36,,,,,,15,,,,,,28,participants,0.002,Yes,No,RR,.5357142857142857,No,No,Eligible for non-opioid rescue-analgesia analysis only,No,"Flurbiprofen is an NSAID, not an opioid",Rescue analgesia,https://drive.google.com/file/d/161WdTRehgwvDHvQ8OkRf8U9TbUmVQgaR/view?usp=drivesdk,SOURCE-VERIFIED,F-rescue-nonopioid-002,F-rescue-nonopioid,F_rescue_nonopioid,MATCHED,0,0,Some concerns,,UNRESOLVED window,15/36 vs28/36; P=0.002
Hou 2023,HOU23_TEAS_vs_SHAM_OPIOID24,Perioperative TEAS,Sham/no-current TEAS,Opioid consumption,Actual total postoperative sufentanil consumption,0-24 h,Not reported,37,37,36,36,,,,,,,,,,,,,µg sufentanil,,No,No,,,Yes,No,Not eligible for continuous 24-h opioid/MME meta-analysis,No,"PCIA concentration and basal/bolus settings are known, but actual bolus use/total delivered sufentanil are not reported; fixed basal exposure is not total consumption",PCIA regimen / consumption absent,https://drive.google.com/file/d/161WdTRehgwvDHvQ8OkRf8U9TbUmVQgaR/view?usp=drivesdk,MISSING / ACTUAL TOTAL NOT REPORTED,,,,,0,0,,,,
Huang 2017,HUANG17_2100_vs_CTRL_REMI,2/100-Hz TEAS,Placebo TEAS/no current,Intraoperative opioid,Total opioid as remifentanil-equivalent rate,Intraoperative,Mean/SD,20,20,20,20,.1128,.034,,,,,.1617,.037,,,,,µg/kg/min remifentanil-equivalent,2/100 vs control P≤0.001,Yes,No,MD,-.0489,No,No,Eligible for intraoperative opioid analysis; shared control requires multi-arm handling,Yes,Four-arm frequency trial; preserve each active frequency separately,Table 2 / intraoperative anesthetic consumption,https://drive.google.com/file/d/1RJGi1PYvw75qVW9UK8CBtJPH4G035ASs/view?usp=drivesdk,SOURCE-VERIFIED,F-intra-004,F-intra,F_intraop_titrated_requirement,MATCHED,0,1,Some concerns,P2,,0.1128±0.034 vs0.1617±0.037 μg/kg/min; P≤0.001
Huang 2017,HUANG17_2HZ_vs_CTRL_REMI,2-Hz TEAS,Placebo TEAS/no current,Intraoperative opioid,Total opioid as remifentanil-equivalent rate,Intraoperative,Mean/SD,20,20,20,20,.1718,.066,,,,,.1617,.037,,,,,µg/kg/min remifentanil-equivalent,NR pairwise vs control,Yes,No,MD,.0101,No,No,Eligible for intraoperative opioid analysis; shared control requires multi-arm handling,Yes,Four-arm frequency trial; preserve each active frequency separately,Table 2 / intraoperative anesthetic consumption,https://drive.google.com/file/d/1RJGi1PYvw75qVW9UK8CBtJPH4G035ASs/view?usp=drivesdk,SOURCE-VERIFIED,,,,,0,0,,,,
Huang 2017,HUANG17_100HZ_vs_CTRL_REMI,100-Hz TEAS,Placebo TEAS/no current,Intraoperative opioid,Total opioid as remifentanil-equivalent rate,Intraoperative,Mean/SD,20,20,20,20,.1451,.036,,,,,.1617,.037,,,,,µg/kg/min remifentanil-equivalent,NR pairwise vs control,Yes,No,MD,-.0166,No,No,Eligible for intraoperative opioid analysis; shared control requires multi-arm handling,Yes,Four-arm frequency trial; preserve each active frequency separately,Table 2 / intraoperative anesthetic consumption,https://drive.google.com/file/d/1RJGi1PYvw75qVW9UK8CBtJPH4G035ASs/view?usp=drivesdk,SOURCE-VERIFIED,,,,,0,0,,,,
Huang 2017,HUANG17_POSTOP_SUF_AGG,2/100-Hz TEAS,Placebo TEAS/no current,Opioid consumption,Published postoperative sufentanil aggregate,Observation window unclear,Mean/SD,20,20,20,20,1.67,.59,,,,,1.32,.48,,,,,µg/kg sufentanil,NS,Yes,No,MD,.3499999999999999,No,No,Not eligible for strict 24-h opioid analysis because the aggregate time window is undefined,Yes,Methods mention 6/12/24/48-h assessments but Table 5 gives only one aggregate dose per group,Table 5 / postoperative analgesic consumption,https://drive.google.com/file/d/1RJGi1PYvw75qVW9UK8CBtJPH4G035ASs/view?usp=drivesdk,SOURCE-VERIFIED / WINDOW UNRESOLVED,,,,,0,0,,,,
Huang 2017,HUANG17_OPIOID24,Active TEAS frequency arms,Placebo TEAS/no current,Opioid consumption,Exact cumulative postoperative sufentanil consumption,0-24 h,Not reported,20,20,20,20,,,,,,,,,,,,,µg/kg sufentanil,,No,No,,,No,No,Not eligible for continuous 24-h opioid/MME meta-analysis,Yes,Exact 24-h group values and PCA demand/delivery counts are not published,Exact 24-h postoperative endpoint absent,https://drive.google.com/file/d/1RJGi1PYvw75qVW9UK8CBtJPH4G035ASs/view?usp=drivesdk,MISSING / AUTHOR DATA NEEDED,,,,,0,0,,,,
He 2026 (hepatectomy/JIS),HEJIS26_TEAS_vs_CTRL_MME24,Intraoperative PC6 TEAS,No-current PC6 control,Opioid consumption,Total postoperative opioid consumption in morphine equivalents,0-24 h,Mean/SD,81,80,80,79,20,2.5,,,,,20.6,4.5,,,,,mg MME,0.30,Yes,No,MD,-.6000000000000014,Yes,Yes,Primary continuous 24-h opioid endpoint,No,Supplemental eTable 1 directly reports MME; mITT excludes one canceled surgery and one consent withdrawal after randomization,"Supplemental Material 2, eTable 1",https://drive.google.com/file/d/1VgOxIOrGe7ZVevkKEVP7G-0V1DXPU0Gf/view?usp=drivesdk,SOURCE-VERIFIED,,,,,0,0,,,,
He 2026 (hepatectomy/JIS),HEJIS26_TEAS_vs_CTRL_PONV24,Intraoperative PC6 TEAS,No-current PC6 control,PONV,PONV incidence,0-24 h,Events/total,81,80,80,79,,,,,,19,,,,,,21,participants,0.68,Yes,No,RR,.893452380952381,No,No,Eligible for dichotomous 24-h PONV analysis,No,Primary trial outcome; no meaningful between-group difference,Primary PONV outcome / mITT,https://drive.google.com/file/d/1VgOxIOrGe7ZVevkKEVP7G-0V1DXPU0Gf/view?usp=drivesdk,SOURCE-VERIFIED,,,,,0,0,,,,
He 2026 (hepatectomy/JIS),HEJIS26_TEAS_vs_CTRL_PCAATT24,Intraoperative PC6 TEAS,No-current PC6 control,Opioid demand,PCA attempts,24 h,Mean/SD,81,80,80,79,2.7,3.3,,,,,3.5,6.1,,,,,attempts,0.02,Yes,No,MD,-.7999999999999998,No,No,Eligible as 24-h PCA-demand outcome,No,Fewer attempts despite no difference in total MME,Supplemental/secondary outcome,https://drive.google.com/file/d/1VgOxIOrGe7ZVevkKEVP7G-0V1DXPU0Gf/view?usp=drivesdk,SOURCE-VERIFIED,F-PCA-002,F-PCA,F_PCA_behavior,NORMALIZED_V22,0,1,Some concerns,P1,,2.7±3.3 /2.6±3.3 vs3.5±6.1 /3.5±6.0
He 2026 (breast/WJCO),HEBREAST26_EA_vs_SHAM_MODMOV24,Perioperative EA + flurbiprofen,Sham acupuncture + flurbiprofen,Pain,Moderate-to-severe movement-evoked pain (VAS >4),24 h,Events/total,65,65,65,65,,,,,,32,,,,,,42,participants,<0.05,Yes,No,RR,.7619047619047619,No,No,Eligible for dichotomous 24-h movement-pain analysis,No,"All 130 analyzed; participant masking intended with shallow sham puncture, but sensory differences were possible",Primary outcome / 24-h movement pain,https://drive.google.com/file/d/1D6Js5nTN2AwL5-BB-NIJVoCKVtcbcczH/view?usp=drivesdk,SOURCE-VERIFIED,,,,,0,0,,,,
He 2026 (breast/WJCO),HEBREAST26_EA_vs_SHAM_VASMOV24,Perioperative EA + flurbiprofen,Sham acupuncture + flurbiprofen,Pain,Movement VAS,24 h,Mean/SD,65,65,65,65,2.862,.233,,,,,3.954,.233,,,,,VAS,<0.01,Yes,No,MD,-1.092,No,No,Eligible for 24-h movement-pain meta-analysis,No,"Article labels values mean±SD, but identical very small dispersions across arms/timepoints warrant source-verification caution",Postoperative VAS table,https://drive.google.com/file/d/1D6Js5nTN2AwL5-BB-NIJVoCKVtcbcczH/view?usp=drivesdk,SOURCE-VERIFIED / DISPERSION QC,,,,,0,0,,,,
He 2026 (breast/WJCO),HEBREAST26_EA_vs_SHAM_VASREST24,Perioperative EA + flurbiprofen,Sham acupuncture + flurbiprofen,Pain,Resting VAS,24 h,Mean/SD,65,65,65,65,1.789,.174,,,,,2.692,.174,,,,,VAS,<0.01,Yes,No,MD,-.9030000000000002,No,No,Eligible for 24-h rest-pain meta-analysis,No,Same dispersion-format caution as movement VAS,Postoperative VAS table,https://drive.google.com/file/d/1D6Js5nTN2AwL5-BB-NIJVoCKVtcbcczH/view?usp=drivesdk,SOURCE-VERIFIED / DISPERSION QC,,,,,0,0,,,,
He 2026 (breast/WJCO),HEBREAST26_OPIOID24,Perioperative EA + flurbiprofen,Sham acupuncture + flurbiprofen,Opioid consumption,Cumulative rescue morphine consumption,0-24 h,Not reported,65,65,65,65,,,,,,,,,,,,,mg IV morphine,,No,No,,,No,No,Not eligible for continuous 24-h opioid/MME meta-analysis,No,"Rescue morphine 1-3 mg IV was allowed, but authors explicitly state rescue opioid consumption was not recorded or compared",Postoperative analgesia limitation,https://drive.google.com/file/d/1D6Js5nTN2AwL5-BB-NIJVoCKVtcbcczH/view?usp=drivesdk,MISSING / NOT RECORDED,,,,,0,0,,,,
Gu 2019,GU19_LTEAS_vs_CTEAS_VAS24,Long-duration TEAS,Sham/no-current TEAS,Pain,VAS pain intensity,24 h,Mean/SD,60,60,58,59,1.98,.39,,,,,2.72,.73,,,,,VAS 0-10,<0.05,Yes,No,MD,-.7400000000000002,No,No,Eligible for 24-h pain analysis,No,Three randomized patients excluded; active 5-30 mA stimulation vs sham no current with no blinding-success assessment,Figure 3 / 24-h VAS,https://drive.google.com/file/d/1ipQFXfERgAVmgNKMpLkvaaecYJVSTDiw/view?usp=drivesdk,SOURCE-VERIFIED / ATTRITION + BLINDING QC,,,,,0,0,,,,
Gu 2019,GU19_LTEAS_vs_CTEAS_BOWEL,Long-duration TEAS,Sham/no-current TEAS,GI recovery,Time to first bowel sounds,Postoperative,Mean/SD,60,60,58,59,19.69,7.61,,,,,26.58,7.43,,,,,hours,0.01,Yes,No,MD,-6.889999999999997,No,No,Eligible for GI-recovery analysis,No,First flatus/defecation were patient self-recorded; bowel sounds were nurse-assessed,GI recovery table,https://drive.google.com/file/d/1ipQFXfERgAVmgNKMpLkvaaecYJVSTDiw/view?usp=drivesdk,SOURCE-VERIFIED / ATTRITION QC,,,,,0,0,,,,
Gu 2019,GU19_LTEAS_vs_CTEAS_FLATUS,Long-duration TEAS,Sham/no-current TEAS,GI recovery,Time to first flatus,Postoperative,Mean/SD,60,60,58,59,36.58,10.75,,,,,43.56,9.57,,,,,hours,0.03,Yes,No,MD,-6.980000000000004,No,No,Eligible for GI-recovery analysis,No,First flatus/defecation were patient self-recorded; bowel sounds were nurse-assessed,GI recovery table,https://drive.google.com/file/d/1ipQFXfERgAVmgNKMpLkvaaecYJVSTDiw/view?usp=drivesdk,SOURCE-VERIFIED / ATTRITION QC,,,,,0,0,,,,
Gu 2019,GU19_LTEAS_vs_CTEAS_DEFEC,Long-duration TEAS,Sham/no-current TEAS,GI recovery,Time to first defecation,Postoperative,Mean/SD,60,60,58,59,71.48,20.62,,,,,77.27,22.67,,,,,hours,0.04,Yes,No,MD,-5.789999999999992,No,No,Eligible for GI-recovery analysis,No,First flatus/defecation were patient self-recorded; bowel sounds were nurse-assessed,GI recovery table,https://drive.google.com/file/d/1ipQFXfERgAVmgNKMpLkvaaecYJVSTDiw/view?usp=drivesdk,SOURCE-VERIFIED / ATTRITION QC,,,,,0,0,,,,
Gu 2019,GU19_LTEAS_vs_CTEAS_PCIA4,Long-duration TEAS,Sham/no-current TEAS,Opioid consumption,Cumulative multimodal PCIA solution consumed,4 h,Mean/SD,60,60,58,59,10.02,2.26,,,,,13.38,2.98,,,,,mL solution = numerically same µg sufentanil at 1 µg/mL,<0.05,Yes,Yes,MD,-3.360000000000001,No,No,Usable as PCIA-volume/sufentanil-delivery proxy at stated time only,No,"Pump also contains dexmedetomidine, flurbiprofen and palonosetron; exact 24-h value is graph-only",Figure 4 / 4 h cumulative PCIA,https://drive.google.com/file/d/1ipQFXfERgAVmgNKMpLkvaaecYJVSTDiw/view?usp=drivesdk,SOURCE-VERIFIED / MULTIMODAL PCIA,F-postop-dose-008,F-postop-dose,F_postop_delivered_dose_or_solution,MATCHED,0,0,Some concerns,P1,,4h10.02±2.26 vs13.38±2.98;8h20.55±4.59 vs24.63±3.94;36h72.64±9.74 vs76.01±10.43 mL
Gu 2019,GU19_LTEAS_vs_CTEAS_PCIA8,Long-duration TEAS,Sham/no-current TEAS,Opioid consumption,Cumulative multimodal PCIA solution consumed,8 h,Mean/SD,60,60,58,59,20.55,4.59,,,,,24.63,3.94,,,,,mL solution = numerically same µg sufentanil at 1 µg/mL,<0.05,Yes,Yes,MD,-4.079999999999998,No,No,Usable as PCIA-volume/sufentanil-delivery proxy at stated time only,No,"Pump also contains dexmedetomidine, flurbiprofen and palonosetron; exact 24-h value is graph-only",Figure 4 / 8 h cumulative PCIA,https://drive.google.com/file/d/1ipQFXfERgAVmgNKMpLkvaaecYJVSTDiw/view?usp=drivesdk,SOURCE-VERIFIED / MULTIMODAL PCIA,F-postop-dose-008,F-postop-dose,F_postop_delivered_dose_or_solution,MATCHED,0,0,Some concerns,P1,,4h10.02±2.26 vs13.38±2.98;8h20.55±4.59 vs24.63±3.94;36h72.64±9.74 vs76.01±10.43 mL
Gu 2019,GU19_LTEAS_vs_CTEAS_PCIA36,Long-duration TEAS,Sham/no-current TEAS,Opioid consumption,Cumulative multimodal PCIA solution consumed,36 h,Mean/SD,60,60,58,59,72.64,9.74,,,,,76.01000000000001,10.43,,,,,mL solution = numerically same µg sufentanil at 1 µg/mL,<0.05,Yes,Yes,MD,-3.370000000000005,No,No,Usable as PCIA-volume/sufentanil-delivery proxy at stated time only,No,"Pump also contains dexmedetomidine, flurbiprofen and palonosetron; exact 24-h value is graph-only",Figure 4 / 36 h cumulative PCIA,https://drive.google.com/file/d/1ipQFXfERgAVmgNKMpLkvaaecYJVSTDiw/view?usp=drivesdk,SOURCE-VERIFIED / MULTIMODAL PCIA,F-postop-dose-008,F-postop-dose,F_postop_delivered_dose_or_solution,MATCHED,0,0,Some concerns,P1,,4h10.02±2.26 vs13.38±2.98;8h20.55±4.59 vs24.63±3.94;36h72.64±9.74 vs76.01±10.43 mL
Gu 2019,GU19_OPIOID24,Long-duration TEAS,Sham/no-current TEAS,Opioid consumption,Exact cumulative 24-h postoperative sufentanil,0-24 h,Graph-only / not numerically reported,60,60,58,59,,,,,,,,,,,,,µg sufentanil,,No,No,,,Yes,No,Not meta-analysis-ready without graph digitization or author data,No,24-h PCIA point is visible graphically but not numerically reported,Figure 4 / 24-h point,https://drive.google.com/file/d/1ipQFXfERgAVmgNKMpLkvaaecYJVSTDiw/view?usp=drivesdk,FIGURE ONLY / DIGITIZATION NEEDED,,,,,0,0,,,,
Guo 2023,GUO23_TEAS_vs_SHAM_POCD1,Perioperative TEAS,Sham/no-current TEAS,Neurocognitive,Postoperative cognitive dysfunction (MoCA decline ≥1 SD),POD1,Events/total,64,64,55,55,,,,,,11,,,,,,36,participants,<0.001,Percentages reported; counts derived from n=55 completers,Yes,RR,.3055555555555556,No,No,Eligible only as complete-case POCD result; attrition sensitivity needed,No,"18/128 randomized participants excluded from analysis, including conversions, repeat surgery, refusal and deaths",Primary POCD result,https://drive.google.com/file/d/1Idfl7rfZhgAUJHDpsmgzp17ADiGvrU8C/view?usp=drivesdk,SOURCE-VERIFIED / COUNTS DERIVED + HIGH ATTRITION,,,,,0,0,,,,
Guo 2023,GUO23_TEAS_vs_SHAM_POCD7,Perioperative TEAS,Sham/no-current TEAS,Neurocognitive,Postoperative cognitive dysfunction (MoCA decline ≥1 SD),POD7,Events/total,64,64,55,55,,,,,,4,,,,,,24,participants,<0.001,Percentages reported; counts derived from n=55 completers,Yes,RR,.1666666666666667,No,No,Eligible only as complete-case POCD result; attrition sensitivity needed,No,"18/128 randomized participants excluded from analysis, including conversions, repeat surgery, refusal and deaths",Primary POCD result,https://drive.google.com/file/d/1Idfl7rfZhgAUJHDpsmgzp17ADiGvrU8C/view?usp=drivesdk,SOURCE-VERIFIED / COUNTS DERIVED + HIGH ATTRITION,,,,,0,0,,,,
Guo 2023,GUO23_TEAS_vs_SHAM_POCD30,Perioperative TEAS,Sham/no-current TEAS,Neurocognitive,Postoperative cognitive dysfunction (MoCA decline ≥1 SD),POD30,Events/total,64,64,55,55,,,,,,2,,,,,,22,participants,<0.001,Percentages reported; counts derived from n=55 completers,Yes,RR,.0909090909090909,No,No,Eligible only as complete-case POCD result; attrition sensitivity needed,No,"18/128 randomized participants excluded from analysis, including conversions, repeat surgery, refusal and deaths",Primary POCD result,https://drive.google.com/file/d/1Idfl7rfZhgAUJHDpsmgzp17ADiGvrU8C/view?usp=drivesdk,SOURCE-VERIFIED / COUNTS DERIVED + HIGH ATTRITION,,,,,0,0,,,,
Guo 2023,GUO23_TEAS_vs_SHAM_REMI,Perioperative TEAS,Sham/no-current TEAS,Intraoperative opioid,Remifentanil consumption,Intraoperative,Mean/SD,64,64,55,55,.87,.3,,,,,1.01,.39,,,,,mg remifentanil,0.040,Yes,No,MD,-.14,No,No,Eligible for intraoperative opioid-sparing analysis,No,Complete-case n=55/group,Perioperative anesthetic table,https://drive.google.com/file/d/1Idfl7rfZhgAUJHDpsmgzp17ADiGvrU8C/view?usp=drivesdk,SOURCE-VERIFIED,F-intra-010,F-intra,F_intraop_titrated_requirement,MATCHED,0,1,Some concerns,,,0.87±0.30 vs1.01±0.39 mg; P=0.040
Guo 2023,GUO23_PAINPOD1,Perioperative TEAS,Sham/no-current TEAS,Pain,NRS pain intensity,POD1,Graph-only continuous data,64,64,55,55,,,,,,,,,,,,,NRS,<0.001,No,No,,,No,No,Not ready for continuous pooling without digitization/author data,No,Exact means/SDs are figure-only,Figure 3B,https://drive.google.com/file/d/1Idfl7rfZhgAUJHDpsmgzp17ADiGvrU8C/view?usp=drivesdk,FIGURE ONLY / DIGITIZATION NEEDED,,,,,0,0,,,,
Guo 2023,GUO23_OPIOID24,Perioperative TEAS,Sham/no-current TEAS,Opioid consumption,Actual postoperative sufentanil consumption,0-24 h,Not reported,64,64,55,55,,,,,,,,,,,,,µg sufentanil,,No,No,,,No,No,Not eligible for continuous 24-h opioid/MME meta-analysis,No,PCIA prescription is reported but actual delivered 24-h/48-h sufentanil is not,Postoperative PCIA section,https://drive.google.com/file/d/1Idfl7rfZhgAUJHDpsmgzp17ADiGvrU8C/view?usp=drivesdk,MISSING / AUTHOR DATA NEEDED,,,,,0,0,,,,
Grech 2016,GRECH16_EA_vs_CTRL_PACU_MME_WOMEN,Intraoperative low-frequency EA,Sham/control,Opioid consumption,PACU analgesic requirement in women-only subgroup,PACU,Graph-only morphine-equivalent outcome,11,9,9,9,,,,,,,,,,,,,mg morphine-equivalent,Significant; authors report ~60% lower in EA women,No,No,,,No,No,Not quantitatively meta-analysis-ready without exact graph values or author data,No,Post hoc women-only subgroup excludes two men from EA arm; exact means/SEM are not tabulated,Figure 1D / women-only PACU analgesic requirement,https://drive.google.com/file/d/1U3KShiAZKL8n9hxSpBkhuhuQHW2EN-IY/view?usp=drivesdk,GRAPH ONLY / POST-HOC SUBGROUP,,,,,0,0,,,,
Grech 2016,GRECH16_EA_vs_CTRL_OPIOID24,Intraoperative low-frequency EA,Sham/control,Opioid consumption,Exact cumulative 24-h postoperative morphine-equivalent consumption,0-24 h,Not reported,11,9,,,,,,,,,,,,,,,mg morphine-equivalent,,No,No,,,No,No,Not eligible for continuous 24-h opioid/MME meta-analysis,No,Day-1 analgesic use is graphical and exact 24-h mean/dispersion is not tabulated,Postoperative analgesic figures,https://drive.google.com/file/d/1U3KShiAZKL8n9hxSpBkhuhuQHW2EN-IY/view?usp=drivesdk,MISSING / AUTHOR DATA NEEDED,,,,,0,0,,,,
Grech 2016,GRECH16_EA_vs_CTRL_PAIN,Intraoperative low-frequency EA,Sham/control,Pain,Postoperative VAS pain,PACU and POD1-3,Graph-only continuous data,11,9,,,,,,,,,,,,,,,VAS 0-10,No significant overall difference,No,No,,,No,No,Not ready for continuous pooling without digitization,No,Exact numeric pain means/SEM are not tabulated,Postoperative pain figures,https://drive.google.com/file/d/1U3KShiAZKL8n9hxSpBkhuhuQHW2EN-IY/view?usp=drivesdk,FIGURE ONLY,,,,,0,0,,,,
Gao 2021,GAO21_TEAS_vs_SHAM_POI,Postoperative TEAS,Sham/no-current TEAS,GI recovery,Postoperative paralytic ileus: no flatus >72 h,Postoperative,Events/total,303,307,303,307,,,,,,98,,,,,,126,participants,0.026,Yes,No,RR,.788045471213788,No,No,Eligible for dichotomous POI analysis,No,Full ITT of all 610 randomized; participant sensory masking limited because active TEAS was perceptible,Primary POI outcome,https://drive.google.com/file/d/1QbM6CNi8KfBXmMTqG1ASm3hK05cz_hKQ/view?usp=drivesdk,SOURCE-VERIFIED,,,,,0,0,,,,
Gao 2021,GAO21_TEAS_vs_SHAM_FLATUS,Postoperative TEAS,Sham/no-current TEAS,GI recovery,Time to first flatus,Postoperative,Mean/SD,303,307,303,307,63.4,29,,,,,76.3,37.9,,,,,hours,0.001,Yes,No,MD,-12.9,No,No,Eligible for GI-recovery analysis,No,Full randomized sample retained; participant awareness may influence self-reported GI milestones,GI recovery outcomes,https://drive.google.com/file/d/1QbM6CNi8KfBXmMTqG1ASm3hK05cz_hKQ/view?usp=drivesdk,SOURCE-VERIFIED,,,,,0,0,,,,
Gao 2021,GAO21_TEAS_vs_SHAM_DEFEC,Postoperative TEAS,Sham/no-current TEAS,GI recovery,Time to first defecation,Postoperative,Mean/SD,303,307,303,307,106.7,65.59999999999999,,,,,121.5,65.59999999999999,,,,,hours,0.005,Yes,No,MD,-14.8,No,No,Eligible for GI-recovery analysis,No,Full randomized sample retained; participant awareness may influence self-reported GI milestones,GI recovery outcomes,https://drive.google.com/file/d/1QbM6CNi8KfBXmMTqG1ASm3hK05cz_hKQ/view?usp=drivesdk,SOURCE-VERIFIED,,,,,0,0,,,,
Gao 2021,GAO21_TEAS_vs_SHAM_DIET,Postoperative TEAS,Sham/no-current TEAS,GI recovery,Time to resume normal diet,Postoperative,Mean/SD,303,307,303,307,373.9,224.9,,,,,425.5,235.6,,,,,hours,0.006,Yes,No,MD,-51.60000000000002,No,No,Eligible for GI-recovery analysis,No,Full randomized sample retained; participant awareness may influence self-reported GI milestones,GI recovery outcomes,https://drive.google.com/file/d/1QbM6CNi8KfBXmMTqG1ASm3hK05cz_hKQ/view?usp=drivesdk,SOURCE-VERIFIED,,,,,0,0,,,,
Gao 2021,GAO21_OPIOID24,Postoperative TEAS,Sham/no-current TEAS,Opioid consumption,Exact cumulative postoperative opioid consumption,0-24 h,Not reported,303,307,303,307,,,,,,,,,,,,,mg/µg,,No,No,,,No,No,Not eligible for continuous 24-h opioid/MME meta-analysis,No,"Main article reports only whether postoperative analgesia was used, not drug-specific dose/route/PCA consumption",Postoperative analgesia section,https://drive.google.com/file/d/1QbM6CNi8KfBXmMTqG1ASm3hK05cz_hKQ/view?usp=drivesdk,MISSING / NOT REPORTED,,,,,0,0,,,,
Yeh 2010,YEH10_AES_vs_SHAM_MORPH24,True-acupoint AES,Electrical sham/nonmeridian AES,Opioid consumption,24-h morphine PCA dose,First 24 postoperative hours,Mean/SD,,,33,30,18.6,9.699999999999999,,,,,21.6,13.1,,,,,mg morphine; source explicitly calls PCA epidural,AES-vs-sham pairwise significance NR,Yes,No,MD,-3,Yes,Conditional,SOURCE VALID BUT META-ANALYSIS HOLD until PCA route and report overlap with Yeh 2011 are resolved,Yes,Probable overlapping publication/cohort with Yeh 2011. Five of 99 entrants did not complete and randomized arm assignment of losses is NR. Do not treat both papers as independent.,Table 4 / 24-h opiate dose,https://drive.google.com/file/d/1a1s31PQPWGnaVkYUtNUxO22F3QFTcwmi/view?usp=drivesdk,SOURCE-VERIFIED / DUPLICATE-OVERLAP HOLD,F-postop-dose-003,F-postop-dose,F_postop_delivered_dose_or_solution,MATCHED,0,0,Some concerns,P1,HOLD overlap review,True18.6±9.7 vs sham21.6±13.1 mg
Yeh 2010,YEH10_AES_vs_CONTROL_MORPH24,True-acupoint AES,No-AES control,Opioid consumption,24-h morphine PCA dose,First 24 postoperative hours,Mean/SD,,,33,31,18.6,9.699999999999999,,,,,27.2,12.5,,,,,mg morphine; source explicitly calls PCA epidural,0.02,Yes,No,MD,-8.599999999999998,Yes,Conditional,Use only if no-treatment comparator is prespecified AND overlap with Yeh 2011 is resolved,Yes,Same probable overlapping cohort issue; route must not be silently recoded as IV.,Table 4 / 24-h opiate dose,https://drive.google.com/file/d/1a1s31PQPWGnaVkYUtNUxO22F3QFTcwmi/view?usp=drivesdk,SOURCE-VERIFIED / DUPLICATE-OVERLAP HOLD,,,,,0,0,,,,
Yeh 2011,YEH11_AES_vs_SHAM_MORPH24,True-acupoint AES,Electrical sham/nonacupoint AES,Opioid consumption,24-h IV morphine PCA dose,First 24 postoperative hours,Mean/SD,30,30,30,30,19.3,9.699999999999999,,,,,21.6,13.1,,,,,mg IV morphine,AES-vs-sham pairwise significance NR,Yes,No,MD,-2.300000000000001,Yes,Conditional,SOURCE VALID BUT META-ANALYSIS HOLD until overlap with Yeh 2010 is resolved,Yes,"Highly similar to Yeh 2010 in population, acupoints, comparator and 24-h opioid values; do not count independently until cohort/publication linkage is adjudicated.",Table 3 / 24-h opiate dose,https://drive.google.com/file/d/1ZJ60ZvJ5Q7sRu1iptK_tLLfBXxZZ_Hwl/view?usp=drivesdk,SOURCE-VERIFIED / DUPLICATE-OVERLAP HOLD,F-postop-dose-010,F-postop-dose,F_postop_delivered_dose_or_solution,MATCHED,0,0,Some concerns,P1,HOLD — potential overlap,AES19.3±9.7 vs sham21.6±13.1 vs control28.0±12.1 mg
Yeh 2011,YEH11_AES_vs_CONTROL_MORPH24,True-acupoint AES,No-AES control,Opioid consumption,24-h IV morphine PCA dose,First 24 postoperative hours,Mean/SD,30,30,30,30,19.3,9.699999999999999,,,,,28,12.1,,,,,mg IV morphine,0.023,Yes,No,MD,-8.699999999999999,Yes,Conditional,Use only if no-treatment contrast is prespecified and overlap is resolved,Yes,Sequential allocation without sealed envelopes; probable overlapping publication family with Yeh 2010.,Table 3 / 24-h opiate dose,https://drive.google.com/file/d/1ZJ60ZvJ5Q7sRu1iptK_tLLfBXxZZ_Hwl/view?usp=drivesdk,SOURCE-VERIFIED / DUPLICATE-OVERLAP HOLD,,,,,0,0,,,,
Wong 2006,WONG06_EA_vs_SHAM_MORPHD0,Postoperative electroacupuncture,Nonpenetrating sham acupuncture,Opioid consumption,IV PCA morphine consumption,Day 0,Mean/SD,13,14,13,12,8.300000000000001,4.9,,,,,7.8,6.4,,,,,mg IV morphine,0.84,Yes,No,MD,.5000000000000009,No,No,Eligible only at the published postoperative-day/3-day window; not a strict 0-24-h endpoint,No,Both groups also received scheduled oral dextropropoxyphene. Two randomized sham patients were excluded after serious postoperative complications.,Table 2 / postoperative PCA morphine,https://drive.google.com/file/d/1-XmRdgXyZmOmKIDRhL80sxha5M2P00jd/view?usp=drivesdk,SOURCE-VERIFIED / DAY-LABEL WINDOW QC,,,,,0,0,,,,
Wong 2006,WONG06_EA_vs_SHAM_MORPHD1,Postoperative electroacupuncture,Nonpenetrating sham acupuncture,Opioid consumption,IV PCA morphine consumption,Day 1,Mean/SD,13,14,13,12,18,8.800000000000001,,,,,18.8,9.800000000000001,,,,,mg IV morphine,0.83,Yes,No,MD,-.8000000000000007,No,No,Eligible only at the published postoperative-day/3-day window; not a strict 0-24-h endpoint,No,Both groups also received scheduled oral dextropropoxyphene. Two randomized sham patients were excluded after serious postoperative complications.,Table 2 / postoperative PCA morphine,https://drive.google.com/file/d/1-XmRdgXyZmOmKIDRhL80sxha5M2P00jd/view?usp=drivesdk,SOURCE-VERIFIED / DAY-LABEL WINDOW QC,,,,,0,0,,,,
Wong 2006,WONG06_EA_vs_SHAM_MORPHD2,Postoperative electroacupuncture,Nonpenetrating sham acupuncture,Opioid consumption,IV PCA morphine consumption,Day 2,Mean/SD,13,14,13,12,7.5,5,,,,,15.7,12,,,,,mg IV morphine,0.035,Yes,No,MD,-8.199999999999999,No,No,Eligible only at the published postoperative-day/3-day window; not a strict 0-24-h endpoint,No,Both groups also received scheduled oral dextropropoxyphene. Two randomized sham patients were excluded after serious postoperative complications.,Table 2 / postoperative PCA morphine,https://drive.google.com/file/d/1-XmRdgXyZmOmKIDRhL80sxha5M2P00jd/view?usp=drivesdk,SOURCE-VERIFIED / DAY-LABEL WINDOW QC,,,,,0,0,,,,
Wong 2006,WONG06_EA_vs_SHAM_MORPHTOTAL,Postoperative electroacupuncture,Nonpenetrating sham acupuncture,Opioid consumption,IV PCA morphine consumption,First 3 postoperative days total,Mean/SD,13,14,13,12,33.9,12.8,,,,,42.3,21.3,,,,,mg IV morphine,0.25,Yes,No,MD,-8.399999999999999,No,No,Eligible only at the published postoperative-day/3-day window; not a strict 0-24-h endpoint,No,Both groups also received scheduled oral dextropropoxyphene. Two randomized sham patients were excluded after serious postoperative complications.,Table 2 / postoperative PCA morphine,https://drive.google.com/file/d/1-XmRdgXyZmOmKIDRhL80sxha5M2P00jd/view?usp=drivesdk,SOURCE-VERIFIED / DAY-LABEL WINDOW QC,B-002,B,B_0-72h_cumulative_opioid,MATCHED,0,1,Some concerns,,,33.9±12.8 vs 42.3±21.3 mg
Wong 2006,WONG06_EA_vs_SHAM_OPIOID24,Postoperative electroacupuncture,Nonpenetrating sham acupuncture,Opioid consumption,Exact total opioid exposure,0-24 h,Not reported,13,14,13,12,,,,,,,,,,,,,mg MME,,No,No,,,No,No,Not eligible for strict 24-h opioid/MME meta-analysis,No,Day labels are not defined as exact consecutive 24-h windows and scheduled dextropropoxyphene contributes additional opioid exposure.,Timing/analgesia protocol,https://drive.google.com/file/d/1-XmRdgXyZmOmKIDRhL80sxha5M2P00jd/view?usp=drivesdk,MISSING / EXACT 24H TOTAL NOT REPORTED,,,,,0,0,,,,
El-Rakshy 2009,ELR09_EA_vs_CTRL_MORPH24,Intraoperative EA + PCA,PCA alone/no acupuncture,Opioid consumption,Total IV morphine analgesia,First 24 h,Mean/SD,,,42,53,35.3,18,,,,,36.9,18,,,,,mg IV morphine,0.961,Yes,No,MD,-1.600000000000001,Yes,Yes,Eligible only with outcome-specific denominators exactly as printed,No,Publication has irreconcilable allocation/analyzed group labels. Use Table 2 n=42 EA and n=53 control for this result; do not substitute overall study denominators.,Table 2 / total analgesia in 24 h,https://drive.google.com/file/d/12AfIox-MgnMU15U-mdvZgaTKnukXKvAR/view?usp=drivesdk,SOURCE-VERIFIED / OUTCOME-SPECIFIC DENOMINATORS,F-postop-dose-007,F-postop-dose,F_postop_delivered_dose_or_solution,MATCHED,0,1,High,P2,,35.3±18.0 vs36.9±18.0 mg
El-Rakshy 2009,ELR09_EA_vs_CTRL_MORPH4,Intraoperative EA + PCA,PCA alone/no acupuncture,Opioid consumption,Total IV morphine analgesia,First 4 h,Mean/SD,,,40,53,13.4,7.5,,,,,13.2,8.6,,,,,mg IV morphine,0.675,Yes,No,MD,.2000000000000011,No,No,Eligible for 4-h opioid analysis only,No,Again preserve outcome-specific n=40 EA and n=53 control.,Table 2 / first 4 h,https://drive.google.com/file/d/12AfIox-MgnMU15U-mdvZgaTKnukXKvAR/view?usp=drivesdk,SOURCE-VERIFIED / OUTCOME-SPECIFIC DENOMINATORS,,,,,0,0,,,,
An 2014,AN14_EA_vs_CTRL_FENT48,Intraoperative electroacupuncture,No acupuncture control,Opioid consumption,Total postoperative fentanyl PCIA dose,Through reported 48-h PCIA period,Mean/SD,45,43,41,40,.67,.09,,,,,.73,.12,,,,,mg fentanyl,NS,Yes,No,MD,-.0599999999999999,No,No,Eligible for 48-h fentanyl analysis; not a 24-h endpoint,No,Seven of 88 randomized patients were excluded from analysis; total fentanyl is not isolated to 0-24 h.,Opioid/PCIA results,https://drive.google.com/file/d/1Ygu3g28udKuPe0OS95oge2ryIGNeJ0te/view?usp=drivesdk,SOURCE-VERIFIED / ATTRITION + 48H WINDOW,A-003,A,A_0-48h_cumulative_opioid,MATCHED,1,0,Some concerns,P1,,0.67±0.09 vs 0.73±0.12 mg
An 2014,AN14_EA_vs_CTRL_OPIOID24,Intraoperative electroacupuncture,No acupuncture control,Opioid consumption,Exact cumulative postoperative fentanyl,0-24 h,Not reported,45,43,41,40,,,,,,,,,,,,,mg/µg fentanyl,,No,No,,,No,No,Not eligible for continuous 24-h opioid/MME meta-analysis,No,Published bolus activity is split 0-6 h and 6-48 h; exact 0-24-h fentanyl cannot be reconstructed.,PCIA results,https://drive.google.com/file/d/1Ygu3g28udKuPe0OS95oge2ryIGNeJ0te/view?usp=drivesdk,MISSING / 24H NOT RECONSTRUCTABLE,,,,,0,0,,,,
Chen 2015,CHEN15Q_TEAS_vs_CTRL_QOR40,Preoperative TEAS,Electrodes/device with no stimulation,Quality of recovery,Global QoR-40,24 h,Median/IQR,42,42,41,42,,,183,172,190,,,,168,154,183,,QoR-40 points,<0.001,Yes,No,,,No,No,Eligible for 24-h QoR analysis using median/IQR methods,No,One TEAS participant excluded for protocol breach; active 6-9 mA stimulation vs no-current control may compromise patient blinding for a patient-reported primary outcome.,Table 2 / global QoR-40,https://drive.google.com/file/d/1ZtE8GImDcpDJH1tOvzqazoh_S4Gd67oH/view?usp=drivesdk,SOURCE-VERIFIED / SUBJECTIVE BLINDING QC,,,,,0,0,,,,
Chen 2015,CHEN15Q_TEAS_vs_CTRL_PONV24,Preoperative TEAS,Electrodes/device with no stimulation,PONV,PONV incidence,0-24 h,Events/total,42,42,41,42,,,,,,10,,,,,,26,participants,0.001,Yes,No,RR,.3939962476547842,No,No,Eligible for dichotomous 24-h PONV analysis,No,Use analyzed denominators 41 and 42.,Table 3 / PONV,https://drive.google.com/file/d/1ZtE8GImDcpDJH1tOvzqazoh_S4Gd67oH/view?usp=drivesdk,SOURCE-VERIFIED,,,,,0,0,,,,
Chen 2015,CHEN15Q_TEAS_vs_CTRL_RESCUEMORPH24,Preoperative TEAS,Electrodes/device with no stimulation,Opioid consumption,Cumulative rescue IV morphine dose derived from fixed 2-mg rescue administrations,0-24 h,Median/IQR,42,42,41,42,,,2,2,6,,,,7,4,14,,mg IV morphine,0.004,No,Yes,,,Yes,Conditional,Potentially eligible as a derived median/IQR 24-h morphine endpoint,No,"Source reports rescue-administration count 1 (1-3) vs 3.5 (2-7); each rescue administration was fixed at morphine 2 mg. Linear conversion to mg is exact, but the source itself reports counts rather than dose.",Methods + Table 3,https://drive.google.com/file/d/1ZtE8GImDcpDJH1tOvzqazoh_S4Gd67oH/view?usp=drivesdk,DERIVED FROM FIXED 2-MG RESCUE DOSE,,,,,0,0,,,,
Chen 2015 (Hyperalgesia),CHEN15H_TEAS_vs_SHAM_RESCUECOUNT24,Preoperative TEAS,Electrodes/no-current sham,Opioid demand,Cumulative number of rescue sufentanil PCIA boluses,0-24 h,Median/IQR,30,30,29,30,,,3,2,4,,,,7,6,8,,boluses,<0.001,Yes,No,,,Yes,No,Eligible as 24-h rescue-bolus count; shared with fixed 0.05 µg/kg bolus protocol,No,One TEAS participant excluded for protocol breach. Do not convert using group-average body weight to absolute µg.,Table 2 / cumulative rescue analgesia,https://drive.google.com/file/d/13YKAZZsc2VQEPqkw1Ye40BYDZSRpI6N3/view?usp=drivesdk,SOURCE-VERIFIED / ATTRITION QC,F-rescue-opioid-002,F-rescue-opioid,F_rescue_opioid,MATCHED,1,0,Some concerns,,,3 (2–4) vs7 (6–8); P<0.001
Chen 2015 (Hyperalgesia),CHEN15H_TEAS_vs_SHAM_SUFKG24,Preoperative TEAS,Electrodes/no-current sham,Opioid consumption,Derived cumulative sufentanil dose from fixed 0.05 µg/kg bolus,0-24 h,Median/IQR,30,30,29,30,,,.15,.1,.2,,,,.35,.3,.4,,µg/kg sufentanil,<0.001,No,Yes,,,Yes,Conditional,Potentially eligible as weight-normalized 24-h opioid endpoint if protocol accepts µg/kg,No,Exact linear conversion from 0.05 µg/kg per bolus × reported bolus count. Do not convert to absolute µg or MME without individual body weights.,PCIA protocol + Table 2,https://drive.google.com/file/d/13YKAZZsc2VQEPqkw1Ye40BYDZSRpI6N3/view?usp=drivesdk,DERIVED / WEIGHT-NORMALIZED,,,,,0,0,,,,
Chen 2015 (Hyperalgesia),CHEN15H_TEAS_vs_SHAM_PONV24,Preoperative TEAS,Electrodes/no-current sham,PONV,PONV incidence,0-24 h,Events/total,30,30,29,30,,,,,,5,,,,,,13,participants,0.03,Yes,No,RR,.3978779840848807,No,No,Eligible for dichotomous 24-h PONV analysis,No,Use 29 analyzed TEAS and 30 control; one TEAS protocol-breach exclusion.,Table 2 / PONV,https://drive.google.com/file/d/13YKAZZsc2VQEPqkw1Ye40BYDZSRpI6N3/view?usp=drivesdk,SOURCE-VERIFIED,,,,,0,0,,,,
Ao 2021,AO21_TEAS_vs_SHAM_PCA48,Repeated perioperative TEAS,Sham/no current,Opioid demand,Cumulative PCA solution consumption,48 h,Mean/SD,35,35,32,33,102.8,7.4,,,,,120.6,9.199999999999999,,,,,mL PCA solution,NR,Yes,No,MD,-17.8,No,No,Eligible as directly reported 48-h PCA-volume outcome; not as 24-h opioid dose,No,Exact 24-h sufentanil total is not reported; the earlier 24-h VAS row is graph-digitized and remains derived.,48-h PCA result,https://drive.google.com/file/d/1tNFnY0fJpx53hrtY4DIaE1RsNjE55Xvd/view?usp=drivesdk,SOURCE-VERIFIED / 48H ONLY,F-PCA-003,F-PCA,F_PCA_behavior,MATCHED,0,1,Some concerns,,,102.8±7.4 vs120.6±9.2 mL;6.2±3.7 vs12.3±4.6 presses
Chen 2020,CHEN20_TEAS_vs_SHAM_SUF48,Perioperative TEAS,Sham low/zero-current protocol,Opioid consumption,Cumulative postoperative PCIA sufentanil consumption,0-48 h,Mean/SD,40,40,40,40,118.52,9.77,,,,,140.15,7.87,,,,,µg sufentanil,<0.001,Yes,No,MD,-21.63,No,No,Target A strict 0-48 h cumulative opioid,No,48-h cumulative pump result; preserve native µg. Registration retrospective.,"Secondary endpoints / Figure 4, 48-h cumulative PCIA sufentanil",https://drive.google.com/file/d/1y0_cC1NCl5g2vYxDMOtYmxVA_YEE-rsR/view?usp=drivesdk,SOURCE-VERIFIED / AF-NORMALIZED,A-001,A,A_0-48h_cumulative_opioid,NORMALIZED_V22,1,0,Some concerns,,,118.52±9.77 vs 140.15±7.87 μg
Yang 2024,YANG24_EA_vs_UC_MORPH72,Perioperative EA + usual care,Usual care,Opioid consumption,Cumulative morphine use via IV PCA,0-72 h / POD1-3,Mean/SD,90,90,90,90,127,12,,,,,127.5,12.5,,,,,mg morphine,0.785,Yes,No,MD,-.5,No,No,Target B strict 0-72 h cumulative opioid,No,Extracted from PCA device records; full ITT.,Table 3 / cumulative POD1-3 morphine use,https://drive.google.com/file/d/160N3psd5tLEphwXHJzUEZ3uJfaIXcs5V/view?usp=drivesdk,SOURCE-VERIFIED / AF-NORMALIZED,B-001,B,B_0-72h_cumulative_opioid,NORMALIZED_V22,1,0,Some concerns,P2,,127.0±12.0 vs 127.5±12.5 mg
Yang 2024,YANG24_EA_vs_UC_NAUSEA24,Perioperative EA + usual care,Usual care,PONV,Postoperative nausea incidence,0-24 h,Events/total,90,90,90,90,,,,,,24,,,,,,40,participants,0.013,Yes,No,RR,.6,No,No,Separate 0-24 h nausea analysis; do not combine with vomiting/PONV composite,No,Nausea is subjective in an open-label EA-vs-usual-care comparison; result-specific High RoB.,Table 3 / 0-24 h nausea,https://drive.google.com/file/d/160N3psd5tLEphwXHJzUEZ3uJfaIXcs5V/view?usp=drivesdk,SOURCE-VERIFIED / AF-NORMALIZED,D-006,D,D_nausea_0-24h,NORMALIZED_V22,1,0,High,P2,,24/90 vs 40/90
Hou 2023,HOU23_TEAS_vs_SHAM_REMI,Perioperative TEAS,Sham/no-current TEAS,Intraoperative opioid,Intraoperative remifentanil consumption,Intraoperative,Median/IQR,37,37,36,36,,,950,750,1238,,,,1000,881,1144,,µg remifentanil,0.572,Yes,No,,,No,No,Target F titrated intraoperative opioid candidate,No,TCI target 2.0-3.0 ng/mL; detailed within-range titration algorithm not reported.,Intraoperative anesthetic-consumption result,https://drive.google.com/file/d/161WdTRehgwvDHvQ8OkRf8U9TbUmVQgaR/view?usp=drivesdk,SOURCE-VERIFIED / AF-NORMALIZED,F-intra-002,F-intra,F_intraop_titrated_requirement,NORMALIZED_V22,1,0,Some concerns,,,950 (750–1238) vs1000 (881–1144) μg; P=0.572
Yang 2024,YANG24_EA_vs_UC_REMI,Perioperative EA + usual care,Usual care,Intraoperative opioid,Intraoperative remifentanil consumption,Intraoperative,Median/IQR,90,90,90,90,,,.5,.3,.6,,,,.5,.4,.7,,mg remifentanil,0.75,Yes,No,,,No,No,Target F titrated intraoperative opioid candidate,No,Preoperative EA occurred before surgery; anesthetist blinded.,Intraoperative anesthetic-consumption table,https://drive.google.com/file/d/160N3psd5tLEphwXHJzUEZ3uJfaIXcs5V/view?usp=drivesdk,SOURCE-VERIFIED / AF-NORMALIZED,F-intra-011,F-intra,F_intraop_titrated_requirement,NORMALIZED_V22,1,0,Some concerns,P2,,0.5 (0.3–0.6) vs0.5 (0.4–0.7) mg; P=0.75
Liang 2021,LIANG21_TEAS_vs_CTRL_REMI,Preoperative TEAS,Control/no stimulation,Intraoperative opioid,Intraoperative remifentanil consumption,Intraoperative,Mean/SD,37,38,35,35,521.5,206.8,,,,,464.7,156,,,,,µg remifentanil,NR; stated non-significant,Yes,No,MD,56.8,No,No,Target F sensitivity / titrated intraoperative opioid,No,Five randomized participants excluded; printed intraoperative sufentanil unit is likely erroneous and must not be silently corrected.,Table 1 / intraoperative anesthetic consumption,https://drive.google.com/file/d/1guriAcqNbJNXpfd_UjYwevULLVSeiHXS/view?usp=drivesdk,SOURCE-VERIFIED / AF-NORMALIZED,F-intra-012,F-intra,F_intraop_titrated_requirement,NORMALIZED_V22,0,1,Some concerns,P1,,"521.5±206.8 vs464.7±156.0 μg; exact P NR, stated NS"
Pan 2023,PAN23_TEAS_vs_CONTROL_REMI,TEAS,Control/usual care,Intraoperative opioid,Intraoperative remifentanil consumption,Intraoperative,Mean/SD,60,60,52,53,740.1,276.9,,,,,854,287.5,,,,,µg remifentanil,0.04,Yes,No,MD,-113.9,No,No,Target F sensitivity / High-RoB titrated intraoperative opioid,No,15/120 excluded; titrating anesthesiologist blinding not established.,Table 2 / intraoperative remifentanil dose,https://drive.google.com/file/d/19IZpaoI-iTQOr_XOTw-a17WTw_haz8q6/view?usp=drivesdk,SOURCE-VERIFIED / AF-NORMALIZED / HIGH ROB,F-intra-013,F-intra,F_intraop_titrated_requirement,NORMALIZED_V22,0,1,High,,,740.1±276.9 vs854.0±287.5 μg; P=0.04
Li 2022,LI22_EA_vs_SHAM_REMI_FIXED,Preoperative electroacupuncture,Sham electroacupuncture,Intraoperative opioid,Fixed-rate intraoperative remifentanil exposure,Intraoperative,Mean/SD,40,40,39,40,2009,143.2,,,,,1989,158.7,,,,,µg remifentanil,0.555,Yes,No,MD,20,No,No,Target F exposure-only; do not pool with titrated opioid requirement,No,Remifentanil fixed at 0.3 µg/kg/min; difference reflects exposure duration/body size rather than titration.,Intraoperative remifentanil total,https://drive.google.com/file/d/1rQTrwnCvj72poJrGGvYjpxSZXvUhSD0u/view?usp=drivesdk,SOURCE-VERIFIED / AF-NORMALIZED,F-exposure-001,F-exposure,F_intraop_fixed_or_unclear_exposure,NORMALIZED_V22,0,0,—,,DO NOT POOL with titrated,2009±143.2 vs1989±158.7 μg; P=0.555
Chen 2015 (Hyperalgesia),CHEN15H_TEAS_vs_SHAM_REMI_FIXED,Preoperative TEAS,Electrodes/no-current sham,Intraoperative opioid,Fixed-target intraoperative remifentanil exposure,Intraoperative,Mean/SD,30,30,29,30,1691,37,,,,,1718,43,,,,,µg remifentanil,0.461,Yes,No,MD,-27,No,No,Target F exposure-only; do not pool with titrated opioid requirement,No,Remifentanil maintained at fixed target 5.0 ng/mL; one TEAS participant excluded.,Intraoperative remifentanil exposure,https://drive.google.com/file/d/13YKAZZsc2VQEPqkw1Ye40BYDZSRpI6N3/view?usp=drivesdk,SOURCE-VERIFIED / AF-NORMALIZED,F-exposure-002,F-exposure,F_intraop_fixed_or_unclear_exposure,NORMALIZED_V22,0,0,Some concerns,,DO NOT POOL with titrated,1691±37 vs1718±43 μg; P=0.461
Xie 2014,XIE14_EAS_vs_SHAM_REMI,Active EAS PC4/PC6,Sham needling PC4/PC6,Intraoperative opioid,Intraoperative remifentanil exposure,Intraoperative,Mean/SD,20,20,20,20,1.89,.63,,,,,1.9,.59,,,,,mg remifentanil,NR; stated non-significant,Yes,No,MD,-.01,No,No,Target F exposure-only / separate from postoperative opioid signal,Yes,Three-arm trial; exact within-range titration algorithm and anesthesiologist masking not reported.,Table 1 / intraoperative remifentanil,https://drive.google.com/file/d/17faY_h0rMJTuhjPOC5PL_S59jYmHDPee/view?usp=drivesdk,SOURCE-VERIFIED / AF-NORMALIZED,F-exposure-003,F-exposure,F_intraop_fixed_or_unclear_exposure,NORMALIZED_V22,0,1,Some concerns,P1,,1.89±0.63 vs1.90±0.59 mg
Yao 2015,YAO15_TEAS_vs_CONTROL_RESCUECOUNT24,Preoperative TEAS,Control/no current,Rescue opioid use,Cumulative rescue sufentanil administrations,0-24 h,Median/IQR,37,37,35,36,,,1,1,3,,,,3.5,2,7.8,,administrations,0.004 in Table 3; 0.04 in prose,Yes,No,,,No,No,Target F rescue-opioid count; P1 publication discrepancy,No,VAS≥4 -> sufentanil 0.05 µg/kg IV. Preserve unresolved P-value discrepancy.,Table 3 / cumulative rescue analgesia administrations,https://drive.google.com/file/d/1OhcqPgP7chnaiBaZBPBAy4PQlSFMelfh/view?usp=drivesdk,SOURCE-VERIFIED / AF-NORMALIZED / P1 P-VALUE HOLD,F-rescue-opioid-001,F-rescue-opioid,F_rescue_opioid,NORMALIZED_V22,0,0,Some concerns,P1,UNRESOLVED P-value,1 (1–3) vs3.5 (2–7.8)
Chen 2015,CHEN15Q_TEAS_vs_CTRL_RESCUECOUNT24,Preoperative TEAS,Electrodes/device with no stimulation,Rescue opioid use,Cumulative rescue morphine administrations,0-24 h,Median/IQR,42,42,41,42,,,1,1,3,,,,3.5,2,7,,administrations of 2-mg IV morphine,0.004,Yes,No,,,No,No,Target F rescue-opioid count,No,Source reports count; exact pre-dose VAS trigger not separately stated. Existing v20 converted-dose row is retained separately.,24-h rescue-morphine result,https://drive.google.com/file/d/1ZtE8GImDcpDJH1tOvzqazoh_S4Gd67oH/view?usp=drivesdk,SOURCE-VERIFIED / AF-NORMALIZED,F-rescue-opioid-003,F-rescue-opioid,F_rescue_opioid,NORMALIZED_V22,1,0,Some concerns,,,1 (1–3) vs3.5 (2–7); P=0.004
Xie 2014,XIE14_EAS_vs_SHAM_DEZOCINE48,Active EAS PC4/PC6,Sham needling PC4/PC6,Rescue opioid use,Participants receiving rescue dezocine,Through postoperative 48 h,Events/total,20,20,20,20,,,,,,1,,,,,,6,participants,<0.05; exact pairwise P NR,Percentages directly reported; event counts reconstructed,Yes — counts derived from 5% and 30% with n=20/group,RR,.1666666666666667,No,No,Target F binary rescue-opioid-like outcome,Yes,Dezocine 5 mg IV at patient request; counts are derived from reported percentages.,Table 2 / rescue-dezocine rates,https://drive.google.com/file/d/17faY_h0rMJTuhjPOC5PL_S59jYmHDPee/view?usp=drivesdk,SOURCE-VERIFIED / AF-NORMALIZED,F-rescue-opioid-004,F-rescue-opioid,F_rescue_opioid,NORMALIZED_V22,1,0,Some concerns,P1,,5% vs30% (derived 1/20 vs6/20)
Yu 2020,YU20_TEAS_vs_CONTROL_RESCUE24,Preoperative TEAS,Control/no current,Rescue opioid use,Participants requiring rescue sufentanil,0-24 h,Events/total,30,30,30,30,,,,,,13,,,,,,24,participants,<0.01,Yes,No,RR,.5416666666666666,No,No,Target F binary rescue-opioid outcome,No,Rescue sufentanil dose and exact trigger not reported; registration retrospective.,24-h rescue-sufentanil result,https://drive.google.com/file/d/1fXpHc9FzhpPCkXto8c5lfcLoA3ROdOEz/view?usp=drivesdk,SOURCE-VERIFIED / AF-NORMALIZED,F-rescue-opioid-006,F-rescue-opioid,F_rescue_opioid,NORMALIZED_V22,1,0,Some concerns,,,13/30 vs24/30; P<0.01
Li 2022,LI22_EA_vs_SHAM_RESCUEFLURB48,Preoperative electroacupuncture,Sham electroacupuncture,Rescue analgesia,Participants receiving rescue flurbiprofen,0-48 h,Events/total,40,40,39,40,,,,,,0,,,,,,0,participants,Not estimable; double-zero,Yes,No,RR,,No,No,Target F non-opioid rescue evidence map only,No,Flurbiprofen 50 mg rescue; exact trigger/threshold not reported. Double-zero event.,Postoperative rescue-analgesia result,https://drive.google.com/file/d/1rQTrwnCvj72poJrGGvYjpxSZXvUhSD0u/view?usp=drivesdk,SOURCE-VERIFIED / AF-NORMALIZED,F-rescue-nonopioid-001,F-rescue-nonopioid,F_rescue_nonopioid,NORMALIZED_V22,0,0,—,,,0/39 vs0/40
Lu 2021,LU21_COMB_vs_SHAM_PARECOX24,Combined PC6+CV17 TEAS,Sham/no current,Rescue analgesia,Participants receiving rescue parecoxib,By 24 h,Events/total,190,188,190,188,,,,,,4,,,,,,7,participants,0.35 in Table 3; 0.58 in prose,Yes,No,RR,.5654135338345865,No,No,Target F non-opioid rescue; P1 publication discrepancy,Yes,NRS>4 -> parecoxib sodium 40 mg. Preserve P-value inconsistency.,Table 3 / rescue analgesia,https://drive.google.com/file/d/1MgD_OucfiyNEDdDe3osh8W01U1yYZs08/view?usp=drivesdk,SOURCE-VERIFIED / AF-NORMALIZED / P1 P-VALUE HOLD,F-rescue-nonopioid-004,F-rescue-nonopioid,F_rescue_nonopioid,NORMALIZED_V22,0,0,Some concerns,P1,UNRESOLVED P-value,4/190 vs7/188
Wu 2025,WU25_TEAS_vs_SHAM_RESCUE_PARACET24,PACU TEAS,Sham/no current,Rescue analgesia,Compound paracetamol rescue-use metric,Initial 24 h,Mean/SD,50,50,50,50,.3,.5,,,,,.8,.9,,,,,published rescue-use metric; unit not clearly specified,0.001,Yes,No,MD,-.5,No,No,Target F medication-specific descriptive result only; do not collapse to opioid MME,No,VAS>4 triggered additional analgesia; rule for choosing among the three drugs and table units are unclear.,Table 2 / postoperative rescue medication use,https://drive.google.com/file/d/1ZV6JFjevGSPqnISdX61KPdcC_yEtq3vf/view?usp=drivesdk,SOURCE-VERIFIED / AF-NORMALIZED / UNIT-QC,F-mixed/undefined-003,F-mixed/undefined,F_rescue_mixed_or_undefined,NORMALIZED_V22,0,1,Some concerns,,,Medication-specific rows
Wu 2025,WU25_TEAS_vs_SHAM_RESCUE_OXYAPAP24,PACU TEAS,Sham/no current,Rescue analgesia,Oxycodone + acetaminophen rescue-use metric,Initial 24 h,Mean/SD,50,50,50,50,.3,.5,,,,,.3,.6,,,,,published rescue-use metric; unit not clearly specified,0.864,Yes,No,MD,0,No,No,Target F medication-specific descriptive result only; do not collapse to opioid MME,No,VAS>4 triggered additional analgesia; rule for choosing among the three drugs and table units are unclear.,Table 2 / postoperative rescue medication use,https://drive.google.com/file/d/1ZV6JFjevGSPqnISdX61KPdcC_yEtq3vf/view?usp=drivesdk,SOURCE-VERIFIED / AF-NORMALIZED / UNIT-QC,F-mixed/undefined-003,F-mixed/undefined,F_rescue_mixed_or_undefined,NORMALIZED_V22,0,1,Some concerns,,,Medication-specific rows
Wu 2025,WU25_TEAS_vs_SHAM_RESCUE_PARECOX24,PACU TEAS,Sham/no current,Rescue analgesia,Parecoxib sodium rescue-use metric,Initial 24 h,Mean/SD,50,50,50,50,4.8,13.1,,,,,11.2,18.1,,,,,published rescue-use metric; unit not clearly specified,0.046,Yes,No,MD,-6.399999999999999,No,No,Target F medication-specific descriptive result only; do not collapse to opioid MME,No,VAS>4 triggered additional analgesia; rule for choosing among the three drugs and table units are unclear.,Table 2 / postoperative rescue medication use,https://drive.google.com/file/d/1ZV6JFjevGSPqnISdX61KPdcC_yEtq3vf/view?usp=drivesdk,SOURCE-VERIFIED / AF-NORMALIZED / UNIT-QC,F-mixed/undefined-003,F-mixed/undefined,F_rescue_mixed_or_undefined,NORMALIZED_V22,0,1,Some concerns,,,Medication-specific rows
Liang 2021,LIANG21_TEAS_vs_CTRL_EXTRAANALG,Preoperative TEAS,Control/no stimulation,Rescue analgesia,Published 'extra analgesia' metric,Not reported,Unresolved reported metric,37,38,35,35,,,,,,,,,,,,,unresolved,0.045,"Yes — source reports 3.8 (1.9) vs 5.0 (2.9), but metric/unit are undefined",No,,,No,No,Exclude quantitative synthesis pending author clarification,No,"Source calls this 'number of patients' despite non-integer 3.8(1.9) vs5.0(2.9); drug, unit, trigger and time window not reported.",Table 4 / extra analgesia,https://drive.google.com/file/d/1guriAcqNbJNXpfd_UjYwevULLVSeiHXS/view?usp=drivesdk,SOURCE-VERIFIED / AF-NORMALIZED / P1 UNRESOLVED,F-mixed/undefined-004,F-mixed/undefined,F_rescue_mixed_or_undefined,NORMALIZED_V22,0,0,—,P1,EXCLUDE unresolved,3.8(1.9) vs5.0(2.9); P=0.045
Yang 2020,YANG20_EA_vs_UC_BUCINNAZINE,EA + usual care,Usual care,Rescue analgesia,Participants receiving rescue bucinnazine,Postoperative; exact cumulative window not reported,Events/total,30,29,29,28,,,,,,5,,,,,,7,participants,0.473,Yes,No,RR,.6896551724137931,No,No,Target F rescue evidence map; no fixed-time pool,No,VAS>3/10 -> bucinnazine100 mg IM; exact cumulative observation window not reported.,Table 3 / rescue medication,https://drive.google.com/file/d/1hsQR_K6W-5QNP4rqkVxHQaopRp4f1XF0/view?usp=drivesdk,SOURCE-VERIFIED / AF-NORMALIZED / WINDOW-QC,F-mixed/undefined-005,F-mixed/undefined,F_rescue_mixed_or_undefined,NORMALIZED_V22,0,0,Some concerns,P2,UNRESOLVED window,Bucinnazine 5/29 vs7/28; P=0.473
Yang 2024,YANG24_EA_vs_UC_BUCINNAZINE,Perioperative EA + usual care,Usual care,Rescue analgesia,Participants receiving rescue bucinnazine,Postoperative; exact cumulative window not reported,Events/total,90,90,90,90,,,,,,48,,,,,,64,participants,0.014,Yes,No,RR,.75,No,No,Target F rescue evidence map; no fixed-time pool,No,VAS≥4 or patient request -> bucinnazine100 mg IM; exact cumulative observation window not reported.,Table 2 / rescue medication,https://drive.google.com/file/d/160N3psd5tLEphwXHJzUEZ3uJfaIXcs5V/view?usp=drivesdk,SOURCE-VERIFIED / AF-NORMALIZED / WINDOW-QC,F-mixed/undefined-006,F-mixed/undefined,F_rescue_mixed_or_undefined,NORMALIZED_V22,0,0,Some concerns,P2,UNRESOLVED window,Bucinnazine 48/90 vs64/90; P=0.014
Chen 2020,CHEN20_TEAS_vs_SHAM_PCAATT48,Perioperative TEAS,Sham low/zero-current protocol,Opioid demand,Total PCIA attempts over 48-h course,0-48 h,Mean/SD,40,40,40,40,4.83,1.06,,,,,14.05,2.01,,,,,pump attempts,<0.001,Yes,No,MD,-9.220000000000001,No,No,Target F exploratory PCA-behavior outcome; High result-specific RoB,No,"Patient-generated behavior; active stimulation above sensory threshold, sham below threshold.",Secondary endpoints / 48-h PCIA attempts,https://drive.google.com/file/d/1y0_cC1NCl5g2vYxDMOtYmxVA_YEE-rsR/view?usp=drivesdk,SOURCE-VERIFIED / AF-NORMALIZED / HIGH ROB,F-PCA-001,F-PCA,F_PCA_behavior,NORMALIZED_V22,0,1,High,,,4.83±1.06 /4.58±0.93 vs14.05±2.01 /7.48±1.18
Chen 2020,CHEN20_TEAS_vs_SHAM_PCAEFF48,Perioperative TEAS,Sham low/zero-current protocol,Opioid demand,Effective PCIA attempts over 48-h course,0-48 h,Mean/SD,40,40,40,40,4.58,.93,,,,,7.48,1.18,,,,,pump attempts,<0.001,Yes,No,MD,-2.9,No,No,Target F exploratory PCA-behavior outcome; High result-specific RoB,No,"Patient-generated behavior; active stimulation above sensory threshold, sham below threshold.",Secondary endpoints / 48-h PCIA attempts,https://drive.google.com/file/d/1y0_cC1NCl5g2vYxDMOtYmxVA_YEE-rsR/view?usp=drivesdk,SOURCE-VERIFIED / AF-NORMALIZED / HIGH ROB,F-PCA-001,F-PCA,F_PCA_behavior,NORMALIZED_V22,0,1,High,,,4.83±1.06 /4.58±0.93 vs14.05±2.01 /7.48±1.18
Lee 2011,LEE11_LOW_vs_SHAM_PCADEMAND24,Low-frequency dense-sparse SSP,Sham SSP,Opioid demand,Total PCA demands,0-24 h,Mean/SD,12,12,10,12,41.6,36.47,,,,,74.18000000000001,39.33,,,,,PCA demands,Direct active-vs-sham pairwise P not reported,Yes,No,MD,-32.58000000000001,No,No,Target F exploratory PCA-behavior outcome,Yes,Four-arm study; preserve shared sham control. Two low-frequency participants excluded.,PCA-demand table / total 24-h demands,https://drive.google.com/file/d/1kQDSBtx3OpFOsim5oUMwhpfHOqaMy8Q9/view?usp=drivesdk,SOURCE-VERIFIED / AF-NORMALIZED,F-PCA-008,F-PCA,F_PCA_behavior,NORMALIZED_V22,0,1,Some concerns,P2,,Sham74.18±39.33; high52.17±21.87; low41.60±36.47
Lee 2011,LEE11_HIGH_vs_SHAM_PCADEMAND24,100-Hz SSP,Sham SSP,Opioid demand,Total PCA demands,0-24 h,Mean/SD,12,12,12,12,52.17,21.87,,,,,74.18000000000001,39.33,,,,,PCA demands,Direct active-vs-sham pairwise P not reported,Yes,No,MD,-22.01000000000001,No,No,Target F exploratory PCA-behavior outcome,Yes,Four-arm study; preserve shared sham control. Two low-frequency participants excluded.,PCA-demand table / total 24-h demands,https://drive.google.com/file/d/1kQDSBtx3OpFOsim5oUMwhpfHOqaMy8Q9/view?usp=drivesdk,SOURCE-VERIFIED / AF-NORMALIZED,F-PCA-008,F-PCA,F_PCA_behavior,NORMALIZED_V22,0,1,Some concerns,P2,,Sham74.18±39.33; high52.17±21.87; low41.60±36.47
Yeh 2010,YEH10_AES_vs_SHAM_PCAPUSH24,True-acupoint AES,Electrical sham/nonmeridian AES,Opioid demand,PCA button pushes,0-24 h,Mean/SD,,,33,30,25.3,28.5,,,,,47.4,39.7,,,,,button pushes,Direct AES-vs-sham pairwise P not reported,Yes,No,MD,-22.1,No,No,Hold pending Yeh 2010/2011 overlap adjudication,Yes,Potential overlapping publication family with Yeh2011; do not count both independently.,Table 4 / PCA button pushes,https://drive.google.com/file/d/1a1s31PQPWGnaVkYUtNUxO22F3QFTcwmi/view?usp=drivesdk,SOURCE-VERIFIED / AF-NORMALIZED / DUPLICATE-OVERLAP HOLD,F-PCA-010,F-PCA,F_PCA_behavior,NORMALIZED_V22,0,0,Some concerns,P1,HOLD overlap review,True25.3±28.5 vs sham47.4±39.7
Lin 2002,LIN02_HIGH_vs_SHAM_PCADEMAND24,100-Hz EA,Sham EA,Opioid demand,Total PCA demands,Postoperative hour1 through hour24,Mean/SD,25,25,25,25,7.9,5.9,,,,,16.1,7.4,,,,,PCA demands,Pairwise P not reported,Yes,No,MD,-8.200000000000001,No,No,Target F exploratory PCA-behavior outcome; High result-specific RoB,Yes,Active electrical stimulation vs no-current sham may unmask patient-generated PCA behavior.,Table 2 / 24-h PCA demand totals,https://drive.google.com/file/d/1Q5dNOPkf4PB_ctbHu1_3v3UIMIJzKRw9/view?usp=drivesdk,SOURCE-VERIFIED / AF-NORMALIZED / HIGH ROB,F-PCA-011,F-PCA,F_PCA_behavior,NORMALIZED_V22,0,1,High,,,Sham16.1±7.4; low11.7±7.1; high7.9±5.9
Lin 2002,LIN02_LOW_vs_SHAM_PCADEMAND24,2-Hz EA,Sham EA,Opioid demand,Total PCA demands,Postoperative hour1 through hour24,Mean/SD,25,25,25,25,11.7,7.1,,,,,16.1,7.4,,,,,PCA demands,Pairwise P not reported,Yes,No,MD,-4.400000000000002,No,No,Target F exploratory PCA-behavior outcome; High result-specific RoB,Yes,Active electrical stimulation vs no-current sham may unmask patient-generated PCA behavior.,Table 2 / 24-h PCA demand totals,https://drive.google.com/file/d/1Q5dNOPkf4PB_ctbHu1_3v3UIMIJzKRw9/view?usp=drivesdk,SOURCE-VERIFIED / AF-NORMALIZED / HIGH ROB,F-PCA-011,F-PCA,F_PCA_behavior,NORMALIZED_V22,0,1,High,,,Sham16.1±7.4; low11.7±7.1; high7.9±5.9
Yeh 2011,YEH11_AES_vs_SHAM_PCAPUSH24,True-acupoint AES,Electrical sham/nonacupoint AES,Opioid demand,PCA button pushes,0-24 h,Mean/SD,30,30,30,30,24.9,28.5,,,,,47.4,39.7,,,,,button pushes,Direct AES-vs-sham pairwise P not reported,Yes,No,MD,-22.5,No,No,Hold pending Yeh 2010/2011 overlap adjudication,Yes,Potential overlapping publication family with Yeh2010; do not count both independently.,Table 3 / PCA button pushes,https://drive.google.com/file/d/1ZJ60ZvJ5Q7sRu1iptK_tLLfBXxZZ_Hwl/view?usp=drivesdk,SOURCE-VERIFIED / AF-NORMALIZED / DUPLICATE-OVERLAP HOLD,F-PCA-012,F-PCA,F_PCA_behavior,NORMALIZED_V22,0,0,Some concerns,P1,HOLD — potential overlap,AES24.9±28.5 vs sham47.4±39.7 vs control76.9±86.1
Zhou 2021,ZHOU21_TEAS_vs_UC_MME_POSTOP,Postoperative TEAS + ERAS,ERAS/usual care,Opioid consumption,Author-defined postoperative morphine-equivalent dose,Postoperative study period; exact cumulative window not reported,Mean/SD,41,41,41,40,8.935,3.66,,,,,12.83,8.097,,,,,mg morphine-equivalent (author-defined),0.182,Yes,No,MD,-3.895,No,No,Exclude fixed 24/48/72-h pools pending time-window/conversion clarification,No,Methods vs Table3 footnote use inconsistent pentazocine conversion; exact postoperative cumulative window unclear.,Table 3 / analgesic consumption,https://drive.google.com/file/d/1PxYyULBv_ZjWeqAm_bNYkDn_j2_lNYLq/view?usp=drivesdk,SOURCE-VERIFIED / AF-NORMALIZED / P1 WINDOW+CONVERSION HOLD,F-mixed/undefined-007,F-mixed/undefined,F_rescue_mixed_or_undefined,NORMALIZED_V22,0,0,High,P1,EXCLUDE fixed-time pools,Opioid use18/41 vs30/40; MME8.935±3.660 vs12.83±8.097 mg
He 2026 (hepatectomy/JIS),HEJIS26_TEAS_vs_CTRL_PCADELIV24,Intraoperative PC6 TEAS,No-current PC6 control,Opioid demand,Effective PCA deliveries,24 h,Mean/SD,81,80,80,79,2.6,3.3,,,,,3.5,6,,,,,effective deliveries,0.02,Yes,No,MD,-.9,No,No,Target F exploratory PCA-use outcome,No,PCA contains sufentanil + oxycodone; delivery count is not a single-opioid dose. 48-h counters remain P1 unresolved.,Supplemental/secondary outcome / 24-h effective deliveries,https://drive.google.com/file/d/1VgOxIOrGe7ZVevkKEVP7G-0V1DXPU0Gf/view?usp=drivesdk,SOURCE-VERIFIED / AF-NORMALIZED,F-PCA-002,F-PCA,F_PCA_behavior,NORMALIZED_V22,0,1,Some concerns,P1,,2.7±3.3 /2.6±3.3 vs3.5±6.1 /3.5±6.0
Lu 2022,LU22_TEAS_vs_CTRL_PCAATTEMPT48,TEAS + ERAS,No-current control + ERAS,Opioid demand,PCA attempts,48 h,Median/IQR,50,50,47,47,,,13,5,22,,,,26,11.5,45.5,,attempts,0.002,Yes,No,,,No,No,Target F exploratory PCA-behavior outcome; High result-specific RoB,No,"Patient blinding difficult; PCA drug/concentration/settings not reported, so do not convert to opioid dose.",PCA table / 48 h pca attempts,https://drive.google.com/file/d/12Y86huNMuLC8cPH-L2vwlEd7r1X1Qela/view?usp=drivesdk,SOURCE-VERIFIED / AF-NORMALIZED / HIGH ROB,F-PCA-009,F-PCA,F_PCA_behavior,NORMALIZED_V22,0,1,High,P2,,24h attempts8.0 vs16.5; deliveries5.0 vs12.0
Lu 2022,LU22_TEAS_vs_CTRL_PCADELIV48,TEAS + ERAS,No-current control + ERAS,Opioid demand,Successful PCA deliveries,48 h,Median/IQR,50,50,47,47,,,7,3,14,,,,16.5,8,35,,deliveries,0.001,Yes,No,,,No,No,Target F exploratory PCA-behavior outcome; High result-specific RoB,No,"Patient blinding difficult; PCA drug/concentration/settings not reported, so do not convert to opioid dose.",PCA table / 48 h successful pca deliveries,https://drive.google.com/file/d/12Y86huNMuLC8cPH-L2vwlEd7r1X1Qela/view?usp=drivesdk,SOURCE-VERIFIED / AF-NORMALIZED / HIGH ROB,F-PCA-009,F-PCA,F_PCA_behavior,NORMALIZED_V22,0,1,High,P2,,24h attempts8.0 vs16.5; deliveries5.0 vs12.0
Lu 2022,LU22_TEAS_vs_CTRL_PCAATTEMPT72,TEAS + ERAS,No-current control + ERAS,Opioid demand,PCA attempts,72 h,Median/IQR,50,50,47,47,,,13,5,24,,,,24.5,13,46,,attempts,0.002,Yes,No,,,No,No,Target F exploratory PCA-behavior outcome; High result-specific RoB,No,"Patient blinding difficult; PCA drug/concentration/settings not reported, so do not convert to opioid dose.",PCA table / 72 h pca attempts,https://drive.google.com/file/d/12Y86huNMuLC8cPH-L2vwlEd7r1X1Qela/view?usp=drivesdk,SOURCE-VERIFIED / AF-NORMALIZED / HIGH ROB,F-PCA-009,F-PCA,F_PCA_behavior,NORMALIZED_V22,0,1,High,P2,,24h attempts8.0 vs16.5; deliveries5.0 vs12.0
Lu 2022,LU22_TEAS_vs_CTRL_PCADELIV72,TEAS + ERAS,No-current control + ERAS,Opioid demand,Successful PCA deliveries,72 h,Median/IQR,50,50,47,47,,,7,3,20,,,,16.5,10,36,,deliveries,0.003,Yes,No,,,No,No,Target F exploratory PCA-behavior outcome; High result-specific RoB,No,"Patient blinding difficult; PCA drug/concentration/settings not reported, so do not convert to opioid dose.",PCA table / 72 h successful pca deliveries,https://drive.google.com/file/d/12Y86huNMuLC8cPH-L2vwlEd7r1X1Qela/view?usp=drivesdk,SOURCE-VERIFIED / AF-NORMALIZED / HIGH ROB,F-PCA-009,F-PCA,F_PCA_behavior,NORMALIZED_V22,0,1,High,P2,,24h attempts8.0 vs16.5; deliveries5.0 vs12.0
