batch,batch_row,study,outcome_family,outcome_result,timepoint_window,intervention_arm,comparator_arm,randomized_n_int,randomized_n_comp,analyzed_n_int,analyzed_n_comp,statistic_type,value_int,dispersion_int,value_comp,dispersion_comp,events_int,events_comp,unit_scale,reported_p,effect_estimate_as_printed,analysis_population,page,table_or_figure,verbatim_quote,ambiguity_notes,v34_audit_row,v34_disposition,v34_v34_record_id,v34_v33_excel_row,v34_outcome,v34_window
1,1,Zhu 2022,Pain,Pain on movement (NRS),6–24 h,Group Pre — EA day before surgery,Group Usual — usual care alone,103,104,101,101,Mean/SD,1.15,1.02,1.44,1.3,NOT REPORTED,NOT REPORTED,NRS 0-10,0.179,NOT REPORTED,Per-protocol,p. 422,Table 3,Pain at 6–24 h (mean±SD): Pre 1.15±1.02; 30 1.12±1.03; Comb 1.17±1.17; Usual 1.44±1.3; p=0.179,"Randomized arm sizes taken from CONSORT Fig 1 (Pre 103/30 103/Comb 103/Usual 104). Abstract instead reports Pre 103/30 104/Comb 103/Usual 103; source is internally inconsistent. Methods call the primary pain outcome 'pain on movement at 24h', while Table 3 labels the row 'Pain at 6–24 h'.",2,ADDED,AUDIT-0002,,Pain on movement (NRS),6–24 h
1,2,Zhu 2022,Pain,Pain on movement (NRS),6–24 h,Group 30 — EA 30 min before surgery,Group Usual — usual care alone,103,104,98,101,Mean/SD,1.12,1.03,1.44,1.3,NOT REPORTED,NOT REPORTED,NRS 0-10,0.179,NOT REPORTED,Per-protocol,p. 422,Table 3,Pain at 6–24 h (mean±SD): Pre 1.15±1.02; 30 1.12±1.03; Comb 1.17±1.17; Usual 1.44±1.3; p=0.179,"Randomized arm sizes taken from CONSORT Fig 1 (Pre 103/30 103/Comb 103/Usual 104). Abstract instead reports Pre 103/30 104/Comb 103/Usual 103; source is internally inconsistent. Methods call the primary pain outcome 'pain on movement at 24h', while Table 3 labels the row 'Pain at 6–24 h'.",3,ADDED,AUDIT-0003,,Pain on movement (NRS),6–24 h
1,3,Zhu 2022,Pain,Pain on movement (NRS),6–24 h,Group Comb — EA day before + 30 min before surgery,Group Usual — usual care alone,103,104,100,101,Mean/SD,1.17,1.17,1.44,1.3,NOT REPORTED,NOT REPORTED,NRS 0-10,0.179,NOT REPORTED,Per-protocol,p. 422,Table 3,Pain at 6–24 h (mean±SD): Pre 1.15±1.02; 30 1.12±1.03; Comb 1.17±1.17; Usual 1.44±1.3; p=0.179,"Randomized arm sizes taken from CONSORT Fig 1 (Pre 103/30 103/Comb 103/Usual 104). Abstract instead reports Pre 103/30 104/Comb 103/Usual 103; source is internally inconsistent. Methods call the primary pain outcome 'pain on movement at 24h', while Table 3 labels the row 'Pain at 6–24 h'.",4,ADDED,AUDIT-0004,,Pain on movement (NRS),6–24 h
1,4,Zhu 2022,Pain,Pain on movement (NRS),0–6 h,Group Pre — EA day before surgery,Group Usual — usual care alone,103,104,101,101,Mean/SD,1.89,1.47,2.45,1.6,NOT REPORTED,NOT REPORTED,NRS 0-10,0.024*,NOT REPORTED,Per-protocol,p. 422,Table 3,Pain at 0–6 h (mean±SD): Pre 1.89±1.47; 30 2.01±1.25; Comb 1.97±1.25; Usual 2.45±1.6; p=0.024*,Randomized arm sizes taken from CONSORT Fig 1 (Pre 103/30 103/Comb 103/Usual 104). Abstract instead reports Pre 103/30 104/Comb 103/Usual 103; source is internally inconsistent.,5,ADDED,AUDIT-0005,,Pain on movement (NRS),0–6 h
1,5,Zhu 2022,Pain,Pain on movement (NRS),0–6 h,Group 30 — EA 30 min before surgery,Group Usual — usual care alone,103,104,98,101,Mean/SD,2.01,1.25,2.45,1.6,NOT REPORTED,NOT REPORTED,NRS 0-10,0.024*,NOT REPORTED,Per-protocol,p. 422,Table 3,Pain at 0–6 h (mean±SD): Pre 1.89±1.47; 30 2.01±1.25; Comb 1.97±1.25; Usual 2.45±1.6; p=0.024*,Randomized arm sizes taken from CONSORT Fig 1 (Pre 103/30 103/Comb 103/Usual 104). Abstract instead reports Pre 103/30 104/Comb 103/Usual 103; source is internally inconsistent.,6,ADDED,AUDIT-0006,,Pain on movement (NRS),0–6 h
1,6,Zhu 2022,Pain,Pain on movement (NRS),0–6 h,Group Comb — EA day before + 30 min before surgery,Group Usual — usual care alone,103,104,100,101,Mean/SD,1.97,1.25,2.45,1.6,NOT REPORTED,NOT REPORTED,NRS 0-10,0.024*,NOT REPORTED,Per-protocol,p. 422,Table 3,Pain at 0–6 h (mean±SD): Pre 1.89±1.47; 30 2.01±1.25; Comb 1.97±1.25; Usual 2.45±1.6; p=0.024*,Randomized arm sizes taken from CONSORT Fig 1 (Pre 103/30 103/Comb 103/Usual 104). Abstract instead reports Pre 103/30 104/Comb 103/Usual 103; source is internally inconsistent.,7,ADDED,AUDIT-0007,,Pain on movement (NRS),0–6 h
1,7,Zhu 2022,Pain,Pain on movement (NRS),24–48 h,Group Pre — EA day before surgery,Group Usual — usual care alone,103,104,101,101,Mean/SD,0.4,0.76,0.73,0.97,NOT REPORTED,NOT REPORTED,NRS 0-10,0.058,NOT REPORTED,Per-protocol,p. 422,Table 3,Pain at 24–48 h (mean±SD): Pre 0.4±0.76; 30 0.54±0.86; Comb 0.5±0.96; Usual 0.73±0.97; p=0.058,Randomized arm sizes taken from CONSORT Fig 1 (Pre 103/30 103/Comb 103/Usual 104). Abstract instead reports Pre 103/30 104/Comb 103/Usual 103; source is internally inconsistent.,8,ADDED,AUDIT-0008,,Pain on movement (NRS),24–48 h
1,8,Zhu 2022,Pain,Pain on movement (NRS),24–48 h,Group 30 — EA 30 min before surgery,Group Usual — usual care alone,103,104,98,101,Mean/SD,0.54,0.86,0.73,0.97,NOT REPORTED,NOT REPORTED,NRS 0-10,0.058,NOT REPORTED,Per-protocol,p. 422,Table 3,Pain at 24–48 h (mean±SD): Pre 0.4±0.76; 30 0.54±0.86; Comb 0.5±0.96; Usual 0.73±0.97; p=0.058,Randomized arm sizes taken from CONSORT Fig 1 (Pre 103/30 103/Comb 103/Usual 104). Abstract instead reports Pre 103/30 104/Comb 103/Usual 103; source is internally inconsistent.,9,ADDED,AUDIT-0009,,Pain on movement (NRS),24–48 h
1,9,Zhu 2022,Pain,Pain on movement (NRS),24–48 h,Group Comb — EA day before + 30 min before surgery,Group Usual — usual care alone,103,104,100,101,Mean/SD,0.5,0.96,0.73,0.97,NOT REPORTED,NOT REPORTED,NRS 0-10,0.058,NOT REPORTED,Per-protocol,p. 422,Table 3,Pain at 24–48 h (mean±SD): Pre 0.4±0.76; 30 0.54±0.86; Comb 0.5±0.96; Usual 0.73±0.97; p=0.058,Randomized arm sizes taken from CONSORT Fig 1 (Pre 103/30 103/Comb 103/Usual 104). Abstract instead reports Pre 103/30 104/Comb 103/Usual 103; source is internally inconsistent.,10,ADDED,AUDIT-0010,,Pain on movement (NRS),24–48 h
1,10,Zhu 2022,Pain,Pain on movement (NRS),48–72 h,Group Pre — EA day before surgery,Group Usual — usual care alone,103,104,101,101,Mean/SD,0.19,0.56,0.31,0.7,NOT REPORTED,NOT REPORTED,NRS 0-10,0.469,NOT REPORTED,Per-protocol,p. 422,Table 3,Pain at 48–72 h (mean±SD): Pre 0.19±0.56; 30 0.23±0.59; Comb 0.19±0.56; Usual 0.31±0.7; p=0.469,Randomized arm sizes taken from CONSORT Fig 1 (Pre 103/30 103/Comb 103/Usual 104). Abstract instead reports Pre 103/30 104/Comb 103/Usual 103; source is internally inconsistent.,11,ADDED,AUDIT-0011,,Pain on movement (NRS),48–72 h
1,11,Zhu 2022,Pain,Pain on movement (NRS),48–72 h,Group 30 — EA 30 min before surgery,Group Usual — usual care alone,103,104,98,101,Mean/SD,0.23,0.59,0.31,0.7,NOT REPORTED,NOT REPORTED,NRS 0-10,0.469,NOT REPORTED,Per-protocol,p. 422,Table 3,Pain at 48–72 h (mean±SD): Pre 0.19±0.56; 30 0.23±0.59; Comb 0.19±0.56; Usual 0.31±0.7; p=0.469,Randomized arm sizes taken from CONSORT Fig 1 (Pre 103/30 103/Comb 103/Usual 104). Abstract instead reports Pre 103/30 104/Comb 103/Usual 103; source is internally inconsistent.,12,ADDED,AUDIT-0012,,Pain on movement (NRS),48–72 h
1,12,Zhu 2022,Pain,Pain on movement (NRS),48–72 h,Group Comb — EA day before + 30 min before surgery,Group Usual — usual care alone,103,104,100,101,Mean/SD,0.19,0.56,0.31,0.7,NOT REPORTED,NOT REPORTED,NRS 0-10,0.469,NOT REPORTED,Per-protocol,p. 422,Table 3,Pain at 48–72 h (mean±SD): Pre 0.19±0.56; 30 0.23±0.59; Comb 0.19±0.56; Usual 0.31±0.7; p=0.469,Randomized arm sizes taken from CONSORT Fig 1 (Pre 103/30 103/Comb 103/Usual 104). Abstract instead reports Pre 103/30 104/Comb 103/Usual 103; source is internally inconsistent.,13,ADDED,AUDIT-0013,,Pain on movement (NRS),48–72 h
1,13,Zhu 2022,Rescue analgesia,Participants requiring postoperative analgesics,0–48 h after surgery,Group Pre — EA day before surgery,Group Usual — usual care alone,103,104,101,101,Events/total,NOT REPORTED,NOT REPORTED,NOT REPORTED,NOT REPORTED,2,3,participants,–,NOT REPORTED,Per-protocol,p. 422,Table 3,Analgesics 0–48 h after surgery (n) 2 3 1 3 –,"Randomized arm sizes taken from CONSORT Fig 1 (Pre 103/30 103/Comb 103/Usual 104). Abstract instead reports Pre 103/30 104/Comb 103/Usual 103; source is internally inconsistent. Rescue analgesic protocol was flurbiprofen 100 mg when NRS >3; table reports only number of patients, not doses.",14,ADDED,AUDIT-0014,,Participants requiring postoperative analgesics,0–48 h after surgery
1,14,Zhu 2022,Rescue analgesia,Participants requiring postoperative analgesics,0–48 h after surgery,Group 30 — EA 30 min before surgery,Group Usual — usual care alone,103,104,98,101,Events/total,NOT REPORTED,NOT REPORTED,NOT REPORTED,NOT REPORTED,3,3,participants,–,NOT REPORTED,Per-protocol,p. 422,Table 3,Analgesics 0–48 h after surgery (n) 2 3 1 3 –,"Randomized arm sizes taken from CONSORT Fig 1 (Pre 103/30 103/Comb 103/Usual 104). Abstract instead reports Pre 103/30 104/Comb 103/Usual 103; source is internally inconsistent. Rescue analgesic protocol was flurbiprofen 100 mg when NRS >3; table reports only number of patients, not doses.",15,ADDED,AUDIT-0015,,Participants requiring postoperative analgesics,0–48 h after surgery
1,15,Zhu 2022,Rescue analgesia,Participants requiring postoperative analgesics,0–48 h after surgery,Group Comb — EA day before + 30 min before surgery,Group Usual — usual care alone,103,104,100,101,Events/total,NOT REPORTED,NOT REPORTED,NOT REPORTED,NOT REPORTED,1,3,participants,–,NOT REPORTED,Per-protocol,p. 422,Table 3,Analgesics 0–48 h after surgery (n) 2 3 1 3 –,"Randomized arm sizes taken from CONSORT Fig 1 (Pre 103/30 103/Comb 103/Usual 104). Abstract instead reports Pre 103/30 104/Comb 103/Usual 103; source is internally inconsistent. Rescue analgesic protocol was flurbiprofen 100 mg when NRS >3; table reports only number of patients, not doses.",16,ADDED,AUDIT-0016,,Participants requiring postoperative analgesics,0–48 h after surgery
1,16,Zhu 2022,GI recovery,Time to passage of first flatus,From end of surgery to first flatus,Group Pre — EA day before surgery,Group Usual — usual care alone,103,104,101,101,Mean/SD,18.38,6.11,21.56,8.07,NOT REPORTED,NOT REPORTED,hours,0.003**,NOT REPORTED,Per-protocol,p. 422,Table 3,Time to passage of first flatus (h; mean±SD) 18.38±6.11 18.47±6.47 18.82±7.50 21.56±8.07 ... 0.003**,Randomized arm sizes taken from CONSORT Fig 1 (Pre 103/30 103/Comb 103/Usual 104). Abstract instead reports Pre 103/30 104/Comb 103/Usual 103; source is internally inconsistent.,17,ADDED,AUDIT-0017,,Time to passage of first flatus,From end of surgery to first flatus
1,17,Zhu 2022,GI recovery,Time to passage of first flatus,From end of surgery to first flatus,Group 30 — EA 30 min before surgery,Group Usual — usual care alone,103,104,98,101,Mean/SD,18.47,6.47,21.56,8.07,NOT REPORTED,NOT REPORTED,hours,0.003**,NOT REPORTED,Per-protocol,p. 422,Table 3,Time to passage of first flatus (h; mean±SD) 18.38±6.11 18.47±6.47 18.82±7.50 21.56±8.07 ... 0.003**,Randomized arm sizes taken from CONSORT Fig 1 (Pre 103/30 103/Comb 103/Usual 104). Abstract instead reports Pre 103/30 104/Comb 103/Usual 103; source is internally inconsistent.,18,ADDED,AUDIT-0018,,Time to passage of first flatus,From end of surgery to first flatus
1,18,Zhu 2022,GI recovery,Time to passage of first flatus,From end of surgery to first flatus,Group Comb — EA day before + 30 min before surgery,Group Usual — usual care alone,103,104,100,101,Mean/SD,18.82,7.5,21.56,8.07,NOT REPORTED,NOT REPORTED,hours,0.003**,NOT REPORTED,Per-protocol,p. 422,Table 3,Time to passage of first flatus (h; mean±SD) 18.38±6.11 18.47±6.47 18.82±7.50 21.56±8.07 ... 0.003**,Randomized arm sizes taken from CONSORT Fig 1 (Pre 103/30 103/Comb 103/Usual 104). Abstract instead reports Pre 103/30 104/Comb 103/Usual 103; source is internally inconsistent.,19,ADDED,AUDIT-0019,,Time to passage of first flatus,From end of surgery to first flatus
1,19,Zhu 2022,Quality of recovery,Overall QoR-15,AMBIGUOUS,Group Pre — EA day before surgery,Group Usual — usual care alone,103,104,101,101,Mean/SD,142.94,6.82,144.23,4.95,NOT REPORTED,NOT REPORTED,QoR-15 points,0.095,NOT REPORTED,Per-protocol,p. 422,Table 3,Overall QoR-15 (mean±SD) 142.94±6.82 144.74±5.21 144.61±5.35 144.23±4.95 ... 0.095,Randomized arm sizes taken from CONSORT Fig 1 (Pre 103/30 103/Comb 103/Usual 104). Abstract instead reports Pre 103/30 104/Comb 103/Usual 103; source is internally inconsistent. The table/methods do not state the assessment timepoint for the reported overall QoR-15 value.,20,AMBIGUOUS_HOLD,AUDIT-0020,,Overall QoR-15,AMBIGUOUS
1,20,Zhu 2022,Quality of recovery,Overall QoR-15,AMBIGUOUS,Group 30 — EA 30 min before surgery,Group Usual — usual care alone,103,104,98,101,Mean/SD,144.74,5.21,144.23,4.95,NOT REPORTED,NOT REPORTED,QoR-15 points,0.095,NOT REPORTED,Per-protocol,p. 422,Table 3,Overall QoR-15 (mean±SD) 142.94±6.82 144.74±5.21 144.61±5.35 144.23±4.95 ... 0.095,Randomized arm sizes taken from CONSORT Fig 1 (Pre 103/30 103/Comb 103/Usual 104). Abstract instead reports Pre 103/30 104/Comb 103/Usual 103; source is internally inconsistent. The table/methods do not state the assessment timepoint for the reported overall QoR-15 value.,21,AMBIGUOUS_HOLD,AUDIT-0021,,Overall QoR-15,AMBIGUOUS
1,21,Zhu 2022,Quality of recovery,Overall QoR-15,AMBIGUOUS,Group Comb — EA day before + 30 min before surgery,Group Usual — usual care alone,103,104,100,101,Mean/SD,144.61,5.35,144.23,4.95,NOT REPORTED,NOT REPORTED,QoR-15 points,0.095,NOT REPORTED,Per-protocol,p. 422,Table 3,Overall QoR-15 (mean±SD) 142.94±6.82 144.74±5.21 144.61±5.35 144.23±4.95 ... 0.095,Randomized arm sizes taken from CONSORT Fig 1 (Pre 103/30 103/Comb 103/Usual 104). Abstract instead reports Pre 103/30 104/Comb 103/Usual 103; source is internally inconsistent. The table/methods do not state the assessment timepoint for the reported overall QoR-15 value.,22,AMBIGUOUS_HOLD,AUDIT-0022,,Overall QoR-15,AMBIGUOUS
1,22,Zhu 2022,PONV,Postoperative nausea incidence,0–6 h after surgery,Group Pre — EA day before surgery,Group Usual — usual care alone,103,104,101,101,Events/total,NOT REPORTED,NOT REPORTED,NOT REPORTED,NOT REPORTED,9,20,participants,0.013*,NOT REPORTED,Per-protocol,p. 420,Table 2,0–6 h after surgery: Nausea (n) 9 11 7 20 0.013*,Randomized arm sizes taken from CONSORT Fig 1 (Pre 103/30 103/Comb 103/Usual 104). Abstract instead reports Pre 103/30 104/Comb 103/Usual 103; source is internally inconsistent. Table 2 values are per-protocol.,23,ADDED,AUDIT-0023,,Postoperative nausea incidence,0–6 h after surgery
1,23,Zhu 2022,PONV,Postoperative vomiting incidence,0–6 h after surgery,Group Pre — EA day before surgery,Group Usual — usual care alone,103,104,101,101,Events/total,NOT REPORTED,NOT REPORTED,NOT REPORTED,NOT REPORTED,7,17,participants,0.021*,NOT REPORTED,Per-protocol,p. 420,Table 2,0–6 h after surgery: Vomiting (n) 7 9 6 17 0.021*,Randomized arm sizes taken from CONSORT Fig 1 (Pre 103/30 103/Comb 103/Usual 104). Abstract instead reports Pre 103/30 104/Comb 103/Usual 103; source is internally inconsistent. Table 2 values are per-protocol.,24,ADDED,AUDIT-0024,,Postoperative vomiting incidence,0–6 h after surgery
1,24,Zhu 2022,PONV,Nausea severity score,0–6 h after surgery,Group Pre — EA day before surgery,Group Usual — usual care alone,103,104,101,101,Mean/SD,0.2,0.68,0.46,0.95,NOT REPORTED,NOT REPORTED,4-point Likert-type severity scale 0-3,0.012*,NOT REPORTED,Per-protocol,p. 420,Table 2,0–6 h after surgery: Nausea (mean±SD) 0.2±0.68 0.22±0.67 0.14±0.53 0.46±0.95 0.012*,Randomized arm sizes taken from CONSORT Fig 1 (Pre 103/30 103/Comb 103/Usual 104). Abstract instead reports Pre 103/30 104/Comb 103/Usual 103; source is internally inconsistent.,25,ADDED,AUDIT-0025,,Nausea severity score,0–6 h after surgery
1,25,Zhu 2022,PONV,Vomiting severity score,0–6 h after surgery,Group Pre — EA day before surgery,Group Usual — usual care alone,103,104,101,101,Mean/SD,0.16,0.61,0.36,0.79,NOT REPORTED,NOT REPORTED,4-point Likert-type severity scale 0-3,0.037*,NOT REPORTED,Per-protocol,p. 420,Table 2,0–6 h after surgery: Vomiting (mean±SD) 0.16±0.61 0.18±0.63 0.11±0.47 0.36±0.79 0.037*,Randomized arm sizes taken from CONSORT Fig 1 (Pre 103/30 103/Comb 103/Usual 104). Abstract instead reports Pre 103/30 104/Comb 103/Usual 103; source is internally inconsistent.,26,ADDED,AUDIT-0026,,Vomiting severity score,0–6 h after surgery
1,26,Zhu 2022,Rescue antiemetic,Participants requiring metoclopramide rescue antiemetic,0–6 h after surgery,Group Pre — EA day before surgery,Group Usual — usual care alone,103,104,101,101,Events/total,NOT REPORTED,NOT REPORTED,NOT REPORTED,NOT REPORTED,4,18,participants,0.001**,NOT REPORTED,Per-protocol,p. 420,Table 2,0–6 h after surgery: Antiemetic requirement (n) 4 11 4 18 0.001**,Randomized arm sizes taken from CONSORT Fig 1 (Pre 103/30 103/Comb 103/Usual 104). Abstract instead reports Pre 103/30 104/Comb 103/Usual 103; source is internally inconsistent. Methods specify metoclopramide 10 mg as rescue therapy.,27,ADDED,AUDIT-0027,,Participants requiring metoclopramide rescue antiemetic,0–6 h after surgery
1,27,Zhu 2022,PONV,Postoperative nausea incidence,0–6 h after surgery,Group 30 — EA 30 min before surgery,Group Usual — usual care alone,103,104,98,101,Events/total,NOT REPORTED,NOT REPORTED,NOT REPORTED,NOT REPORTED,11,20,participants,0.013*,NOT REPORTED,Per-protocol,p. 420,Table 2,0–6 h after surgery: Nausea (n) 9 11 7 20 0.013*,Randomized arm sizes taken from CONSORT Fig 1 (Pre 103/30 103/Comb 103/Usual 104). Abstract instead reports Pre 103/30 104/Comb 103/Usual 103; source is internally inconsistent. Table 2 values are per-protocol.,28,ADDED,AUDIT-0028,,Postoperative nausea incidence,0–6 h after surgery
1,28,Zhu 2022,PONV,Postoperative vomiting incidence,0–6 h after surgery,Group 30 — EA 30 min before surgery,Group Usual — usual care alone,103,104,98,101,Events/total,NOT REPORTED,NOT REPORTED,NOT REPORTED,NOT REPORTED,9,17,participants,0.021*,NOT REPORTED,Per-protocol,p. 420,Table 2,0–6 h after surgery: Vomiting (n) 7 9 6 17 0.021*,Randomized arm sizes taken from CONSORT Fig 1 (Pre 103/30 103/Comb 103/Usual 104). Abstract instead reports Pre 103/30 104/Comb 103/Usual 103; source is internally inconsistent. Table 2 values are per-protocol.,29,ADDED,AUDIT-0029,,Postoperative vomiting incidence,0–6 h after surgery
1,29,Zhu 2022,PONV,Nausea severity score,0–6 h after surgery,Group 30 — EA 30 min before surgery,Group Usual — usual care alone,103,104,98,101,Mean/SD,0.22,0.67,0.46,0.95,NOT REPORTED,NOT REPORTED,4-point Likert-type severity scale 0-3,0.012*,NOT REPORTED,Per-protocol,p. 420,Table 2,0–6 h after surgery: Nausea (mean±SD) 0.2±0.68 0.22±0.67 0.14±0.53 0.46±0.95 0.012*,Randomized arm sizes taken from CONSORT Fig 1 (Pre 103/30 103/Comb 103/Usual 104). Abstract instead reports Pre 103/30 104/Comb 103/Usual 103; source is internally inconsistent.,30,ADDED,AUDIT-0030,,Nausea severity score,0–6 h after surgery
1,30,Zhu 2022,PONV,Vomiting severity score,0–6 h after surgery,Group 30 — EA 30 min before surgery,Group Usual — usual care alone,103,104,98,101,Mean/SD,0.18,0.63,0.36,0.79,NOT REPORTED,NOT REPORTED,4-point Likert-type severity scale 0-3,0.037*,NOT REPORTED,Per-protocol,p. 420,Table 2,0–6 h after surgery: Vomiting (mean±SD) 0.16±0.61 0.18±0.63 0.11±0.47 0.36±0.79 0.037*,Randomized arm sizes taken from CONSORT Fig 1 (Pre 103/30 103/Comb 103/Usual 104). Abstract instead reports Pre 103/30 104/Comb 103/Usual 103; source is internally inconsistent.,31,ADDED,AUDIT-0031,,Vomiting severity score,0–6 h after surgery
1,31,Zhu 2022,Rescue antiemetic,Participants requiring metoclopramide rescue antiemetic,0–6 h after surgery,Group 30 — EA 30 min before surgery,Group Usual — usual care alone,103,104,98,101,Events/total,NOT REPORTED,NOT REPORTED,NOT REPORTED,NOT REPORTED,11,18,participants,0.001**,NOT REPORTED,Per-protocol,p. 420,Table 2,0–6 h after surgery: Antiemetic requirement (n) 4 11 4 18 0.001**,Randomized arm sizes taken from CONSORT Fig 1 (Pre 103/30 103/Comb 103/Usual 104). Abstract instead reports Pre 103/30 104/Comb 103/Usual 103; source is internally inconsistent. Methods specify metoclopramide 10 mg as rescue therapy.,32,ADDED,AUDIT-0032,,Participants requiring metoclopramide rescue antiemetic,0–6 h after surgery
1,32,Zhu 2022,PONV,Postoperative nausea incidence,0–6 h after surgery,Group Comb — EA day before + 30 min before surgery,Group Usual — usual care alone,103,104,100,101,Events/total,NOT REPORTED,NOT REPORTED,NOT REPORTED,NOT REPORTED,7,20,participants,0.013*,NOT REPORTED,Per-protocol,p. 420,Table 2,0–6 h after surgery: Nausea (n) 9 11 7 20 0.013*,Randomized arm sizes taken from CONSORT Fig 1 (Pre 103/30 103/Comb 103/Usual 104). Abstract instead reports Pre 103/30 104/Comb 103/Usual 103; source is internally inconsistent. Table 2 values are per-protocol.,33,ADDED,AUDIT-0033,,Postoperative nausea incidence,0–6 h after surgery
1,33,Zhu 2022,PONV,Postoperative vomiting incidence,0–6 h after surgery,Group Comb — EA day before + 30 min before surgery,Group Usual — usual care alone,103,104,100,101,Events/total,NOT REPORTED,NOT REPORTED,NOT REPORTED,NOT REPORTED,6,17,participants,0.021*,NOT REPORTED,Per-protocol,p. 420,Table 2,0–6 h after surgery: Vomiting (n) 7 9 6 17 0.021*,Randomized arm sizes taken from CONSORT Fig 1 (Pre 103/30 103/Comb 103/Usual 104). Abstract instead reports Pre 103/30 104/Comb 103/Usual 103; source is internally inconsistent. Table 2 values are per-protocol.,34,ADDED,AUDIT-0034,,Postoperative vomiting incidence,0–6 h after surgery
1,34,Zhu 2022,PONV,Nausea severity score,0–6 h after surgery,Group Comb — EA day before + 30 min before surgery,Group Usual — usual care alone,103,104,100,101,Mean/SD,0.14,0.53,0.46,0.95,NOT REPORTED,NOT REPORTED,4-point Likert-type severity scale 0-3,0.012*,NOT REPORTED,Per-protocol,p. 420,Table 2,0–6 h after surgery: Nausea (mean±SD) 0.2±0.68 0.22±0.67 0.14±0.53 0.46±0.95 0.012*,Randomized arm sizes taken from CONSORT Fig 1 (Pre 103/30 103/Comb 103/Usual 104). Abstract instead reports Pre 103/30 104/Comb 103/Usual 103; source is internally inconsistent.,35,ADDED,AUDIT-0035,,Nausea severity score,0–6 h after surgery
1,35,Zhu 2022,PONV,Vomiting severity score,0–6 h after surgery,Group Comb — EA day before + 30 min before surgery,Group Usual — usual care alone,103,104,100,101,Mean/SD,0.11,0.47,0.36,0.79,NOT REPORTED,NOT REPORTED,4-point Likert-type severity scale 0-3,0.037*,NOT REPORTED,Per-protocol,p. 420,Table 2,0–6 h after surgery: Vomiting (mean±SD) 0.16±0.61 0.18±0.63 0.11±0.47 0.36±0.79 0.037*,Randomized arm sizes taken from CONSORT Fig 1 (Pre 103/30 103/Comb 103/Usual 104). Abstract instead reports Pre 103/30 104/Comb 103/Usual 103; source is internally inconsistent.,36,ADDED,AUDIT-0036,,Vomiting severity score,0–6 h after surgery
1,36,Zhu 2022,Rescue antiemetic,Participants requiring metoclopramide rescue antiemetic,0–6 h after surgery,Group Comb — EA day before + 30 min before surgery,Group Usual — usual care alone,103,104,100,101,Events/total,NOT REPORTED,NOT REPORTED,NOT REPORTED,NOT REPORTED,4,18,participants,0.001**,NOT REPORTED,Per-protocol,p. 420,Table 2,0–6 h after surgery: Antiemetic requirement (n) 4 11 4 18 0.001**,Randomized arm sizes taken from CONSORT Fig 1 (Pre 103/30 103/Comb 103/Usual 104). Abstract instead reports Pre 103/30 104/Comb 103/Usual 103; source is internally inconsistent. Methods specify metoclopramide 10 mg as rescue therapy.,37,ADDED,AUDIT-0037,,Participants requiring metoclopramide rescue antiemetic,0–6 h after surgery
1,37,Zhu 2022,PONV,Nausea severity score,6–24 h after surgery,Group Pre — EA day before surgery,Group Usual — usual care alone,103,104,101,101,Mean/SD,0.22,0.66,0.5,0.88,NOT REPORTED,NOT REPORTED,4-point Likert-type severity scale 0-3,0.011,NOT REPORTED,Per-protocol,p. 420,Table 2,6–24 h after surgery: Nausea (mean±SD) 0.22±0.66 0.34±0.76 0.2±0.6 0.5±0.88 0.011,Randomized arm sizes taken from CONSORT Fig 1 (Pre 103/30 103/Comb 103/Usual 104). Abstract instead reports Pre 103/30 104/Comb 103/Usual 103; source is internally inconsistent.,38,ADDED,AUDIT-0038,,Nausea severity score,6–24 h after surgery
1,38,Zhu 2022,PONV,Vomiting severity score,6–24 h after surgery,Group Pre — EA day before surgery,Group Usual — usual care alone,103,104,101,101,Mean/SD,0.12,0.53,0.41,0.8,NOT REPORTED,NOT REPORTED,4-point Likert-type severity scale 0-3,0.008,NOT REPORTED,Per-protocol,p. 420,Table 2,6–24 h after surgery: Vomiting (mean±SD) 0.12±0.53 0.15±0.54 0.2±0.67 0.41±0.8 0.008,Randomized arm sizes taken from CONSORT Fig 1 (Pre 103/30 103/Comb 103/Usual 104). Abstract instead reports Pre 103/30 104/Comb 103/Usual 103; source is internally inconsistent.,39,ADDED,AUDIT-0039,,Vomiting severity score,6–24 h after surgery
1,39,Zhu 2022,Rescue antiemetic,Participants requiring metoclopramide rescue antiemetic,6–24 h after surgery,Group Pre — EA day before surgery,Group Usual — usual care alone,103,104,101,101,Events/total,NOT REPORTED,NOT REPORTED,NOT REPORTED,NOT REPORTED,8,28,participants,<0.001**,NOT REPORTED,Per-protocol,p. 420,Table 2,6–24 h after surgery: Antiemetic requirement (n) 8 16 9 28 <0.001**,Randomized arm sizes taken from CONSORT Fig 1 (Pre 103/30 103/Comb 103/Usual 104). Abstract instead reports Pre 103/30 104/Comb 103/Usual 103; source is internally inconsistent. Methods specify metoclopramide 10 mg as rescue therapy.,40,ADDED,AUDIT-0040,,Participants requiring metoclopramide rescue antiemetic,6–24 h after surgery
1,40,Zhu 2022,PONV,Nausea severity score,6–24 h after surgery,Group 30 — EA 30 min before surgery,Group Usual — usual care alone,103,104,98,101,Mean/SD,0.34,0.76,0.5,0.88,NOT REPORTED,NOT REPORTED,4-point Likert-type severity scale 0-3,0.011,NOT REPORTED,Per-protocol,p. 420,Table 2,6–24 h after surgery: Nausea (mean±SD) 0.22±0.66 0.34±0.76 0.2±0.6 0.5±0.88 0.011,Randomized arm sizes taken from CONSORT Fig 1 (Pre 103/30 103/Comb 103/Usual 104). Abstract instead reports Pre 103/30 104/Comb 103/Usual 103; source is internally inconsistent.,41,ADDED,AUDIT-0041,,Nausea severity score,6–24 h after surgery
1,41,Zhu 2022,PONV,Vomiting severity score,6–24 h after surgery,Group 30 — EA 30 min before surgery,Group Usual — usual care alone,103,104,98,101,Mean/SD,0.15,0.54,0.41,0.8,NOT REPORTED,NOT REPORTED,4-point Likert-type severity scale 0-3,0.008,NOT REPORTED,Per-protocol,p. 420,Table 2,6–24 h after surgery: Vomiting (mean±SD) 0.12±0.53 0.15±0.54 0.2±0.67 0.41±0.8 0.008,Randomized arm sizes taken from CONSORT Fig 1 (Pre 103/30 103/Comb 103/Usual 104). Abstract instead reports Pre 103/30 104/Comb 103/Usual 103; source is internally inconsistent.,42,ADDED,AUDIT-0042,,Vomiting severity score,6–24 h after surgery
1,42,Zhu 2022,Rescue antiemetic,Participants requiring metoclopramide rescue antiemetic,6–24 h after surgery,Group 30 — EA 30 min before surgery,Group Usual — usual care alone,103,104,98,101,Events/total,NOT REPORTED,NOT REPORTED,NOT REPORTED,NOT REPORTED,16,28,participants,<0.001**,NOT REPORTED,Per-protocol,p. 420,Table 2,6–24 h after surgery: Antiemetic requirement (n) 8 16 9 28 <0.001**,Randomized arm sizes taken from CONSORT Fig 1 (Pre 103/30 103/Comb 103/Usual 104). Abstract instead reports Pre 103/30 104/Comb 103/Usual 103; source is internally inconsistent. Methods specify metoclopramide 10 mg as rescue therapy.,43,ADDED,AUDIT-0043,,Participants requiring metoclopramide rescue antiemetic,6–24 h after surgery
1,43,Zhu 2022,PONV,Nausea severity score,6–24 h after surgery,Group Comb — EA day before + 30 min before surgery,Group Usual — usual care alone,103,104,100,101,Mean/SD,0.2,0.6,0.5,0.88,NOT REPORTED,NOT REPORTED,4-point Likert-type severity scale 0-3,0.011,NOT REPORTED,Per-protocol,p. 420,Table 2,6–24 h after surgery: Nausea (mean±SD) 0.22±0.66 0.34±0.76 0.2±0.6 0.5±0.88 0.011,Randomized arm sizes taken from CONSORT Fig 1 (Pre 103/30 103/Comb 103/Usual 104). Abstract instead reports Pre 103/30 104/Comb 103/Usual 103; source is internally inconsistent.,44,ADDED,AUDIT-0044,,Nausea severity score,6–24 h after surgery
1,44,Zhu 2022,PONV,Vomiting severity score,6–24 h after surgery,Group Comb — EA day before + 30 min before surgery,Group Usual — usual care alone,103,104,100,101,Mean/SD,0.2,0.67,0.41,0.8,NOT REPORTED,NOT REPORTED,4-point Likert-type severity scale 0-3,0.008,NOT REPORTED,Per-protocol,p. 420,Table 2,6–24 h after surgery: Vomiting (mean±SD) 0.12±0.53 0.15±0.54 0.2±0.67 0.41±0.8 0.008,Randomized arm sizes taken from CONSORT Fig 1 (Pre 103/30 103/Comb 103/Usual 104). Abstract instead reports Pre 103/30 104/Comb 103/Usual 103; source is internally inconsistent.,45,ADDED,AUDIT-0045,,Vomiting severity score,6–24 h after surgery
1,45,Zhu 2022,Rescue antiemetic,Participants requiring metoclopramide rescue antiemetic,6–24 h after surgery,Group Comb — EA day before + 30 min before surgery,Group Usual — usual care alone,103,104,100,101,Events/total,NOT REPORTED,NOT REPORTED,NOT REPORTED,NOT REPORTED,9,28,participants,<0.001**,NOT REPORTED,Per-protocol,p. 420,Table 2,6–24 h after surgery: Antiemetic requirement (n) 8 16 9 28 <0.001**,Randomized arm sizes taken from CONSORT Fig 1 (Pre 103/30 103/Comb 103/Usual 104). Abstract instead reports Pre 103/30 104/Comb 103/Usual 103; source is internally inconsistent. Methods specify metoclopramide 10 mg as rescue therapy.,46,ADDED,AUDIT-0046,,Participants requiring metoclopramide rescue antiemetic,6–24 h after surgery
1,46,Zhu 2022,PONV,Postoperative nausea incidence,24–48 h after surgery,Group Pre — EA day before surgery,Group Usual — usual care alone,103,104,101,101,Events/total,NOT REPORTED,NOT REPORTED,NOT REPORTED,NOT REPORTED,2,7,participants,0.164,NOT REPORTED,Per-protocol,p. 420,Table 2,24–48 h after surgery: Nausea (n) 2 2 2 7 0.164,Randomized arm sizes taken from CONSORT Fig 1 (Pre 103/30 103/Comb 103/Usual 104). Abstract instead reports Pre 103/30 104/Comb 103/Usual 103; source is internally inconsistent. Table 2 values are per-protocol.,47,ADDED,AUDIT-0047,,Postoperative nausea incidence,24–48 h after surgery
1,47,Zhu 2022,PONV,Postoperative vomiting incidence,24–48 h after surgery,Group Pre — EA day before surgery,Group Usual — usual care alone,103,104,101,101,Events/total,NOT REPORTED,NOT REPORTED,NOT REPORTED,NOT REPORTED,1,5,participants,0.307,NOT REPORTED,Per-protocol,p. 420,Table 2,24–48 h after surgery: Vomiting (n) 1 2 1 5 0.307,Randomized arm sizes taken from CONSORT Fig 1 (Pre 103/30 103/Comb 103/Usual 104). Abstract instead reports Pre 103/30 104/Comb 103/Usual 103; source is internally inconsistent. Table 2 values are per-protocol.,48,ADDED,AUDIT-0048,,Postoperative vomiting incidence,24–48 h after surgery
1,48,Zhu 2022,PONV,Nausea severity score,24–48 h after surgery,Group Pre — EA day before surgery,Group Usual — usual care alone,103,104,101,101,Mean/SD,0.04,0.28,0.12,0.45,NOT REPORTED,NOT REPORTED,4-point Likert-type severity scale 0-3,0.178,NOT REPORTED,Per-protocol,p. 420,Table 2,24–48 h after surgery: Nausea (mean±SD) 0.04±0.28 0.03±0.22 0.04±0.28 0.12±0.45 0.178,Randomized arm sizes taken from CONSORT Fig 1 (Pre 103/30 103/Comb 103/Usual 104). Abstract instead reports Pre 103/30 104/Comb 103/Usual 103; source is internally inconsistent.,49,ADDED,AUDIT-0049,,Nausea severity score,24–48 h after surgery
1,49,Zhu 2022,PONV,Vomiting severity score,24–48 h after surgery,Group Pre — EA day before surgery,Group Usual — usual care alone,103,104,101,101,Mean/SD,0.02,0.2,0.08,0.37,NOT REPORTED,NOT REPORTED,4-point Likert-type severity scale 0-3,0.214,NOT REPORTED,Per-protocol,p. 420,Table 2,24–48 h after surgery: Vomiting (mean±SD) 0.02±0.2 0.02±0.14 0.02±0.2 0.08±0.37 0.214,Randomized arm sizes taken from CONSORT Fig 1 (Pre 103/30 103/Comb 103/Usual 104). Abstract instead reports Pre 103/30 104/Comb 103/Usual 103; source is internally inconsistent.,50,ADDED,AUDIT-0050,,Vomiting severity score,24–48 h after surgery
1,50,Zhu 2022,Rescue antiemetic,Participants requiring metoclopramide rescue antiemetic,24–48 h after surgery,Group Pre — EA day before surgery,Group Usual — usual care alone,103,104,101,101,Events/total,NOT REPORTED,NOT REPORTED,NOT REPORTED,NOT REPORTED,1,7,participants,0.045*,NOT REPORTED,Per-protocol,p. 420,Table 2,24–48 h after surgery: Antiemetic requirement (n) 1 2 1 7 0.045*,Randomized arm sizes taken from CONSORT Fig 1 (Pre 103/30 103/Comb 103/Usual 104). Abstract instead reports Pre 103/30 104/Comb 103/Usual 103; source is internally inconsistent. Methods specify metoclopramide 10 mg as rescue therapy.,51,ADDED,AUDIT-0051,,Participants requiring metoclopramide rescue antiemetic,24–48 h after surgery
1,51,Zhu 2022,PONV,Postoperative nausea incidence,24–48 h after surgery,Group 30 — EA 30 min before surgery,Group Usual — usual care alone,103,104,98,101,Events/total,NOT REPORTED,NOT REPORTED,NOT REPORTED,NOT REPORTED,2,7,participants,0.164,NOT REPORTED,Per-protocol,p. 420,Table 2,24–48 h after surgery: Nausea (n) 2 2 2 7 0.164,Randomized arm sizes taken from CONSORT Fig 1 (Pre 103/30 103/Comb 103/Usual 104). Abstract instead reports Pre 103/30 104/Comb 103/Usual 103; source is internally inconsistent. Table 2 values are per-protocol.,52,ADDED,AUDIT-0052,,Postoperative nausea incidence,24–48 h after surgery
1,52,Zhu 2022,PONV,Postoperative vomiting incidence,24–48 h after surgery,Group 30 — EA 30 min before surgery,Group Usual — usual care alone,103,104,98,101,Events/total,NOT REPORTED,NOT REPORTED,NOT REPORTED,NOT REPORTED,2,5,participants,0.307,NOT REPORTED,Per-protocol,p. 420,Table 2,24–48 h after surgery: Vomiting (n) 1 2 1 5 0.307,Randomized arm sizes taken from CONSORT Fig 1 (Pre 103/30 103/Comb 103/Usual 104). Abstract instead reports Pre 103/30 104/Comb 103/Usual 103; source is internally inconsistent. Table 2 values are per-protocol.,53,ADDED,AUDIT-0053,,Postoperative vomiting incidence,24–48 h after surgery
1,53,Zhu 2022,PONV,Nausea severity score,24–48 h after surgery,Group 30 — EA 30 min before surgery,Group Usual — usual care alone,103,104,98,101,Mean/SD,0.03,0.22,0.12,0.45,NOT REPORTED,NOT REPORTED,4-point Likert-type severity scale 0-3,0.178,NOT REPORTED,Per-protocol,p. 420,Table 2,24–48 h after surgery: Nausea (mean±SD) 0.04±0.28 0.03±0.22 0.04±0.28 0.12±0.45 0.178,Randomized arm sizes taken from CONSORT Fig 1 (Pre 103/30 103/Comb 103/Usual 104). Abstract instead reports Pre 103/30 104/Comb 103/Usual 103; source is internally inconsistent.,54,ADDED,AUDIT-0054,,Nausea severity score,24–48 h after surgery
1,54,Zhu 2022,PONV,Vomiting severity score,24–48 h after surgery,Group 30 — EA 30 min before surgery,Group Usual — usual care alone,103,104,98,101,Mean/SD,0.02,0.14,0.08,0.37,NOT REPORTED,NOT REPORTED,4-point Likert-type severity scale 0-3,0.214,NOT REPORTED,Per-protocol,p. 420,Table 2,24–48 h after surgery: Vomiting (mean±SD) 0.02±0.2 0.02±0.14 0.02±0.2 0.08±0.37 0.214,Randomized arm sizes taken from CONSORT Fig 1 (Pre 103/30 103/Comb 103/Usual 104). Abstract instead reports Pre 103/30 104/Comb 103/Usual 103; source is internally inconsistent.,55,ADDED,AUDIT-0055,,Vomiting severity score,24–48 h after surgery
1,55,Zhu 2022,Rescue antiemetic,Participants requiring metoclopramide rescue antiemetic,24–48 h after surgery,Group 30 — EA 30 min before surgery,Group Usual — usual care alone,103,104,98,101,Events/total,NOT REPORTED,NOT REPORTED,NOT REPORTED,NOT REPORTED,2,7,participants,0.045*,NOT REPORTED,Per-protocol,p. 420,Table 2,24–48 h after surgery: Antiemetic requirement (n) 1 2 1 7 0.045*,Randomized arm sizes taken from CONSORT Fig 1 (Pre 103/30 103/Comb 103/Usual 104). Abstract instead reports Pre 103/30 104/Comb 103/Usual 103; source is internally inconsistent. Methods specify metoclopramide 10 mg as rescue therapy.,56,ADDED,AUDIT-0056,,Participants requiring metoclopramide rescue antiemetic,24–48 h after surgery
1,56,Zhu 2022,PONV,Postoperative nausea incidence,24–48 h after surgery,Group Comb — EA day before + 30 min before surgery,Group Usual — usual care alone,103,104,100,101,Events/total,NOT REPORTED,NOT REPORTED,NOT REPORTED,NOT REPORTED,2,7,participants,0.164,NOT REPORTED,Per-protocol,p. 420,Table 2,24–48 h after surgery: Nausea (n) 2 2 2 7 0.164,Randomized arm sizes taken from CONSORT Fig 1 (Pre 103/30 103/Comb 103/Usual 104). Abstract instead reports Pre 103/30 104/Comb 103/Usual 103; source is internally inconsistent. Table 2 values are per-protocol.,57,ADDED,AUDIT-0057,,Postoperative nausea incidence,24–48 h after surgery
1,57,Zhu 2022,PONV,Postoperative vomiting incidence,24–48 h after surgery,Group Comb — EA day before + 30 min before surgery,Group Usual — usual care alone,103,104,100,101,Events/total,NOT REPORTED,NOT REPORTED,NOT REPORTED,NOT REPORTED,1,5,participants,0.307,NOT REPORTED,Per-protocol,p. 420,Table 2,24–48 h after surgery: Vomiting (n) 1 2 1 5 0.307,Randomized arm sizes taken from CONSORT Fig 1 (Pre 103/30 103/Comb 103/Usual 104). Abstract instead reports Pre 103/30 104/Comb 103/Usual 103; source is internally inconsistent. Table 2 values are per-protocol.,58,ADDED,AUDIT-0058,,Postoperative vomiting incidence,24–48 h after surgery
1,58,Zhu 2022,PONV,Nausea severity score,24–48 h after surgery,Group Comb — EA day before + 30 min before surgery,Group Usual — usual care alone,103,104,100,101,Mean/SD,0.04,0.28,0.12,0.45,NOT REPORTED,NOT REPORTED,4-point Likert-type severity scale 0-3,0.178,NOT REPORTED,Per-protocol,p. 420,Table 2,24–48 h after surgery: Nausea (mean±SD) 0.04±0.28 0.03±0.22 0.04±0.28 0.12±0.45 0.178,Randomized arm sizes taken from CONSORT Fig 1 (Pre 103/30 103/Comb 103/Usual 104). Abstract instead reports Pre 103/30 104/Comb 103/Usual 103; source is internally inconsistent.,59,ADDED,AUDIT-0059,,Nausea severity score,24–48 h after surgery
1,59,Zhu 2022,PONV,Vomiting severity score,24–48 h after surgery,Group Comb — EA day before + 30 min before surgery,Group Usual — usual care alone,103,104,100,101,Mean/SD,0.02,0.2,0.08,0.37,NOT REPORTED,NOT REPORTED,4-point Likert-type severity scale 0-3,0.214,NOT REPORTED,Per-protocol,p. 420,Table 2,24–48 h after surgery: Vomiting (mean±SD) 0.02±0.2 0.02±0.14 0.02±0.2 0.08±0.37 0.214,Randomized arm sizes taken from CONSORT Fig 1 (Pre 103/30 103/Comb 103/Usual 104). Abstract instead reports Pre 103/30 104/Comb 103/Usual 103; source is internally inconsistent.,60,ADDED,AUDIT-0060,,Vomiting severity score,24–48 h after surgery
1,60,Zhu 2022,Rescue antiemetic,Participants requiring metoclopramide rescue antiemetic,24–48 h after surgery,Group Comb — EA day before + 30 min before surgery,Group Usual — usual care alone,103,104,100,101,Events/total,NOT REPORTED,NOT REPORTED,NOT REPORTED,NOT REPORTED,1,7,participants,0.045*,NOT REPORTED,Per-protocol,p. 420,Table 2,24–48 h after surgery: Antiemetic requirement (n) 1 2 1 7 0.045*,Randomized arm sizes taken from CONSORT Fig 1 (Pre 103/30 103/Comb 103/Usual 104). Abstract instead reports Pre 103/30 104/Comb 103/Usual 103; source is internally inconsistent. Methods specify metoclopramide 10 mg as rescue therapy.,61,ADDED,AUDIT-0061,,Participants requiring metoclopramide rescue antiemetic,24–48 h after surgery
1,61,Zhu 2022,PONV,Postoperative nausea incidence,48–72 h after surgery,Group Pre — EA day before surgery,Group Usual — usual care alone,103,104,101,101,Events/total,NOT REPORTED,NOT REPORTED,NOT REPORTED,NOT REPORTED,0,0,participants,NOT REPORTED,NOT REPORTED,Per-protocol,p. 421,Results text; data not shown,"At 48–72h after surgery, the incidence of PON and POV was zero in all groups (data not shown).",Randomized arm sizes taken from CONSORT Fig 1 (Pre 103/30 103/Comb 103/Usual 104). Abstract instead reports Pre 103/30 104/Comb 103/Usual 103; source is internally inconsistent. Counts are stated as zero for all groups in text; no table is shown.,62,ADDED,AUDIT-0062,,Postoperative nausea incidence,48–72 h after surgery
1,62,Zhu 2022,PONV,Postoperative vomiting incidence,48–72 h after surgery,Group Pre — EA day before surgery,Group Usual — usual care alone,103,104,101,101,Events/total,NOT REPORTED,NOT REPORTED,NOT REPORTED,NOT REPORTED,0,0,participants,NOT REPORTED,NOT REPORTED,Per-protocol,p. 421,Results text; data not shown,"At 48–72h after surgery, the incidence of PON and POV was zero in all groups (data not shown).",Randomized arm sizes taken from CONSORT Fig 1 (Pre 103/30 103/Comb 103/Usual 104). Abstract instead reports Pre 103/30 104/Comb 103/Usual 103; source is internally inconsistent. Counts are stated as zero for all groups in text; no table is shown.,63,ADDED,AUDIT-0063,,Postoperative vomiting incidence,48–72 h after surgery
1,63,Zhu 2022,PONV,Postoperative nausea incidence,48–72 h after surgery,Group 30 — EA 30 min before surgery,Group Usual — usual care alone,103,104,98,101,Events/total,NOT REPORTED,NOT REPORTED,NOT REPORTED,NOT REPORTED,0,0,participants,NOT REPORTED,NOT REPORTED,Per-protocol,p. 421,Results text; data not shown,"At 48–72h after surgery, the incidence of PON and POV was zero in all groups (data not shown).",Randomized arm sizes taken from CONSORT Fig 1 (Pre 103/30 103/Comb 103/Usual 104). Abstract instead reports Pre 103/30 104/Comb 103/Usual 103; source is internally inconsistent. Counts are stated as zero for all groups in text; no table is shown.,64,ADDED,AUDIT-0064,,Postoperative nausea incidence,48–72 h after surgery
1,64,Zhu 2022,PONV,Postoperative vomiting incidence,48–72 h after surgery,Group 30 — EA 30 min before surgery,Group Usual — usual care alone,103,104,98,101,Events/total,NOT REPORTED,NOT REPORTED,NOT REPORTED,NOT REPORTED,0,0,participants,NOT REPORTED,NOT REPORTED,Per-protocol,p. 421,Results text; data not shown,"At 48–72h after surgery, the incidence of PON and POV was zero in all groups (data not shown).",Randomized arm sizes taken from CONSORT Fig 1 (Pre 103/30 103/Comb 103/Usual 104). Abstract instead reports Pre 103/30 104/Comb 103/Usual 103; source is internally inconsistent. Counts are stated as zero for all groups in text; no table is shown.,65,ADDED,AUDIT-0065,,Postoperative vomiting incidence,48–72 h after surgery
1,65,Zhu 2022,PONV,Postoperative nausea incidence,48–72 h after surgery,Group Comb — EA day before + 30 min before surgery,Group Usual — usual care alone,103,104,100,101,Events/total,NOT REPORTED,NOT REPORTED,NOT REPORTED,NOT REPORTED,0,0,participants,NOT REPORTED,NOT REPORTED,Per-protocol,p. 421,Results text; data not shown,"At 48–72h after surgery, the incidence of PON and POV was zero in all groups (data not shown).",Randomized arm sizes taken from CONSORT Fig 1 (Pre 103/30 103/Comb 103/Usual 104). Abstract instead reports Pre 103/30 104/Comb 103/Usual 103; source is internally inconsistent. Counts are stated as zero for all groups in text; no table is shown.,66,ADDED,AUDIT-0066,,Postoperative nausea incidence,48–72 h after surgery
1,66,Zhu 2022,PONV,Postoperative vomiting incidence,48–72 h after surgery,Group Comb — EA day before + 30 min before surgery,Group Usual — usual care alone,103,104,100,101,Events/total,NOT REPORTED,NOT REPORTED,NOT REPORTED,NOT REPORTED,0,0,participants,NOT REPORTED,NOT REPORTED,Per-protocol,p. 421,Results text; data not shown,"At 48–72h after surgery, the incidence of PON and POV was zero in all groups (data not shown).",Randomized arm sizes taken from CONSORT Fig 1 (Pre 103/30 103/Comb 103/Usual 104). Abstract instead reports Pre 103/30 104/Comb 103/Usual 103; source is internally inconsistent. Counts are stated as zero for all groups in text; no table is shown.,67,ADDED,AUDIT-0067,,Postoperative vomiting incidence,48–72 h after surgery
1,67,Yang 2020,GI adverse effect,Abdominal distension incidence,Postoperative; assessment window not separately stated,EA group,UC group,30,29,29,28,Events/total,NOT REPORTED,NOT REPORTED,NOT REPORTED,NOT REPORTED,9,11,participants,0.514,NOT REPORTED,Available-case,e920648-5,Table 3,AD’s incidence (n [%])** 9 (31.03) 11 (39.28) 0.514,The article reports AD as a postoperative outcome but Table 3 does not attach a distinct clock time to this summary.,68,ADDED,AUDIT-0068,,Abdominal distension incidence,Postoperative; assessment window not separately stated
1,68,Yang 2020,GI adverse effect,Abdominal distension severity grade 0,Postoperative; assessment window not separately stated,EA group,UC group,30,29,29,28,Events/total,NOT REPORTED,NOT REPORTED,NOT REPORTED,NOT REPORTED,20,17,participants,0.290,NOT REPORTED,Available-case,e920648-5,Table 3,AD’s degree ... 0 20 (70) 17 (60.7),"P=0.290 is the overall comparison of the AD severity distribution, not a grade-specific P value.",69,ADDED,AUDIT-0069,,Abdominal distension severity grade 0,Postoperative; assessment window not separately stated
1,69,Yang 2020,GI adverse effect,Abdominal distension severity grade 1,Postoperative; assessment window not separately stated,EA group,UC group,30,29,29,28,Events/total,NOT REPORTED,NOT REPORTED,NOT REPORTED,NOT REPORTED,1,2,participants,0.290,NOT REPORTED,Available-case,e920648-5,Table 3,AD’s degree ... 1 1 (3.4) 2 (7.1),"P=0.290 is the overall comparison of the AD severity distribution, not a grade-specific P value.",70,ADDED,AUDIT-0070,,Abdominal distension severity grade 1,Postoperative; assessment window not separately stated
1,70,Yang 2020,GI adverse effect,Abdominal distension severity grade 2,Postoperative; assessment window not separately stated,EA group,UC group,30,29,29,28,Events/total,NOT REPORTED,NOT REPORTED,NOT REPORTED,NOT REPORTED,2,2,participants,0.290,NOT REPORTED,Available-case,e920648-5,Table 3,AD’s degree ... 2 2 (6.9) 2 (7.1),"P=0.290 is the overall comparison of the AD severity distribution, not a grade-specific P value.",71,ADDED,AUDIT-0071,,Abdominal distension severity grade 2,Postoperative; assessment window not separately stated
1,71,Yang 2020,GI adverse effect,Abdominal distension severity grade 3,Postoperative; assessment window not separately stated,EA group,UC group,30,29,29,28,Events/total,NOT REPORTED,NOT REPORTED,NOT REPORTED,NOT REPORTED,6,7,participants,0.290,NOT REPORTED,Available-case,e920648-5,Table 3,AD’s degree ... 3 6 (20.7) 7 (25.0),"P=0.290 is the overall comparison of the AD severity distribution, not a grade-specific P value.",72,ADDED,AUDIT-0072,,Abdominal distension severity grade 3,Postoperative; assessment window not separately stated
1,72,Yang 2020,GI adverse effect,Abdominal distension severity grade 4,Postoperative; assessment window not separately stated,EA group,UC group,30,29,29,28,Events/total,NOT REPORTED,NOT REPORTED,NOT REPORTED,NOT REPORTED,0,0,participants,0.290,NOT REPORTED,Available-case,e920648-5,Table 3,AD’s degree ... 4 0 (0) 0 (0),"P=0.290 is the overall comparison of the AD severity distribution, not a grade-specific P value.",73,ADDED,AUDIT-0073,,Abdominal distension severity grade 4,Postoperative; assessment window not separately stated
1,73,Yang 2020,Rescue analgesia,Participants given rescue medication,Postoperative; exact window not stated,EA group,UC group,30,29,29,28,Events/total,NOT REPORTED,NOT REPORTED,NOT REPORTED,NOT REPORTED,5,7,participants,0.473,NOT REPORTED,Available-case,e920648-5,Table 3,Rescue medication given (n [%])** 5 (17.24) 7 (25.00) 0.473,Methods define rescue medication as bucinnazine 100 mg IM if VAS >3/10; Table 3 does not state a time window.,74,AMBIGUOUS_HOLD,AUDIT-0074,,Participants given rescue medication,Postoperative; exact window not stated
1,74,Yang 2020,PONV,Nausea severity score,0–24 h after surgery,EA group,UC group,30,29,29,28,Median/IQR,0,0–1,0,0–1,NOT REPORTED,NOT REPORTED,4-point rating scale 0-3,1.000,NOT REPORTED,Available-case,e920648-6,Table 4,0–24 h after surgery: Nausea score* 0 (0–1) 0 (0–1) 1.000,"Table 4 footnote states starred continuous outcomes are median (quartile range). Where the table prints only '0' without a parenthetical range, dispersion is not reported.",75,NOT_ANALYSIS_ELIGIBLE,AUDIT-0075,,Nausea severity score,0–24 h after surgery
1,75,Yang 2020,PONV,Vomiting severity score,0–24 h after surgery,EA group,UC group,30,29,29,28,Median/IQR,0,0–0,0,0–0.75,NOT REPORTED,NOT REPORTED,4-point rating scale 0-3,0.486,NOT REPORTED,Available-case,e920648-6,Table 4,0–24 h after surgery: Vomiting score* 0 (0–0) 0 (0–0.75) 0.486,"Table 4 footnote states starred continuous outcomes are median (quartile range). Where the table prints only '0' without a parenthetical range, dispersion is not reported.",76,NOT_ANALYSIS_ELIGIBLE,AUDIT-0076,,Vomiting severity score,0–24 h after surgery
1,76,Yang 2020,PONV,Nausea incidence,0–24 h after surgery,EA group,UC group,30,29,29,28,Events/total,NOT REPORTED,NOT REPORTED,NOT REPORTED,NOT REPORTED,8,8,participants,0.934,NOT REPORTED,Available-case,e920648-6,Table 4,0–24 h after surgery: Nausea [incidence; n (%)] 8 ... 8 ... 0.934,NOT REPORTED,77,ADDED,AUDIT-0077,,Nausea incidence,0–24 h after surgery
1,77,Yang 2020,PONV,Vomiting incidence,0–24 h after surgery,EA group,UC group,30,29,29,28,Events/total,NOT REPORTED,NOT REPORTED,NOT REPORTED,NOT REPORTED,5,7,participants,0.473,NOT REPORTED,Available-case,e920648-6,Table 4,0–24 h after surgery: Vomiting [incidence; n (%)] 5 ... 7 ... 0.473,NOT REPORTED,78,ADDED,AUDIT-0078,,Vomiting incidence,0–24 h after surgery
1,78,Yang 2020,Pain,Static pain VAS,0–24 h after surgery,EA group,UC group,30,29,29,28,Median/IQR,2,2–2,2,2–2,NOT REPORTED,NOT REPORTED,VAS 0-10,0.651,NOT REPORTED,Available-case,e920648-6,Table 4,0–24 h after surgery: Static pain VAS* 2 (2–2) 2 (2–2) 0.651,"The paper labels these as static and dynamic pain, not rest/movement with further operational detail.",79,NOT_ANALYSIS_ELIGIBLE,AUDIT-0079,,Static pain VAS,0–24 h after surgery
1,79,Yang 2020,Pain,Dynamic pain VAS,0–24 h after surgery,EA group,UC group,30,29,29,28,Median/IQR,3,3–3,3,3–3,NOT REPORTED,NOT REPORTED,VAS 0-10,0.153,NOT REPORTED,Available-case,e920648-6,Table 4,0–24 h after surgery: Dynamic pain VAS* 3 (3–3) 3 (3–3) 0.153,"The paper labels these as static and dynamic pain, not rest/movement with further operational detail.",80,NOT_ANALYSIS_ELIGIBLE,AUDIT-0080,,Dynamic pain VAS,0–24 h after surgery
1,80,Yang 2020,PONV,Nausea severity score,24–48 h after surgery,EA group,UC group,30,29,29,28,Median/IQR,0,0–0,0,0–0,NOT REPORTED,NOT REPORTED,4-point rating scale 0-3,0.726,NOT REPORTED,Available-case,e920648-6,Table 4,24–48 h after surgery: Nausea score* 0 (0–0) 0 (0–0) 0.726,"Table 4 footnote states starred continuous outcomes are median (quartile range). Where the table prints only '0' without a parenthetical range, dispersion is not reported.",81,NOT_ANALYSIS_ELIGIBLE,AUDIT-0081,,Nausea severity score,24–48 h after surgery
1,81,Yang 2020,PONV,Vomiting severity score,24–48 h after surgery,EA group,UC group,30,29,29,28,Other (describe),0,NOT REPORTED,0,NOT REPORTED,NOT REPORTED,NOT REPORTED,4-point rating scale 0-3,–,NOT REPORTED,Available-case,e920648-6,Table 4,24–48 h after surgery: Vomiting score* 0 0 –,"Table 4 footnote states starred continuous outcomes are median (quartile range). Where the table prints only '0' without a parenthetical range, dispersion is not reported.",82,AMBIGUOUS_HOLD,AUDIT-0082,,Vomiting severity score,24–48 h after surgery
1,82,Yang 2020,PONV,Nausea incidence,24–48 h after surgery,EA group,UC group,30,29,29,28,Events/total,NOT REPORTED,NOT REPORTED,NOT REPORTED,NOT REPORTED,4,3,participants,1.000,NOT REPORTED,Available-case,e920648-6,Table 4,24–48 h after surgery: Nausea [incidence; n (%)] 4 ... 3 ... 1.000,NOT REPORTED,83,ADDED,AUDIT-0083,,Nausea incidence,24–48 h after surgery
1,83,Yang 2020,PONV,Vomiting incidence,24–48 h after surgery,EA group,UC group,30,29,29,28,Events/total,NOT REPORTED,NOT REPORTED,NOT REPORTED,NOT REPORTED,0,0,participants,–,NOT REPORTED,Available-case,e920648-6,Table 4,24–48 h after surgery: Vomiting [incidence; n (%)] 0 ... 0 ... –,NOT REPORTED,84,ADDED,AUDIT-0084,,Vomiting incidence,24–48 h after surgery
1,84,Yang 2020,Pain,Static pain VAS,24–48 h after surgery,EA group,UC group,30,29,29,28,Median/IQR,2,2–3,2,2–3,NOT REPORTED,NOT REPORTED,VAS 0-10,0.930,NOT REPORTED,Available-case,e920648-6,Table 4,24–48 h after surgery: Static pain VAS* 2 (2–3) 2 (2–3) 0.930,"The paper labels these as static and dynamic pain, not rest/movement with further operational detail.",85,NOT_ANALYSIS_ELIGIBLE,AUDIT-0085,,Static pain VAS,24–48 h after surgery
1,85,Yang 2020,Pain,Dynamic pain VAS,24–48 h after surgery,EA group,UC group,30,29,29,28,Median/IQR,3,3–3,3,3–3,NOT REPORTED,NOT REPORTED,VAS 0-10,0.401,NOT REPORTED,Available-case,e920648-6,Table 4,24–48 h after surgery: Dynamic pain VAS* 3 (3–3) 3 (3–3) 0.401,"The paper labels these as static and dynamic pain, not rest/movement with further operational detail.",86,NOT_ANALYSIS_ELIGIBLE,AUDIT-0086,,Dynamic pain VAS,24–48 h after surgery
1,86,Yang 2020,PONV,Nausea severity score,48–72 h after surgery,EA group,UC group,30,29,29,28,Other (describe),0,NOT REPORTED,0,NOT REPORTED,NOT REPORTED,NOT REPORTED,4-point rating scale 0-3,–,NOT REPORTED,Available-case,e920648-6,Table 4,48–72 h after surgery: Nausea score* 0 0 –,"Table 4 footnote states starred continuous outcomes are median (quartile range). Where the table prints only '0' without a parenthetical range, dispersion is not reported.",87,AMBIGUOUS_HOLD,AUDIT-0087,,Nausea severity score,48–72 h after surgery
1,87,Yang 2020,PONV,Vomiting severity score,48–72 h after surgery,EA group,UC group,30,29,29,28,Other (describe),0,NOT REPORTED,0,NOT REPORTED,NOT REPORTED,NOT REPORTED,4-point rating scale 0-3,–,NOT REPORTED,Available-case,e920648-6,Table 4,48–72 h after surgery: Vomiting score* 0 0 –,"Table 4 footnote states starred continuous outcomes are median (quartile range). Where the table prints only '0' without a parenthetical range, dispersion is not reported.",88,AMBIGUOUS_HOLD,AUDIT-0088,,Vomiting severity score,48–72 h after surgery
1,88,Yang 2020,PONV,Nausea incidence,48–72 h after surgery,EA group,UC group,30,29,29,28,Events/total,NOT REPORTED,NOT REPORTED,NOT REPORTED,NOT REPORTED,0,0,participants,–,NOT REPORTED,Available-case,e920648-6,Table 4,48–72 h after surgery: Nausea [incidence; n (%)] 0 ... 0 ... –,NOT REPORTED,89,ADDED,AUDIT-0089,,Nausea incidence,48–72 h after surgery
1,89,Yang 2020,PONV,Vomiting incidence,48–72 h after surgery,EA group,UC group,30,29,29,28,Events/total,NOT REPORTED,NOT REPORTED,NOT REPORTED,NOT REPORTED,0,0,participants,–,NOT REPORTED,Available-case,e920648-6,Table 4,48–72 h after surgery: Vomiting [incidence; n (%)] 0 ... 0 ... –,NOT REPORTED,90,ADDED,AUDIT-0090,,Vomiting incidence,48–72 h after surgery
1,90,Yang 2020,Pain,Static pain VAS,48–72 h after surgery,EA group,UC group,30,29,29,28,Median/IQR,3,2–3,3,2–3,NOT REPORTED,NOT REPORTED,VAS 0-10,0.703,NOT REPORTED,Available-case,e920648-6,Table 4,48–72 h after surgery: Static pain VAS* 3 (2–3) 3 (2–3) 0.703,"The paper labels these as static and dynamic pain, not rest/movement with further operational detail.",91,NOT_ANALYSIS_ELIGIBLE,AUDIT-0091,,Static pain VAS,48–72 h after surgery
1,91,Yang 2020,Pain,Dynamic pain VAS,48–72 h after surgery,EA group,UC group,30,29,29,28,Median/IQR,3,3–3,3,3–3,NOT REPORTED,NOT REPORTED,VAS 0-10,0.079,NOT REPORTED,Available-case,e920648-6,Table 4,48–72 h after surgery: Dynamic pain VAS* 3 (3–3) 3 (3–3) 0.079,"The paper labels these as static and dynamic pain, not rest/movement with further operational detail.",92,NOT_ANALYSIS_ELIGIBLE,AUDIT-0092,,Dynamic pain VAS,48–72 h after surgery
1,92,Yang 2020,Functional recovery,Time to out-of-bed activity,Postoperative,EA group,UC group,30,29,29,28,Mean/SD,11.2,1.0,13,3.5,NOT REPORTED,NOT REPORTED,hours,0.5,NOT REPORTED,Available-case,e920648-6,Table 4,Time to out-of-bed activity (h)# 11.2±1.0 13±3.5 0.5,NOT REPORTED,93,ADDED,AUDIT-0093,,Time to out-of-bed activity,Postoperative
1,93,Yang 2020,Length of stay,Hospital stay,Postoperative hospitalization,EA group,UC group,30,29,29,28,Mean/SD,6.1,2.15,6.5,2.05,NOT REPORTED,NOT REPORTED,days,0.442,NOT REPORTED,Available-case,e920648-6,Table 4,Hospital stay (d)# 6.1±2.15 6.5±2.05 0.442,NOT REPORTED,94,ADDED,AUDIT-0094,,Hospital stay,Postoperative hospitalization
1,94,Pan 2023,Pain,NRS in the mobile state,1 h after operation,Group T — TEAS,Group C — control,52,53,52,53,Other (describe),2,1.4,3,2.4,NOT REPORTED,NOT REPORTED,NRS 0-10,0.04*,NOT REPORTED,Unstated,p. 815,Table 7,NRS 1h 2 (1.4) 3 (2.4) 0.04*,Results text specifies the NRS was assessed 'while in the mobile state'. Table prints parenthetical values but does not label them as SD/IQR in Table 7; statistic type therefore left as Other (describe).,95,AMBIGUOUS_HOLD,AUDIT-0095,,NRS in the mobile state,1 h after operation
1,95,Pan 2023,Pain,NRS in the mobile state,24 h after operation,Group T — TEAS,Group C — control,52,53,52,53,Other (describe),2,2.3,3,3.4,NOT REPORTED,NOT REPORTED,NRS 0-10,0.00*,NOT REPORTED,Unstated,p. 815,Table 7,NRS 24h 2 (2.3) 3 (3.4) 0.00*,Results text specifies the NRS was assessed 'while in the mobile state'. Table prints parenthetical values but does not label them as SD/IQR in Table 7; statistic type therefore left as Other (describe).,96,AMBIGUOUS_HOLD,AUDIT-0096,,NRS in the mobile state,24 h after operation
1,96,Pan 2023,Pain,Resting pain,Postoperative,Group T — TEAS,Group C — control,52,53,52,53,Other (describe),NOT REPORTED,NOT REPORTED,NOT REPORTED,NOT REPORTED,NOT REPORTED,NOT REPORTED,NRS 0-10,NOT REPORTED,NOT REPORTED,Unstated,pp. 810–816,Methods + Tables 6–7,The NRS score while in the mobile state was significantly lower in Group T at 1 hour and at 24 hours after operation (Table 7).,A separate resting-pain outcome is not reported.,97,NOT_REPORTED_ADDED,AUDIT-0097,,Resting pain,Postoperative
1,97,Pan 2023,Pain,PACU highest NRS score,PACU,Group T — TEAS,Group C — control,52,53,52,53,Other (describe),0,0.1,0,0.2,NOT REPORTED,NOT REPORTED,NRS 0-10,0.00*,NOT REPORTED,Unstated,p. 815,Table 6,PACU highest NRS score 0 (0.1) 0 (0.2) 0.00*,The table does not define the parenthetical statistic for this row; do not assume SD or IQR.,98,AMBIGUOUS_HOLD,AUDIT-0098,,PACU highest NRS score,PACU
1,98,Pan 2023,PONV,Vomiting incidence,1 h after operation,Group T — TEAS,Group C — control,52,53,52,53,Events/total,NOT REPORTED,NOT REPORTED,NOT REPORTED,NOT REPORTED,2,3,participants,0.66,NOT REPORTED,Unstated,p. 815,Table 7,Vomiting at 1h 2 (4) 3 (6) 0.66,The table reports counts and rounded percentages.,99,ADDED,AUDIT-0099,,Vomiting incidence,1 h after operation
1,99,Pan 2023,PONV,Vomiting incidence,Within 24 h after operation,Group T — TEAS,Group C — control,52,53,52,53,Events/total,NOT REPORTED,NOT REPORTED,NOT REPORTED,NOT REPORTED,9,19,participants,0.03*,NOT REPORTED,Unstated,p. 815,Table 7,Vomiting at 24h 9 (17) 19 (36) 0.03*,The table reports counts and rounded percentages.,100,ADDED,AUDIT-0100,,Vomiting incidence,Within 24 h after operation
1,100,Pan 2023,PONV,Nausea incidence,Within 24 h after operation,Group T — TEAS,Group C — control,52,53,52,53,Other (describe),NOT REPORTED,NOT REPORTED,NOT REPORTED,NOT REPORTED,NOT REPORTED,NOT REPORTED,participants,NOT REPORTED,NOT REPORTED,Unstated,p. 815,Table 7,"Table 7 Comparison of NRS, the Incidence of Vomiting and Utilization Rate of Analgesic and Antiemetic Drugs in 24h Between the Two Groups",Nausea is discussed generally but is not separately tabulated as an incidence outcome.,101,NOT_REPORTED_ADDED,AUDIT-0101,,Nausea incidence,Within 24 h after operation
1,101,Pan 2023,Rescue analgesia,Participants using analgesic drugs,Within 24 h after operation,Group T — TEAS,Group C — control,52,53,52,53,Events/total,NOT REPORTED,NOT REPORTED,NOT REPORTED,NOT REPORTED,19,23,participants,0.47,NOT REPORTED,Unstated,p. 815,Table 7,Analgesic drugs (n%) 19 (37) 23 (43) 0.47,"The table reports use of analgesic drugs, not a drug dose or opioid amount.",102,AMBIGUOUS_HOLD,AUDIT-0102,,Participants using analgesic drugs,Within 24 h after operation
1,102,Pan 2023,Rescue antiemetic,Participants using antiemetic drugs,Within 24 h after operation,Group T — TEAS,Group C — control,52,53,52,53,Events/total,NOT REPORTED,NOT REPORTED,NOT REPORTED,NOT REPORTED,25,34,participants,0.10,NOT REPORTED,Unstated,p. 815,Table 7,Antiemetic drugs (n%) 25 (48) 34 (64) 0.10,NOT REPORTED,103,ADDED,AUDIT-0103,,Participants using antiemetic drugs,Within 24 h after operation
1,103,Pan 2023,Rescue medication,Utilization of remedial drugs in PACU,PACU,Group T — TEAS,Group C — control,52,53,52,53,Events/total,NOT REPORTED,NOT REPORTED,NOT REPORTED,NOT REPORTED,10,18,participants,0.09,NOT REPORTED,Unstated,p. 815,Table 6,"The utilization rate of remedial drugs in PACU (n,%) 10 (19) 18 (34) 0.09",Table 6 does not specify which remedial drug(s) were used.,104,AMBIGUOUS_HOLD,AUDIT-0104,,Utilization of remedial drugs in PACU,PACU
1,104,Pan 2023,Functional recovery,Time of respiratory recovery,PACU/recovery,Group T — TEAS,Group C — control,52,53,52,53,Mean/SD,10.2,2.7,10.9,3.7,NOT REPORTED,NOT REPORTED,minutes,0.22,NOT REPORTED,Unstated,p. 815,Table 6,Time of respiratory recovery 10.2±2.7 10.9±3.7 0.22,NOT REPORTED,105,ADDED,AUDIT-0105,,Time of respiratory recovery,PACU/recovery
1,105,Pan 2023,Functional recovery,Time of conscious,PACU/recovery,Group T — TEAS,Group C — control,52,53,52,53,Mean/SD,10.7,2.7,11.3,3.8,NOT REPORTED,NOT REPORTED,minutes,0.28,NOT REPORTED,Unstated,p. 815,Table 6,Time of conscious 10.7±2.7 11.3±3.8 0.28,NOT REPORTED,106,ADDED,AUDIT-0106,,Time of conscious,PACU/recovery
1,106,Pan 2023,Functional recovery,Time of extubation,PACU/recovery,Group T — TEAS,Group C — control,52,53,52,53,Mean/SD,11.4,3.0,12.1,3.8,NOT REPORTED,NOT REPORTED,minutes,0.27,NOT REPORTED,Unstated,p. 815,Table 6,Time of extubation 11.4±3.0 12.1±3.8 0.27,NOT REPORTED,107,ADDED,AUDIT-0107,,Time of extubation,PACU/recovery
1,107,Pan 2023,Functional recovery,PACU Aldrete score,PACU,Group T — TEAS,Group C — control,52,53,52,53,Mean/SD,8.8,0.8,8.9,0.8,NOT REPORTED,NOT REPORTED,Aldrete points,0.79,NOT REPORTED,Unstated,p. 815,Table 6,PACU Aldrete score 8.8±0.8 8.9±0.8 0.79,NOT REPORTED,108,ADDED,AUDIT-0108,,PACU Aldrete score,PACU
1,108,Pan 2023,Functional recovery,PACU retention time,PACU,Group T — TEAS,Group C — control,52,53,52,53,Mean/SD,50.9,20.9,52.7,17.6,NOT REPORTED,NOT REPORTED,minutes,0.62,NOT REPORTED,Unstated,p. 815,Table 6,PACU retention time 50.9±20.9 52.7±17.6 0.62,NOT REPORTED,109,ADDED,AUDIT-0109,,PACU retention time,PACU
1,109,Pan 2023,Length of stay,Postoperative hospitalization time,Postoperative hospitalization,Group T — TEAS,Group C — control,52,53,52,53,Mean/SD,4.1,2.3,4.1,1.5,NOT REPORTED,NOT REPORTED,days,0.88,NOT REPORTED,Unstated,p. 816,Table 9,Postoperative hospitalization time 4.1±2.3 4.1±1.5 0.88,NOT REPORTED,110,ADDED,AUDIT-0110,,Postoperative hospitalization time,Postoperative hospitalization
1,110,Pan 2023,Functional recovery,First postoperative water intake time,Postoperative,Group T — TEAS,Group C — control,52,53,52,53,Median/IQR,698.0,"389.8,900.5",698.0,"494.5,946.0",NOT REPORTED,NOT REPORTED,minutes,0.33,NOT REPORTED,Unstated,p. 816,Table 9,"First postoperative water intake time (min) 698.0 (389.8,900.5) 698.0 (494.5,946.0) 0.33",NOT REPORTED,111,NOT_ANALYSIS_ELIGIBLE,AUDIT-0111,,First postoperative water intake time,Postoperative
1,111,Pan 2023,Functional recovery,First solid food tolerance time,Postoperative,Group T — TEAS,Group C — control,52,53,52,53,Median/IQR,1207.5,"998.5,1414.5",1328.0,"1133.5,1521.5",NOT REPORTED,NOT REPORTED,minutes,0.02*,NOT REPORTED,Unstated,p. 816,Table 9,"First solid food tolerance time (min) 1207.5 (998.5,1414.5) 1328.0 (1133.5,1521.5) 0.02*",NOT REPORTED,112,NOT_ANALYSIS_ELIGIBLE,AUDIT-0112,,First solid food tolerance time,Postoperative
1,112,Pan 2023,Functional recovery,Removing the catheter time,Postoperative,Group T — TEAS,Group C — control,52,53,52,53,Median/IQR,1389.0,"1015.0,2505.3",1375.0,"1148.5,2400.0",NOT REPORTED,NOT REPORTED,minutes,0.76,NOT REPORTED,Unstated,p. 816,Table 9,"Removing the catheter time (min) 1389.0 (1015.0,2505.3) 1375.0 (1148.5,2400.0) 0.76",NOT REPORTED,113,NOT_ANALYSIS_ELIGIBLE,AUDIT-0113,,Removing the catheter time,Postoperative
1,113,Pan 2023,Functional recovery,First postoperative implantation activity time,Postoperative,Group T — TEAS,Group C — control,52,53,52,53,Median/IQR,1253.0,"992.8,1496.3",1360.0,"1019.0,1526.0",NOT REPORTED,NOT REPORTED,minutes,0.40,NOT REPORTED,Unstated,p. 816,Table 9,"First postoperative implantation activity time (min) 1253.0 (992.8,1496.3) 1360.0 (1019.0,1526.0) 0.40","The source literally prints 'implantation activity'; this appears likely to be a wording error, but it is preserved verbatim and not silently corrected.",114,AMBIGUOUS_HOLD,AUDIT-0114,,First postoperative implantation activity time,Postoperative
1,114,Pan 2023,Quality of recovery,Physical comfort,24 h after operation,Group T — TEAS,Group C — control,52,53,52,53,Mean/SD,54.6,2.8,52.3,3.6,NOT REPORTED,NOT REPORTED,QoR-40 points,0.00*,NOT REPORTED,Unstated,p. 816,Table 10,Physical comfort 54.6±2.8 52.3±3.6 0.00*,NOT REPORTED,115,ADDED,AUDIT-0115,,Physical comfort,24 h after operation
1,115,Pan 2023,Quality of recovery,Emotional state,24 h after operation,Group T — TEAS,Group C — control,52,53,52,53,Mean/SD,41.7,2.3,39.7,2.9,NOT REPORTED,NOT REPORTED,QoR-40 points,0.00*,NOT REPORTED,Unstated,p. 816,Table 10,Emotional state 41.7±2.3 39.7±2.9 0.00*,NOT REPORTED,116,ADDED,AUDIT-0116,,Emotional state,24 h after operation
1,116,Pan 2023,Quality of recovery,Physical independence,24 h after operation,Group T — TEAS,Group C — control,52,53,52,53,Mean/SD,20.9,3.3,20.4,3.1,NOT REPORTED,NOT REPORTED,QoR-40 points,0.37,NOT REPORTED,Unstated,p. 816,Table 10,Physical independence 20.9±3.3 20.4±3.1 0.37,NOT REPORTED,117,ADDED,AUDIT-0117,,Physical independence,24 h after operation
1,117,Pan 2023,Quality of recovery,Psychological support,24 h after operation,Group T — TEAS,Group C — control,52,53,52,53,Mean/SD,32.5,2.3,32.0,1.9,NOT REPORTED,NOT REPORTED,QoR-40 points,0.19,NOT REPORTED,Unstated,p. 816,Table 10,Psychological support 32.5±2.3 32.0±1.9 0.19,NOT REPORTED,118,ADDED,AUDIT-0118,,Psychological support,24 h after operation
1,118,Pan 2023,Quality of recovery,Pain subscale,24 h after operation,Group T — TEAS,Group C — control,52,53,52,53,Mean/SD,32.9,1.3,32.0,1.5,NOT REPORTED,NOT REPORTED,QoR-40 points,0.00*,NOT REPORTED,Unstated,p. 816,Table 10,Pain 32.9±1.3 32.0±1.5 0.00*,NOT REPORTED,119,ADDED,AUDIT-0119,,Pain subscale,24 h after operation
1,119,Pan 2023,Quality of recovery,Total QoR-40 score,24 h after operation,Group T — TEAS,Group C — control,52,53,52,53,Mean/SD,182.7,6.9,176.4,7.1,NOT REPORTED,NOT REPORTED,QoR-40 points,0.00*,NOT REPORTED,Unstated,p. 816,Table 10,Total score 182.7±6.9 176.4±7.1 0.00*,NOT REPORTED,120,ADDED,AUDIT-0120,,Total QoR-40 score,24 h after operation
1,120,Lu 2022,Pain,VAS at rest,24 h after surgery,TEAS,Control,50,50,47,47,Median/range,2.2,"0.0, 10.0",1.2,0.0–8.1,NOT REPORTED,NOT REPORTED,VAS 0-10,0.41,NOT REPORTED,Available-case,p. 2874,Table 3,"24 h after surgery: VAS at rest ... 2.2(0.0, 10.0) ... 1.2(0.0–8.1) 0.41","Table header states median (min, max).",121,NOT_ANALYSIS_ELIGIBLE,AUDIT-0121,,VAS at rest,24 h after surgery
1,121,Lu 2022,Pain,VAS at cough,24 h after surgery,TEAS,Control,50,50,47,47,Median/range,5.8,"0.4, 10.0",5.5,1.4–10.0,NOT REPORTED,NOT REPORTED,VAS 0-10,0.94,NOT REPORTED,Available-case,p. 2874,Table 3,"24 h after surgery: VAS at cough ... 5.8(0.4, 10.0) ... 5.5(1.4–10.0) 0.94","Table header states median (min, max).",122,NOT_ANALYSIS_ELIGIBLE,AUDIT-0122,,VAS at cough,24 h after surgery
1,122,Lu 2022,Pain,VAS at rest,48 h after surgery,TEAS,Control,50,50,47,47,Median/range,1.2,"0.0, 6.7",1.6,0.0–6.0,NOT REPORTED,NOT REPORTED,VAS 0-10,0.80,NOT REPORTED,Available-case,p. 2874,Table 3,"48 h after surgery: VAS at rest ... 1.2(0.0, 6.7) ... 1.6(0.0–6.0) 0.80","Table header states median (min, max).",123,NOT_ANALYSIS_ELIGIBLE,AUDIT-0123,,VAS at rest,48 h after surgery
1,123,Lu 2022,Pain,VAS at cough,48 h after surgery,TEAS,Control,50,50,47,47,Median/range,5.0,"0.3, 10.0",5.0,"0.7, 10.0",NOT REPORTED,NOT REPORTED,VAS 0-10,0.98,NOT REPORTED,Available-case,p. 2874,Table 3,"48 h after surgery: VAS at cough ... 5.0(0.3, 10.0) ... 5.0(0.7, 10.0) 0.98","Table header states median (min, max).",124,NOT_ANALYSIS_ELIGIBLE,AUDIT-0124,,VAS at cough,48 h after surgery
1,124,Lu 2022,Pain,VAS at rest,72 h after surgery,TEAS,Control,50,50,47,47,Median/range,0.6,"0.0, 5.0",1.0,"0.0, 6.2",NOT REPORTED,NOT REPORTED,VAS 0-10,0.05,NOT REPORTED,Available-case,p. 2874,Table 3,"72 h after surgery: VAS at rest ... 0.6(0.0, 5.0) ... 1.0(0.0, 6.2) 0.05","Table header states median (min, max).",125,NOT_ANALYSIS_ELIGIBLE,AUDIT-0125,,VAS at rest,72 h after surgery
1,125,Lu 2022,Pain,VAS at cough,72 h after surgery,TEAS,Control,50,50,47,47,Median/range,3.5,"0.1, 10.0",4.0,"0.3, 10.0",NOT REPORTED,NOT REPORTED,VAS 0-10,0.33,NOT REPORTED,Available-case,p. 2874,Table 3,"72 h after surgery: VAS at cough ... 3.5(0.1, 10.0) ... 4.0(0.3, 10.0) 0.33","Table header states median (min, max).",126,NOT_ANALYSIS_ELIGIBLE,AUDIT-0126,,VAS at cough,72 h after surgery
1,126,Lu 2022,PONV,PONV incidence,24 h after surgery,TEAS,Control,50,50,47,47,Events/total,NOT REPORTED,NOT REPORTED,NOT REPORTED,NOT REPORTED,30,22,participants,0.17,NOT REPORTED,Available-case,p. 2874,Table 3,"24 h after surgery: PONV, n (%) 30 ... 22 ... 0.17",The paper reports these as PONV at each assessment time; it does not state that these are cumulative non-overlapping intervals.,127,ADDED,AUDIT-0127,,PONV incidence,24 h after surgery
1,127,Lu 2022,PONV,PONV incidence,48 h after surgery,TEAS,Control,50,50,47,47,Events/total,NOT REPORTED,NOT REPORTED,NOT REPORTED,NOT REPORTED,10,9,participants,0.76,NOT REPORTED,Available-case,p. 2874,Table 3,"48 h after surgery: PONV, n (%) 10 ... 9 ... 0.76",The paper reports these as PONV at each assessment time; it does not state that these are cumulative non-overlapping intervals.,128,ADDED,AUDIT-0128,,PONV incidence,48 h after surgery
1,128,Lu 2022,PONV,PONV incidence,72 h after surgery,TEAS,Control,50,50,47,47,Events/total,NOT REPORTED,NOT REPORTED,NOT REPORTED,NOT REPORTED,8,4,participants,0.23,NOT REPORTED,Available-case,p. 2874,Table 3,"72 h after surgery: PONV, n (%) 8 ... 4 ... 0.23",The paper reports these as PONV at each assessment time; it does not state that these are cumulative non-overlapping intervals.,129,ADDED,AUDIT-0129,,PONV incidence,72 h after surgery
1,129,Lu 2022,Quality of recovery,QoR-15 score,24 h after surgery,TEAS,Control,50,50,47,47,Median/range,54.5,"15.0, 92.0",59.0,"27.0, 136.0",NOT REPORTED,NOT REPORTED,QoR-15 points,0.01,NOT REPORTED,Available-case,p. 2875,Table 3 (continued),"24 h after surgery 54.5(15.0, 92.0) 59.0(27.0, 136.0) 0.01 /","Major internal conflict: Results prose reports 24-h QoR-15 as 50.5 (IQR 42.3–61.8) vs 44.5 (IQR 35.0–57.0), P=0.04, whereas Table 3 reports the values in this row and labels them median (min,max). Both locations should be preserved; this extraction uses the table per protocol.",130,AMBIGUOUS_HOLD,AUDIT-0130,,QoR-15 score,24 h after surgery
1,130,Lu 2022,Quality of recovery,QoR-15 score,48 h after surgery,TEAS,Control,50,50,47,47,Median/range,59.0,"35.0, 104.0",62.0,"0.0, 130.0",NOT REPORTED,NOT REPORTED,QoR-15 points,0.35,NOT REPORTED,Available-case,p. 2875,Table 3 (continued),"48 h after surgery 59.0(35.0, 104.0) 62.0(0.0, 130.0) 0.35 /","Table header states median (min, max).",131,NOT_ANALYSIS_ELIGIBLE,AUDIT-0131,,QoR-15 score,48 h after surgery
1,131,Lu 2022,Quality of recovery,QoR-15 score,72 h after surgery,TEAS,Control,50,50,47,47,Median/range,67.0,"31.0, 113.0",67.0,"11.0, 136.0",NOT REPORTED,NOT REPORTED,QoR-15 points,0.75,NOT REPORTED,Available-case,p. 2875,Table 3 (continued),"72 h after surgery 67.0(31.0, 113.0) 67.0(11.0, 136.0) 0.75 /","Table header states median (min, max).",132,NOT_ANALYSIS_ELIGIBLE,AUDIT-0132,,QoR-15 score,72 h after surgery
1,132,Lu 2022,Opioid demand,PCA attempts,48 h after surgery,TEAS,Control,50,50,47,47,Median/range,13.0,"5.0, 22.0",26.0,"11.5, 45.5",NOT REPORTED,NOT REPORTED,PCA attempts,0.002,NOT REPORTED,Available-case,p. 2874,Table 3,"48 h after surgery: PCA attempts 13.0(5.0, 22.0) 26.0(11.5, 45.5) 0.002",Counts of button attempts; not opioid dose.,133,NOT_ANALYSIS_ELIGIBLE,AUDIT-0133,,PCA attempts,48 h after surgery
1,133,Lu 2022,Opioid demand,Successful PCA deliveries,48 h after surgery,TEAS,Control,50,50,47,47,Median/range,7.0,"3.0, 14.0",16.5,"8.0, 35.0",NOT REPORTED,NOT REPORTED,PCA deliveries,0.001,NOT REPORTED,Available-case,p. 2874,Table 3,"48 h after surgery: PCA deliveries 7.0(3.0, 14.0) 16.5(8.0, 35.0) 0.001",Number of PCA deliveries; not opioid dose.,134,NOT_ANALYSIS_ELIGIBLE,AUDIT-0134,,Successful PCA deliveries,48 h after surgery
1,134,Lu 2022,Opioid demand,PCA attempts,72 h after surgery,TEAS,Control,50,50,47,47,Median/range,13.0,"5.0, 24.0",24.5,"13.0, 46.0",NOT REPORTED,NOT REPORTED,PCA attempts,0.002,NOT REPORTED,Available-case,p. 2874,Table 3,"72 h after surgery: PCA attempts 13.0(5.0, 24.0) 24.5(13.0, 46.0) 0.002",Counts of button attempts; not opioid dose.,135,NOT_ANALYSIS_ELIGIBLE,AUDIT-0135,,PCA attempts,72 h after surgery
1,135,Lu 2022,Opioid demand,Successful PCA deliveries,72 h after surgery,TEAS,Control,50,50,47,47,Median/range,7.0,"3.0, 20.0",16.5,"10.0, 36.0",NOT REPORTED,NOT REPORTED,PCA deliveries,0.003,NOT REPORTED,Available-case,p. 2874,Table 3,"72 h after surgery: PCA deliveries 7.0(3.0, 20.0) 16.5(10.0, 36.0) 0.003",Number of PCA deliveries; not opioid dose.,136,NOT_ANALYSIS_ELIGIBLE,AUDIT-0136,,Successful PCA deliveries,72 h after surgery
1,136,Lu 2022,Functional recovery,Time to first oral intake of water,Postoperative,TEAS,Control,50,50,47,47,Mean/SD,33.5,22.3,28.9,17.5,NOT REPORTED,NOT REPORTED,hours,0.28,NOT REPORTED,Available-case,p. 2874,Table 3,"Time to first oral intake of water, h 33.5±22.3 28.9±17.5 0.28 /",NOT REPORTED,137,ADDED,AUDIT-0137,,Time to first oral intake of water,Postoperative
1,137,Li 2021,Pain,Participants with postoperative VAS score ≥4,6 h post-OP,Group T — TEAS,Group S — sham,140,140,140,140,Events/total,NOT REPORTED,NOT REPORTED,NOT REPORTED,NOT REPORTED,30,50,participants,0.008*,NOT REPORTED,Unstated,p. 215,Table 5,6 h post-OP ... Postoperative VAS score ≥4: 30 ... 50 ... 0.008*,"This is a dichotomized VAS threshold, not a continuous VAS score.",138,ALREADY_PRESENT,V33-OD-0155,155,Participants with postoperative VAS score ≥4,6 h post-OP
1,138,Li 2021,PONV,PONV occurrence,6 h post-OP,Group T — TEAS,Group S — sham,140,140,140,140,Events/total,NOT REPORTED,NOT REPORTED,NOT REPORTED,NOT REPORTED,51,100,participants,0.000**,NOT REPORTED,Unstated,p. 215,Table 5,6 h post-OP ... PONV occurred: 51 ... 100 ... 0.000**,These are assessment-time PONV occurrence counts as printed; the article does not relabel them as cumulative 0–x-hour windows.,139,ADDED,AUDIT-0139,,PONV occurrence,6 h post-OP
1,139,Li 2021,Pain,Participants with postoperative VAS score ≥4,12 h post-OP,Group T — TEAS,Group S — sham,140,140,140,140,Events/total,NOT REPORTED,NOT REPORTED,NOT REPORTED,NOT REPORTED,45,54,participants,0.261,NOT REPORTED,Unstated,p. 215,Table 5,12 h post-OP ... Postoperative VAS score ≥4: 45 ... 54 ... 0.261,"This is a dichotomized VAS threshold, not a continuous VAS score.",140,ADDED,AUDIT-0140,,Participants with postoperative VAS score ≥4,12 h post-OP
1,140,Li 2021,PONV,PONV occurrence,12 h post-OP,Group T — TEAS,Group S — sham,140,140,140,140,Events/total,NOT REPORTED,NOT REPORTED,NOT REPORTED,NOT REPORTED,54,81,participants,0.001**,NOT REPORTED,Unstated,p. 215,Table 5,12 h post-OP ... PONV occurred: 54 ... 81 ... 0.001**,These are assessment-time PONV occurrence counts as printed; the article does not relabel them as cumulative 0–x-hour windows.,141,ADDED,AUDIT-0141,,PONV occurrence,12 h post-OP
1,141,Li 2021,Pain,Participants with postoperative VAS score ≥4,9 am on day 1,Group T — TEAS,Group S — sham,140,140,140,140,Events/total,NOT REPORTED,NOT REPORTED,NOT REPORTED,NOT REPORTED,14,6,participants,0.063,NOT REPORTED,Unstated,p. 215,Table 5,9 am on day 1 ... Postoperative VAS score ≥4: 14 ... 6 ... 0.063,"This is a dichotomized VAS threshold, not a continuous VAS score.",142,ADDED,AUDIT-0142,,Participants with postoperative VAS score ≥4,9 am on day 1
1,142,Li 2021,PONV,PONV occurrence,9 am on day 1,Group T — TEAS,Group S — sham,140,140,140,140,Events/total,NOT REPORTED,NOT REPORTED,NOT REPORTED,NOT REPORTED,81,66,participants,0.073,NOT REPORTED,Unstated,p. 215,Table 5,9 am on day 1 ... PONV occurred: 81 ... 66 ... 0.073,These are assessment-time PONV occurrence counts as printed; the article does not relabel them as cumulative 0–x-hour windows.,143,ADDED,AUDIT-0143,,PONV occurrence,9 am on day 1
1,143,Li 2021,Pain,Participants with postoperative VAS score ≥4,3 pm on day 1,Group T — TEAS,Group S — sham,140,140,140,140,Events/total,NOT REPORTED,NOT REPORTED,NOT REPORTED,NOT REPORTED,26,25,participants,0.877,NOT REPORTED,Unstated,p. 215,Table 5,3 pm on day 1 ... Postoperative VAS score ≥4: 26 ... 25 ... 0.877,"This is a dichotomized VAS threshold, not a continuous VAS score.",144,ADDED,AUDIT-0144,,Participants with postoperative VAS score ≥4,3 pm on day 1
1,144,Li 2021,PONV,PONV occurrence,3 pm on day 1,Group T — TEAS,Group S — sham,140,140,140,140,Events/total,NOT REPORTED,NOT REPORTED,NOT REPORTED,NOT REPORTED,36,66,participants,0.000**,NOT REPORTED,Unstated,p. 215,Table 5,3 pm on day 1 ... PONV occurred: 36 ... 66 ... 0.000**,These are assessment-time PONV occurrence counts as printed; the article does not relabel them as cumulative 0–x-hour windows.,145,ADDED,AUDIT-0145,,PONV occurrence,3 pm on day 1
1,145,Li 2021,Pain,Participants with postoperative VAS score ≥4,9 am on day 2,Group T — TEAS,Group S — sham,140,140,140,140,Events/total,NOT REPORTED,NOT REPORTED,NOT REPORTED,NOT REPORTED,4,0,participants,0.122,NOT REPORTED,Unstated,p. 215,Table 5,9 am on day 2 ... Postoperative VAS score ≥4: 4 ... 0 ... 0.122,"This is a dichotomized VAS threshold, not a continuous VAS score.",146,ADDED,AUDIT-0146,,Participants with postoperative VAS score ≥4,9 am on day 2
1,146,Li 2021,PONV,PONV occurrence,9 am on day 2,Group T — TEAS,Group S — sham,140,140,140,140,Events/total,NOT REPORTED,NOT REPORTED,NOT REPORTED,NOT REPORTED,50,56,participants,0.460,NOT REPORTED,Unstated,p. 215,Table 5,9 am on day 2 ... PONV occurred: 50 ... 56 ... 0.460,These are assessment-time PONV occurrence counts as printed; the article does not relabel them as cumulative 0–x-hour windows.,147,ADDED,AUDIT-0147,,PONV occurrence,9 am on day 2
1,147,Li 2021,Pain,Participants with postoperative VAS score ≥4,3 pm on day 2,Group T — TEAS,Group S — sham,140,140,140,140,Events/total,NOT REPORTED,NOT REPORTED,NOT REPORTED,NOT REPORTED,7,7,participants,1.000,NOT REPORTED,Unstated,p. 215,Table 5,3 pm on day 2 ... Postoperative VAS score ≥4: 7 ... 7 ... 1.000,"This is a dichotomized VAS threshold, not a continuous VAS score.",148,ADDED,AUDIT-0148,,Participants with postoperative VAS score ≥4,3 pm on day 2
1,148,Li 2021,PONV,PONV occurrence,3 pm on day 2,Group T — TEAS,Group S — sham,140,140,140,140,Events/total,NOT REPORTED,NOT REPORTED,NOT REPORTED,NOT REPORTED,55,55,participants,1.000,NOT REPORTED,Unstated,p. 215,Table 5,3 pm on day 2 ... PONV occurred: 55 ... 55 ... 1.000,These are assessment-time PONV occurrence counts as printed; the article does not relabel them as cumulative 0–x-hour windows.,149,ADDED,AUDIT-0149,,PONV occurrence,3 pm on day 2
1,149,Li 2021,Length of stay,Length of postoperative hospital stay,From date of surgery to discharge,Group T — TEAS,Group S — sham,140,140,140,140,Mean/SD,6.2,3.3,8.1,3.6,NOT REPORTED,NOT REPORTED,days,<0.01,NOT REPORTED,Unstated,p. 215,Table 6,Group T (n = 140) 6.2 ± 3.3** ... Group S (n = 140) 8.1 ± 3.6,Table 6 uses ** and footnote **P <0.01 vs group S rather than a numeric exact P value.,150,ADDED,AUDIT-0150,,Length of postoperative hospital stay,From date of surgery to discharge
2,1,Gu 2019,Pain,VAS pain intensity,4 h,Long-duration TEAS (L-TEAS),Placebo/no-current TEAS (C-TEAS),60,60,58,59,Mean/SD,2.79,0.48,3.41,0.62,NOT REPORTED,NOT REPORTED,VAS 0-10,<0.05,NOT REPORTED,Available-case/completer analysis,p. 15 (results text); Fig. 3 on p. 14,Results §3.2 + Figure 3,VAS at 4 h: 2.79 ± 0.48 vs 3.41 ± 0.62.,Exact P value is not printed; source reports P<0.05.,151,ADDED,AUDIT-0151,,VAS pain intensity,4 h
2,2,Gu 2019,Pain,VAS pain intensity,8 h,Long-duration TEAS (L-TEAS),Placebo/no-current TEAS (C-TEAS),60,60,58,59,Mean/SD,2.65,0.42,3.17,0.49,NOT REPORTED,NOT REPORTED,VAS 0-10,<0.05,NOT REPORTED,Available-case/completer analysis,p. 15 (results text); Fig. 3 on p. 14,Results §3.2 + Figure 3,VAS at 8 h: 2.65 ± 0.42 vs 3.17 ± 0.49.,Exact P value is not printed; source reports P<0.05.,152,ADDED,AUDIT-0152,,VAS pain intensity,8 h
2,3,Gu 2019,Pain,VAS pain intensity,16 h,Long-duration TEAS (L-TEAS),Placebo/no-current TEAS (C-TEAS),60,60,58,59,Graph only,GRAPH ONLY,GRAPH ONLY,GRAPH ONLY,GRAPH ONLY,NOT REPORTED,NOT REPORTED,VAS 0-10,No between-group significance marker in Figure 3,NOT REPORTED,Available-case/completer analysis,p. 14,Figure 3,Figure 3 includes T3/T5 = 16 h after operation.,No exact numeric values are printed; do not estimate from bar height.,153,GRAPH_ONLY_ADDED,AUDIT-0153,,VAS pain intensity,16 h
2,4,Gu 2019,Pain,VAS pain intensity,36 h,Long-duration TEAS (L-TEAS),Placebo/no-current TEAS (C-TEAS),60,60,58,59,Graph only,GRAPH ONLY,GRAPH ONLY,GRAPH ONLY,GRAPH ONLY,NOT REPORTED,NOT REPORTED,VAS 0-10,No between-group significance marker in Figure 3,NOT REPORTED,Available-case/completer analysis,p. 14,Figure 3,Figure 3 includes T3/T5 = 36 h after operation.,No exact numeric values are printed; do not estimate from bar height.,154,GRAPH_ONLY_ADDED,AUDIT-0154,,VAS pain intensity,36 h
2,5,Gu 2019,Opioid demand,Cumulative multimodal PCIA solution consumed,16 h,Long-duration TEAS (L-TEAS),Placebo/no-current TEAS (C-TEAS),60,60,58,59,Graph only,GRAPH ONLY,GRAPH ONLY,GRAPH ONLY,GRAPH ONLY,NOT REPORTED,NOT REPORTED,mL of multimodal PCIA solution,No between-group significance marker in Figure 4,NOT REPORTED,Available-case/completer analysis,p. 14,Figure 4,Figure 4 reports analgesics consumption at T1-T5; T3 is 16 h.,"No exact numeric 16-h value is printed. PCIA contains sufentanil plus dexmedetomidine, flurbiprofen and palonosetron; do not label solution volume as pure opioid mass.",155,GRAPH_ONLY_ADDED,AUDIT-0155,,Cumulative multimodal PCIA solution consumed,16 h
2,6,Gu 2019,PONV,Any postoperative nausea and/or vomiting (PONV),Postoperative follow-up; exact window not stated,Long-duration TEAS (L-TEAS),Placebo/no-current TEAS (C-TEAS),60,60,58,59,Events/total,NOT REPORTED,NOT REPORTED,NOT REPORTED,NOT REPORTED,7,19,participants,<0.05,NOT REPORTED,Available-case/completer analysis,p. 15,Figure 5,Figure 5 labels 19 PONV cases in C-TEAS and 7 in L-TEAS.,"Results text reports 12% vs 32.2%; these match 7/58 and 19/59. The exact observation window is not stated, although discussion says most PONV occurred within 24 h.",156,AMBIGUOUS_HOLD,AUDIT-0156,,Any postoperative nausea and/or vomiting (PONV),Postoperative follow-up; exact window not stated
2,7,Gu 2019,Patient satisfaction,Very satisfied,36 h postoperatively,Long-duration TEAS (L-TEAS),Placebo/no-current TEAS (C-TEAS),60,60,58,59,Events/total,NOT REPORTED,NOT REPORTED,NOT REPORTED,NOT REPORTED,32,9,participants,0.00*,NOT REPORTED,Available-case/completer analysis,p. 15,Table 4,Very satisfied: L-TEAS 32/58; C-TEAS 9/59.,"Table 4 category counts are internally coherent, but Results text reports 'moderately satisfied and above' 67.3% vs 42.4%, which does not reconcile with the table. Do not use that composite without adjudication.",157,ADDED,AUDIT-0157,,Very satisfied,36 h postoperatively
2,8,Gu 2019,Patient satisfaction,Satisfied,36 h postoperatively,Long-duration TEAS (L-TEAS),Placebo/no-current TEAS (C-TEAS),60,60,58,59,Events/total,NOT REPORTED,NOT REPORTED,NOT REPORTED,NOT REPORTED,19,32,participants,0.02*,NOT REPORTED,Available-case/completer analysis,p. 15,Table 4,Satisfied: L-TEAS 19/58; C-TEAS 32/59.,"Table 4 category counts are internally coherent, but Results text reports 'moderately satisfied and above' 67.3% vs 42.4%, which does not reconcile with the table. Do not use that composite without adjudication.",158,ADDED,AUDIT-0158,,Satisfied,36 h postoperatively
2,9,Gu 2019,Patient satisfaction,Moderately satisfied,36 h postoperatively,Long-duration TEAS (L-TEAS),Placebo/no-current TEAS (C-TEAS),60,60,58,59,Events/total,NOT REPORTED,NOT REPORTED,NOT REPORTED,NOT REPORTED,7,16,participants,0.04*,NOT REPORTED,Available-case/completer analysis,p. 15,Table 4,Moderately satisfied: L-TEAS 7/58; C-TEAS 16/59.,"Table 4 category counts are internally coherent, but Results text reports 'moderately satisfied and above' 67.3% vs 42.4%, which does not reconcile with the table. Do not use that composite without adjudication.",159,ADDED,AUDIT-0159,,Moderately satisfied,36 h postoperatively
2,10,Gu 2019,Patient satisfaction,Not satisfied,36 h postoperatively,Long-duration TEAS (L-TEAS),Placebo/no-current TEAS (C-TEAS),60,60,58,59,Events/total,NOT REPORTED,NOT REPORTED,NOT REPORTED,NOT REPORTED,0,2,participants,0.16,NOT REPORTED,Available-case/completer analysis,p. 15,Table 4,Not satisfied: L-TEAS 0/58; C-TEAS 2/59.,"Table 4 category counts are internally coherent, but Results text reports 'moderately satisfied and above' 67.3% vs 42.4%, which does not reconcile with the table. Do not use that composite without adjudication.",160,ADDED,AUDIT-0160,,Not satisfied,36 h postoperatively
2,11,Huang 2025,Pain,VAS pain score,24 h,Postoperative EA + ERAS,ERAS/standard care,51,50,43,45,Median/range,5,3-7,6,4-8,NOT REPORTED,NOT REPORTED,VAS 0-10,<0.001,NOT REPORTED,Available-case/completer analysis,p. 2749,Table 4,Postoperative 24 h: VAS 5 (3-7) vs 6 (4-8).,"Table explicitly labels dispersion as min-max, not IQR.",161,NOT_ANALYSIS_ELIGIBLE,AUDIT-0161,,VAS pain score,24 h
2,12,Huang 2025,Pain,VAS pain score,48 h,Postoperative EA + ERAS,ERAS/standard care,51,50,43,45,Median/range,3,1-5,4,1-7,NOT REPORTED,NOT REPORTED,VAS 0-10,<0.001,NOT REPORTED,Available-case/completer analysis,p. 2749,Table 4,Postoperative 48 h: VAS 3 (1-5) vs 4 (1-7).,"Table explicitly labels dispersion as min-max, not IQR.",162,NOT_ANALYSIS_ELIGIBLE,AUDIT-0162,,VAS pain score,48 h
2,13,Huang 2025,Pain,VAS pain score,72 h,Postoperative EA + ERAS,ERAS/standard care,51,50,43,45,Median/range,2,1-4,3,1-5,NOT REPORTED,NOT REPORTED,VAS 0-10,<0.001,NOT REPORTED,Available-case/completer analysis,p. 2749,Table 4,Postoperative 72 h: VAS 2 (1-4) vs 3 (1-5).,"Table explicitly labels dispersion as min-max, not IQR.",163,NOT_ANALYSIS_ELIGIBLE,AUDIT-0163,,VAS pain score,72 h
2,14,Huang 2025,GI recovery,I-FEED score,24 h,Postoperative EA + ERAS,ERAS/standard care,51,50,43,45,Median/range,3,2-4,3,2-4,NOT REPORTED,NOT REPORTED,I-FEED score,<0.001,NOT REPORTED,Available-case/completer analysis,p. 2749,Table 4,Postoperative 24 h: I-FEED 3 (2-4) vs 3 (2-4).,Table explicitly labels dispersion as min-max. Equal medians at 24 h do not invalidate the reported rank-test P value.,164,NOT_ANALYSIS_ELIGIBLE,AUDIT-0164,,I-FEED score,24 h
2,15,Huang 2025,GI recovery,I-FEED score,48 h,Postoperative EA + ERAS,ERAS/standard care,51,50,43,45,Median/range,2,0-2,2,1-3,NOT REPORTED,NOT REPORTED,I-FEED score,<0.001,NOT REPORTED,Available-case/completer analysis,p. 2749,Table 4,Postoperative 48 h: I-FEED 2 (0-2) vs 2 (1-3).,Table explicitly labels dispersion as min-max. Equal medians at 24 h do not invalidate the reported rank-test P value.,165,NOT_ANALYSIS_ELIGIBLE,AUDIT-0165,,I-FEED score,48 h
2,16,Huang 2025,GI recovery,I-FEED score,72 h,Postoperative EA + ERAS,ERAS/standard care,51,50,43,45,Median/range,1,0-2,2,1-3,NOT REPORTED,NOT REPORTED,I-FEED score,<0.001,NOT REPORTED,Available-case/completer analysis,p. 2749,Table 4,Postoperative 72 h: I-FEED 1 (0-2) vs 2 (1-3).,Table explicitly labels dispersion as min-max. Equal medians at 24 h do not invalidate the reported rank-test P value.,166,NOT_ANALYSIS_ELIGIBLE,AUDIT-0166,,I-FEED score,72 h
2,17,Huang 2025,Quality of recovery,QoR-40 total score,Day of discharge,Postoperative EA + ERAS,ERAS/standard care,51,50,43,45,Median/range,196,192-198,192,188-198,NOT REPORTED,NOT REPORTED,QoR-40 points,<0.001,NOT REPORTED,Available-case/completer analysis,p. 2749,Table 4,QoR-40 at discharge: 196 (192-198) vs 192 (188-198).,Table shows a higher EA score; Results prose incorrectly says QoR-40 scores were 'lower' in EA. Higher QoR-40 indicates better recovery.,167,NOT_ANALYSIS_ELIGIBLE,AUDIT-0167,,QoR-40 total score,Day of discharge
2,18,Huang 2025,Length of stay,Hospital length of stay,Postoperative hospitalization,Postoperative EA + ERAS,ERAS/standard care,51,50,43,45,Mean/SD,6.1,1.7,6.2,1.3,NOT REPORTED,NOT REPORTED,days,0.793,NOT REPORTED,Available-case/completer analysis,p. 2749,Table 4,Length of hospital stay: 6.1 (1.7) vs 6.2 (1.3) days.,Table header states mean (SD).,168,ADDED,AUDIT-0168,,Hospital length of stay,Postoperative hospitalization
2,19,Huang 2025,PONV,Vomiting,Postoperative,Postoperative EA + ERAS,ERAS/standard care,51,50,43,45,Events/total,NOT REPORTED,NOT REPORTED,NOT REPORTED,NOT REPORTED,3,9,participants,0.142,NOT REPORTED,Available-case/completer analysis,p. 2749,Table 4,Vomiting: 3/43 vs 9/45.,Table gives postoperative vomiting without a more specific clock-time label.,169,ADDED,AUDIT-0169,,Vomiting,Postoperative
2,20,Huang 2025,Rescue analgesia,Use of additional analgesic,Postoperative,Postoperative EA + ERAS,ERAS/standard care,51,50,43,45,Events/total,NOT REPORTED,NOT REPORTED,NOT REPORTED,NOT REPORTED,1,4,participants,0.385,NOT REPORTED,Available-case/completer analysis,p. 2749,Table 4,Use of additional analgesic: 1/43 vs 4/45.,Methods specify ketorolac tromethamine 30 mg IM for VAS≥6 or patient request within 24 h.,170,ADDED,AUDIT-0170,,Use of additional analgesic,Postoperative
2,21,Huang 2025,GI adverse event,Bowel obstruction,Postoperative,Postoperative EA + ERAS,ERAS/standard care,51,50,43,45,Events/total,NOT REPORTED,NOT REPORTED,NOT REPORTED,NOT REPORTED,1,0,participants,0.489,NOT REPORTED,Available-case/completer analysis,p. 2749,Table 4,Bowel obstruction: 1/43 vs 0/45.,Postoperative bowel obstruction.,171,ADDED,AUDIT-0171,,Bowel obstruction,Postoperative
2,22,Huang 2025,Adverse events,Serious adverse events or fatalities,Study follow-up,Postoperative EA + ERAS,ERAS/standard care,51,50,43,45,Events/total,NOT REPORTED,NOT REPORTED,NOT REPORTED,NOT REPORTED,0,0,participants,NOT REPORTED,NOT REPORTED,Available-case/completer analysis,p. 2748,Results text,"In both arms, there were no serious adverse events or fatalities.",The article also states no serious adverse events or complications related to the EA procedure were recorded.,172,ADDED,AUDIT-0172,,Serious adverse events or fatalities,Study follow-up
2,23,Gao 2021,GI recovery,Time to first bowel sounds,Postoperative,Postoperative TEAS,Sham/no-current TEAS,303,307,303,307,Mean/SD,41.4,22.6,46.0,24.1,NOT REPORTED,NOT REPORTED,hours,.016,−4.6 (−8.3 to −0.9),Intention-to-treat; all randomized patients,p. 1623,Table III,Time to first bowel sounds: 41.4 ± 22.6 vs 46.0 ± 24.1.,NOT REPORTED,173,ADDED,AUDIT-0173,,Time to first bowel sounds,Postoperative
2,24,Gao 2021,Pain,Abdominal pain score,Postoperative 72 h,Postoperative TEAS,Sham/no-current TEAS,303,307,303,307,Mean/SD,1.4,1.4,1.3,1.5,NOT REPORTED,NOT REPORTED,Score; scale not defined in main article,.555,0.1 (−0.2 to 0.3),Intention-to-treat; all randomized patients,p. 1623,Table III,Abdominal pain score: 1.4 ± 1.4 vs 1.3 ± 1.5.,Main article states symptom scores/vomiting were assessed at postoperative 72 h.,174,AMBIGUOUS_HOLD,AUDIT-0174,,Abdominal pain score,Postoperative 72 h
2,25,Gao 2021,GI symptoms,Distention score,Postoperative 72 h,Postoperative TEAS,Sham/no-current TEAS,303,307,303,307,Mean/SD,1.6,0.9,1.6,0.9,NOT REPORTED,NOT REPORTED,Score; scale not defined in main article,.389,−0.1 (−0.2 to 0.1),Intention-to-treat; all randomized patients,p. 1623,Table III,Distention score: 1.6 ± 0.9 vs 1.6 ± 0.9.,Main article states symptom scores/vomiting were assessed at postoperative 72 h.,175,AMBIGUOUS_HOLD,AUDIT-0175,,Distention score,Postoperative 72 h
2,26,Gao 2021,PONV,Nausea score,Postoperative 72 h,Postoperative TEAS,Sham/no-current TEAS,303,307,303,307,Mean/SD,1.0,1.6,1.1,1.7,NOT REPORTED,NOT REPORTED,Score; scale not defined in main article,.624,−0.1 (−0.3 to 0.2),Intention-to-treat; all randomized patients,p. 1623,Table III,Nausea score: 1.0 ± 1.6 vs 1.1 ± 1.7.,Main article states symptom scores/vomiting were assessed at postoperative 72 h.,176,AMBIGUOUS_HOLD,AUDIT-0176,,Nausea score,Postoperative 72 h
2,27,Gao 2021,PONV,Number of vomiting episodes,Postoperative 72 h,Postoperative TEAS,Sham/no-current TEAS,303,307,303,307,Mean/SD,0.0,0.5,0.0,0.1,NOT REPORTED,NOT REPORTED,episodes,.155,0.0 (−0.0 to 0.1),Intention-to-treat; all randomized patients,p. 1623,Table III,Number of vomiting episodes: 0.0 ± 0.5 vs 0.0 ± 0.1.,Main article states symptom scores/vomiting were assessed at postoperative 72 h.,177,ADDED,AUDIT-0177,,Number of vomiting episodes,Postoperative 72 h
2,28,Jiang 2026,GI recovery,Time to first defecation,Postoperative,Perioperative TEAS,Sham/no-current TEAS,308,306,294,293,Median/IQR,41.2,38.5-45.0,46.0,42.0-52.0,NOT REPORTED,NOT REPORTED,hours,<0.001,−4.78 (−3.8 to −6.0),Per-protocol for secondary outcomes,PDF p. 5,Table 4,Time to defecation: 41.2 (38.5-45.0) vs 46.0 (42.0-52.0) h.,The effect CI is printed in descending numerical order (−3.8 to −6.0); preserved verbatim.,178,NOT_ANALYSIS_ELIGIBLE,AUDIT-0178,,Time to first defecation,Postoperative
2,29,Jiang 2026,Pain,NRS pain score,"AMBIGUOUS — single summary; Methods planned 6 h, 24 h and 48 h",Perioperative TEAS,Sham/no-current TEAS,308,306,294,293,Median/IQR,3,2-3,3,2-3.5,NOT REPORTED,NOT REPORTED,NRS 0-10,0.026,NOT REPORTED,Per-protocol for secondary outcomes,PDF p. 3,Results §3.3,"NRS pain score, 3 [2,3] vs 3 [2-3.5], p=0.026.","The paper prespecifies NRS at 6, 24 and 48 h but reports only this one numerical summary without identifying which timepoint it represents. Do not relabel as 24 h.",179,AMBIGUOUS_HOLD,AUDIT-0179,,NRS pain score,"AMBIGUOUS — single summary; Methods planned 6 h, 24 h and 48 h"
2,30,Jiang 2026,GI adverse event,Abdominal distention incidence,Postoperative,Perioperative TEAS,Sham/no-current TEAS,308,306,294,293,Events/total,NOT REPORTED,NOT REPORTED,NOT REPORTED,NOT REPORTED,62,87,participants,0.017,0.63 (0.43-0.92),Per-protocol for secondary outcomes,PDF p. 5,Table 4,Abdominal distention: 62 (21.1%) vs 87 (29.7%).,NOT REPORTED,180,ADDED,AUDIT-0180,,Abdominal distention incidence,Postoperative
2,31,Jiang 2026,Healthcare utilization,Hospital cost,Hospitalization,Perioperative TEAS,Sham/no-current TEAS,308,306,294,293,Median/IQR,22646.44,20226.03-27808.88,21957.81,20099.88-25367.38,NOT REPORTED,NOT REPORTED,Chinese yuan,0.059,−624.59 (−1309.47 to 24.33),Per-protocol for secondary outcomes,PDF p. 5,Table 4,Hospital cost: 22646.44 (...) vs 21957.81 (...) CNY.,The printed effect estimate direction does not equal the raw median difference; preserve as printed and do not recompute silently.,181,NOT_ANALYSIS_ELIGIBLE,AUDIT-0181,,Hospital cost,Hospitalization
2,32,Jiang 2026,Length of stay,Postoperative hospital stay,Postoperative hospitalization,Perioperative TEAS,Sham/no-current TEAS,308,306,294,293,Median/IQR,3.0,2-4,3.0,2-4,NOT REPORTED,NOT REPORTED,days,0.725,NOT REPORTED,Per-protocol for secondary outcomes,PDF p. 5,Table 4,Postoperative hospital stay: 3.0 (2-4) vs 3.0 (2-4) days.,NOT REPORTED,182,NOT_ANALYSIS_ELIGIBLE,AUDIT-0182,,Postoperative hospital stay,Postoperative hospitalization
2,33,Jiang 2026,Adverse events,Any postoperative complication/adverse event,Study follow-up,Perioperative TEAS,Sham/no-current TEAS,308,306,294,293,Events/total,NOT REPORTED,NOT REPORTED,NOT REPORTED,NOT REPORTED,8,7,participants,0.799,NOT REPORTED,Per-protocol for secondary outcomes,PDF p. 5,Table 5,Any postoperative complication/adverse event: 8/294 vs 7/293.,Do not pool the overall adverse-event row together with its component rows in the same analysis.,183,ADDED,AUDIT-0183,,Any postoperative complication/adverse event,Study follow-up
2,34,Jiang 2026,Adverse events,Severe adverse events,Study follow-up,Perioperative TEAS,Sham/no-current TEAS,308,306,294,293,Events/total,NOT REPORTED,NOT REPORTED,NOT REPORTED,NOT REPORTED,0,0,participants,NOT REPORTED,NOT REPORTED,Per-protocol for secondary outcomes,PDF p. 5,Table 5,Severe adverse events: 0/294 vs 0/293.,NOT REPORTED,184,ADDED,AUDIT-0184,,Severe adverse events,Study follow-up
2,35,Jiang 2026,Adverse events,Subcutaneous hematoma,Study follow-up,Perioperative TEAS,Sham/no-current TEAS,308,306,294,293,Events/total,NOT REPORTED,NOT REPORTED,NOT REPORTED,NOT REPORTED,0,0,participants,NOT REPORTED,NOT REPORTED,Per-protocol for secondary outcomes,PDF p. 5,Table 5,Subcutaneous hematoma: 0/294 vs 0/293.,NOT REPORTED,185,ADDED,AUDIT-0185,,Subcutaneous hematoma,Study follow-up
2,36,Jiang 2026,Adverse events,Rubefaction,Study follow-up,Perioperative TEAS,Sham/no-current TEAS,308,306,294,293,Events/total,NOT REPORTED,NOT REPORTED,NOT REPORTED,NOT REPORTED,6,6,participants,0.995,NOT REPORTED,Per-protocol for secondary outcomes,PDF p. 5,Table 5,Rubefaction: 6/294 vs 6/293.,NOT REPORTED,186,ADDED,AUDIT-0186,,Rubefaction,Study follow-up
2,37,Jiang 2026,Adverse events,Hydroderma,Study follow-up,Perioperative TEAS,Sham/no-current TEAS,308,306,294,293,Events/total,NOT REPORTED,NOT REPORTED,NOT REPORTED,NOT REPORTED,2,1,participants,0.565,NOT REPORTED,Per-protocol for secondary outcomes,PDF p. 5,Table 5,Hydroderma: 2/294 vs 1/293.,NOT REPORTED,187,ADDED,AUDIT-0187,,Hydroderma,Study follow-up
2,38,Wang 2023,Sleep quality,PSQI and AIS postoperative sleep quality,POD3,Nighttime TEAS,Sham/no-current TEAS,43,45,40,43,Graph only,GRAPH ONLY,GRAPH ONLY,GRAPH ONLY,GRAPH ONLY,NOT REPORTED,NOT REPORTED,PSQI and AIS scores,<0.05 vs Sham for both instruments,NOT REPORTED,Available-case/completer analysis after protocol breaches,p. 714,Figure 3,"Figure 3 reports PSQI and AIS at P1, D1 and D3.",Exact numerical values are not printed; do not estimate from bar heights.,188,GRAPH_ONLY_ADDED,AUDIT-0188,,PSQI and AIS postoperative sleep quality,POD3
2,39,Wang 2023,Pain,Rest pain VAS,24 h,Nighttime TEAS,Sham/no-current TEAS,43,45,40,43,Graph only,GRAPH ONLY,GRAPH ONLY,GRAPH ONLY,GRAPH ONLY,NOT REPORTED,NOT REPORTED,VAS 0-10,No exact between-group P printed; no * marker in Fig. 4a,NOT REPORTED,Available-case/completer analysis after protocol breaches,p. 714,Figure 4a,Figure 4a plots rest VAS at 24 h.,Exact mean/SD values are not printed; formal digitization would be required.,189,GRAPH_ONLY_ADDED,AUDIT-0189,,Rest pain VAS,24 h
2,40,Wang 2023,Pain,Rest pain VAS,48 h,Nighttime TEAS,Sham/no-current TEAS,43,45,40,43,Graph only,GRAPH ONLY,GRAPH ONLY,GRAPH ONLY,GRAPH ONLY,NOT REPORTED,NOT REPORTED,VAS 0-10,No exact between-group P printed; no * marker in Fig. 4a,NOT REPORTED,Available-case/completer analysis after protocol breaches,p. 714,Figure 4a,Figure 4a plots rest VAS at 48 h.,Exact mean/SD values are not printed; formal digitization would be required.,190,GRAPH_ONLY_ADDED,AUDIT-0190,,Rest pain VAS,48 h
2,41,Wang 2023,Pain,Rest pain VAS,72 h,Nighttime TEAS,Sham/no-current TEAS,43,45,40,43,Graph only,GRAPH ONLY,GRAPH ONLY,GRAPH ONLY,GRAPH ONLY,NOT REPORTED,NOT REPORTED,VAS 0-10,>0.05 (Results text),NOT REPORTED,Available-case/completer analysis after protocol breaches,p. 714,Figure 4a,Figure 4a plots rest VAS at 72 h.,Exact mean/SD values are not printed; formal digitization would be required.,191,GRAPH_ONLY_ADDED,AUDIT-0191,,Rest pain VAS,72 h
2,42,Wang 2023,Pain,Activity pain VAS,48 h,Nighttime TEAS,Sham/no-current TEAS,43,45,40,43,Graph only,GRAPH ONLY,GRAPH ONLY,GRAPH ONLY,GRAPH ONLY,NOT REPORTED,NOT REPORTED,VAS 0-10,<0.05,NOT REPORTED,Available-case/completer analysis after protocol breaches,p. 714,Figure 4b,Activity VAS was lower with TEAS at 48 h (P<0.05).,Exact mean/SD values are not printed; do not estimate from the graph.,192,GRAPH_ONLY_ADDED,AUDIT-0192,,Activity pain VAS,48 h
2,43,Wang 2023,Pain,Activity pain VAS,72 h,Nighttime TEAS,Sham/no-current TEAS,43,45,40,43,Graph only,GRAPH ONLY,GRAPH ONLY,GRAPH ONLY,GRAPH ONLY,NOT REPORTED,NOT REPORTED,VAS 0-10,<0.05,NOT REPORTED,Available-case/completer analysis after protocol breaches,p. 714,Figure 4b,Activity VAS was lower with TEAS at 72 h (P<0.05).,Exact mean/SD values are not printed; do not estimate from the graph.,193,GRAPH_ONLY_ADDED,AUDIT-0193,,Activity pain VAS,72 h
2,44,Wang 2023,Length of stay,Postoperative hospitalization,Postoperative hospitalization,Nighttime TEAS,Sham/no-current TEAS,43,45,40,43,Mean/SD,8.6,3.86,8.65,3.47,NOT REPORTED,NOT REPORTED,days,0.949,NOT REPORTED,Available-case/completer analysis after protocol breaches,p. 713,Table 1,Postoperative hospitalizations: 8.60 ± 3.86 vs 8.65 ± 3.47 days.,NOT REPORTED,194,ADDED,AUDIT-0194,,Postoperative hospitalization,Postoperative hospitalization
2,45,Wang 2023,GI adverse event,Abdominal distension,Within 72 h after surgery,Nighttime TEAS,Sham/no-current TEAS,43,45,40,43,Events/total,NOT REPORTED,NOT REPORTED,NOT REPORTED,NOT REPORTED,11,24,participants,0.009*,NOT REPORTED,Available-case/completer analysis after protocol breaches,p. 715,Table 2,Abdominal distension: 11/40 vs 24/43.,NOT REPORTED,195,ADDED,AUDIT-0195,,Abdominal distension,Within 72 h after surgery
2,46,Wang 2023,Adverse events,Dizziness,Within 72 h after surgery,Nighttime TEAS,Sham/no-current TEAS,43,45,40,43,Events/total,NOT REPORTED,NOT REPORTED,NOT REPORTED,NOT REPORTED,10,16,participants,0.231,NOT REPORTED,Available-case/completer analysis after protocol breaches,p. 715,Table 2,Dizziness: 10/40 vs 16/43.,NOT REPORTED,196,ADDED,AUDIT-0196,,Dizziness,Within 72 h after surgery
2,47,Wang 2023,PONV,PONV incidence,Within 72 h after surgery,Nighttime TEAS,Sham/no-current TEAS,43,45,40,43,Events/total,NOT REPORTED,NOT REPORTED,NOT REPORTED,NOT REPORTED,6,19,participants,0.004*,NOT REPORTED,Available-case/completer analysis after protocol breaches,p. 715,Table 2,PONV incidence: 6/40 vs 19/43.,NOT REPORTED,197,ADDED,AUDIT-0197,,PONV incidence,Within 72 h after surgery
2,48,Wang 2023,Adverse events,Postoperative pulmonary complications,Within 72 h after surgery,Nighttime TEAS,Sham/no-current TEAS,43,45,40,43,Events/total,NOT REPORTED,NOT REPORTED,NOT REPORTED,NOT REPORTED,7,13,participants,0.175,NOT REPORTED,Available-case/completer analysis after protocol breaches,p. 715,Table 2,Postoperative pulmonary complications: 7/40 vs 13/43.,NOT REPORTED,198,ADDED,AUDIT-0198,,Postoperative pulmonary complications,Within 72 h after surgery
3,1,Tu 2024,PONV,Vomiting incidence,0–2 h after craniotomy,Postoperative TEAS at bilateral P6,Sham TEAS / no current at bilateral P6,60,60,57,58,Events/total,NOT REPORTED,NOT REPORTED,NOT REPORTED,NOT REPORTED,4,10,participants,0.095,NOT REPORTED,Available-case/completer analysis (115 analyzed),PDF p. 4,Table 3,Vomiting within 0–2 h: TEAS 4 (7.0%) vs sham 10 (17.2%); P=0.095.,NOT REPORTED,199,ADDED,AUDIT-0199,,Vomiting incidence,0–2 h after craniotomy
3,2,Tu 2024,PONV,Nausea severity score,0–2 h after craniotomy,Postoperative TEAS at bilateral P6,Sham TEAS / no current at bilateral P6,60,60,57,58,Median/IQR,0,0–1,0,0–1,NOT REPORTED,NOT REPORTED,"WHO PONV 4-class nausea rating, 0–3",0.502,NOT REPORTED,Available-case/completer analysis (115 analyzed),PDF p. 4,Table 3,Nausea score 0–2 h after craniotomy: 0 (0–1) vs 0 (0–1); P=0.502.,"The paper describes a 4-class WHO PONV rating: 0 no nausea, 1 mild nausea/abdominal discomfort, 2 evident nausea without vomiting, 3 extreme nausea/vomiting.",200,NOT_ANALYSIS_ELIGIBLE,AUDIT-0200,,Nausea severity score,0–2 h after craniotomy
3,3,Tu 2024,PONV,Nausea severity score,2–6 h after craniotomy,Postoperative TEAS at bilateral P6,Sham TEAS / no current at bilateral P6,60,60,57,58,Median/IQR,0,0–1,0,0–2,NOT REPORTED,NOT REPORTED,"WHO PONV 4-class nausea rating, 0–3",0.146,NOT REPORTED,Available-case/completer analysis (115 analyzed),PDF p. 4,Table 3,Nausea score 2–6 h after craniotomy: 0 (0–1) vs 0 (0–2); P=0.146.,"The paper describes a 4-class WHO PONV rating: 0 no nausea, 1 mild nausea/abdominal discomfort, 2 evident nausea without vomiting, 3 extreme nausea/vomiting.",201,NOT_ANALYSIS_ELIGIBLE,AUDIT-0201,,Nausea severity score,2–6 h after craniotomy
3,4,Tu 2024,PONV,Nausea severity score,6–24 h after craniotomy,Postoperative TEAS at bilateral P6,Sham TEAS / no current at bilateral P6,60,60,57,58,Median/IQR,0,0–1,0,0–1,NOT REPORTED,NOT REPORTED,"WHO PONV 4-class nausea rating, 0–3",0.574,NOT REPORTED,Available-case/completer analysis (115 analyzed),PDF p. 4,Table 3,Nausea score 6–24 h after craniotomy: 0 (0–1) vs 0 (0–1); P=0.574.,"The paper describes a 4-class WHO PONV rating: 0 no nausea, 1 mild nausea/abdominal discomfort, 2 evident nausea without vomiting, 3 extreme nausea/vomiting.",202,NOT_ANALYSIS_ELIGIBLE,AUDIT-0202,,Nausea severity score,6–24 h after craniotomy
3,5,Tu 2024,Rescue antiemetic,Use of metoclopramide 10 mg IM,0–2 h after craniotomy,Postoperative TEAS at bilateral P6,Sham TEAS / no current at bilateral P6,60,60,57,58,Events/total,NOT REPORTED,NOT REPORTED,NOT REPORTED,NOT REPORTED,0,0,participants,1.000,NOT REPORTED,Available-case/completer analysis (115 analyzed),PDF p. 4,Table 4,Metoclopramide use 0–2 h after craniotomy: 0/57 vs 0/58; P=1.000.,Metoclopramide 10 mg IM was the prespecified rescue antiemetic for difficult-to-tolerate nausea/vomiting.,203,ADDED,AUDIT-0203,,Use of metoclopramide 10 mg IM,0–2 h after craniotomy
3,6,Tu 2024,Rescue antiemetic,Use of metoclopramide 10 mg IM,2–6 h after craniotomy,Postoperative TEAS at bilateral P6,Sham TEAS / no current at bilateral P6,60,60,57,58,Events/total,NOT REPORTED,NOT REPORTED,NOT REPORTED,NOT REPORTED,0,0,participants,1.000,NOT REPORTED,Available-case/completer analysis (115 analyzed),PDF p. 4,Table 4,Metoclopramide use 2–6 h after craniotomy: 0/57 vs 0/58; P=1.000.,Metoclopramide 10 mg IM was the prespecified rescue antiemetic for difficult-to-tolerate nausea/vomiting.,204,ADDED,AUDIT-0204,,Use of metoclopramide 10 mg IM,2–6 h after craniotomy
3,7,Tu 2024,Rescue antiemetic,Use of metoclopramide 10 mg IM,6–24 h after craniotomy,Postoperative TEAS at bilateral P6,Sham TEAS / no current at bilateral P6,60,60,57,58,Events/total,NOT REPORTED,NOT REPORTED,NOT REPORTED,NOT REPORTED,1,1,participants,0.990,NOT REPORTED,Available-case/completer analysis (115 analyzed),PDF p. 4,Table 4,Metoclopramide use 6–24 h after craniotomy: 1/57 vs 1/58; P=0.990.,Metoclopramide 10 mg IM was the prespecified rescue antiemetic for difficult-to-tolerate nausea/vomiting.,205,ADDED,AUDIT-0205,,Use of metoclopramide 10 mg IM,6–24 h after craniotomy
3,8,Tu 2024,Pain,VAS pain intensity,0–2 h after craniotomy,Postoperative TEAS at bilateral P6,Sham TEAS / no current at bilateral P6,60,60,57,58,Median/IQR,2,1–3,3,2–4,NOT REPORTED,NOT REPORTED,VAS 0–10,0.091,NOT REPORTED,Available-case/completer analysis (115 analyzed),PDF p. 4,Table 5,VAS 0–2 h after craniotomy: 2 (1–3) vs 3 (2–4); P=0.091.,NOT REPORTED,206,NOT_ANALYSIS_ELIGIBLE,AUDIT-0206,,VAS pain intensity,0–2 h after craniotomy
3,9,Tu 2024,Pain,VAS pain intensity,2–6 h after craniotomy,Postoperative TEAS at bilateral P6,Sham TEAS / no current at bilateral P6,60,60,57,58,Median/IQR,2,1–3,3,2–3.25,NOT REPORTED,NOT REPORTED,VAS 0–10,0.057,NOT REPORTED,Available-case/completer analysis (115 analyzed),PDF p. 4,Table 5,VAS 2–6 h after craniotomy: 2 (1–3) vs 3 (2–3.25); P=0.057.,NOT REPORTED,207,NOT_ANALYSIS_ELIGIBLE,AUDIT-0207,,VAS pain intensity,2–6 h after craniotomy
3,10,Tu 2024,Adverse events,TEAS-related adverse events,0–24 h testing period,Postoperative TEAS at bilateral P6,Sham TEAS / no current at bilateral P6,60,60,57,58,Events/total,NOT REPORTED,NOT REPORTED,NOT REPORTED,NOT REPORTED,0,0,participants,NOT REPORTED,NOT REPORTED,Available-case/completer analysis (115 analyzed),PDF p. 4,Results §3.3,AEs were not observed in any patient during the 0–24-h testing period.,"The article prospectively listed malignant arrhythmia, abnormal blood-pressure fluctuation, fainting, serious pain and local infection as TEAS adverse events.",208,ADDED,AUDIT-0208,,TEAS-related adverse events,0–24 h testing period
3,11,Sun 2017,Pain,Resting VAS,1 h,Preoperative true TEAS only (TSS),All-period sham TEAS (SSS),95,95,91,90,Graph only,GRAPH ONLY,GRAPH ONLY,GRAPH ONLY,GRAPH ONLY,NOT REPORTED,NOT REPORTED,VAS 0–10,NOT REPORTED,NOT REPORTED,Available-case/completer analysis,Clin J Pain 2017;33:343–344,Figure 2,Resting pain VAS was assessed at 1 h; Figure 2 presents the distributions.,Exact numerical values are not printed in text/table. No visual digitization performed.,209,GRAPH_ONLY_ADDED,AUDIT-0209,,Resting VAS,1 h
3,12,Sun 2017,Pain,Resting VAS,6 h,Preoperative true TEAS only (TSS),All-period sham TEAS (SSS),95,95,91,90,Graph only,GRAPH ONLY,GRAPH ONLY,GRAPH ONLY,GRAPH ONLY,NOT REPORTED,NOT REPORTED,VAS 0–10,NOT REPORTED,NOT REPORTED,Available-case/completer analysis,Clin J Pain 2017;33:343–344,Figure 2,Resting pain VAS was assessed at 6 h; Figure 2 presents the distributions.,Exact numerical values are not printed in text/table. No visual digitization performed.,210,GRAPH_ONLY_ADDED,AUDIT-0210,,Resting VAS,6 h
3,13,Sun 2017,Pain,Resting VAS,24 h,Preoperative true TEAS only (TSS),All-period sham TEAS (SSS),95,95,91,90,Graph only,GRAPH ONLY,GRAPH ONLY,GRAPH ONLY,GRAPH ONLY,NOT REPORTED,NOT REPORTED,VAS 0–10,NOT REPORTED,NOT REPORTED,Available-case/completer analysis,Clin J Pain 2017;33:343–344,Figure 2,Resting pain VAS was assessed at 24 h; Figure 2 presents the distributions.,Exact numerical values are not printed in text/table. No visual digitization performed.,211,GRAPH_ONLY_ADDED,AUDIT-0211,,Resting VAS,24 h
3,14,Sun 2017,Pain,Resting VAS,48 h,Preoperative true TEAS only (TSS),All-period sham TEAS (SSS),95,95,91,90,Graph only,GRAPH ONLY,GRAPH ONLY,GRAPH ONLY,GRAPH ONLY,NOT REPORTED,NOT REPORTED,VAS 0–10,NOT REPORTED,NOT REPORTED,Available-case/completer analysis,Clin J Pain 2017;33:343–344,Figure 2,Resting pain VAS was assessed at 48 h; Figure 2 presents the distributions.,Exact numerical values are not printed in text/table. No visual digitization performed.,212,GRAPH_ONLY_ADDED,AUDIT-0212,,Resting VAS,48 h
3,15,Sun 2017,Pain,Activity-evoked VAS during coughing,1 h,Preoperative true TEAS only (TSS),All-period sham TEAS (SSS),95,95,91,90,Graph only,GRAPH ONLY,GRAPH ONLY,GRAPH ONLY,GRAPH ONLY,NOT REPORTED,NOT REPORTED,VAS 0–10,NOT REPORTED,NOT REPORTED,Available-case/completer analysis,Clin J Pain 2017;33:343–344,Figure 2,Activity pain VAS was assessed at 1 h; Figure 2 presents the distributions.,Exact numerical values are not printed in text/table. No visual digitization performed.,213,GRAPH_ONLY_ADDED,AUDIT-0213,,Activity-evoked VAS during coughing,1 h
3,16,Sun 2017,Pain,Activity-evoked VAS during coughing,6 h,Preoperative true TEAS only (TSS),All-period sham TEAS (SSS),95,95,91,90,Graph only,GRAPH ONLY,GRAPH ONLY,GRAPH ONLY,GRAPH ONLY,NOT REPORTED,NOT REPORTED,VAS 0–10,NOT REPORTED,NOT REPORTED,Available-case/completer analysis,Clin J Pain 2017;33:343–344,Figure 2,Activity pain VAS was assessed at 6 h; Figure 2 presents the distributions.,Exact numerical values are not printed in text/table. No visual digitization performed.,214,GRAPH_ONLY_ADDED,AUDIT-0214,,Activity-evoked VAS during coughing,6 h
3,17,Sun 2017,Pain,Activity-evoked VAS during coughing,48 h,Preoperative true TEAS only (TSS),All-period sham TEAS (SSS),95,95,91,90,Graph only,GRAPH ONLY,GRAPH ONLY,GRAPH ONLY,GRAPH ONLY,NOT REPORTED,NOT REPORTED,VAS 0–10,NOT REPORTED,NOT REPORTED,Available-case/completer analysis,Clin J Pain 2017;33:343–344,Figure 2,Activity pain VAS was assessed at 48 h; Figure 2 presents the distributions.,Exact numerical values are not printed in text/table. No visual digitization performed.,215,GRAPH_ONLY_ADDED,AUDIT-0215,,Activity-evoked VAS during coughing,48 h
3,18,Sun 2017,Pain,Resting VAS,1 h,Preoperative + intraoperative true TEAS (TTS),All-period sham TEAS (SSS),95,95,91,90,Graph only,GRAPH ONLY,GRAPH ONLY,GRAPH ONLY,GRAPH ONLY,NOT REPORTED,NOT REPORTED,VAS 0–10,NOT REPORTED,NOT REPORTED,Available-case/completer analysis,Clin J Pain 2017;33:343–344,Figure 2,Resting pain VAS was assessed at 1 h; Figure 2 presents the distributions.,Exact numerical values are not printed in text/table. No visual digitization performed.,216,GRAPH_ONLY_ADDED,AUDIT-0216,,Resting VAS,1 h
3,19,Sun 2017,Pain,Resting VAS,6 h,Preoperative + intraoperative true TEAS (TTS),All-period sham TEAS (SSS),95,95,91,90,Graph only,GRAPH ONLY,GRAPH ONLY,GRAPH ONLY,GRAPH ONLY,NOT REPORTED,NOT REPORTED,VAS 0–10,NOT REPORTED,NOT REPORTED,Available-case/completer analysis,Clin J Pain 2017;33:343–344,Figure 2,Resting pain VAS was assessed at 6 h; Figure 2 presents the distributions.,Exact numerical values are not printed in text/table. No visual digitization performed.,217,GRAPH_ONLY_ADDED,AUDIT-0217,,Resting VAS,6 h
3,20,Sun 2017,Pain,Resting VAS,24 h,Preoperative + intraoperative true TEAS (TTS),All-period sham TEAS (SSS),95,95,91,90,Graph only,GRAPH ONLY,GRAPH ONLY,GRAPH ONLY,GRAPH ONLY,NOT REPORTED,NOT REPORTED,VAS 0–10,NOT REPORTED,NOT REPORTED,Available-case/completer analysis,Clin J Pain 2017;33:343–344,Figure 2,Resting pain VAS was assessed at 24 h; Figure 2 presents the distributions.,Exact numerical values are not printed in text/table. No visual digitization performed.,218,GRAPH_ONLY_ADDED,AUDIT-0218,,Resting VAS,24 h
3,21,Sun 2017,Pain,Resting VAS,48 h,Preoperative + intraoperative true TEAS (TTS),All-period sham TEAS (SSS),95,95,91,90,Graph only,GRAPH ONLY,GRAPH ONLY,GRAPH ONLY,GRAPH ONLY,NOT REPORTED,NOT REPORTED,VAS 0–10,NOT REPORTED,NOT REPORTED,Available-case/completer analysis,Clin J Pain 2017;33:343–344,Figure 2,Resting pain VAS was assessed at 48 h; Figure 2 presents the distributions.,Exact numerical values are not printed in text/table. No visual digitization performed.,219,GRAPH_ONLY_ADDED,AUDIT-0219,,Resting VAS,48 h
3,22,Sun 2017,Pain,Activity-evoked VAS during coughing,1 h,Preoperative + intraoperative true TEAS (TTS),All-period sham TEAS (SSS),95,95,91,90,Graph only,GRAPH ONLY,GRAPH ONLY,GRAPH ONLY,GRAPH ONLY,NOT REPORTED,NOT REPORTED,VAS 0–10,NOT REPORTED,NOT REPORTED,Available-case/completer analysis,Clin J Pain 2017;33:343–344,Figure 2,Activity pain VAS was assessed at 1 h; Figure 2 presents the distributions.,Exact numerical values are not printed in text/table. No visual digitization performed.,220,GRAPH_ONLY_ADDED,AUDIT-0220,,Activity-evoked VAS during coughing,1 h
3,23,Sun 2017,Pain,Activity-evoked VAS during coughing,6 h,Preoperative + intraoperative true TEAS (TTS),All-period sham TEAS (SSS),95,95,91,90,Graph only,GRAPH ONLY,GRAPH ONLY,GRAPH ONLY,GRAPH ONLY,NOT REPORTED,NOT REPORTED,VAS 0–10,<0.001 for TTS/TST vs SSS/TSS,NOT REPORTED,Available-case/completer analysis,Clin J Pain 2017;33:343–344,Figure 2,Activity pain VAS was assessed at 6 h; Figure 2 presents the distributions.,Exact numerical values are not printed in text/table. No visual digitization performed.,221,GRAPH_ONLY_ADDED,AUDIT-0221,,Activity-evoked VAS during coughing,6 h
3,24,Sun 2017,Pain,Activity-evoked VAS during coughing,48 h,Preoperative + intraoperative true TEAS (TTS),All-period sham TEAS (SSS),95,95,91,90,Graph only,GRAPH ONLY,GRAPH ONLY,GRAPH ONLY,GRAPH ONLY,NOT REPORTED,NOT REPORTED,VAS 0–10,NOT REPORTED,NOT REPORTED,Available-case/completer analysis,Clin J Pain 2017;33:343–344,Figure 2,Activity pain VAS was assessed at 48 h; Figure 2 presents the distributions.,Exact numerical values are not printed in text/table. No visual digitization performed.,222,GRAPH_ONLY_ADDED,AUDIT-0222,,Activity-evoked VAS during coughing,48 h
3,25,Sun 2017,Pain,Resting VAS,1 h,Preoperative + postoperative true TEAS (TST),All-period sham TEAS (SSS),95,95,89,90,Graph only,GRAPH ONLY,GRAPH ONLY,GRAPH ONLY,GRAPH ONLY,NOT REPORTED,NOT REPORTED,VAS 0–10,NOT REPORTED,NOT REPORTED,Available-case/completer analysis,Clin J Pain 2017;33:343–344,Figure 2,Resting pain VAS was assessed at 1 h; Figure 2 presents the distributions.,Exact numerical values are not printed in text/table. No visual digitization performed.,223,GRAPH_ONLY_ADDED,AUDIT-0223,,Resting VAS,1 h
3,26,Sun 2017,Pain,Resting VAS,6 h,Preoperative + postoperative true TEAS (TST),All-period sham TEAS (SSS),95,95,89,90,Graph only,GRAPH ONLY,GRAPH ONLY,GRAPH ONLY,GRAPH ONLY,NOT REPORTED,NOT REPORTED,VAS 0–10,NOT REPORTED,NOT REPORTED,Available-case/completer analysis,Clin J Pain 2017;33:343–344,Figure 2,Resting pain VAS was assessed at 6 h; Figure 2 presents the distributions.,Exact numerical values are not printed in text/table. No visual digitization performed.,224,GRAPH_ONLY_ADDED,AUDIT-0224,,Resting VAS,6 h
3,27,Sun 2017,Pain,Resting VAS,24 h,Preoperative + postoperative true TEAS (TST),All-period sham TEAS (SSS),95,95,89,90,Graph only,GRAPH ONLY,GRAPH ONLY,GRAPH ONLY,GRAPH ONLY,NOT REPORTED,NOT REPORTED,VAS 0–10,NOT REPORTED,NOT REPORTED,Available-case/completer analysis,Clin J Pain 2017;33:343–344,Figure 2,Resting pain VAS was assessed at 24 h; Figure 2 presents the distributions.,Exact numerical values are not printed in text/table. No visual digitization performed.,225,GRAPH_ONLY_ADDED,AUDIT-0225,,Resting VAS,24 h
3,28,Sun 2017,Pain,Resting VAS,48 h,Preoperative + postoperative true TEAS (TST),All-period sham TEAS (SSS),95,95,89,90,Graph only,GRAPH ONLY,GRAPH ONLY,GRAPH ONLY,GRAPH ONLY,NOT REPORTED,NOT REPORTED,VAS 0–10,NOT REPORTED,NOT REPORTED,Available-case/completer analysis,Clin J Pain 2017;33:343–344,Figure 2,Resting pain VAS was assessed at 48 h; Figure 2 presents the distributions.,Exact numerical values are not printed in text/table. No visual digitization performed.,226,GRAPH_ONLY_ADDED,AUDIT-0226,,Resting VAS,48 h
3,29,Sun 2017,Pain,Activity-evoked VAS during coughing,1 h,Preoperative + postoperative true TEAS (TST),All-period sham TEAS (SSS),95,95,89,90,Graph only,GRAPH ONLY,GRAPH ONLY,GRAPH ONLY,GRAPH ONLY,NOT REPORTED,NOT REPORTED,VAS 0–10,NOT REPORTED,NOT REPORTED,Available-case/completer analysis,Clin J Pain 2017;33:343–344,Figure 2,Activity pain VAS was assessed at 1 h; Figure 2 presents the distributions.,Exact numerical values are not printed in text/table. No visual digitization performed.,227,GRAPH_ONLY_ADDED,AUDIT-0227,,Activity-evoked VAS during coughing,1 h
3,30,Sun 2017,Pain,Activity-evoked VAS during coughing,6 h,Preoperative + postoperative true TEAS (TST),All-period sham TEAS (SSS),95,95,89,90,Graph only,GRAPH ONLY,GRAPH ONLY,GRAPH ONLY,GRAPH ONLY,NOT REPORTED,NOT REPORTED,VAS 0–10,<0.001 for TTS/TST vs SSS/TSS,NOT REPORTED,Available-case/completer analysis,Clin J Pain 2017;33:343–344,Figure 2,Activity pain VAS was assessed at 6 h; Figure 2 presents the distributions.,Exact numerical values are not printed in text/table. No visual digitization performed.,228,GRAPH_ONLY_ADDED,AUDIT-0228,,Activity-evoked VAS during coughing,6 h
3,31,Sun 2017,Pain,Activity-evoked VAS during coughing,48 h,Preoperative + postoperative true TEAS (TST),All-period sham TEAS (SSS),95,95,89,90,Graph only,GRAPH ONLY,GRAPH ONLY,GRAPH ONLY,GRAPH ONLY,NOT REPORTED,NOT REPORTED,VAS 0–10,<0.001 for TST vs SSS/TSS,NOT REPORTED,Available-case/completer analysis,Clin J Pain 2017;33:343–344,Figure 2,Activity pain VAS was assessed at 48 h; Figure 2 presents the distributions.,Exact numerical values are not printed in text/table. No visual digitization performed.,229,GRAPH_ONLY_ADDED,AUDIT-0229,,Activity-evoked VAS during coughing,48 h
3,32,Sun 2017,PONV,Nausea,Within 48 h after surgery,Preoperative true TEAS only (TSS),All-period sham TEAS (SSS),95,95,91,90,Published percentage (95% CI),34.1,95% CI 24.3–43.9,25.6,95% CI 16.5–34.6,NOT REPORTED,NOT REPORTED,percent,0.376,NOT REPORTED,Available-case/completer analysis,Clin J Pain 2017;33:344,Table 2,Nausea: SSS 25.6% (16.5–34.6); active arm 34.1% (24.3–43.9); overall P=0.376.,Only percentages and 95% confidence intervals are printed. Raw event counts are NOT REPORTED and were not reverse-engineered.,230,NOT_ANALYSIS_ELIGIBLE,AUDIT-0230,,Nausea,Within 48 h after surgery
3,33,Sun 2017,PONV,Nausea,Within 48 h after surgery,Preoperative + intraoperative true TEAS (TTS),All-period sham TEAS (SSS),95,95,91,90,Published percentage (95% CI),26.4,95% CI 17.3–35.5,25.6,95% CI 16.5–34.6,NOT REPORTED,NOT REPORTED,percent,0.376,NOT REPORTED,Available-case/completer analysis,Clin J Pain 2017;33:344,Table 2,Nausea: SSS 25.6% (16.5–34.6); active arm 26.4% (17.3–35.5); overall P=0.376.,Only percentages and 95% confidence intervals are printed. Raw event counts are NOT REPORTED and were not reverse-engineered.,231,NOT_ANALYSIS_ELIGIBLE,AUDIT-0231,,Nausea,Within 48 h after surgery
3,34,Sun 2017,PONV,Nausea,Within 48 h after surgery,Preoperative + postoperative true TEAS (TST),All-period sham TEAS (SSS),95,95,89,90,Published percentage (95% CI),34.8,95% CI 24.8–44.8,25.6,95% CI 16.5–34.6,NOT REPORTED,NOT REPORTED,percent,0.376,NOT REPORTED,Available-case/completer analysis,Clin J Pain 2017;33:344,Table 2,Nausea: SSS 25.6% (16.5–34.6); active arm 34.8% (24.8–44.8); overall P=0.376.,Only percentages and 95% confidence intervals are printed. Raw event counts are NOT REPORTED and were not reverse-engineered.,232,NOT_ANALYSIS_ELIGIBLE,AUDIT-0232,,Nausea,Within 48 h after surgery
3,35,Sun 2017,PONV,Vomiting,Within 48 h after surgery,Preoperative true TEAS only (TSS),All-period sham TEAS (SSS),95,95,91,90,Published percentage (95% CI),25.3,95% CI 16.3–34.3,22.2,95% CI 13.6–30.8,NOT REPORTED,NOT REPORTED,percent,0.759,NOT REPORTED,Available-case/completer analysis,Clin J Pain 2017;33:344,Table 2,Vomiting: SSS 22.2% (13.6–30.8); active arm 25.3% (16.3–34.3); overall P=0.759.,Only percentages and 95% confidence intervals are printed. Raw event counts are NOT REPORTED and were not reverse-engineered.,233,NOT_ANALYSIS_ELIGIBLE,AUDIT-0233,,Vomiting,Within 48 h after surgery
3,36,Sun 2017,PONV,Vomiting,Within 48 h after surgery,Preoperative + intraoperative true TEAS (TTS),All-period sham TEAS (SSS),95,95,91,90,Published percentage (95% CI),26.4,95% CI 17.3–35.5,22.2,95% CI 13.6–30.8,NOT REPORTED,NOT REPORTED,percent,0.759,NOT REPORTED,Available-case/completer analysis,Clin J Pain 2017;33:344,Table 2,Vomiting: SSS 22.2% (13.6–30.8); active arm 26.4% (17.3–35.5); overall P=0.759.,Only percentages and 95% confidence intervals are printed. Raw event counts are NOT REPORTED and were not reverse-engineered.,234,NOT_ANALYSIS_ELIGIBLE,AUDIT-0234,,Vomiting,Within 48 h after surgery
3,37,Sun 2017,PONV,Vomiting,Within 48 h after surgery,Preoperative + postoperative true TEAS (TST),All-period sham TEAS (SSS),95,95,89,90,Published percentage (95% CI),29.2,95% CI 19.7–38.7,22.2,95% CI 13.6–30.8,NOT REPORTED,NOT REPORTED,percent,0.759,NOT REPORTED,Available-case/completer analysis,Clin J Pain 2017;33:344,Table 2,Vomiting: SSS 22.2% (13.6–30.8); active arm 29.2% (19.7–38.7); overall P=0.759.,Only percentages and 95% confidence intervals are printed. Raw event counts are NOT REPORTED and were not reverse-engineered.,235,NOT_ANALYSIS_ELIGIBLE,AUDIT-0235,,Vomiting,Within 48 h after surgery
3,38,Sun 2017,Rescue antiemetic,Additional antiemetic requirement,Within 48 h after surgery,Preoperative true TEAS only (TSS),All-period sham TEAS (SSS),95,95,91,90,Published percentage (95% CI),25.3,95% CI 16.3–34.3,23.3,95% CI 14.5–32.1,NOT REPORTED,NOT REPORTED,percent,0.840,NOT REPORTED,Available-case/completer analysis,Clin J Pain 2017;33:344,Table 2,Additional antiemetic requirement: SSS 23.3% (14.5–32.1); active arm 25.3% (16.3–34.3); overall P=0.840.,Only percentages and 95% confidence intervals are printed. Raw event counts are NOT REPORTED and were not reverse-engineered.,236,NOT_ANALYSIS_ELIGIBLE,AUDIT-0236,,Additional antiemetic requirement,Within 48 h after surgery
3,39,Sun 2017,Rescue antiemetic,Additional antiemetic requirement,Within 48 h after surgery,Preoperative + intraoperative true TEAS (TTS),All-period sham TEAS (SSS),95,95,91,90,Published percentage (95% CI),26.4,95% CI 17.3–35.5,23.3,95% CI 14.5–32.1,NOT REPORTED,NOT REPORTED,percent,0.840,NOT REPORTED,Available-case/completer analysis,Clin J Pain 2017;33:344,Table 2,Additional antiemetic requirement: SSS 23.3% (14.5–32.1); active arm 26.4% (17.3–35.5); overall P=0.840.,Only percentages and 95% confidence intervals are printed. Raw event counts are NOT REPORTED and were not reverse-engineered.,237,NOT_ANALYSIS_ELIGIBLE,AUDIT-0237,,Additional antiemetic requirement,Within 48 h after surgery
3,40,Sun 2017,Rescue antiemetic,Additional antiemetic requirement,Within 48 h after surgery,Preoperative + postoperative true TEAS (TST),All-period sham TEAS (SSS),95,95,89,90,Published percentage (95% CI),29.2,95% CI 19.7–38.7,23.3,95% CI 14.5–32.1,NOT REPORTED,NOT REPORTED,percent,0.840,NOT REPORTED,Available-case/completer analysis,Clin J Pain 2017;33:344,Table 2,Additional antiemetic requirement: SSS 23.3% (14.5–32.1); active arm 29.2% (19.7–38.7); overall P=0.840.,Only percentages and 95% confidence intervals are printed. Raw event counts are NOT REPORTED and were not reverse-engineered.,238,NOT_ANALYSIS_ELIGIBLE,AUDIT-0238,,Additional antiemetic requirement,Within 48 h after surgery
3,41,Sun 2017,Patient satisfaction,Patient satisfaction — extremely satisfied,Postoperative assessment; exact clock time not separately stated,Preoperative true TEAS only (TSS),All-period sham TEAS (SSS),95,95,91,90,Published percentage (95% CI),98.9,95% CI 96.7–101.1,88.9,95% CI 82.4–95.4,NOT REPORTED,NOT REPORTED,percent,<0.001,NOT REPORTED,Available-case/completer analysis,Clin J Pain 2017;33:344,Table 2,Patient satisfaction — extremely satisfied: SSS 88.9% (82.4–95.4); active arm 98.9% (96.7–101.1); overall P=<0.001.,Only percentages and 95% confidence intervals are printed. Raw event counts are NOT REPORTED and were not reverse-engineered.,239,NOT_ANALYSIS_ELIGIBLE,AUDIT-0239,,Patient satisfaction — extremely satisfied,Postoperative assessment; exact clock time not separately stated
3,42,Sun 2017,Patient satisfaction,Patient satisfaction — extremely satisfied,Postoperative assessment; exact clock time not separately stated,Preoperative + intraoperative true TEAS (TTS),All-period sham TEAS (SSS),95,95,91,90,Published percentage (95% CI),100.0,95% CI 100–100,88.9,95% CI 82.4–95.4,NOT REPORTED,NOT REPORTED,percent,<0.001,NOT REPORTED,Available-case/completer analysis,Clin J Pain 2017;33:344,Table 2,Patient satisfaction — extremely satisfied: SSS 88.9% (82.4–95.4); active arm 100.0% (100–100); overall P=<0.001.,Only percentages and 95% confidence intervals are printed. Raw event counts are NOT REPORTED and were not reverse-engineered.,240,NOT_ANALYSIS_ELIGIBLE,AUDIT-0240,,Patient satisfaction — extremely satisfied,Postoperative assessment; exact clock time not separately stated
3,43,Sun 2017,Patient satisfaction,Patient satisfaction — extremely satisfied,Postoperative assessment; exact clock time not separately stated,Preoperative + postoperative true TEAS (TST),All-period sham TEAS (SSS),95,95,89,90,Published percentage (95% CI),100.0,95% CI 100–100,88.9,95% CI 82.4–95.4,NOT REPORTED,NOT REPORTED,percent,<0.001,NOT REPORTED,Available-case/completer analysis,Clin J Pain 2017;33:344,Table 2,Patient satisfaction — extremely satisfied: SSS 88.9% (82.4–95.4); active arm 100.0% (100–100); overall P=<0.001.,Only percentages and 95% confidence intervals are printed. Raw event counts are NOT REPORTED and were not reverse-engineered.,241,NOT_ANALYSIS_ELIGIBLE,AUDIT-0241,,Patient satisfaction — extremely satisfied,Postoperative assessment; exact clock time not separately stated
3,44,Sun 2017,Intraoperative opioid,Author-defined intraoperative morphine-equivalent exposure,Intraoperative,Preoperative true TEAS only (TSS),All-period sham TEAS (SSS),95,95,91,90,Mean/SD,1.6,0.4,1.5,0.4,NOT REPORTED,NOT REPORTED,mg/kg; author-defined conversion metric,0.303,NOT REPORTED,Available-case/completer analysis,Clin J Pain 2017;33:344,Table 2,Intraoperative morphine (mg/kg): SSS 1.5±0.4; Preoperative true TEAS only 1.6±0.4; overall P=0.303.,Authors converted intraoperative sufentanil/remifentanil to a study-defined morphine metric using their stated equivalencies. Preserve as author-defined; do not mix automatically with standardized postoperative IV MME.,242,NOT_ANALYSIS_ELIGIBLE,AUDIT-0242,,Author-defined intraoperative morphine-equivalent exposure,Intraoperative
3,45,Sun 2017,Intraoperative opioid,Author-defined intraoperative morphine-equivalent exposure,Intraoperative,Preoperative + intraoperative true TEAS (TTS),All-period sham TEAS (SSS),95,95,91,90,Mean/SD,1.6,0.4,1.5,0.4,NOT REPORTED,NOT REPORTED,mg/kg; author-defined conversion metric,0.303,NOT REPORTED,Available-case/completer analysis,Clin J Pain 2017;33:344,Table 2,Intraoperative morphine (mg/kg): SSS 1.5±0.4; Preoperative + intraoperative true TEAS 1.6±0.4; overall P=0.303.,Authors converted intraoperative sufentanil/remifentanil to a study-defined morphine metric using their stated equivalencies. Preserve as author-defined; do not mix automatically with standardized postoperative IV MME.,243,NOT_ANALYSIS_ELIGIBLE,AUDIT-0243,,Author-defined intraoperative morphine-equivalent exposure,Intraoperative
3,46,Sun 2017,Intraoperative opioid,Author-defined intraoperative morphine-equivalent exposure,Intraoperative,Preoperative + postoperative true TEAS (TST),All-period sham TEAS (SSS),95,95,89,90,Mean/SD,1.5,0.4,1.5,0.4,NOT REPORTED,NOT REPORTED,mg/kg; author-defined conversion metric,0.303,NOT REPORTED,Available-case/completer analysis,Clin J Pain 2017;33:344,Table 2,Intraoperative morphine (mg/kg): SSS 1.5±0.4; Preoperative + postoperative true TEAS 1.5±0.4; overall P=0.303.,Authors converted intraoperative sufentanil/remifentanil to a study-defined morphine metric using their stated equivalencies. Preserve as author-defined; do not mix automatically with standardized postoperative IV MME.,244,NOT_ANALYSIS_ELIGIBLE,AUDIT-0244,,Author-defined intraoperative morphine-equivalent exposure,Intraoperative
3,47,Sun 2017,Functional recovery,Extubation time,Postoperative,Preoperative true TEAS only (TSS),All-period sham TEAS (SSS),95,95,91,90,Mean/SD,20.8,15.8,22.5,13.2,NOT REPORTED,NOT REPORTED,minutes,0.180,NOT REPORTED,Available-case/completer analysis,Clin J Pain 2017;33:344,Table 2,Extubation time: SSS 22.5±13.2; active arm 20.8±15.8; overall P=0.180.,NOT REPORTED,245,ADDED,AUDIT-0245,,Extubation time,Postoperative
3,48,Sun 2017,Functional recovery,Extubation time,Postoperative,Preoperative + intraoperative true TEAS (TTS),All-period sham TEAS (SSS),95,95,91,90,Mean/SD,18.4,10.1,22.5,13.2,NOT REPORTED,NOT REPORTED,minutes,0.180,NOT REPORTED,Available-case/completer analysis,Clin J Pain 2017;33:344,Table 2,Extubation time: SSS 22.5±13.2; active arm 18.4±10.1; overall P=0.180.,NOT REPORTED,246,ADDED,AUDIT-0246,,Extubation time,Postoperative
3,49,Sun 2017,Functional recovery,Extubation time,Postoperative,Preoperative + postoperative true TEAS (TST),All-period sham TEAS (SSS),95,95,89,90,Mean/SD,21.5,12.3,22.5,13.2,NOT REPORTED,NOT REPORTED,minutes,0.180,NOT REPORTED,Available-case/completer analysis,Clin J Pain 2017;33:344,Table 2,Extubation time: SSS 22.5±13.2; active arm 21.5±12.3; overall P=0.180.,NOT REPORTED,247,ADDED,AUDIT-0247,,Extubation time,Postoperative
3,50,Sun 2017,Functional recovery,Length of stay in PACU,Postoperative,Preoperative true TEAS only (TSS),All-period sham TEAS (SSS),95,95,91,90,Mean/SD,62.2,19.4,66.0,16.0,NOT REPORTED,NOT REPORTED,minutes,0.379,NOT REPORTED,Available-case/completer analysis,Clin J Pain 2017;33:344,Table 2,Length of stay in PACU: SSS 66.0±16.0; active arm 62.2±19.4; overall P=0.379.,NOT REPORTED,248,ADDED,AUDIT-0248,,Length of stay in PACU,Postoperative
3,51,Sun 2017,Functional recovery,Length of stay in PACU,Postoperative,Preoperative + intraoperative true TEAS (TTS),All-period sham TEAS (SSS),95,95,91,90,Mean/SD,62.7,16.3,66.0,16.0,NOT REPORTED,NOT REPORTED,minutes,0.379,NOT REPORTED,Available-case/completer analysis,Clin J Pain 2017;33:344,Table 2,Length of stay in PACU: SSS 66.0±16.0; active arm 62.7±16.3; overall P=0.379.,NOT REPORTED,249,ADDED,AUDIT-0249,,Length of stay in PACU,Postoperative
3,52,Sun 2017,Functional recovery,Length of stay in PACU,Postoperative,Preoperative + postoperative true TEAS (TST),All-period sham TEAS (SSS),95,95,89,90,Mean/SD,64.8,15.5,66.0,16.0,NOT REPORTED,NOT REPORTED,minutes,0.379,NOT REPORTED,Available-case/completer analysis,Clin J Pain 2017;33:344,Table 2,Length of stay in PACU: SSS 66.0±16.0; active arm 64.8±15.5; overall P=0.379.,NOT REPORTED,250,ADDED,AUDIT-0250,,Length of stay in PACU,Postoperative
3,53,Sun 2017,GI recovery,Time to first postoperative flatus,Postoperative,Preoperative true TEAS only (TSS),All-period sham TEAS (SSS),95,95,91,90,Mean/SD,45.2,19.9,41.5,19.6,NOT REPORTED,NOT REPORTED,hours,0.391,NOT REPORTED,Available-case/completer analysis,Clin J Pain 2017;33:344,Table 2,Time to first postoperative flatus: SSS 41.5±19.6; active arm 45.2±19.9; overall P=0.391.,NOT REPORTED,251,ADDED,AUDIT-0251,,Time to first postoperative flatus,Postoperative
3,54,Sun 2017,GI recovery,Time to first postoperative flatus,Postoperative,Preoperative + intraoperative true TEAS (TTS),All-period sham TEAS (SSS),95,95,91,90,Mean/SD,44.7,16.6,41.5,19.6,NOT REPORTED,NOT REPORTED,hours,0.391,NOT REPORTED,Available-case/completer analysis,Clin J Pain 2017;33:344,Table 2,Time to first postoperative flatus: SSS 41.5±19.6; active arm 44.7±16.6; overall P=0.391.,NOT REPORTED,252,ADDED,AUDIT-0252,,Time to first postoperative flatus,Postoperative
3,55,Sun 2017,GI recovery,Time to first postoperative flatus,Postoperative,Preoperative + postoperative true TEAS (TST),All-period sham TEAS (SSS),95,95,89,90,Mean/SD,41.6,18.1,41.5,19.6,NOT REPORTED,NOT REPORTED,hours,0.391,NOT REPORTED,Available-case/completer analysis,Clin J Pain 2017;33:344,Table 2,Time to first postoperative flatus: SSS 41.5±19.6; active arm 41.6±18.1; overall P=0.391.,NOT REPORTED,253,ADDED,AUDIT-0253,,Time to first postoperative flatus,Postoperative
3,56,Sun 2017,GI recovery,Time to first postoperative defecation,Postoperative,Preoperative true TEAS only (TSS),All-period sham TEAS (SSS),95,95,91,90,Mean/SD,63.6,19.8,63.4,22.9,NOT REPORTED,NOT REPORTED,hours,0.127,NOT REPORTED,Available-case/completer analysis,Clin J Pain 2017;33:344,Table 2,Time to first postoperative defecation: SSS 63.4±22.9; active arm 63.6±19.8; overall P=0.127.,NOT REPORTED,254,ADDED,AUDIT-0254,,Time to first postoperative defecation,Postoperative
3,57,Sun 2017,GI recovery,Time to first postoperative defecation,Postoperative,Preoperative + intraoperative true TEAS (TTS),All-period sham TEAS (SSS),95,95,91,90,Mean/SD,61.8,15.7,63.4,22.9,NOT REPORTED,NOT REPORTED,hours,0.127,NOT REPORTED,Available-case/completer analysis,Clin J Pain 2017;33:344,Table 2,Time to first postoperative defecation: SSS 63.4±22.9; active arm 61.8±15.7; overall P=0.127.,NOT REPORTED,255,ADDED,AUDIT-0255,,Time to first postoperative defecation,Postoperative
3,58,Sun 2017,GI recovery,Time to first postoperative defecation,Postoperative,Preoperative + postoperative true TEAS (TST),All-period sham TEAS (SSS),95,95,89,90,Mean/SD,57.3,20.6,63.4,22.9,NOT REPORTED,NOT REPORTED,hours,0.127,NOT REPORTED,Available-case/completer analysis,Clin J Pain 2017;33:344,Table 2,Time to first postoperative defecation: SSS 63.4±22.9; active arm 57.3±20.6; overall P=0.127.,NOT REPORTED,256,ADDED,AUDIT-0256,,Time to first postoperative defecation,Postoperative
3,59,Sun 2017,Adverse events,TEAS-related side effects,0–48 h postoperative,Preoperative true TEAS only (TSS),All-period sham TEAS (SSS),95,95,91,90,Events/total,NOT REPORTED,NOT REPORTED,NOT REPORTED,NOT REPORTED,0,0,participants,NOT REPORTED,NOT REPORTED,Available-case/completer analysis,Clin J Pain 2017;33:344,Results text,No side effect related to TEAS was observed during the postoperative 48 hours.,"Specific monitored TEAS side effects included local irritation, redness, contact dermatitis and muscle ache.",257,ADDED,AUDIT-0257,,TEAS-related side effects,0–48 h postoperative
3,60,Sun 2017,Adverse events,TEAS-related side effects,0–48 h postoperative,Preoperative + intraoperative true TEAS (TTS),All-period sham TEAS (SSS),95,95,91,90,Events/total,NOT REPORTED,NOT REPORTED,NOT REPORTED,NOT REPORTED,0,0,participants,NOT REPORTED,NOT REPORTED,Available-case/completer analysis,Clin J Pain 2017;33:344,Results text,No side effect related to TEAS was observed during the postoperative 48 hours.,"Specific monitored TEAS side effects included local irritation, redness, contact dermatitis and muscle ache.",258,ADDED,AUDIT-0258,,TEAS-related side effects,0–48 h postoperative
3,61,Sun 2017,Adverse events,TEAS-related side effects,0–48 h postoperative,Preoperative + postoperative true TEAS (TST),All-period sham TEAS (SSS),95,95,89,90,Events/total,NOT REPORTED,NOT REPORTED,NOT REPORTED,NOT REPORTED,0,0,participants,NOT REPORTED,NOT REPORTED,Available-case/completer analysis,Clin J Pain 2017;33:344,Results text,No side effect related to TEAS was observed during the postoperative 48 hours.,"Specific monitored TEAS side effects included local irritation, redness, contact dermatitis and muscle ache.",259,ADDED,AUDIT-0259,,TEAS-related side effects,0–48 h postoperative
3,62,Sim 2002,Pain,Mean resting VAS over first 24 h,0–24 h mean across 6-hourly assessments,Preoperative EA (Group II),Placebo EA (Group I),30,30,30,30,Mean/SD,4.7,1.8,4.5,2.1,NOT REPORTED,NOT REPORTED,VAS 0–10,No significant between-group difference reported,NOT REPORTED,All randomized/analyzed,Acupuncture in Medicine 2002;20:60–61,Table 2,Mean VAS over 24 hours: Group I 4.5±2.1; active arm 4.7±1.8.,"Table footnote states these are mean values over 24 h, not the exact 24-h point measurement.",260,ADDED,AUDIT-0260,,Mean resting VAS over first 24 h,0–24 h mean across 6-hourly assessments
3,63,Sim 2002,Pain,Mean resting VAS over first 24 h,0–24 h mean across 6-hourly assessments,Postoperative EA (Group III),Placebo EA (Group I),30,30,30,30,Mean/SD,3.9,1.6,4.5,2.1,NOT REPORTED,NOT REPORTED,VAS 0–10,No significant between-group difference reported,NOT REPORTED,All randomized/analyzed,Acupuncture in Medicine 2002;20:60–61,Table 2,Mean VAS over 24 hours: Group I 4.5±2.1; active arm 3.9±1.6.,"Table footnote states these are mean values over 24 h, not the exact 24-h point measurement.",261,ADDED,AUDIT-0261,,Mean resting VAS over first 24 h,0–24 h mean across 6-hourly assessments
3,64,Sim 2002,Pain,Resting VAS,6 h,Preoperative EA (Group II),Placebo EA (Group I),30,30,30,30,Other (describe),NOT REPORTED,NOT REPORTED,NOT REPORTED,NOT REPORTED,NOT REPORTED,NOT REPORTED,VAS 0–10,No difference among three groups (timepoint-specific exact P not printed),NOT REPORTED,All randomized/analyzed,Acupuncture in Medicine 2002;20:59–61,Outcomes/Results text,The VAS for pain assessed every 6 hours was not different among the three groups.,Exact group values for this individual clock-time assessment are NOT REPORTED. Do not substitute the Table 2 24-h mean.,262,NOT_REPORTED_ADDED,AUDIT-0262,,Resting VAS,6 h
3,65,Sim 2002,Pain,Resting VAS,12 h,Preoperative EA (Group II),Placebo EA (Group I),30,30,30,30,Other (describe),NOT REPORTED,NOT REPORTED,NOT REPORTED,NOT REPORTED,NOT REPORTED,NOT REPORTED,VAS 0–10,No difference among three groups (timepoint-specific exact P not printed),NOT REPORTED,All randomized/analyzed,Acupuncture in Medicine 2002;20:59–61,Outcomes/Results text,The VAS for pain assessed every 6 hours was not different among the three groups.,Exact group values for this individual clock-time assessment are NOT REPORTED. Do not substitute the Table 2 24-h mean.,263,NOT_REPORTED_ADDED,AUDIT-0263,,Resting VAS,12 h
3,66,Sim 2002,Pain,Resting VAS,18 h,Preoperative EA (Group II),Placebo EA (Group I),30,30,30,30,Other (describe),NOT REPORTED,NOT REPORTED,NOT REPORTED,NOT REPORTED,NOT REPORTED,NOT REPORTED,VAS 0–10,No difference among three groups (timepoint-specific exact P not printed),NOT REPORTED,All randomized/analyzed,Acupuncture in Medicine 2002;20:59–61,Outcomes/Results text,The VAS for pain assessed every 6 hours was not different among the three groups.,Exact group values for this individual clock-time assessment are NOT REPORTED. Do not substitute the Table 2 24-h mean.,264,NOT_REPORTED_ADDED,AUDIT-0264,,Resting VAS,18 h
3,67,Sim 2002,Pain,Resting VAS,24 h,Preoperative EA (Group II),Placebo EA (Group I),30,30,30,30,Other (describe),NOT REPORTED,NOT REPORTED,NOT REPORTED,NOT REPORTED,NOT REPORTED,NOT REPORTED,VAS 0–10,No difference among three groups (timepoint-specific exact P not printed),NOT REPORTED,All randomized/analyzed,Acupuncture in Medicine 2002;20:59–61,Outcomes/Results text,The VAS for pain assessed every 6 hours was not different among the three groups.,Exact group values for this individual clock-time assessment are NOT REPORTED. Do not substitute the Table 2 24-h mean.,265,NOT_REPORTED_ADDED,AUDIT-0265,,Resting VAS,24 h
3,68,Sim 2002,Pain,Resting VAS,6 h,Postoperative EA (Group III),Placebo EA (Group I),30,30,30,30,Other (describe),NOT REPORTED,NOT REPORTED,NOT REPORTED,NOT REPORTED,NOT REPORTED,NOT REPORTED,VAS 0–10,No difference among three groups (timepoint-specific exact P not printed),NOT REPORTED,All randomized/analyzed,Acupuncture in Medicine 2002;20:59–61,Outcomes/Results text,The VAS for pain assessed every 6 hours was not different among the three groups.,Exact group values for this individual clock-time assessment are NOT REPORTED. Do not substitute the Table 2 24-h mean.,266,NOT_REPORTED_ADDED,AUDIT-0266,,Resting VAS,6 h
3,69,Sim 2002,Pain,Resting VAS,12 h,Postoperative EA (Group III),Placebo EA (Group I),30,30,30,30,Other (describe),NOT REPORTED,NOT REPORTED,NOT REPORTED,NOT REPORTED,NOT REPORTED,NOT REPORTED,VAS 0–10,No difference among three groups (timepoint-specific exact P not printed),NOT REPORTED,All randomized/analyzed,Acupuncture in Medicine 2002;20:59–61,Outcomes/Results text,The VAS for pain assessed every 6 hours was not different among the three groups.,Exact group values for this individual clock-time assessment are NOT REPORTED. Do not substitute the Table 2 24-h mean.,267,NOT_REPORTED_ADDED,AUDIT-0267,,Resting VAS,12 h
3,70,Sim 2002,Pain,Resting VAS,18 h,Postoperative EA (Group III),Placebo EA (Group I),30,30,30,30,Other (describe),NOT REPORTED,NOT REPORTED,NOT REPORTED,NOT REPORTED,NOT REPORTED,NOT REPORTED,VAS 0–10,No difference among three groups (timepoint-specific exact P not printed),NOT REPORTED,All randomized/analyzed,Acupuncture in Medicine 2002;20:59–61,Outcomes/Results text,The VAS for pain assessed every 6 hours was not different among the three groups.,Exact group values for this individual clock-time assessment are NOT REPORTED. Do not substitute the Table 2 24-h mean.,268,NOT_REPORTED_ADDED,AUDIT-0268,,Resting VAS,18 h
3,71,Sim 2002,Pain,Resting VAS,24 h,Postoperative EA (Group III),Placebo EA (Group I),30,30,30,30,Other (describe),NOT REPORTED,NOT REPORTED,NOT REPORTED,NOT REPORTED,NOT REPORTED,NOT REPORTED,VAS 0–10,No difference among three groups (timepoint-specific exact P not printed),NOT REPORTED,All randomized/analyzed,Acupuncture in Medicine 2002;20:59–61,Outcomes/Results text,The VAS for pain assessed every 6 hours was not different among the three groups.,Exact group values for this individual clock-time assessment are NOT REPORTED. Do not substitute the Table 2 24-h mean.,269,NOT_REPORTED_ADDED,AUDIT-0269,,Resting VAS,24 h
3,72,Sim 2002,PONV,PONV,0–24 h,Preoperative EA (Group II),Placebo EA (Group I),30,30,30,30,Published percentage,43.3,NOT REPORTED,46.6,NOT REPORTED,NOT REPORTED,NOT REPORTED,percent,No significant between-group difference reported,NOT REPORTED,All randomized/analyzed,Acupuncture in Medicine 2002;20:60–61,Table 2,PONV (%): Group I 46.6; Group II 43.3; Group III 56.7.,Raw event counts are NOT REPORTED and were not reconstructed from rounded percentages.,270,NOT_ANALYSIS_ELIGIBLE,AUDIT-0270,,PONV,0–24 h
3,73,Sim 2002,PONV,PONV,0–24 h,Postoperative EA (Group III),Placebo EA (Group I),30,30,30,30,Published percentage,56.7,NOT REPORTED,46.6,NOT REPORTED,NOT REPORTED,NOT REPORTED,percent,No significant between-group difference reported,NOT REPORTED,All randomized/analyzed,Acupuncture in Medicine 2002;20:60–61,Table 2,PONV (%): Group I 46.6; Group II 43.3; Group III 56.7.,Raw event counts are NOT REPORTED and were not reconstructed from rounded percentages.,271,NOT_ANALYSIS_ELIGIBLE,AUDIT-0271,,PONV,0–24 h
3,74,Sim 2002,Opioid-related adverse effect,Drowsiness,0–24 h,Preoperative EA (Group II),Placebo EA (Group I),30,30,30,30,Published percentage,23.3,NOT REPORTED,30.0,NOT REPORTED,NOT REPORTED,NOT REPORTED,percent,No significant between-group difference reported,NOT REPORTED,All randomized/analyzed,Acupuncture in Medicine 2002;20:60–61,Table 2,Drowsiness (%): Group I 30.0; Group II 23.3; Group III 33.3.,Raw event counts are NOT REPORTED and were not reconstructed from rounded percentages.,272,NOT_ANALYSIS_ELIGIBLE,AUDIT-0272,,Drowsiness,0–24 h
3,75,Sim 2002,Opioid-related adverse effect,Drowsiness,0–24 h,Postoperative EA (Group III),Placebo EA (Group I),30,30,30,30,Published percentage,33.3,NOT REPORTED,30.0,NOT REPORTED,NOT REPORTED,NOT REPORTED,percent,No significant between-group difference reported,NOT REPORTED,All randomized/analyzed,Acupuncture in Medicine 2002;20:60–61,Table 2,Drowsiness (%): Group I 30.0; Group II 23.3; Group III 33.3.,Raw event counts are NOT REPORTED and were not reconstructed from rounded percentages.,273,NOT_ANALYSIS_ELIGIBLE,AUDIT-0273,,Drowsiness,0–24 h
3,76,Sim 2002,Opioid-related adverse effect,Pruritus,0–24 h,Preoperative EA (Group II),Placebo EA (Group I),30,30,30,30,Published percentage,13.3,NOT REPORTED,16.7,NOT REPORTED,NOT REPORTED,NOT REPORTED,percent,No significant between-group difference reported,NOT REPORTED,All randomized/analyzed,Acupuncture in Medicine 2002;20:60–61,Table 2,Pruritus (%): Group I 16.7; Group II 13.3; Group III 16.7.,Raw event counts are NOT REPORTED and were not reconstructed from rounded percentages.,274,NOT_ANALYSIS_ELIGIBLE,AUDIT-0274,,Pruritus,0–24 h
3,77,Sim 2002,Opioid-related adverse effect,Pruritus,0–24 h,Postoperative EA (Group III),Placebo EA (Group I),30,30,30,30,Published percentage,16.7,NOT REPORTED,16.7,NOT REPORTED,NOT REPORTED,NOT REPORTED,percent,No significant between-group difference reported,NOT REPORTED,All randomized/analyzed,Acupuncture in Medicine 2002;20:60–61,Table 2,Pruritus (%): Group I 16.7; Group II 13.3; Group III 16.7.,Raw event counts are NOT REPORTED and were not reconstructed from rounded percentages.,275,NOT_ANALYSIS_ELIGIBLE,AUDIT-0275,,Pruritus,0–24 h
3,78,Sim 2002,Opioid consumption,Postoperative IV PCA morphine in interval,0–6 h,Preoperative EA (Group II),Placebo EA (Group I),30,30,30,30,Graph only,GRAPH ONLY,GRAPH ONLY,GRAPH ONLY,GRAPH ONLY,NOT REPORTED,NOT REPORTED,mg/kg,NOT REPORTED,NOT REPORTED,All randomized/analyzed,Acupuncture in Medicine 2002;20:60,Figure 3,Figure 3 presents postoperative morphine requirement for 0–6 h.,Exact numerical interval value is not printed. No visual digitization performed.,276,GRAPH_ONLY_ADDED,AUDIT-0276,,Postoperative IV PCA morphine in interval,0–6 h
3,79,Sim 2002,Opioid consumption,Postoperative IV PCA morphine in interval,12–18 h,Preoperative EA (Group II),Placebo EA (Group I),30,30,30,30,Graph only,GRAPH ONLY,GRAPH ONLY,GRAPH ONLY,GRAPH ONLY,NOT REPORTED,NOT REPORTED,mg/kg,NOT REPORTED,NOT REPORTED,All randomized/analyzed,Acupuncture in Medicine 2002;20:60,Figure 3,Figure 3 presents postoperative morphine requirement for 12–18 h.,Exact numerical interval value is not printed. No visual digitization performed.,277,GRAPH_ONLY_ADDED,AUDIT-0277,,Postoperative IV PCA morphine in interval,12–18 h
3,80,Sim 2002,Opioid consumption,Postoperative IV PCA morphine in interval,18–24 h,Preoperative EA (Group II),Placebo EA (Group I),30,30,30,30,Graph only,GRAPH ONLY,GRAPH ONLY,GRAPH ONLY,GRAPH ONLY,NOT REPORTED,NOT REPORTED,mg/kg,NOT REPORTED,NOT REPORTED,All randomized/analyzed,Acupuncture in Medicine 2002;20:60,Figure 3,Figure 3 presents postoperative morphine requirement for 18–24 h.,Exact numerical interval value is not printed. No visual digitization performed.,278,GRAPH_ONLY_ADDED,AUDIT-0278,,Postoperative IV PCA morphine in interval,18–24 h
3,81,Sim 2002,Opioid consumption,Postoperative IV PCA morphine in interval,0–6 h,Postoperative EA (Group III),Placebo EA (Group I),30,30,30,30,Graph only,GRAPH ONLY,GRAPH ONLY,GRAPH ONLY,GRAPH ONLY,NOT REPORTED,NOT REPORTED,mg/kg,NOT REPORTED,NOT REPORTED,All randomized/analyzed,Acupuncture in Medicine 2002;20:60,Figure 3,Figure 3 presents postoperative morphine requirement for 0–6 h.,Exact numerical interval value is not printed. No visual digitization performed.,279,GRAPH_ONLY_ADDED,AUDIT-0279,,Postoperative IV PCA morphine in interval,0–6 h
3,82,Sim 2002,Opioid consumption,Postoperative IV PCA morphine in interval,12–18 h,Postoperative EA (Group III),Placebo EA (Group I),30,30,30,30,Graph only,GRAPH ONLY,GRAPH ONLY,GRAPH ONLY,GRAPH ONLY,NOT REPORTED,NOT REPORTED,mg/kg,NOT REPORTED,NOT REPORTED,All randomized/analyzed,Acupuncture in Medicine 2002;20:60,Figure 3,Figure 3 presents postoperative morphine requirement for 12–18 h.,Exact numerical interval value is not printed. No visual digitization performed.,280,GRAPH_ONLY_ADDED,AUDIT-0280,,Postoperative IV PCA morphine in interval,12–18 h
3,83,Sim 2002,Opioid consumption,Postoperative IV PCA morphine in interval,18–24 h,Postoperative EA (Group III),Placebo EA (Group I),30,30,30,30,Graph only,GRAPH ONLY,GRAPH ONLY,GRAPH ONLY,GRAPH ONLY,NOT REPORTED,NOT REPORTED,mg/kg,NOT REPORTED,NOT REPORTED,All randomized/analyzed,Acupuncture in Medicine 2002;20:60,Figure 3,Figure 3 presents postoperative morphine requirement for 18–24 h.,Exact numerical interval value is not printed. No visual digitization performed.,281,GRAPH_ONLY_ADDED,AUDIT-0281,,Postoperative IV PCA morphine in interval,18–24 h
3,84,Lu 2021,Functional recovery,Time to first verbal response,Immediate postoperative recovery,Single PC6 TEAS,Sham/no current,198,188,198,188,Mean/SD,9.1,4.4,9.2,5.1,NOT REPORTED,NOT REPORTED,minutes,0.80,NOT REPORTED,Intention-to-treat,"Journal of Clinical Anesthesia 74 (2021), Table 3",Table 3,Time to first verbal response: sham 9.2±5.1; single 9.1±4.4; combined 9.1±4.9; P=0.80.,NOT REPORTED,282,ADDED,AUDIT-0282,,Time to first verbal response,Immediate postoperative recovery
3,85,Lu 2021,Functional recovery,Time to first verbal response,Immediate postoperative recovery,Combined PC6+CV17 TEAS,Sham/no current,190,188,190,188,Mean/SD,9.1,4.9,9.2,5.1,NOT REPORTED,NOT REPORTED,minutes,0.80,NOT REPORTED,Intention-to-treat,"Journal of Clinical Anesthesia 74 (2021), Table 3",Table 3,Time to first verbal response: sham 9.2±5.1; single 9.1±4.4; combined 9.1±4.9; P=0.80.,NOT REPORTED,283,ADDED,AUDIT-0283,,Time to first verbal response,Immediate postoperative recovery
3,86,Lu 2021,Functional recovery,Time to extubation,Immediate postoperative recovery,Single PC6 TEAS,Sham/no current,198,188,198,188,Mean/SD,10.4,4.8,10.7,5.9,NOT REPORTED,NOT REPORTED,minutes,0.82,NOT REPORTED,Intention-to-treat,"Journal of Clinical Anesthesia 74 (2021), Table 3",Table 3,Time to extubation: sham 10.7±5.9; single 10.4±4.8; combined 10.6±5.2; P=0.82.,NOT REPORTED,284,ADDED,AUDIT-0284,,Time to extubation,Immediate postoperative recovery
3,87,Lu 2021,Functional recovery,Time to extubation,Immediate postoperative recovery,Combined PC6+CV17 TEAS,Sham/no current,190,188,190,188,Mean/SD,10.6,5.2,10.7,5.9,NOT REPORTED,NOT REPORTED,minutes,0.82,NOT REPORTED,Intention-to-treat,"Journal of Clinical Anesthesia 74 (2021), Table 3",Table 3,Time to extubation: sham 10.7±5.9; single 10.4±4.8; combined 10.6±5.2; P=0.82.,NOT REPORTED,285,ADDED,AUDIT-0285,,Time to extubation,Immediate postoperative recovery
3,88,Lu 2021,Pain,NRS at rest,24 h after surgery,Single PC6 TEAS,Sham/no current,198,188,198,188,Median/IQR,0.9,0–1.3,1,0–1.6,NOT REPORTED,NOT REPORTED,NRS 0–10,Table 3: 0.94; Results prose: 0.12,NOT REPORTED,Intention-to-treat,"Journal of Clinical Anesthesia 74 (2021), pp. 4–6",Table 3 + Results §3.3,NRS at rest at 24 h: sham 1(0–1.6); single 0.9(0–1.3); combined 1(0–1).,INTERNAL SOURCE CONFLICT: Table 3 and Results prose give different omnibus P values. Values are taken from Table 3; both P values are preserved.,286,NOT_ANALYSIS_ELIGIBLE,AUDIT-0286,,NRS at rest,24 h after surgery
3,89,Lu 2021,Pain,NRS at rest,24 h after surgery,Combined PC6+CV17 TEAS,Sham/no current,190,188,190,188,Median/IQR,1,0–1,1,0–1.6,NOT REPORTED,NOT REPORTED,NRS 0–10,Table 3: 0.94; Results prose: 0.12,NOT REPORTED,Intention-to-treat,"Journal of Clinical Anesthesia 74 (2021), pp. 4–6",Table 3 + Results §3.3,NRS at rest at 24 h: sham 1(0–1.6); single 0.9(0–1.3); combined 1(0–1).,INTERNAL SOURCE CONFLICT: Table 3 and Results prose give different omnibus P values. Values are taken from Table 3; both P values are preserved.,287,NOT_ANALYSIS_ELIGIBLE,AUDIT-0287,,NRS at rest,24 h after surgery
3,90,Lu 2021,Pain,NRS at cough,24 h after surgery,Single PC6 TEAS,Sham/no current,198,188,198,188,Median/IQR,1.3,0.3–2.9,1.1,0.1–2.8,NOT REPORTED,NOT REPORTED,NRS 0–10,Table 3: 0.89; Results prose: 0.49,NOT REPORTED,Intention-to-treat,"Journal of Clinical Anesthesia 74 (2021), pp. 4–6",Table 3 + Results §3.3,NRS at cough at 24 h: sham 1.1(0.1–2.8); single 1.3(0.3–2.9); combined 1(0–2.3).,INTERNAL SOURCE CONFLICT: Table 3 and Results prose give different omnibus P values. Values are taken from Table 3; both P values are preserved.,288,NOT_ANALYSIS_ELIGIBLE,AUDIT-0288,,NRS at cough,24 h after surgery
3,91,Lu 2021,Pain,NRS at cough,24 h after surgery,Combined PC6+CV17 TEAS,Sham/no current,190,188,190,188,Median/IQR,1,0–2.3,1.1,0.1–2.8,NOT REPORTED,NOT REPORTED,NRS 0–10,Table 3: 0.89; Results prose: 0.49,NOT REPORTED,Intention-to-treat,"Journal of Clinical Anesthesia 74 (2021), pp. 4–6",Table 3 + Results §3.3,NRS at cough at 24 h: sham 1.1(0.1–2.8); single 1.3(0.3–2.9); combined 1(0–2.3).,INTERNAL SOURCE CONFLICT: Table 3 and Results prose give different omnibus P values. Values are taken from Table 3; both P values are preserved.,289,NOT_ANALYSIS_ELIGIBLE,AUDIT-0289,,NRS at cough,24 h after surgery
3,92,Lu 2021,Rescue analgesia,Demand for rescue parecoxib,0–24 h,Single PC6 TEAS,Sham/no current,198,188,198,188,Events/total,NOT REPORTED,NOT REPORTED,NOT REPORTED,NOT REPORTED,3,7,participants,Table 3: 0.35; Results prose: 0.58,NOT REPORTED,Intention-to-treat,"Journal of Clinical Anesthesia 74 (2021), Table 3",Table 3 + Results §3.3,Rescue analgesia by 24 h: sham 7/188; single 3/198; combined 4/190.,INTERNAL SOURCE CONFLICT in reported omnibus P value. Rescue protocol: parecoxib sodium 40 mg for NRS >4.,290,ADDED,AUDIT-0290,,Demand for rescue parecoxib,0–24 h
3,93,Lu 2021,Rescue analgesia,Demand for rescue parecoxib,0–24 h,Combined PC6+CV17 TEAS,Sham/no current,190,188,190,188,Events/total,NOT REPORTED,NOT REPORTED,NOT REPORTED,NOT REPORTED,4,7,participants,Table 3: 0.35; Results prose: 0.58,NOT REPORTED,Intention-to-treat,"Journal of Clinical Anesthesia 74 (2021), Table 3",Table 3 + Results §3.3,Rescue analgesia by 24 h: sham 7/188; single 3/198; combined 4/190.,INTERNAL SOURCE CONFLICT in reported omnibus P value. Rescue protocol: parecoxib sodium 40 mg for NRS >4.,291,ADDED,AUDIT-0291,,Demand for rescue parecoxib,0–24 h
3,94,Lu 2021,PONV,Nausea incidence,0–24 h,Single PC6 TEAS,Sham/no current,198,188,198,188,Events/total,NOT REPORTED,NOT REPORTED,NOT REPORTED,NOT REPORTED,38,45,participants,<0.001,NOT REPORTED,Intention-to-treat,"Journal of Clinical Anesthesia 74 (2021), Table 3",Table 3,Nausea incidence: sham 45/188; single 38/198; combined 12/190.,NOT REPORTED,292,ADDED,AUDIT-0292,,Nausea incidence,0–24 h
3,95,Lu 2021,PONV,Nausea incidence,0–24 h,Combined PC6+CV17 TEAS,Sham/no current,190,188,190,188,Events/total,NOT REPORTED,NOT REPORTED,NOT REPORTED,NOT REPORTED,12,45,participants,<0.001,NOT REPORTED,Intention-to-treat,"Journal of Clinical Anesthesia 74 (2021), Table 3",Table 3,Nausea incidence: sham 45/188; single 38/198; combined 12/190.,NOT REPORTED,293,ADDED,AUDIT-0293,,Nausea incidence,0–24 h
3,96,Lu 2021,PONV,Vomiting incidence,0–24 h,Single PC6 TEAS,Sham/no current,198,188,198,188,Events/total,NOT REPORTED,NOT REPORTED,NOT REPORTED,NOT REPORTED,21,22,participants,0.93,NOT REPORTED,Intention-to-treat,"Journal of Clinical Anesthesia 74 (2021), Table 3",Table 3,Vomiting incidence: sham 22/188; single 21/198; combined 22/190.,NOT REPORTED,294,ADDED,AUDIT-0294,,Vomiting incidence,0–24 h
3,97,Lu 2021,PONV,Vomiting incidence,0–24 h,Combined PC6+CV17 TEAS,Sham/no current,190,188,190,188,Events/total,NOT REPORTED,NOT REPORTED,NOT REPORTED,NOT REPORTED,22,22,participants,0.93,NOT REPORTED,Intention-to-treat,"Journal of Clinical Anesthesia 74 (2021), Table 3",Table 3,Vomiting incidence: sham 22/188; single 21/198; combined 22/190.,NOT REPORTED,295,ADDED,AUDIT-0295,,Vomiting incidence,0–24 h
3,98,Lu 2021,PONV,PONV severity score,0–24 h,Single PC6 TEAS,Sham/no current,198,188,198,188,Mean/SD,0.4,0.7,0.4,0.7,NOT REPORTED,NOT REPORTED,PONV severity score; scale definition not repeated in Table 3,0.03,NOT REPORTED,Intention-to-treat,"Journal of Clinical Anesthesia 74 (2021), Table 3",Table 3,Score of PONV: sham 0.4±0.7; single 0.4±0.7; combined 0.3±0.7; omnibus P=0.03.,NOT REPORTED,296,ADDED,AUDIT-0296,,PONV severity score,0–24 h
3,99,Lu 2021,PONV,PONV severity score,0–24 h,Combined PC6+CV17 TEAS,Sham/no current,190,188,190,188,Mean/SD,0.3,0.7,0.4,0.7,NOT REPORTED,NOT REPORTED,PONV severity score; scale definition not repeated in Table 3,0.03,NOT REPORTED,Intention-to-treat,"Journal of Clinical Anesthesia 74 (2021), Table 3",Table 3,Score of PONV: sham 0.4±0.7; single 0.4±0.7; combined 0.3±0.7; omnibus P=0.03.,NOT REPORTED,297,ADDED,AUDIT-0297,,PONV severity score,0–24 h
3,100,Lu 2021,Patient satisfaction,Analgesia satisfaction score,By 24 h after surgery,Single PC6 TEAS,Sham/no current,198,188,198,188,Mean/SD,8.2,1.1,8.2,0.9,NOT REPORTED,NOT REPORTED,satisfaction score; scale range not stated in retrieved table text,0.16,NOT REPORTED,Intention-to-treat,"Journal of Clinical Anesthesia 74 (2021), Table 3",Table 3,Patient satisfaction: sham 8.2±0.9; single 8.2±1.1; combined 8.4±0.9; P=0.16.,NOT REPORTED,298,AMBIGUOUS_HOLD,AUDIT-0298,,Analgesia satisfaction score,By 24 h after surgery
3,101,Lu 2021,Patient satisfaction,Analgesia satisfaction score,By 24 h after surgery,Combined PC6+CV17 TEAS,Sham/no current,190,188,190,188,Mean/SD,8.4,0.9,8.2,0.9,NOT REPORTED,NOT REPORTED,satisfaction score; scale range not stated in retrieved table text,0.16,NOT REPORTED,Intention-to-treat,"Journal of Clinical Anesthesia 74 (2021), Table 3",Table 3,Patient satisfaction: sham 8.2±0.9; single 8.2±1.1; combined 8.4±0.9; P=0.16.,NOT REPORTED,299,AMBIGUOUS_HOLD,AUDIT-0299,,Analgesia satisfaction score,By 24 h after surgery
3,102,Lu 2021,Chronic pain,Post-mastectomy chronic pain incidence,3 months,Single PC6 TEAS,Sham/no current,198,188,198,188,Events/total,NOT REPORTED,NOT REPORTED,NOT REPORTED,NOT REPORTED,70,75,participants,0.17,NOT REPORTED,Intention-to-treat,"Journal of Clinical Anesthesia 74 (2021), Table 2",Table 2,Chronic pain at 3 months: sham 75/188; single 70/198; combined 58/190.,NOT REPORTED,300,ADDED,AUDIT-0300,,Post-mastectomy chronic pain incidence,3 months
3,103,Lu 2021,Chronic pain,Post-mastectomy chronic pain incidence,3 months,Combined PC6+CV17 TEAS,Sham/no current,190,188,190,188,Events/total,NOT REPORTED,NOT REPORTED,NOT REPORTED,NOT REPORTED,58,75,participants,0.17,NOT REPORTED,Intention-to-treat,"Journal of Clinical Anesthesia 74 (2021), Table 2",Table 2,Chronic pain at 3 months: sham 75/188; single 70/198; combined 58/190.,NOT REPORTED,301,ADDED,AUDIT-0301,,Post-mastectomy chronic pain incidence,3 months
3,104,Lu 2021,Chronic pain,NRS among participants reporting chronic pain,3 months,Single PC6 TEAS,Sham/no current,198,188,70,75,Mean/SD,2.6,2.0,2.8,2.0,NOT REPORTED,NOT REPORTED,NRS 0–10,0.04,NOT REPORTED,Subset with chronic pain,"Journal of Clinical Anesthesia 74 (2021), Table 2",Table 2,NRS among chronic-pain patients at 3 months: sham 2.8±2.0 (n=75); active 2.6±2.0 (n=70).,"Subset analysis denominator is the number of participants with chronic pain, not the randomized arm size.",302,AMBIGUOUS_HOLD,AUDIT-0302,,NRS among participants reporting chronic pain,3 months
3,105,Lu 2021,Chronic pain,NRS among participants reporting chronic pain,3 months,Combined PC6+CV17 TEAS,Sham/no current,190,188,58,75,Mean/SD,2.3,2.0,2.8,2.0,NOT REPORTED,NOT REPORTED,NRS 0–10,0.04,NOT REPORTED,Subset with chronic pain,"Journal of Clinical Anesthesia 74 (2021), Table 2",Table 2,NRS among chronic-pain patients at 3 months: sham 2.8±2.0 (n=75); active 2.3±2.0 (n=58).,"Subset analysis denominator is the number of participants with chronic pain, not the randomized arm size.",303,AMBIGUOUS_HOLD,AUDIT-0303,,NRS among participants reporting chronic pain,3 months
3,106,Lu 2021,Chronic pain,NRS among participants reporting chronic pain,6 months,Single PC6 TEAS,Sham/no current,198,188,72,65,Mean/SD,2.7,2.0,2.8,1.8,NOT REPORTED,NOT REPORTED,NRS 0–10,0.31,NOT REPORTED,Subset with chronic pain,"Journal of Clinical Anesthesia 74 (2021), Table 2",Table 2,NRS among chronic-pain patients at 6 months: sham 2.8±1.8 (n=65); active 2.7±2.0 (n=72).,"Subset analysis denominator is the number of participants with chronic pain, not the randomized arm size.",304,AMBIGUOUS_HOLD,AUDIT-0304,,NRS among participants reporting chronic pain,6 months
3,107,Lu 2021,Chronic pain,NRS among participants reporting chronic pain,6 months,Combined PC6+CV17 TEAS,Sham/no current,190,188,42,65,Mean/SD,2.4,1.9,2.8,1.8,NOT REPORTED,NOT REPORTED,NRS 0–10,0.31,NOT REPORTED,Subset with chronic pain,"Journal of Clinical Anesthesia 74 (2021), Table 2",Table 2,NRS among chronic-pain patients at 6 months: sham 2.8±1.8 (n=65); active 2.4±1.9 (n=42).,"Subset analysis denominator is the number of participants with chronic pain, not the randomized arm size.",305,AMBIGUOUS_HOLD,AUDIT-0305,,NRS among participants reporting chronic pain,6 months
3,108,Long 2025,Pain,VAS pain intensity,48 h,Perioperative electrical acupoint stimulation (Group A),Electrodes/no current control (Group C),30,30,27,26,Mean/SD,1.85,0.72,2.65,0.94,NOT REPORTED,NOT REPORTED,VAS 0–10,0.001,NOT REPORTED,Available-case analysis; source denominator inconsistencies noted,"Injury 56 (2025), p. 9",Table 7,VAS 48 h: Group C 2.65±0.94 vs Group A 1.85±0.72; P=0.001.,NOT REPORTED,306,ADDED,AUDIT-0306,,VAS pain intensity,48 h
3,109,Long 2025,Length of stay,Hospital stay,Postoperative hospitalization,Perioperative electrical acupoint stimulation (Group A),Electrodes/no current control (Group C),30,30,27,26,Mean/SD,13.37,3.03,14.77,3.57,NOT REPORTED,NOT REPORTED,days,0.130,NOT REPORTED,Available-case analysis; source denominator inconsistencies noted,"Injury 56 (2025), p. 9",Table 7,Hospital stay: Group C 14.77±3.57 vs Group A 13.37±3.03 days; P=0.130.,NOT REPORTED,307,ADDED,AUDIT-0307,,Hospital stay,Postoperative hospitalization
3,110,Long 2025,Functional recovery,Extubation time,Immediate postoperative recovery,Perioperative electrical acupoint stimulation (Group A),Electrodes/no current control (Group C),30,30,27,26,Mean/SD,7.44,6.03,10.85,8.44,NOT REPORTED,NOT REPORTED,minutes,0.097,NOT REPORTED,Available-case analysis; source denominator inconsistencies noted,"Injury 56 (2025), Table 5 / Results",Table 5,Extubation time: Group C 10.85±8.44 min vs Group A 7.44±6.03 min; P=0.097.,NOT REPORTED,308,ADDED,AUDIT-0308,,Extubation time,Immediate postoperative recovery
3,111,Long 2025,Functional recovery,Recovery-room stay >30 min,Immediate postoperative recovery,Perioperative electrical acupoint stimulation (Group A),Electrodes/no current control (Group C),30,30,27,26,Published percentage,29.6,NOT REPORTED,42.3,NOT REPORTED,NOT REPORTED,NOT REPORTED,percent,0.336,NOT REPORTED,Available-case analysis; source denominator inconsistencies noted,"Injury 56 (2025), Table 5 / Results",Table 5,Recovery-room stay >30 min: Group C 42.3% vs Group A 29.6%; P=0.336.,Raw event counts are not used because the article reports percentages and the study has group-denominator inconsistencies.,309,NOT_ANALYSIS_ELIGIBLE,AUDIT-0309,,Recovery-room stay >30 min,Immediate postoperative recovery
3,112,Long 2025,Neurocognitive,Perioperative neurocognitive disorder (PND),POD7,Perioperative electrical acupoint stimulation (Group A),Electrodes/no current control (Group C),30,30,27,26,Published event count + percentage; denominator inconsistent,NOT REPORTED,NOT REPORTED,NOT REPORTED,NOT REPORTED,1,2,participants,>0.05,NOT REPORTED,Available-case analysis; source denominator inconsistencies noted,"Injury 56 (2025), Table 2",Table 2,PND POD7: Group C 2 (8.0%) vs Group A 1 (3.6%); no significant difference.,"Table percentages imply denominators C=25 and A=28, whereas study-level analyzed counts elsewhere are C=26 and A=27 and total n=53. Preserve published counts/percentages; do not reconstruct denominators.",310,CONFLICT_HOLD,AUDIT-0310,,Perioperative neurocognitive disorder (PND),POD7
3,113,Long 2025,GI adverse event,Stomach pain and distension,Postoperative,Perioperative electrical acupoint stimulation (Group A),Electrodes/no current control (Group C),30,30,27,26,Events/total,NOT REPORTED,NOT REPORTED,NOT REPORTED,NOT REPORTED,3,2,participants,1.000,NOT REPORTED,Available-case analysis; source denominator inconsistencies noted,"Injury 56 (2025), Table 6",Table 6,Stomach pain and distension: Group C 2/26 vs Group A 3/27; P=1.000.,NOT REPORTED,311,ADDED,AUDIT-0311,,Stomach pain and distension,Postoperative
3,114,Long 2025,Adverse events,Postoperative hypotension,Postoperative,Perioperative electrical acupoint stimulation (Group A),Electrodes/no current control (Group C),30,30,27,26,Events/total,NOT REPORTED,NOT REPORTED,NOT REPORTED,NOT REPORTED,3,1,participants,0.631,NOT REPORTED,Available-case analysis; source denominator inconsistencies noted,"Injury 56 (2025), Table 6",Table 6,Postoperative hypotension: Group C 1/26 vs Group A 3/27; P=0.631.,NOT REPORTED,312,ADDED,AUDIT-0312,,Postoperative hypotension,Postoperative
3,115,Long 2025,Adverse events,Postoperative hypertension,Postoperative,Perioperative electrical acupoint stimulation (Group A),Electrodes/no current control (Group C),30,30,27,26,Events/total,NOT REPORTED,NOT REPORTED,NOT REPORTED,NOT REPORTED,3,2,participants,1.000,NOT REPORTED,Available-case analysis; source denominator inconsistencies noted,"Injury 56 (2025), Table 6",Table 6,Postoperative hypertension: Group C 2/26 vs Group A 3/27; P=1.000.,NOT REPORTED,313,ADDED,AUDIT-0313,,Postoperative hypertension,Postoperative
3,116,Long 2025,Adverse events,Tachycardia/bradycardia,Postoperative,Perioperative electrical acupoint stimulation (Group A),Electrodes/no current control (Group C),30,30,27,26,Events/total,NOT REPORTED,NOT REPORTED,NOT REPORTED,NOT REPORTED,2,2,participants,1.000,NOT REPORTED,Available-case analysis; source denominator inconsistencies noted,"Injury 56 (2025), Table 6",Table 6,Tachycardia/bradycardia: Group C 2/26 vs Group A 2/27; P=1.000.,NOT REPORTED,314,ADDED,AUDIT-0314,,Tachycardia/bradycardia,Postoperative
3,117,Long 2025,Adverse events,Hypoxemia,Postoperative,Perioperative electrical acupoint stimulation (Group A),Electrodes/no current control (Group C),30,30,27,26,Events/total,NOT REPORTED,NOT REPORTED,NOT REPORTED,NOT REPORTED,0,4,participants,0.110,NOT REPORTED,Available-case analysis; source denominator inconsistencies noted,"Injury 56 (2025), Table 6",Table 6,Hypoxemia: Group C 4/26 vs Group A 0/27; P=0.110.,NOT REPORTED,315,ADDED,AUDIT-0315,,Hypoxemia,Postoperative
3,118,Long 2025,Adverse events,Headache and vertigo,Postoperative,Perioperative electrical acupoint stimulation (Group A),Electrodes/no current control (Group C),30,30,27,26,Events/total,NOT REPORTED,NOT REPORTED,NOT REPORTED,NOT REPORTED,5,5,participants,1.000,NOT REPORTED,Available-case analysis; source denominator inconsistencies noted,"Injury 56 (2025), Table 6",Table 6,Headache and vertigo: Group C 5/26 vs Group A 5/27; P=1.000.,NOT REPORTED,316,ADDED,AUDIT-0316,,Headache and vertigo,Postoperative
3,119,Long 2025,Adverse events,Delirious agitation,Postoperative,Perioperative electrical acupoint stimulation (Group A),Electrodes/no current control (Group C),30,30,27,26,Events/total,NOT REPORTED,NOT REPORTED,NOT REPORTED,NOT REPORTED,5,3,participants,0.745,NOT REPORTED,Available-case analysis; source denominator inconsistencies noted,"Injury 56 (2025), Table 6",Table 6,Delirious agitation: Group C 3/26 vs Group A 5/27; P=0.745.,NOT REPORTED,317,ADDED,AUDIT-0317,,Delirious agitation,Postoperative
3,120,Sim 2002,Opioid consumption,Postoperative IV PCA morphine in interval,6–12 h,Postoperative EA (Group III),Placebo EA (Group I),30,30,30,30,Median/IQR width as printed,0.08,IQR 0.10,0.1,IQR 0.11,NOT REPORTED,NOT REPORTED,mg/kg,NOT REPORTED for Group III vs Group I,NOT REPORTED,All randomized/analyzed,Acupuncture in Medicine 2002;20:60,Results text + Figure 3,"During 6–12 h: Group II 0.03 (0.05), Group I 0.10 (0.11), and Group III 0.08 (0.10) mg/kg.","The paper states nonparametric data are presented as median (interquartile range), but prints a single parenthetical IQR value rather than Q1 and Q3. Pairwise P is printed for Group II vs I and II vs III, not Group III vs I.",318,NOT_ANALYSIS_ELIGIBLE,AUDIT-0318,,Postoperative IV PCA morphine in interval,6–12 h
3,121,Sim 2002,Intraoperative opioid,Alfentanil requirement rate,Intraoperative,Postoperative EA (Group III),Placebo EA (Group I),30,30,30,30,Mean/SD,0.58,0.22,0.51,0.21,NOT REPORTED,NOT REPORTED,μg/kg/min,NOT REPORTED for Group III vs Group I,NOT REPORTED,All randomized/analyzed,"Acupuncture in Medicine 2002;20:56,59–60",Abstract/Results + Figure 2,"Alfentanil requirement: Group I 0.51±0.21, Group II 0.44±0.15, Group III 0.58±0.22 μg/kg/min.",The paper reports P=0.024 for Group II vs III and P=0.472 for Group II vs I; it does not print a Group III vs I P value.,319,NOT_ANALYSIS_ELIGIBLE,AUDIT-0319,,Alfentanil requirement rate,Intraoperative
4,1,Wang 2024,PONV,PONV incidence,0–2 h,SNVP: ondansetron+dexamethasone+TEAS (SNVP-ODT),SNVP: ondansetron+dexamethasone (SNVP-OD),35,35,33,35,Events/total,NOT REPORTED,NOT REPORTED,NOT REPORTED,NOT REPORTED,13,20,participants,0.14,NOT REPORTED,Available-case/completer analysis within SNVP risk stratum,Breast Cancer 2024;31:931–932,Table 3,SNVP stratum PONV 0–2 h: SNVP-OD 20/35 vs SNVP-ODT 13/33.,NOT REPORTED,320,ADDED,AUDIT-0320,,PONV incidence,0–2 h
4,2,Wang 2024,PONV,PONV incidence,2–6 h,SNVP: ondansetron+dexamethasone+TEAS (SNVP-ODT),SNVP: ondansetron+dexamethasone (SNVP-OD),35,35,33,35,Events/total,NOT REPORTED,NOT REPORTED,NOT REPORTED,NOT REPORTED,12,19,participants,0.13,NOT REPORTED,Available-case/completer analysis within SNVP risk stratum,Breast Cancer 2024;31:931–932,Table 3,SNVP stratum PONV 2–6 h: SNVP-OD 19/35 vs SNVP-ODT 12/33.,NOT REPORTED,321,ADDED,AUDIT-0321,,PONV incidence,2–6 h
4,3,Wang 2024,PONV,PONV incidence,24–36 h,SNVP: ondansetron+dexamethasone+TEAS (SNVP-ODT),SNVP: ondansetron+dexamethasone (SNVP-OD),35,35,33,35,Events/total,NOT REPORTED,NOT REPORTED,NOT REPORTED,NOT REPORTED,0,3,participants,0.085,NOT REPORTED,Available-case/completer analysis within SNVP risk stratum,Breast Cancer 2024;31:931–932,Table 3,SNVP stratum PONV 24–36 h: SNVP-OD 3/35 vs SNVP-ODT 0/33.,"For 24–36 h, the table's P value is visually split across the PDF line break as '0.08' + '5'; recorded as 0.085.",322,ADDED,AUDIT-0322,,PONV incidence,24–36 h
4,4,Wang 2024,PONV,Vomiting incidence,0–6 h combined,SNVP: ondansetron+dexamethasone+TEAS (SNVP-ODT),SNVP: ondansetron+dexamethasone (SNVP-OD),35,35,33,35,Events/total,NOT REPORTED,NOT REPORTED,NOT REPORTED,NOT REPORTED,7,19,participants,0.005,NOT REPORTED,Available-case/completer analysis within SNVP risk stratum,"Breast Cancer 2024;31:926,931–932",Abstract + Results text,"Within 6 h, vomiting cases: SNVP-ODT 7/33 vs SNVP-OD 19/35, P=0.005.",The paper does not provide separate 0–2 h and 2–6 h vomiting counts; only the combined 0–6 h comparison is reported.,323,ADDED,AUDIT-0323,,Vomiting incidence,0–6 h combined
4,5,Wang 2024,PONV,PONV incidence,6–12 h,MNVP: ondansetron+dexamethasone+TEAS (MNVP-ODT),MNVP: ondansetron+dexamethasone (MNVP-OD),35,35,35,35,Events/total,NOT REPORTED,NOT REPORTED,NOT REPORTED,NOT REPORTED,2,3,participants,0.643,NOT REPORTED,Complete analysis within MNVP risk stratum,Breast Cancer 2024;31:931–932,Table 3,MNVP stratum PONV 6–12 h: MNVP-OD 3/35 vs MNVP-ODT 2/35.,NOT REPORTED,324,ADDED,AUDIT-0324,,PONV incidence,6–12 h
4,6,Wang 2024,PONV,PONV incidence,12–24 h,MNVP: ondansetron+dexamethasone+TEAS (MNVP-ODT),MNVP: ondansetron+dexamethasone (MNVP-OD),35,35,35,35,Events/total,NOT REPORTED,NOT REPORTED,NOT REPORTED,NOT REPORTED,2,0,participants,0.151,NOT REPORTED,Complete analysis within MNVP risk stratum,Breast Cancer 2024;31:931–932,Table 3,MNVP stratum PONV 12–24 h: MNVP-OD 0/35 vs MNVP-ODT 2/35.,NOT REPORTED,325,ADDED,AUDIT-0325,,PONV incidence,12–24 h
4,7,Wang 2024,PONV,PONV incidence,24–36 h,MNVP: ondansetron+dexamethasone+TEAS (MNVP-ODT),MNVP: ondansetron+dexamethasone (MNVP-OD),35,35,35,35,Events/total,NOT REPORTED,NOT REPORTED,NOT REPORTED,NOT REPORTED,0,0,participants,1.00,NOT REPORTED,Complete analysis within MNVP risk stratum,Breast Cancer 2024;31:931–932,Table 3,MNVP stratum PONV 24–36 h: MNVP-OD 0/35 vs MNVP-ODT 0/35.,NOT REPORTED,326,ADDED,AUDIT-0326,,PONV incidence,24–36 h
4,8,Wang 2024,Pain,Postoperative pain VAS,2 h,SNVP: ondansetron+dexamethasone+TEAS (SNVP-ODT),SNVP: ondansetron+dexamethasone (SNVP-OD),35,35,33,35,Other (describe),NOT REPORTED,NOT REPORTED,NOT REPORTED,NOT REPORTED,NOT REPORTED,NOT REPORTED,VAS 0–10,NOT REPORTED,NOT REPORTED,Available-case/completer analysis within SNVP risk stratum,Breast Cancer 2024;31:928–929,Methods / Outcomes,Postoperative pain was assessed simultaneously using VAS at the postoperative PONV assessment times.,"Outcome was measured according to Methods, but no treatment-stratum numerical pain result is reported in the accessed article. This is NOT REPORTED, not SOURCE NOT ACCESSED.",327,NOT_REPORTED_ADDED,AUDIT-0327,,Postoperative pain VAS,2 h
4,9,Wang 2024,Pain,Postoperative pain VAS,6 h,SNVP: ondansetron+dexamethasone+TEAS (SNVP-ODT),SNVP: ondansetron+dexamethasone (SNVP-OD),35,35,33,35,Other (describe),NOT REPORTED,NOT REPORTED,NOT REPORTED,NOT REPORTED,NOT REPORTED,NOT REPORTED,VAS 0–10,NOT REPORTED,NOT REPORTED,Available-case/completer analysis within SNVP risk stratum,Breast Cancer 2024;31:928–929,Methods / Outcomes,Postoperative pain was assessed simultaneously using VAS at the postoperative PONV assessment times.,"Outcome was measured according to Methods, but no treatment-stratum numerical pain result is reported in the accessed article. This is NOT REPORTED, not SOURCE NOT ACCESSED.",328,NOT_REPORTED_ADDED,AUDIT-0328,,Postoperative pain VAS,6 h
4,10,Wang 2024,Pain,Postoperative pain VAS,12 h,SNVP: ondansetron+dexamethasone+TEAS (SNVP-ODT),SNVP: ondansetron+dexamethasone (SNVP-OD),35,35,33,35,Other (describe),NOT REPORTED,NOT REPORTED,NOT REPORTED,NOT REPORTED,NOT REPORTED,NOT REPORTED,VAS 0–10,NOT REPORTED,NOT REPORTED,Available-case/completer analysis within SNVP risk stratum,Breast Cancer 2024;31:928–929,Methods / Outcomes,Postoperative pain was assessed simultaneously using VAS at the postoperative PONV assessment times.,"Outcome was measured according to Methods, but no treatment-stratum numerical pain result is reported in the accessed article. This is NOT REPORTED, not SOURCE NOT ACCESSED.",329,NOT_REPORTED_ADDED,AUDIT-0329,,Postoperative pain VAS,12 h
4,11,Wang 2024,Pain,Postoperative pain VAS,24 h,SNVP: ondansetron+dexamethasone+TEAS (SNVP-ODT),SNVP: ondansetron+dexamethasone (SNVP-OD),35,35,33,35,Other (describe),NOT REPORTED,NOT REPORTED,NOT REPORTED,NOT REPORTED,NOT REPORTED,NOT REPORTED,VAS 0–10,NOT REPORTED,NOT REPORTED,Available-case/completer analysis within SNVP risk stratum,Breast Cancer 2024;31:928–929,Methods / Outcomes,Postoperative pain was assessed simultaneously using VAS at the postoperative PONV assessment times.,"Outcome was measured according to Methods, but no treatment-stratum numerical pain result is reported in the accessed article. This is NOT REPORTED, not SOURCE NOT ACCESSED.",330,NOT_REPORTED_ADDED,AUDIT-0330,,Postoperative pain VAS,24 h
4,12,Wang 2024,Pain,Postoperative pain VAS,36 h,SNVP: ondansetron+dexamethasone+TEAS (SNVP-ODT),SNVP: ondansetron+dexamethasone (SNVP-OD),35,35,33,35,Other (describe),NOT REPORTED,NOT REPORTED,NOT REPORTED,NOT REPORTED,NOT REPORTED,NOT REPORTED,VAS 0–10,NOT REPORTED,NOT REPORTED,Available-case/completer analysis within SNVP risk stratum,Breast Cancer 2024;31:928–929,Methods / Outcomes,Postoperative pain was assessed simultaneously using VAS at the postoperative PONV assessment times.,"Outcome was measured according to Methods, but no treatment-stratum numerical pain result is reported in the accessed article. This is NOT REPORTED, not SOURCE NOT ACCESSED.",331,NOT_REPORTED_ADDED,AUDIT-0331,,Postoperative pain VAS,36 h
4,13,Zheng 2025,PONV,Nausea incidence,0–2 h,Perioperative TEAS,Sham/no current,44,44,42,43,Events/total,NOT REPORTED,NOT REPORTED,NOT REPORTED,NOT REPORTED,10,21,participants,0.013,"Risk difference 0.25 (0.05, 0.45)",Modified intention-to-treat / completer analysis reported in Table 1,Journal of Pain Research 2025;18:6455,Table 2,Nausea 0–2 h: TEAS 10/42 vs control 21/43; P=0.013.,NOT REPORTED,332,ADDED,AUDIT-0332,,Nausea incidence,0–2 h
4,14,Zheng 2025,PONV,Nausea incidence,2–4 h,Perioperative TEAS,Sham/no current,44,44,42,43,Events/total,NOT REPORTED,NOT REPORTED,NOT REPORTED,NOT REPORTED,8,12,participants,0.351,"Risk difference 0.09 (−0.10, 0.27)",Modified intention-to-treat / completer analysis reported in Table 1,Journal of Pain Research 2025;18:6455,Table 2,Nausea 2–4 h: TEAS 8/42 vs control 12/43; P=0.351.,NOT REPORTED,333,ADDED,AUDIT-0333,,Nausea incidence,2–4 h
4,15,Zheng 2025,PONV,Nausea incidence,4–6 h,Perioperative TEAS,Sham/no current,44,44,42,43,Events/total,NOT REPORTED,NOT REPORTED,NOT REPORTED,NOT REPORTED,5,7,participants,0.561,"Risk difference 0.04 (−0.10, 0.19)",Modified intention-to-treat / completer analysis reported in Table 1,Journal of Pain Research 2025;18:6455,Table 2,Nausea 4–6 h: TEAS 5/42 vs control 7/43; P=0.561.,NOT REPORTED,334,ADDED,AUDIT-0334,,Nausea incidence,4–6 h
4,16,Zheng 2025,PONV,Nausea incidence,6–24 h,Perioperative TEAS,Sham/no current,44,44,42,43,Events/total,NOT REPORTED,NOT REPORTED,NOT REPORTED,NOT REPORTED,0,0,participants,0.999,"Risk difference 0 (0,0)",Modified intention-to-treat / completer analysis reported in Table 1,Journal of Pain Research 2025;18:6455,Table 2,Nausea 6–24 h: TEAS 0/42 vs control 0/43; P=0.999.,NOT REPORTED,335,ADDED,AUDIT-0335,,Nausea incidence,6–24 h
4,17,Zheng 2025,PONV,Vomiting incidence,0–2 h,Perioperative TEAS,Sham/no current,44,44,42,43,Events/total,NOT REPORTED,NOT REPORTED,NOT REPORTED,NOT REPORTED,5,11,participants,0.100,"Risk difference 0.14 (−0.03, 0.30)",Modified intention-to-treat / completer analysis reported in Table 1,Journal of Pain Research 2025;18:6455,Table 2,Vomiting 0–2 h: TEAS 5/42 vs control 11/43; P=0.100.,NOT REPORTED,336,ADDED,AUDIT-0336,,Vomiting incidence,0–2 h
4,18,Zheng 2025,PONV,Vomiting incidence,2–4 h,Perioperative TEAS,Sham/no current,44,44,42,43,Events/total,NOT REPORTED,NOT REPORTED,NOT REPORTED,NOT REPORTED,3,5,participants,0.477,"Risk difference 0.04 (−0.08, 0.17)",Modified intention-to-treat / completer analysis reported in Table 1,Journal of Pain Research 2025;18:6455,Table 2,Vomiting 2–4 h: TEAS 3/42 vs control 5/43; P=0.477.,NOT REPORTED,337,ADDED,AUDIT-0337,,Vomiting incidence,2–4 h
4,19,Zheng 2025,PONV,Vomiting incidence,4–6 h,Perioperative TEAS,Sham/no current,44,44,42,43,Events/total,NOT REPORTED,NOT REPORTED,NOT REPORTED,NOT REPORTED,2,4,participants,0.410,"Risk difference 0.05 (−0.06, 0.15)",Modified intention-to-treat / completer analysis reported in Table 1,Journal of Pain Research 2025;18:6455,Table 2,Vomiting 4–6 h: TEAS 2/42 vs control 4/43; P=0.410.,NOT REPORTED,338,ADDED,AUDIT-0338,,Vomiting incidence,4–6 h
4,20,Zheng 2025,PONV,Vomiting incidence,6–24 h,Perioperative TEAS,Sham/no current,44,44,42,43,Events/total,NOT REPORTED,NOT REPORTED,NOT REPORTED,NOT REPORTED,0,1,participants,0.312,"Risk difference 0.02 (−0.02, 0.07)",Modified intention-to-treat / completer analysis reported in Table 1,Journal of Pain Research 2025;18:6455,Table 2,Vomiting 6–24 h: TEAS 0/42 vs control 1/43; P=0.312.,NOT REPORTED,339,ADDED,AUDIT-0339,,Vomiting incidence,6–24 h
4,21,Zheng 2025,Opioid demand,Effective PCIA button presses,Postoperative; exact pump duration not stated,Perioperative TEAS,Sham/no current,44,44,42,43,Mean/SD,3.8,1.0,4.8,1.6,NOT REPORTED,NOT REPORTED,effective PCIA presses,0.039,NOT REPORTED,Modified intention-to-treat / completer analysis reported in Table 1,Journal of Pain Research 2025;18:6458,Table 3 continued,"Times of effective PCIA use: 3.8 (1.0) vs 4.8 (1.6), P=0.039.","PCIA presses are a proxy for demand, not a measured sufentanil mass.",340,ADDED,AUDIT-0340,,Effective PCIA button presses,Postoperative; exact pump duration not stated
4,22,Zheng 2025,Pain,NRS pain score,6 h,Perioperative TEAS,Sham/no current,44,44,42,43,Mean/SD,2.9,1.1,3.4,1.2,NOT REPORTED,NOT REPORTED,NRS 0–10,0.022,NOT REPORTED,Modified intention-to-treat / completer analysis reported in Table 1,Journal of Pain Research 2025;18:6458,Table 4,NRS 6 h: TEAS 2.9±1.1 vs control 3.4±1.2.,NOT REPORTED,341,ADDED,AUDIT-0341,,NRS pain score,6 h
4,23,Zheng 2025,Pain,NRS pain score,24 h,Perioperative TEAS,Sham/no current,44,44,42,43,Mean/SD,1.7,0.8,2.2,1.1,NOT REPORTED,NOT REPORTED,NRS 0–10,Results prose: 0.042; Table 4 footnote: 0.422,NOT REPORTED,Modified intention-to-treat / completer analysis reported in Table 1,Journal of Pain Research 2025;18:6458,Table 4,NRS 24 h: TEAS 1.7±0.8 vs control 2.2±1.1.,INTERNAL SOURCE CONFLICT: prose reports P=0.042 while Table 4 footnote prints bP=0.422. Do not silently correct.,342,ADDED,AUDIT-0342,,NRS pain score,24 h
4,24,Zheng 2025,Pain,NRS pain score,48 h,Perioperative TEAS,Sham/no current,44,44,42,43,Mean/SD,0.9,0.8,1.0,0.9,NOT REPORTED,NOT REPORTED,NRS 0–10,NOT REPORTED,NOT REPORTED,Modified intention-to-treat / completer analysis reported in Table 1,Journal of Pain Research 2025;18:6458,Table 4,NRS 48 h: TEAS 0.9±0.8 vs control 1.0±0.9.,No exact between-group P value is printed for 48 h.,343,ADDED,AUDIT-0343,,NRS pain score,48 h
4,25,Zheng 2025,Sleep quality,PSQI score,24 h,Perioperative TEAS,Sham/no current,44,44,42,43,Mean/SD,11.5,6.9,15.7,8.1,NOT REPORTED,NOT REPORTED,PSQI points,0.015,NOT REPORTED,Modified intention-to-treat / completer analysis reported in Table 1,Journal of Pain Research 2025;18:6458,Table 4,PSQI 24 h: TEAS 11.5±6.9 vs control 15.7±8.1; P=0.015.,The article describes sleep quality as improved in TEAS; this extraction preserves the printed scores without reinterpreting the scale.,344,ADDED,AUDIT-0344,,PSQI score,24 h
4,26,Zheng 2025,Sleep quality,PSQI score,48 h,Perioperative TEAS,Sham/no current,44,44,42,43,Mean/SD,7.4,5.2,10.6,5.4,NOT REPORTED,NOT REPORTED,PSQI points,0.024,NOT REPORTED,Modified intention-to-treat / completer analysis reported in Table 1,Journal of Pain Research 2025;18:6458,Table 4,PSQI 48 h: TEAS 7.4±5.2 vs control 10.6±5.4; P=0.024.,The article describes sleep quality as improved in TEAS; this extraction preserves the printed scores without reinterpreting the scale.,345,ADDED,AUDIT-0345,,PSQI score,48 h
4,27,Zheng 2025,GI recovery,Time to first borborygmus,Postoperative,Perioperative TEAS,Sham/no current,44,44,42,43,Mean/SD,19.2,3.3,27.6,2.7,NOT REPORTED,NOT REPORTED,hours,0.035,NOT REPORTED,Modified intention-to-treat / completer analysis reported in Table 1,Journal of Pain Research 2025;18:6457–6458,Table 3,Time to first borborygmus: TEAS 19.2 (3.3) vs control 27.6 (2.7); P=0.035.,Table note specifies mean (SD) for these rows.,346,ADDED,AUDIT-0346,,Time to first borborygmus,Postoperative
4,28,Zheng 2025,GI recovery,Time to first flatus,Postoperative,Perioperative TEAS,Sham/no current,44,44,42,43,Mean/SD,24.2,2.5,31.6,4.4,NOT REPORTED,NOT REPORTED,hours,0.003,NOT REPORTED,Modified intention-to-treat / completer analysis reported in Table 1,Journal of Pain Research 2025;18:6457–6458,Table 3,Time to first flatus: TEAS 24.2 (2.5) vs control 31.6 (4.4); P=0.003.,Table note specifies mean (SD) for these rows.,347,ADDED,AUDIT-0347,,Time to first flatus,Postoperative
4,29,Zheng 2025,Functional recovery,Wake-up time,Postoperative,Perioperative TEAS,Sham/no current,44,44,42,43,Mean/SD,12.9,2.5,13.0,2.4,NOT REPORTED,NOT REPORTED,minutes,0.476,NOT REPORTED,Modified intention-to-treat / completer analysis reported in Table 1,Journal of Pain Research 2025;18:6457–6458,Table 3,Wake-up time: TEAS 12.9 (2.5) vs control 13.0 (2.4); P=0.476.,Table note specifies mean (SD) for these rows.,348,ADDED,AUDIT-0348,,Wake-up time,Postoperative
4,30,Zheng 2025,Functional recovery,PACU stay time,Postoperative,Perioperative TEAS,Sham/no current,44,44,42,43,Mean/SD,26.8,4.4,28.0,8.1,NOT REPORTED,NOT REPORTED,minutes,0.156,NOT REPORTED,Modified intention-to-treat / completer analysis reported in Table 1,Journal of Pain Research 2025;18:6457–6458,Table 3,PACU stay time: TEAS 26.8 (4.4) vs control 28.0 (8.1); P=0.156.,Table note specifies mean (SD) for these rows.,349,ADDED,AUDIT-0349,,PACU stay time,Postoperative
4,31,Zheng 2025,Length of stay,Hospital stay duration,Postoperative hospitalization,Perioperative TEAS,Sham/no current,44,44,42,43,Median/IQR,4,3–5,4,3–5,NOT REPORTED,NOT REPORTED,days,0.722,NOT REPORTED,Modified intention-to-treat / completer analysis reported in Table 1,Journal of Pain Research 2025;18:6458,Table 3 continued,Hospital stay duration: 4 (3–5) vs 4 (3–5) days; P=0.722.,NOT REPORTED,350,NOT_ANALYSIS_ELIGIBLE,AUDIT-0350,,Hospital stay duration,Postoperative hospitalization
4,32,Zheng 2025,Adverse events,Fever,Postoperative,Perioperative TEAS,Sham/no current,44,44,42,43,Events/total,NOT REPORTED,NOT REPORTED,NOT REPORTED,NOT REPORTED,6,8,participants,0.243,NOT REPORTED,Modified intention-to-treat / completer analysis reported in Table 1,Journal of Pain Research 2025;18:6458,Table 3 continued,Fever: TEAS 6/42 vs control 8/43.,NOT REPORTED,351,ADDED,AUDIT-0351,,Fever,Postoperative
4,33,Zheng 2025,Adverse events,Dizziness and headache,Postoperative,Perioperative TEAS,Sham/no current,44,44,42,43,Events/total,NOT REPORTED,NOT REPORTED,NOT REPORTED,NOT REPORTED,2,3,participants,0.061,NOT REPORTED,Modified intention-to-treat / completer analysis reported in Table 1,Journal of Pain Research 2025;18:6458,Table 3 continued,Dizziness and headache: TEAS 2/42 vs control 3/43.,NOT REPORTED,352,ADDED,AUDIT-0352,,Dizziness and headache,Postoperative
4,34,Zheng 2025,Adverse events,Drowsiness,Postoperative,Perioperative TEAS,Sham/no current,44,44,42,43,Events/total,NOT REPORTED,NOT REPORTED,NOT REPORTED,NOT REPORTED,0,0,participants,NOT REPORTED,NOT REPORTED,Modified intention-to-treat / completer analysis reported in Table 1,Journal of Pain Research 2025;18:6458,Table 3 continued,Drowsiness: TEAS 0/42 vs control 0/43.,NOT REPORTED,353,ADDED,AUDIT-0353,,Drowsiness,Postoperative
4,35,Zheng 2025,Quality of recovery,Global QoR-40,6 h,Perioperative TEAS,Sham/no current,44,44,42,43,Graph only,GRAPH ONLY,GRAPH ONLY,GRAPH ONLY,GRAPH ONLY,NOT REPORTED,NOT REPORTED,QoR-40 points,0.068,NOT REPORTED,Modified intention-to-treat / completer analysis reported in Table 1,Journal of Pain Research 2025;18:6456,Figure 2A,Figure 2A plots global QoR-40 at 6 h; exact group mean/SD labels are not printed.,Do not visually digitize. The text reports the between-group significance but not exact group mean/SD for this timepoint.,354,GRAPH_ONLY_ADDED,AUDIT-0354,,Global QoR-40,6 h
4,36,Zheng 2025,Quality of recovery,Global QoR-40,24 h,Perioperative TEAS,Sham/no current,44,44,42,43,Graph only,GRAPH ONLY,GRAPH ONLY,GRAPH ONLY,GRAPH ONLY,NOT REPORTED,NOT REPORTED,QoR-40 points,<0.0001,NOT REPORTED,Modified intention-to-treat / completer analysis reported in Table 1,Journal of Pain Research 2025;18:6456,Figure 2A,Figure 2A plots global QoR-40 at 24 h; exact group mean/SD labels are not printed.,Do not visually digitize. The text reports the between-group significance but not exact group mean/SD for this timepoint.,355,GRAPH_ONLY_ADDED,AUDIT-0355,,Global QoR-40,24 h
4,37,Zheng 2025,Quality of recovery,Global QoR-40,48 h,Perioperative TEAS,Sham/no current,44,44,42,43,Mean; SD not numerically reported,184.0,NOT REPORTED,181.0,NOT REPORTED,NOT REPORTED,NOT REPORTED,QoR-40 points,Overall 48-h ANOVA P<0.001; multiple-comparison P=0.010,NOT REPORTED,Modified intention-to-treat / completer analysis reported in Table 1,"Journal of Pain Research 2025;18:6453,6458",Results text + Figure 2A,"At 48 hours, QoR-40 total score was 184.0 in TEAS vs 181.0 in control.","Figure 2 shows mean±SD graphically, but exact SD values are not printed in text/table; no visual digitization performed.",356,ADDED,AUDIT-0356,,Global QoR-40,48 h
4,38,Zheng 2025,Rescue analgesia,Emergency rescue analgesia events,Postoperative; exact window not stated,Perioperative TEAS,Sham/no current,44,44,42,43,Other (describe),NOT REPORTED,NOT REPORTED,NOT REPORTED,NOT REPORTED,NOT REPORTED,NOT REPORTED,events,>0.05,NOT REPORTED,Modified intention-to-treat / completer analysis reported in Table 1,Journal of Pain Research 2025;18:6455,Results prose,No significant differences were observed ... in the number of emergency rescue analgesia events (P>0.05).,The accessed Table 3 does not print the numeric rescue-analgesia counts. Record as NOT REPORTED rather than zero.,357,NOT_REPORTED_ADDED,AUDIT-0357,,Emergency rescue analgesia events,Postoperative; exact window not stated
4,39,Yu 2020,Quality of recovery,Global QoR-40,Postoperative day 2 (~48 h),Preoperative TEAS,Control/no current (electrodes applied),30,30,30,30,Mean/SD,191.4,5.74,187.73,5.47,NOT REPORTED,NOT REPORTED,QoR-40 points,0.015,NOT REPORTED,Intention-to-treat; all randomized participants analyzed,"Trials 2020;21:43, abstract / Fig.4",Abstract + Figure 4,QoR-40 T2: control 187.73±5.47 vs TEAS 191.40±5.74; P=0.015.,NOT REPORTED,358,ADDED,AUDIT-0358,,Global QoR-40,Postoperative day 2 (~48 h)
4,40,Yu 2020,PONV,Any nausea and/or vomiting,0–24 h,Preoperative TEAS,Control/no current (electrodes applied),30,30,30,30,Events/total,NOT REPORTED,NOT REPORTED,NOT REPORTED,NOT REPORTED,7,17,participants,<0.01,NOT REPORTED,Intention-to-treat; all randomized participants analyzed,"Trials 2020;21:43, pp.5–7",Table 3 + Results,"PONV: control 17/30 (56.7%) vs TEAS 7/30 (23.3%), P<0.01.",NOT REPORTED,359,ADDED,AUDIT-0359,,Any nausea and/or vomiting,0–24 h
4,41,Yu 2020,Rescue antiemetic,Participants requiring tropisetron rescue,0–24 h,Preoperative TEAS,Control/no current (electrodes applied),30,30,30,30,Events/total,NOT REPORTED,NOT REPORTED,NOT REPORTED,NOT REPORTED,7,16,participants,<0.02,NOT REPORTED,Intention-to-treat; all randomized participants analyzed,"Trials 2020;21:43, pp.5–7",Table 3 + Results,"Remedial antiemetic: control 16/30 (53.3%) vs TEAS 7/30 (23.3%), P<0.02.",The Results text specifies tropisetron as the rescue antiemetic.,360,ADDED,AUDIT-0360,,Participants requiring tropisetron rescue,0–24 h
4,42,Yu 2020,Cognitive recovery,MMSE score,Postoperative day 1 (~24 h),Preoperative TEAS,Control/no current (electrodes applied),30,30,30,30,Mean/SD,26.1,2.78,24.6,2.35,NOT REPORTED,NOT REPORTED,MMSE 0–30,0.048,NOT REPORTED,Intention-to-treat; all randomized participants analyzed,"Trials 2020;21:43, abstract / Figure 5",Abstract + Figure 5,MMSE Postoperative day 1 (~24 h): control 24.6±2.35 vs TEAS 26.1±2.78; P=0.048.,The Results prose oddly states scores were 'significantly lower in the TEAS group' although the printed TEAS means are higher; numerical values are preserved.,361,ADDED,AUDIT-0361,,MMSE score,Postoperative day 1 (~24 h)
4,43,Yu 2020,Cognitive recovery,MMSE score,Postoperative day 2 (~48 h),Preoperative TEAS,Control/no current (electrodes applied),30,30,30,30,Mean/SD,27.83,2.73,26.53,2.94,NOT REPORTED,NOT REPORTED,MMSE 0–30,0.02,NOT REPORTED,Intention-to-treat; all randomized participants analyzed,"Trials 2020;21:43, abstract / Figure 5",Abstract + Figure 5,MMSE Postoperative day 2 (~48 h): control 26.53±2.94 vs TEAS 27.83±2.73; P=0.02.,The Results prose oddly states scores were 'significantly lower in the TEAS group' although the printed TEAS means are higher; numerical values are preserved.,362,ADDED,AUDIT-0362,,MMSE score,Postoperative day 2 (~48 h)
4,44,Liang 2021,Intraoperative opioid,Sufentanil consumption,Intraoperative,Preoperative TEAS,Control/no stimulation,37,38,35,35,Mean/SD,21.4,3.1,20.0,2.9,NOT REPORTED,NOT REPORTED,μg,NOT REPORTED,NOT REPORTED,"Available-case analysis; 75 randomized, 70 analyzed","Evidence-Based Complementary and Alternative Medicine 2021, Table 1",Table 1,Sufentanil consumption: TEAS 21.4±3.1 vs control 20.0±2.9.,Table 1 gives no outcome-specific P value and states baseline/intraoperative variables did not significantly differ.,363,ADDED,AUDIT-0363,,Sufentanil consumption,Intraoperative
4,45,Liang 2021,Intraoperative opioid,Remifentanil consumption,Intraoperative,Preoperative TEAS,Control/no stimulation,37,38,35,35,Mean/SD,521.5,206.8,464.7,156.0,NOT REPORTED,NOT REPORTED,μg,NOT REPORTED,NOT REPORTED,"Available-case analysis; 75 randomized, 70 analyzed","Evidence-Based Complementary and Alternative Medicine 2021, Table 1",Table 1,Remifentanil consumption: TEAS 521.5±206.8 vs control 464.7±156.0.,Table 1 gives no outcome-specific P value and states baseline/intraoperative variables did not significantly differ.,364,ADDED,AUDIT-0364,,Remifentanil consumption,Intraoperative
4,46,Liang 2021,PONV,PONV occurrence,End of surgery (T5),Preoperative TEAS,Control/no stimulation,37,38,35,35,Events/total,NOT REPORTED,NOT REPORTED,NOT REPORTED,NOT REPORTED,0,0,participants,No significant between-group difference over time,NOT REPORTED,"Available-case analysis; 75 randomized, 70 analyzed","Evidence-Based Complementary and Alternative Medicine 2021, Table 4",Table 4,PONV End of surgery (T5): TEAS 0/35 vs control 0/35.,The table labels the row simply 'PONV'; methods use a nausea verbal scale description.,365,AMBIGUOUS_HOLD,AUDIT-0365,,PONV occurrence,End of surgery (T5)
4,47,Liang 2021,Pain,Pain event as reported (threshold/definition not stated),End of surgery (T5),Preoperative TEAS,Control/no stimulation,37,38,35,35,Events/total,NOT REPORTED,NOT REPORTED,NOT REPORTED,NOT REPORTED,2,1,participants,No significant between-group difference over time,NOT REPORTED,"Available-case analysis; 75 randomized, 70 analyzed","Evidence-Based Complementary and Alternative Medicine 2021, Table 4",Table 4,Pain row End of surgery (T5): TEAS 2/35 vs control 1/35.,"Methods describe a 0–4 verbal rating scale, but Table 4 reports only a number/proportion in a row labelled 'Pain' without specifying which threshold constitutes an event. Do not pool as a defined pain incidence until clarified.",366,AMBIGUOUS_HOLD,AUDIT-0366,,Pain event as reported (threshold/definition not stated),End of surgery (T5)
4,48,Liang 2021,PONV,PONV occurrence,PACU discharge (T9),Preoperative TEAS,Control/no stimulation,37,38,35,35,Events/total,NOT REPORTED,NOT REPORTED,NOT REPORTED,NOT REPORTED,1,2,participants,No significant between-group difference over time,NOT REPORTED,"Available-case analysis; 75 randomized, 70 analyzed","Evidence-Based Complementary and Alternative Medicine 2021, Table 4",Table 4,PONV PACU discharge (T9): TEAS 1/35 vs control 2/35.,The table labels the row simply 'PONV'; methods use a nausea verbal scale description.,367,AMBIGUOUS_HOLD,AUDIT-0367,,PONV occurrence,PACU discharge (T9)
4,49,Liang 2021,Pain,Pain event as reported (threshold/definition not stated),PACU discharge (T9),Preoperative TEAS,Control/no stimulation,37,38,35,35,Events/total,NOT REPORTED,NOT REPORTED,NOT REPORTED,NOT REPORTED,7,6,participants,No significant between-group difference over time,NOT REPORTED,"Available-case analysis; 75 randomized, 70 analyzed","Evidence-Based Complementary and Alternative Medicine 2021, Table 4",Table 4,Pain row PACU discharge (T9): TEAS 7/35 vs control 6/35.,"Methods describe a 0–4 verbal rating scale, but Table 4 reports only a number/proportion in a row labelled 'Pain' without specifying which threshold constitutes an event. Do not pool as a defined pain incidence until clarified.",368,AMBIGUOUS_HOLD,AUDIT-0368,,Pain event as reported (threshold/definition not stated),PACU discharge (T9)
4,50,Liang 2021,PONV,PONV occurrence,24 h (T11),Preoperative TEAS,Control/no stimulation,37,38,35,35,Events/total,NOT REPORTED,NOT REPORTED,NOT REPORTED,NOT REPORTED,2,2,participants,No significant between-group difference over time,NOT REPORTED,"Available-case analysis; 75 randomized, 70 analyzed","Evidence-Based Complementary and Alternative Medicine 2021, Table 4",Table 4,PONV 24 h (T11): TEAS 2/35 vs control 2/35.,The table labels the row simply 'PONV'; methods use a nausea verbal scale description.,369,AMBIGUOUS_HOLD,AUDIT-0369,,PONV occurrence,24 h (T11)
4,51,Liang 2021,Pain,Pain event as reported (threshold/definition not stated),24 h (T11),Preoperative TEAS,Control/no stimulation,37,38,35,35,Events/total,NOT REPORTED,NOT REPORTED,NOT REPORTED,NOT REPORTED,8,8,participants,No significant between-group difference over time,NOT REPORTED,"Available-case analysis; 75 randomized, 70 analyzed","Evidence-Based Complementary and Alternative Medicine 2021, Table 4",Table 4,Pain row 24 h (T11): TEAS 8/35 vs control 8/35.,"Methods describe a 0–4 verbal rating scale, but Table 4 reports only a number/proportion in a row labelled 'Pain' without specifying which threshold constitutes an event. Do not pool as a defined pain incidence until clarified.",370,AMBIGUOUS_HOLD,AUDIT-0370,,Pain event as reported (threshold/definition not stated),24 h (T11)
4,52,Liang 2021,PONV,PONV occurrence,48 h (T12),Preoperative TEAS,Control/no stimulation,37,38,35,35,Events/total,NOT REPORTED,NOT REPORTED,NOT REPORTED,NOT REPORTED,0,0,participants,No significant between-group difference over time,NOT REPORTED,"Available-case analysis; 75 randomized, 70 analyzed","Evidence-Based Complementary and Alternative Medicine 2021, Table 4",Table 4,PONV 48 h (T12): TEAS 0/35 vs control 0/35.,The table labels the row simply 'PONV'; methods use a nausea verbal scale description.,371,AMBIGUOUS_HOLD,AUDIT-0371,,PONV occurrence,48 h (T12)
4,53,Liang 2021,Pain,Pain event as reported (threshold/definition not stated),48 h (T12),Preoperative TEAS,Control/no stimulation,37,38,35,35,Events/total,NOT REPORTED,NOT REPORTED,NOT REPORTED,NOT REPORTED,3,7,participants,No significant between-group difference over time,NOT REPORTED,"Available-case analysis; 75 randomized, 70 analyzed","Evidence-Based Complementary and Alternative Medicine 2021, Table 4",Table 4,Pain row 48 h (T12): TEAS 3/35 vs control 7/35.,"Methods describe a 0–4 verbal rating scale, but Table 4 reports only a number/proportion in a row labelled 'Pain' without specifying which threshold constitutes an event. Do not pool as a defined pain incidence until clarified.",372,AMBIGUOUS_HOLD,AUDIT-0372,,Pain event as reported (threshold/definition not stated),48 h (T12)
4,54,Liang 2021,Cognitive recovery,MMSE score,PACU discharge (T9),Preoperative TEAS,Control/no stimulation,37,38,35,35,Mean/SD,26.2,2.8,25.8,3.6,NOT REPORTED,NOT REPORTED,MMSE 0–30,No significant between-group difference,NOT REPORTED,"Available-case analysis; 75 randomized, 70 analyzed","Evidence-Based Complementary and Alternative Medicine 2021, Table 4",Table 4,MMSE PACU discharge (T9): TEAS 26.2±2.8 vs control 25.8±3.6.,The source footnote marks within-group comparisons versus T9; no between-group exact P is printed.,373,ADDED,AUDIT-0373,,MMSE score,PACU discharge (T9)
4,55,Liang 2021,Cognitive recovery,MMSE score,24 h (T11),Preoperative TEAS,Control/no stimulation,37,38,35,35,Mean/SD,28.1,1.6,28.1,1.6,NOT REPORTED,NOT REPORTED,MMSE 0–30,No significant between-group difference,NOT REPORTED,"Available-case analysis; 75 randomized, 70 analyzed","Evidence-Based Complementary and Alternative Medicine 2021, Table 4",Table 4,MMSE 24 h (T11): TEAS 28.1±1.6 vs control 28.1±1.6.,The source footnote marks within-group comparisons versus T9; no between-group exact P is printed.,374,ADDED,AUDIT-0374,,MMSE score,24 h (T11)
4,56,Liang 2021,Cognitive recovery,MMSE score,48 h (T12),Preoperative TEAS,Control/no stimulation,37,38,35,35,Mean/SD,28.3,1.4,28.6,1.3,NOT REPORTED,NOT REPORTED,MMSE 0–30,No significant between-group difference,NOT REPORTED,"Available-case analysis; 75 randomized, 70 analyzed","Evidence-Based Complementary and Alternative Medicine 2021, Table 4",Table 4,MMSE 48 h (T12): TEAS 28.3±1.4 vs control 28.6±1.3.,The source footnote marks within-group comparisons versus T9; no between-group exact P is printed.,375,ADDED,AUDIT-0375,,MMSE score,48 h (T12)
