Canonical study,Comparison ID,Intervention arm,Comparator arm,Outcome family,Outcome/result,Timepoint/window,Data type,Randomized n intervention,Randomized n comparator,Analyzed n intervention,Analyzed n comparator,Mean intervention,SD intervention,Median intervention,Q1 intervention,Q3 intervention,Events intervention,Mean comparator,SD comparator,Median comparator,Q1 comparator,Q3 comparator,Events comparator,Unit/scale,Reported P,Directly reported?,Derived/converted?,Derived effect measure,Derived effect,Exact 0-24 h postoperative opioid?,Primary opioid meta-analysis eligible?,Other analysis eligibility,Shared-control / multi-arm issue,Source-QC issue,Source location,Source PDF URL,Record status,V34 record ID,V34 audit row,V34 disposition,Raw statistic intervention,Raw dispersion intervention,Raw statistic comparator,Raw dispersion comparator,Minimum intervention,Maximum intervention,Minimum comparator,Maximum comparator,IQR width intervention,IQR width comparator,Analysis population,V34 source filename,V34 source quote,V34 eligibility,V34 eligibility reason,V34 RoB2 status,V34 endpoint class,V34 modality,V34 comparator class,V34 time class
Yang 2020,YANG20_EA_vs_UC,EA + usual care,Usual care,GI recovery,Time to first postoperative flatus,From surgery to first flatus,Mean/SD,30,29,29,28,20.8,4.6,,,,,24.1,6.2,,,,,hours,0.026,Yes,No,MD,-3.300000000000001,No,No,Eligible for GI-recovery meta-analysis,No,Open-label; 2/59 excluded after randomization; participant-report contribution unclear,GI recovery results/table,https://drive.google.com/file/d/1hsQR_K6W-5QNP4rqkVxHQaopRp4f1XF0/view?usp=drivesdk,SOURCE-VERIFIED,V33-OD-0002,,,,,,,,,,,,,,,,INCLUDE,"Numerically extractable in its native endpoint/time/statistic; pooling still requires compatible stratum, comparator and independent-arm selection.",EXISTING_RESULT_SPECIFIC: Some concerns,GI — first flatus,EA,Usual care,from surgery to first flatus
Seevaunnamtum 2016,SEEVA16_EA_vs_UC,Intraoperative EA,Standard care,Opioid consumption,Cumulative IV PCA morphine requirement,First 24 h postoperatively,Mean/SD,32,32,32,32,21.38,14.38,,,,,33.94,20.24,,,,,mg morphine,0.006,Yes,No,MD,-12.56,Yes,Yes,Primary continuous 24-h opioid outcome,No,No allocation-concealment method reported,Table 2 / 24-h PCA morphine,https://drive.google.com/file/d/1OhuqhDUCEmOij7fZFhHHCJNwfQ9xpMzd/view?usp=drivesdk,SOURCE-VERIFIED,V33-OD-0003,,,,,,,,,,,,,,,,INCLUDE,Locked strict primary result; prespecified source adjudication and conversions retained.,EXISTING_LOCKED_PRIMARY: Some concerns,Postoperative opioid dose (native window/unit),EA,Usual care,cumulative 0–24 h (locked primary source adjudication)
Lin 2002,LIN02_HIGH_vs_CONTROL,100-Hz EA,Untreated control,Opioid consumption,Cumulative IV PCA morphine delivered during postoperative test period,Postoperative hour 1 through next 23 h (published as 24-h test-period value),Mean/SD,25,25,25,25,15,10.7,,,,,38.1,16,,,,,mg morphine,,Yes,No,MD,-23.1,No,No,Usable as published PCA-morphine endpoint; not complete all-opioid 0-24 h exposure,Yes,First postoperative hour could include IM pethidine; group-specific pethidine exposure not reported,Table 2,https://drive.google.com/file/d/1Q5dNOPkf4PB_ctbHu1_3v3UIMIJzKRw9/view?usp=drivesdk,SOURCE-VERIFIED,V33-OD-0004,,,,,,,,,,,,,,,,INCLUDE,"Numerically extractable in its native endpoint/time/statistic; pooling still requires compatible stratum, comparator and independent-arm selection.",ROB2_RESULT_SPECIFIC_PENDING,Postoperative opioid dose (native window/unit),EA,CONTROL_TYPE_REVIEW_REQUIRED,postoperative hour 1 through next 23h (published as 24-h test-period value)
Lin 2002,LIN02_LOW_vs_CONTROL,2-Hz EA,Untreated control,Opioid consumption,Cumulative IV PCA morphine delivered during postoperative test period,Postoperative hour 1 through next 23 h (published as 24-h test-period value),Mean/SD,25,25,25,25,21.8,14.7,,,,,38.1,16,,,,,mg morphine,,Yes,No,MD,-16.3,No,No,Usable as published PCA-morphine endpoint; not complete all-opioid 0-24 h exposure,Yes,First postoperative hour could include IM pethidine; group-specific pethidine exposure not reported,Table 2,https://drive.google.com/file/d/1Q5dNOPkf4PB_ctbHu1_3v3UIMIJzKRw9/view?usp=drivesdk,SOURCE-VERIFIED,V33-OD-0005,,,,,,,,,,,,,,,,INCLUDE,"Numerically extractable in its native endpoint/time/statistic; pooling still requires compatible stratum, comparator and independent-arm selection.",ROB2_RESULT_SPECIFIC_PENDING,Postoperative opioid dose (native window/unit),EA,CONTROL_TYPE_REVIEW_REQUIRED,postoperative hour 1 through next 23h (published as 24-h test-period value)
Lin 2002,LIN02_HIGH_vs_SHAM,100-Hz EA,Sham EA,Opioid consumption,Cumulative IV PCA morphine delivered during postoperative test period,Postoperative hour 1 through next 23 h (published as 24-h test-period value),Mean/SD,25,25,25,25,15,10.7,,,,,30.2,14.4,,,,,mg morphine,,Yes,No,MD,-15.2,No,No,Usable as published PCA-morphine endpoint; not complete all-opioid 0-24 h exposure,Yes,First postoperative hour could include IM pethidine; group-specific pethidine exposure not reported,Table 2,https://drive.google.com/file/d/1Q5dNOPkf4PB_ctbHu1_3v3UIMIJzKRw9/view?usp=drivesdk,SOURCE-VERIFIED,V33-OD-0006,,,,,,,,,,,,,,,,INCLUDE,"Numerically extractable in its native endpoint/time/statistic; pooling still requires compatible stratum, comparator and independent-arm selection.",ROB2_RESULT_SPECIFIC_PENDING,Postoperative opioid dose (native window/unit),EA,Sham,postoperative hour 1 through next 23h (published as 24-h test-period value)
Lin 2002,LIN02_LOW_vs_SHAM,2-Hz EA,Sham EA,Opioid consumption,Cumulative IV PCA morphine delivered during postoperative test period,Postoperative hour 1 through next 23 h (published as 24-h test-period value),Mean/SD,25,25,25,25,21.8,14.7,,,,,30.2,14.4,,,,,mg morphine,,Yes,No,MD,-8.399999999999999,No,No,Usable as published PCA-morphine endpoint; not complete all-opioid 0-24 h exposure,Yes,First postoperative hour could include IM pethidine; group-specific pethidine exposure not reported,Table 2,https://drive.google.com/file/d/1Q5dNOPkf4PB_ctbHu1_3v3UIMIJzKRw9/view?usp=drivesdk,SOURCE-VERIFIED,V33-OD-0007,,,,,,,,,,,,,,,,INCLUDE,"Numerically extractable in its native endpoint/time/statistic; pooling still requires compatible stratum, comparator and independent-arm selection.",ROB2_RESULT_SPECIFIC_PENDING,Postoperative opioid dose (native window/unit),EA,Sham,postoperative hour 1 through next 23h (published as 24-h test-period value)
Yao 2015,YAO15_TEAS_vs_CONTROL,Preoperative TEAS,Control/no current,Quality of recovery,Global QoR-40,24 h postoperatively,Mean/SD,37,37,35,36,176.5,10.2,,,,,164.8,14.7,,,,,QoR-40 points,<0.001,Yes,No,MD,11.69999999999999,No,No,Eligible for QoR meta-analysis,No,3 post-randomization exclusions; active sensory stimulation vs zero-current control,24-h QoR-40 result,https://drive.google.com/file/d/1OhcqPgP7chnaiBaZBPBAy4PQlSFMelfh/view?usp=drivesdk,SOURCE-VERIFIED,V33-OD-0008,,,,,,,,,,,,,,,,INCLUDE,"Numerically extractable in its native endpoint/time/statistic; pooling still requires compatible stratum, comparator and independent-arm selection.",EXISTING_RESULT_SPECIFIC: High,QoR-40,TEAS,Sham,24 h point
Yu 2020,YU20_TEAS_vs_CONTROL,Preoperative TEAS,Control/no current,Quality of recovery,Global QoR-40,Postoperative day 1 (~24 h),Mean/SD,30,30,30,30,175.33,9.66,,,,,166.07,8.44,,,,,QoR-40 points,0.040,Yes,No,MD,9.26000000000002,No,No,Eligible for QoR meta-analysis,No,Retrospective registration; article has internal intervention-parameter discrepancy,POD1 QoR-40 result,https://drive.google.com/file/d/1fXpHc9FzhpPCkXto8c5lfcLoA3ROdOEz/view?usp=drivesdk,SOURCE-VERIFIED,V33-OD-0009,,,,,,,,,,,,,,,,INCLUDE,"Numerically extractable in its native endpoint/time/statistic; pooling still requires compatible stratum, comparator and independent-arm selection.",EXISTING_RESULT_SPECIFIC: High,QoR-40,TEAS,Sham,postoperative day 1 (~24h)
Pan 2023,PAN23_TEAS_vs_CONTROL,TEAS,Control/usual care,GI recovery,Time to first postoperative flatus,Postoperative recovery endpoint,Median/IQR,60,60,52,53,,,1020,675.8,1278,,,,1210,896.5,1427,,minutes,0.01,Yes,No,,,No,No,Eligible for GI analysis using nonparametric/prespecified conversion method only,No,15/120 excluded after randomization; do not relabel median/IQR as mean/SD,Postoperative recovery table,https://drive.google.com/file/d/19IZpaoI-iTQOr_XOTw-a17WTw_haz8q6/view?usp=drivesdk,SOURCE-VERIFIED,V33-OD-0010,,,,,,,,,,,,,,,,NARRATIVE ONLY,Median and original dispersion preserved; no mean/SD conversion or MD pooling.,EXISTING_RESULT_SPECIFIC: High,GI — first flatus,TEAS,Usual care,postoperative recovery endpoint
Chen 1998,CHEN98_NONACU_vs_SHAM,Active nonacupoint shoulder TENS,Sham ST36 TENS (0 mA),Opioid consumption,Cumulative IV PCA hydromorphone,First 24 h postoperatively,Mean/SD,25,25,25,25,10.5,6.2,,,,,10.7,5,,,,,mg hydromorphone,,Yes,No,MD,-0.1999999999999993,Yes,Yes,Eligible for 24-h opioid analysis after prespecified opioid/MME conversion,Yes,Four-arm RCT; shared sham control must be handled correctly,Table 2 / first-24-h hydromorphone,https://drive.google.com/file/d/1lUyYj9aN1CL9RpY86ZY0970To83Kb17s/view?usp=drivesdk,SOURCE-VERIFIED,V33-OD-0011,,,,,,,,,,,,,,,,INCLUDE,"Numerically extractable in its native endpoint/time/statistic; pooling still requires compatible stratum, comparator and independent-arm selection.",EXISTING_RESULT_SPECIFIC: Some concerns,Postoperative opioid dose (native window/unit),TEAS,Sham,first 24h postoperatively
Chen 1998,CHEN98_DERM_vs_SHAM,Active dermatomal/peri-incisional TENS,Sham ST36 TENS (0 mA),Opioid consumption,Cumulative IV PCA hydromorphone,First 24 h postoperatively,Mean/SD,25,25,25,25,6.8,4.2,,,,,10.7,5,,,,,mg hydromorphone,,Yes,No,MD,-3.899999999999999,Yes,Yes,Eligible for 24-h opioid analysis after prespecified opioid/MME conversion,Yes,Four-arm RCT; shared sham control must be handled correctly,Table 2 / first-24-h hydromorphone,https://drive.google.com/file/d/1lUyYj9aN1CL9RpY86ZY0970To83Kb17s/view?usp=drivesdk,SOURCE-VERIFIED,V33-OD-0012,,,,,,,,,,,,,,,,INCLUDE,"Numerically extractable in its native endpoint/time/statistic; pooling still requires compatible stratum, comparator and independent-arm selection.",EXISTING_RESULT_SPECIFIC: Some concerns,Postoperative opioid dose (native window/unit),TEAS,Sham,first 24h postoperatively
Chen 1998,CHEN98_ACU_vs_SHAM,Active ST36 acupoint TENS,Sham ST36 TENS (0 mA),Opioid consumption,Cumulative IV PCA hydromorphone,First 24 h postoperatively,Mean/SD,25,25,25,25,6.5,3.5,,,,,10.7,5,,,,,mg hydromorphone,,Yes,No,MD,-4.199999999999999,Yes,Yes,Eligible for 24-h opioid analysis after prespecified opioid/MME conversion,Yes,Four-arm RCT; shared sham control must be handled correctly,Table 2 / first-24-h hydromorphone,https://drive.google.com/file/d/1lUyYj9aN1CL9RpY86ZY0970To83Kb17s/view?usp=drivesdk,SOURCE-VERIFIED,V33-OD-0013,,,,,,,,,,,,,,,,INCLUDE,Locked strict primary result; prespecified source adjudication and conversions retained.,EXISTING_LOCKED_PRIMARY: Some concerns,Postoperative opioid dose (native window/unit),TEAS,Sham,cumulative 0–24 h (locked primary source adjudication)
Chen 2020,CHEN20_TEAS_vs_SHAM,Perioperative TEAS,Sham low/zero-current protocol,Opioid consumption,Cumulative sufentanil,24 h postoperatively,Mean/SD,40,40,40,40,72.43,4.78,,,,,100.62,10.2,,,,,µg sufentanil,,Yes,No,MD,-28.19,Yes,Yes,Eligible for 24-h opioid analysis after prespecified opioid/MME conversion,No,Sham was 4 mA pre/postoperatively but 0 mA intraoperatively; preserve this nuance,Cumulative sufentanil result,https://drive.google.com/file/d/1y0_cC1NCl5g2vYxDMOtYmxVA_YEE-rsR/view?usp=drivesdk,SOURCE-VERIFIED,V33-OD-0014,,,,,,,,,,,,,,,,INCLUDE,Locked strict primary result; prespecified source adjudication and conversions retained.,EXISTING_LOCKED_PRIMARY: Some concerns,Postoperative opioid dose (native window/unit),TEAS,Sham,cumulative 0–24 h (locked primary source adjudication)
Chen 2020,CHEN20_TEAS_vs_SHAM_VAS,Perioperative TEAS,Sham low/zero-current protocol,Pain,VAS pain intensity,24 h postoperatively,Mean/SD,40,40,40,40,2.91,0.2,,,,,5.97,0.56,,,,,VAS 0-10,,Yes,No,MD,-3.06,No,No,Eligible for 24-h pain meta-analysis,No,Patient blinding adequacy depends on sensory contrast of sham protocol,24-h VAS result,https://drive.google.com/file/d/1y0_cC1NCl5g2vYxDMOtYmxVA_YEE-rsR/view?usp=drivesdk,SOURCE-VERIFIED,V33-OD-0015,,,,,,,,,,,,,,,,INCLUDE,"Numerically extractable in its native endpoint/time/statistic; pooling still requires compatible stratum, comparator and independent-arm selection.",ROB2_RESULT_SPECIFIC_PENDING,Pain — unspecified context,TEAS,Sham,24 h point
Coura 2011,COURA11_EA_vs_SHAM,Preoperative EA,Sham stimulation,Opioid consumption,Cumulative fentanyl,First 24 h postoperatively,Mean/SD,16,16,13,9,13.1,2.2,,,,,16.3,1.6,,,,,µg/kg fentanyl,,Yes,No,MD,-3.200000000000001,Yes,Conditional,Potentially eligible after confirming whether discretionary supplemental opioids were included,No,10/32 post-randomization exclusions; supplemental morphine/fentanyl inclusion unclear,Published cumulative first-24-h fentanyl result,https://drive.google.com/file/d/120NJxCmxsdiyqWTXzjmaUWAaVa1i8iZz/view?usp=drivesdk,SOURCE-VERIFIED / QC HOLD,V33-OD-0016,,,,,,,,,,,,,,,,INCLUDE,"Numerically extractable in its native endpoint/time/statistic; pooling still requires compatible stratum, comparator and independent-arm selection.",EXISTING_RESULT_SPECIFIC: High,Postoperative opioid dose (native window/unit),EA,Sham,first 24h postoperatively
Ao 2021,AO21_TEAS_vs_SHAM_VAS,TEAS,Sham/no current,Pain,VAS pain intensity,24 h postoperatively,Graph-digitized mean/SD,35,35,32,33,2.51,0.49,,,,,2.95,0.53,,,,,VAS 0-10,,No,Yes,,,No,No,Needs adjudication/sensitivity analysis before quantitative pooling,No,"Exact values are graph-digitized, not numerically tabulated by authors",Figure-only 24-h VAS,https://drive.google.com/file/d/1tNFnY0fJpx53hrtY4DIaE1RsNjE55Xvd/view?usp=drivesdk,DERIVED / NEEDS ADJUDICATION,V33-OD-0017,,,,,,,,,,,,,,,,CONDITIONAL,No new graph digitization; historical digitized data require their original validation before pooling.,ROB2_RESULT_SPECIFIC_PENDING,Pain — unspecified context,TEAS,Sham,24 h point
Ao 2021,AO21_TEAS_vs_SHAM_OPIOID24,TEAS,Sham/no current,Opioid consumption,Cumulative postoperative sufentanil,Exact 0-24 h,Not reported,35,35,32,33,,,,,,,,,,,,,µg sufentanil,,No,No,,,No,No,Not eligible for continuous 24-h opioid meta-analysis without author data,No,PCA followed for 48 h; no extractable cumulative 0-24-h total,Article reports 48-h PCA framework only,https://drive.google.com/file/d/1tNFnY0fJpx53hrtY4DIaE1RsNjE55Xvd/view?usp=drivesdk,MISSING / AUTHOR DATA NEEDED,V33-OD-0018,,,,,,,,,,,,,,,,NOT REPORTED,Accessed source does not supply the requested numerical result.,ROB2_RESULT_SPECIFIC_PENDING,Postoperative opioid dose (native window/unit),TEAS,Sham,exact 0-24h
Zhu 2022,ZHU22_PRE_vs_USUAL_PON,EA day before surgery,Usual care alone,PONV,Postoperative nausea,6-24 h postoperatively,Events/total,103,104,101,101,,,,,,11,,,,,,27,participants with nausea,0.024,Yes,No,RR,0.4074074074074074,No,No,Eligible for dichotomous PON analysis with shared-control/multi-arm adjustment,Yes,Four-arm RCT; no sham; analysis denominators differ from randomized denominators,Table 2,https://drive.google.com/file/d/1vux5IaubjInusplW6GJ2SsxhzibtSCe-/view?usp=drivesdk,SOURCE-VERIFIED,V33-OD-0019,,,,,,,,,,,,,,,,INCLUDE,"Numerically extractable in its native endpoint/time/statistic; pooling still requires compatible stratum, comparator and independent-arm selection.",ROB2_RESULT_SPECIFIC_PENDING,Nausea,EA,Usual care,6-24h postoperatively
Zhu 2022,ZHU22_PRE_vs_USUAL_POV,EA day before surgery,Usual care alone,PONV,Postoperative vomiting,6-24 h postoperatively,Events/total,103,104,101,101,,,,,,5,,,,,,22,participants with vomiting,0.002,Yes,No,RR,0.2272727272727273,No,No,Eligible for dichotomous POV analysis with shared-control/multi-arm adjustment,Yes,Four-arm RCT; no sham; use exact arm-specific analyzed denominators,Table 2,https://drive.google.com/file/d/1vux5IaubjInusplW6GJ2SsxhzibtSCe-/view?usp=drivesdk,SOURCE-VERIFIED,V33-OD-0020,,,,,,,,,,,,,,,,INCLUDE,"Numerically extractable in its native endpoint/time/statistic; pooling still requires compatible stratum, comparator and independent-arm selection.",EXISTING_RESULT_SPECIFIC: Some concerns,Vomiting,EA,Usual care,6-24h postoperatively
Zhu 2022,ZHU22_30_vs_USUAL_PON,EA 30 min before surgery,Usual care alone,PONV,Postoperative nausea,6-24 h postoperatively,Events/total,103,104,98,101,,,,,,18,,,,,,27,participants with nausea,NR pairwise,Yes,No,RR,0.6870748299319728,No,No,Eligible for dichotomous PON analysis with shared-control/multi-arm adjustment,Yes,Four-arm RCT; no sham; analysis denominators differ from randomized denominators,Table 2,https://drive.google.com/file/d/1vux5IaubjInusplW6GJ2SsxhzibtSCe-/view?usp=drivesdk,SOURCE-VERIFIED,V33-OD-0021,,,,,,,,,,,,,,,,INCLUDE,"Numerically extractable in its native endpoint/time/statistic; pooling still requires compatible stratum, comparator and independent-arm selection.",ROB2_RESULT_SPECIFIC_PENDING,Nausea,EA,Usual care,6-24h postoperatively
Zhu 2022,ZHU22_30_vs_USUAL_POV,EA 30 min before surgery,Usual care alone,PONV,Postoperative vomiting,6-24 h postoperatively,Events/total,103,104,98,101,,,,,,8,,,,,,22,participants with vomiting,0.034,Yes,No,RR,0.3747680890538033,No,No,Eligible for dichotomous POV analysis with shared-control/multi-arm adjustment,Yes,Four-arm RCT; no sham; use exact arm-specific analyzed denominators,Table 2,https://drive.google.com/file/d/1vux5IaubjInusplW6GJ2SsxhzibtSCe-/view?usp=drivesdk,SOURCE-VERIFIED,V33-OD-0022,,,,,,,,,,,,,,,,INCLUDE,"Numerically extractable in its native endpoint/time/statistic; pooling still requires compatible stratum, comparator and independent-arm selection.",EXISTING_RESULT_SPECIFIC: Some concerns,Vomiting,EA,Usual care,6-24h postoperatively
Zhu 2022,ZHU22_COMB_vs_USUAL_PON,EA day before + 30 min before,Usual care alone,PONV,Postoperative nausea,6-24 h postoperatively,Events/total,103,104,100,101,,,,,,11,,,,,,27,participants with nausea,0.024,Yes,No,RR,0.4114814814814814,No,No,Eligible for dichotomous PON analysis with shared-control/multi-arm adjustment,Yes,Four-arm RCT; no sham; analysis denominators differ from randomized denominators,Table 2,https://drive.google.com/file/d/1vux5IaubjInusplW6GJ2SsxhzibtSCe-/view?usp=drivesdk,SOURCE-VERIFIED,V33-OD-0023,,,,,,,,,,,,,,,,INCLUDE,"Numerically extractable in its native endpoint/time/statistic; pooling still requires compatible stratum, comparator and independent-arm selection.",ROB2_RESULT_SPECIFIC_PENDING,Nausea,EA,Usual care,6-24h postoperatively
Zhu 2022,ZHU22_COMB_vs_USUAL_POV,EA day before + 30 min before,Usual care alone,PONV,Postoperative vomiting,6-24 h postoperatively,Events/total,103,104,100,101,,,,,,9,,,,,,22,participants with vomiting,NR pairwise,Yes,No,RR,0.4131818181818182,No,No,Eligible for dichotomous POV analysis with shared-control/multi-arm adjustment,Yes,Four-arm RCT; no sham; use exact arm-specific analyzed denominators,Table 2,https://drive.google.com/file/d/1vux5IaubjInusplW6GJ2SsxhzibtSCe-/view?usp=drivesdk,SOURCE-VERIFIED,V33-OD-0024,,,,,,,,,,,,,,,,INCLUDE,"Numerically extractable in its native endpoint/time/statistic; pooling still requires compatible stratum, comparator and independent-arm selection.",EXISTING_RESULT_SPECIFIC: Some concerns,Vomiting,EA,Usual care,6-24h postoperatively
Zhou 2025,ZHOU25_TEAS_vs_SHAM_QOR15,PACU TEAS,Sham/no current,Quality of recovery,Global QoR-15,POD1,Mean/SD,50,50,48,49,112,10.67,,,,,107.62,10.27,,,,,QoR-15 points,0.042,Yes,No,MD,4.379999999999995,No,No,Eligible for QoR-15 meta-analysis,No,3 post-randomization withdrawals; sensory blinding uncertain because active 10-15 mA/De Qi vs no current,"Table 2, p7",https://drive.google.com/file/d/1gpNBuoukUttXKWiAAeZSqdIaaHSMOwDU/view?usp=drivesdk,SOURCE-VERIFIED,V33-OD-0025,,,,,,,,,,,,,,,,INCLUDE,"Numerically extractable in its native endpoint/time/statistic; pooling still requires compatible stratum, comparator and independent-arm selection.",EXISTING_RESULT_SPECIFIC: High,QoR-15,TEAS,Sham,pod1
Zhou 2025,ZHOU25_TEAS_vs_SHAM_PAINREST,PACU TEAS,Sham/no current,Pain,Resting pain VAS,POD1,Median/IQR,50,50,48,49,,,3,3,4,,,,4,4,5,,VAS 0-10,<0.001,Yes,No,,,No,No,Eligible for pain analysis using nonparametric/prespecified conversion method,No,Do not convert median/IQR to mean/SD without prespecified method,"Table 3, p8",https://drive.google.com/file/d/1gpNBuoukUttXKWiAAeZSqdIaaHSMOwDU/view?usp=drivesdk,SOURCE-VERIFIED,V33-OD-0026,,,,,,,,,,,,,,,,NARRATIVE ONLY,Median and original dispersion preserved; no mean/SD conversion or MD pooling.,ROB2_RESULT_SPECIFIC_PENDING,Pain — rest,TEAS,Sham,pod1
Zhou 2025,ZHOU25_TEAS_vs_SHAM_PONV,PACU TEAS,Sham/no current,PONV,PONV incidence,POD1,Events/total,50,50,48,49,,,,,,10,,,,,,19,participants,0.047,Yes,No,RR,0.537280701754386,No,No,Eligible for dichotomous POD1 PONV analysis,No,Participant sensory blinding uncertain,"Table 4, p8",https://drive.google.com/file/d/1gpNBuoukUttXKWiAAeZSqdIaaHSMOwDU/view?usp=drivesdk,SOURCE-VERIFIED,V33-OD-0027,,,,,,,,,,,,,,,,INCLUDE,"Numerically extractable in its native endpoint/time/statistic; pooling still requires compatible stratum, comparator and independent-arm selection.",ROB2_RESULT_SPECIFIC_PENDING,PONV composite,TEAS,Sham,pod1
Zhou 2025,ZHOU25_TEAS_vs_SHAM_FLATUS,PACU TEAS,Sham/no current,GI recovery,Time to first flatus,Postoperative,Mean/SD,50,50,48,49,14.1,3.19,,,,,15.88,3.78,,,,,hours,0.014,Yes,No,MD,-1.780000000000001,No,No,Eligible for GI-recovery meta-analysis,No,Ascertainment mechanism should be considered in RoB because participant sensory blinding may be imperfect,Postoperative recovery-time table,https://drive.google.com/file/d/1gpNBuoukUttXKWiAAeZSqdIaaHSMOwDU/view?usp=drivesdk,SOURCE-VERIFIED,V33-OD-0028,,,,,,,,,,,,,,,,INCLUDE,"Numerically extractable in its native endpoint/time/statistic; pooling still requires compatible stratum, comparator and independent-arm selection.",ROB2_RESULT_SPECIFIC_PENDING,GI — first flatus,TEAS,Sham,postoperative
Zhou 2025,ZHOU25_TEAS_vs_SHAM_RESCUE,PACU TEAS,Sham/no current,Rescue analgesia,Any rescue analgesia,POD1-POD3,Events/total,50,50,48,49,,,,,,6,,,,,,13,participants,0.124,Yes,No,RR,0.4711538461538461,No,No,Eligible only for 3-day binary rescue-analgesia analysis,No,Not a 24-h opioid dose; exact cumulative tramadol dose is not reported,"Table 3, p8",https://drive.google.com/file/d/1gpNBuoukUttXKWiAAeZSqdIaaHSMOwDU/view?usp=drivesdk,SOURCE-VERIFIED,V33-OD-0029,,,,,,,,,,,,,,,,INCLUDE,"Numerically extractable in its native endpoint/time/statistic; pooling still requires compatible stratum, comparator and independent-arm selection.",ROB2_RESULT_SPECIFIC_PENDING,Rescue analgesia — drug class unresolved,TEAS,Sham,pod1-pod3
Zhou 2025,ZHOU25_TEAS_vs_SHAM_OPIOID24,PACU TEAS,Sham/no current,Opioid consumption,Exact cumulative postoperative opioid dose,0-24 h,Not reported,50,50,48,49,,,,,,,,,,,,,mg/µg,,No,No,,,No,No,Not eligible for continuous 24-h opioid meta-analysis without author data,No,Standard perioperative sufentanil plus PRN tramadol; exact 0-24-h cumulative dose not reported,Not numerically reported,https://drive.google.com/file/d/1gpNBuoukUttXKWiAAeZSqdIaaHSMOwDU/view?usp=drivesdk,MISSING / AUTHOR DATA NEEDED,V33-OD-0030,,,,,,,,,,,,,,,,NOT REPORTED,Accessed source does not supply the requested numerical result.,ROB2_RESULT_SPECIFIC_PENDING,Postoperative opioid dose (native window/unit),TEAS,Sham,0-24h
Zhou 2021,ZHOU21_TEAS_vs_UC_PAIN,Postoperative TEAS + ERAS,ERAS/usual care,Pain,Average postoperative pain,POD1-POD5 average,Mean/SD,41,41,41,40,2.55,0.21,,,,,3.1,0.42,,,,,pain score,<0.001,Yes,No,MD,-0.5500000000000003,No,No,Eligible only for matching POD1-POD5 average pain analysis,No,Open-label/no sham; subjective outcome,"Table 3, p6",https://drive.google.com/file/d/1PxYyULBv_ZjWeqAm_bNYkDn_j2_lNYLq/view?usp=drivesdk,SOURCE-VERIFIED,V33-OD-0031,,,,,,,,,,,,,,,,INCLUDE,"Numerically extractable in its native endpoint/time/statistic; pooling still requires compatible stratum, comparator and independent-arm selection.",ROB2_RESULT_SPECIFIC_PENDING,Pain — unspecified context,TEAS,Usual care,pod1-pod5 average
Zhou 2021,ZHOU21_TEAS_vs_UC_OPIOIDUSE,Postoperative TEAS + ERAS,ERAS/usual care,Opioid consumption,Any postoperative opioid use,Postoperative window not clearly defined as 0-24 h,Events/total,41,41,41,40,,,,,,18,,,,,,30,participants,0.004,Yes,No,RR,0.5853658536585366,No,No,Eligible for binary opioid-use analysis only if matching time window is acceptable,No,Exact postoperative time window is not clearly stated,Table 3,https://drive.google.com/file/d/1PxYyULBv_ZjWeqAm_bNYkDn_j2_lNYLq/view?usp=drivesdk,SOURCE-VERIFIED / WINDOW QC,V33-OD-0032,,,,,,,,,,,,,,,,INCLUDE,"Numerically extractable in its native endpoint/time/statistic; pooling still requires compatible stratum, comparator and independent-arm selection.",ROB2_RESULT_SPECIFIC_PENDING,Postoperative opioid dose (native window/unit),TEAS,Usual care,postoperative window not clearly defined as 0-24h
Zheng 2025,ZHENG25_TEAS_vs_SHAM_PONV,Perioperative TEAS,Sham/no current,PONV,Any PONV,Within 24 h postoperatively,Events/total,44,44,42,43,,,,,,18,,,,,,29,participants,0.023,Percentages directly reported; counts derived,Yes,RR,0.6354679802955665,No,No,Eligible for dichotomous 24-h PONV analysis,No,Counts 18/42 and 29/43 are reconstructed from reported 42.9% and 67.4%; use percentages as source truth,Primary outcome / 24-h PONV result,https://drive.google.com/file/d/1-JWKZgQXaQQQBZgMSDqyIP-vG9aAxBqb/view?usp=drivesdk,SOURCE-VERIFIED / COUNTS DERIVED,V33-OD-0033,,,,,,,,,,,,,,,,INCLUDE,"Numerically extractable in its native endpoint/time/statistic; pooling still requires compatible stratum, comparator and independent-arm selection.",EXISTING_RESULT_SPECIFIC: Some concerns,PONV composite,TEAS,Sham,within 24h postoperatively
Zheng 2025,ZHENG25_TEAS_vs_SHAM_REMI,Perioperative TEAS,Sham/no current,Intraoperative opioid,Total intraoperative remifentanil consumption,Intraoperative,Mean/SD,44,44,42,43,233.1,29.6,,,,,289.5,37.9,,,,,µg remifentanil,0.031,Yes,No,MD,-56.40000000000001,No,No,"Eligible for intraoperative opioid-sparing analysis, not postoperative 24-h opioid analysis",No,Not a postoperative endpoint,"Table 3, p9",https://drive.google.com/file/d/1-JWKZgQXaQQQBZgMSDqyIP-vG9aAxBqb/view?usp=drivesdk,SOURCE-VERIFIED,V33-OD-0034,,,,,,,,,,,,,,,,INCLUDE,"Numerically extractable in its native endpoint/time/statistic; pooling still requires compatible stratum, comparator and independent-arm selection.",ROB2_RESULT_SPECIFIC_PENDING,Intraoperative opioid,TEAS,Sham,intraoperative
Zheng 2025,ZHENG25_TEAS_vs_SHAM_PCA_PRESS,Perioperative TEAS,Sham/no current,Opioid demand,Total PCIA button presses,Postoperative; exact pump duration NR,Mean/SD,44,44,42,43,6.3,2.2,,,,,10.7,3.9,,,,,presses,0.004,Yes,No,MD,-4.399999999999999,No,No,Eligible for PCA-demand analysis only,No,"PCIA final volume/concentration is NR, so presses cannot be converted to sufentanil mass",Postoperative PCIA results,https://drive.google.com/file/d/1-JWKZgQXaQQQBZgMSDqyIP-vG9aAxBqb/view?usp=drivesdk,SOURCE-VERIFIED / DOSE NOT RECONSTRUCTABLE,V33-OD-0035,,,,,,,,,,,,,,,,INCLUDE,"Numerically extractable in its native endpoint/time/statistic; pooling still requires compatible stratum, comparator and independent-arm selection.",ROB2_RESULT_SPECIFIC_PENDING,PCA/PCIA button presses,TEAS,Sham,postoperative; exact pump duration nr
Zheng 2025,ZHENG25_TEAS_vs_SHAM_OPIOID24,Perioperative TEAS,Sham/no current,Opioid consumption,Exact cumulative postoperative sufentanil mass,0-24 h,Not reported,44,44,42,43,,,,,,,,,,,,,µg sufentanil,,No,No,,,No,No,Not eligible for continuous 24-h opioid meta-analysis without author data,No,Final PCIA volume/concentration and exact cumulative sufentanil mass are not reported,PCIA formulation section / missing outcome,https://drive.google.com/file/d/1-JWKZgQXaQQQBZgMSDqyIP-vG9aAxBqb/view?usp=drivesdk,MISSING / AUTHOR DATA NEEDED,V33-OD-0036,,,,,,,,,,,,,,,,NOT REPORTED,Accessed source does not supply the requested numerical result.,ROB2_RESULT_SPECIFIC_PENDING,Postoperative opioid dose (native window/unit),TEAS,Sham,0-24h
Zhan 2020,ZHAN20_TAPTEAS_vs_TAP_PAIN24,TAP block + postoperative TEAS,TAP block,Pain,VAS pain intensity,24 h postoperatively,Source-format ambiguous,30,30,30,30,,,,,,,,,,,,,VAS,0.03 pairwise,Yes,No,,,No,No,Qualitative/source-text use only until summary format is clarified,Yes,"Printed source values are TAP+TEAS '2 (1.7 ± 2.2)' vs TAP '2 (2.0 ± 3.0)'; format is not defined as mean/SD, median/IQR, or range","Table 2, p4",https://drive.google.com/file/d/1GYG7JxUOQxbt724-Ng7dWv3sYeC8dDSr/view?usp=drivesdk,SOURCE-VERIFIED / FORMAT QC,V33-OD-0037,,,,,,,,,,,,,,,,HOLD,"Unresolved source statistic, denominator or timepoint.",EXISTING_RESULT_SPECIFIC: High,Pain — unspecified context,TEAS,CONTROL_TYPE_REVIEW_REQUIRED,24 h point
Zhan 2020,ZHAN20_TAPTEAS_vs_TAP_OPIOID24,TAP block + postoperative TEAS,TAP block,Opioid consumption,Actual cumulative postoperative sufentanil consumption,0-24 h,Not reported,30,30,30,30,,,,,,,,,,,,,µg sufentanil,,No,No,,,No,No,Not eligible for continuous 24-h opioid meta-analysis,Yes,Only programmed PCIA reservoir/basal settings are reported; actual group-specific delivered opioid is NR,PCIA protocol / exact 24-h opioid section,https://drive.google.com/file/d/1GYG7JxUOQxbt724-Ng7dWv3sYeC8dDSr/view?usp=drivesdk,MISSING / NOT OBSERVED,V33-OD-0038,,,,,,,,,,,,,,,,NOT REPORTED,Accessed source does not supply the requested numerical result.,ROB2_RESULT_SPECIFIC_PENDING,Postoperative opioid dose (native window/unit),TEAS,CONTROL_TYPE_REVIEW_REQUIRED,0-24h
Zhang 2025,ZHANG25_TEAS_vs_SHAM_SUFPOD1,Perioperative TEAS,Sub-sensory sham,Opioid consumption,Total sufentanil consumption,POD1; approximately 24 h but exact clock window not explicit,Mean/SD,54,54,45,48,50.53,4.46,,,,,53.79,5.14,,,,,µg sufentanil,0.002,Yes,No,MD,-3.259999999999998,Conditional,Conditional,Eligible for POD1 opioid analysis; strict 0-24-h use requires confirmation,No,"Endpoint is directly reported as POD1, not explicitly clock-defined 0-24 h; 15/108 excluded after randomization","Table 4, p9",https://drive.google.com/file/d/1eHx6Hk16vmIfMgoiZ5eNae4zmCR5ktwJ/view?usp=drivesdk,SOURCE-VERIFIED / WINDOW QC,V33-OD-0039,,,,,,,,,,,,,,,,INCLUDE,"Numerically extractable in its native endpoint/time/statistic; pooling still requires compatible stratum, comparator and independent-arm selection.",EXISTING_RESULT_SPECIFIC: High,Postoperative opioid dose (native window/unit),TEAS,Sham,pod1; approximately 24h but exact clock window not explicit
Zhang 2025,ZHANG25_TEAS_vs_SHAM_RESCUE,Perioperative TEAS,Sub-sensory sham,Rescue analgesia,Any rescue analgesia demand,POD1 / postoperative period reported in Table 4,Events/total,54,54,45,48,,,,,,14,,,,,,29,participants,0.005 in Table 4; 0.002 in prose,Yes,No,RR,0.5149425287356322,No,No,Eligible for binary rescue-analgesia analysis using raw counts,No,Published RR 0.70 (0.44-1.10) conflicts with raw counts (~0.52) and significant P-value; use raw event counts,"Table 4, p9",https://drive.google.com/file/d/1eHx6Hk16vmIfMgoiZ5eNae4zmCR5ktwJ/view?usp=drivesdk,SOURCE-VERIFIED / PUBLISHED EFFECT QC,V33-OD-0040,,,,,,,,,,,,,,,,INCLUDE,"Numerically extractable in its native endpoint/time/statistic; pooling still requires compatible stratum, comparator and independent-arm selection.",ROB2_RESULT_SPECIFIC_PENDING,Rescue analgesia — drug class unresolved,TEAS,Sham,pod1 / postoperative period reported in table 4
Zhang 2025,ZHANG25_TEAS_vs_SHAM_VISCERAL_POD1,Perioperative TEAS,Sub-sensory sham,Pain,Moderate-to-severe visceral pain,POD1,Events/total,54,54,45,48,,,,,,4,,,,,,18,participants,0.001,Percentages directly reported; counts reconstructed exactly from denominators,Yes,RR,0.237037037037037,No,No,Eligible for dichotomous visceral-pain analysis,No,Figure 3D reports 8.9% vs 37.5%; 4/45 and 18/48 are exact denominator reconstructions,"Figure 3D, p8",https://drive.google.com/file/d/1eHx6Hk16vmIfMgoiZ5eNae4zmCR5ktwJ/view?usp=drivesdk,SOURCE-VERIFIED / COUNTS DERIVED,V33-OD-0041,,,,,,,,,,,,,,,,INCLUDE,"Numerically extractable in its native endpoint/time/statistic; pooling still requires compatible stratum, comparator and independent-arm selection.",ROB2_RESULT_SPECIFIC_PENDING,Pain — unspecified context,TEAS,Sham,pod1
Zhang 2023,ZHANG23_TEAS_vs_SHAM_VOID,TEAS,Sham/no current,Urinary recovery,Time to first spontaneous void,Postoperative,Median/IQR,975,973,922,916,,,5.6,3.7,8,,,,7.1,4.7,9.7,,hours,<0.001,Yes,No,,,No,No,Eligible for urinary-recovery meta-analysis using median/IQR methods,No,110/1948 randomized participants were excluded from final analysis; abstract gives sham median 7.0 h but Table 2 gives 7.1 h—use table value,Table 2 / primary spontaneous-void outcome,https://drive.google.com/file/d/1LXNXNhVJaOcYXBODulFUuMD4FQXC5dph/view?usp=drivesdk,SOURCE-VERIFIED / ATTRITION QC,V33-OD-0042,,,,,,,,,,,,,,,,NARRATIVE ONLY,Median and original dispersion preserved; no mean/SD conversion or MD pooling.,EXISTING_RESULT_SPECIFIC: High,Urinary recovery,TEAS,Sham,postoperative
Zhang 2023,ZHANG23_TEAS_vs_SHAM_DELAYED,TEAS,Sham/no current,Urinary recovery,Delayed urinary recovery (>12 h without spontaneous void),Postoperative,Events/total,975,973,922,916,,,,,,103,,,,,,173,participants,<0.001,Yes,No,RR,0.5915012601406844,No,No,Eligible for dichotomous delayed-voiding analysis,No,"Use analyzed denominators 922 and 916, not randomized denominators",Table 2 / delayed urinary recovery,https://drive.google.com/file/d/1LXNXNhVJaOcYXBODulFUuMD4FQXC5dph/view?usp=drivesdk,SOURCE-VERIFIED / ATTRITION QC,V33-OD-0043,,,,,,,,,,,,,,,,INCLUDE,"Numerically extractable in its native endpoint/time/statistic; pooling still requires compatible stratum, comparator and independent-arm selection.",ROB2_RESULT_SPECIFIC_PENDING,Urinary recovery,TEAS,Sham,postoperative
Zhang 2023,ZHANG23_TEAS_vs_SHAM_POUR,TEAS,Sham/no current,Urinary recovery,Postoperative urinary retention,Postoperative,Events/total,975,973,922,916,,,,,,75,,,,,,104,participants,0.02,Yes,No,RR,0.7164608710161855,No,No,Eligible for dichotomous POUR analysis,No,Use analyzed denominators 922 and 916,Table 2 / POUR result,https://drive.google.com/file/d/1LXNXNhVJaOcYXBODulFUuMD4FQXC5dph/view?usp=drivesdk,SOURCE-VERIFIED / ATTRITION QC,V33-OD-0044,,,,,,,,,,,,,,,,INCLUDE,"Numerically extractable in its native endpoint/time/statistic; pooling still requires compatible stratum, comparator and independent-arm selection.",ROB2_RESULT_SPECIFIC_PENDING,Urinary recovery,TEAS,Sham,postoperative
Zhang 2023,ZHANG23_TEAS_vs_SHAM_MME48,TEAS,Sham/no current,Opioid consumption,Postoperative IV morphine-equivalent consumption,Within 48 h,Median/IQR,975,973,922,916,,,110,80,110,,,,110,90,110,,mg IV morphine-equivalent,NR,Yes,Yes,,,No,No,Potentially eligible for 48-h opioid analysis if median/IQR endpoints are prespecified,No,Authors converted opioids using ClinCalc; exact 24-h postoperative dose is not reported,Table 1 / postoperative opioid-equivalent result,https://drive.google.com/file/d/1LXNXNhVJaOcYXBODulFUuMD4FQXC5dph/view?usp=drivesdk,SOURCE-VERIFIED / 48H ONLY,V33-OD-0045,,,,,,,,,,,,,,,,NARRATIVE ONLY,Median and original dispersion preserved; no mean/SD conversion or MD pooling.,ROB2_RESULT_SPECIFIC_PENDING,Postoperative opioid dose (native window/unit),TEAS,Sham,within 48h
Zhang 2023,ZHANG23_TEAS_vs_SHAM_OPIOID24,TEAS,Sham/no current,Opioid consumption,Exact cumulative postoperative opioid dose,0-24 h,Not reported,975,973,922,916,,,,,,,,,,,,,mg IV morphine-equivalent,,No,No,,,No,No,Not eligible for strict continuous 24-h opioid meta-analysis,No,Only a postoperative 48-h opioid-equivalent endpoint is reported,Exact 24-h endpoint absent,https://drive.google.com/file/d/1LXNXNhVJaOcYXBODulFUuMD4FQXC5dph/view?usp=drivesdk,MISSING / NOT REPORTED,V33-OD-0046,,,,,,,,,,,,,,,,NOT REPORTED,Accessed source does not supply the requested numerical result.,ROB2_RESULT_SPECIFIC_PENDING,Postoperative opioid dose (native window/unit),TEAS,Sham,0-24h
Zhang 2014,ZHANG14_TEAS_vs_SHAM_RR,Preoperative TEAS,Sham/no current,Recovery,Recovery-room stay,Recovery-room discharge,Mean/SD,33,32,33,32,35.6,12.9,,,,,48.3,16.3,,,,,minutes,0.01,Yes,No,MD,-12.7,No,No,Eligible for recovery-time analysis,No,Abstract incorrectly states 72 randomized; detailed flowchart/tables show 65 randomized and analyzed,Primary outcome / recovery-room stay,https://drive.google.com/file/d/1lws1zFpIE-wbLY8X9ewYyTuIP-WySa-c/view?usp=drivesdk,SOURCE-VERIFIED,V33-OD-0047,,,,,,,,,,,,,,,,INCLUDE,"Numerically extractable in its native endpoint/time/statistic; pooling still requires compatible stratum, comparator and independent-arm selection.",EXISTING_RESULT_SPECIFIC: Some concerns,Functional recovery — PACU,TEAS,Sham,recovery-room discharge
Zhang 2014,ZHANG14_TEAS_vs_SHAM_REMI,Preoperative TEAS,Sham/no current,Intraoperative opioid,Remifentanil consumption rate,Intraoperative,Mean/SD,33,32,33,32,0.06,0.02,,,,,0.09,0.03,,,,,µg/kg/min,0.01,Yes,No,MD,-0.03,No,No,Eligible for intraoperative opioid-sparing analysis only,No,"Weight/time-normalized consumption, not absolute remifentanil dose",Table 2 / intraoperative remifentanil,https://drive.google.com/file/d/1lws1zFpIE-wbLY8X9ewYyTuIP-WySa-c/view?usp=drivesdk,SOURCE-VERIFIED,V33-OD-0048,,,,,,,,,,,,,,,,INCLUDE,"Numerically extractable in its native endpoint/time/statistic; pooling still requires compatible stratum, comparator and independent-arm selection.",ROB2_RESULT_SPECIFIC_PENDING,Intraoperative opioid,TEAS,Sham,intraoperative
Zhang 2014,ZHANG14_TEAS_vs_SHAM_NAUSEA,Preoperative TEAS,Sham/no current,PONV,Postoperative nausea,Postoperative,Events/total,33,32,33,32,,,,,,7,,,,,,15,participants,0.03,Yes,No,RR,0.4525252525252526,No,No,Eligible for dichotomous nausea analysis,No,No exact narrower time window reported in the extraction,Table 3 / postoperative side effects,https://drive.google.com/file/d/1lws1zFpIE-wbLY8X9ewYyTuIP-WySa-c/view?usp=drivesdk,SOURCE-VERIFIED,V33-OD-0049,,,,,,,,,,,,,,,,INCLUDE,"Numerically extractable in its native endpoint/time/statistic; pooling still requires compatible stratum, comparator and independent-arm selection.",ROB2_RESULT_SPECIFIC_PENDING,Nausea,TEAS,Sham,postoperative
Zhang 2014,ZHANG14_TEAS_vs_SHAM_VOMIT,Preoperative TEAS,Sham/no current,PONV,Postoperative vomiting,Postoperative,Events/total,33,32,33,32,,,,,,4,,,,,,11,participants,0.03,Yes,No,RR,0.3526170798898072,No,No,Eligible for dichotomous vomiting analysis,No,No exact narrower time window reported in the extraction,Table 3 / postoperative side effects,https://drive.google.com/file/d/1lws1zFpIE-wbLY8X9ewYyTuIP-WySa-c/view?usp=drivesdk,SOURCE-VERIFIED,V33-OD-0050,,,,,,,,,,,,,,,,INCLUDE,"Numerically extractable in its native endpoint/time/statistic; pooling still requires compatible stratum, comparator and independent-arm selection.",ROB2_RESULT_SPECIFIC_PENDING,Vomiting,TEAS,Sham,postoperative
Zhang 2014,ZHANG14_TEAS_vs_SHAM_OPIOID24,Preoperative TEAS,Sham/no current,Opioid consumption,Exact cumulative postoperative opioid dose,0-24 h,Not reported,33,32,33,32,,,,,,,,,,,,,mg/µg,,No,No,,,No,No,Not eligible for continuous 24-h postoperative opioid meta-analysis,No,Study reports intraoperative remifentanil rate but no exact postoperative opioid-consumption total,Postoperative analgesic section,https://drive.google.com/file/d/1lws1zFpIE-wbLY8X9ewYyTuIP-WySa-c/view?usp=drivesdk,MISSING / NOT REPORTED,V33-OD-0051,,,,,,,,,,,,,,,,NOT REPORTED,Accessed source does not supply the requested numerical result.,ROB2_RESULT_SPECIFIC_PENDING,Postoperative opioid dose (native window/unit),TEAS,Sham,0-24h
Yang 2024,YANG24_EA_vs_UC_MORPH24,Perioperative EA + usual care,Usual care,Opioid consumption,Morphine use via IV PCA,First 24 h / POD1,Mean/SD,90,90,90,90,43.7,4.7,,,,,44,4.9,,,,,mg morphine,0.733,Yes,No,MD,-0.2999999999999972,Yes,Yes,Primary continuous 24-h opioid outcome,No,All 180 randomized participants retained in ITT; open-label patients but objective PCA drug-use record,Table 3 / Morphine use on POD1,https://drive.google.com/file/d/160N3psd5tLEphwXHJzUEZ3uJfaIXcs5V/view?usp=drivesdk,SOURCE-VERIFIED,V33-OD-0052,,,,,,,,,,,,,,,,INCLUDE,Locked strict primary result; prespecified source adjudication and conversions retained.,EXISTING_LOCKED_PRIMARY: Some concerns,Postoperative opioid dose (native window/unit),EA,Usual care,cumulative 0–24 h (locked primary source adjudication)
Yang 2024,YANG24_EA_vs_UC_FLATUS,Perioperative EA + usual care,Usual care,GI recovery,Time to first flatus,Postoperative,Mean/SD,90,90,90,90,15.4,3.2,,,,,17,3.7,,,,,hours,0.004,Yes,No,MD,-1.6,No,No,Eligible for GI-recovery meta-analysis,No,Open-label participants; outcome assessor blinded,Table 2 / primary first-flatus outcome,https://drive.google.com/file/d/160N3psd5tLEphwXHJzUEZ3uJfaIXcs5V/view?usp=drivesdk,SOURCE-VERIFIED,V33-OD-0053,,,,,,,,,,,,,,,,INCLUDE,"Numerically extractable in its native endpoint/time/statistic; pooling still requires compatible stratum, comparator and independent-arm selection.",ROB2_RESULT_SPECIFIC_PENDING,GI — first flatus,EA,Usual care,postoperative
Yang 2024,YANG24_EA_vs_UC_DEFEC,Perioperative EA + usual care,Usual care,GI recovery,Time to first defecation,Postoperative,Mean/SD,90,90,90,90,75.9,7.9,,,,,79.7,8.1,,,,,hours,0.002,Yes,No,MD,-3.799999999999997,No,No,Eligible for GI-recovery meta-analysis,No,Open-label participants; outcome assessor blinded,Table 2 / primary first-defecation outcome,https://drive.google.com/file/d/160N3psd5tLEphwXHJzUEZ3uJfaIXcs5V/view?usp=drivesdk,SOURCE-VERIFIED,V33-OD-0054,,,,,,,,,,,,,,,,INCLUDE,"Numerically extractable in its native endpoint/time/statistic; pooling still requires compatible stratum, comparator and independent-arm selection.",ROB2_RESULT_SPECIFIC_PENDING,GI — first defecation,EA,Usual care,postoperative
Yang 2024,YANG24_EA_vs_UC_VOMIT,Perioperative EA + usual care,Usual care,PONV,Postoperative vomiting,0-24 h after surgery,Events/total,90,90,90,90,,,,,,12,,,,,,25,participants,0.016,Yes,No,RR,0.48,No,No,Eligible for dichotomous vomiting analysis at matching follow-up,No,No sham acupuncture; patient knowledge could affect subjective nausea but vomiting is more objective,Secondary outcomes / PONV,https://drive.google.com/file/d/160N3psd5tLEphwXHJzUEZ3uJfaIXcs5V/view?usp=drivesdk,SOURCE-VERIFIED,V33-OD-0055,,,,,,,,,,,,,,,,INCLUDE,"Numerically extractable in its native endpoint/time/statistic; pooling still requires compatible stratum, comparator and independent-arm selection.",ROB2_RESULT_SPECIFIC_PENDING,Vomiting,EA,Usual care,0-24h
Xiong 2021,XIONG21_TEAS_vs_CTRL_PONV48,TEAS + dexamethasone + tropisetron,Dexamethasone + tropisetron,PONV,Any PONV,Within 48 h,Events/total,31,31,31,31,,,,,,13,,,,,,24,participants,0.004,Yes,No,RR,0.5416666666666667,No,No,Eligible for dichotomous 48-h PONV analysis,No,Participant blinding intended but active postoperative tingling may have revealed allocation,Abstract / 48-h PONV result,https://drive.google.com/file/d/1sNaquYeWpsts7_e3XYP9c0CwM-tbQS6T/view?usp=drivesdk,SOURCE-VERIFIED,V33-OD-0056,,,,,,,,,,,,,,,,INCLUDE,"Numerically extractable in its native endpoint/time/statistic; pooling still requires compatible stratum, comparator and independent-arm selection.",EXISTING_RESULT_SPECIFIC: Some concerns,PONV composite,TEAS,CONTROL_TYPE_REVIEW_REQUIRED,within 48h
Xiong 2021,XIONG21_TEAS_vs_CTRL_CIPONV,TEAS + dexamethasone + tropisetron,Dexamethasone + tropisetron,PONV,Clinically important PONV,Within 48 h,Events/total,31,31,31,31,,,,,,5,,,,,,15,participants,0.007,Yes,No,RR,0.3333333333333333,No,No,Eligible for dichotomous clinically-important PONV analysis,No,Patient-reported symptom severity; sensory blinding may be imperfect,Abstract / clinically important PONV,https://drive.google.com/file/d/1sNaquYeWpsts7_e3XYP9c0CwM-tbQS6T/view?usp=drivesdk,SOURCE-VERIFIED,V33-OD-0057,,,,,,,,,,,,,,,,INCLUDE,"Numerically extractable in its native endpoint/time/statistic; pooling still requires compatible stratum, comparator and independent-arm selection.",ROB2_RESULT_SPECIFIC_PENDING,PONV composite,TEAS,CONTROL_TYPE_REVIEW_REQUIRED,within 48h
Xiong 2021,XIONG21_TEAS_vs_CTRL_RESCUEAE,TEAS + dexamethasone + tropisetron,Dexamethasone + tropisetron,Rescue antiemetic,Any rescue antiemetic medication,Within 48 h,Events/total,31,31,31,31,,,,,,9,,,,,,18,participants,0.021,Percentages directly reported; counts exactly reconstructed from 29.0% and 58.1%,Yes,RR,0.5,No,No,Eligible for dichotomous rescue-antiemetic analysis,No,Counts reconstructed exactly from group denominator 31,Abstract / rescue antiemetic result,https://drive.google.com/file/d/1sNaquYeWpsts7_e3XYP9c0CwM-tbQS6T/view?usp=drivesdk,SOURCE-VERIFIED / COUNTS DERIVED,V33-OD-0058,,,,,,,,,,,,,,,,INCLUDE,"Numerically extractable in its native endpoint/time/statistic; pooling still requires compatible stratum, comparator and independent-arm selection.",ROB2_RESULT_SPECIFIC_PENDING,Rescue antiemetic,TEAS,CONTROL_TYPE_REVIEW_REQUIRED,within 48h
Xiong 2021,XIONG21_TEAS_vs_CTRL_POSTOPMME,TEAS + dexamethasone + tropisetron,Dexamethasone + tropisetron,Opioid consumption,Postoperative opioid consumption,Postoperative window unclear,Mean/SD,31,31,31,31,0.6,0.2,,,,,0.6,0.1,,,,,mg morphine-equivalent/kg,0.908,Yes,Yes,MD,0,No,No,Not eligible for strict 0-24-h opioid meta-analysis until time window is clarified,No,Exact postoperative interval is not stated; route terminology in Results is internally inconsistent,Table 1 / postoperative opioid consumption,https://drive.google.com/file/d/1sNaquYeWpsts7_e3XYP9c0CwM-tbQS6T/view?usp=drivesdk,SOURCE-VERIFIED / WINDOW QC,V33-OD-0059,,,,,,,,,,,,,,,,HOLD,"Unresolved source statistic, denominator or timepoint.",ROB2_RESULT_SPECIFIC_PENDING,Postoperative opioid dose (native window/unit),TEAS,CONTROL_TYPE_REVIEW_REQUIRED,AMBIGUOUS
Xiong 2021,XIONG21_TEAS_vs_CTRL_OPIOID24,TEAS + dexamethasone + tropisetron,Dexamethasone + tropisetron,Opioid consumption,Exact cumulative postoperative opioid dose,0-24 h,Not reported,31,31,31,31,,,,,,,,,,,,,mg morphine-equivalent/kg,,No,No,,,No,No,Not eligible for continuous 24-h opioid meta-analysis,No,Published opioid-equivalent result lacks a fixed time window,Exact 24-h endpoint absent,https://drive.google.com/file/d/1sNaquYeWpsts7_e3XYP9c0CwM-tbQS6T/view?usp=drivesdk,MISSING / WINDOW NOT REPORTED,V33-OD-0060,,,,,,,,,,,,,,,,NOT REPORTED,Accessed source does not supply the requested numerical result.,ROB2_RESULT_SPECIFIC_PENDING,Postoperative opioid dose (native window/unit),TEAS,CONTROL_TYPE_REVIEW_REQUIRED,0-24h
Xing 2022,XING22_NTG_vs_NG_REMI,TEAS + active TAPB,Sham TEAS + active TAPB,Intraoperative opioid,Total remifentanil consumption,Intraoperative,Mean/SD,30,30,29,29,1182.61,253.61,,,,,1415.41,295.67,,,,,µg remifentanil,<0.05 pairwise,Yes,No,MD,-232.8000000000002,No,No,Eligible for incremental TEAS intraoperative opioid-sparing analysis,Yes,Direct TEAS contrast is NTG vs NG; do not attribute NTG-vs-G combined package entirely to TEAS,"Table 3, p10",https://drive.google.com/file/d/1h3IGpQ56nSh7H16xBEVyTzCBkWOXRSxK/view?usp=drivesdk,SOURCE-VERIFIED,V33-OD-0061,,,,,,,,,,,,,,,,INCLUDE,"Numerically extractable in its native endpoint/time/statistic; pooling still requires compatible stratum, comparator and independent-arm selection.",ROB2_RESULT_SPECIFIC_PENDING,Intraoperative opioid,TEAS,Sham,intraoperative
Xing 2022,XING22_NTG_vs_NG_FLATUS,TEAS + active TAPB,Sham TEAS + active TAPB,GI recovery,Time to first flatus,Postoperative,Mean/SD,30,30,29,29,32.57,6.94,,,,,36.83,6.19,,,,,hours,<0.05 pairwise,Yes,No,MD,-4.259999999999998,No,No,Eligible for GI-recovery analysis,Yes,Three-arm study; use NTG vs NG for incremental TEAS effect,Postoperative recovery results,https://drive.google.com/file/d/1h3IGpQ56nSh7H16xBEVyTzCBkWOXRSxK/view?usp=drivesdk,SOURCE-VERIFIED,V33-OD-0062,,,,,,,,,,,,,,,,INCLUDE,"Numerically extractable in its native endpoint/time/statistic; pooling still requires compatible stratum, comparator and independent-arm selection.",ROB2_RESULT_SPECIFIC_PENDING,GI — first flatus,TEAS,Sham,postoperative
Xing 2022,XING22_NTG_vs_NG_PONV,TEAS + active TAPB,Sham TEAS + active TAPB,PONV,PONV incidence,Postoperative,Events/total,30,30,29,29,,,,,,5,,,,,,11,participants,<0.05 pairwise,Percentages reported; counts exactly reconstructed from 17.24% and 37.93%,Yes,RR,0.4545454545454546,No,No,Eligible for dichotomous PONV analysis,Yes,Counts reconstructed from n=29 analyzed per arm,Postoperative complications,https://drive.google.com/file/d/1h3IGpQ56nSh7H16xBEVyTzCBkWOXRSxK/view?usp=drivesdk,SOURCE-VERIFIED / COUNTS DERIVED,V33-OD-0063,,,,,,,,,,,,,,,,INCLUDE,"Numerically extractable in its native endpoint/time/statistic; pooling still requires compatible stratum, comparator and independent-arm selection.",ROB2_RESULT_SPECIFIC_PENDING,PONV composite,TEAS,Sham,postoperative
Xing 2022,XING22_NTG_vs_NG_RESTVAS24,TEAS + active TAPB,Sham TEAS + active TAPB,Pain,Rest pain VAS,24 h,Mean/SD,30,30,29,29,1.18,0.42,,,,,1.4,0.52,,,,,VAS 0-10,NS for NTG vs NG at 24 h,Yes,No,MD,-0.22,No,No,Eligible for 24-h pain analysis,Yes,"At 24 h both TAPB groups improved versus G, but incremental NTG-vs-NG difference was not reported significant",24-h pain result,https://drive.google.com/file/d/1h3IGpQ56nSh7H16xBEVyTzCBkWOXRSxK/view?usp=drivesdk,SOURCE-VERIFIED,V33-OD-0064,,,,,,,,,,,,,,,,INCLUDE,"Numerically extractable in its native endpoint/time/statistic; pooling still requires compatible stratum, comparator and independent-arm selection.",ROB2_RESULT_SPECIFIC_PENDING,Pain — rest,TEAS,Sham,24 h point
Xing 2022,XING22_NTG_vs_NG_PRESS,TEAS + active TAPB,Sham TEAS + active TAPB,Opioid demand,PCIA pump press count,48-h / 2-day PCIA period,Mean/SD,30,30,29,29,6.55,3.19,,,,,9.97,3.8,,,,,presses,<0.05 pairwise,Yes,No,MD,-3.420000000000001,No,No,"Eligible only as PCA-demand outcome, not exact opioid consumption",Yes,Press attempts may not equal successful delivered boluses; do not multiply by 1 µg,Table 3 / PCIA press count,https://drive.google.com/file/d/1h3IGpQ56nSh7H16xBEVyTzCBkWOXRSxK/view?usp=drivesdk,SOURCE-VERIFIED / DOSE NOT RECONSTRUCTABLE,V33-OD-0065,,,,,,,,,,,,,,,,INCLUDE,"Numerically extractable in its native endpoint/time/statistic; pooling still requires compatible stratum, comparator and independent-arm selection.",ROB2_RESULT_SPECIFIC_PENDING,PCA/PCIA button presses,TEAS,Sham,48-h / 2-day pcia period
Xing 2022,XING22_NTG_vs_NG_OPIOID24,TEAS + active TAPB,Sham TEAS + active TAPB,Opioid consumption,Exact cumulative postoperative sufentanil delivered,0-24 h,Not reported,30,30,29,29,,,,,,,,,,,,,µg sufentanil,,No,No,,,No,No,Not eligible for continuous 24-h opioid meta-analysis without author data,Yes,PCIA wording is internally contradictory and only press counts are reported,Exact 24-h endpoint absent,https://drive.google.com/file/d/1h3IGpQ56nSh7H16xBEVyTzCBkWOXRSxK/view?usp=drivesdk,MISSING / AUTHOR DATA NEEDED,V33-OD-0066,,,,,,,,,,,,,,,,NOT REPORTED,Accessed source does not supply the requested numerical result.,ROB2_RESULT_SPECIFIC_PENDING,Postoperative opioid dose (native window/unit),TEAS,Sham,0-24h
Xie 2014,XIE14_EAS_vs_SHAM_TOTALSUF,Active EAS PC4/PC6,Sham needling PC4/PC6,Opioid consumption,Total postoperative/perioperative sufentanil,Study PCA period; exact fixed window unclear,Mean/SD,20,20,20,20,115,6,,,,,133,7,,,,,µg sufentanil,<0.05,Yes,No,MD,-18,No,No,Potentially usable only for non-24-h opioid analysis after time-window adjudication,Yes,Infusion described through POD3; Discussion mentions lower use through 48 h; Table 2 does not define fixed window,Table 2 / total sufentanil,https://drive.google.com/file/d/17faY_h0rMJTuhjPOC5PL_S59jYmHDPee/view?usp=drivesdk,SOURCE-VERIFIED / WINDOW QC,V33-OD-0067,,,,,,,,,,,,,,,,HOLD,"Unresolved source statistic, denominator or timepoint.",EXISTING_RESULT_SPECIFIC: Some concerns,Postoperative opioid dose (native window/unit),MODALITY_REVIEW_REQUIRED,Sham,AMBIGUOUS
Xie 2014,XIE14_EAS_vs_CONTROL_TOTALSUF,Active EAS PC4/PC6,General-anesthesia control,Opioid consumption,Total postoperative/perioperative sufentanil,Study PCA period; exact fixed window unclear,Mean/SD,20,20,20,20,115,6,,,,,134,5.9,,,,,µg sufentanil,<0.05,Yes,No,MD,-19,No,No,Potentially usable only for non-24-h opioid analysis after time-window adjudication,Yes,Three-arm shared-intervention structure; exact fixed observation window not established,Table 2 / total sufentanil,https://drive.google.com/file/d/17faY_h0rMJTuhjPOC5PL_S59jYmHDPee/view?usp=drivesdk,SOURCE-VERIFIED / WINDOW QC,V33-OD-0068,,,,,,,,,,,,,,,,HOLD,"Unresolved source statistic, denominator or timepoint.",EXISTING_RESULT_SPECIFIC: Some concerns,Postoperative opioid dose (native window/unit),MODALITY_REVIEW_REQUIRED,CONTROL_TYPE_REVIEW_REQUIRED,AMBIGUOUS
Xie 2014,XIE14_EAS_vs_SHAM_PCADEMAND,Active EAS PC4/PC6,Sham needling PC4/PC6,Opioid demand,Patient-controlled analgesia demand count,Study PCA period,Mean/SD,20,20,20,20,16,3,,,,,43,3,,,,,demands,<0.05,Yes,No,MD,-27,No,No,Eligible as analgesic-demand outcome only,Yes,Demand count should not be converted into delivered sufentanil without confirmation,Table 2 / patient demand,https://drive.google.com/file/d/17faY_h0rMJTuhjPOC5PL_S59jYmHDPee/view?usp=drivesdk,SOURCE-VERIFIED / DOSE NOT RECONSTRUCTABLE,V33-OD-0069,,,,,,,,,,,,,,,,INCLUDE,"Numerically extractable in its native endpoint/time/statistic; pooling still requires compatible stratum, comparator and independent-arm selection.",ROB2_RESULT_SPECIFIC_PENDING,Postoperative opioid dose (native window/unit),MODALITY_REVIEW_REQUIRED,Sham,study pca period
Xie 2014,XIE14_EAS_vs_SHAM_OPIOID24,Active EAS PC4/PC6,Sham needling PC4/PC6,Opioid consumption,Exact cumulative postoperative sufentanil,0-24 h,Not reported,20,20,20,20,,,,,,,,,,,,,µg sufentanil,,No,No,,,No,No,Not eligible for strict continuous 24-h opioid meta-analysis,Yes,Directly reported total cannot be assigned to a fixed 24-h window,Exact 24-h endpoint absent,https://drive.google.com/file/d/17faY_h0rMJTuhjPOC5PL_S59jYmHDPee/view?usp=drivesdk,MISSING / TIME WINDOW UNRESOLVED,V33-OD-0070,,,,,,,,,,,,,,,,NOT REPORTED,Accessed source does not supply the requested numerical result.,ROB2_RESULT_SPECIFIC_PENDING,Postoperative opioid dose (native window/unit),MODALITY_REVIEW_REQUIRED,Sham,0-24h
Wu 2022,WU22_PTEAS_vs_CTRL_PAINPOD1,Perioperative pTEAS,No-current control,Pain,VAS pain intensity,POD1,Mean/SD,45,45,44,40,1.77,0.91,,,,,2.25,0.71,,,,,VAS 0-10,0.009,Yes,No,MD,-0.48,No,No,Eligible for POD1 pain analysis,No,Asymmetric post-randomization exclusions: 1/45 pTEAS vs 5/45 control; participant sensory blinding not convincing,Table 3 / POD1 pain,https://drive.google.com/file/d/1XR_8qmeHR7ulwV7NaaI0CeYbpwKdc_ym/view?usp=drivesdk,SOURCE-VERIFIED / ATTRITION QC,V33-OD-0071,,,,,,,,,,,,,,,,INCLUDE,"Numerically extractable in its native endpoint/time/statistic; pooling still requires compatible stratum, comparator and independent-arm selection.",EXISTING_RESULT_SPECIFIC: High,Pain — unspecified context,TEAS,Sham,pod1
Wu 2022,WU22_PTEAS_vs_CTRL_REMI,Perioperative pTEAS,No-current control,Intraoperative opioid,Cumulative remifentanil,Intraoperative,Mean/SD,45,45,44,40,1383,494,,,,,1637,630,,,,,µg remifentanil,0.042,Yes,No,MD,-254,No,No,Eligible for intraoperative opioid-sparing analysis,No,Complete-case analysis with asymmetric attrition,Table 2 / cumulative remifentanil,https://drive.google.com/file/d/1XR_8qmeHR7ulwV7NaaI0CeYbpwKdc_ym/view?usp=drivesdk,SOURCE-VERIFIED,V33-OD-0072,,,,,,,,,,,,,,,,INCLUDE,"Numerically extractable in its native endpoint/time/statistic; pooling still requires compatible stratum, comparator and independent-arm selection.",ROB2_RESULT_SPECIFIC_PENDING,Intraoperative opioid,TEAS,Sham,intraoperative
Wu 2022,WU22_PTEAS_vs_CTRL_REMIINDEX,Perioperative pTEAS,No-current control,Intraoperative opioid,Remifentanil dose index,Intraoperative,Mean/SD,45,45,44,40,0.084,0.018,,,,,0.114,0.09,,,,,µg/min/kg,0.045,Yes,No,MD,-0.03,No,No,Eligible for intraoperative dose-index analysis,No,Preserve source units as reported,Table 2 / remifentanil index,https://drive.google.com/file/d/1XR_8qmeHR7ulwV7NaaI0CeYbpwKdc_ym/view?usp=drivesdk,SOURCE-VERIFIED,V33-OD-0073,,,,,,,,,,,,,,,,INCLUDE,"Numerically extractable in its native endpoint/time/statistic; pooling still requires compatible stratum, comparator and independent-arm selection.",ROB2_RESULT_SPECIFIC_PENDING,Intraoperative opioid,TEAS,Sham,intraoperative
Wu 2022,WU22_PTEAS_vs_CTRL_OPIOID24,Perioperative pTEAS,No-current control,Opioid consumption,Exact cumulative postoperative opioid consumption,0-24 h,Not reported,45,45,44,40,,,,,,,,,,,,,mg/µg,,No,No,,,No,No,Not eligible for continuous 24-h postoperative opioid meta-analysis,No,"Standard end-of-surgery tramadol/fentanyl are reported, but no randomized group-specific 0-24-h opioid total is provided",Postoperative analgesia section,https://drive.google.com/file/d/1XR_8qmeHR7ulwV7NaaI0CeYbpwKdc_ym/view?usp=drivesdk,MISSING / NOT REPORTED,V33-OD-0074,,,,,,,,,,,,,,,,NOT REPORTED,Accessed source does not supply the requested numerical result.,ROB2_RESULT_SPECIFIC_PENDING,Postoperative opioid dose (native window/unit),TEAS,Sham,0-24h
Wu 2025,WU25_TEAS_vs_SHAM_VAS24,PACU TEAS,Sham/no current,Pain,VAS pain intensity,24 h,Mean/SD,50,50,50,50,1.7,0.9,,,,,4,1.4,,,,,VAS 0-10,<0.001,Yes,No,MD,-2.3,No,No,Eligible for 24-h pain meta-analysis,No,"Three patients could not be contacted at 24 h, yet all 100 were included in ITT; imputation/handling method is not explained",Table 2 / primary 24-h VAS,https://drive.google.com/file/d/1ZV6JFjevGSPqnISdX61KPdcC_yEtq3vf/view?usp=drivesdk,SOURCE-VERIFIED / MISSING-DATA METHOD QC,V33-OD-0075,,,,,,,,,,,,,,,,INCLUDE,"Numerically extractable in its native endpoint/time/statistic; pooling still requires compatible stratum, comparator and independent-arm selection.",EXISTING_RESULT_SPECIFIC: High,Pain — unspecified context,TEAS,Sham,24 h point
Wu 2025,WU25_TEAS_vs_SHAM_MODPAIN12,PACU TEAS,Sham/no current,Pain,Moderate-to-severe pain (VAS >4),Within 12 h,Events/total,50,50,50,50,,,,,,6,,,,,,37,participants,<0.001,Yes,No,RR,0.1621621621621622,No,No,Eligible for dichotomous early postoperative pain analysis,No,Very large subjective effect; interpret with incomplete sensory blinding,Moderate-to-severe pain outcome,https://drive.google.com/file/d/1ZV6JFjevGSPqnISdX61KPdcC_yEtq3vf/view?usp=drivesdk,SOURCE-VERIFIED,V33-OD-0076,,,,,,,,,,,,,,,,INCLUDE,"Numerically extractable in its native endpoint/time/statistic; pooling still requires compatible stratum, comparator and independent-arm selection.",ROB2_RESULT_SPECIFIC_PENDING,Pain — unspecified context,TEAS,Sham,within 12h
Wu 2025,WU25_TEAS_vs_SHAM_INTRAOPSUF,PACU TEAS,Sham/no current,Intraoperative opioid,Sufentanil consumption,Intraoperative,Mean/SD,50,50,50,50,24.2,9.5,,,,,24.3,10.9,,,,,µg sufentanil,0.953,Yes,No,MD,-0.1000000000000014,No,No,Eligible for intraoperative opioid analysis,No,No intraoperative opioid-sparing effect,Table 1 / sufentanil,https://drive.google.com/file/d/1ZV6JFjevGSPqnISdX61KPdcC_yEtq3vf/view?usp=drivesdk,SOURCE-VERIFIED,V33-OD-0077,,,,,,,,,,,,,,,,EXCLUDE,Intraoperative dose precedes PACU randomization/intervention; baseline covariate.,ROB2_RESULT_SPECIFIC_PENDING,Intraoperative opioid,TEAS,Sham,intraoperative
Wu 2025,WU25_TEAS_vs_SHAM_INTRAOPREMI,PACU TEAS,Sham/no current,Intraoperative opioid,Remifentanil consumption,Intraoperative,Mean/SD,50,50,50,50,489.4,226,,,,,533.8,263.6,,,,,µg remifentanil,0.368,Yes,No,MD,-44.39999999999998,No,No,Eligible for intraoperative opioid analysis,No,No significant intraoperative opioid-sparing effect,Table 1 / remifentanil,https://drive.google.com/file/d/1ZV6JFjevGSPqnISdX61KPdcC_yEtq3vf/view?usp=drivesdk,SOURCE-VERIFIED,V33-OD-0078,,,,,,,,,,,,,,,,EXCLUDE,Intraoperative dose precedes PACU randomization/intervention; baseline covariate.,ROB2_RESULT_SPECIFIC_PENDING,Intraoperative opioid,TEAS,Sham,intraoperative
Wu 2025,WU25_TEAS_vs_SHAM_OPIOID24,PACU TEAS,Sham/no current,Opioid consumption,Exact postoperative opioid/MME consumption,0-24 h,Not calculable,50,50,50,50,,,,,,,,,,,,,MME,,No,No,,,No,No,Not eligible for continuous 24-h opioid meta-analysis,No,Oxycodone/acetaminophen rescue strength is not reported; rescue regimen is mixed opioid/non-opioid,Postoperative rescue-analgesia section,https://drive.google.com/file/d/1ZV6JFjevGSPqnISdX61KPdcC_yEtq3vf/view?usp=drivesdk,MISSING / MME NOT CALCULABLE,V33-OD-0079,,,,,,,,,,,,,,,,HOLD,Nonstandard or incomplete statistic; no inferred quantities.,ROB2_RESULT_SPECIFIC_PENDING,Postoperative opioid dose (native window/unit),TEAS,Sham,0-24h
Wang 2023,WANG23_TEAS_vs_SHAM_SLEEPD1,Nighttime TEAS,Sham/no current,Sleep quality,PSQI and AIS postoperative sleep quality,POD1,Graph-only continuous data,43,45,40,43,,,,,,,,,,,,,PSQI/AIS points,<0.05 between groups,No,No,,,No,No,Not ready for continuous meta-analysis without formal graph digitization or author data,No,Exact POD1 means/SDs are figure-only; do not use fabricated exact AIS/PSQI values,"Figure 3, p8",https://drive.google.com/file/d/177A4aH42GD90DhsvvtD-VOBSChBBpIWL/view?usp=drivesdk,FIGURE ONLY / DIGITIZATION NEEDED,V33-OD-0080,,,,,,,,,,,,,,,,GRAPH ONLY,No new graph digitization; historical digitized data require their original validation before pooling.,ROB2_RESULT_SPECIFIC_PENDING,Sleep quality,TEAS,Sham,pod1
Wang 2023,WANG23_TEAS_vs_SHAM_RESCUEDOSE,Nighttime TEAS,Sham/no current,Rescue analgesia,Cumulative number of additional rescue-analgesia doses,0-72 h,Mean/SD,43,45,40,43,0.53,0.55,,,,,0.98,0.96,,,,,rescue doses,0.011,Yes,No,MD,-0.45,No,No,Eligible as rescue-analgesia frequency outcome only,No,"Rescue drug, dose, route and opioid/non-opioid identity are not specified in the main article",Table 2 / rescue analgesia,https://drive.google.com/file/d/177A4aH42GD90DhsvvtD-VOBSChBBpIWL/view?usp=drivesdk,SOURCE-VERIFIED / DRUG IDENTITY MISSING,V33-OD-0081,,,,,,,,,,,,,,,,INCLUDE,"Numerically extractable in its native endpoint/time/statistic; pooling still requires compatible stratum, comparator and independent-arm selection.",ROB2_RESULT_SPECIFIC_PENDING,Rescue analgesia — drug class unresolved,TEAS,Sham,0-72h
Wang 2023,WANG23_TEAS_vs_SHAM_FLATUS,Nighttime TEAS,Sham/no current,GI recovery,Time to first flatus,Postoperative,Mean/SD,43,45,40,43,54.57,16.62,,,,,60.7,19.1,,,,,hours,0.124,Yes,No,MD,-6.130000000000003,No,No,Eligible for GI-recovery analysis,No,5/88 randomized participants excluded for protocol breaches; no full ITT,Table 1 / postoperative first flatus,https://drive.google.com/file/d/177A4aH42GD90DhsvvtD-VOBSChBBpIWL/view?usp=drivesdk,SOURCE-VERIFIED / ATTRITION QC,V33-OD-0082,,,,,,,,,,,,,,,,INCLUDE,"Numerically extractable in its native endpoint/time/statistic; pooling still requires compatible stratum, comparator and independent-arm selection.",ROB2_RESULT_SPECIFIC_PENDING,GI — first flatus,TEAS,Sham,postoperative
Wang 2023,WANG23_TEAS_vs_SHAM_PAIN24,Nighttime TEAS,Sham/no current,Pain,Activity pain VAS,24 h,Graph-only mean/SD,43,45,40,43,,,,,,,,,,,,,VAS 0-10,<0.05,No,No,,,No,No,Not ready for quantitative pooling without formal digitization or author data,No,Exact 24-h activity VAS values are only shown graphically; stored derivative exact values were fabricated,"Figure 4, p8",https://drive.google.com/file/d/177A4aH42GD90DhsvvtD-VOBSChBBpIWL/view?usp=drivesdk,FIGURE ONLY / DIGITIZATION NEEDED,V33-OD-0083,,,,,,,,,,,,,,,,GRAPH ONLY,No new graph digitization; historical digitized data require their original validation before pooling.,ROB2_RESULT_SPECIFIC_PENDING,Pain — movement/activity,TEAS,Sham,24 h point
Wang 2023,WANG23_TEAS_vs_SHAM_OPIOID24,Nighttime TEAS,Sham/no current,Opioid consumption,Exact cumulative postoperative opioid dose,0-24 h,Not reported,43,45,40,43,,,,,,,,,,,,,mg/µg,,No,No,,,No,No,Not eligible for continuous 24-h opioid meta-analysis,No,Only rescue-dose counts are reported and the rescue drug is not identified,Postoperative analgesia outcomes,https://drive.google.com/file/d/177A4aH42GD90DhsvvtD-VOBSChBBpIWL/view?usp=drivesdk,MISSING / DRUG IDENTITY NOT REPORTED,V33-OD-0084,,,,,,,,,,,,,,,,NOT REPORTED,Accessed source does not supply the requested numerical result.,ROB2_RESULT_SPECIFIC_PENDING,Postoperative opioid dose (native window/unit),TEAS,Sham,0-24h
Wang 2024,WANG24_SNVP_ODT_vs_OD_PONV6_12,SNVP: ondansetron+dexamethasone+TEAS,SNVP: ondansetron+dexamethasone,PONV,PONV incidence,6-12 h,Events/total,35,35,33,35,,,,,,7,,,,,,16,participants,0.033,Yes,No,RR,0.4640151515151515,No,No,Eligible for stratum-specific dichotomous PONV analysis,No,Do not pool across SNVP/MNVP as if strata were randomized; 2 ODT patients excluded after randomization due postoperative fever,Table 3 / SNVP randomized contrast,https://drive.google.com/file/d/1U8tkq6mKFO0IkA2glfgLjN4Krwku3FZn/view?usp=drivesdk,SOURCE-VERIFIED / STRATIFIED RCT,V33-OD-0085,,,,,,,,,,,,,,,,INCLUDE,"Numerically extractable in its native endpoint/time/statistic; pooling still requires compatible stratum, comparator and independent-arm selection.",EXISTING_RESULT_SPECIFIC: High,PONV composite,TEAS,CONTROL_TYPE_REVIEW_REQUIRED,6-12h
Wang 2024,WANG24_SNVP_ODT_vs_OD_PONV12_24,SNVP: ondansetron+dexamethasone+TEAS,SNVP: ondansetron+dexamethasone,PONV,PONV incidence,12-24 h,Events/total,35,35,33,35,,,,,,2,,,,,,11,participants,0.008,Yes,No,RR,0.1928374655647383,No,No,Eligible for stratum-specific dichotomous PONV analysis,No,Two post-randomization ODT exclusions; marked surgical-procedure imbalance (radical mastectomy + axillary dissection 36.4% vs 71.4%),Table 3 / SNVP randomized contrast,https://drive.google.com/file/d/1U8tkq6mKFO0IkA2glfgLjN4Krwku3FZn/view?usp=drivesdk,SOURCE-VERIFIED / STRATIFIED RCT / ATTRITION QC,V33-OD-0086,,,,,,,,,,,,,,,,INCLUDE,"Numerically extractable in its native endpoint/time/statistic; pooling still requires compatible stratum, comparator and independent-arm selection.",EXISTING_RESULT_SPECIFIC: High,PONV composite,TEAS,CONTROL_TYPE_REVIEW_REQUIRED,12-24h
Wang 2024,WANG24_SNVP_ODT_vs_OD_TOTALPONV,SNVP: ondansetron+dexamethasone+TEAS,SNVP: ondansetron+dexamethasone,PONV,Any PONV over reported follow-up,0-36 h,Events/total,35,35,33,35,,,,,,14,,,,,,20,participants,0.225,Yes,No,RR,0.7424242424242424,No,No,Eligible for stratum-specific total-PONV analysis,No,No significant overall treatment effect despite time-specific benefits,Table 3 / total PONV,https://drive.google.com/file/d/1U8tkq6mKFO0IkA2glfgLjN4Krwku3FZn/view?usp=drivesdk,SOURCE-VERIFIED / STRATIFIED RCT,V33-OD-0087,,,,,,,,,,,,,,,,INCLUDE,"Numerically extractable in its native endpoint/time/statistic; pooling still requires compatible stratum, comparator and independent-arm selection.",ROB2_RESULT_SPECIFIC_PENDING,PONV composite,TEAS,CONTROL_TYPE_REVIEW_REQUIRED,0-36h
Wang 2024,WANG24_MNVP_ODT_vs_OD_PONV0_2,MNVP: ondansetron+dexamethasone+TEAS,MNVP: ondansetron+dexamethasone,PONV,PONV incidence,0-2 h,Events/total,35,35,35,35,,,,,,2,,,,,,9,participants,0.022,Yes,No,RR,0.2222222222222222,No,No,Eligible for stratum-specific dichotomous PONV analysis,No,Keep separate from SNVP; MNVP-ODT had more segmental mastectomy + axillary dissection (20.0% vs 2.9%),Table 3 / MNVP randomized contrast,https://drive.google.com/file/d/1U8tkq6mKFO0IkA2glfgLjN4Krwku3FZn/view?usp=drivesdk,SOURCE-VERIFIED / STRATIFIED RCT,V33-OD-0088,,,,,,,,,,,,,,,,INCLUDE,"Numerically extractable in its native endpoint/time/statistic; pooling still requires compatible stratum, comparator and independent-arm selection.",EXISTING_RESULT_SPECIFIC: High,PONV composite,TEAS,CONTROL_TYPE_REVIEW_REQUIRED,0-2h
Wang 2024,WANG24_MNVP_ODT_vs_OD_PONV2_6,MNVP: ondansetron+dexamethasone+TEAS,MNVP: ondansetron+dexamethasone,PONV,PONV incidence,2-6 h,Events/total,35,35,35,35,,,,,,2,,,,,,8,participants,0.040,Yes,No,RR,0.25,No,No,Eligible for stratum-specific dichotomous PONV analysis,No,Keep separate from SNVP risk stratum,Table 3 / MNVP randomized contrast,https://drive.google.com/file/d/1U8tkq6mKFO0IkA2glfgLjN4Krwku3FZn/view?usp=drivesdk,SOURCE-VERIFIED / STRATIFIED RCT,V33-OD-0089,,,,,,,,,,,,,,,,INCLUDE,"Numerically extractable in its native endpoint/time/statistic; pooling still requires compatible stratum, comparator and independent-arm selection.",EXISTING_RESULT_SPECIFIC: High,PONV composite,TEAS,CONTROL_TYPE_REVIEW_REQUIRED,2-6h
Wang 2024,WANG24_MNVP_ODT_vs_OD_TOTALPONV,MNVP: ondansetron+dexamethasone+TEAS,MNVP: ondansetron+dexamethasone,PONV,Any PONV over reported follow-up,0-36 h,Events/total,35,35,35,35,,,,,,5,,,,,,10,participants,0.145,Yes,No,RR,0.5,No,No,Eligible for stratum-specific total-PONV analysis,No,No significant overall treatment effect despite early time-specific benefit,Table 3 / total PONV,https://drive.google.com/file/d/1U8tkq6mKFO0IkA2glfgLjN4Krwku3FZn/view?usp=drivesdk,SOURCE-VERIFIED / STRATIFIED RCT,V33-OD-0090,,,,,,,,,,,,,,,,INCLUDE,"Numerically extractable in its native endpoint/time/statistic; pooling still requires compatible stratum, comparator and independent-arm selection.",ROB2_RESULT_SPECIFIC_PENDING,PONV composite,TEAS,CONTROL_TYPE_REVIEW_REQUIRED,0-36h
Wang 2024,WANG24_SNVP_ODT_vs_OD_INTRAOPSUF,SNVP: ondansetron+dexamethasone+TEAS,SNVP: ondansetron+dexamethasone,Intraoperative opioid,Total sufentanil,Intraoperative,Mean/SD,35,35,33,35,21.2,3.1,,,,,21.9,3.2,,,,,µg sufentanil,0.402,Yes,No,MD,-0.6999999999999993,No,No,Eligible for intraoperative opioid analysis,No,No intraoperative opioid-sparing effect,Table 1 / SNVP sufentanil,https://drive.google.com/file/d/1U8tkq6mKFO0IkA2glfgLjN4Krwku3FZn/view?usp=drivesdk,SOURCE-VERIFIED,V33-OD-0091,,,,,,,,,,,,,,,,INCLUDE,"Numerically extractable in its native endpoint/time/statistic; pooling still requires compatible stratum, comparator and independent-arm selection.",ROB2_RESULT_SPECIFIC_PENDING,Intraoperative opioid,TEAS,CONTROL_TYPE_REVIEW_REQUIRED,intraoperative
Wang 2024,WANG24_MNVP_ODT_vs_OD_INTRAOPSUF,MNVP: ondansetron+dexamethasone+TEAS,MNVP: ondansetron+dexamethasone,Intraoperative opioid,Total sufentanil,Intraoperative,Mean/SD,35,35,35,35,21,3.4,,,,,20.9,3.1,,,,,µg sufentanil,0.854,Yes,No,MD,0.1000000000000014,No,No,Eligible for intraoperative opioid analysis,No,No intraoperative opioid-sparing effect,Table 1 / MNVP sufentanil,https://drive.google.com/file/d/1U8tkq6mKFO0IkA2glfgLjN4Krwku3FZn/view?usp=drivesdk,SOURCE-VERIFIED,V33-OD-0092,,,,,,,,,,,,,,,,INCLUDE,"Numerically extractable in its native endpoint/time/statistic; pooling still requires compatible stratum, comparator and independent-arm selection.",ROB2_RESULT_SPECIFIC_PENDING,Intraoperative opioid,TEAS,CONTROL_TYPE_REVIEW_REQUIRED,intraoperative
Wang 2024,WANG24_POSTOP_OPIOID24,TEAS within risk strata,OD within risk strata,Opioid consumption,Postoperative opioid consumption,0-24 h,Not reported,,,,,,,,,,,,,,,,,mg/µg,,No,No,,,No,No,Not eligible for postoperative 24-h opioid meta-analysis,No,Postoperative rescue analgesia was non-opioid flurbiprofen; no postoperative opioid-consumption endpoint,Postoperative analgesia section,https://drive.google.com/file/d/1U8tkq6mKFO0IkA2glfgLjN4Krwku3FZn/view?usp=drivesdk,NOT REPORTED / NO POSTOP OPIOID ENDPOINT,V33-OD-0093,,,,,,,,,,,,,,,,NOT REPORTED,Accessed source does not supply the requested numerical result.,ROB2_RESULT_SPECIFIC_PENDING,Postoperative opioid dose (native window/unit),TEAS,CONTROL_TYPE_REVIEW_REQUIRED,0-24h
Tu 2024,TU24_TEAS_vs_SHAM_VOMIT2_6,Postoperative TEAS,Sham/no current,PONV,Vomiting incidence,2-6 h,Events/total,60,60,57,58,,,,,,8,,,,,,17,participants,0.047,Yes,No,RR,0.478844169246646,No,No,Eligible for dichotomous vomiting analysis,No,"Five post-randomization exclusions include one sham participant excluded specifically for vomiting caused by intracranial hypertension | V34: Table 3/abstract P=0.047; Results prose P=0.47; retain table P, preserve both.",Table 3 / vomiting 2-6 h,https://drive.google.com/file/d/1xQ9SbXVZblphUrb0-T9xpnAXk-_z5nBX/view?usp=drivesdk,SOURCE-VERIFIED / MISSINGNESS QC,V33-OD-0094,,,,,,,,,,,,,,,,INCLUDE,"Numerically extractable in its native endpoint/time/statistic; pooling still requires compatible stratum, comparator and independent-arm selection.",EXISTING_RESULT_SPECIFIC: High,Vomiting,TEAS,Sham,2-6h
Tu 2024,TU24_TEAS_vs_SHAM_VOMIT6_24,Postoperative TEAS,Sham/no current,PONV,Vomiting incidence,6-24 h,Events/total,60,60,57,58,,,,,,11,,,,,,15,participants,0.405,Yes,No,RR,0.7461988304093566,No,No,Eligible for dichotomous vomiting analysis,No,Same post-randomization exclusion concern,Table 3 / vomiting 6-24 h,https://drive.google.com/file/d/1xQ9SbXVZblphUrb0-T9xpnAXk-_z5nBX/view?usp=drivesdk,SOURCE-VERIFIED / MISSINGNESS QC,V33-OD-0095,,,,,,,,,,,,,,,,INCLUDE,"Numerically extractable in its native endpoint/time/statistic; pooling still requires compatible stratum, comparator and independent-arm selection.",EXISTING_RESULT_SPECIFIC: High,Vomiting,TEAS,Sham,6-24h
Tu 2024,TU24_TEAS_vs_SHAM_PAIN6_24,Postoperative TEAS,Sham/no current,Pain,VAS pain intensity,6-24 h,Median/IQR,60,60,57,58,,,2,0.5,3,,,,4,3,4,,VAS 0-10,0.001,Yes,No,,,No,No,Eligible for pain analysis using median/IQR methods,No,Subjective outcome; sensory difference between active de qi and no-current sham may affect participant masking,Pain outcome 6-24 h,https://drive.google.com/file/d/1xQ9SbXVZblphUrb0-T9xpnAXk-_z5nBX/view?usp=drivesdk,SOURCE-VERIFIED / SUBJECTIVE OUTCOME QC,V33-OD-0096,,,,,,,,,,,,,,,,NARRATIVE ONLY,Median and original dispersion preserved; no mean/SD conversion or MD pooling.,ROB2_RESULT_SPECIFIC_PENDING,Pain — unspecified context,TEAS,Sham,6-24h
Tu 2024,TU24_TEAS_vs_SHAM_TRAMADOL,Postoperative TEAS,Sham/no current,Rescue opioid use,Any rescue tramadol use,6–24 h,Events/total,60,60,57,58,,,,,,3,,,,,,6,participants,0.315,Yes,No,RR,0.5087719298245614,No,No,Separate 6–24 h binary rescue-opioid result; excluded from cumulative 0–24 h rescue set,No,Tramadol was 10 mg IM for VAS >6; number of doses/cumulative tramadol per patient is not reported,"Table 4 / rescue tramadol, 6–24 h",https://drive.google.com/file/d/1xQ9SbXVZblphUrb0-T9xpnAXk-_z5nBX/view?usp=drivesdk,SOURCE-VERIFIED / DOSE MISSING,V33-OD-0097,,,,,,,,,,,,,,,,INCLUDE,"Numerically extractable in its native endpoint/time/statistic; pooling still requires compatible stratum, comparator and independent-arm selection.",ROB2_RESULT_SPECIFIC_PENDING,Rescue opioid use,TEAS,Sham,6-24h
Tu 2024,TU24_TEAS_vs_SHAM_OPIOID24,Postoperative TEAS,Sham/no current,Opioid consumption,Cumulative rescue tramadol consumption,0-24 h,Not reported,60,60,57,58,,,,,,,,,,,,,mg tramadol,,No,No,,,No,No,Not eligible for continuous 24-h opioid meta-analysis,No,Only number of patients receiving rescue tramadol is reported; cumulative dose is unavailable,Rescue analgesia section,https://drive.google.com/file/d/1xQ9SbXVZblphUrb0-T9xpnAXk-_z5nBX/view?usp=drivesdk,MISSING / CUMULATIVE DOSE NOT REPORTED,V33-OD-0098,,,,,,,,,,,,,,,,NOT REPORTED,Accessed source does not supply the requested numerical result.,ROB2_RESULT_SPECIFIC_PENDING,Rescue opioid frequency / dose (native unit),TEAS,Sham,0-24h
Sun 2017,SUN17_TSS_vs_SSS_ACTIVITY24,Preoperative true TEAS only,All-period sham TEAS (SSS),Pain,Activity-evoked VAS,24 h,Median/IQR,95,95,91,90,,,4,4,5,,,,4,3.8,5,,VAS 0-10,<0.001 reported comparisons,Yes,No,,,No,No,Eligible for 24-h movement-pain analysis with multi-arm/shared-control adjustment,Yes,"Four-arm timing trial; sham received 5 min perceptible low-current stimulation, not electrically inert","Primary activity-pain outcome, 24 h",https://drive.google.com/file/d/1lELlw0IpkhqoB8OuintAI22fxKfNEcEd/view?usp=drivesdk,SOURCE-VERIFIED,V33-OD-0099,,,,,,,,,,,,,,,,NARRATIVE ONLY,Median and original dispersion preserved; no mean/SD conversion or MD pooling.,EXISTING_RESULT_SPECIFIC: Some concerns,Pain — movement/activity,TEAS,Sham,24 h point
Sun 2017,SUN17_TTS_vs_SSS_ACTIVITY24,Preoperative + intraoperative true TEAS,All-period sham TEAS (SSS),Pain,Activity-evoked VAS,24 h,Median/IQR,95,95,91,90,,,4,3,4,,,,4,3.8,5,,VAS 0-10,<0.001 reported comparisons,Yes,No,,,No,No,Eligible for 24-h movement-pain analysis with multi-arm/shared-control adjustment,Yes,"Four-arm timing trial; sham received 5 min perceptible low-current stimulation, not electrically inert","Primary activity-pain outcome, 24 h",https://drive.google.com/file/d/1lELlw0IpkhqoB8OuintAI22fxKfNEcEd/view?usp=drivesdk,SOURCE-VERIFIED,V33-OD-0100,,,,,,,,,,,,,,,,NARRATIVE ONLY,Median and original dispersion preserved; no mean/SD conversion or MD pooling.,EXISTING_RESULT_SPECIFIC: Some concerns,Pain — movement/activity,TEAS,Sham,24 h point
Sun 2017,SUN17_TST_vs_SSS_ACTIVITY24,Preoperative + postoperative true TEAS,All-period sham TEAS (SSS),Pain,Activity-evoked VAS,24 h,Median/IQR,95,95,89,90,,,3,3,4,,,,4,3.8,5,,VAS 0-10,<0.001 reported comparisons,Yes,No,,,No,No,Eligible for 24-h movement-pain analysis with multi-arm/shared-control adjustment,Yes,"Four-arm timing trial; sham received 5 min perceptible low-current stimulation, not electrically inert","Primary activity-pain outcome, 24 h",https://drive.google.com/file/d/1lELlw0IpkhqoB8OuintAI22fxKfNEcEd/view?usp=drivesdk,SOURCE-VERIFIED,V33-OD-0101,,,,,,,,,,,,,,,,NARRATIVE ONLY,Median and original dispersion preserved; no mean/SD conversion or MD pooling.,EXISTING_RESULT_SPECIFIC: Some concerns,Pain — movement/activity,TEAS,Sham,24 h point
Sun 2017,SUN17_TSS_vs_SSS_NSAID48,Preoperative true TEAS only,All-period sham TEAS (SSS),Rescue analgesia,Supplemental flurbiprofen axetil requirement,Within 48 h,Published percentage,95,95,91,90,,,,,,,,,,,,,11.0% intervention vs 23.3% SSS,0.020 overall; TST vs SSS significant,Yes,No,,,No,No,Eligible for 48-h non-opioid rescue-analgesia analysis; not an opioid outcome,Yes,Do not convert printed percentages to exact event counts without confirmation,Table 2 / supplemental analgesic requirement,https://drive.google.com/file/d/1lELlw0IpkhqoB8OuintAI22fxKfNEcEd/view?usp=drivesdk,SOURCE-VERIFIED / PERCENTAGES ONLY,V33-OD-0102,,,,,,,,,,,,,,,,NARRATIVE ONLY,Printed percentage/CI retained; event counts not reverse-engineered.,ROB2_RESULT_SPECIFIC_PENDING,Rescue analgesia,TEAS,Sham,within 48h
Sun 2017,SUN17_TTS_vs_SSS_NSAID48,Preoperative + intraoperative true TEAS,All-period sham TEAS (SSS),Rescue analgesia,Supplemental flurbiprofen axetil requirement,Within 48 h,Published percentage,95,95,91,90,,,,,,,,,,,,,15.4% intervention vs 23.3% SSS,0.020 overall; TST vs SSS significant,Yes,No,,,No,No,Eligible for 48-h non-opioid rescue-analgesia analysis; not an opioid outcome,Yes,Do not convert printed percentages to exact event counts without confirmation,Table 2 / supplemental analgesic requirement,https://drive.google.com/file/d/1lELlw0IpkhqoB8OuintAI22fxKfNEcEd/view?usp=drivesdk,SOURCE-VERIFIED / PERCENTAGES ONLY,V33-OD-0103,,,,,,,,,,,,,,,,NARRATIVE ONLY,Printed percentage/CI retained; event counts not reverse-engineered.,ROB2_RESULT_SPECIFIC_PENDING,Rescue analgesia,TEAS,Sham,within 48h
Sun 2017,SUN17_TST_vs_SSS_NSAID48,Preoperative + postoperative true TEAS,All-period sham TEAS (SSS),Rescue analgesia,Supplemental flurbiprofen axetil requirement,Within 48 h,Published percentage,95,95,89,90,,,,,,,,,,,,,7.9% intervention vs 23.3% SSS,0.020 overall; TST vs SSS significant,Yes,No,,,No,No,Eligible for 48-h non-opioid rescue-analgesia analysis; not an opioid outcome,Yes,Do not convert printed percentages to exact event counts without confirmation,Table 2 / supplemental analgesic requirement,https://drive.google.com/file/d/1lELlw0IpkhqoB8OuintAI22fxKfNEcEd/view?usp=drivesdk,SOURCE-VERIFIED / PERCENTAGES ONLY,V33-OD-0104,,,,,,,,,,,,,,,,NARRATIVE ONLY,Printed percentage/CI retained; event counts not reverse-engineered.,ROB2_RESULT_SPECIFIC_PENDING,Rescue analgesia,TEAS,Sham,within 48h
Sun 2017,SUN17_INTRAOP_MORPH_EQUIV,Pre/intraoperative TEAS timing arms,All-period sham TEAS,Intraoperative opioid,Author-defined intraoperative morphine-equivalent exposure,Intraoperative,Study-defined converted metric,95,95,91,90,,,,,,,,,,,,,mg/kg morphine-equivalent,0.303,Yes,Yes,,,No,No,NO: superseded aggregate placeholder; retain for provenance,Yes,Values ~1.5-1.6 mg/kg across all four groups; study-specific conversion of sufentanil/remifentanil | V34: Historical aggregate placeholder superseded for active analysis by three audit arm-specific converted-metric rows; no double counting. Author-defined intraoperative metric is not review postoperative MME.,Table 2 / intraoperative anesthetic consumption,https://drive.google.com/file/d/1lELlw0IpkhqoB8OuintAI22fxKfNEcEd/view?usp=drivesdk,HISTORICAL_AGGREGATE_SUPERSEDED,V33-OD-0105,,,,,,,,,,,,,,,,EXCLUDE,Historical aggregate placeholder superseded by arm-specific rows; not an independent result.,ROB2_RESULT_SPECIFIC_PENDING,Intraoperative opioid,TEAS,Sham,intraoperative
Sun 2017,SUN17_POSTOP_OPIOID24,True TEAS timing arms,All-period sham TEAS,Opioid consumption,Postoperative opioid consumption,0-24 h,Not applicable / not reported,95,95,,,,,,,,,,,,,,,mg/µg,,No,No,,,No,No,Not eligible for postoperative opioid meta-analysis,Yes,"Postoperative rescue analgesia was flurbiprofen axetil (NSAID), not an opioid",Postoperative analgesia protocol,https://drive.google.com/file/d/1lELlw0IpkhqoB8OuintAI22fxKfNEcEd/view?usp=drivesdk,NO POSTOPERATIVE OPIOID OUTCOME,V33-OD-0106,,,,,,,,,,,,,,,,NOT REPORTED,Accessed source does not supply the requested numerical result.,ROB2_RESULT_SPECIFIC_PENDING,Postoperative opioid dose (native window/unit),TEAS,Sham,0-24h
Sim 2002,SIM02_PREOP_vs_PLACEBO_MORPH24,Preoperative EA,Placebo EA,Opioid consumption,Cumulative postoperative IV PCA morphine,0-24 h,Mean/SD,30,30,30,30,0.52,0.19,,,,,0.68,0.38,,,,,mg/kg morphine,NS overall 24-h cumulative comparison,Yes,No,MD,-0.16,Yes,Conditional,Direct weight-normalized 24-h morphine endpoint; pool only if protocol permits mg/kg or a prespecified standardization method,Yes,Do not convert mg/kg to absolute mg using group mean body weight; aggregate means cannot reconstruct individual absolute dose,Figure 4 / cumulative 24-h morphine,https://drive.google.com/file/d/1YsNHL-J3Kgfu8mCanRrNu_bHk_roj0w6/view?usp=drivesdk,SOURCE-VERIFIED,V33-OD-0107,,,,,,,,,,,,,,,,INCLUDE,"Numerically extractable in its native endpoint/time/statistic; pooling still requires compatible stratum, comparator and independent-arm selection.",EXISTING_RESULT_SPECIFIC: Some concerns,Postoperative opioid dose (native window/unit),EA,Sham,0-24h
Sim 2002,SIM02_POSTOP_vs_PLACEBO_MORPH24,Postoperative EA,Placebo EA,Opioid consumption,Cumulative postoperative IV PCA morphine,0-24 h,Mean/SD,30,30,30,30,0.58,0.27,,,,,0.68,0.38,,,,,mg/kg morphine,NS overall 24-h cumulative comparison,Yes,No,MD,-0.1000000000000001,Yes,Conditional,Timing-comparator 24-h morphine endpoint,Yes,Postoperative EA is a distinct randomized timing arm and must not be merged with preoperative EA,Figure 4 / cumulative 24-h morphine,https://drive.google.com/file/d/1YsNHL-J3Kgfu8mCanRrNu_bHk_roj0w6/view?usp=drivesdk,SOURCE-VERIFIED,V33-OD-0108,,,,,,,,,,,,,,,,INCLUDE,"Numerically extractable in its native endpoint/time/statistic; pooling still requires compatible stratum, comparator and independent-arm selection.",EXISTING_RESULT_SPECIFIC: Some concerns,Postoperative opioid dose (native window/unit),EA,Sham,0-24h
Sim 2002,SIM02_PREOP_vs_PLACEBO_MORPH6_12,Preoperative EA,Placebo EA,Opioid consumption,Postoperative IV PCA morphine,6-12 h,Median/IQR width as printed,30,30,30,30,,,0.03,,,,,,0.1,,,,mg/kg morphine,0.015,Yes,No,,,No,No,Eligible for interval-specific opioid analysis only,Yes,Source reports median (IQR) as 0.03 (0.05) vs 0.10 (0.11); IQR is reported as a single width rather than Q1/Q3,6-12-h morphine interval,https://drive.google.com/file/d/1YsNHL-J3Kgfu8mCanRrNu_bHk_roj0w6/view?usp=drivesdk,SOURCE-VERIFIED / IQR FORMAT QC,V33-OD-0109,,,,IQR 0.05,,IQR 0.11,,,,,0.05,0.11,,,,NARRATIVE ONLY,Median and original dispersion preserved; no mean/SD conversion or MD pooling.,ROB2_RESULT_SPECIFIC_PENDING,Postoperative opioid dose (native window/unit),EA,Sham,6-12h
Sim 2002,SIM02_PREOP_vs_PLACEBO_ALFENT,Preoperative EA,Placebo EA,Intraoperative opioid,Alfentanil requirement rate,Intraoperative,Mean/SD,30,30,30,30,0.44,0.15,,,,,0.51,0.21,,,,,µg/kg/min,0.472,Yes,No,MD,-0.07,No,No,Eligible for intraoperative opioid analysis,Yes,No significant placebo-controlled intraoperative opioid-sparing effect,Figure 2 / alfentanil requirement,https://drive.google.com/file/d/1YsNHL-J3Kgfu8mCanRrNu_bHk_roj0w6/view?usp=drivesdk,SOURCE-VERIFIED,V33-OD-0110,,,,,,,,,,,,,,,,INCLUDE,"Numerically extractable in its native endpoint/time/statistic; pooling still requires compatible stratum, comparator and independent-arm selection.",ROB2_RESULT_SPECIFIC_PENDING,Intraoperative opioid,EA,Sham,intraoperative
Ntritsou 2014,NTRI14_EA_vs_SHAM_TRAMSUM,Perioperative EA + tramadol/ketamine,Sham + tramadol/ketamine,Opioid consumption,Total tramadol exposure,Perioperative / first 24 h most consistent with protocol; table does not restate window,Mean/SD,37,38,35,35,443.7,67.4,,,,,461.5,63.2,,,,,mg tramadol,0.257,Yes,No,MD,-17.80000000000001,Conditional,No,"Continuous opioid-related quantity available, but not suitable as complete 24-h MME without confirming window and rescue morphine",No,Includes scheduled/background tramadol and likely rescue tramadol; rescue morphine quantity not reported,Table 1 / tramadol sum,https://drive.google.com/file/d/1u_kNuuXF8upB3gJA2aDq8NldYDfhnWy3/view?usp=drivesdk,SOURCE-VERIFIED / WINDOW + CO-OPIOID QC,V33-OD-0111,,,,,,,,,,,,,,,,INCLUDE,"Numerically extractable in its native endpoint/time/statistic; pooling still requires compatible stratum, comparator and independent-arm selection.",EXISTING_RESULT_SPECIFIC: High,Postoperative opioid dose (native window/unit),EA,Sham,perioperative / first 24h most consistent with protocol; table does not restate window
Ntritsou 2014,NTRI14_EA_vs_SHAM_REMI,Perioperative EA + tramadol/ketamine,Sham + tramadol/ketamine,Intraoperative opioid,Remifentanil consumption,Intraoperative,Mean/SD,37,38,35,35,1003.6,522.7,,,,,1041.9,631.9,,,,,µg remifentanil,0.783,Yes,No,MD,-38.30000000000007,No,No,Eligible for intraoperative opioid analysis,No,No significant intraoperative opioid-sparing effect,Table 1 / remifentanil,https://drive.google.com/file/d/1u_kNuuXF8upB3gJA2aDq8NldYDfhnWy3/view?usp=drivesdk,SOURCE-VERIFIED,V33-OD-0112,,,,,,,,,,,,,,,,INCLUDE,"Numerically extractable in its native endpoint/time/statistic; pooling still requires compatible stratum, comparator and independent-arm selection.",ROB2_RESULT_SPECIFIC_PENDING,Intraoperative opioid,EA,Sham,intraoperative
Ntritsou 2014,NTRI14_EA_vs_SHAM_RESCUE,Perioperative EA + tramadol/ketamine,Sham + tramadol/ketamine,Rescue opioid use,Total rescue analgesia,First 24 h,Qualitative / exact quantities unavailable,37,38,35,35,,,,,,,,,,,,,tramadol 50 mg IV then morphine 2 mg IV as needed,P<0.001 reported,No,No,,,No,No,Not quantitatively poolable from main article,No,Main article reports significantly less total rescue analgesia but does not tabulate exact rescue tramadol/morphine quantities,Rescue analgesia results,https://drive.google.com/file/d/1u_kNuuXF8upB3gJA2aDq8NldYDfhnWy3/view?usp=drivesdk,MISSING / EXACT RESCUE DOSES NOT REPORTED,V33-OD-0113,,,,,,,,,,,,,,,,HOLD,Nonstandard or incomplete statistic; no inferred quantities.,ROB2_RESULT_SPECIFIC_PENDING,Rescue analgesia — drug class unresolved,EA,Sham,first 24h
Ntritsou 2014,NTRI14_EA_vs_SHAM_MME24,Perioperative EA + tramadol/ketamine,Sham + tramadol/ketamine,Opioid consumption,Complete 24-h opioid/MME exposure,0-24 h,Not calculable,37,38,35,35,,,,,,,,,,,,,MME,,No,No,,,No,No,Not eligible for final 24-h MME until rescue morphine and tramadol-sum window are confirmed,No,Do not equate lower rescue use with significantly lower total opioid exposure,Combined opioid exposure,https://drive.google.com/file/d/1u_kNuuXF8upB3gJA2aDq8NldYDfhnWy3/view?usp=drivesdk,MISSING / AUTHOR DATA NEEDED,V33-OD-0114,,,,,,,,,,,,,,,,HOLD,Nonstandard or incomplete statistic; no inferred quantities.,ROB2_RESULT_SPECIFIC_PENDING,Postoperative opioid dose (native window/unit),EA,Sham,0-24h
Ng 2013,NG13_EA_vs_SHAM_BOWEL,Electroacupuncture,Sham acupuncture,GI recovery,Time to first bowel motion / defecation,Postoperative,Mean/SD,55,55,55,55,85.9,36.1,,,,,107.5,46.2,,,,,hours,0.007,Yes,No,MD,-21.59999999999999,No,No,Eligible for GI-recovery meta-analysis,Yes,Allocation used sealed nonopaque envelopes; EA-vs-sham participants and outcome assessors were blinded,Primary outcome / first bowel motion,https://drive.google.com/file/d/1R1zCiyfWvuSp99Hi2U_K1__8kgdi90gd/view?usp=drivesdk,SOURCE-VERIFIED / ALLOCATION-CONCEALMENT QC,V33-OD-0115,,,,,,,,,,,,,,,,INCLUDE,"Numerically extractable in its native endpoint/time/statistic; pooling still requires compatible stratum, comparator and independent-arm selection.",ROB2_RESULT_SPECIFIC_PENDING,GI — first defecation,EA,Sham,postoperative
Ng 2013,NG13_EA_vs_NOACU_BOWEL,Electroacupuncture,No acupuncture,GI recovery,Time to first bowel motion / defecation,Postoperative,Mean/SD,55,55,55,55,85.9,36.1,,,,,122.1,53.5,,,,,hours,<0.001,Yes,No,MD,-36.19999999999999,No,No,Eligible for GI-recovery meta-analysis as active-vs-usual-care contrast,Yes,No-acupuncture group could not be participant blinded,Primary outcome / first bowel motion,https://drive.google.com/file/d/1R1zCiyfWvuSp99Hi2U_K1__8kgdi90gd/view?usp=drivesdk,SOURCE-VERIFIED,V33-OD-0116,,,,,,,,,,,,,,,,INCLUDE,"Numerically extractable in its native endpoint/time/statistic; pooling still requires compatible stratum, comparator and independent-arm selection.",ROB2_RESULT_SPECIFIC_PENDING,GI — first defecation,EA,Usual care,postoperative
Ng 2013,NG13_EA_vs_SHAM_FLATUS,Electroacupuncture,Sham acupuncture,GI recovery,Time to first flatus,Postoperative,Mean/SD,55,55,55,55,2,0.9,,,,,2.3,1.1,,,,,days,0.095,Yes,No,MD,-0.2999999999999998,No,No,Eligible for GI-recovery analysis,Yes,No statistically significant EA-vs-sham difference,Secondary outcome / first flatus,https://drive.google.com/file/d/1R1zCiyfWvuSp99Hi2U_K1__8kgdi90gd/view?usp=drivesdk,SOURCE-VERIFIED,V33-OD-0117,,,,,,,,,,,,,,,,INCLUDE,"Numerically extractable in its native endpoint/time/statistic; pooling still requires compatible stratum, comparator and independent-arm selection.",ROB2_RESULT_SPECIFIC_PENDING,GI — first flatus,EA,Sham,postoperative
Ng 2013,NG13_EA_vs_SHAM_PAINPOD1,Electroacupuncture,Sham acupuncture,Pain,VAS pain intensity,POD1,Mean/SD,55,55,55,55,5.6,2,,,,,5.8,1.9,,,,,VAS 0-10,0.655,Yes,No,MD,-0.2000000000000002,No,No,Eligible for POD1 pain analysis if POD1 timing meets protocol,Yes,POD1 is not an exact clock-defined 24-h point,Pain outcome / POD1,https://drive.google.com/file/d/1R1zCiyfWvuSp99Hi2U_K1__8kgdi90gd/view?usp=drivesdk,SOURCE-VERIFIED / POD LABEL,V33-OD-0118,,,,,,,,,,,,,,,,INCLUDE,"Numerically extractable in its native endpoint/time/statistic; pooling still requires compatible stratum, comparator and independent-arm selection.",ROB2_RESULT_SPECIFIC_PENDING,Pain — unspecified context,EA,Sham,pod1
Ng 2013,NG13_EA_vs_SHAM_PETHCOUNT,Electroacupuncture,Sham acupuncture,Opioid demand,Number of postoperative pethidine injections,Postoperative; exact window NR,Mean/SD,55,55,55,55,2.7,2.3,,,,,5.2,4.7,,,,,number of injections,NR,Yes,No,MD,-2.5,No,No,Eligible only as opioid-injection-count outcome after time-window clarification,Yes,"Methods say 1 mg/kg q4h PRN, tables say 50-mg injections; exact observation window and route not clearly defined",Analgesic requirement tables,https://drive.google.com/file/d/1R1zCiyfWvuSp99Hi2U_K1__8kgdi90gd/view?usp=drivesdk,SOURCE-VERIFIED / DOSE + WINDOW QC,V33-OD-0119,,,,,,,,,,,,,,,,INCLUDE,"Numerically extractable in its native endpoint/time/statistic; pooling still requires compatible stratum, comparator and independent-arm selection.",ROB2_RESULT_SPECIFIC_PENDING,Postoperative opioid dose (native window/unit),EA,Sham,postoperative; exact window nr
Ng 2013,NG13_EA_vs_SHAM_OPIOID24,Electroacupuncture,Sham acupuncture,Opioid consumption,Cumulative pethidine consumption,0-24 h,Not reported,55,55,55,55,,,,,,,,,,,,,mg pethidine,,No,No,,,No,No,Not eligible for strict continuous 24-h opioid meta-analysis without author data,Yes,Do not multiply injection counts by 50 mg and call it a 24-h dose; source time window/dosing statement is ambiguous,Exact 24-h opioid endpoint absent,https://drive.google.com/file/d/1R1zCiyfWvuSp99Hi2U_K1__8kgdi90gd/view?usp=drivesdk,MISSING / AUTHOR DATA NEEDED,V33-OD-0120,,,,,,,,,,,,,,,,NOT REPORTED,Accessed source does not supply the requested numerical result.,ROB2_RESULT_SPECIFIC_PENDING,Postoperative opioid dose (native window/unit),EA,Sham,0-24h
Ma 2026,MA26_T_vs_S_PAIN24,Group T: sleep disturbance + preop TEAS,"Group S: sleep disturbance, no TEAS",Pain,Resting NRS pain,24 h,Graph-only continuous data,18,17,17,16,,,,,,,,,,,,,NRS 0-10,P<0.05 T vs S,No,No,,,No,No,Not ready for continuous meta-analysis without formal graph digitization or author data,No,Partially randomized trial: only T vs S is randomized. Exact 24-h means/SDs are graph-only and must not be inferred from Antigravity candidate values,Figure / 24-h postoperative NRS,https://drive.google.com/file/d/1tMEOwvRWIMeEmBmKfeHEt7YF10yxslUe/view?usp=drivesdk,FIGURE ONLY / DIGITIZATION NEEDED,V33-OD-0121,,,,,,,,,,,,,,,,GRAPH ONLY,No new graph digitization; historical digitized data require their original validation before pooling.,EXISTING_RESULT_SPECIFIC: High,Pain — rest,TEAS,CONTROL_TYPE_REVIEW_REQUIRED,24 h point
Ma 2026,MA26_T_vs_S_AISPOD1,Group T: sleep disturbance + preop TEAS,"Group S: sleep disturbance, no TEAS",Sleep quality,Athens Insomnia Scale,POD1,Graph-only continuous data,18,17,17,16,,,,,,,,,,,,,AIS points,P<0.05 T vs S,No,No,,,No,No,Not ready for continuous meta-analysis without formal graph digitization or author data,No,Exact postoperative AIS means/SDs are graph-only; Group C is non-randomized and must not be used as a randomized comparator,Figure 4 / POD1 AIS,https://drive.google.com/file/d/1tMEOwvRWIMeEmBmKfeHEt7YF10yxslUe/view?usp=drivesdk,FIGURE ONLY / DIGITIZATION NEEDED,V33-OD-0122,,,,,,,,,,,,,,,,GRAPH ONLY,No new graph digitization; historical digitized data require their original validation before pooling.,ROB2_RESULT_SPECIFIC_PENDING,Sleep quality,TEAS,CONTROL_TYPE_REVIEW_REQUIRED,pod1
Ma 2026,MA26_T_vs_S_NAUSEA24,Group T: sleep disturbance + preop TEAS,"Group S: sleep disturbance, no TEAS",PONV,Nausea,24 h,Events/total,18,17,17,16,,,,,,6,,,,,,8,participants,Overall 3-group P=0.590; randomized T-vs-S pairwise NR,Yes,No,RR,0.7058823529411765,No,No,Eligible for dichotomous 24-h nausea analysis using randomized T vs S contrast,No,Overall P-value includes non-randomized Group C; do not treat it as the randomized pairwise P-value,24-h PONV table,https://drive.google.com/file/d/1tMEOwvRWIMeEmBmKfeHEt7YF10yxslUe/view?usp=drivesdk,SOURCE-VERIFIED,V33-OD-0123,,,,,,,,,,,,,,,,INCLUDE,"Numerically extractable in its native endpoint/time/statistic; pooling still requires compatible stratum, comparator and independent-arm selection.",ROB2_RESULT_SPECIFIC_PENDING,Nausea,TEAS,CONTROL_TYPE_REVIEW_REQUIRED,24 h point
Ma 2026,MA26_T_vs_S_VOMIT24,Group T: sleep disturbance + preop TEAS,"Group S: sleep disturbance, no TEAS",PONV,Vomiting,24 h,Events/total,18,17,17,16,,,,,,6,,,,,,7,participants,Overall 3-group P=0.863; randomized T-vs-S pairwise NR,Yes,No,RR,0.8067226890756303,No,No,Eligible for dichotomous 24-h vomiting analysis using randomized T vs S contrast,No,Overall P-value includes non-randomized Group C,24-h PONV table,https://drive.google.com/file/d/1tMEOwvRWIMeEmBmKfeHEt7YF10yxslUe/view?usp=drivesdk,SOURCE-VERIFIED,V33-OD-0124,,,,,,,,,,,,,,,,INCLUDE,"Numerically extractable in its native endpoint/time/statistic; pooling still requires compatible stratum, comparator and independent-arm selection.",ROB2_RESULT_SPECIFIC_PENDING,Vomiting,TEAS,CONTROL_TYPE_REVIEW_REQUIRED,24 h point
Ma 2026,MA26_T_vs_S_OPIOID24,Group T: sleep disturbance + preop TEAS,"Group S: sleep disturbance, no TEAS",Opioid consumption,Cumulative postoperative opioid consumption,0-24 h,Not reported,18,17,17,16,,,,,,,,,,,,,mg/µg,,No,No,,,No,No,Not eligible for continuous 24-h opioid meta-analysis,No,Routine postoperative analgesia was non-opioid flurbiprofen; whether any postoperative opioid was given is not reported,Postoperative analgesia section,https://drive.google.com/file/d/1tMEOwvRWIMeEmBmKfeHEt7YF10yxslUe/view?usp=drivesdk,MISSING / POSTOP OPIOID USE NR,V33-OD-0125,,,,,,,,,,,,,,,,NOT REPORTED,Accessed source does not supply the requested numerical result.,ROB2_RESULT_SPECIFIC_PENDING,Postoperative opioid dose (native window/unit),TEAS,CONTROL_TYPE_REVIEW_REQUIRED,0-24h
Lu 2021,LU21_COMB_vs_SHAM_CHRONIC6M,Combined PC6+CV17 TEAS,Sham/no current,Chronic pain,Post-mastectomy chronic pain incidence,6 months,Events/total,190,188,190,188,,,,,,42,,,,,,65,participants,Overall P=0.005; combined vs sham pairwise P varies by article section,Yes,No,RR,0.6393522267206477,No,No,Eligible for dichotomous chronic-pain analysis using raw event counts,Yes,"Printed RR/P-values conflict across abstract, Results and Table 2; raw counts 42/190 vs 65/188 are the stable source facts",Table 2 / primary 6-month chronic pain,https://drive.google.com/file/d/1MgD_OucfiyNEDdDe3osh8W01U1yYZs08/view?usp=drivesdk,SOURCE-VERIFIED / PUBLISHED EFFECT QC,V33-OD-0126,,,,,,,,,,,,,,,,INCLUDE,"Numerically extractable in its native endpoint/time/statistic; pooling still requires compatible stratum, comparator and independent-arm selection.",EXISTING_RESULT_SPECIFIC: High,Chronic pain,TEAS,Sham,6 months
Lu 2021,LU21_SINGLE_vs_SHAM_CHRONIC6M,Single PC6 TEAS,Sham/no current,Chronic pain,Post-mastectomy chronic pain incidence,6 months,Events/total,198,188,198,188,,,,,,72,,,,,,65,participants,Overall P=0.005; single vs sham pairwise P reported 0.71 in Table 2,Yes,No,RR,1.051748251748252,No,No,Eligible only with explicit source-conflict sensitivity handling,Yes,Table 2 gives 72/198; Results prose gives 79/196. Preserve Table 2 here and flag conflict rather than silently reconcile,Table 2 / primary 6-month chronic pain,https://drive.google.com/file/d/1MgD_OucfiyNEDdDe3osh8W01U1yYZs08/view?usp=drivesdk,SOURCE-VERIFIED / DENOMINATOR CONFLICT,V33-OD-0127,,,,,,,,,,,,,,,,INCLUDE,"Numerically extractable in its native endpoint/time/statistic; pooling still requires compatible stratum, comparator and independent-arm selection.",EXISTING_RESULT_SPECIFIC: High,Chronic pain,TEAS,Sham,6 months
Lu 2021,LU21_COMB_vs_SHAM_REMI,Combined PC6+CV17 TEAS,Sham/no current,Intraoperative opioid,Total remifentanil,Intraoperative,Mean/SD,190,188,190,188,1.2,0.5,,,,,1.4,0.7,,,,,mg remifentanil,P<0.001 combined vs sham,Yes,No,MD,-0.2,No,No,Eligible for intraoperative opioid-sparing analysis,Yes,Three-arm trial; sham is a shared comparator,Table 3 / intraoperative remifentanil,https://drive.google.com/file/d/1MgD_OucfiyNEDdDe3osh8W01U1yYZs08/view?usp=drivesdk,SOURCE-VERIFIED,V33-OD-0128,,,,,,,,,,,,,,,,INCLUDE,"Numerically extractable in its native endpoint/time/statistic; pooling still requires compatible stratum, comparator and independent-arm selection.",ROB2_RESULT_SPECIFIC_PENDING,Intraoperative opioid,TEAS,Sham,intraoperative
Lu 2021,LU21_SINGLE_vs_SHAM_REMI,Single PC6 TEAS,Sham/no current,Intraoperative opioid,Total remifentanil,Intraoperative,Mean/SD,198,188,198,188,1.3,0.6,,,,,1.4,0.7,,,,,mg remifentanil,P=0.04 single vs sham; not significant after Bonferroni alpha 0.0125,Yes,No,MD,-0.09999999999999987,No,No,Eligible for intraoperative opioid analysis with multiplicity-aware interpretation,Yes,Three-arm trial; do not describe P=0.04 as multiplicity-adjusted significant,Table 3 / intraoperative remifentanil,https://drive.google.com/file/d/1MgD_OucfiyNEDdDe3osh8W01U1yYZs08/view?usp=drivesdk,SOURCE-VERIFIED,V33-OD-0129,,,,,,,,,,,,,,,,INCLUDE,"Numerically extractable in its native endpoint/time/statistic; pooling still requires compatible stratum, comparator and independent-arm selection.",ROB2_RESULT_SPECIFIC_PENDING,Intraoperative opioid,TEAS,Sham,intraoperative
Lu 2021,LU21_COMB_vs_SHAM_PONV24,Combined PC6+CV17 TEAS,Sham/no current,PONV,Any PONV,24 h,Events/total,190,188,190,188,,,,,,35,,,,,,68,participants,Overall P=0.0001,Yes,No,RR,0.5092879256965943,No,No,Eligible for dichotomous 24-h PONV analysis,Yes,Use raw event counts; three-arm shared sham comparator,24-h PONV table,https://drive.google.com/file/d/1MgD_OucfiyNEDdDe3osh8W01U1yYZs08/view?usp=drivesdk,SOURCE-VERIFIED,V33-OD-0130,,,,,,,,,,,,,,,,INCLUDE,"Numerically extractable in its native endpoint/time/statistic; pooling still requires compatible stratum, comparator and independent-arm selection.",ROB2_RESULT_SPECIFIC_PENDING,PONV composite,TEAS,Sham,24 h point
Lu 2021,LU21_SINGLE_vs_SHAM_PONV24,Single PC6 TEAS,Sham/no current,PONV,Any PONV,24 h,Events/total,198,188,198,188,,,,,,59,,,,,,68,participants,Overall P=0.0001,Yes,No,RR,0.8238265002970884,No,No,Eligible for dichotomous 24-h PONV analysis with multi-arm adjustment,Yes,Overall P is three-group; pairwise significance should not be inferred unless directly reported,24-h PONV table,https://drive.google.com/file/d/1MgD_OucfiyNEDdDe3osh8W01U1yYZs08/view?usp=drivesdk,SOURCE-VERIFIED,V33-OD-0131,,,,,,,,,,,,,,,,INCLUDE,"Numerically extractable in its native endpoint/time/statistic; pooling still requires compatible stratum, comparator and independent-arm selection.",ROB2_RESULT_SPECIFIC_PENDING,PONV composite,TEAS,Sham,24 h point
Lu 2021,LU21_POSTOP_OPIOID24,TEAS arms,Sham/no current,Opioid consumption,Cumulative postoperative sufentanil PCA consumption,0-24 h,Not reported,,,,,,,,,,,,,,,,,µg sufentanil,,No,No,,,No,No,Not eligible for continuous 24-h postoperative opioid meta-analysis,Yes,PCA opioid is sufentanil but prescription and cumulative 24-h consumption are not reported,Postoperative PCA section,https://drive.google.com/file/d/1MgD_OucfiyNEDdDe3osh8W01U1yYZs08/view?usp=drivesdk,MISSING / AUTHOR DATA NEEDED,V33-OD-0132,,,,,,,,,,,,,,,,NOT REPORTED,Accessed source does not supply the requested numerical result.,ROB2_RESULT_SPECIFIC_PENDING,Postoperative opioid dose (native window/unit),TEAS,Sham,0-24h
Lu 2022,LU22_TEAS_vs_CTRL_DISCHARGE,TEAS + ERAS,No-current control + ERAS,Recovery,Time to meet discharge criteria,Postoperative,Mean/SD,50,50,47,47,6,1.8,,,,,7,2.4,,,,,days,0.02,Yes,No,MD,-1,No,No,Eligible for recovery-time meta-analysis,No,Six randomized patients were excluded because they did not receive allocated intervention; open conversion is plausibly related to discharge time,Primary outcome / time to discharge,https://drive.google.com/file/d/12Y86huNMuLC8cPH-L2vwlEd7r1X1Qela/view?usp=drivesdk,SOURCE-VERIFIED / ATTRITION QC,V33-OD-0133,,,,,,,,,,,,,,,,INCLUDE,"Numerically extractable in its native endpoint/time/statistic; pooling still requires compatible stratum, comparator and independent-arm selection.",EXISTING_RESULT_SPECIFIC: High,Recovery,TEAS,Sham,postoperative
Lu 2022,LU22_TEAS_vs_CTRL_FLATUS,TEAS + ERAS,No-current control + ERAS,GI recovery,Time to first flatus,Postoperative,Mean/SD,50,50,47,47,34.5,16.7,,,,,42.4,22.9,,,,,hours,0.03,Yes,No,MD,-7.899999999999999,No,No,Eligible for GI-recovery meta-analysis,No,Same 6 post-randomization exclusions apply,First flatus result,https://drive.google.com/file/d/12Y86huNMuLC8cPH-L2vwlEd7r1X1Qela/view?usp=drivesdk,SOURCE-VERIFIED / ATTRITION QC,V33-OD-0134,,,,,,,,,,,,,,,,INCLUDE,"Numerically extractable in its native endpoint/time/statistic; pooling still requires compatible stratum, comparator and independent-arm selection.",ROB2_RESULT_SPECIFIC_PENDING,GI — first flatus,TEAS,Sham,postoperative
Lu 2022,LU22_TEAS_vs_CTRL_DEFEC,TEAS + ERAS,No-current control + ERAS,GI recovery,Time to first defecation,Postoperative,Mean/SD,50,50,47,47,42,25,,,,,55.4,29.7,,,,,hours,0.03,Yes,No,MD,-13.4,No,No,Eligible for GI-recovery meta-analysis,No,Same 6 post-randomization exclusions apply,First defecation result,https://drive.google.com/file/d/12Y86huNMuLC8cPH-L2vwlEd7r1X1Qela/view?usp=drivesdk,SOURCE-VERIFIED / ATTRITION QC,V33-OD-0135,,,,,,,,,,,,,,,,INCLUDE,"Numerically extractable in its native endpoint/time/statistic; pooling still requires compatible stratum, comparator and independent-arm selection.",ROB2_RESULT_SPECIFIC_PENDING,GI — first defecation,TEAS,Sham,postoperative
Lu 2022,LU22_TEAS_vs_CTRL_PCAATTEMPT24,TEAS + ERAS,No-current control + ERAS,Opioid demand,PCA attempts,24 h,Median/IQR,50,50,47,47,,,8,3,18,,,,16.5,8,38,,attempts,0.001,Yes,No,,,No,No,Eligible as 24-h PCA-demand proxy only,No,"PCA drug, bolus dose, concentration, basal infusion and lockout are not reported",PCA table / 24-h attempts,https://drive.google.com/file/d/12Y86huNMuLC8cPH-L2vwlEd7r1X1Qela/view?usp=drivesdk,SOURCE-VERIFIED / DOSE NOT RECONSTRUCTABLE,V33-OD-0136,,,,,,,,,,,,,,,,NARRATIVE ONLY,Median and original dispersion preserved; no mean/SD conversion or MD pooling.,ROB2_RESULT_SPECIFIC_PENDING,PCA/PCIA button presses,TEAS,Sham,24 h point
Lu 2022,LU22_TEAS_vs_CTRL_PCADELIV24,TEAS + ERAS,No-current control + ERAS,Opioid demand,Successful PCA deliveries,24 h,Median/IQR,50,50,47,47,,,5,2,12,,,,12,6,22,,deliveries,0.001,Yes,No,,,No,No,Eligible as 24-h PCA-delivery proxy only,No,Do not convert successful deliveries into opioid dose because the PCA prescription is absent,PCA table / 24-h deliveries,https://drive.google.com/file/d/12Y86huNMuLC8cPH-L2vwlEd7r1X1Qela/view?usp=drivesdk,SOURCE-VERIFIED / DOSE NOT RECONSTRUCTABLE,V33-OD-0137,,,,,,,,,,,,,,,,NARRATIVE ONLY,Median and original dispersion preserved; no mean/SD conversion or MD pooling.,ROB2_RESULT_SPECIFIC_PENDING,PCA deliveries / bolus count,TEAS,Sham,24 h point
Lu 2022,LU22_TEAS_vs_CTRL_OPIOID24,TEAS + ERAS,No-current control + ERAS,Opioid consumption,Exact cumulative PCA opioid consumption,0-24 h,Not reported,50,50,47,47,,,,,,,,,,,,,mg/µg,,No,No,,,No,No,Not eligible for continuous 24-h opioid meta-analysis without supplementary/author data,No,The main article never identifies the PCA drug or dose,Postoperative PCA section,https://drive.google.com/file/d/12Y86huNMuLC8cPH-L2vwlEd7r1X1Qela/view?usp=drivesdk,MISSING / PCA DRUG AND DOSE NR,V33-OD-0138,,,,,,,,,,,,,,,,NOT REPORTED,Accessed source does not supply the requested numerical result.,ROB2_RESULT_SPECIFIC_PENDING,Postoperative opioid dose (native window/unit),TEAS,Sham,0-24h
Luo 2026,LUO26_TEAS_vs_SHAM_NAUSEA48,Intraoperative PC6 TEAS + standard antiemetics,Sham/no current + standard antiemetics,PONV,Cumulative postoperative nausea,0-48 h,Events/total,138,139,138,139,,,,,,24,,,,,,53,participants,<0.01,Yes,No,RR,0.4561115668580804,No,No,Eligible for dichotomous 48-h nausea analysis,No,Participant blinding was empirically poor: 77.5% of TEAS and 66.2% of sham participants correctly guessed allocation,Primary outcome / cumulative nausea,https://drive.google.com/file/d/1xxZle6mPpcnmHLblJbsy1kA4CyQHpvm2/view?usp=drivesdk,SOURCE-VERIFIED,V33-OD-0139,,,,,,,,,,,,,,,,INCLUDE,"Numerically extractable in its native endpoint/time/statistic; pooling still requires compatible stratum, comparator and independent-arm selection.",EXISTING_RESULT_SPECIFIC: Some concerns,Nausea,TEAS,Sham,0-48h
Luo 2026,LUO26_TEAS_vs_SHAM_VOMIT48,Intraoperative PC6 TEAS + standard antiemetics,Sham/no current + standard antiemetics,PONV,Cumulative postoperative vomiting,0-48 h,Events/total,138,139,138,139,,,,,,9,,,,,,27,participants,<0.01,Yes,No,RR,0.3357487922705314,No,No,Eligible for dichotomous 48-h vomiting analysis,No,"Vomiting is more objective than nausea, but participant masking was incomplete",Primary outcome / cumulative vomiting,https://drive.google.com/file/d/1xxZle6mPpcnmHLblJbsy1kA4CyQHpvm2/view?usp=drivesdk,SOURCE-VERIFIED,V33-OD-0140,,,,,,,,,,,,,,,,INCLUDE,"Numerically extractable in its native endpoint/time/statistic; pooling still requires compatible stratum, comparator and independent-arm selection.",ROB2_RESULT_SPECIFIC_PENDING,Vomiting,TEAS,Sham,0-48h
Luo 2026,LUO26_TEAS_vs_SHAM_COMPLETE48,Intraoperative PC6 TEAS + standard antiemetics,Sham/no current + standard antiemetics,PONV,Complete response: no vomiting and no rescue antiemetic,0-48 h,Events/total,138,139,138,139,,,,,,112,,,,,,83,participants,<0.01,Yes,No,RR,1.359175833769862,No,No,Eligible for dichotomous complete-response analysis,No,Abstract percentage differs slightly from table-derived 112/138; use raw counts,Complete-response result,https://drive.google.com/file/d/1xxZle6mPpcnmHLblJbsy1kA4CyQHpvm2/view?usp=drivesdk,SOURCE-VERIFIED / ABSTRACT % QC,V33-OD-0141,,,,,,,,,,,,,,,,INCLUDE,"Numerically extractable in its native endpoint/time/statistic; pooling still requires compatible stratum, comparator and independent-arm selection.",ROB2_RESULT_SPECIFIC_PENDING,Rescue antiemetic,TEAS,Sham,0-48h
Luo 2026,LUO26_TEAS_vs_SHAM_NRS24,Intraoperative PC6 TEAS + standard antiemetics,Sham/no current + standard antiemetics,Pain,Postoperative NRS pain,24 h,Mean/SD,138,139,138,139,1.3,0.92,,,,,1.65,0.95,,,,,NRS 0-10,<0.01,Yes,No,MD,-0.3499999999999999,No,No,Eligible for 24-h pain analysis,No,Rest-versus-movement condition is not reported; participant masking was incomplete,Postoperative pain table / 24 h,https://drive.google.com/file/d/1xxZle6mPpcnmHLblJbsy1kA4CyQHpvm2/view?usp=drivesdk,SOURCE-VERIFIED,V33-OD-0142,,,,,,,,,,,,,,,,INCLUDE,"Numerically extractable in its native endpoint/time/statistic; pooling still requires compatible stratum, comparator and independent-arm selection.",ROB2_RESULT_SPECIFIC_PENDING,Pain — unspecified context,TEAS,Sham,24 h point
Luo 2026,LUO26_TEAS_vs_SHAM_OPIOIDEQUIV,Intraoperative PC6 TEAS + standard antiemetics,Sham/no current + standard antiemetics,Perioperative opioid,Published 'sufentanil equivalents' metric,Perioperative,Mean/SD,138,139,138,139,15.86,5.11,,,,,15.18,4.95,,,,,published as mg; definition/unit unresolved,0.27,Yes,No,MD,0.6799999999999997,No,No,Do not harmonize to MME or actual sufentanil mass until authors clarify conversion and unit,No,Source labels approximately 15-16 as 'sufentanil equivalents (mg)' without explaining conversion; preserve verbatim,Table 1 / perioperative opioid metric,https://drive.google.com/file/d/1xxZle6mPpcnmHLblJbsy1kA4CyQHpvm2/view?usp=drivesdk,SOURCE-VERIFIED / UNIT UNRESOLVED,V33-OD-0143,,,,,,,,,,,,,,,,INCLUDE,"Numerically extractable in its native endpoint/time/statistic; pooling still requires compatible stratum, comparator and independent-arm selection.",ROB2_RESULT_SPECIFIC_PENDING,Postoperative opioid dose (native window/unit),TEAS,Sham,perioperative
Luo 2026,LUO26_TEAS_vs_SHAM_OPIOID24,Intraoperative PC6 TEAS + standard antiemetics,Sham/no current + standard antiemetics,Opioid consumption,Cumulative postoperative oxycodone consumption,0-24 h,Not reported,138,139,138,139,,,,,,,,,,,,,mg oxycodone,,No,No,,,No,No,Not eligible for continuous 24-h opioid/MME meta-analysis,No,"Postoperative IV oxycodone is described, but schedule and group-specific cumulative 24-h consumption are not reported",Postoperative analgesia / exact 24-h endpoint absent,https://drive.google.com/file/d/1xxZle6mPpcnmHLblJbsy1kA4CyQHpvm2/view?usp=drivesdk,MISSING / AUTHOR DATA NEEDED,V33-OD-0144,,,,,,,,,,,,,,,,NOT REPORTED,Accessed source does not supply the requested numerical result.,ROB2_RESULT_SPECIFIC_PENDING,Postoperative opioid dose (native window/unit),TEAS,Sham,0-24h
Long 2025,LONG25_TEAS_vs_CTRL_PND1,Perioperative electrical acupoint stimulation,Electrodes/no current,Neurocognitive,Perioperative neurocognitive disorder (PND),POD1,Published event count + percentage; denominator inconsistent,30,30,27,26,,,,,,7,,,,,,14,Active: 7 cases (25.0%); Control: 14 cases (56.0%),NR,Yes,No,,,No,No,Not meta-analysis-ready until event denominators are clarified,No,Published percentages do not reconcile with final analyzed n=27 active/26 control; do not back-calculate denominators | V34: PND denominator conflict: study-level n=27/26 differs from percentages implying 28/25. No denominator reconstruction; HOLD.,PND incidence table / POD1,https://drive.google.com/file/d/1LDqtQLq9-kZLP0Vv_G3iiK8QKjy4pRXP/view?usp=drivesdk,SOURCE-VERIFIED / DENOMINATOR INCONSISTENT,V33-OD-0145,,,,,,,,,,,,,,,,HOLD,"Unresolved source conflict or undefined endpoint; printed values retained, excluded from quantitative models.",EXISTING_RESULT_SPECIFIC: High,Neurocognitive,EA,Sham,pod1
Long 2025,LONG25_TEAS_vs_CTRL_PND3,Perioperative electrical acupoint stimulation,Electrodes/no current,Neurocognitive,Perioperative neurocognitive disorder (PND),POD3,Published event count + percentage; denominator inconsistent,30,30,27,26,,,,,,4,,,,,,12,Active: 4 cases (14.3%); Control: 12 cases (48.0%),NR,Yes,No,,,No,No,Not meta-analysis-ready until event denominators are clarified,No,Published percentages do not reconcile with reported analyzed denominators | V34: PND denominator conflict: study-level n=27/26 differs from percentages implying 28/25. No denominator reconstruction; HOLD.,PND incidence table / POD3,https://drive.google.com/file/d/1LDqtQLq9-kZLP0Vv_G3iiK8QKjy4pRXP/view?usp=drivesdk,SOURCE-VERIFIED / DENOMINATOR INCONSISTENT,V33-OD-0146,,,,,,,,,,,,,,,,HOLD,"Unresolved source conflict or undefined endpoint; printed values retained, excluded from quantitative models.",EXISTING_RESULT_SPECIFIC: High,Neurocognitive,EA,Sham,pod3
Long 2025,LONG25_TEAS_vs_CTRL_VAS24,Perioperative electrical acupoint stimulation,Electrodes/no current,Pain,VAS pain intensity,24 h,Mean/SD,30,30,27,26,2.78,0.97,,,,,3.96,0.96,,,,,VAS 0-10,<0.001,Yes,No,MD,-1.18,No,No,Eligible for 24-h pain analysis using Table 7 value,No,Abstract/Results prose gives active 2.65 ± 0.94; Table 7/Figure 9 gives 2.78 ± 0.97. Master uses the directly tabulated Table 7 value and retains discrepancy | V34: Long Table 7 EA 24-h VAS 2.78±0.97; abstract 2.65±0.94. Table values retained; quantitative HOLD pending adjudication.,Table 7 / Figure 9,https://drive.google.com/file/d/1LDqtQLq9-kZLP0Vv_G3iiK8QKjy4pRXP/view?usp=drivesdk,SOURCE-VERIFIED / SOURCE VALUE CONFLICT,V33-OD-0147,,,,,,,,,,,,,,,,HOLD,"Unresolved source conflict or undefined endpoint; printed values retained, excluded from quantitative models.",ROB2_RESULT_SPECIFIC_PENDING,Pain — unspecified context,EA,Sham,24 h point
Long 2025,LONG25_TEAS_vs_CTRL_PCIA48VOL,Perioperative electrical acupoint stimulation,Electrodes/no current,Opioid demand,PCIA solution consumption,48 h,Mean/SD,30,30,27,26,86.22,4.27,,,,,89.23,3.67,,,,,mL of weight-based sufentanil solution,0.008,Yes,No,MD,-3.010000000000005,No,No,"Eligible only as 48-h pump-volume outcome, not as sufentanil mass",No,"Reservoir contains 2 µg/kg sufentanil in 100 mL; group body weight is unavailable, so solution volume cannot be converted to group mean opioid mass",Table 7 / Figure 9,https://drive.google.com/file/d/1LDqtQLq9-kZLP0Vv_G3iiK8QKjy4pRXP/view?usp=drivesdk,SOURCE-VERIFIED / DOSE NOT RECONSTRUCTABLE,V33-OD-0148,,,,,,,,,,,,,,,,INCLUDE,"Numerically extractable in its native endpoint/time/statistic; pooling still requires compatible stratum, comparator and independent-arm selection.",ROB2_RESULT_SPECIFIC_PENDING,PCIA solution volume,EA,Sham,48h
Long 2025,LONG25_TEAS_vs_CTRL_PCIAPRESS48,Perioperative electrical acupoint stimulation,Electrodes/no current,Opioid demand,PCIA compression count,48 h,Mean/SD,30,30,27,26,7.11,2.14,,,,,8.62,1.84,,,,,presses,0.008,Yes,No,MD,-1.509999999999999,No,No,Eligible as 48-h PCA-demand outcome only,No,Do not translate compression count into delivered sufentanil mass,Table 7 / Figure 9,https://drive.google.com/file/d/1LDqtQLq9-kZLP0Vv_G3iiK8QKjy4pRXP/view?usp=drivesdk,SOURCE-VERIFIED,V33-OD-0149,,,,,,,,,,,,,,,,INCLUDE,"Numerically extractable in its native endpoint/time/statistic; pooling still requires compatible stratum, comparator and independent-arm selection.",ROB2_RESULT_SPECIFIC_PENDING,PCA/PCIA button presses,EA,Sham,48h
Long 2025,LONG25_TEAS_vs_CTRL_PONV,Perioperative electrical acupoint stimulation,Electrodes/no current,PONV,PONV incidence,Postoperative,Events/total,30,30,27,26,,,,,,1,,,,,,8,participants,NR,Yes,No,RR,0.1203703703703704,No,No,Eligible for dichotomous PONV analysis using final analyzed denominators,No,Adverse-event percentages elsewhere are internally inconsistent; raw 1/27 vs 8/26 is retained,Adverse events / PONV,https://drive.google.com/file/d/1LDqtQLq9-kZLP0Vv_G3iiK8QKjy4pRXP/view?usp=drivesdk,SOURCE-VERIFIED / PERCENTAGE QC,V33-OD-0150,,,,,,,,,,,,,,,,INCLUDE,"Numerically extractable in its native endpoint/time/statistic; pooling still requires compatible stratum, comparator and independent-arm selection.",ROB2_RESULT_SPECIFIC_PENDING,PONV composite,EA,Sham,postoperative
Long 2025,LONG25_TEAS_vs_CTRL_OPIOID24,Perioperative electrical acupoint stimulation,Electrodes/no current,Opioid consumption,Exact cumulative postoperative sufentanil consumption,0-24 h,Not reported,30,30,27,26,,,,,,,,,,,,,µg sufentanil,,No,No,,,No,No,Not eligible for continuous 24-h opioid/MME meta-analysis,No,24-h PCIA volume/compressions are not reported; even 48-h volume cannot be converted exactly to sufentanil mass without body weight,Exact 24-h opioid endpoint absent,https://drive.google.com/file/d/1LDqtQLq9-kZLP0Vv_G3iiK8QKjy4pRXP/view?usp=drivesdk,MISSING / AUTHOR DATA NEEDED,V33-OD-0151,,,,,,,,,,,,,,,,NOT REPORTED,Accessed source does not supply the requested numerical result.,ROB2_RESULT_SPECIFIC_PENDING,Postoperative opioid dose (native window/unit),EA,Sham,0-24h
Li 2021,LI21_TEAS_vs_SHAM_BOWEL,Perioperative TEAS,Sham-point/no current,GI recovery,Time to first bowel motion by auscultation,Postoperative,Median/IQR,154,152,140,140,,,31,18.8,45.3,,,,42,22.1,52.4,,hours,<0.01,Yes,No,,,No,No,Eligible for GI-recovery meta-analysis using median/IQR methods,No,26/306 randomized patients excluded in per-protocol analysis; exclusions include ICU transfer and operation cancellation,Primary outcome / first bowel motion,https://drive.google.com/file/d/1NvcLlsb17N6EMhtHs_L_WBnf40wsrtRz/view?usp=drivesdk,SOURCE-VERIFIED / ATTRITION QC,V33-OD-0152,,,,,,,,,,,,,,,,NARRATIVE ONLY,Median and original dispersion preserved; no mean/SD conversion or MD pooling.,EXISTING_RESULT_SPECIFIC: High,GI — first defecation,TEAS,Sham,postoperative
Li 2021,LI21_TEAS_vs_SHAM_FLATUS,Perioperative TEAS,Sham-point/no current,GI recovery,Time to first flatus,Postoperative,Median/IQR,154,152,140,140,,,44,26.5,63.9,,,,64,30,70.6,,hours,<0.01,Yes,No,,,No,No,Eligible for GI-recovery meta-analysis using median/IQR methods,No,Use PP analyzed denominators explicitly; do not fabricate mean/SD,First-flatus result,https://drive.google.com/file/d/1NvcLlsb17N6EMhtHs_L_WBnf40wsrtRz/view?usp=drivesdk,SOURCE-VERIFIED / ATTRITION QC,V33-OD-0153,,,,,,,,,,,,,,,,NARRATIVE ONLY,Median and original dispersion preserved; no mean/SD conversion or MD pooling.,ROB2_RESULT_SPECIFIC_PENDING,GI — first flatus,TEAS,Sham,postoperative
Li 2021,LI21_TEAS_vs_SHAM_PGD,Perioperative TEAS,Sham-point/no current,GI recovery,Postoperative gastrointestinal dysfunction: no bowel sounds >48 h,Postoperative,Events/total,154,152,140,140,,,,,,26,,,,,,44,participants,NR,Yes,No,RR,0.5909090909090909,No,No,Eligible for dichotomous PGD analysis,No,Study-specific PGD definition; majority of events were in colorectal stratum,PGD incidence,https://drive.google.com/file/d/1NvcLlsb17N6EMhtHs_L_WBnf40wsrtRz/view?usp=drivesdk,SOURCE-VERIFIED,V33-OD-0154,,,,,,,,,,,,,,,,INCLUDE,"Numerically extractable in its native endpoint/time/statistic; pooling still requires compatible stratum, comparator and independent-arm selection.",ROB2_RESULT_SPECIFIC_PENDING,GI — bowel sounds,TEAS,Sham,postoperative
Li 2021,LI21_TEAS_vs_SHAM_PAIN6,Perioperative TEAS,Sham-point/no current,Pain,VAS ≥4,6 h,Events/total,154,152,140,140,,,,,,30,,,,,,50,participants,0.008,Yes,No,RR,0.6,No,No,Eligible for dichotomous 6-h significant-pain analysis,No,Pain is reported as binary VAS ≥4 rather than continuous score,Postoperative pain table / 6 h,https://drive.google.com/file/d/1NvcLlsb17N6EMhtHs_L_WBnf40wsrtRz/view?usp=drivesdk,SOURCE-VERIFIED,V33-OD-0155,,,,,,,,,,,,,,,,INCLUDE,"Numerically extractable in its native endpoint/time/statistic; pooling still requires compatible stratum, comparator and independent-arm selection.",ROB2_RESULT_SPECIFIC_PENDING,Pain — unspecified context,TEAS,Sham,6h
Li 2021,LI21_TEAS_vs_SHAM_OPIOID24,Perioperative TEAS,Sham-point/no current,Opioid consumption,Cumulative postoperative sufentanil consumption,0-24 h,Not reported,154,152,140,140,,,,,,,,,,,,,published pump formulation says 250 mg sufentanil/250 mL,,No,No,,,No,No,Not eligible for continuous 24-h opioid/MME meta-analysis,No,"Printed pump unit is clinically implausible, programming is missing, and actual 24-h delivered dose is not reported; do not silently change mg to µg",Postoperative analgesia pump / exact 24-h endpoint absent,https://drive.google.com/file/d/1NvcLlsb17N6EMhtHs_L_WBnf40wsrtRz/view?usp=drivesdk,MISSING / UNIT + DOSE UNRESOLVED,V33-OD-0156,,,,,,,,,,,,,,,,NOT REPORTED,Accessed source does not supply the requested numerical result.,ROB2_RESULT_SPECIFIC_PENDING,Postoperative opioid dose (native window/unit),TEAS,Sham,0-24h
Liu 2026 (ESD),LIU26ESD_TEAS_vs_SHAM_MODPAIN24,Perioperative TEAS,Sham-point/no current,Pain,Moderate-to-severe pain (NRS ≥4),Within 24 h,Events/total,64,65,58,62,,,,,,22,,,,,,40,participants,0.004,Yes,No,RR,0.5879310344827586,No,No,Eligible for dichotomous 24-h moderate-to-severe pain analysis,No,"9/129 randomized participants excluded after randomization, including postoperative bleeding and conversion to laparotomy; no ITT sensitivity analysis",Primary outcome / NRS ≥4 within 24 h,https://drive.google.com/file/d/1Hp7pCBP8iXkGGYVhlFY0BHTeaaM7bhdY/view?usp=drivesdk,SOURCE-VERIFIED / ATTRITION QC,V33-OD-0157,,,,,,,,,,,,,,,,INCLUDE,"Numerically extractable in its native endpoint/time/statistic; pooling still requires compatible stratum, comparator and independent-arm selection.",EXISTING_RESULT_SPECIFIC: High,Pain — unspecified context,TEAS,Sham,within 24h
Liu 2026 (ESD),LIU26ESD_TEAS_vs_SHAM_NRS24,Perioperative TEAS,Sham-point/no current,Pain,NRS pain intensity,24 h,Mean/SD,64,65,58,62,1.2,1.3,,,,,2.8,1.9,,,,,NRS 0-10,0.001,Yes,No,MD,-1.6,No,No,Eligible for 24-h pain meta-analysis,No,Active TEAS at maximum tolerated intensity vs sham no current; sensory blinding success was not tested,Serial NRS results / 24 h,https://drive.google.com/file/d/1Hp7pCBP8iXkGGYVhlFY0BHTeaaM7bhdY/view?usp=drivesdk,SOURCE-VERIFIED,V33-OD-0158,,,,,,,,,,,,,,,,INCLUDE,"Numerically extractable in its native endpoint/time/statistic; pooling still requires compatible stratum, comparator and independent-arm selection.",ROB2_RESULT_SPECIFIC_PENDING,Pain — unspecified context,TEAS,Sham,24 h point
Liu 2026 (ESD),LIU26ESD_TEAS_vs_SHAM_ANYMORPH,Perioperative TEAS,Sham-point/no current,Rescue opioid use,Any rescue IV morphine use,Through 48 h,Events/total,64,65,58,62,,,,,,19,,,,,,40,participants,<0.001,Yes,No,RR,0.5077586206896552,No,No,Eligible for binary rescue-opioid-use analysis,No,"Morphine was 1 mg IV per administration, but number of administrations and cumulative dose per patient are not reported",Postoperative rescue analgesia,https://drive.google.com/file/d/1Hp7pCBP8iXkGGYVhlFY0BHTeaaM7bhdY/view?usp=drivesdk,SOURCE-VERIFIED,V33-OD-0159,,,,,,,,,,,,,,,,INCLUDE,"Numerically extractable in its native endpoint/time/statistic; pooling still requires compatible stratum, comparator and independent-arm selection.",ROB2_RESULT_SPECIFIC_PENDING,Rescue opioid use,TEAS,Sham,through 48h
Liu 2026 (ESD),LIU26ESD_TEAS_vs_SHAM_PONV,Perioperative TEAS,Sham-point/no current,PONV,PONV incidence,Postoperative follow-up,Events/total,64,65,58,62,,,,,,4,,,,,,14,participants,Published P/RR internally inconsistent,Yes,No,RR,0.3054187192118227,No,No,Eligible using raw event counts with source-statistic QC,No,Published RR/P-value for PONV are internally inconsistent; use raw 4/58 vs 14/62,Postoperative complication table,https://drive.google.com/file/d/1Hp7pCBP8iXkGGYVhlFY0BHTeaaM7bhdY/view?usp=drivesdk,SOURCE-VERIFIED / PUBLISHED EFFECT QC,V33-OD-0160,,,,,,,,,,,,,,,,INCLUDE,"Numerically extractable in its native endpoint/time/statistic; pooling still requires compatible stratum, comparator and independent-arm selection.",ROB2_RESULT_SPECIFIC_PENDING,PONV composite,TEAS,Sham,postoperative follow-up
Liu 2026 (ESD),LIU26ESD_TEAS_vs_SHAM_MORPH24,Perioperative TEAS,Sham-point/no current,Opioid consumption,Cumulative postoperative morphine consumption,0-24 h,Not reported,64,65,58,62,,,,,,,,,,,,,mg IV morphine,,No,No,,,No,No,Not eligible for continuous 24-h morphine/MME meta-analysis without author data,No,"Binary morphine use is reported, but administration counts and cumulative dose are not",Exact 24-h opioid dose absent,https://drive.google.com/file/d/1Hp7pCBP8iXkGGYVhlFY0BHTeaaM7bhdY/view?usp=drivesdk,MISSING / AUTHOR DATA NEEDED,V33-OD-0161,,,,,,,,,,,,,,,,NOT REPORTED,Accessed source does not supply the requested numerical result.,ROB2_RESULT_SPECIFIC_PENDING,Postoperative opioid dose (native window/unit),TEAS,Sham,0-24h
Liu 2021,LIU21_TEAS_vs_CTRL_POCD1,Perioperative TEAS,Electrodes/no current,Neurocognitive,Postoperative cognitive decline (MMSE Z-score ≤ -2),POD1,Events/total,50,50,50,50,,,,,,5,,,,,,11,participants,0.102,Yes,No,RR,0.4545454545454546,No,No,Eligible for dichotomous POD1 POCD analysis,No,"Control prose prints 11 cases as 25%, but 11/50 = 22%; preserve count as authoritative",POCD incidence table / POD1,https://drive.google.com/file/d/1TA4BstaUWY3EdQbDNEvvGxF35ekGanrm/view?usp=drivesdk,SOURCE-VERIFIED / PERCENTAGE QC,V33-OD-0162,,,,,,,,,,,,,,,,INCLUDE,"Numerically extractable in its native endpoint/time/statistic; pooling still requires compatible stratum, comparator and independent-arm selection.",EXISTING_RESULT_SPECIFIC: Some concerns,Neurocognitive,TEAS,Sham,pod1
Liu 2021,LIU21_TEAS_vs_CTRL_VASREST24,Perioperative TEAS,Electrodes/no current,Pain,VAS at rest,24 h,Mean/SD,50,50,50,50,2.52,0.505,,,,,2.66,0.626,,,,,VAS,0.221,Yes,No,MD,-0.1400000000000001,No,No,Eligible for 24-h rest-pain analysis,No,Participant blinding is unclear because active stimulation was maximum tolerated and control received no current,Table 2 / 24-h rest VAS,https://drive.google.com/file/d/1TA4BstaUWY3EdQbDNEvvGxF35ekGanrm/view?usp=drivesdk,SOURCE-VERIFIED,V33-OD-0163,,,,,,,,,,,,,,,,INCLUDE,"Numerically extractable in its native endpoint/time/statistic; pooling still requires compatible stratum, comparator and independent-arm selection.",ROB2_RESULT_SPECIFIC_PENDING,Pain — rest,TEAS,Sham,24 h point
Liu 2021,LIU21_TEAS_vs_CTRL_VASCOUGH24,Perioperative TEAS,Electrodes/no current,Pain,VAS with coughing,24 h,Mean/SD,50,50,50,50,3.2,0.571,,,,,3.16,0.681,,,,,VAS,0.751,Yes,No,MD,0.04000000000000004,No,No,Eligible for 24-h movement/evoked-pain analysis,No,No evidence of analgesic benefit at 24 h,Table 2 / 24-h coughing VAS,https://drive.google.com/file/d/1TA4BstaUWY3EdQbDNEvvGxF35ekGanrm/view?usp=drivesdk,SOURCE-VERIFIED,V33-OD-0164,,,,,,,,,,,,,,,,INCLUDE,"Numerically extractable in its native endpoint/time/statistic; pooling still requires compatible stratum, comparator and independent-arm selection.",ROB2_RESULT_SPECIFIC_PENDING,Pain — cough,TEAS,Sham,24 h point
Liu 2021,LIU21_TEAS_vs_CTRL_PCAPRESS24,Perioperative TEAS,Electrodes/no current,Opioid demand,PCA pump compressions,0-24 h,Mean/SD,50,50,50,50,17.62,2.687,,,,,17.38,3.801,,,,,presses,0.716,Yes,No,MD,0.240000000000002,No,No,Eligible as 24-h PCA-demand outcome only,No,Compressions may represent demands rather than successful boluses; do not convert to sufentanil mass,24-h PCA compression result,https://drive.google.com/file/d/1TA4BstaUWY3EdQbDNEvvGxF35ekGanrm/view?usp=drivesdk,SOURCE-VERIFIED / DOSE NOT RECONSTRUCTABLE,V33-OD-0165,,,,,,,,,,,,,,,,INCLUDE,"Numerically extractable in its native endpoint/time/statistic; pooling still requires compatible stratum, comparator and independent-arm selection.",ROB2_RESULT_SPECIFIC_PENDING,PCA/PCIA button presses,TEAS,Sham,0-24h
Liu 2021,LIU21_TEAS_vs_CTRL_OPIOID24,Perioperative TEAS,Electrodes/no current,Opioid consumption,Cumulative postoperative sufentanil consumption,0-24 h,Not calculable,50,50,50,50,,,,,,,,,,,,,published formulation 0.15 µg/kg in 100 mL,,No,No,,,No,No,Not eligible for continuous 24-h opioid/MME meta-analysis,No,"Published PCA formulation is ambiguous/implausibly low, successful delivered boluses are not reported, and actual cumulative sufentanil is unavailable",Postoperative PCIA section,https://drive.google.com/file/d/1TA4BstaUWY3EdQbDNEvvGxF35ekGanrm/view?usp=drivesdk,MISSING / FORMULATION + DELIVERY UNRESOLVED,V33-OD-0166,,,,,,,,,,,,,,,,HOLD,Nonstandard or incomplete statistic; no inferred quantities.,ROB2_RESULT_SPECIFIC_PENDING,Postoperative opioid dose (native window/unit),TEAS,Sham,0-24h
Liu 2026 (burn),LIU26BURN_TEAS_vs_SHAM_REMI,Pre-induction TEAS,Placebo/sham TEAS,Intraoperative opioid,Remifentanil consumption,Intraoperative,Median/IQR,44,44,43,43,,,0.7,0.5,1.1,,,,0.9,0.65,1.25,,mg remifentanil,0.039,Yes,No,,,No,No,Eligible for intraoperative opioid-sparing analysis using median/IQR methods,No,Abstract gives TEAS 0.65 (0.45-1.00) and control 0.90 (0.67-1.23); master uses Results/Figure 4 values and retains source discrepancy,Results / Figure 4,https://drive.google.com/file/d/1mvekGtHD2JAKCRbIXrvLw1Nz7hbQ1dZ3/view?usp=drivesdk,SOURCE-VERIFIED / ABSTRACT VALUE QC,V33-OD-0167,,,,,,,,,,,,,,,,NARRATIVE ONLY,Median and original dispersion preserved; no mean/SD conversion or MD pooling.,ROB2_RESULT_SPECIFIC_PENDING,Intraoperative opioid,TEAS,Sham,intraoperative
Liu 2026 (burn),LIU26BURN_TEAS_vs_SHAM_PONV24,Pre-induction TEAS,Placebo/sham TEAS,PONV,Nausea-vomiting,Through POD1 / approximately 24 h,Events/total,44,44,43,43,,,,,,7,,,,,,16,participants,Published P=0.011 vs 0.028 conflict,Yes,No,RR,0.4375000000000001,No,No,Eligible using raw 7/43 vs 16/43 event counts with P-value QC,No,Two different P-values are printed for the same result,Secondary postoperative outcomes,https://drive.google.com/file/d/1mvekGtHD2JAKCRbIXrvLw1Nz7hbQ1dZ3/view?usp=drivesdk,SOURCE-VERIFIED / P-VALUE CONFLICT,V33-OD-0168,,,,,,,,,,,,,,,,INCLUDE,"Numerically extractable in its native endpoint/time/statistic; pooling still requires compatible stratum, comparator and independent-arm selection.",ROB2_RESULT_SPECIFIC_PENDING,PONV composite,TEAS,Sham,through pod1 / approximately 24h
Liu 2026 (burn),LIU26BURN_TEAS_vs_SHAM_RESCUE,Pre-induction TEAS,Placebo/sham TEAS,Rescue opioid use,Any rescue dezocine use,Through POD1,Events/total,44,44,43,43,,,,,,3,,,,,,8,participants,Table P=0.106; prose P=0.430,Yes,No,RR,0.375,No,No,Eligible for binary rescue-opioid-use analysis with source-statistic QC,No,All rescue users received one 5-mg IM dezocine dose; no repeat rescue doses were required,Rescue analgesia,https://drive.google.com/file/d/1mvekGtHD2JAKCRbIXrvLw1Nz7hbQ1dZ3/view?usp=drivesdk,SOURCE-VERIFIED / P-VALUE CONFLICT,V33-OD-0169,,,,,,,,,,,,,,,,INCLUDE,"Numerically extractable in its native endpoint/time/statistic; pooling still requires compatible stratum, comparator and independent-arm selection.",ROB2_RESULT_SPECIFIC_PENDING,Rescue opioid use,TEAS,Sham,through pod1
Liu 2026 (burn),LIU26BURN_TEAS_vs_SHAM_FVAS24,Pre-induction TEAS,Placebo/sham TEAS,Pain,Resting F-VAS pain,24 h,Graph-only continuous data,44,44,43,43,,,,,,,,,,,,,F-VAS 0-100 mm,0.039,No,No,,,No,No,Not ready for continuous pain meta-analysis without formal graph digitization or author data,No,Exact means/SDs are figure-only; do not infer numeric values from bar heights,Figure 5 / F3 24 h,https://drive.google.com/file/d/1mvekGtHD2JAKCRbIXrvLw1Nz7hbQ1dZ3/view?usp=drivesdk,FIGURE ONLY / DIGITIZATION NEEDED,V33-OD-0170,,,,,,,,,,,,,,,,GRAPH ONLY,No new graph digitization; historical digitized data require their original validation before pooling.,ROB2_RESULT_SPECIFIC_PENDING,Pain — rest,TEAS,Sham,24 h point
Liu 2026 (burn),LIU26BURN_TEAS_vs_SHAM_OPIOID24,Pre-induction TEAS,Placebo/sham TEAS,Opioid consumption,Complete postoperative opioid/MME exposure,0-24 h,Not calculable,44,44,43,43,,,,,,,,,,,,,sufentanil + butorphanol PCIA; rescue dezocine,,No,No,,,No,No,Not eligible for continuous 24-h opioid/MME meta-analysis,No,"PCIA composition is known but bolus volume, basal rate, delivered-volume and successful-delivery counts are not; two opioids are present in the pump",Postoperative PCIA section,https://drive.google.com/file/d/1mvekGtHD2JAKCRbIXrvLw1Nz7hbQ1dZ3/view?usp=drivesdk,MISSING / COMBINED OPIOID EXPOSURE NOT CALCULABLE,V33-OD-0171,,,,,,,,,,,,,,,,HOLD,Nonstandard or incomplete statistic; no inferred quantities.,ROB2_RESULT_SPECIFIC_PENDING,Postoperative opioid dose (native window/unit),TEAS,Sham,0-24h
Liu 2025,LIU25_EA_vs_CTRL_SVT24,Perioperative electroacupuncture,Control/sham procedure,Cardiac rhythm,New-onset supraventricular tachycardia (SVT),First 24 h,Events/total,40,40,38,39,,,,,,4,,,,,,13,participants,0.02,Yes,No,RR,0.3157894736842105,No,No,Eligible for dichotomous 24-h SVT analysis,No,Three randomized participants discontinued after randomization; preserve analyzed denominators 38 and 39,Primary outcome / first-24-h SVT,https://drive.google.com/file/d/1SHBSKFaeE4G3PXTGVMm7TR8L0H9EgtsD/view?usp=drivesdk,SOURCE-VERIFIED / ATTRITION QC,V33-OD-0172,,,,,,,,,,,,,,,,INCLUDE,"Numerically extractable in its native endpoint/time/statistic; pooling still requires compatible stratum, comparator and independent-arm selection.",EXISTING_RESULT_SPECIFIC: Some concerns,Cardiac rhythm,EA,Sham,first 24h
Liu 2025,LIU25_EA_vs_CTRL_TSTN1,Perioperative electroacupuncture,Control/sham procedure,Sleep quality,Total sleep time measured by ambulatory sleep recorder,First postoperative night,Median/IQR,40,40,38,39,,,209.5,73.8,261.5,,,,119,48,193,,minutes,0.02,Yes,No,,,No,No,Eligible for objective postoperative sleep-duration analysis using median/IQR methods,No,Objective sleep-recorder endpoint; control electrical-current status is not completely clear in the publication,Objective sleep monitoring / first night,https://drive.google.com/file/d/1SHBSKFaeE4G3PXTGVMm7TR8L0H9EgtsD/view?usp=drivesdk,SOURCE-VERIFIED,V33-OD-0173,,,,,,,,,,,,,,,,NARRATIVE ONLY,Median and original dispersion preserved; no mean/SD conversion or MD pooling.,ROB2_RESULT_SPECIFIC_PENDING,Sleep quality,EA,Sham,first postoperative night
Liu 2025,LIU25_EA_vs_CTRL_PAIN24,Perioperative electroacupuncture,Control/sham procedure,Pain,VAS pain intensity,24 h,Graph-only continuous data,40,40,38,39,,,,,,,,,,,,,VAS 0-10,Between-group difference not significant,No,No,,,No,No,Not ready for continuous 24-h pain pooling without formal digitization or author data,No,"Figure shows approximately 2/10 in both groups, but exact means/SDs are not numerically reported",Figure 2 / 24-h pain,https://drive.google.com/file/d/1SHBSKFaeE4G3PXTGVMm7TR8L0H9EgtsD/view?usp=drivesdk,FIGURE ONLY / DIGITIZATION NEEDED,V33-OD-0174,,,,,,,,,,,,,,,,GRAPH ONLY,No new graph digitization; historical digitized data require their original validation before pooling.,ROB2_RESULT_SPECIFIC_PENDING,Pain — unspecified context,EA,Sham,24 h point
Liu 2025,LIU25_EA_vs_CTRL_OPIOID24,Perioperative electroacupuncture,Control/sham procedure,Opioid consumption,Exact cumulative postoperative opioid consumption,0-24 h,Not reported,40,40,38,39,,,,,,,,,,,,,mg/µg,,No,No,,,No,No,Not eligible for continuous 24-h opioid/MME meta-analysis,No,No source-grounded exact 0-24-h postoperative opioid total is available in the reconciled extraction,Exact 24-h opioid endpoint absent,https://drive.google.com/file/d/1SHBSKFaeE4G3PXTGVMm7TR8L0H9EgtsD/view?usp=drivesdk,MISSING / NOT REPORTED,V33-OD-0175,,,,,,,,,,,,,,,,NOT REPORTED,Accessed source does not supply the requested numerical result.,ROB2_RESULT_SPECIFIC_PENDING,Postoperative opioid dose (native window/unit),EA,Sham,0-24h
Li 2022,LI22_EA_vs_SHAM_NRS24,Preoperative electroacupuncture,Sham electroacupuncture,Pain,Postoperative NRS pain,24 h,Median/IQR,40,40,39,40,,,1.5,1,3,,,,1.6,1,3,,NRS 0-10,0.223,Yes,No,,,No,No,Eligible for 24-h pain analysis using median/IQR methods,No,One randomized participant was not included in the final EA analysis; the 24-h pain difference is not significant,24-h postoperative NRS,https://drive.google.com/file/d/1rQTrwnCvj72poJrGGvYjpxSZXvUhSD0u/view?usp=drivesdk,SOURCE-VERIFIED / ATTRITION QC,V33-OD-0176,,,,,,,,,,,,,,,,NARRATIVE ONLY,Median and original dispersion preserved; no mean/SD conversion or MD pooling.,EXISTING_RESULT_SPECIFIC: Some concerns,Pain — unspecified context,EA,Sham,24 h point
Li 2022,LI22_EA_vs_SHAM_MPT24,Preoperative electroacupuncture,Sham electroacupuncture,Experimental pain,Mechanical pain threshold around surgical incision,24 h,Source-reported direction; exact value not promoted,40,40,39,40,,,,,,,,,,,,,mechanical threshold,No significant between-group difference at 24 h,Yes,No,,,No,No,Do not use as a continuous meta-analysis value without the exact source table/figure numbers,No,"EA advantage was reported at 30 min and 6 h, not at 24 or 48 h; the earlier stored RoB fabricated a significant 24-h result",Mechanical-threshold longitudinal result,https://drive.google.com/file/d/1rQTrwnCvj72poJrGGvYjpxSZXvUhSD0u/view?usp=drivesdk,SOURCE-VERIFIED / NO 24H BENEFIT,V33-OD-0177,,,,,,,,,,,,,,,,HOLD,Nonstandard or incomplete statistic; no inferred quantities.,ROB2_RESULT_SPECIFIC_PENDING,Pain — unspecified context,EA,Sham,24 h point
Li 2022,LI22_EA_vs_SHAM_OPIOID24,Preoperative electroacupuncture,Sham electroacupuncture,Opioid consumption,Exact cumulative postoperative opioid consumption,0-24 h,Not reported,40,40,39,40,,,,,,,,,,,,,mg/µg,,No,No,,,No,No,Not eligible for continuous 24-h opioid/MME meta-analysis,No,The prior derivative's 24-h sufentanil result was fabricated; no source-grounded exact 24-h postoperative opioid total is available,Exact 24-h opioid endpoint absent,https://drive.google.com/file/d/1rQTrwnCvj72poJrGGvYjpxSZXvUhSD0u/view?usp=drivesdk,MISSING / NOT REPORTED,V33-OD-0178,,,,,,,,,,,,,,,,NOT REPORTED,Accessed source does not supply the requested numerical result.,ROB2_RESULT_SPECIFIC_PENDING,Postoperative opioid dose (native window/unit),EA,Sham,0-24h
Liang 2021,LIANG21_TEAS_vs_CTRL_CRBD_END,Preoperative TEAS,Control/no stimulation,Catheter-related bladder discomfort,CRBD incidence,End of surgery,Events/total,37,38,35,35,,,,,,9,,,,,,28,participants,NR,Yes,No,RR,0.3214285714285714,No,No,Eligible for CRBD analysis at the matching timepoint,No,75 randomized but only 70 analyzed; preserve 35/35 outcome denominators. The stored 6-h CRBD endpoint does not exist in the source,CRBD incidence table,https://drive.google.com/file/d/1guriAcqNbJNXpfd_UjYwevULLVSeiHXS/view?usp=drivesdk,SOURCE-VERIFIED / ATTRITION QC,V33-OD-0179,,,,,,,,,,,,,,,,INCLUDE,"Numerically extractable in its native endpoint/time/statistic; pooling still requires compatible stratum, comparator and independent-arm selection.",EXISTING_RESULT_SPECIFIC: High,Catheter-related bladder discomfort,TEAS,Sham,end of surgery
Liang 2021,LIANG21_TEAS_vs_CTRL_CRBD_PACU,Preoperative TEAS,Control/no stimulation,Catheter-related bladder discomfort,CRBD incidence,PACU discharge,Events/total,37,38,35,35,,,,,,20,,,,,,28,participants,NR,Yes,No,RR,0.7142857142857142,No,No,Eligible for CRBD analysis at the matching timepoint,No,75 randomized but only 70 analyzed; preserve 35/35 outcome denominators. The stored 6-h CRBD endpoint does not exist in the source,CRBD incidence table,https://drive.google.com/file/d/1guriAcqNbJNXpfd_UjYwevULLVSeiHXS/view?usp=drivesdk,SOURCE-VERIFIED / ATTRITION QC,V33-OD-0180,,,,,,,,,,,,,,,,INCLUDE,"Numerically extractable in its native endpoint/time/statistic; pooling still requires compatible stratum, comparator and independent-arm selection.",EXISTING_RESULT_SPECIFIC: High,Catheter-related bladder discomfort,TEAS,Sham,pacu discharge
Liang 2021,LIANG21_TEAS_vs_CTRL_CRBD24,Preoperative TEAS,Control/no stimulation,Catheter-related bladder discomfort,CRBD incidence,24 h,Events/total,37,38,35,35,,,,,,7,,,,,,31,participants,<0.05,Yes,No,RR,0.2258064516129032,No,No,Eligible for CRBD analysis at the matching timepoint,No,75 randomized but only 70 analyzed; preserve 35/35 outcome denominators. The stored 6-h CRBD endpoint does not exist in the source,CRBD incidence table,https://drive.google.com/file/d/1guriAcqNbJNXpfd_UjYwevULLVSeiHXS/view?usp=drivesdk,SOURCE-VERIFIED / ATTRITION QC,V33-OD-0181,,,,,,,,,,,,,,,,INCLUDE,"Numerically extractable in its native endpoint/time/statistic; pooling still requires compatible stratum, comparator and independent-arm selection.",EXISTING_RESULT_SPECIFIC: High,Catheter-related bladder discomfort,TEAS,Sham,24 h point
Liang 2021,LIANG21_TEAS_vs_CTRL_CRBD48,Preoperative TEAS,Control/no stimulation,Catheter-related bladder discomfort,CRBD incidence,48 h,Events/total,37,38,35,35,,,,,,4,,,,,,19,participants,<0.05,Yes,No,RR,0.2105263157894737,No,No,Eligible for CRBD analysis at the matching timepoint,No,75 randomized but only 70 analyzed; preserve 35/35 outcome denominators. The stored 6-h CRBD endpoint does not exist in the source | V34: SOURCE CONFLICT: abstract 48-h CRBD 4/35 versus 7/35; Table 2 4/35 versus 19/35. Retain table values; quantitative HOLD pending adjudication.,CRBD incidence table,https://drive.google.com/file/d/1guriAcqNbJNXpfd_UjYwevULLVSeiHXS/view?usp=drivesdk,SOURCE-VERIFIED / ATTRITION QC,V33-OD-0182,,,,,,,,,,,,,,,,HOLD,"Unresolved source conflict or undefined endpoint; printed values retained, excluded from quantitative models.",EXISTING_RESULT_SPECIFIC: High,Catheter-related bladder discomfort,TEAS,Sham,48h
Liang 2021,LIANG21_TEAS_vs_CTRL_OPIOID24,Preoperative TEAS,Control/no stimulation,Opioid consumption,Exact cumulative postoperative opioid consumption,0-24 h,Not reported,37,38,35,35,,,,,,,,,,,,,mg/µg,,No,No,,,No,No,Not eligible for continuous 24-h opioid/MME meta-analysis,No,The source trial focuses on CRBD; no source-grounded exact cumulative 24-h opioid endpoint is available,Exact 24-h opioid endpoint absent,https://drive.google.com/file/d/1guriAcqNbJNXpfd_UjYwevULLVSeiHXS/view?usp=drivesdk,MISSING / NOT REPORTED,V33-OD-0183,,,,,,,,,,,,,,,,NOT REPORTED,Accessed source does not supply the requested numerical result.,ROB2_RESULT_SPECIFIC_PENDING,Postoperative opioid dose (native window/unit),TEAS,Sham,0-24h
Lee 2011,LEE11_LOW_vs_SHAM_MORPH24,Low-frequency dense-sparse SSP,Sham SSP,Opioid consumption,Cumulative IV PCA morphine delivered,First 24 postoperative hours,Mean/SD,12,12,10,12,29.29,8.89,,,,,34.2,6.4,,,,,mg IV morphine,Pairwise significance not clearly reported,Yes,No,MD,-4.910000000000004,Yes,Yes,Eligible for 24-h opioid analysis; shared sham comparator requires multi-arm handling,Yes,Two of 12 low-frequency participants discontinued because they could not complete VAS; publication analyzed 47/49 with no ITT,Table 8 / total morphine delivered,https://drive.google.com/file/d/1kQDSBtx3OpFOsim5oUMwhpfHOqaMy8Q9/view?usp=drivesdk,SOURCE-VERIFIED / MULTI-ARM + ATTRITION QC,V33-OD-0184,,,,,,,,,,,,,,,,INCLUDE,"Numerically extractable in its native endpoint/time/statistic; pooling still requires compatible stratum, comparator and independent-arm selection.",EXISTING_RESULT_SPECIFIC: Some concerns,Postoperative opioid dose (native window/unit),MODALITY_REVIEW_REQUIRED,Sham,first 24 postoperative hours
Lee 2011,LEE11_HIGH_vs_SHAM_MORPH24,100-Hz SSP,Sham SSP,Opioid consumption,Cumulative IV PCA morphine delivered,First 24 postoperative hours,Mean/SD,12,12,12,12,31.14,8.15,,,,,34.2,6.4,,,,,mg IV morphine,Pairwise significance not clearly reported,Yes,No,MD,-3.060000000000002,Yes,Yes,Eligible for 24-h opioid analysis; shared sham comparator requires multi-arm handling,Yes,Four-arm RCT; do not reconstruct total dose by summing interval means,Table 8 / total morphine delivered,https://drive.google.com/file/d/1kQDSBtx3OpFOsim5oUMwhpfHOqaMy8Q9/view?usp=drivesdk,SOURCE-VERIFIED,V33-OD-0185,,,,,,,,,,,,,,,,INCLUDE,"Numerically extractable in its native endpoint/time/statistic; pooling still requires compatible stratum, comparator and independent-arm selection.",EXISTING_RESULT_SPECIFIC: Some concerns,Postoperative opioid dose (native window/unit),MODALITY_REVIEW_REQUIRED,Sham,first 24 postoperative hours
Lee 2011,LEE11_LOW_vs_CONTROL_MORPH24,Low-frequency dense-sparse SSP,Untreated control,Opioid consumption,Cumulative IV PCA morphine delivered,First 24 postoperative hours,Mean/SD,12,13,10,13,29.29,8.89,,,,,38.63,11.08,,,,,mg IV morphine,Authors report significant post-hoc difference,Yes,No,MD,-9.340000000000003,Yes,Yes,Eligible for active-vs-usual-care 24-h opioid analysis,Yes,This is not the sham-controlled contrast; keep separate from active-vs-sham synthesis,Table 8 / total morphine delivered,https://drive.google.com/file/d/1kQDSBtx3OpFOsim5oUMwhpfHOqaMy8Q9/view?usp=drivesdk,SOURCE-VERIFIED,V33-OD-0186,,,,,,,,,,,,,,,,INCLUDE,"Numerically extractable in its native endpoint/time/statistic; pooling still requires compatible stratum, comparator and independent-arm selection.",EXISTING_RESULT_SPECIFIC: Some concerns,Postoperative opioid dose (native window/unit),MODALITY_REVIEW_REQUIRED,CONTROL_TYPE_REVIEW_REQUIRED,first 24 postoperative hours
Lee 2011,LEE11_LOW_vs_SHAM_VAS24,Low-frequency dense-sparse SSP,Sham SSP,Pain,VAS pain intensity,24 h,Mean/SD,12,12,10,12,1.21,1.31,,,,,2.54,0.86,,,,,VAS 0-10,Group 4 significantly different from Groups 1-3,Yes,No,MD,-1.33,No,No,Eligible for 24-h pain analysis with shared-control adjustment,Yes,Rest vs movement not reported; two low-frequency participants excluded because unable to complete VAS,24-h VAS table,https://drive.google.com/file/d/1kQDSBtx3OpFOsim5oUMwhpfHOqaMy8Q9/view?usp=drivesdk,SOURCE-VERIFIED / ATTRITION QC,V33-OD-0187,,,,,,,,,,,,,,,,INCLUDE,"Numerically extractable in its native endpoint/time/statistic; pooling still requires compatible stratum, comparator and independent-arm selection.",ROB2_RESULT_SPECIFIC_PENDING,Pain — unspecified context,MODALITY_REVIEW_REQUIRED,Sham,24 h point
Jin 2023,JIN23_2HZ_vs_SHAM_NAPC48,2-Hz postoperative EA,Sham nonpenetrating EA/no current,Opioid demand,Cumulative analgesic pump compressions,48 h,Median/IQR,58,58,53,52,,,1,0,3,,,,9,4.3,12,,pump compressions,<0.001 vs sham,Yes,No,,,No,No,Eligible for 48-h PCA-demand analysis; shared sham comparator requires multi-arm handling,Yes,174 randomized but outcome tables use only 158 completers; dropout reasons include 'unsatisfactory effects' despite ITT terminology,Primary outcome / Table 3,https://drive.google.com/file/d/1fkNAFra0gZ9jkWkzp_S0TWy-5zVrXCtj/view?usp=drivesdk,SOURCE-VERIFIED / COMPLETE-CASE + MULTI-ARM QC,V33-OD-0188,,,,,,,,,,,,,,,,NARRATIVE ONLY,Median and original dispersion preserved; no mean/SD conversion or MD pooling.,EXISTING_RESULT_SPECIFIC: High,PCA/PCIA button presses,EA,Sham,48h
Jin 2023,JIN23_20100_vs_SHAM_NAPC48,20/100-Hz postoperative EA,Sham nonpenetrating EA/no current,Opioid demand,Cumulative analgesic pump compressions,48 h,Median/IQR,58,58,53,52,,,1,0,4.5,,,,9,4.3,12,,pump compressions,<0.001 vs sham,Yes,No,,,No,No,Eligible for 48-h PCA-demand analysis; shared sham comparator requires multi-arm handling,Yes,174 randomized but outcome tables use only 158 completers; dropout reasons include 'unsatisfactory effects' despite ITT terminology,Primary outcome / Table 3,https://drive.google.com/file/d/1fkNAFra0gZ9jkWkzp_S0TWy-5zVrXCtj/view?usp=drivesdk,SOURCE-VERIFIED / COMPLETE-CASE + MULTI-ARM QC,V33-OD-0189,,,,,,,,,,,,,,,,NARRATIVE ONLY,Median and original dispersion preserved; no mean/SD conversion or MD pooling.,EXISTING_RESULT_SPECIFIC: High,PCA/PCIA button presses,EA,Sham,48h
Jin 2023,JIN23_2HZ_vs_SHAM_VOL24,2-Hz postoperative EA,Sham nonpenetrating EA/no current,Opioid consumption,Published 'fentanyl consumption' / PCIA solution volume,24 h,Mean/SD,58,58,53,52,39.31,15.58,,,,,56.54,12.5,,,,,mL PCIA solution,<0.001 overall; pairwise P<0.001 (2 Hz) / 0.001 (20/100 Hz),Yes,No,MD,-17.23,Yes,No,Raw 24-h solution-volume endpoint is usable; not eligible as fentanyl mass/MME until concentration is obtained,Yes,Main article does not report fentanyl concentration. Do not convert mL to µg/mg/MME. 2-Hz vs 20/100-Hz inferential statistics conflict between table and prose,Table 3 / 24-h 'fentanyl consumption',https://drive.google.com/file/d/1fkNAFra0gZ9jkWkzp_S0TWy-5zVrXCtj/view?usp=drivesdk,SOURCE-VERIFIED / CONCENTRATION + MULTIPLICITY QC,V33-OD-0190,,,,,,,,,,,,,,,,INCLUDE,"Numerically extractable in its native endpoint/time/statistic; pooling still requires compatible stratum, comparator and independent-arm selection.",ROB2_RESULT_SPECIFIC_PENDING,PCIA solution volume,EA,Sham,24 h point
Jin 2023,JIN23_20100_vs_SHAM_VOL24,20/100-Hz postoperative EA,Sham nonpenetrating EA/no current,Opioid consumption,Published 'fentanyl consumption' / PCIA solution volume,24 h,Mean/SD,58,58,53,52,45.72,16.92,,,,,56.54,12.5,,,,,mL PCIA solution,<0.001 overall; pairwise P<0.001 (2 Hz) / 0.001 (20/100 Hz),Yes,No,MD,-10.82,Yes,No,Raw 24-h solution-volume endpoint is usable; not eligible as fentanyl mass/MME until concentration is obtained,Yes,Main article does not report fentanyl concentration. Do not convert mL to µg/mg/MME. 2-Hz vs 20/100-Hz inferential statistics conflict between table and prose,Table 3 / 24-h 'fentanyl consumption',https://drive.google.com/file/d/1fkNAFra0gZ9jkWkzp_S0TWy-5zVrXCtj/view?usp=drivesdk,SOURCE-VERIFIED / CONCENTRATION + MULTIPLICITY QC,V33-OD-0191,,,,,,,,,,,,,,,,INCLUDE,"Numerically extractable in its native endpoint/time/statistic; pooling still requires compatible stratum, comparator and independent-arm selection.",ROB2_RESULT_SPECIFIC_PENDING,PCIA solution volume,EA,Sham,24 h point
Jin 2023,JIN23_OPIOID24_MASS,Active EA arms,Sham nonpenetrating EA/no current,Opioid consumption,Exact cumulative fentanyl mass / MME,0-24 h,Not calculable,58,58,,,,,,,,,,,,,,,µg fentanyl / MME,,No,No,,,Yes,No,Not eligible for mass-based 24-h opioid/MME meta-analysis until PCIA concentration is recovered,Yes,Only mL of solution are reported in the main article,PCIA formulation absent from main article,https://drive.google.com/file/d/1fkNAFra0gZ9jkWkzp_S0TWy-5zVrXCtj/view?usp=drivesdk,MISSING / SUPPLEMENT NEEDED,V33-OD-0192,,,,,,,,,,,,,,,,HOLD,Nonstandard or incomplete statistic; no inferred quantities.,ROB2_RESULT_SPECIFIC_PENDING,Postoperative opioid dose (native window/unit),EA,Sham,0-24h
Jiang 2026,JIANG26_TEAS_vs_SHAM_FLATUS_PP,Perioperative TEAS,Sham/no current,GI recovery,Time to first flatus,Postoperative,Median/IQR,308,306,294,293,,,21.5,19,23.5,,,,23.5,21,26,,hours,<0.001,Yes,No,,,No,No,Eligible for GI-recovery analysis as per-protocol result; prefer modified-ITT sensitivity where appropriate,No,614 randomized but only 587 in PP. Sex/ASA baseline counts contain internal denominator errors,Primary outcome / PP analysis,https://drive.google.com/file/d/1nujlP9A_IMWUfd3HdCD2rOxTc9-I8v92/view?usp=drivesdk,SOURCE-VERIFIED / PP ATTRITION QC,V33-OD-0193,,,,,,,,,,,,,,,,NARRATIVE ONLY,Median and original dispersion preserved; no mean/SD conversion or MD pooling.,EXISTING_RESULT_SPECIFIC: Some concerns,GI — first flatus,TEAS,Sham,postoperative
Jiang 2026,JIANG26_TEAS_vs_SHAM_FLATUS_MITT,Perioperative TEAS,Sham/no current,GI recovery,Time to first flatus,Modified-ITT-type analysis among intervention recipients,Median/IQR,308,306,296,297,,,21.3,19,23.5,,,,23.4,21,26,,hours,<0.001,Yes,No,,,No,No,"Preferred sensitivity result for first flatus, but still excludes 21 randomized non-recipients",No,"Authors call this ITT, but it includes 593 who received allocated intervention, not all 614 randomized; 6 post-treatment missing values were conservatively imputed",Primary outcome / reported ITT analysis,https://drive.google.com/file/d/1nujlP9A_IMWUfd3HdCD2rOxTc9-I8v92/view?usp=drivesdk,SOURCE-VERIFIED / MODIFIED-ITT QC,V33-OD-0194,,,,,,,,,,,,,,,,NARRATIVE ONLY,Median and original dispersion preserved; no mean/SD conversion or MD pooling.,EXISTING_RESULT_SPECIFIC: Some concerns,GI — first flatus,TEAS,Sham,modified-itt-type analysis among intervention recipients
Jiang 2026,JIANG26_TEAS_vs_SHAM_PONV24,Perioperative TEAS,Sham/no current,PONV,PONV incidence,Within 24 h,Events/total,308,306,294,293,,,,,,44,,,,,,67,participants,0.015,Yes,No,RR,0.6544826885978272,No,No,Eligible for dichotomous 24-h PONV analysis using PP denominators,No,Use 44/294 vs 67/293; do not relabel 587 as randomized/ITT,24-h PONV result,https://drive.google.com/file/d/1nujlP9A_IMWUfd3HdCD2rOxTc9-I8v92/view?usp=drivesdk,SOURCE-VERIFIED / PP ATTRITION QC,V33-OD-0195,,,,,,,,,,,,,,,,INCLUDE,"Numerically extractable in its native endpoint/time/statistic; pooling still requires compatible stratum, comparator and independent-arm selection.",ROB2_RESULT_SPECIFIC_PENDING,PONV composite,TEAS,Sham,within 24h
Jiang 2026,JIANG26_TEAS_vs_SHAM_INTRAOP_REMI,Perioperative TEAS,Sham/no current,Intraoperative opioid,Remifentanil consumption,Intraoperative,Median/IQR,308,306,294,293,,,841.4,593.85,1278,,,,795.2,584,1228.2,,µg remifentanil,0.284,Yes,No,,,No,No,Eligible for intraoperative opioid analysis; no opioid-sparing signal,No,Direct source result; not a postoperative endpoint,Perioperative characteristics table,https://drive.google.com/file/d/1nujlP9A_IMWUfd3HdCD2rOxTc9-I8v92/view?usp=drivesdk,SOURCE-VERIFIED,V33-OD-0196,,,,,,,,,,,,,,,,NARRATIVE ONLY,Median and original dispersion preserved; no mean/SD conversion or MD pooling.,ROB2_RESULT_SPECIFIC_PENDING,Intraoperative opioid,TEAS,Sham,intraoperative
Jiang 2026,JIANG26_TEAS_vs_SHAM_OPIOID24,Perioperative TEAS,Sham/no current,Opioid consumption,Exact cumulative postoperative opioid consumption,0-24 h,Not reported,308,306,294,293,,,,,,,,,,,,,mg/µg,,No,No,,,No,No,Not eligible for continuous 24-h opioid/MME meta-analysis from main publication,No,PCIA use is reported but exact group-specific postoperative dose is not,Postoperative analgesia section,https://drive.google.com/file/d/1nujlP9A_IMWUfd3HdCD2rOxTc9-I8v92/view?usp=drivesdk,MISSING / NOT REPORTED,V33-OD-0197,,,,,,,,,,,,,,,,NOT REPORTED,Accessed source does not supply the requested numerical result.,ROB2_RESULT_SPECIFIC_PENDING,Postoperative opioid dose (native window/unit),TEAS,Sham,0-24h
Huang 2025,HUANG25_EA_vs_UC_FLATUS,Postoperative EA + ERAS,ERAS/standard care,GI recovery,Time to first flatus,Postoperative,Mean/SD,51,50,43,45,36.4,8,,,,,42.2,8.5,,,,,hours,<0.001,Yes,No,MD,-5.800000000000004,No,No,Eligible for GI-recovery meta-analysis,No,13/101 randomized participants excluded after randomization; no sham procedure and patient blinding is not credible for penetrating postoperative EA,Co-primary outcome / first flatus,https://drive.google.com/file/d/1VnJCbIPz8Uy1kXYCTKk7l9Zqj-rTECrY/view?usp=drivesdk,SOURCE-VERIFIED / ATTRITION + BLINDING QC,V33-OD-0198,,,,,,,,,,,,,,,,INCLUDE,"Numerically extractable in its native endpoint/time/statistic; pooling still requires compatible stratum, comparator and independent-arm selection.",EXISTING_RESULT_SPECIFIC: High,GI — first flatus,EA,Usual care,postoperative
Huang 2025,HUANG25_EA_vs_UC_DEFEC,Postoperative EA + ERAS,ERAS/standard care,GI recovery,Time to first defecation,Postoperative,Mean/SD,51,50,43,45,46,8,,,,,51.3,9.4,,,,,hours,0.010,Yes,No,MD,-5.299999999999997,No,No,Eligible for GI-recovery meta-analysis,No,Same post-randomization exclusion and no-sham concerns apply,Co-primary outcome / first defecation,https://drive.google.com/file/d/1VnJCbIPz8Uy1kXYCTKk7l9Zqj-rTECrY/view?usp=drivesdk,SOURCE-VERIFIED / ATTRITION + BLINDING QC,V33-OD-0199,,,,,,,,,,,,,,,,INCLUDE,"Numerically extractable in its native endpoint/time/statistic; pooling still requires compatible stratum, comparator and independent-arm selection.",ROB2_RESULT_SPECIFIC_PENDING,GI — first defecation,EA,Usual care,postoperative
Huang 2025,HUANG25_EA_vs_UC_OPIOID24,Postoperative EA + ERAS,ERAS/standard care,Opioid consumption,Exact cumulative postoperative opioid consumption,0-24 h,Not reported,51,50,43,45,,,,,,,,,,,,,mg/µg,,No,No,,,No,No,Not eligible for continuous 24-h opioid/MME meta-analysis,No,"PCA drug/composition and consumption are not reported; rescue analgesia was ketorolac, a non-opioid NSAID",Postoperative analgesia section,https://drive.google.com/file/d/1VnJCbIPz8Uy1kXYCTKk7l9Zqj-rTECrY/view?usp=drivesdk,MISSING / PCA DRUG AND DOSE NR,V33-OD-0200,,,,,,,,,,,,,,,,NOT REPORTED,Accessed source does not supply the requested numerical result.,ROB2_RESULT_SPECIFIC_PENDING,Postoperative opioid dose (native window/unit),EA,Usual care,0-24h
Huang 2024,HUANG24_CONTRA_vs_SHAM_VASD1,Contralateral EA,Bilateral sham EA,Pain,VAS during walking/knee movement,POD1,Mean/SD,38,38,38,38,53.16,9.99,,,,,56.71,9.84,,,,,VAS 0-100,Adjusted pairwise not significant on Day 1,Yes,No,MD,-3.550000000000004,No,No,Eligible for POD1 movement-pain analysis with shared sham adjustment,Yes,Three-arm trial; 6 did not complete allocated intervention but authors state ITT and follow-up was obtained for all 114,Primary serial VAS / Day 1,https://drive.google.com/file/d/1z-76QoxqmtMRV32wOpem7jAyDnuD6fb8/view?usp=drivesdk,SOURCE-VERIFIED / MULTI-ARM QC,V33-OD-0201,,,,,,,,,,,,,,,,INCLUDE,"Numerically extractable in its native endpoint/time/statistic; pooling still requires compatible stratum, comparator and independent-arm selection.",EXISTING_RESULT_SPECIFIC: Some concerns,Pain — movement/activity,EA,Sham,pod1
Huang 2024,HUANG24_IPSI_vs_SHAM_VASD1,Ipsilateral EA,Bilateral sham EA,Pain,VAS during walking/knee movement,POD1,Mean/SD,38,38,38,38,53.5,10.79,,,,,56.71,9.84,,,,,VAS 0-100,Adjusted pairwise not significant on Day 1,Yes,No,MD,-3.210000000000001,No,No,Eligible for POD1 movement-pain analysis with shared sham adjustment,Yes,Three-arm trial; 6 did not complete allocated intervention but authors state ITT and follow-up was obtained for all 114,Primary serial VAS / Day 1,https://drive.google.com/file/d/1z-76QoxqmtMRV32wOpem7jAyDnuD6fb8/view?usp=drivesdk,SOURCE-VERIFIED / MULTI-ARM QC,V33-OD-0202,,,,,,,,,,,,,,,,INCLUDE,"Numerically extractable in its native endpoint/time/statistic; pooling still requires compatible stratum, comparator and independent-arm selection.",EXISTING_RESULT_SPECIFIC: Some concerns,Pain — movement/activity,EA,Sham,pod1
Huang 2024,HUANG24_CONTRA_vs_SHAM_PCA_D2,Contralateral EA,Bilateral sham EA,Opioid demand,Additional PCA dose/release,"POD2; 24 h after first EA session, not necessarily 24 h after surgery",Median/IQR,38,38,38,38,,,0,0,2,,,,2,2,4,,source unit not reported,P<0.001,Yes,No,,,No,No,Eligible only as supplemental PCA-use proxy; not as opioid mass/MME,Yes,"PCA drug, dose per release and outcome unit are not reported; timing is 24 h after first EA rather than explicitly 24 h after surgery",Primary PCA outcome / POD2,https://drive.google.com/file/d/1z-76QoxqmtMRV32wOpem7jAyDnuD6fb8/view?usp=drivesdk,SOURCE-VERIFIED / UNIT + TIMEPOINT QC,V33-OD-0203,,,,,,,,,,,,,,,,NARRATIVE ONLY,Median and original dispersion preserved; no mean/SD conversion or MD pooling.,ROB2_RESULT_SPECIFIC_PENDING,Postoperative opioid dose (native window/unit),EA,Sham,"pod2; 24h after first ea session, not necessarily 24h after surgery"
Huang 2024,HUANG24_OPIOID24,True-EA arms,Bilateral sham EA,Opioid consumption,Exact cumulative postoperative opioid dose,0-24 h,Not calculable,38,38,38,38,,,,,,,,,,,,,MME,,No,No,,,No,No,Not eligible for continuous 24-h opioid/MME meta-analysis,Yes,"PCA drug identity/composition, bolus dose and exact 24-h-after-surgery exposure are unavailable",PCA regimen incomplete,https://drive.google.com/file/d/1z-76QoxqmtMRV32wOpem7jAyDnuD6fb8/view?usp=drivesdk,MISSING / AUTHOR OR SUPPLEMENT DATA NEEDED,V33-OD-0204,,,,,,,,,,,,,,,,HOLD,Nonstandard or incomplete statistic; no inferred quantities.,ROB2_RESULT_SPECIFIC_PENDING,Postoperative opioid dose (native window/unit),EA,Sham,0-24h
Hou 2023,HOU23_TEAS_vs_SHAM_PONV,Perioperative TEAS,Sham/no-current TEAS,PONV,PONV incidence,Postoperative / reported review window,Events/total,37,37,36,36,,,,,,4,,,,,,12,participants,0.023,Yes,No,RR,0.3333333333333333,No,No,Eligible for dichotomous PONV analysis,No,Two withdrawals (one/group) for personal reasons; no blinding-success test despite active 6-15 mA vibration vs no current,PONV result,https://drive.google.com/file/d/161WdTRehgwvDHvQ8OkRf8U9TbUmVQgaR/view?usp=drivesdk,SOURCE-VERIFIED,V33-OD-0205,,,,,,,,,,,,,,,,INCLUDE,"Numerically extractable in its native endpoint/time/statistic; pooling still requires compatible stratum, comparator and independent-arm selection.",EXISTING_RESULT_SPECIFIC: Some concerns,PONV composite,TEAS,Sham,postoperative / reported review window
Hou 2023,HOU23_TEAS_vs_SHAM_PAIN_D2,Perioperative TEAS,Sham/no-current TEAS,Pain,VAS-P pain,"D2 = one day after surgery, not exact clock-time 24 h",Median/IQR,37,37,36,36,,,30,30,47.5,,,,55,40,60,,VAS 0-100 mm,0.001,Yes,No,,,No,No,"Eligible for POD1/day-after-surgery pain analysis, not strict clock-time 24-h pooling without protocol allowance",No,D2 is author-defined as one day after surgery; do not silently label it exact 24 h,Postoperative pain / D2,https://drive.google.com/file/d/161WdTRehgwvDHvQ8OkRf8U9TbUmVQgaR/view?usp=drivesdk,SOURCE-VERIFIED / TIMEPOINT QC,V33-OD-0206,,,,,,,,,,,,,,,,NARRATIVE ONLY,Median and original dispersion preserved; no mean/SD conversion or MD pooling.,ROB2_RESULT_SPECIFIC_PENDING,Pain — unspecified context,TEAS,Sham,"d2 = one day after surgery, not exact clock-time 24h"
Hou 2023,HOU23_TEAS_vs_SHAM_RESCUE,Perioperative TEAS,Sham/no-current TEAS,Rescue analgesia,Any rescue flurbiprofen use,Postoperative,Events/total,37,37,36,36,,,,,,15,,,,,,28,participants,0.002,Yes,No,RR,0.5357142857142857,No,No,Eligible for non-opioid rescue-analgesia analysis only,No,"Flurbiprofen is an NSAID, not an opioid",Rescue analgesia,https://drive.google.com/file/d/161WdTRehgwvDHvQ8OkRf8U9TbUmVQgaR/view?usp=drivesdk,SOURCE-VERIFIED,V33-OD-0207,,,,,,,,,,,,,,,,INCLUDE,"Numerically extractable in its native endpoint/time/statistic; pooling still requires compatible stratum, comparator and independent-arm selection.",ROB2_RESULT_SPECIFIC_PENDING,Non-opioid rescue analgesia,TEAS,Sham,postoperative
Hou 2023,HOU23_TEAS_vs_SHAM_OPIOID24,Perioperative TEAS,Sham/no-current TEAS,Opioid consumption,Actual total postoperative sufentanil consumption,0-24 h,Not reported,37,37,36,36,,,,,,,,,,,,,µg sufentanil,,No,No,,,Yes,No,Not eligible for continuous 24-h opioid/MME meta-analysis,No,"PCIA concentration and basal/bolus settings are known, but actual bolus use/total delivered sufentanil are not reported; fixed basal exposure is not total consumption",PCIA regimen / consumption absent,https://drive.google.com/file/d/161WdTRehgwvDHvQ8OkRf8U9TbUmVQgaR/view?usp=drivesdk,MISSING / ACTUAL TOTAL NOT REPORTED,V33-OD-0208,,,,,,,,,,,,,,,,NOT REPORTED,Accessed source does not supply the requested numerical result.,ROB2_RESULT_SPECIFIC_PENDING,Postoperative opioid dose (native window/unit),TEAS,Sham,0-24h
Huang 2017,HUANG17_2100_vs_CTRL_REMI,2/100-Hz TEAS,Placebo TEAS/no current,Intraoperative opioid,Total opioid as remifentanil-equivalent rate,Intraoperative,Mean/SD,20,20,20,20,0.1128,0.034,,,,,0.1617,0.037,,,,,µg/kg/min remifentanil-equivalent,2/100 vs control P≤0.001,Yes,No,MD,-0.04890000000000001,No,No,Eligible for intraoperative opioid analysis; shared control requires multi-arm handling,Yes,Four-arm frequency trial; preserve each active frequency separately,Table 2 / intraoperative anesthetic consumption,https://drive.google.com/file/d/1RJGi1PYvw75qVW9UK8CBtJPH4G035ASs/view?usp=drivesdk,SOURCE-VERIFIED,V33-OD-0209,,,,,,,,,,,,,,,,INCLUDE,"Numerically extractable in its native endpoint/time/statistic; pooling still requires compatible stratum, comparator and independent-arm selection.",EXISTING_RESULT_SPECIFIC: Some concerns,Intraoperative opioid,TEAS,Sham,intraoperative
Huang 2017,HUANG17_2HZ_vs_CTRL_REMI,2-Hz TEAS,Placebo TEAS/no current,Intraoperative opioid,Total opioid as remifentanil-equivalent rate,Intraoperative,Mean/SD,20,20,20,20,0.1718,0.066,,,,,0.1617,0.037,,,,,µg/kg/min remifentanil-equivalent,NR pairwise vs control,Yes,No,MD,0.0101,No,No,Eligible for intraoperative opioid analysis; shared control requires multi-arm handling,Yes,Four-arm frequency trial; preserve each active frequency separately,Table 2 / intraoperative anesthetic consumption,https://drive.google.com/file/d/1RJGi1PYvw75qVW9UK8CBtJPH4G035ASs/view?usp=drivesdk,SOURCE-VERIFIED,V33-OD-0210,,,,,,,,,,,,,,,,INCLUDE,"Numerically extractable in its native endpoint/time/statistic; pooling still requires compatible stratum, comparator and independent-arm selection.",EXISTING_RESULT_SPECIFIC: Some concerns,Intraoperative opioid,TEAS,Sham,intraoperative
Huang 2017,HUANG17_100HZ_vs_CTRL_REMI,100-Hz TEAS,Placebo TEAS/no current,Intraoperative opioid,Total opioid as remifentanil-equivalent rate,Intraoperative,Mean/SD,20,20,20,20,0.1451,0.036,,,,,0.1617,0.037,,,,,µg/kg/min remifentanil-equivalent,NR pairwise vs control,Yes,No,MD,-0.0166,No,No,Eligible for intraoperative opioid analysis; shared control requires multi-arm handling,Yes,Four-arm frequency trial; preserve each active frequency separately,Table 2 / intraoperative anesthetic consumption,https://drive.google.com/file/d/1RJGi1PYvw75qVW9UK8CBtJPH4G035ASs/view?usp=drivesdk,SOURCE-VERIFIED,V33-OD-0211,,,,,,,,,,,,,,,,INCLUDE,"Numerically extractable in its native endpoint/time/statistic; pooling still requires compatible stratum, comparator and independent-arm selection.",EXISTING_RESULT_SPECIFIC: Some concerns,Intraoperative opioid,TEAS,Sham,intraoperative
Huang 2017,HUANG17_POSTOP_SUF_AGG,2/100-Hz TEAS,Placebo TEAS/no current,Opioid consumption,Published postoperative sufentanil aggregate,Observation window unclear,Mean/SD,20,20,20,20,1.67,0.59,,,,,1.32,0.48,,,,,µg/kg sufentanil,NS,Yes,No,MD,0.3499999999999999,No,No,Not eligible for strict 24-h opioid analysis because the aggregate time window is undefined,Yes,Methods mention 6/12/24/48-h assessments but Table 5 gives only one aggregate dose per group,Table 5 / postoperative analgesic consumption,https://drive.google.com/file/d/1RJGi1PYvw75qVW9UK8CBtJPH4G035ASs/view?usp=drivesdk,SOURCE-VERIFIED / WINDOW UNRESOLVED,V33-OD-0212,,,,,,,,,,,,,,,,HOLD,"Unresolved source statistic, denominator or timepoint.",ROB2_RESULT_SPECIFIC_PENDING,Postoperative opioid dose (native window/unit),TEAS,Sham,AMBIGUOUS
Huang 2017,HUANG17_OPIOID24,Active TEAS frequency arms,Placebo TEAS/no current,Opioid consumption,Exact cumulative postoperative sufentanil consumption,0-24 h,Not reported,20,20,20,20,,,,,,,,,,,,,µg/kg sufentanil,,No,No,,,No,No,Not eligible for continuous 24-h opioid/MME meta-analysis,Yes,Exact 24-h group values and PCA demand/delivery counts are not published,Exact 24-h postoperative endpoint absent,https://drive.google.com/file/d/1RJGi1PYvw75qVW9UK8CBtJPH4G035ASs/view?usp=drivesdk,MISSING / AUTHOR DATA NEEDED,V33-OD-0213,,,,,,,,,,,,,,,,NOT REPORTED,Accessed source does not supply the requested numerical result.,ROB2_RESULT_SPECIFIC_PENDING,Postoperative opioid dose (native window/unit),TEAS,Sham,0-24h
He 2026 (hepatectomy/JIS),HEJIS26_TEAS_vs_CTRL_MME24,Intraoperative PC6 TEAS,No-current PC6 control,Opioid consumption,Total postoperative opioid consumption in morphine equivalents,0-24 h,Mean/SD,81,80,80,79,20,2.5,,,,,20.6,4.5,,,,,mg MME,0.30,Yes,No,MD,-0.6000000000000014,Yes,Yes,Primary continuous 24-h opioid endpoint,No,Supplemental eTable 1 directly reports MME; mITT excludes one canceled surgery and one consent withdrawal after randomization,"Supplemental Material 2, eTable 1",https://drive.google.com/file/d/1VgOxIOrGe7ZVevkKEVP7G-0V1DXPU0Gf/view?usp=drivesdk,SOURCE-VERIFIED,V33-OD-0214,,,,,,,,,,,,,,,,INCLUDE,Locked strict primary result; prespecified source adjudication and conversions retained.,EXISTING_LOCKED_PRIMARY: Some concerns,Postoperative opioid dose (native window/unit),TEAS,Sham,cumulative 0–24 h (locked primary source adjudication)
He 2026 (hepatectomy/JIS),HEJIS26_TEAS_vs_CTRL_PONV24,Intraoperative PC6 TEAS,No-current PC6 control,PONV,PONV incidence,0-24 h,Events/total,81,80,80,79,,,,,,19,,,,,,21,participants,0.68,Yes,No,RR,0.893452380952381,No,No,Eligible for dichotomous 24-h PONV analysis,No,Primary trial outcome; no meaningful between-group difference,Primary PONV outcome / mITT,https://drive.google.com/file/d/1VgOxIOrGe7ZVevkKEVP7G-0V1DXPU0Gf/view?usp=drivesdk,SOURCE-VERIFIED,V33-OD-0215,,,,,,,,,,,,,,,,INCLUDE,"Numerically extractable in its native endpoint/time/statistic; pooling still requires compatible stratum, comparator and independent-arm selection.",ROB2_RESULT_SPECIFIC_PENDING,PONV composite,TEAS,Sham,0-24h
He 2026 (hepatectomy/JIS),HEJIS26_TEAS_vs_CTRL_PCAATT24,Intraoperative PC6 TEAS,No-current PC6 control,Opioid demand,PCA attempts,24 h,Mean/SD,81,80,80,79,2.7,3.3,,,,,3.5,6.1,,,,,attempts,0.02,Yes,No,MD,-0.7999999999999998,No,No,Eligible as 24-h PCA-demand outcome,No,Fewer attempts despite no difference in total MME,Supplemental/secondary outcome,https://drive.google.com/file/d/1VgOxIOrGe7ZVevkKEVP7G-0V1DXPU0Gf/view?usp=drivesdk,SOURCE-VERIFIED,V33-OD-0216,,,,,,,,,,,,,,,,INCLUDE,"Numerically extractable in its native endpoint/time/statistic; pooling still requires compatible stratum, comparator and independent-arm selection.",ROB2_RESULT_SPECIFIC_PENDING,PCA/PCIA button presses,TEAS,Sham,24 h point
He 2026 (breast/WJCO),HEBREAST26_EA_vs_SHAM_MODMOV24,Perioperative EA + flurbiprofen,Sham acupuncture + flurbiprofen,Pain,Moderate-to-severe movement-evoked pain (VAS >4),24 h,Events/total,65,65,65,65,,,,,,32,,,,,,42,participants,<0.05,Yes,No,RR,0.7619047619047619,No,No,Eligible for dichotomous 24-h movement-pain analysis,No,"All 130 analyzed; participant masking intended with shallow sham puncture, but sensory differences were possible",Primary outcome / 24-h movement pain,https://drive.google.com/file/d/1D6Js5nTN2AwL5-BB-NIJVoCKVtcbcczH/view?usp=drivesdk,SOURCE-VERIFIED,V33-OD-0217,,,,,,,,,,,,,,,,INCLUDE,"Numerically extractable in its native endpoint/time/statistic; pooling still requires compatible stratum, comparator and independent-arm selection.",EXISTING_RESULT_SPECIFIC: Some concerns,Pain — movement/activity,EA,Sham,24 h point
He 2026 (breast/WJCO),HEBREAST26_EA_vs_SHAM_VASMOV24,Perioperative EA + flurbiprofen,Sham acupuncture + flurbiprofen,Pain,Movement VAS,24 h,Mean/SD,65,65,65,65,2.862,0.233,,,,,3.954,0.233,,,,,VAS,<0.01,Yes,No,MD,-1.092,No,No,Eligible for 24-h movement-pain meta-analysis,No,"Article labels values mean±SD, but identical very small dispersions across arms/timepoints warrant source-verification caution",Postoperative VAS table,https://drive.google.com/file/d/1D6Js5nTN2AwL5-BB-NIJVoCKVtcbcczH/view?usp=drivesdk,SOURCE-VERIFIED / DISPERSION QC,V33-OD-0218,,,,,,,,,,,,,,,,INCLUDE,"Numerically extractable in its native endpoint/time/statistic; pooling still requires compatible stratum, comparator and independent-arm selection.",ROB2_RESULT_SPECIFIC_PENDING,Pain — movement/activity,EA,Sham,24 h point
He 2026 (breast/WJCO),HEBREAST26_EA_vs_SHAM_VASREST24,Perioperative EA + flurbiprofen,Sham acupuncture + flurbiprofen,Pain,Resting VAS,24 h,Mean/SD,65,65,65,65,1.789,0.174,,,,,2.692,0.174,,,,,VAS,<0.01,Yes,No,MD,-0.9030000000000002,No,No,Eligible for 24-h rest-pain meta-analysis,No,Same dispersion-format caution as movement VAS,Postoperative VAS table,https://drive.google.com/file/d/1D6Js5nTN2AwL5-BB-NIJVoCKVtcbcczH/view?usp=drivesdk,SOURCE-VERIFIED / DISPERSION QC,V33-OD-0219,,,,,,,,,,,,,,,,INCLUDE,"Numerically extractable in its native endpoint/time/statistic; pooling still requires compatible stratum, comparator and independent-arm selection.",ROB2_RESULT_SPECIFIC_PENDING,Pain — rest,EA,Sham,24 h point
He 2026 (breast/WJCO),HEBREAST26_OPIOID24,Perioperative EA + flurbiprofen,Sham acupuncture + flurbiprofen,Opioid consumption,Cumulative rescue morphine consumption,0-24 h,Not reported,65,65,65,65,,,,,,,,,,,,,mg IV morphine,,No,No,,,No,No,Not eligible for continuous 24-h opioid/MME meta-analysis,No,"Rescue morphine 1-3 mg IV was allowed, but authors explicitly state rescue opioid consumption was not recorded or compared",Postoperative analgesia limitation,https://drive.google.com/file/d/1D6Js5nTN2AwL5-BB-NIJVoCKVtcbcczH/view?usp=drivesdk,MISSING / NOT RECORDED,V33-OD-0220,,,,,,,,,,,,,,,,NOT REPORTED,Accessed source does not supply the requested numerical result.,ROB2_RESULT_SPECIFIC_PENDING,Rescue opioid frequency / dose (native unit),EA,Sham,0-24h
Gu 2019,GU19_LTEAS_vs_CTEAS_VAS24,Long-duration TEAS,Sham/no-current TEAS,Pain,VAS pain intensity,24 h,Mean/SD,60,60,58,59,1.98,0.39,,,,,2.72,0.73,,,,,VAS 0-10,<0.05,Yes,No,MD,-0.7400000000000002,No,No,Eligible for 24-h pain analysis,No,Three randomized patients excluded; active 5-30 mA stimulation vs sham no current with no blinding-success assessment,Figure 3 / 24-h VAS,https://drive.google.com/file/d/1ipQFXfERgAVmgNKMpLkvaaecYJVSTDiw/view?usp=drivesdk,SOURCE-VERIFIED / ATTRITION + BLINDING QC,V33-OD-0221,,,,,,,,,,,,,,,,INCLUDE,"Numerically extractable in its native endpoint/time/statistic; pooling still requires compatible stratum, comparator and independent-arm selection.",ROB2_RESULT_SPECIFIC_PENDING,Pain — unspecified context,TEAS,Sham,24 h point
Gu 2019,GU19_LTEAS_vs_CTEAS_BOWEL,Long-duration TEAS,Sham/no-current TEAS,GI recovery,Time to first bowel sounds,Postoperative,Mean/SD,60,60,58,59,19.69,7.61,,,,,26.58,7.43,,,,,hours,0.01,Yes,No,MD,-6.889999999999997,No,No,Eligible for GI-recovery analysis,No,First flatus/defecation were patient self-recorded; bowel sounds were nurse-assessed,GI recovery table,https://drive.google.com/file/d/1ipQFXfERgAVmgNKMpLkvaaecYJVSTDiw/view?usp=drivesdk,SOURCE-VERIFIED / ATTRITION QC,V33-OD-0222,,,,,,,,,,,,,,,,INCLUDE,"Numerically extractable in its native endpoint/time/statistic; pooling still requires compatible stratum, comparator and independent-arm selection.",ROB2_RESULT_SPECIFIC_PENDING,GI — bowel sounds,TEAS,Sham,postoperative
Gu 2019,GU19_LTEAS_vs_CTEAS_FLATUS,Long-duration TEAS,Sham/no-current TEAS,GI recovery,Time to first flatus,Postoperative,Mean/SD,60,60,58,59,36.58,10.75,,,,,43.56,9.57,,,,,hours,0.03,Yes,No,MD,-6.980000000000004,No,No,Eligible for GI-recovery analysis,No,First flatus/defecation were patient self-recorded; bowel sounds were nurse-assessed,GI recovery table,https://drive.google.com/file/d/1ipQFXfERgAVmgNKMpLkvaaecYJVSTDiw/view?usp=drivesdk,SOURCE-VERIFIED / ATTRITION QC,V33-OD-0223,,,,,,,,,,,,,,,,INCLUDE,"Numerically extractable in its native endpoint/time/statistic; pooling still requires compatible stratum, comparator and independent-arm selection.",EXISTING_RESULT_SPECIFIC: Some concerns,GI — first flatus,TEAS,Sham,postoperative
Gu 2019,GU19_LTEAS_vs_CTEAS_DEFEC,Long-duration TEAS,Sham/no-current TEAS,GI recovery,Time to first defecation,Postoperative,Mean/SD,60,60,58,59,71.48,20.62,,,,,77.27,22.67,,,,,hours,0.04,Yes,No,MD,-5.789999999999992,No,No,Eligible for GI-recovery analysis,No,First flatus/defecation were patient self-recorded; bowel sounds were nurse-assessed,GI recovery table,https://drive.google.com/file/d/1ipQFXfERgAVmgNKMpLkvaaecYJVSTDiw/view?usp=drivesdk,SOURCE-VERIFIED / ATTRITION QC,V33-OD-0224,,,,,,,,,,,,,,,,INCLUDE,"Numerically extractable in its native endpoint/time/statistic; pooling still requires compatible stratum, comparator and independent-arm selection.",ROB2_RESULT_SPECIFIC_PENDING,GI — first defecation,TEAS,Sham,postoperative
Gu 2019,GU19_LTEAS_vs_CTEAS_PCIA4,Long-duration TEAS,Sham/no-current TEAS,PCIA solution volume,Cumulative multimodal PCIA solution consumed,4 h,Mean/SD,60,60,58,59,10.02,2.26,,,,,13.38,2.98,,,,,mL multimodal PCIA solution,<0.05,Yes,Yes,MD,-3.360000000000001,No,No,Separate multimodal PCIA volume endpoint; never primary opioid mass,No,"Pump also contains dexmedetomidine, flurbiprofen and palonosetron; exact 24-h value is graph-only | V34: Solution contains sufentanil, dexmedetomidine, flurbiprofen and palonosetron. No v34 conversion to opioid mass.",Figure 4 / 4 h cumulative PCIA,https://drive.google.com/file/d/1ipQFXfERgAVmgNKMpLkvaaecYJVSTDiw/view?usp=drivesdk,SOURCE-VERIFIED / MULTIMODAL PCIA,V33-OD-0225,,,,,,,,,,,,,,,,INCLUDE,"Numerically extractable in its native endpoint/time/statistic; pooling still requires compatible stratum, comparator and independent-arm selection.",ROB2_RESULT_SPECIFIC_PENDING,PCIA solution volume,TEAS,Sham,4h
Gu 2019,GU19_LTEAS_vs_CTEAS_PCIA8,Long-duration TEAS,Sham/no-current TEAS,PCIA solution volume,Cumulative multimodal PCIA solution consumed,8 h,Mean/SD,60,60,58,59,20.55,4.59,,,,,24.63,3.94,,,,,mL multimodal PCIA solution,<0.05,Yes,Yes,MD,-4.079999999999998,No,No,Separate multimodal PCIA volume endpoint; never primary opioid mass,No,"Pump also contains dexmedetomidine, flurbiprofen and palonosetron; exact 24-h value is graph-only | V34: Solution contains sufentanil, dexmedetomidine, flurbiprofen and palonosetron. No v34 conversion to opioid mass.",Figure 4 / 8 h cumulative PCIA,https://drive.google.com/file/d/1ipQFXfERgAVmgNKMpLkvaaecYJVSTDiw/view?usp=drivesdk,SOURCE-VERIFIED / MULTIMODAL PCIA,V33-OD-0226,,,,,,,,,,,,,,,,INCLUDE,"Numerically extractable in its native endpoint/time/statistic; pooling still requires compatible stratum, comparator and independent-arm selection.",ROB2_RESULT_SPECIFIC_PENDING,PCIA solution volume,TEAS,Sham,8h
Gu 2019,GU19_LTEAS_vs_CTEAS_PCIA36,Long-duration TEAS,Sham/no-current TEAS,PCIA solution volume,Cumulative multimodal PCIA solution consumed,36 h,Mean/SD,60,60,58,59,72.64,9.74,,,,,76.01,10.43,,,,,mL multimodal PCIA solution,<0.05,Yes,Yes,MD,-3.370000000000005,No,No,Separate multimodal PCIA volume endpoint; never primary opioid mass,No,"Pump also contains dexmedetomidine, flurbiprofen and palonosetron; exact 24-h value is graph-only | V34: Solution contains sufentanil, dexmedetomidine, flurbiprofen and palonosetron. No v34 conversion to opioid mass.",Figure 4 / 36 h cumulative PCIA,https://drive.google.com/file/d/1ipQFXfERgAVmgNKMpLkvaaecYJVSTDiw/view?usp=drivesdk,SOURCE-VERIFIED / MULTIMODAL PCIA,V33-OD-0227,,,,,,,,,,,,,,,,INCLUDE,"Numerically extractable in its native endpoint/time/statistic; pooling still requires compatible stratum, comparator and independent-arm selection.",ROB2_RESULT_SPECIFIC_PENDING,PCIA solution volume,TEAS,Sham,36h
Gu 2019,GU19_OPIOID24,Long-duration TEAS,Sham/no-current TEAS,PCIA solution volume,Cumulative multimodal PCIA solution volume,0-24 h,Graph-only continuous data,60,60,58,59,,,,,,,,,,,,,mL multimodal PCIA solution,,No,No,,,No,No,Separate multimodal PCIA volume endpoint; never primary opioid mass,No,"24-h PCIA point is visible graphically but not numerically reported | V34: Solution contains sufentanil, dexmedetomidine, flurbiprofen and palonosetron. No v34 conversion to opioid mass.",Figure 4 / 24-h point,https://drive.google.com/file/d/1ipQFXfERgAVmgNKMpLkvaaecYJVSTDiw/view?usp=drivesdk,FIGURE ONLY / DIGITIZATION NEEDED,V33-OD-0228,,,,,,,,,,,,,,,,GRAPH ONLY,No new graph digitization; historical digitized data require their original validation before pooling.,ROB2_RESULT_SPECIFIC_PENDING,PCIA solution volume,TEAS,Sham,0-24h
Guo 2023,GUO23_TEAS_vs_SHAM_POCD1,Perioperative TEAS,Sham/no-current TEAS,Neurocognitive,Postoperative cognitive dysfunction (MoCA decline ≥1 SD),POD1,Events/total,64,64,55,55,,,,,,11,,,,,,36,participants,<0.001,Percentages reported; counts derived from n=55 completers,Yes,RR,0.3055555555555556,No,No,Eligible only as complete-case POCD result; attrition sensitivity needed,No,"18/128 randomized participants excluded from analysis, including conversions, repeat surgery, refusal and deaths",Primary POCD result,https://drive.google.com/file/d/1Idfl7rfZhgAUJHDpsmgzp17ADiGvrU8C/view?usp=drivesdk,SOURCE-VERIFIED / COUNTS DERIVED + HIGH ATTRITION,V33-OD-0229,,,,,,,,,,,,,,,,INCLUDE,"Numerically extractable in its native endpoint/time/statistic; pooling still requires compatible stratum, comparator and independent-arm selection.",ROB2_RESULT_SPECIFIC_PENDING,Neurocognitive,TEAS,Sham,pod1
Guo 2023,GUO23_TEAS_vs_SHAM_POCD7,Perioperative TEAS,Sham/no-current TEAS,Neurocognitive,Postoperative cognitive dysfunction (MoCA decline ≥1 SD),POD7,Events/total,64,64,55,55,,,,,,4,,,,,,24,participants,<0.001,Percentages reported; counts derived from n=55 completers,Yes,RR,0.1666666666666667,No,No,Eligible only as complete-case POCD result; attrition sensitivity needed,No,"18/128 randomized participants excluded from analysis, including conversions, repeat surgery, refusal and deaths",Primary POCD result,https://drive.google.com/file/d/1Idfl7rfZhgAUJHDpsmgzp17ADiGvrU8C/view?usp=drivesdk,SOURCE-VERIFIED / COUNTS DERIVED + HIGH ATTRITION,V33-OD-0230,,,,,,,,,,,,,,,,INCLUDE,"Numerically extractable in its native endpoint/time/statistic; pooling still requires compatible stratum, comparator and independent-arm selection.",ROB2_RESULT_SPECIFIC_PENDING,Neurocognitive,TEAS,Sham,pod7
Guo 2023,GUO23_TEAS_vs_SHAM_POCD30,Perioperative TEAS,Sham/no-current TEAS,Neurocognitive,Postoperative cognitive dysfunction (MoCA decline ≥1 SD),POD30,Events/total,64,64,55,55,,,,,,2,,,,,,22,participants,<0.001,Percentages reported; counts derived from n=55 completers,Yes,RR,0.0909090909090909,No,No,Eligible only as complete-case POCD result; attrition sensitivity needed,No,"18/128 randomized participants excluded from analysis, including conversions, repeat surgery, refusal and deaths",Primary POCD result,https://drive.google.com/file/d/1Idfl7rfZhgAUJHDpsmgzp17ADiGvrU8C/view?usp=drivesdk,SOURCE-VERIFIED / COUNTS DERIVED + HIGH ATTRITION,V33-OD-0231,,,,,,,,,,,,,,,,INCLUDE,"Numerically extractable in its native endpoint/time/statistic; pooling still requires compatible stratum, comparator and independent-arm selection.",ROB2_RESULT_SPECIFIC_PENDING,Neurocognitive,TEAS,Sham,pod30
Guo 2023,GUO23_TEAS_vs_SHAM_REMI,Perioperative TEAS,Sham/no-current TEAS,Intraoperative opioid,Remifentanil consumption,Intraoperative,Mean/SD,64,64,55,55,0.87,0.3,,,,,1.01,0.39,,,,,mg remifentanil,0.040,Yes,No,MD,-0.14,No,No,Eligible for intraoperative opioid-sparing analysis,No,Complete-case n=55/group,Perioperative anesthetic table,https://drive.google.com/file/d/1Idfl7rfZhgAUJHDpsmgzp17ADiGvrU8C/view?usp=drivesdk,SOURCE-VERIFIED,V33-OD-0232,,,,,,,,,,,,,,,,INCLUDE,"Numerically extractable in its native endpoint/time/statistic; pooling still requires compatible stratum, comparator and independent-arm selection.",ROB2_RESULT_SPECIFIC_PENDING,Intraoperative opioid,TEAS,Sham,intraoperative
Guo 2023,GUO23_PAINPOD1,Perioperative TEAS,Sham/no-current TEAS,Pain,NRS pain intensity,POD1,Graph-only continuous data,64,64,55,55,,,,,,,,,,,,,NRS,<0.001,No,No,,,No,No,Not ready for continuous pooling without digitization/author data,No,Exact means/SDs are figure-only,Figure 3B,https://drive.google.com/file/d/1Idfl7rfZhgAUJHDpsmgzp17ADiGvrU8C/view?usp=drivesdk,FIGURE ONLY / DIGITIZATION NEEDED,V33-OD-0233,,,,,,,,,,,,,,,,GRAPH ONLY,No new graph digitization; historical digitized data require their original validation before pooling.,ROB2_RESULT_SPECIFIC_PENDING,Pain — unspecified context,TEAS,Sham,pod1
Guo 2023,GUO23_OPIOID24,Perioperative TEAS,Sham/no-current TEAS,Opioid consumption,Actual postoperative sufentanil consumption,0-24 h,Not reported,64,64,55,55,,,,,,,,,,,,,µg sufentanil,,No,No,,,No,No,Not eligible for continuous 24-h opioid/MME meta-analysis,No,PCIA prescription is reported but actual delivered 24-h/48-h sufentanil is not,Postoperative PCIA section,https://drive.google.com/file/d/1Idfl7rfZhgAUJHDpsmgzp17ADiGvrU8C/view?usp=drivesdk,MISSING / AUTHOR DATA NEEDED,V33-OD-0234,,,,,,,,,,,,,,,,NOT REPORTED,Accessed source does not supply the requested numerical result.,ROB2_RESULT_SPECIFIC_PENDING,Postoperative opioid dose (native window/unit),TEAS,Sham,0-24h
Grech 2016,GRECH16_EA_vs_CTRL_PACU_MME_WOMEN,Intraoperative low-frequency EA,Sham/control,Opioid consumption,PACU analgesic requirement in women-only subgroup,PACU,Graph-only morphine-equivalent outcome,11,9,9,9,,,,,,,,,,,,,mg morphine-equivalent,Significant; authors report ~60% lower in EA women,No,No,,,No,No,Not quantitatively meta-analysis-ready without exact graph values or author data,No,Post hoc women-only subgroup excludes two men from EA arm; exact means/SEM are not tabulated,Figure 1D / women-only PACU analgesic requirement,https://drive.google.com/file/d/1U3KShiAZKL8n9hxSpBkhuhuQHW2EN-IY/view?usp=drivesdk,GRAPH ONLY / POST-HOC SUBGROUP,V33-OD-0235,,,,,,,,,,,,,,,,GRAPH ONLY,No new graph digitization; historical digitized data require their original validation before pooling.,EXISTING_RESULT_SPECIFIC: High,Functional recovery — PACU,EA,Sham,pacu
Grech 2016,GRECH16_EA_vs_CTRL_OPIOID24,Intraoperative low-frequency EA,Sham/control,Opioid consumption,Exact cumulative 24-h postoperative morphine-equivalent consumption,0-24 h,Not reported,11,9,,,,,,,,,,,,,,,mg morphine-equivalent,,No,No,,,No,No,Not eligible for continuous 24-h opioid/MME meta-analysis,No,Day-1 analgesic use is graphical and exact 24-h mean/dispersion is not tabulated,Postoperative analgesic figures,https://drive.google.com/file/d/1U3KShiAZKL8n9hxSpBkhuhuQHW2EN-IY/view?usp=drivesdk,MISSING / AUTHOR DATA NEEDED,V33-OD-0236,,,,,,,,,,,,,,,,NOT REPORTED,Accessed source does not supply the requested numerical result.,ROB2_RESULT_SPECIFIC_PENDING,Postoperative opioid dose (native window/unit),EA,Sham,0-24h
Grech 2016,GRECH16_EA_vs_CTRL_PAIN,Intraoperative low-frequency EA,Sham/control,Pain,Postoperative VAS pain,PACU and POD1-3,Graph-only continuous data,11,9,,,,,,,,,,,,,,,VAS 0-10,No significant overall difference,No,No,,,No,No,Not ready for continuous pooling without digitization,No,Exact numeric pain means/SEM are not tabulated,Postoperative pain figures,https://drive.google.com/file/d/1U3KShiAZKL8n9hxSpBkhuhuQHW2EN-IY/view?usp=drivesdk,FIGURE ONLY,V33-OD-0237,,,,,,,,,,,,,,,,GRAPH ONLY,No new graph digitization; historical digitized data require their original validation before pooling.,ROB2_RESULT_SPECIFIC_PENDING,Pain — unspecified context,EA,Sham,pacu and pod1-3
Gao 2021,GAO21_TEAS_vs_SHAM_POI,Postoperative TEAS,Sham/no-current TEAS,GI recovery,Postoperative paralytic ileus: no flatus >72 h,Postoperative,Events/total,303,307,303,307,,,,,,98,,,,,,126,participants,0.026,Yes,No,RR,0.788045471213788,No,No,Eligible for dichotomous POI analysis,No,Full ITT of all 610 randomized; participant sensory masking limited because active TEAS was perceptible,Primary POI outcome,https://drive.google.com/file/d/1QbM6CNi8KfBXmMTqG1ASm3hK05cz_hKQ/view?usp=drivesdk,SOURCE-VERIFIED,V33-OD-0238,,,,,,,,,,,,,,,,INCLUDE,"Numerically extractable in its native endpoint/time/statistic; pooling still requires compatible stratum, comparator and independent-arm selection.",ROB2_RESULT_SPECIFIC_PENDING,GI — first flatus,TEAS,Sham,postoperative
Gao 2021,GAO21_TEAS_vs_SHAM_FLATUS,Postoperative TEAS,Sham/no-current TEAS,GI recovery,Time to first flatus,Postoperative,Mean/SD,303,307,303,307,63.4,29,,,,,76.3,37.9,,,,,hours,0.001,Yes,No,MD,-12.9,No,No,Eligible for GI-recovery analysis,No,Full randomized sample retained; participant awareness may influence self-reported GI milestones,GI recovery outcomes,https://drive.google.com/file/d/1QbM6CNi8KfBXmMTqG1ASm3hK05cz_hKQ/view?usp=drivesdk,SOURCE-VERIFIED,V33-OD-0239,,,,,,,,,,,,,,,,INCLUDE,"Numerically extractable in its native endpoint/time/statistic; pooling still requires compatible stratum, comparator and independent-arm selection.",ROB2_RESULT_SPECIFIC_PENDING,GI — first flatus,TEAS,Sham,postoperative
Gao 2021,GAO21_TEAS_vs_SHAM_DEFEC,Postoperative TEAS,Sham/no-current TEAS,GI recovery,Time to first defecation,Postoperative,Mean/SD,303,307,303,307,106.7,65.6,,,,,121.5,65.6,,,,,hours,0.005,Yes,No,MD,-14.8,No,No,Eligible for GI-recovery analysis,No,Full randomized sample retained; participant awareness may influence self-reported GI milestones,GI recovery outcomes,https://drive.google.com/file/d/1QbM6CNi8KfBXmMTqG1ASm3hK05cz_hKQ/view?usp=drivesdk,SOURCE-VERIFIED,V33-OD-0240,,,,,,,,,,,,,,,,INCLUDE,"Numerically extractable in its native endpoint/time/statistic; pooling still requires compatible stratum, comparator and independent-arm selection.",ROB2_RESULT_SPECIFIC_PENDING,GI — first defecation,TEAS,Sham,postoperative
Gao 2021,GAO21_TEAS_vs_SHAM_DIET,Postoperative TEAS,Sham/no-current TEAS,GI recovery,Time to resume normal diet,Postoperative,Mean/SD,303,307,303,307,373.9,224.9,,,,,425.5,235.6,,,,,hours,0.006,Yes,No,MD,-51.60000000000002,No,No,Eligible for GI-recovery analysis,No,Full randomized sample retained; participant awareness may influence self-reported GI milestones,GI recovery outcomes,https://drive.google.com/file/d/1QbM6CNi8KfBXmMTqG1ASm3hK05cz_hKQ/view?usp=drivesdk,SOURCE-VERIFIED,V33-OD-0241,,,,,,,,,,,,,,,,INCLUDE,"Numerically extractable in its native endpoint/time/statistic; pooling still requires compatible stratum, comparator and independent-arm selection.",ROB2_RESULT_SPECIFIC_PENDING,GI — diet tolerance,TEAS,Sham,postoperative
Gao 2021,GAO21_OPIOID24,Postoperative TEAS,Sham/no-current TEAS,Opioid consumption,Exact cumulative postoperative opioid consumption,0-24 h,Not reported,303,307,303,307,,,,,,,,,,,,,mg/µg,,No,No,,,No,No,Not eligible for continuous 24-h opioid/MME meta-analysis,No,"Main article reports only whether postoperative analgesia was used, not drug-specific dose/route/PCA consumption",Postoperative analgesia section,https://drive.google.com/file/d/1QbM6CNi8KfBXmMTqG1ASm3hK05cz_hKQ/view?usp=drivesdk,MISSING / NOT REPORTED,V33-OD-0242,,,,,,,,,,,,,,,,NOT REPORTED,Accessed source does not supply the requested numerical result.,ROB2_RESULT_SPECIFIC_PENDING,Postoperative opioid dose (native window/unit),TEAS,Sham,0-24h
Yeh 2010,YEH10_AES_vs_SHAM_MORPH24,True-acupoint AES,Electrical sham/nonmeridian AES,Opioid consumption,24-h morphine PCA dose,First 24 postoperative hours,Mean/SD,,,33,30,18.6,9.7,,,,,21.6,13.1,,,,,mg morphine; source explicitly calls PCA epidural,AES-vs-sham pairwise significance NR,Yes,No,MD,-3,Yes,Conditional,SOURCE VALID BUT META-ANALYSIS HOLD until PCA route and report overlap with Yeh 2011 are resolved,Yes,Probable overlapping publication/cohort with Yeh 2011. Five of 99 entrants did not complete and randomized arm assignment of losses is NR. Do not treat both papers as independent.,Table 4 / 24-h opiate dose,https://drive.google.com/file/d/1a1s31PQPWGnaVkYUtNUxO22F3QFTcwmi/view?usp=drivesdk,SOURCE-VERIFIED / DUPLICATE-OVERLAP HOLD,V33-OD-0243,,,,,,,,,,,,,,,,DUPLICATE HOLD,"Historical possible overlapping publication family; retain evidence, exclude independent pooling.",EXISTING_RESULT_SPECIFIC: Some concerns,Postoperative opioid dose (native window/unit),MODALITY_REVIEW_REQUIRED,Sham,first 24 postoperative hours
Yeh 2010,YEH10_AES_vs_CONTROL_MORPH24,True-acupoint AES,No-AES control,Opioid consumption,24-h morphine PCA dose,First 24 postoperative hours,Mean/SD,,,33,31,18.6,9.7,,,,,27.2,12.5,,,,,mg morphine; source explicitly calls PCA epidural,0.02,Yes,No,MD,-8.599999999999998,Yes,Conditional,Use only if no-treatment comparator is prespecified AND overlap with Yeh 2011 is resolved,Yes,Same probable overlapping cohort issue; route must not be silently recoded as IV.,Table 4 / 24-h opiate dose,https://drive.google.com/file/d/1a1s31PQPWGnaVkYUtNUxO22F3QFTcwmi/view?usp=drivesdk,SOURCE-VERIFIED / DUPLICATE-OVERLAP HOLD,V33-OD-0244,,,,,,,,,,,,,,,,DUPLICATE HOLD,"Historical possible overlapping publication family; retain evidence, exclude independent pooling.",EXISTING_RESULT_SPECIFIC: Some concerns,Postoperative opioid dose (native window/unit),MODALITY_REVIEW_REQUIRED,CONTROL_TYPE_REVIEW_REQUIRED,first 24 postoperative hours
Yeh 2011,YEH11_AES_vs_SHAM_MORPH24,True-acupoint AES,Electrical sham/nonacupoint AES,Opioid consumption,24-h IV morphine PCA dose,First 24 postoperative hours,Mean/SD,30,30,30,30,19.3,9.7,,,,,21.6,13.1,,,,,mg IV morphine,AES-vs-sham pairwise significance NR,Yes,No,MD,-2.300000000000001,Yes,Conditional,SOURCE VALID BUT META-ANALYSIS HOLD until overlap with Yeh 2010 is resolved,Yes,"Highly similar to Yeh 2010 in population, acupoints, comparator and 24-h opioid values; do not count independently until cohort/publication linkage is adjudicated.",Table 3 / 24-h opiate dose,https://drive.google.com/file/d/1ZJ60ZvJ5Q7sRu1iptK_tLLfBXxZZ_Hwl/view?usp=drivesdk,SOURCE-VERIFIED / DUPLICATE-OVERLAP HOLD,V33-OD-0245,,,,,,,,,,,,,,,,DUPLICATE HOLD,"Historical possible overlapping publication family; retain evidence, exclude independent pooling.",EXISTING_RESULT_SPECIFIC: Some concerns,Postoperative opioid dose (native window/unit),MODALITY_REVIEW_REQUIRED,Sham,first 24 postoperative hours
Yeh 2011,YEH11_AES_vs_CONTROL_MORPH24,True-acupoint AES,No-AES control,Opioid consumption,24-h IV morphine PCA dose,First 24 postoperative hours,Mean/SD,30,30,30,30,19.3,9.7,,,,,28,12.1,,,,,mg IV morphine,0.023,Yes,No,MD,-8.7,Yes,Conditional,Use only if no-treatment contrast is prespecified and overlap is resolved,Yes,Sequential allocation without sealed envelopes; probable overlapping publication family with Yeh 2010.,Table 3 / 24-h opiate dose,https://drive.google.com/file/d/1ZJ60ZvJ5Q7sRu1iptK_tLLfBXxZZ_Hwl/view?usp=drivesdk,SOURCE-VERIFIED / DUPLICATE-OVERLAP HOLD,V33-OD-0246,,,,,,,,,,,,,,,,DUPLICATE HOLD,"Historical possible overlapping publication family; retain evidence, exclude independent pooling.",EXISTING_RESULT_SPECIFIC: Some concerns,Postoperative opioid dose (native window/unit),MODALITY_REVIEW_REQUIRED,CONTROL_TYPE_REVIEW_REQUIRED,first 24 postoperative hours
Wong 2006,WONG06_EA_vs_SHAM_MORPHD0,Postoperative electroacupuncture,Nonpenetrating sham acupuncture,Opioid consumption,IV PCA morphine consumption,Day 0,Mean/SD,13,14,13,12,8.3,4.9,,,,,7.8,6.4,,,,,mg IV morphine,0.84,Yes,No,MD,0.5000000000000009,No,No,Eligible only at the published postoperative-day/3-day window; not a strict 0-24-h endpoint,No,Both groups also received scheduled oral dextropropoxyphene. Two randomized sham patients were excluded after serious postoperative complications.,Table 2 / postoperative PCA morphine,https://drive.google.com/file/d/1-XmRdgXyZmOmKIDRhL80sxha5M2P00jd/view?usp=drivesdk,SOURCE-VERIFIED / DAY-LABEL WINDOW QC,V33-OD-0247,,,,,,,,,,,,,,,,INCLUDE,"Numerically extractable in its native endpoint/time/statistic; pooling still requires compatible stratum, comparator and independent-arm selection.",ROB2_RESULT_SPECIFIC_PENDING,Postoperative opioid dose (native window/unit),EA,Sham,day 0
Wong 2006,WONG06_EA_vs_SHAM_MORPHD1,Postoperative electroacupuncture,Nonpenetrating sham acupuncture,Opioid consumption,IV PCA morphine consumption,Day 1,Mean/SD,13,14,13,12,18,8.8,,,,,18.8,9.8,,,,,mg IV morphine,0.83,Yes,No,MD,-0.8000000000000007,No,No,Eligible only at the published postoperative-day/3-day window; not a strict 0-24-h endpoint,No,Both groups also received scheduled oral dextropropoxyphene. Two randomized sham patients were excluded after serious postoperative complications.,Table 2 / postoperative PCA morphine,https://drive.google.com/file/d/1-XmRdgXyZmOmKIDRhL80sxha5M2P00jd/view?usp=drivesdk,SOURCE-VERIFIED / DAY-LABEL WINDOW QC,V33-OD-0248,,,,,,,,,,,,,,,,INCLUDE,"Numerically extractable in its native endpoint/time/statistic; pooling still requires compatible stratum, comparator and independent-arm selection.",ROB2_RESULT_SPECIFIC_PENDING,Postoperative opioid dose (native window/unit),EA,Sham,day 1
Wong 2006,WONG06_EA_vs_SHAM_MORPHD2,Postoperative electroacupuncture,Nonpenetrating sham acupuncture,Opioid consumption,IV PCA morphine consumption,Day 2,Mean/SD,13,14,13,12,7.5,5,,,,,15.7,12,,,,,mg IV morphine,0.035,Yes,No,MD,-8.2,No,No,Eligible only at the published postoperative-day/3-day window; not a strict 0-24-h endpoint,No,Both groups also received scheduled oral dextropropoxyphene. Two randomized sham patients were excluded after serious postoperative complications.,Table 2 / postoperative PCA morphine,https://drive.google.com/file/d/1-XmRdgXyZmOmKIDRhL80sxha5M2P00jd/view?usp=drivesdk,SOURCE-VERIFIED / DAY-LABEL WINDOW QC,V33-OD-0249,,,,,,,,,,,,,,,,INCLUDE,"Numerically extractable in its native endpoint/time/statistic; pooling still requires compatible stratum, comparator and independent-arm selection.",ROB2_RESULT_SPECIFIC_PENDING,Postoperative opioid dose (native window/unit),EA,Sham,day 2
Wong 2006,WONG06_EA_vs_SHAM_MORPHTOTAL,Postoperative electroacupuncture,Nonpenetrating sham acupuncture,Opioid consumption,IV PCA morphine consumption,First 3 postoperative days total,Mean/SD,13,14,13,12,33.9,12.8,,,,,42.3,21.3,,,,,mg IV morphine,0.25,Yes,No,MD,-8.399999999999999,No,No,Eligible only at the published postoperative-day/3-day window; not a strict 0-24-h endpoint,No,Both groups also received scheduled oral dextropropoxyphene. Two randomized sham patients were excluded after serious postoperative complications.,Table 2 / postoperative PCA morphine,https://drive.google.com/file/d/1-XmRdgXyZmOmKIDRhL80sxha5M2P00jd/view?usp=drivesdk,SOURCE-VERIFIED / DAY-LABEL WINDOW QC,V33-OD-0250,,,,,,,,,,,,,,,,INCLUDE,"Numerically extractable in its native endpoint/time/statistic; pooling still requires compatible stratum, comparator and independent-arm selection.",ROB2_RESULT_SPECIFIC_PENDING,Postoperative opioid dose (native window/unit),EA,Sham,first 3 postoperative days total
Wong 2006,WONG06_EA_vs_SHAM_OPIOID24,Postoperative electroacupuncture,Nonpenetrating sham acupuncture,Opioid consumption,Exact total opioid exposure,0-24 h,Not reported,13,14,13,12,,,,,,,,,,,,,mg MME,,No,No,,,No,No,Not eligible for strict 24-h opioid/MME meta-analysis,No,Day labels are not defined as exact consecutive 24-h windows and scheduled dextropropoxyphene contributes additional opioid exposure.,Timing/analgesia protocol,https://drive.google.com/file/d/1-XmRdgXyZmOmKIDRhL80sxha5M2P00jd/view?usp=drivesdk,MISSING / EXACT 24H TOTAL NOT REPORTED,V33-OD-0251,,,,,,,,,,,,,,,,NOT REPORTED,Accessed source does not supply the requested numerical result.,ROB2_RESULT_SPECIFIC_PENDING,Postoperative opioid dose (native window/unit),EA,Sham,0-24h
El-Rakshy 2009,ELR09_EA_vs_CTRL_MORPH24,Intraoperative EA + PCA,PCA alone/no acupuncture,Opioid consumption,Total IV morphine analgesia,First 24 h,Mean/SD,,,42,53,35.3,18,,,,,36.9,18,,,,,mg IV morphine,0.961,Yes,No,MD,-1.600000000000001,Yes,Yes,Eligible only with outcome-specific denominators exactly as printed,No,Publication has irreconcilable allocation/analyzed group labels. Use Table 2 n=42 EA and n=53 control for this result; do not substitute overall study denominators.,Table 2 / total analgesia in 24 h,https://drive.google.com/file/d/12AfIox-MgnMU15U-mdvZgaTKnukXKvAR/view?usp=drivesdk,SOURCE-VERIFIED / OUTCOME-SPECIFIC DENOMINATORS,V33-OD-0252,,,,,,,,,,,,,,,,INCLUDE,Locked strict primary result; prespecified source adjudication and conversions retained.,EXISTING_LOCKED_PRIMARY: High,Postoperative opioid dose (native window/unit),EA,Usual care,cumulative 0–24 h (locked primary source adjudication)
El-Rakshy 2009,ELR09_EA_vs_CTRL_MORPH4,Intraoperative EA + PCA,PCA alone/no acupuncture,Opioid consumption,Total IV morphine analgesia,First 4 h,Mean/SD,,,40,53,13.4,7.5,,,,,13.2,8.6,,,,,mg IV morphine,0.675,Yes,No,MD,0.2000000000000011,No,No,Eligible for 4-h opioid analysis only,No,Again preserve outcome-specific n=40 EA and n=53 control.,Table 2 / first 4 h,https://drive.google.com/file/d/12AfIox-MgnMU15U-mdvZgaTKnukXKvAR/view?usp=drivesdk,SOURCE-VERIFIED / OUTCOME-SPECIFIC DENOMINATORS,V33-OD-0253,,,,,,,,,,,,,,,,INCLUDE,"Numerically extractable in its native endpoint/time/statistic; pooling still requires compatible stratum, comparator and independent-arm selection.",EXISTING_RESULT_SPECIFIC: High,Postoperative opioid dose (native window/unit),EA,Usual care,first 4h
An 2014,AN14_EA_vs_CTRL_FENT48,Intraoperative electroacupuncture,No acupuncture control,Opioid consumption,Total postoperative fentanyl PCIA dose,Through reported 48-h PCIA period,Mean/SD,45,43,41,40,0.67,0.09,,,,,0.73,0.12,,,,,mg fentanyl,NS,Yes,No,MD,-0.05999999999999994,No,No,Eligible for 48-h fentanyl analysis; not a 24-h endpoint,No,Seven of 88 randomized patients were excluded from analysis; total fentanyl is not isolated to 0-24 h.,Opioid/PCIA results,https://drive.google.com/file/d/1Ygu3g28udKuPe0OS95oge2ryIGNeJ0te/view?usp=drivesdk,SOURCE-VERIFIED / ATTRITION + 48H WINDOW,V33-OD-0254,,,,,,,,,,,,,,,,INCLUDE,"Numerically extractable in its native endpoint/time/statistic; pooling still requires compatible stratum, comparator and independent-arm selection.",EXISTING_RESULT_SPECIFIC: High,Postoperative opioid dose (native window/unit),EA,Usual care,through reported 48-h pcia period
An 2014,AN14_EA_vs_CTRL_OPIOID24,Intraoperative electroacupuncture,No acupuncture control,Opioid consumption,Exact cumulative postoperative fentanyl,0-24 h,Not reported,45,43,41,40,,,,,,,,,,,,,mg/µg fentanyl,,No,No,,,No,No,Not eligible for continuous 24-h opioid/MME meta-analysis,No,Published bolus activity is split 0-6 h and 6-48 h; exact 0-24-h fentanyl cannot be reconstructed.,PCIA results,https://drive.google.com/file/d/1Ygu3g28udKuPe0OS95oge2ryIGNeJ0te/view?usp=drivesdk,MISSING / 24H NOT RECONSTRUCTABLE,V33-OD-0255,,,,,,,,,,,,,,,,NOT REPORTED,Accessed source does not supply the requested numerical result.,ROB2_RESULT_SPECIFIC_PENDING,Postoperative opioid dose (native window/unit),EA,Usual care,0-24h
Chen 2015,CHEN15Q_TEAS_vs_CTRL_QOR40,Preoperative TEAS,Electrodes/device with no stimulation,Quality of recovery,Global QoR-40,24 h,Median/IQR,42,42,41,42,,,183,172,190,,,,168,154,183,,QoR-40 points,<0.001,Yes,No,,,No,No,Eligible for 24-h QoR analysis using median/IQR methods,No,One TEAS participant excluded for protocol breach; active 6-9 mA stimulation vs no-current control may compromise patient blinding for a patient-reported primary outcome.,Table 2 / global QoR-40,https://drive.google.com/file/d/1ZtE8GImDcpDJH1tOvzqazoh_S4Gd67oH/view?usp=drivesdk,SOURCE-VERIFIED / SUBJECTIVE BLINDING QC,V33-OD-0256,,,,,,,,,,,,,,,,NARRATIVE ONLY,Median and original dispersion preserved; no mean/SD conversion or MD pooling.,EXISTING_RESULT_SPECIFIC: High,QoR-40,TEAS,Sham,24 h point
Chen 2015,CHEN15Q_TEAS_vs_CTRL_PONV24,Preoperative TEAS,Electrodes/device with no stimulation,PONV,PONV incidence,0-24 h,Events/total,42,42,41,42,,,,,,10,,,,,,26,participants,0.001,Yes,No,RR,0.3939962476547842,No,No,Eligible for dichotomous 24-h PONV analysis,No,Use analyzed denominators 41 and 42.,Table 3 / PONV,https://drive.google.com/file/d/1ZtE8GImDcpDJH1tOvzqazoh_S4Gd67oH/view?usp=drivesdk,SOURCE-VERIFIED,V33-OD-0257,,,,,,,,,,,,,,,,INCLUDE,"Numerically extractable in its native endpoint/time/statistic; pooling still requires compatible stratum, comparator and independent-arm selection.",ROB2_RESULT_SPECIFIC_PENDING,PONV composite,TEAS,Sham,0-24h
Chen 2015,CHEN15Q_TEAS_vs_CTRL_RESCUEMORPH24,Preoperative TEAS,Electrodes/device with no stimulation,Opioid consumption,Cumulative rescue IV morphine dose derived from fixed 2-mg rescue administrations,0-24 h,Median/IQR,42,42,41,42,,,2,2,6,,,,7,4,14,,mg IV morphine,0.004,No,Yes,,,Yes,Conditional,Potentially eligible as a derived median/IQR 24-h morphine endpoint,No,"Source reports rescue-administration count 1 (1-3) vs 3.5 (2-7); each rescue administration was fixed at morphine 2 mg. Linear conversion to mg is exact, but the source itself reports counts rather than dose.",Methods + Table 3,https://drive.google.com/file/d/1ZtE8GImDcpDJH1tOvzqazoh_S4Gd67oH/view?usp=drivesdk,DERIVED FROM FIXED 2-MG RESCUE DOSE,V33-OD-0258,,,,,,,,,,,,,,,,NARRATIVE ONLY,Median and original dispersion preserved; no mean/SD conversion or MD pooling.,ROB2_RESULT_SPECIFIC_PENDING,Rescue opioid frequency / dose (native unit),TEAS,Sham,0-24h
Chen 2015 (Hyperalgesia),CHEN15H_TEAS_vs_SHAM_RESCUECOUNT24,Preoperative TEAS,Electrodes/no-current sham,Opioid demand,Cumulative number of rescue sufentanil PCIA boluses,0-24 h,Median/IQR,30,30,29,30,,,3,2,4,,,,7,6,8,,boluses,<0.001,Yes,No,,,Yes,No,Eligible as 24-h rescue-bolus count; shared with fixed 0.05 µg/kg bolus protocol,No,One TEAS participant excluded for protocol breach. Do not convert using group-average body weight to absolute µg.,Table 2 / cumulative rescue analgesia,https://drive.google.com/file/d/13YKAZZsc2VQEPqkw1Ye40BYDZSRpI6N3/view?usp=drivesdk,SOURCE-VERIFIED / ATTRITION QC,V33-OD-0259,,,,,,,,,,,,,,,,NARRATIVE ONLY,Median and original dispersion preserved; no mean/SD conversion or MD pooling.,ROB2_RESULT_SPECIFIC_PENDING,PCA deliveries / bolus count,TEAS,Sham,0-24h
Chen 2015 (Hyperalgesia),CHEN15H_TEAS_vs_SHAM_SUFKG24,Preoperative TEAS,Electrodes/no-current sham,Opioid consumption,Derived cumulative sufentanil dose from fixed 0.05 µg/kg bolus,0-24 h,Median/IQR,30,30,29,30,,,0.15,0.1,0.2,,,,0.35,0.3,0.4,,µg/kg sufentanil,<0.001,No,Yes,,,Yes,Conditional,Potentially eligible as weight-normalized 24-h opioid endpoint if protocol accepts µg/kg,No,Exact linear conversion from 0.05 µg/kg per bolus × reported bolus count. Do not convert to absolute µg or MME without individual body weights.,PCIA protocol + Table 2,https://drive.google.com/file/d/13YKAZZsc2VQEPqkw1Ye40BYDZSRpI6N3/view?usp=drivesdk,DERIVED / WEIGHT-NORMALIZED,V33-OD-0260,,,,,,,,,,,,,,,,NARRATIVE ONLY,Median and original dispersion preserved; no mean/SD conversion or MD pooling.,ROB2_RESULT_SPECIFIC_PENDING,Postoperative opioid dose (native window/unit),TEAS,Sham,0-24h
Chen 2015 (Hyperalgesia),CHEN15H_TEAS_vs_SHAM_PONV24,Preoperative TEAS,Electrodes/no-current sham,PONV,PONV incidence,0-24 h,Events/total,30,30,29,30,,,,,,5,,,,,,13,participants,0.03,Yes,No,RR,0.3978779840848807,No,No,Eligible for dichotomous 24-h PONV analysis,No,Use 29 analyzed TEAS and 30 control; one TEAS protocol-breach exclusion.,Table 2 / PONV,https://drive.google.com/file/d/13YKAZZsc2VQEPqkw1Ye40BYDZSRpI6N3/view?usp=drivesdk,SOURCE-VERIFIED,V33-OD-0261,,,,,,,,,,,,,,,,INCLUDE,"Numerically extractable in its native endpoint/time/statistic; pooling still requires compatible stratum, comparator and independent-arm selection.",ROB2_RESULT_SPECIFIC_PENDING,PONV composite,TEAS,Sham,0-24h
Ao 2021,AO21_TEAS_vs_SHAM_PCA48,Repeated perioperative TEAS,Sham/no current,Opioid demand,Cumulative PCA solution consumption,48 h,Mean/SD,35,35,32,33,102.8,7.4,,,,,120.6,9.2,,,,,mL PCA solution,NR,Yes,No,MD,-17.8,No,No,Eligible as directly reported 48-h PCA-volume outcome; not as 24-h opioid dose,No,Exact 24-h sufentanil total is not reported; the earlier 24-h VAS row is graph-digitized and remains derived.,48-h PCA result,https://drive.google.com/file/d/1tNFnY0fJpx53hrtY4DIaE1RsNjE55Xvd/view?usp=drivesdk,SOURCE-VERIFIED / 48H ONLY,V33-OD-0262,,,,,,,,,,,,,,,,INCLUDE,"Numerically extractable in its native endpoint/time/statistic; pooling still requires compatible stratum, comparator and independent-arm selection.",EXISTING_RESULT_SPECIFIC: Some concerns,PCIA solution volume,TEAS,Sham,48h
Wu 2016,WU16_TAES_vs_ACTIVE_OPIOID24,Perioperative true-acupoint TAES (LI4/PC6/SI3/SJ6),Active nonacupoint electrical stimulation (identical 2/100-Hz current),Opioid consumption,Exact cumulative postoperative opioid/tramadol consumption,0-24 h,Not reported,30,30,27,27,,,,,,,,,,,,,mg tramadol (IV rescue),,No,No,,,No,No,Not eligible for continuous 24-h opioid meta-analysis without author data,Yes,"IV tramadol 100 mg was available as rescue, but group-specific cumulative dose/number of rescues for 0-24 h is not reported.",Pain measurement / rescue analgesia methods and results,https://drive.google.com/file/d/1CXkJN0GF45qOQtRcL7EbgmbypBrNnmri/view?usp=drivesdk,MISSING / EXACT RESCUE DOSES NOT REPORTED,V33-OD-0263,,,,,,,,,,,,,,,,NOT REPORTED,Accessed source does not supply the requested numerical result.,ROB2_RESULT_SPECIFIC_PENDING,Postoperative opioid dose (native window/unit),MODALITY_REVIEW_REQUIRED,CONTROL_TYPE_REVIEW_REQUIRED,0-24h
Wu 2016,WU16_TAES_vs_UC_OPIOID24,Perioperative true-acupoint TAES (LI4/PC6/SI3/SJ6),No-TAES thoracotomy control,Opioid consumption,Exact cumulative postoperative opioid/tramadol consumption,0-24 h,Not reported,30,30,27,27,,,,,,,,,,,,,mg tramadol (IV rescue),,No,No,,,No,No,Not eligible for continuous 24-h opioid meta-analysis without author data,Yes,"Rescue analgesic demand was lower with true TAES vs no TAES, but exact 0-24-h tramadol dose/number of rescues is not reported.",Pain measurement / rescue analgesia methods and results,https://drive.google.com/file/d/1CXkJN0GF45qOQtRcL7EbgmbypBrNnmri/view?usp=drivesdk,MISSING / EXACT RESCUE DOSES NOT REPORTED,V33-OD-0264,,,,,,,,,,,,,,,,NOT REPORTED,Accessed source does not supply the requested numerical result.,ROB2_RESULT_SPECIFIC_PENDING,Postoperative opioid dose (native window/unit),MODALITY_REVIEW_REQUIRED,CONTROL_TYPE_REVIEW_REQUIRED,0-24h
Wu 2016,WU16_TAES_vs_ACTIVE_REST24,Perioperative true-acupoint TAES (LI4/PC6/SI3/SJ6),Active nonacupoint electrical stimulation (identical 2/100-Hz current),Pain,VAS pain intensity at rest,24 h postoperatively,Graph-only continuous data,30,30,27,27,,,,,,,,,,,,,VAS 0-10,<0.05; true TAES lower than active nonacupoint group during 6-60 h,No,No,,,No,No,Not ready for continuous pain meta-analysis without formal graph digitization or author data,Yes,Exact 24-h mean/SD are shown only in Figure 1A; do not infer numeric values from the plot without formal digitization.,Figure 1A / 24-h point,https://drive.google.com/file/d/1CXkJN0GF45qOQtRcL7EbgmbypBrNnmri/view?usp=drivesdk,FIGURE ONLY / DIGITIZATION NEEDED,V33-OD-0265,,,,,,,,,,,,,,,,GRAPH ONLY,No new graph digitization; historical digitized data require their original validation before pooling.,ROB2_RESULT_SPECIFIC_PENDING,Pain — rest,MODALITY_REVIEW_REQUIRED,CONTROL_TYPE_REVIEW_REQUIRED,24 h point
Wu 2016,WU16_TAES_vs_UC_REST24,Perioperative true-acupoint TAES (LI4/PC6/SI3/SJ6),No-TAES thoracotomy control,Pain,VAS pain intensity at rest,24 h postoperatively,Graph-only continuous data,30,30,27,27,,,,,,,,,,,,,VAS 0-10,<0.05; true TAES lower than no-TAES group during 6-60 h,No,No,,,No,No,Not ready for continuous pain meta-analysis without formal graph digitization or author data,Yes,Exact 24-h mean/SD are shown only in Figure 1A; do not infer numeric values from the plot without formal digitization.,Figure 1A / 24-h point,https://drive.google.com/file/d/1CXkJN0GF45qOQtRcL7EbgmbypBrNnmri/view?usp=drivesdk,FIGURE ONLY / DIGITIZATION NEEDED,V33-OD-0266,,,,,,,,,,,,,,,,GRAPH ONLY,No new graph digitization; historical digitized data require their original validation before pooling.,ROB2_RESULT_SPECIFIC_PENDING,Pain — rest,MODALITY_REVIEW_REQUIRED,CONTROL_TYPE_REVIEW_REQUIRED,24 h point
Wu 2016,WU16_TAES_vs_ACTIVE_COUGH24,Perioperative true-acupoint TAES (LI4/PC6/SI3/SJ6),Active nonacupoint electrical stimulation (identical 2/100-Hz current),Pain,VAS pain intensity during coughing,24 h postoperatively,Graph-only continuous data,30,30,27,27,,,,,,,,,,,,,VAS 0-10,<0.05; true TAES lower than active nonacupoint group during 6-60 h,No,No,,,No,No,Not ready for continuous pain meta-analysis without formal graph digitization or author data,Yes,Exact 24-h mean/SD are shown only in Figure 1B; do not infer numeric values from the plot without formal digitization.,Figure 1B / 24-h point,https://drive.google.com/file/d/1CXkJN0GF45qOQtRcL7EbgmbypBrNnmri/view?usp=drivesdk,FIGURE ONLY / DIGITIZATION NEEDED,V33-OD-0267,,,,,,,,,,,,,,,,GRAPH ONLY,No new graph digitization; historical digitized data require their original validation before pooling.,ROB2_RESULT_SPECIFIC_PENDING,Pain — cough,MODALITY_REVIEW_REQUIRED,CONTROL_TYPE_REVIEW_REQUIRED,24 h point
Wu 2016,WU16_TAES_vs_UC_COUGH24,Perioperative true-acupoint TAES (LI4/PC6/SI3/SJ6),No-TAES thoracotomy control,Pain,VAS pain intensity during coughing,24 h postoperatively,Graph-only continuous data,30,30,27,27,,,,,,,,,,,,,VAS 0-10,<0.05; true TAES lower than no-TAES group during 6-60 h,No,No,,,No,No,Not ready for continuous pain meta-analysis without formal graph digitization or author data,Yes,Exact 24-h mean/SD are shown only in Figure 1B; do not infer numeric values from the plot without formal digitization.,Figure 1B / 24-h point,https://drive.google.com/file/d/1CXkJN0GF45qOQtRcL7EbgmbypBrNnmri/view?usp=drivesdk,FIGURE ONLY / DIGITIZATION NEEDED,V33-OD-0268,,,,,,,,,,,,,,,,GRAPH ONLY,No new graph digitization; historical digitized data require their original validation before pooling.,ROB2_RESULT_SPECIFIC_PENDING,Pain — cough,MODALITY_REVIEW_REQUIRED,CONTROL_TYPE_REVIEW_REQUIRED,24 h point
Wu 2016,WU16_TAES_vs_ACTIVE_PONV,Perioperative true-acupoint TAES (LI4/PC6/SI3/SJ6),Active nonacupoint electrical stimulation (identical 2/100-Hz current),PONV,Postoperative nausea/vomiting incidence,Postoperative period; exact window not reported,Events/total,30,30,27,27,,,,,,3,,,,,,8,participants,NR pairwise,Yes,No,RR,0.375,No,No,Eligible only for broader postoperative PONV analysis; exact ascertainment window is unresolved,Yes,Table II does not specify the postoperative complication ascertainment window; do not relabel as 0-24 h.,Table II / postoperative complications,https://drive.google.com/file/d/1CXkJN0GF45qOQtRcL7EbgmbypBrNnmri/view?usp=drivesdk,SOURCE-VERIFIED / WINDOW QC,V33-OD-0269,,,,,,,,,,,,,,,,INCLUDE,"Numerically extractable in its native endpoint/time/statistic; pooling still requires compatible stratum, comparator and independent-arm selection.",EXISTING_RESULT_SPECIFIC: Some concerns,PONV composite,MODALITY_REVIEW_REQUIRED,CONTROL_TYPE_REVIEW_REQUIRED,postoperative period; exact window not reported
Wu 2016,WU16_TAES_vs_UC_PONV,Perioperative true-acupoint TAES (LI4/PC6/SI3/SJ6),No-TAES thoracotomy control,PONV,Postoperative nausea/vomiting incidence,Postoperative period; exact window not reported,Events/total,30,30,27,27,,,,,,3,,,,,,9,participants,<0.05 vs group I,Yes,No,RR,0.3333333333333333,No,No,Eligible only for broader postoperative PONV analysis; exact ascertainment window is unresolved,Yes,Table II does not specify the postoperative complication ascertainment window; do not relabel as 0-24 h.,Table II / postoperative complications,https://drive.google.com/file/d/1CXkJN0GF45qOQtRcL7EbgmbypBrNnmri/view?usp=drivesdk,SOURCE-VERIFIED / WINDOW QC,V33-OD-0270,,,,,,,,,,,,,,,,INCLUDE,"Numerically extractable in its native endpoint/time/statistic; pooling still requires compatible stratum, comparator and independent-arm selection.",ROB2_RESULT_SPECIFIC_PENDING,PONV composite,MODALITY_REVIEW_REQUIRED,CONTROL_TYPE_REVIEW_REQUIRED,postoperative period; exact window not reported
Wu 2016,WU16_TAES_vs_ACTIVE_LOS,Perioperative true-acupoint TAES (LI4/PC6/SI3/SJ6),Active nonacupoint electrical stimulation (identical 2/100-Hz current),Recovery,Hospital length of stay,Postoperative hospitalization,Mean/SD,30,30,27,27,8.7,1.9,,,,,11.5,1.6,,,,,days,P>0.05 among three groups,Yes,No,MD,-2.8,No,No,Eligible for recovery/length-of-stay analysis,Yes,Three-arm RCT with 3 post-randomization exclusions per arm; pairwise P not reported.,Results / hospital stays,https://drive.google.com/file/d/1CXkJN0GF45qOQtRcL7EbgmbypBrNnmri/view?usp=drivesdk,SOURCE-VERIFIED,V33-OD-0271,,,,,,,,,,,,,,,,INCLUDE,"Numerically extractable in its native endpoint/time/statistic; pooling still requires compatible stratum, comparator and independent-arm selection.",ROB2_RESULT_SPECIFIC_PENDING,LOS,MODALITY_REVIEW_REQUIRED,CONTROL_TYPE_REVIEW_REQUIRED,postoperative hospitalization
Wu 2016,WU16_TAES_vs_UC_LOS,Perioperative true-acupoint TAES (LI4/PC6/SI3/SJ6),No-TAES thoracotomy control,Recovery,Hospital length of stay,Postoperative hospitalization,Mean/SD,30,30,27,27,8.7,1.9,,,,,10.3,1.5,,,,,days,P>0.05 among three groups,Yes,No,MD,-1.6,No,No,Eligible for recovery/length-of-stay analysis,Yes,Three-arm RCT with 3 post-randomization exclusions per arm; pairwise P not reported.,Results / hospital stays,https://drive.google.com/file/d/1CXkJN0GF45qOQtRcL7EbgmbypBrNnmri/view?usp=drivesdk,SOURCE-VERIFIED,V33-OD-0272,,,,,,,,,,,,,,,,INCLUDE,"Numerically extractable in its native endpoint/time/statistic; pooling still requires compatible stratum, comparator and independent-arm selection.",ROB2_RESULT_SPECIFIC_PENDING,LOS,MODALITY_REVIEW_REQUIRED,CONTROL_TYPE_REVIEW_REQUIRED,postoperative hospitalization
Wu 2016,WU16_TAES_vs_UC_RESCUE,Perioperative true-acupoint TAES (LI4/PC6/SI3/SJ6),No-TAES thoracotomy control,Rescue analgesia,Rescue IV tramadol requirement,Postoperative period; exact window not reported,Qualitative / exact quantities unavailable,30,30,27,27,,,,,,,,,,,,,100 mg IV tramadol per rescue,<0.05 vs group I,No,No,,,No,No,Not quantitatively poolable from the main article,Yes,"Authors report significantly lower rescue analgesic demand with true TAES vs no TAES, but no exact participant counts, number of doses, or cumulative tramadol dose are tabulated.",Results / rescue analgesic demand,https://drive.google.com/file/d/1CXkJN0GF45qOQtRcL7EbgmbypBrNnmri/view?usp=drivesdk,MISSING / EXACT RESCUE DOSES NOT REPORTED,V33-OD-0273,,,,,,,,,,,,,,,,HOLD,Nonstandard or incomplete statistic; no inferred quantities.,ROB2_RESULT_SPECIFIC_PENDING,Rescue opioid frequency / dose (native unit),MODALITY_REVIEW_REQUIRED,CONTROL_TYPE_REVIEW_REQUIRED,postoperative period; exact window not reported
Gao 2022,GAO22_TEAS_vs_SHAM_SUFPUMP24,"Postoperative TEAS at bilateral P6/ST36 (2/10 Hz, 30 min ×2)",No-current sham with identical electrode/device setup,Opioid consumption,Cumulative postoperative sufentanil delivered by analgesic pump,0-24 h,Median/IQR,827,828,827,828,,,33,0,50,,,,30,0,60,,µg sufentanil,0.197,Yes,No,,,Yes,Conditional,Exact 24-h opioid endpoint; eligible only with prespecified median/IQR-compatible method,No,Analgesic pump was individualized; 72.2% TEAS vs 71.0% sham received sufentanil pump. Preserve the reported full-group median/IQR including zeros; do not relabel as mean/SD.,"Table 2 / 24 h analgesic pump, µg",https://drive.google.com/file/d/1_DV8ZFHIZwC_SnRMP3IokKfeEs6QzD0S/view?usp=drivesdk,SOURCE-VERIFIED / MEDIAN-IQR QC,V33-OD-0274,,,,,,,,,,,,,,,,NARRATIVE ONLY,Median and original dispersion preserved; no mean/SD conversion or MD pooling.,EXISTING_RESULT_SPECIFIC: Some concerns,Postoperative opioid dose (native window/unit),TEAS,Sham,0-24h
Gao 2022,GAO22_TEAS_vs_SHAM_PAIN24,"Postoperative TEAS at bilateral P6/ST36 (2/10 Hz, 30 min ×2)",No-current sham with identical electrode/device setup,Pain,24 h postoperative pain VAS score,0-24 h / 24 h assessment,Mean/SD,827,828,827,828,2,1.7,,,,,2.2,1.8,,,,,VAS 0-10,0.006,Yes,No,MD,-0.2,No,No,Eligible for exact 24-h pain analysis,No,Patient-reported subjective outcome; the authors state patients could not be fully blinded because true stimulation was perceptible. Outcome-specific RoB should be assessed separately from the opioid result.,Table 3 / 24 h pain VAS,https://drive.google.com/file/d/1_DV8ZFHIZwC_SnRMP3IokKfeEs6QzD0S/view?usp=drivesdk,SOURCE-VERIFIED / SUBJECTIVE-OUTCOME QC,V33-OD-0275,,,,,,,,,,,,,,,,INCLUDE,"Numerically extractable in its native endpoint/time/statistic; pooling still requires compatible stratum, comparator and independent-arm selection.",ROB2_RESULT_SPECIFIC_PENDING,Pain — unspecified context,TEAS,Sham,0-24h / 24h assessment
Gao 2022,GAO22_TEAS_vs_SHAM_PONV24,"Postoperative TEAS at bilateral P6/ST36 (2/10 Hz, 30 min ×2)",No-current sham with identical electrode/device setup,PONV,Any postoperative nausea and/or retching and/or vomiting,0-24 h,Events/total,827,828,827,828,,,,,,243,,,,,,283,participants with PONV,0.036,Yes,No,RR,0.8596955234339282,No,No,Eligible for dichotomous exact 24-h PONV analysis,No,Use raw events/total for unadjusted RR. The composite includes subjective nausea and patients were not fully blinded to stimulation sensation; outcome-specific RoB may be higher than for the objective opioid result.,Table 3 / primary 24 h PONV outcome,https://drive.google.com/file/d/1_DV8ZFHIZwC_SnRMP3IokKfeEs6QzD0S/view?usp=drivesdk,SOURCE-VERIFIED / BLINDING QC,V33-OD-0276,,,,,,,,,,,,,,,,INCLUDE,"Numerically extractable in its native endpoint/time/statistic; pooling still requires compatible stratum, comparator and independent-arm selection.",ROB2_RESULT_SPECIFIC_PENDING,PONV composite,TEAS,Sham,0-24h
Gao 2022,GAO22_TEAS_vs_SHAM_VOMIT24,"Postoperative TEAS at bilateral P6/ST36 (2/10 Hz, 30 min ×2)",No-current sham with identical electrode/device setup,PONV,Postoperative vomiting incidence,0-24 h,Events/total,827,828,827,828,,,,,,86,,,,,,147,participants with vomiting,<0.001,Yes,No,RR,0.5857414307923895,No,No,Eligible for dichotomous exact 24-h vomiting analysis,No,Use raw events/total rather than the adjusted logistic OR for meta-analysis unless the protocol specifies adjusted effects. Sensory blinding was imperfect.,Table 3 / 24 h vomiting,https://drive.google.com/file/d/1_DV8ZFHIZwC_SnRMP3IokKfeEs6QzD0S/view?usp=drivesdk,SOURCE-VERIFIED / BLINDING QC,V33-OD-0277,,,,,,,,,,,,,,,,INCLUDE,"Numerically extractable in its native endpoint/time/statistic; pooling still requires compatible stratum, comparator and independent-arm selection.",ROB2_RESULT_SPECIFIC_PENDING,Vomiting,TEAS,Sham,0-24h
Gao 2022,GAO22_TEAS_vs_SHAM_PERSISTNAUSEA24,"Postoperative TEAS at bilateral P6/ST36 (2/10 Hz, 30 min ×2)",No-current sham with identical electrode/device setup,PONV,Persistent nausea (>5 min),0-24 h,Events/total,827,828,827,828,,,,,,18,,,,,,42,participants with persistent nausea,0.003,Yes,No,RR,0.4290896527897737,No,No,Eligible for secondary exact 24-h nausea analysis,No,Subjective nausea outcome with imperfect participant blinding; keep separate from composite PONV and vomiting.,Table 3 / persistent nausea,https://drive.google.com/file/d/1_DV8ZFHIZwC_SnRMP3IokKfeEs6QzD0S/view?usp=drivesdk,SOURCE-VERIFIED / BLINDING QC,V33-OD-0278,,,,,,,,,,,,,,,,INCLUDE,"Numerically extractable in its native endpoint/time/statistic; pooling still requires compatible stratum, comparator and independent-arm selection.",ROB2_RESULT_SPECIFIC_PENDING,Nausea,TEAS,Sham,0-24h
Gao 2022,GAO22_TEAS_vs_SHAM_SUFINTRA,"Postoperative TEAS at bilateral P6/ST36 (2/10 Hz, 30 min ×2)",No-current sham with identical electrode/device setup,Intraoperative opioid,Intraoperative sufentanil dose,Intraoperative,Median/IQR,827,828,827,828,,,30,30,40,,,,30,30,40,,µg sufentanil,0.580,Yes,No,,,No,No,Eligible for intraoperative opioid-sparing analysis using median/IQR-compatible methods,No,Preserve native median/IQR; do not relabel as mean/SD.,Table 2 / intraoperative sufentanil,https://drive.google.com/file/d/1_DV8ZFHIZwC_SnRMP3IokKfeEs6QzD0S/view?usp=drivesdk,SOURCE-VERIFIED,V33-OD-0279,,,,,,,,,,,,,,,,NARRATIVE ONLY,Median and original dispersion preserved; no mean/SD conversion or MD pooling.,ROB2_RESULT_SPECIFIC_PENDING,Intraoperative opioid,TEAS,Sham,intraoperative
Gao 2022,GAO22_TEAS_vs_SHAM_REMIINTRA,"Postoperative TEAS at bilateral P6/ST36 (2/10 Hz, 30 min ×2)",No-current sham with identical electrode/device setup,Intraoperative opioid,Intraoperative remifentanil dose,Intraoperative,Median/IQR,827,828,827,828,,,1000,600,1200,,,,1000,600,1255,,µg remifentanil,0.908,Yes,No,,,No,No,Eligible for intraoperative opioid-sparing analysis using median/IQR-compatible methods,No,Preserve native median/IQR; do not relabel as mean/SD.,Table 2 / intraoperative remifentanil,https://drive.google.com/file/d/1_DV8ZFHIZwC_SnRMP3IokKfeEs6QzD0S/view?usp=drivesdk,SOURCE-VERIFIED,V33-OD-0280,,,,,,,,,,,,,,,,NARRATIVE ONLY,Median and original dispersion preserved; no mean/SD conversion or MD pooling.,ROB2_RESULT_SPECIFIC_PENDING,Intraoperative opioid,TEAS,Sham,intraoperative
Liu 2015,LIU15_TEAS_vs_SHAM_OPIOID24,Multipoint intraoperative TEAS (2/100 Hz; 30 min pre-induction through end of surgery),No-current sham TEAS with identical electrode placement/device setup,Opioid consumption,Exact cumulative postoperative sufentanil PCIA consumption,0-24 h,Not reported,46,46,44,44,,,,,,,,,,,,,µg sufentanil,,No,No,,,No,No,Not eligible for continuous 24-h opioid meta-analysis without author/raw pump-consumption data,No,PCIA contained sufentanil 100 µg in 50 mL at 1 mL/h with 0.5-mL patient boluses. Basal infusion alone is not total consumption; cumulative bolus count/dose and total 0-24-h sufentanil are not reported.,Postoperative analgesia methods; no cumulative 0-24 h dose in results,https://drive.google.com/file/d/1R0ueeZhpBPbKOmqRfRyFTsqp7qq7ftqp/view?usp=drivesdk,MISSING / EXACT 24H TOTAL NOT REPORTED,V33-OD-0281,,,,,,,,,,,,,,,,NOT REPORTED,Accessed source does not supply the requested numerical result.,ROB2_RESULT_SPECIFIC_PENDING,Postoperative opioid dose (native window/unit),TEAS,Sham,0-24h
Liu 2015,LIU15_TEAS_vs_SHAM_SUFINTRA,Multipoint intraoperative TEAS (2/100 Hz; 30 min pre-induction through end of surgery),No-current sham TEAS with identical electrode placement/device setup,Intraoperative opioid,Total intraoperative sufentanil consumption,Intraoperative,Mean/SD,46,46,44,44,95.6,21.76,,,,,117.7,37.95,,,,,µg sufentanil,0.02,Yes,No,MD,-22.1,No,No,Eligible for intraoperative opioid-sparing analysis,No,Four post-randomization exclusions (2/group) met prespecified withdrawal criteria; total-dose outcome is objective but exclusions may affect the estimand.,Table 2 / intraoperative anesthetics consumption,https://drive.google.com/file/d/1R0ueeZhpBPbKOmqRfRyFTsqp7qq7ftqp/view?usp=drivesdk,SOURCE-VERIFIED / ATTRITION QC,V33-OD-0282,,,,,,,,,,,,,,,,INCLUDE,"Numerically extractable in its native endpoint/time/statistic; pooling still requires compatible stratum, comparator and independent-arm selection.",EXISTING_RESULT_SPECIFIC: Some concerns,Intraoperative opioid,TEAS,Sham,intraoperative
Liu 2015,LIU15_TEAS_vs_SHAM_PROPINTRA,Multipoint intraoperative TEAS (2/100 Hz; 30 min pre-induction through end of surgery),No-current sham TEAS with identical electrode placement/device setup,Intraoperative anesthetic,Total intraoperative propofol consumption,Intraoperative,Mean/SD,46,46,44,44,216.3,67.72,,,,,234.1,71.3,,,,,mg propofol,0.245,Yes,No,MD,-17.8,No,No,Eligible for secondary intraoperative anesthetic requirement analysis,No,Objective total propofol dose; four post-randomization exclusions (2/group).,Table 2 / intraoperative anesthetics consumption,https://drive.google.com/file/d/1R0ueeZhpBPbKOmqRfRyFTsqp7qq7ftqp/view?usp=drivesdk,SOURCE-VERIFIED / ATTRITION QC,V33-OD-0283,,,,,,,,,,,,,,,,INCLUDE,"Numerically extractable in its native endpoint/time/statistic; pooling still requires compatible stratum, comparator and independent-arm selection.",ROB2_RESULT_SPECIFIC_PENDING,Intraoperative anesthetic,TEAS,Sham,intraoperative
Liu 2015,LIU15_TEAS_vs_SHAM_RESP,Multipoint intraoperative TEAS (2/100 Hz; 30 min pre-induction through end of surgery),No-current sham TEAS with identical electrode placement/device setup,Recovery,Time to spontaneous respiration after anesthesia,Immediate postoperative recovery,Mean/SD,46,46,44,44,16,9.99,,,,,23.4,14.13,,,,,minutes,0.005,Yes,No,MD,-7.4,No,No,Eligible for postoperative recovery analysis,No,Directly reported recovery-time endpoint; four post-randomization exclusions (2/group).,Table 2 / clinical recovery from anesthesia,https://drive.google.com/file/d/1R0ueeZhpBPbKOmqRfRyFTsqp7qq7ftqp/view?usp=drivesdk,SOURCE-VERIFIED / ATTRITION QC,V33-OD-0284,,,,,,,,,,,,,,,,INCLUDE,"Numerically extractable in its native endpoint/time/statistic; pooling still requires compatible stratum, comparator and independent-arm selection.",ROB2_RESULT_SPECIFIC_PENDING,Recovery,TEAS,Sham,immediate postoperative recovery
Liu 2015,LIU15_TEAS_vs_SHAM_EXTUB,Multipoint intraoperative TEAS (2/100 Hz; 30 min pre-induction through end of surgery),No-current sham TEAS with identical electrode placement/device setup,Recovery,Extubation time,Immediate postoperative recovery,Mean/SD,46,46,44,44,26.6,14.17,,,,,33.7,17.4,,,,,minutes,0.036,Yes,No,MD,-7.1,No,No,Eligible for postoperative recovery analysis,No,Directly reported recovery-time endpoint; four post-randomization exclusions (2/group).,Table 2 / clinical recovery from anesthesia,https://drive.google.com/file/d/1R0ueeZhpBPbKOmqRfRyFTsqp7qq7ftqp/view?usp=drivesdk,SOURCE-VERIFIED / ATTRITION QC,V33-OD-0285,,,,,,,,,,,,,,,,INCLUDE,"Numerically extractable in its native endpoint/time/statistic; pooling still requires compatible stratum, comparator and independent-arm selection.",ROB2_RESULT_SPECIFIC_PENDING,Recovery,TEAS,Sham,immediate postoperative recovery
Liu 2015,LIU15_TEAS_vs_SHAM_EYEOPEN,Multipoint intraoperative TEAS (2/100 Hz; 30 min pre-induction through end of surgery),No-current sham TEAS with identical electrode placement/device setup,Recovery,Eye-opening time,Immediate postoperative recovery,Mean/SD,46,46,44,44,22.2,12.04,,,,,28.2,17.74,,,,,minutes,0.066,Yes,No,MD,-6,No,No,Eligible for postoperative recovery analysis,No,Directly reported recovery-time endpoint; four post-randomization exclusions (2/group).,Table 2 / clinical recovery from anesthesia,https://drive.google.com/file/d/1R0ueeZhpBPbKOmqRfRyFTsqp7qq7ftqp/view?usp=drivesdk,SOURCE-VERIFIED / ATTRITION QC,V33-OD-0286,,,,,,,,,,,,,,,,INCLUDE,"Numerically extractable in its native endpoint/time/statistic; pooling still requires compatible stratum, comparator and independent-arm selection.",ROB2_RESULT_SPECIFIC_PENDING,Recovery,TEAS,Sham,immediate postoperative recovery
Liu 2015,LIU15_TEAS_vs_SHAM_MOVE,Multipoint intraoperative TEAS (2/100 Hz; 30 min pre-induction through end of surgery),No-current sham TEAS with identical electrode placement/device setup,Recovery,Time to spontaneous movement,Immediate postoperative recovery,Mean/SD,46,46,44,44,27.5,13.79,,,,,34.3,22.59,,,,,minutes,0.092,Yes,No,MD,-6.8,No,No,Eligible for postoperative recovery analysis,No,Directly reported recovery-time endpoint; four post-randomization exclusions (2/group).,Table 2 / clinical recovery from anesthesia,https://drive.google.com/file/d/1R0ueeZhpBPbKOmqRfRyFTsqp7qq7ftqp/view?usp=drivesdk,SOURCE-VERIFIED / ATTRITION QC,V33-OD-0287,,,,,,,,,,,,,,,,INCLUDE,"Numerically extractable in its native endpoint/time/statistic; pooling still requires compatible stratum, comparator and independent-arm selection.",ROB2_RESULT_SPECIFIC_PENDING,Recovery,TEAS,Sham,immediate postoperative recovery
Liu 2015,LIU15_TEAS_vs_SHAM_REORIENT,Multipoint intraoperative TEAS (2/100 Hz; 30 min pre-induction through end of surgery),No-current sham TEAS with identical electrode placement/device setup,Recovery,Time to reorientation,Immediate postoperative recovery,Mean/SD,46,46,44,44,35.3,16.11,,,,,42.7,19.8,,,,,minutes,0.076,Yes,No,MD,-7.4,No,No,Eligible for postoperative recovery analysis,No,Directly reported recovery-time endpoint; four post-randomization exclusions (2/group).,Table 2 / clinical recovery from anesthesia,https://drive.google.com/file/d/1R0ueeZhpBPbKOmqRfRyFTsqp7qq7ftqp/view?usp=drivesdk,SOURCE-VERIFIED / ATTRITION QC,V33-OD-0288,,,,,,,,,,,,,,,,INCLUDE,"Numerically extractable in its native endpoint/time/statistic; pooling still requires compatible stratum, comparator and independent-arm selection.",ROB2_RESULT_SPECIFIC_PENDING,Recovery,TEAS,Sham,immediate postoperative recovery
Liu 2015,LIU15_TEAS_vs_SHAM_ORDISCH,Multipoint intraoperative TEAS (2/100 Hz; 30 min pre-induction through end of surgery),No-current sham TEAS with identical electrode placement/device setup,Recovery,Time to discharge from operating room,Immediate postoperative recovery,Mean/SD,46,46,44,44,39.8,15.74,,,,,48.7,16.7,,,,,minutes,0.013,Yes,No,MD,-8.9,No,No,Eligible for postoperative recovery analysis,No,Directly reported recovery-time endpoint; four post-randomization exclusions (2/group).,Table 2 / clinical recovery from anesthesia,https://drive.google.com/file/d/1R0ueeZhpBPbKOmqRfRyFTsqp7qq7ftqp/view?usp=drivesdk,SOURCE-VERIFIED / ATTRITION QC,V33-OD-0289,,,,,,,,,,,,,,,,INCLUDE,"Numerically extractable in its native endpoint/time/statistic; pooling still requires compatible stratum, comparator and independent-arm selection.",ROB2_RESULT_SPECIFIC_PENDING,Recovery,TEAS,Sham,immediate postoperative recovery
Liu 2015,LIU15_TEAS_vs_SHAM_PAINPOD1,Multipoint intraoperative TEAS (2/100 Hz; 30 min pre-induction through end of surgery),No-current sham TEAS with identical electrode placement/device setup,Pain,Postoperative VAS pain score,Postoperative day 1,Graph-only continuous data,46,46,44,44,,,,,,,,,,,,,VAS 0-10,<0.001; TEAS lower than sham,No,No,,,No,No,Not ready for continuous pain meta-analysis without formal graph digitization or author data,No,Exact Postoperative day 1 mean/SD are shown only in Figure 2; do not infer numeric values from the plot without formal digitization.,Figure 2 / Postoperative day 1,https://drive.google.com/file/d/1R0ueeZhpBPbKOmqRfRyFTsqp7qq7ftqp/view?usp=drivesdk,FIGURE ONLY / DIGITIZATION NEEDED,V33-OD-0290,,,,,,,,,,,,,,,,GRAPH ONLY,No new graph digitization; historical digitized data require their original validation before pooling.,ROB2_RESULT_SPECIFIC_PENDING,Pain — unspecified context,TEAS,Sham,postoperative day 1
Liu 2015,LIU15_TEAS_vs_SHAM_PAINPOD2,Multipoint intraoperative TEAS (2/100 Hz; 30 min pre-induction through end of surgery),No-current sham TEAS with identical electrode placement/device setup,Pain,Postoperative VAS pain score,Postoperative day 2,Graph-only continuous data,46,46,44,44,,,,,,,,,,,,,VAS 0-10,NS; exact P not reported,No,No,,,No,No,Not ready for continuous pain meta-analysis without formal graph digitization or author data,No,Exact Postoperative day 2 mean/SD are shown only in Figure 2; do not infer numeric values from the plot without formal digitization.,Figure 2 / Postoperative day 2,https://drive.google.com/file/d/1R0ueeZhpBPbKOmqRfRyFTsqp7qq7ftqp/view?usp=drivesdk,FIGURE ONLY / DIGITIZATION NEEDED,V33-OD-0291,,,,,,,,,,,,,,,,GRAPH ONLY,No new graph digitization; historical digitized data require their original validation before pooling.,ROB2_RESULT_SPECIFIC_PENDING,Pain — unspecified context,TEAS,Sham,postoperative day 2
Liu 2015,LIU15_TEAS_vs_SHAM_PAINPOD3,Multipoint intraoperative TEAS (2/100 Hz; 30 min pre-induction through end of surgery),No-current sham TEAS with identical electrode placement/device setup,Pain,Postoperative VAS pain score,Postoperative day 3,Graph-only continuous data,46,46,44,44,,,,,,,,,,,,,VAS 0-10,<0.001; TEAS higher than sham,No,No,,,No,No,Not ready for continuous pain meta-analysis without formal graph digitization or author data,No,Exact Postoperative day 3 mean/SD are shown only in Figure 2; do not infer numeric values from the plot without formal digitization.,Figure 2 / Postoperative day 3,https://drive.google.com/file/d/1R0ueeZhpBPbKOmqRfRyFTsqp7qq7ftqp/view?usp=drivesdk,FIGURE ONLY / DIGITIZATION NEEDED,V33-OD-0292,,,,,,,,,,,,,,,,GRAPH ONLY,No new graph digitization; historical digitized data require their original validation before pooling.,ROB2_RESULT_SPECIFIC_PENDING,Pain — unspecified context,TEAS,Sham,postoperative day 3
Liu 2015,LIU15_TEAS_vs_SHAM_NAUSEAPOD1,Multipoint intraoperative TEAS (2/100 Hz; 30 min pre-induction through end of surgery),No-current sham TEAS with identical electrode placement/device setup,PONV,Postoperative nausea incidence,Postoperative day 1,Events/total,46,46,44,44,,,,,,11,,,,,,9,participants with nausea,NS overall; exact day-specific pairwise P not reported,Yes,No,RR,1.222222222222222,No,No,Eligible only for postoperative day-labelled PONV analysis; do not relabel POD1/2/3 as exact 24/48/72-h windows,No,The article states nausea/vomiting incidences did not differ significantly between groups; table provides day-labelled event counts without clock-defined ascertainment windows. Use raw events/total.,Table 3 / Postoperative day 1,https://drive.google.com/file/d/1R0ueeZhpBPbKOmqRfRyFTsqp7qq7ftqp/view?usp=drivesdk,SOURCE-VERIFIED / POD-WINDOW QC,V33-OD-0293,,,,,,,,,,,,,,,,INCLUDE,"Numerically extractable in its native endpoint/time/statistic; pooling still requires compatible stratum, comparator and independent-arm selection.",ROB2_RESULT_SPECIFIC_PENDING,Nausea,TEAS,Sham,postoperative day 1
Liu 2015,LIU15_TEAS_vs_SHAM_NAUSEAPOD2,Multipoint intraoperative TEAS (2/100 Hz; 30 min pre-induction through end of surgery),No-current sham TEAS with identical electrode placement/device setup,PONV,Postoperative nausea incidence,Postoperative day 2,Events/total,46,46,44,44,,,,,,2,,,,,,5,participants with nausea,NS overall; exact day-specific pairwise P not reported,Yes,No,RR,0.4,No,No,Eligible only for postoperative day-labelled PONV analysis; do not relabel POD1/2/3 as exact 24/48/72-h windows,No,The article states nausea/vomiting incidences did not differ significantly between groups; table provides day-labelled event counts without clock-defined ascertainment windows. Use raw events/total.,Table 3 / Postoperative day 2,https://drive.google.com/file/d/1R0ueeZhpBPbKOmqRfRyFTsqp7qq7ftqp/view?usp=drivesdk,SOURCE-VERIFIED / POD-WINDOW QC,V33-OD-0294,,,,,,,,,,,,,,,,INCLUDE,"Numerically extractable in its native endpoint/time/statistic; pooling still requires compatible stratum, comparator and independent-arm selection.",ROB2_RESULT_SPECIFIC_PENDING,Nausea,TEAS,Sham,postoperative day 2
Liu 2015,LIU15_TEAS_vs_SHAM_NAUSEAPOD3,Multipoint intraoperative TEAS (2/100 Hz; 30 min pre-induction through end of surgery),No-current sham TEAS with identical electrode placement/device setup,PONV,Postoperative nausea incidence,Postoperative day 3,Events/total,46,46,44,44,,,,,,2,,,,,,2,participants with nausea,NS overall; exact day-specific pairwise P not reported,Yes,No,RR,1,No,No,Eligible only for postoperative day-labelled PONV analysis; do not relabel POD1/2/3 as exact 24/48/72-h windows,No,The article states nausea/vomiting incidences did not differ significantly between groups; table provides day-labelled event counts without clock-defined ascertainment windows. Use raw events/total.,Table 3 / Postoperative day 3,https://drive.google.com/file/d/1R0ueeZhpBPbKOmqRfRyFTsqp7qq7ftqp/view?usp=drivesdk,SOURCE-VERIFIED / POD-WINDOW QC,V33-OD-0295,,,,,,,,,,,,,,,,INCLUDE,"Numerically extractable in its native endpoint/time/statistic; pooling still requires compatible stratum, comparator and independent-arm selection.",ROB2_RESULT_SPECIFIC_PENDING,Nausea,TEAS,Sham,postoperative day 3
Liu 2015,LIU15_TEAS_vs_SHAM_VOMITPOD1,Multipoint intraoperative TEAS (2/100 Hz; 30 min pre-induction through end of surgery),No-current sham TEAS with identical electrode placement/device setup,PONV,Postoperative vomiting incidence,Postoperative day 1,Events/total,46,46,44,44,,,,,,9,,,,,,8,participants with vomiting,NS overall; exact day-specific pairwise P not reported,Yes,No,RR,1.125,No,No,Eligible only for postoperative day-labelled PONV analysis; do not relabel POD1/2/3 as exact 24/48/72-h windows,No,The article states nausea/vomiting incidences did not differ significantly between groups; table provides day-labelled event counts without clock-defined ascertainment windows. Use raw events/total.,Table 3 / Postoperative day 1,https://drive.google.com/file/d/1R0ueeZhpBPbKOmqRfRyFTsqp7qq7ftqp/view?usp=drivesdk,SOURCE-VERIFIED / POD-WINDOW QC,V33-OD-0296,,,,,,,,,,,,,,,,INCLUDE,"Numerically extractable in its native endpoint/time/statistic; pooling still requires compatible stratum, comparator and independent-arm selection.",ROB2_RESULT_SPECIFIC_PENDING,Vomiting,TEAS,Sham,postoperative day 1
Liu 2015,LIU15_TEAS_vs_SHAM_VOMITPOD2,Multipoint intraoperative TEAS (2/100 Hz; 30 min pre-induction through end of surgery),No-current sham TEAS with identical electrode placement/device setup,PONV,Postoperative vomiting incidence,Postoperative day 2,Events/total,46,46,44,44,,,,,,2,,,,,,4,participants with vomiting,NS overall; exact day-specific pairwise P not reported,Yes,No,RR,0.5,No,No,Eligible only for postoperative day-labelled PONV analysis; do not relabel POD1/2/3 as exact 24/48/72-h windows,No,The article states nausea/vomiting incidences did not differ significantly between groups; table provides day-labelled event counts without clock-defined ascertainment windows. Use raw events/total.,Table 3 / Postoperative day 2,https://drive.google.com/file/d/1R0ueeZhpBPbKOmqRfRyFTsqp7qq7ftqp/view?usp=drivesdk,SOURCE-VERIFIED / POD-WINDOW QC,V33-OD-0297,,,,,,,,,,,,,,,,INCLUDE,"Numerically extractable in its native endpoint/time/statistic; pooling still requires compatible stratum, comparator and independent-arm selection.",ROB2_RESULT_SPECIFIC_PENDING,Vomiting,TEAS,Sham,postoperative day 2
Liu 2015,LIU15_TEAS_vs_SHAM_VOMITPOD3,Multipoint intraoperative TEAS (2/100 Hz; 30 min pre-induction through end of surgery),No-current sham TEAS with identical electrode placement/device setup,PONV,Postoperative vomiting incidence,Postoperative day 3,Events/total,46,46,44,44,,,,,,1,,,,,,0,participants with vomiting,NS overall; exact day-specific pairwise P not reported,Yes,No,,,No,No,Eligible only for postoperative day-labelled PONV analysis; do not relabel POD1/2/3 as exact 24/48/72-h windows,No,The article states nausea/vomiting incidences did not differ significantly between groups; table provides day-labelled event counts without clock-defined ascertainment windows. Use raw events/total.,Table 3 / Postoperative day 3,https://drive.google.com/file/d/1R0ueeZhpBPbKOmqRfRyFTsqp7qq7ftqp/view?usp=drivesdk,SOURCE-VERIFIED / POD-WINDOW QC,V33-OD-0298,,,,,,,,,,,,,,,,INCLUDE,"Numerically extractable in its native endpoint/time/statistic; pooling still requires compatible stratum, comparator and independent-arm selection.",ROB2_RESULT_SPECIFIC_PENDING,Vomiting,TEAS,Sham,postoperative day 3
Oztas 2019,OZT19_TAES_vs_CTRL_TRAM24,"Postoperative TAES at ST25, P6, ST36 and LI4 (2–100 Hz; max 12 mA; 30 min ×6)",No electrical-stimulation intervention + standard PCA analgesia,Opioid consumption,Cumulative IV PCA tramadol HCl consumption,0-24 h,Mean/SD,16,16,15,16,228.4,87.89,,,,,357.81,123.7,,,,,mg tramadol,3-group P=.001; TAES vs control P<.05 per text,Yes,No,MD,-129.41,Yes,Conditional,Eligible for drug-specific 0-24 h tramadol analysis; conditional for complete total-opioid synthesis,Three-arm RCT; do not count TAES-vs-control and TAES-vs-TENS as independent studies,Separate rescue IM pethidine was also used and reported; combined all-opioid mean/SD cannot be derived without covariance/raw data. One TAES patient excluded post-randomization.,Table 4 / Tramadol HCl (0–24 h),https://drive.google.com/file/d/1Zb2RyfK6pYLEOMyE6TOLMt9I0nxZYoYe/view?usp=drivesdk,SOURCE-VERIFIED / CO-OPIOID RESCUE + ATTRITION QC,V33-OD-0299,,,,,,,,,,,,,,,,INCLUDE,"Numerically extractable in its native endpoint/time/statistic; pooling still requires compatible stratum, comparator and independent-arm selection.",EXISTING_RESULT_SPECIFIC: High,Postoperative opioid dose (native window/unit),MODALITY_REVIEW_REQUIRED,Usual care,0-24h
Oztas 2019,OZT19_TAES_vs_TENS_TRAM24,"Postoperative TAES at ST25, P6, ST36 and LI4 (2–100 Hz; max 12 mA; 30 min ×6)",Incision-periphery TENS (2–100 Hz; max 12 mA; 30 min ×6),Opioid consumption,Cumulative IV PCA tramadol HCl consumption,0-24 h,Mean/SD,16,16,15,16,228.4,87.89,,,,,257.68,65.55,,,,,mg tramadol,TAES vs TENS P>0.05 per text; 3-group P=.001,Yes,No,MD,-29.28,Yes,No,Active electrical-comparator analysis only,Three-arm RCT; active electrical comparator; correlated with TAES-vs-control contrast,Separate rescue pethidine also used; active comparator must not be relabeled as sham/usual care. One TAES patient excluded post-randomization.,Table 4 / Tramadol HCl (0–24 h),https://drive.google.com/file/d/1Zb2RyfK6pYLEOMyE6TOLMt9I0nxZYoYe/view?usp=drivesdk,SOURCE-VERIFIED / ACTIVE-COMPARATOR + ATTRITION QC,V33-OD-0300,,,,,,,,,,,,,,,,INCLUDE,"Numerically extractable in its native endpoint/time/statistic; pooling still requires compatible stratum, comparator and independent-arm selection.",ROB2_RESULT_SPECIFIC_PENDING,Postoperative opioid dose (native window/unit),MODALITY_REVIEW_REQUIRED,CONTROL_TYPE_REVIEW_REQUIRED,0-24h
Oztas 2019,OZT19_TAES_vs_CTRL_TRAM48,"Postoperative TAES at ST25, P6, ST36 and LI4 (2–100 Hz; max 12 mA; 30 min ×6)",No electrical-stimulation intervention + standard PCA analgesia,Opioid consumption,Cumulative IV PCA tramadol HCl consumption,24-48 h,Mean/SD,16,16,15,16,164.46,61.31,,,,,265.65,96.71,,,,,mg tramadol,3-group P=.003; TAES vs control P<.05 per text,Yes,No,MD,-101.19,No,No,Eligible for separate 24-48 h opioid analysis,Three-arm RCT; do not double-count study across contrasts,Separate rescue pethidine was also used; not a 0-24 h endpoint.,Table 4 / Tramadol HCl (24–48 h),https://drive.google.com/file/d/1Zb2RyfK6pYLEOMyE6TOLMt9I0nxZYoYe/view?usp=drivesdk,SOURCE-VERIFIED / 24-48H WINDOW,V33-OD-0301,,,,,,,,,,,,,,,,INCLUDE,"Numerically extractable in its native endpoint/time/statistic; pooling still requires compatible stratum, comparator and independent-arm selection.",ROB2_RESULT_SPECIFIC_PENDING,Postoperative opioid dose (native window/unit),MODALITY_REVIEW_REQUIRED,Usual care,24-48h
Oztas 2019,OZT19_TAES_vs_TENS_TRAM48,"Postoperative TAES at ST25, P6, ST36 and LI4 (2–100 Hz; max 12 mA; 30 min ×6)",Incision-periphery TENS (2–100 Hz; max 12 mA; 30 min ×6),Opioid consumption,Cumulative IV PCA tramadol HCl consumption,24-48 h,Mean/SD,16,16,15,16,164.46,61.31,,,,,195.5,71.74,,,,,mg tramadol,TAES vs TENS P>0.05 per text; 3-group P=.003,Yes,No,MD,-31.04,No,No,Active electrical-comparator analysis only; 24-48 h,Three-arm RCT; active electrical comparator,Separate rescue pethidine was also used; not a 0-24 h endpoint.,Table 4 / Tramadol HCl (24–48 h),https://drive.google.com/file/d/1Zb2RyfK6pYLEOMyE6TOLMt9I0nxZYoYe/view?usp=drivesdk,SOURCE-VERIFIED / ACTIVE-COMPARATOR + 24-48H,V33-OD-0302,,,,,,,,,,,,,,,,INCLUDE,"Numerically extractable in its native endpoint/time/statistic; pooling still requires compatible stratum, comparator and independent-arm selection.",ROB2_RESULT_SPECIFIC_PENDING,Postoperative opioid dose (native window/unit),MODALITY_REVIEW_REQUIRED,CONTROL_TYPE_REVIEW_REQUIRED,24-48h
Oztas 2019,OZT19_TAES_vs_CTRL_PETH24,"Postoperative TAES at ST25, P6, ST36 and LI4 (2–100 Hz; max 12 mA; 30 min ×6)",No electrical-stimulation intervention + standard PCA analgesia,Rescue opioid use,Rescue IM pethidine HCl consumption,0-24 h,Mean/SD,16,16,15,16,20.66,27.89,,,,,33.12,42.69,,,,,mg pethidine,3-group P=.785,Yes,No,MD,-12.46,Yes,No,Eligible for separate rescue-opioid dose analysis,Three-arm RCT; do not double-count study across contrasts,Rescue opioid reported separately from PCA tramadol; do not sum aggregate SDs without covariance/raw data.,Table 4 / Pethidine HCl (0–24 h),https://drive.google.com/file/d/1Zb2RyfK6pYLEOMyE6TOLMt9I0nxZYoYe/view?usp=drivesdk,SOURCE-VERIFIED / RESCUE OPIOID,V33-OD-0303,,,,,,,,,,,,,,,,INCLUDE,"Numerically extractable in its native endpoint/time/statistic; pooling still requires compatible stratum, comparator and independent-arm selection.",ROB2_RESULT_SPECIFIC_PENDING,Rescue opioid frequency / dose (native unit),MODALITY_REVIEW_REQUIRED,Usual care,0-24h
Oztas 2019,OZT19_TAES_vs_TENS_PETH24,"Postoperative TAES at ST25, P6, ST36 and LI4 (2–100 Hz; max 12 mA; 30 min ×6)",Incision-periphery TENS (2–100 Hz; max 12 mA; 30 min ×6),Rescue opioid use,Rescue IM pethidine HCl consumption,0-24 h,Mean/SD,16,16,15,16,20.66,27.89,,,,,33.75,56.55,,,,,mg pethidine,3-group P=.785,Yes,No,MD,-13.09,Yes,No,Active electrical-comparator rescue-opioid analysis,Three-arm RCT; active electrical comparator,Rescue opioid reported separately from PCA tramadol; active comparator must remain separate.,Table 4 / Pethidine HCl (0–24 h),https://drive.google.com/file/d/1Zb2RyfK6pYLEOMyE6TOLMt9I0nxZYoYe/view?usp=drivesdk,SOURCE-VERIFIED / ACTIVE-COMPARATOR + RESCUE OPIOID,V33-OD-0304,,,,,,,,,,,,,,,,INCLUDE,"Numerically extractable in its native endpoint/time/statistic; pooling still requires compatible stratum, comparator and independent-arm selection.",ROB2_RESULT_SPECIFIC_PENDING,Rescue opioid frequency / dose (native unit),MODALITY_REVIEW_REQUIRED,CONTROL_TYPE_REVIEW_REQUIRED,0-24h
Oztas 2019,OZT19_TAES_vs_CTRL_PETH48,"Postoperative TAES at ST25, P6, ST36 and LI4 (2–100 Hz; max 12 mA; 30 min ×6)",No electrical-stimulation intervention + standard PCA analgesia,Rescue opioid use,Rescue IM pethidine HCl consumption,24-48 h,Mean/SD,16,16,15,16,10,20.7,,,,,6.25,17.07,,,,,mg pethidine,3-group P=.847,Yes,No,MD,3.75,No,No,Eligible for separate rescue-opioid dose analysis,Three-arm RCT; do not double-count study across contrasts,Rescue opioid reported separately from PCA tramadol; do not sum aggregate SDs without covariance/raw data.,Table 4 / Pethidine HCl (24–48 h),https://drive.google.com/file/d/1Zb2RyfK6pYLEOMyE6TOLMt9I0nxZYoYe/view?usp=drivesdk,SOURCE-VERIFIED / RESCUE OPIOID,V33-OD-0305,,,,,,,,,,,,,,,,INCLUDE,"Numerically extractable in its native endpoint/time/statistic; pooling still requires compatible stratum, comparator and independent-arm selection.",ROB2_RESULT_SPECIFIC_PENDING,Rescue opioid frequency / dose (native unit),MODALITY_REVIEW_REQUIRED,Usual care,24-48h
Oztas 2019,OZT19_TAES_vs_TENS_PETH48,"Postoperative TAES at ST25, P6, ST36 and LI4 (2–100 Hz; max 12 mA; 30 min ×6)",Incision-periphery TENS (2–100 Hz; max 12 mA; 30 min ×6),Rescue opioid use,Rescue IM pethidine HCl consumption,24-48 h,Mean/SD,16,16,15,16,10,20.7,,,,,6.31,17.05,,,,,mg pethidine,3-group P=.847,Yes,No,MD,3.69,No,No,Active electrical-comparator rescue-opioid analysis,Three-arm RCT; active electrical comparator,Rescue opioid reported separately from PCA tramadol; active comparator must remain separate.,Table 4 / Pethidine HCl (24–48 h),https://drive.google.com/file/d/1Zb2RyfK6pYLEOMyE6TOLMt9I0nxZYoYe/view?usp=drivesdk,SOURCE-VERIFIED / ACTIVE-COMPARATOR + RESCUE OPIOID,V33-OD-0306,,,,,,,,,,,,,,,,INCLUDE,"Numerically extractable in its native endpoint/time/statistic; pooling still requires compatible stratum, comparator and independent-arm selection.",ROB2_RESULT_SPECIFIC_PENDING,Rescue opioid frequency / dose (native unit),MODALITY_REVIEW_REQUIRED,CONTROL_TYPE_REVIEW_REQUIRED,24-48h
Oztas 2019,OZT19_TAES_vs_CTRL_DEX24,"Postoperative TAES at ST25, P6, ST36 and LI4 (2–100 Hz; max 12 mA; 30 min ×6)",No electrical-stimulation intervention + standard PCA analgesia,Rescue analgesia,Rescue IV dexketoprofen trometamol consumption,0-24 h,Mean/SD,16,16,15,16,53.33,35.18,,,,,71.87,40.69,,,,,mg dexketoprofen,3-group P=.220,Yes,No,MD,-18.54000000000001,No,No,Eligible for separate non-opioid rescue-analgesic analysis,Three-arm RCT; do not double-count study across contrasts,Non-opioid rescue analgesic; never relabel as opioid consumption.,Table 4 / Dexketoprofen trometamol (0–24 h),https://drive.google.com/file/d/1Zb2RyfK6pYLEOMyE6TOLMt9I0nxZYoYe/view?usp=drivesdk,SOURCE-VERIFIED / NONOPIOID RESCUE,V33-OD-0307,,,,,,,,,,,,,,,,INCLUDE,"Numerically extractable in its native endpoint/time/statistic; pooling still requires compatible stratum, comparator and independent-arm selection.",ROB2_RESULT_SPECIFIC_PENDING,Non-opioid rescue analgesia,MODALITY_REVIEW_REQUIRED,Usual care,0-24h
Oztas 2019,OZT19_TAES_vs_TENS_DEX24,"Postoperative TAES at ST25, P6, ST36 and LI4 (2–100 Hz; max 12 mA; 30 min ×6)",Incision-periphery TENS (2–100 Hz; max 12 mA; 30 min ×6),Rescue analgesia,Rescue IV dexketoprofen trometamol consumption,0-24 h,Mean/SD,16,16,15,16,53.33,35.18,,,,,46.87,46.43,,,,,mg dexketoprofen,3-group P=.220,Yes,No,MD,6.460000000000001,No,No,Active electrical-comparator non-opioid rescue analysis,Three-arm RCT; active electrical comparator,Non-opioid rescue analgesic; active comparator must remain separate.,Table 4 / Dexketoprofen trometamol (0–24 h),https://drive.google.com/file/d/1Zb2RyfK6pYLEOMyE6TOLMt9I0nxZYoYe/view?usp=drivesdk,SOURCE-VERIFIED / ACTIVE-COMPARATOR + NONOPIOID RESCUE,V33-OD-0308,,,,,,,,,,,,,,,,INCLUDE,"Numerically extractable in its native endpoint/time/statistic; pooling still requires compatible stratum, comparator and independent-arm selection.",ROB2_RESULT_SPECIFIC_PENDING,Non-opioid rescue analgesia,MODALITY_REVIEW_REQUIRED,CONTROL_TYPE_REVIEW_REQUIRED,0-24h
Oztas 2019,OZT19_TAES_vs_CTRL_DEX48,"Postoperative TAES at ST25, P6, ST36 and LI4 (2–100 Hz; max 12 mA; 30 min ×6)",No electrical-stimulation intervention + standard PCA analgesia,Rescue analgesia,Rescue IV dexketoprofen trometamol consumption,24-48 h,Mean/SD,16,16,15,16,33.33,40.82,,,,,53.12,59.07,,,,,mg dexketoprofen,3-group P=.598,Yes,No,MD,-19.79,No,No,Eligible for separate non-opioid rescue-analgesic analysis,Three-arm RCT; do not double-count study across contrasts,Non-opioid rescue analgesic; never relabel as opioid consumption.,Table 4 / Dexketoprofen trometamol (24–48 h),https://drive.google.com/file/d/1Zb2RyfK6pYLEOMyE6TOLMt9I0nxZYoYe/view?usp=drivesdk,SOURCE-VERIFIED / NONOPIOID RESCUE,V33-OD-0309,,,,,,,,,,,,,,,,INCLUDE,"Numerically extractable in its native endpoint/time/statistic; pooling still requires compatible stratum, comparator and independent-arm selection.",ROB2_RESULT_SPECIFIC_PENDING,Non-opioid rescue analgesia,MODALITY_REVIEW_REQUIRED,Usual care,24-48h
Oztas 2019,OZT19_TAES_vs_TENS_DEX48,"Postoperative TAES at ST25, P6, ST36 and LI4 (2–100 Hz; max 12 mA; 30 min ×6)",Incision-periphery TENS (2–100 Hz; max 12 mA; 30 min ×6),Rescue analgesia,Rescue IV dexketoprofen trometamol consumption,24-48 h,Mean/SD,16,16,15,16,33.33,40.82,,,,,31.25,35.93,,,,,mg dexketoprofen,3-group P=.598,Yes,No,MD,2.079999999999998,No,No,Active electrical-comparator non-opioid rescue analysis,Three-arm RCT; active electrical comparator,Non-opioid rescue analgesic; active comparator must remain separate.,Table 4 / Dexketoprofen trometamol (24–48 h),https://drive.google.com/file/d/1Zb2RyfK6pYLEOMyE6TOLMt9I0nxZYoYe/view?usp=drivesdk,SOURCE-VERIFIED / ACTIVE-COMPARATOR + NONOPIOID RESCUE,V33-OD-0310,,,,,,,,,,,,,,,,INCLUDE,"Numerically extractable in its native endpoint/time/statistic; pooling still requires compatible stratum, comparator and independent-arm selection.",ROB2_RESULT_SPECIFIC_PENDING,Non-opioid rescue analgesia,MODALITY_REVIEW_REQUIRED,CONTROL_TYPE_REVIEW_REQUIRED,24-48h
Oztas 2019,OZT19_TAES_vs_CTRL_PAIN2H,"Postoperative TAES at ST25, P6, ST36 and LI4 (2–100 Hz; max 12 mA; 30 min ×6)",No electrical-stimulation intervention + standard PCA analgesia,Pain,Resting postoperative pain after stimulation,2 h after surgery / after intervention,Mean/SD,16,16,15,16,3.67,1.44,,,,,6.38,2.09,,,,,VAS (methods state 1–10; tables include 0),3-group P=.001; TAES vs control P<.05 per text,Yes,No,MD,-2.71,No,No,Eligible for timepoint-specific resting-pain analysis; 22 h is approximate-not-exact 24 h,Three-arm RCT; do not double-count study across contrasts,Open-label subjective outcome; source methods describe VAS 1–10 although tabulated minima include 0.,Table 3 / after-implementation pain at 2 h,https://drive.google.com/file/d/1Zb2RyfK6pYLEOMyE6TOLMt9I0nxZYoYe/view?usp=drivesdk,SOURCE-VERIFIED / OPEN-LABEL + VAS-SCALE QC,V33-OD-0311,,,,,,,,,,,,,,,,INCLUDE,"Numerically extractable in its native endpoint/time/statistic; pooling still requires compatible stratum, comparator and independent-arm selection.",ROB2_RESULT_SPECIFIC_PENDING,Pain — rest,MODALITY_REVIEW_REQUIRED,Usual care,2h after surgery / after intervention
Oztas 2019,OZT19_TAES_vs_TENS_PAIN2H,"Postoperative TAES at ST25, P6, ST36 and LI4 (2–100 Hz; max 12 mA; 30 min ×6)",Incision-periphery TENS (2–100 Hz; max 12 mA; 30 min ×6),Pain,Resting postoperative pain after stimulation,2 h after surgery / after intervention,Mean/SD,16,16,15,16,3.67,1.44,,,,,4.75,1.57,,,,,VAS (methods state 1–10; tables include 0),TAES vs TENS P>0.05 per text; 3-group P=.001,Yes,No,MD,-1.08,No,No,Active electrical-comparator timepoint-specific pain analysis,Three-arm RCT; active electrical comparator,Open-label subjective outcome; source methods describe VAS 1–10 although tabulated minima include 0.,Table 3 / after-implementation pain at 2 h,https://drive.google.com/file/d/1Zb2RyfK6pYLEOMyE6TOLMt9I0nxZYoYe/view?usp=drivesdk,SOURCE-VERIFIED / ACTIVE-COMPARATOR + OPEN-LABEL QC,V33-OD-0312,,,,,,,,,,,,,,,,INCLUDE,"Numerically extractable in its native endpoint/time/statistic; pooling still requires compatible stratum, comparator and independent-arm selection.",ROB2_RESULT_SPECIFIC_PENDING,Pain — rest,MODALITY_REVIEW_REQUIRED,CONTROL_TYPE_REVIEW_REQUIRED,2h after surgery / after intervention
Oztas 2019,OZT19_TAES_vs_CTRL_PAIN18H,"Postoperative TAES at ST25, P6, ST36 and LI4 (2–100 Hz; max 12 mA; 30 min ×6)",No electrical-stimulation intervention + standard PCA analgesia,Pain,Resting postoperative pain after stimulation,18 h after surgery / after intervention,Mean/SD,16,16,15,16,2.67,1.23,,,,,5.81,2.31,,,,,VAS (methods state 1–10; tables include 0),3-group P<.001; TAES vs control P<.05 per text,Yes,No,MD,-3.14,No,No,Eligible for timepoint-specific resting-pain analysis; 22 h is approximate-not-exact 24 h,Three-arm RCT; do not double-count study across contrasts,Open-label subjective outcome; source methods describe VAS 1–10 although tabulated minima include 0.,Table 3 / after-implementation pain at 18 h,https://drive.google.com/file/d/1Zb2RyfK6pYLEOMyE6TOLMt9I0nxZYoYe/view?usp=drivesdk,SOURCE-VERIFIED / OPEN-LABEL + VAS-SCALE QC,V33-OD-0313,,,,,,,,,,,,,,,,INCLUDE,"Numerically extractable in its native endpoint/time/statistic; pooling still requires compatible stratum, comparator and independent-arm selection.",ROB2_RESULT_SPECIFIC_PENDING,Pain — rest,MODALITY_REVIEW_REQUIRED,Usual care,18h after surgery / after intervention
Oztas 2019,OZT19_TAES_vs_TENS_PAIN18H,"Postoperative TAES at ST25, P6, ST36 and LI4 (2–100 Hz; max 12 mA; 30 min ×6)",Incision-periphery TENS (2–100 Hz; max 12 mA; 30 min ×6),Pain,Resting postoperative pain after stimulation,18 h after surgery / after intervention,Mean/SD,16,16,15,16,2.67,1.23,,,,,2.19,1.27,,,,,VAS (methods state 1–10; tables include 0),TAES vs TENS P>0.05 per text; 3-group P<.001,Yes,No,MD,0.48,No,No,Active electrical-comparator timepoint-specific pain analysis,Three-arm RCT; active electrical comparator,Open-label subjective outcome; source methods describe VAS 1–10 although tabulated minima include 0.,Table 3 / after-implementation pain at 18 h,https://drive.google.com/file/d/1Zb2RyfK6pYLEOMyE6TOLMt9I0nxZYoYe/view?usp=drivesdk,SOURCE-VERIFIED / ACTIVE-COMPARATOR + OPEN-LABEL QC,V33-OD-0314,,,,,,,,,,,,,,,,INCLUDE,"Numerically extractable in its native endpoint/time/statistic; pooling still requires compatible stratum, comparator and independent-arm selection.",ROB2_RESULT_SPECIFIC_PENDING,Pain — rest,MODALITY_REVIEW_REQUIRED,CONTROL_TYPE_REVIEW_REQUIRED,18h after surgery / after intervention
Oztas 2019,OZT19_TAES_vs_CTRL_PAIN22H,"Postoperative TAES at ST25, P6, ST36 and LI4 (2–100 Hz; max 12 mA; 30 min ×6)",No electrical-stimulation intervention + standard PCA analgesia,Pain,Resting postoperative pain after stimulation,22 h after surgery / after intervention,Mean/SD,16,16,15,16,3,1.3,,,,,4.88,1.78,,,,,VAS (methods state 1–10; tables include 0),3-group P<.001; TAES vs control P<.05 per text,Yes,No,MD,-1.88,No,No,Eligible for timepoint-specific resting-pain analysis; 22 h is approximate-not-exact 24 h,Three-arm RCT; do not double-count study across contrasts,Open-label subjective outcome; source methods describe VAS 1–10 although tabulated minima include 0.,Table 3 / after-implementation pain at 22 h,https://drive.google.com/file/d/1Zb2RyfK6pYLEOMyE6TOLMt9I0nxZYoYe/view?usp=drivesdk,SOURCE-VERIFIED / OPEN-LABEL + VAS-SCALE QC,V33-OD-0315,,,,,,,,,,,,,,,,INCLUDE,"Numerically extractable in its native endpoint/time/statistic; pooling still requires compatible stratum, comparator and independent-arm selection.",ROB2_RESULT_SPECIFIC_PENDING,Pain — rest,MODALITY_REVIEW_REQUIRED,Usual care,22h after surgery / after intervention
Oztas 2019,OZT19_TAES_vs_TENS_PAIN22H,"Postoperative TAES at ST25, P6, ST36 and LI4 (2–100 Hz; max 12 mA; 30 min ×6)",Incision-periphery TENS (2–100 Hz; max 12 mA; 30 min ×6),Pain,Resting postoperative pain after stimulation,22 h after surgery / after intervention,Mean/SD,16,16,15,16,3,1.3,,,,,2.19,1.22,,,,,VAS (methods state 1–10; tables include 0),TAES vs TENS P>0.05 per text; 3-group P<.001,Yes,No,MD,0.81,No,No,Active electrical-comparator timepoint-specific pain analysis,Three-arm RCT; active electrical comparator,Open-label subjective outcome; source methods describe VAS 1–10 although tabulated minima include 0.,Table 3 / after-implementation pain at 22 h,https://drive.google.com/file/d/1Zb2RyfK6pYLEOMyE6TOLMt9I0nxZYoYe/view?usp=drivesdk,SOURCE-VERIFIED / ACTIVE-COMPARATOR + OPEN-LABEL QC,V33-OD-0316,,,,,,,,,,,,,,,,INCLUDE,"Numerically extractable in its native endpoint/time/statistic; pooling still requires compatible stratum, comparator and independent-arm selection.",ROB2_RESULT_SPECIFIC_PENDING,Pain — rest,MODALITY_REVIEW_REQUIRED,CONTROL_TYPE_REVIEW_REQUIRED,22h after surgery / after intervention
Oztas 2019,OZT19_TAES_vs_CTRL_PAIN42H,"Postoperative TAES at ST25, P6, ST36 and LI4 (2–100 Hz; max 12 mA; 30 min ×6)",No electrical-stimulation intervention + standard PCA analgesia,Pain,Resting postoperative pain after stimulation,42 h after surgery / after intervention,Mean/SD,16,16,15,16,2.27,1.28,,,,,4.19,1.6,,,,,VAS (methods state 1–10; tables include 0),3-group P<.001; TAES vs control P<.05 per text,Yes,No,MD,-1.92,No,No,Eligible for timepoint-specific resting-pain analysis; 22 h is approximate-not-exact 24 h,Three-arm RCT; do not double-count study across contrasts,Open-label subjective outcome; source methods describe VAS 1–10 although tabulated minima include 0.,Table 3 / after-implementation pain at 42 h,https://drive.google.com/file/d/1Zb2RyfK6pYLEOMyE6TOLMt9I0nxZYoYe/view?usp=drivesdk,SOURCE-VERIFIED / OPEN-LABEL + VAS-SCALE QC,V33-OD-0317,,,,,,,,,,,,,,,,INCLUDE,"Numerically extractable in its native endpoint/time/statistic; pooling still requires compatible stratum, comparator and independent-arm selection.",ROB2_RESULT_SPECIFIC_PENDING,Pain — rest,MODALITY_REVIEW_REQUIRED,Usual care,42h after surgery / after intervention
Oztas 2019,OZT19_TAES_vs_TENS_PAIN42H,"Postoperative TAES at ST25, P6, ST36 and LI4 (2–100 Hz; max 12 mA; 30 min ×6)",Incision-periphery TENS (2–100 Hz; max 12 mA; 30 min ×6),Pain,Resting postoperative pain after stimulation,42 h after surgery / after intervention,Mean/SD,16,16,15,16,2.27,1.28,,,,,1.56,1.15,,,,,VAS (methods state 1–10; tables include 0),TAES vs TENS P>0.05 per text; 3-group P<.001,Yes,No,MD,0.71,No,No,Active electrical-comparator timepoint-specific pain analysis,Three-arm RCT; active electrical comparator,Open-label subjective outcome; source methods describe VAS 1–10 although tabulated minima include 0.,Table 3 / after-implementation pain at 42 h,https://drive.google.com/file/d/1Zb2RyfK6pYLEOMyE6TOLMt9I0nxZYoYe/view?usp=drivesdk,SOURCE-VERIFIED / ACTIVE-COMPARATOR + OPEN-LABEL QC,V33-OD-0318,,,,,,,,,,,,,,,,INCLUDE,"Numerically extractable in its native endpoint/time/statistic; pooling still requires compatible stratum, comparator and independent-arm selection.",ROB2_RESULT_SPECIFIC_PENDING,Pain — rest,MODALITY_REVIEW_REQUIRED,CONTROL_TYPE_REVIEW_REQUIRED,42h after surgery / after intervention
Oztas 2019,OZT19_TAES_vs_CTRL_PAIN46H,"Postoperative TAES at ST25, P6, ST36 and LI4 (2–100 Hz; max 12 mA; 30 min ×6)",No electrical-stimulation intervention + standard PCA analgesia,Pain,Resting postoperative pain after stimulation,46 h after surgery / after intervention,Mean/SD,16,16,15,16,2.33,0.81,,,,,4,1.46,,,,,VAS (methods state 1–10; tables include 0),3-group P<.001; TAES vs control P<.05 per text,Yes,No,MD,-1.67,No,No,Eligible for timepoint-specific resting-pain analysis; 22 h is approximate-not-exact 24 h,Three-arm RCT; do not double-count study across contrasts,Open-label subjective outcome; source methods describe VAS 1–10 although tabulated minima include 0.,Table 3 / after-implementation pain at 46 h,https://drive.google.com/file/d/1Zb2RyfK6pYLEOMyE6TOLMt9I0nxZYoYe/view?usp=drivesdk,SOURCE-VERIFIED / OPEN-LABEL + VAS-SCALE QC,V33-OD-0319,,,,,,,,,,,,,,,,INCLUDE,"Numerically extractable in its native endpoint/time/statistic; pooling still requires compatible stratum, comparator and independent-arm selection.",ROB2_RESULT_SPECIFIC_PENDING,Pain — rest,MODALITY_REVIEW_REQUIRED,Usual care,46h after surgery / after intervention
Oztas 2019,OZT19_TAES_vs_TENS_PAIN46H,"Postoperative TAES at ST25, P6, ST36 and LI4 (2–100 Hz; max 12 mA; 30 min ×6)",Incision-periphery TENS (2–100 Hz; max 12 mA; 30 min ×6),Pain,Resting postoperative pain after stimulation,46 h after surgery / after intervention,Mean/SD,16,16,15,16,2.33,0.81,,,,,1.75,0.85,,,,,VAS (methods state 1–10; tables include 0),TAES vs TENS P>0.05 per text; 3-group P<.001,Yes,No,MD,0.5800000000000001,No,No,Active electrical-comparator timepoint-specific pain analysis,Three-arm RCT; active electrical comparator,Open-label subjective outcome; source methods describe VAS 1–10 although tabulated minima include 0.,Table 3 / after-implementation pain at 46 h,https://drive.google.com/file/d/1Zb2RyfK6pYLEOMyE6TOLMt9I0nxZYoYe/view?usp=drivesdk,SOURCE-VERIFIED / ACTIVE-COMPARATOR + OPEN-LABEL QC,V33-OD-0320,,,,,,,,,,,,,,,,INCLUDE,"Numerically extractable in its native endpoint/time/statistic; pooling still requires compatible stratum, comparator and independent-arm selection.",ROB2_RESULT_SPECIFIC_PENDING,Pain — rest,MODALITY_REVIEW_REQUIRED,CONTROL_TYPE_REVIEW_REQUIRED,46h after surgery / after intervention
Oztas 2019,OZT19_TAES_vs_CTRL_NAUSEA24,"Postoperative TAES at ST25, P6, ST36 and LI4 (2–100 Hz; max 12 mA; 30 min ×6)",No electrical-stimulation intervention + standard PCA analgesia,PONV,Nausea severity,0-24 h,Qualitative / exact group values unavailable,16,16,15,16,,,,,,,,,,,,,VAS 1-10,No significant between-group difference; exact P/value not reported,No,No,,,No,No,Not quantitatively poolable without source/raw group values,Three-arm RCT,Article states no significant group difference but does not provide group-specific nausea values in the main text/tables.,Results / postoperative 0–6 and 6–24 h nausea statement,https://drive.google.com/file/d/1Zb2RyfK6pYLEOMyE6TOLMt9I0nxZYoYe/view?usp=drivesdk,MISSING / EXACT GROUP DATA NOT REPORTED,V33-OD-0321,,,,,,,,,,,,,,,,HOLD,Nonstandard or incomplete statistic; no inferred quantities.,ROB2_RESULT_SPECIFIC_PENDING,Nausea severity,MODALITY_REVIEW_REQUIRED,Usual care,0-24h
Oztas 2019,OZT19_TAES_vs_CTRL_VOMIT24,"Postoperative TAES at ST25, P6, ST36 and LI4 (2–100 Hz; max 12 mA; 30 min ×6)",No electrical-stimulation intervention + standard PCA analgesia,PONV,Vomiting occurrence,0-24 h,Qualitative / exact group values unavailable,16,16,15,16,,,,,,,,,,,,,events/participants,No significant between-group difference; exact P/counts not reported,No,No,,,No,No,Not quantitatively poolable without source/raw event counts,Three-arm RCT,Article states no significant group difference but does not provide group-specific vomiting counts in the main text/tables.,Results / postoperative 0–6 and 6–24 h vomiting statement,https://drive.google.com/file/d/1Zb2RyfK6pYLEOMyE6TOLMt9I0nxZYoYe/view?usp=drivesdk,MISSING / EXACT GROUP DATA NOT REPORTED,V33-OD-0322,,,,,,,,,,,,,,,,HOLD,Nonstandard or incomplete statistic; no inferred quantities.,ROB2_RESULT_SPECIFIC_PENDING,Vomiting,MODALITY_REVIEW_REQUIRED,Usual care,0-24h
Oztas 2019,OZT19_TAES_vs_CTRL_TOTALOP24,"Postoperative TAES at ST25, P6, ST36 and LI4 (2–100 Hz; max 12 mA; 30 min ×6)",No electrical-stimulation intervention + standard PCA analgesia,Opioid consumption,Complete combined postoperative opioid exposure (tramadol + rescue pethidine),0-24 h,Not calculable,16,16,15,16,,,,,,,,,,,,,MME / combined opioid dose,,No,No,,,Yes,No,Not eligible for strict total-opioid meta-analysis without participant-level covariance/raw data,Three-arm RCT,Tramadol and pethidine are reported separately as aggregate mean/SD. The SD of their within-person sum cannot be recovered from aggregate data without covariance.,Table 4 / tramadol + pethidine 0–24 h,https://drive.google.com/file/d/1Zb2RyfK6pYLEOMyE6TOLMt9I0nxZYoYe/view?usp=drivesdk,MISSING / COMBINED TOTAL NOT CALCULABLE,V33-OD-0323,,,,,,,,,,,,,,,,HOLD,Nonstandard or incomplete statistic; no inferred quantities.,ROB2_RESULT_SPECIFIC_PENDING,Rescue opioid frequency / dose (native unit),MODALITY_REVIEW_REQUIRED,Usual care,0-24h
Song 2020,SONG20_TEAS_vs_SHAM_SUFINTRA,Perioperative TEAS: PC6/HT7 preoperatively; PC6/HT7/ST36/LI4 postoperatively (2/10 Hz; 30-min sessions),Active nonacupoint electrical stimulation with matched timing/frequency,Intraoperative opioid,Total intraoperative sufentanil consumption,Intraoperative,Mean/SD,42,43,42,43,18.54,2.3,,,,,19.09,2.7,,,,,µg sufentanil,0.322,Yes,No,MD,-0.5500000000000007,No,No,Eligible for intraoperative opioid-requirement analysis,No,Authors report 85 in ITT and 78 PP; Table 3/Table 2 retain original 42/43 group denominators. Active nonacupoint stimulation was used to preserve masking.,Table 1,https://drive.google.com/file/d/1qL50sUze8YDRs_oIXFWTbVUL5102qnw4/view?usp=drivesdk,SOURCE-VERIFIED,V33-OD-0324,,,,,,,,,,,,,,,,INCLUDE,"Numerically extractable in its native endpoint/time/statistic; pooling still requires compatible stratum, comparator and independent-arm selection.",ROB2_RESULT_SPECIFIC_PENDING,Intraoperative opioid,TEAS,CONTROL_TYPE_REVIEW_REQUIRED,intraoperative
Song 2020,SONG20_TEAS_vs_SHAM_PAIN2H,Perioperative TEAS: PC6/HT7 preoperatively; PC6/HT7/ST36/LI4 postoperatively (2/10 Hz; 30-min sessions),Active nonacupoint electrical stimulation with matched timing/frequency,Pain,Postoperative VAS pain score,2 h after surgery,Mean/SD,42,43,42,43,4.74,1.5,,,,,5.77,1.2,,,,,VAS 0-10,0.001,Yes,No,MD,-1.029999999999999,No,No,Eligible for pain meta-analysis at the stated timepoint,No,Authors report 85 in ITT and 78 PP; Table 3/Table 2 retain original 42/43 group denominators. Active nonacupoint stimulation was used to preserve masking.,Table 3,https://drive.google.com/file/d/1qL50sUze8YDRs_oIXFWTbVUL5102qnw4/view?usp=drivesdk,SOURCE-VERIFIED,V33-OD-0325,,,,,,,,,,,,,,,,INCLUDE,"Numerically extractable in its native endpoint/time/statistic; pooling still requires compatible stratum, comparator and independent-arm selection.",ROB2_RESULT_SPECIFIC_PENDING,Pain — unspecified context,TEAS,CONTROL_TYPE_REVIEW_REQUIRED,2h after surgery
Song 2020,SONG20_TEAS_vs_SHAM_PAIN4H,Perioperative TEAS: PC6/HT7 preoperatively; PC6/HT7/ST36/LI4 postoperatively (2/10 Hz; 30-min sessions),Active nonacupoint electrical stimulation with matched timing/frequency,Pain,Postoperative VAS pain score,4 h after surgery,Mean/SD,42,43,42,43,3.93,1.3,,,,,5.02,1.2,,,,,VAS 0-10,<0.001,Yes,No,MD,-1.089999999999999,No,No,Eligible for pain meta-analysis at the stated timepoint,No,Authors report 85 in ITT and 78 PP; Table 3/Table 2 retain original 42/43 group denominators. Active nonacupoint stimulation was used to preserve masking.,Table 3,https://drive.google.com/file/d/1qL50sUze8YDRs_oIXFWTbVUL5102qnw4/view?usp=drivesdk,SOURCE-VERIFIED,V33-OD-0326,,,,,,,,,,,,,,,,INCLUDE,"Numerically extractable in its native endpoint/time/statistic; pooling still requires compatible stratum, comparator and independent-arm selection.",ROB2_RESULT_SPECIFIC_PENDING,Pain — unspecified context,TEAS,CONTROL_TYPE_REVIEW_REQUIRED,4h after surgery
Song 2020,SONG20_TEAS_vs_SHAM_PAIN6H,Perioperative TEAS: PC6/HT7 preoperatively; PC6/HT7/ST36/LI4 postoperatively (2/10 Hz; 30-min sessions),Active nonacupoint electrical stimulation with matched timing/frequency,Pain,Postoperative VAS pain score,6 h after surgery,Mean/SD,42,43,42,43,3.69,1.1,,,,,4.33,1,,,,,VAS 0-10,0.007,Yes,No,MD,-0.6400000000000001,No,No,Eligible for pain meta-analysis at the stated timepoint,No,Authors report 85 in ITT and 78 PP; Table 3/Table 2 retain original 42/43 group denominators. Active nonacupoint stimulation was used to preserve masking.,Table 3,https://drive.google.com/file/d/1qL50sUze8YDRs_oIXFWTbVUL5102qnw4/view?usp=drivesdk,SOURCE-VERIFIED,V33-OD-0327,,,,,,,,,,,,,,,,INCLUDE,"Numerically extractable in its native endpoint/time/statistic; pooling still requires compatible stratum, comparator and independent-arm selection.",ROB2_RESULT_SPECIFIC_PENDING,Pain — unspecified context,TEAS,CONTROL_TYPE_REVIEW_REQUIRED,6h after surgery
Song 2020,SONG20_TEAS_vs_SHAM_PAIN24H,Perioperative TEAS: PC6/HT7 preoperatively; PC6/HT7/ST36/LI4 postoperatively (2/10 Hz; 30-min sessions),Active nonacupoint electrical stimulation with matched timing/frequency,Pain,Postoperative VAS pain score,24 h after surgery,Mean/SD,42,43,42,43,2.76,1.1,,,,,3.23,1.1,,,,,VAS 0-10,0.053,Yes,No,MD,-0.4700000000000002,No,No,Eligible for pain meta-analysis at the stated timepoint,No,Authors report 85 in ITT and 78 PP; Table 3/Table 2 retain original 42/43 group denominators. Active nonacupoint stimulation was used to preserve masking.,Table 3,https://drive.google.com/file/d/1qL50sUze8YDRs_oIXFWTbVUL5102qnw4/view?usp=drivesdk,SOURCE-VERIFIED,V33-OD-0328,,,,,,,,,,,,,,,,INCLUDE,"Numerically extractable in its native endpoint/time/statistic; pooling still requires compatible stratum, comparator and independent-arm selection.",ROB2_RESULT_SPECIFIC_PENDING,Pain — unspecified context,TEAS,CONTROL_TYPE_REVIEW_REQUIRED,24 h point
Song 2020,SONG20_TEAS_vs_SHAM_PCAPRESS24,Perioperative TEAS: PC6/HT7 preoperatively; PC6/HT7/ST36/LI4 postoperatively (2/10 Hz; 30-min sessions),Active nonacupoint electrical stimulation with matched timing/frequency,PCA demand/proxy,PCA pump press number,0-24 h,Mean/SD,42,43,42,43,30.12,4.3,,,,,36.91,2.4,,,,,pump presses,<0.001,Yes,No,MD,-6.789999999999996,No,No,PCA behavior/device-use analysis only,No,"Authors report 85 in ITT and 78 PP; Table 3/Table 2 retain original 42/43 group denominators. Active nonacupoint stimulation was used to preserve masking. Direct endpoint is press count, not drug mass.",Table 3,https://drive.google.com/file/d/1qL50sUze8YDRs_oIXFWTbVUL5102qnw4/view?usp=drivesdk,SOURCE-VERIFIED / PCA-BEHAVIOR,V33-OD-0329,,,,,,,,,,,,,,,,INCLUDE,"Numerically extractable in its native endpoint/time/statistic; pooling still requires compatible stratum, comparator and independent-arm selection.",EXISTING_RESULT_SPECIFIC: Some concerns,PCA/PCIA button presses,TEAS,CONTROL_TYPE_REVIEW_REQUIRED,0-24h
Song 2020,SONG20_TEAS_vs_SHAM_BUTORPCA24_DERIVED,Perioperative TEAS: PC6/HT7 preoperatively; PC6/HT7/ST36/LI4 postoperatively (2/10 Hz; 30-min sessions),Active nonacupoint electrical stimulation with matched timing/frequency,Opioid consumption,Nominal butorphanol PCA bolus component derived from reported pump presses,0-24 h,Derived mean/SD (linear from press count),42,43,42,43,2.4096,0.344,,,,,2.9528,0.192,,,,,mg butorphanol,<0.001 (press-count comparison),No,Yes,MD,-0.5431999999999997,Yes,No,Conditional drug-specific postoperative opioid analysis,No,Derived only if each reported pump press corresponds to the programmed 2-mL infusion; 15-min lockout creates device-semantics ambiguity. Butorphanol-to-review-standard MME conversion must be explicitly prespecified.,PCA formulation in Methods + Table 3 press counts,https://drive.google.com/file/d/1qL50sUze8YDRs_oIXFWTbVUL5102qnw4/view?usp=drivesdk,DERIVED / DEVICE-SEMANTICS QC,V33-OD-0330,,,,,,,,,,,,,,,,HOLD,Nonstandard or incomplete statistic; no inferred quantities.,EXISTING_RESULT_SPECIFIC: Some concerns,PCA/PCIA button presses,TEAS,CONTROL_TYPE_REVIEW_REQUIRED,0-24h
Song 2020,SONG20_TEAS_vs_SHAM_PONV24,Perioperative TEAS: PC6/HT7 preoperatively; PC6/HT7/ST36/LI4 postoperatively (2/10 Hz; 30-min sessions),Active nonacupoint electrical stimulation with matched timing/frequency,PONV,Nausea and vomiting adverse event,0-24 h,Events/total,42,43,42,43,,,,,,3,,,,,,10,participants with nausea/vomiting,0.039,Yes,No,RR,0.3071428571428571,No,No,Eligible for 0-24 h PONV meta-analysis,No,Authors report 85 in ITT and 78 PP; Table 3/Table 2 retain original 42/43 group denominators. Active nonacupoint stimulation was used to preserve masking.,Table 3,https://drive.google.com/file/d/1qL50sUze8YDRs_oIXFWTbVUL5102qnw4/view?usp=drivesdk,SOURCE-VERIFIED,V33-OD-0331,,,,,,,,,,,,,,,,INCLUDE,"Numerically extractable in its native endpoint/time/statistic; pooling still requires compatible stratum, comparator and independent-arm selection.",ROB2_RESULT_SPECIFIC_PENDING,PONV composite,TEAS,CONTROL_TYPE_REVIEW_REQUIRED,0-24h
Song 2020,SONG20_TEAS_vs_SHAM_DIZZY24,Perioperative TEAS: PC6/HT7 preoperatively; PC6/HT7/ST36/LI4 postoperatively (2/10 Hz; 30-min sessions),Active nonacupoint electrical stimulation with matched timing/frequency,Other adverse events,Dizziness,0-24 h,Events/total,42,43,42,43,,,,,,3,,,,,,12,participants with dizziness,0.012,Yes,No,RR,0.2559523809523809,No,No,Eligible for secondary adverse-event analysis,No,Authors report 85 in ITT and 78 PP; Table 3/Table 2 retain original 42/43 group denominators. Active nonacupoint stimulation was used to preserve masking.,Table 3,https://drive.google.com/file/d/1qL50sUze8YDRs_oIXFWTbVUL5102qnw4/view?usp=drivesdk,SOURCE-VERIFIED,V33-OD-0332,,,,,,,,,,,,,,,,INCLUDE,"Numerically extractable in its native endpoint/time/statistic; pooling still requires compatible stratum, comparator and independent-arm selection.",ROB2_RESULT_SPECIFIC_PENDING,Other adverse events,TEAS,CONTROL_TYPE_REVIEW_REQUIRED,0-24h
Song 2020,SONG20_TEAS_vs_SHAM_RESPDEP24,Perioperative TEAS: PC6/HT7 preoperatively; PC6/HT7/ST36/LI4 postoperatively (2/10 Hz; 30-min sessions),Active nonacupoint electrical stimulation with matched timing/frequency,Other adverse events,Respiratory depression,0-24 h,Events/total,42,43,42,43,,,,,,0,,,,,,0,participants with respiratory depression,–,Yes,No,,,No,No,Eligible for secondary adverse-event analysis,No,Authors report 85 in ITT and 78 PP; Table 3/Table 2 retain original 42/43 group denominators. Active nonacupoint stimulation was used to preserve masking.,Table 3,https://drive.google.com/file/d/1qL50sUze8YDRs_oIXFWTbVUL5102qnw4/view?usp=drivesdk,SOURCE-VERIFIED,V33-OD-0333,,,,,,,,,,,,,,,,INCLUDE,"Numerically extractable in its native endpoint/time/statistic; pooling still requires compatible stratum, comparator and independent-arm selection.",ROB2_RESULT_SPECIFIC_PENDING,Other adverse events,TEAS,CONTROL_TYPE_REVIEW_REQUIRED,0-24h
Song 2020,SONG20_TEAS_vs_SHAM_BRADY24,Perioperative TEAS: PC6/HT7 preoperatively; PC6/HT7/ST36/LI4 postoperatively (2/10 Hz; 30-min sessions),Active nonacupoint electrical stimulation with matched timing/frequency,Other adverse events,Bradycardia,0-24 h,Events/total,42,43,42,43,,,,,,2,,,,,,4,participants with bradycardia,0.414,Yes,No,RR,0.5119047619047619,No,No,Eligible for secondary adverse-event analysis,No,Authors report 85 in ITT and 78 PP; Table 3/Table 2 retain original 42/43 group denominators. Active nonacupoint stimulation was used to preserve masking.,Table 3,https://drive.google.com/file/d/1qL50sUze8YDRs_oIXFWTbVUL5102qnw4/view?usp=drivesdk,SOURCE-VERIFIED,V33-OD-0334,,,,,,,,,,,,,,,,INCLUDE,"Numerically extractable in its native endpoint/time/statistic; pooling still requires compatible stratum, comparator and independent-arm selection.",ROB2_RESULT_SPECIFIC_PENDING,Other adverse events,TEAS,CONTROL_TYPE_REVIEW_REQUIRED,0-24h
Song 2020,SONG20_TEAS_vs_SHAM_SLEEPEFFICIENCY_PREOP1,Perioperative TEAS: PC6/HT7 preoperatively; PC6/HT7/ST36/LI4 postoperatively (2/10 Hz; 30-min sessions),Active nonacupoint electrical stimulation with matched timing/frequency,Sleep quality,Sleep efficiency,First night before surgery after preoperative stimulation,Mean/SD,42,43,42,43,87.78,3.6,,,,,84.71,3.5,,,,,%,<0.001,Yes,No,MD,3.070000000000007,No,No,Secondary/exploratory perioperative sleep-quality outcome,No,Authors report 85 in ITT and 78 PP; Table 3/Table 2 retain original 42/43 group denominators. Active nonacupoint stimulation was used to preserve masking.,Table 2,https://drive.google.com/file/d/1qL50sUze8YDRs_oIXFWTbVUL5102qnw4/view?usp=drivesdk,SOURCE-VERIFIED / SECONDARY SLEEP OUTCOME,V33-OD-0335,,,,,,,,,,,,,,,,INCLUDE,"Numerically extractable in its native endpoint/time/statistic; pooling still requires compatible stratum, comparator and independent-arm selection.",ROB2_RESULT_SPECIFIC_PENDING,Sleep quality,TEAS,CONTROL_TYPE_REVIEW_REQUIRED,first night before surgery after preoperative stimulation
Song 2020,SONG20_TEAS_vs_SHAM_AIS_PREOP1,Perioperative TEAS: PC6/HT7 preoperatively; PC6/HT7/ST36/LI4 postoperatively (2/10 Hz; 30-min sessions),Active nonacupoint electrical stimulation with matched timing/frequency,Sleep quality,AIS score,First night before surgery after preoperative stimulation,Mean/SD,42,43,42,43,2,0.6,,,,,2.33,0.7,,,,,AIS points,0.036,Yes,No,MD,-0.3300000000000001,No,No,Secondary/exploratory perioperative sleep-quality outcome,No,Authors report 85 in ITT and 78 PP; Table 3/Table 2 retain original 42/43 group denominators. Active nonacupoint stimulation was used to preserve masking.,Table 2,https://drive.google.com/file/d/1qL50sUze8YDRs_oIXFWTbVUL5102qnw4/view?usp=drivesdk,SOURCE-VERIFIED / SECONDARY SLEEP OUTCOME,V33-OD-0336,,,,,,,,,,,,,,,,INCLUDE,"Numerically extractable in its native endpoint/time/statistic; pooling still requires compatible stratum, comparator and independent-arm selection.",ROB2_RESULT_SPECIFIC_PENDING,Sleep quality,TEAS,CONTROL_TYPE_REVIEW_REQUIRED,first night before surgery after preoperative stimulation
Song 2020,SONG20_TEAS_vs_SHAM_REMSLEEP_PREOP1,Perioperative TEAS: PC6/HT7 preoperatively; PC6/HT7/ST36/LI4 postoperatively (2/10 Hz; 30-min sessions),Active nonacupoint electrical stimulation with matched timing/frequency,Sleep quality,REM sleep,First night before surgery after preoperative stimulation,Mean/SD,42,43,42,43,25.13,2.3,,,,,23.92,2,,,,,%,0.013,Yes,No,MD,1.209999999999997,No,No,Secondary/exploratory perioperative sleep-quality outcome,No,Authors report 85 in ITT and 78 PP; Table 3/Table 2 retain original 42/43 group denominators. Active nonacupoint stimulation was used to preserve masking.,Table 2,https://drive.google.com/file/d/1qL50sUze8YDRs_oIXFWTbVUL5102qnw4/view?usp=drivesdk,SOURCE-VERIFIED / SECONDARY SLEEP OUTCOME,V33-OD-0337,,,,,,,,,,,,,,,,INCLUDE,"Numerically extractable in its native endpoint/time/statistic; pooling still requires compatible stratum, comparator and independent-arm selection.",ROB2_RESULT_SPECIFIC_PENDING,Sleep quality,TEAS,CONTROL_TYPE_REVIEW_REQUIRED,first night before surgery after preoperative stimulation
Song 2020,SONG20_TEAS_vs_SHAM_STABLESLEEP_PREOP1,Perioperative TEAS: PC6/HT7 preoperatively; PC6/HT7/ST36/LI4 postoperatively (2/10 Hz; 30-min sessions),Active nonacupoint electrical stimulation with matched timing/frequency,Sleep quality,Stable sleep,First night before surgery after preoperative stimulation,Mean/SD,42,43,42,43,36,2.9,,,,,34.46,3,,,,,%,<0.001,Yes,No,MD,1.539999999999999,No,No,Secondary/exploratory perioperative sleep-quality outcome,No,Authors report 85 in ITT and 78 PP; Table 3/Table 2 retain original 42/43 group denominators. Active nonacupoint stimulation was used to preserve masking.,Table 2,https://drive.google.com/file/d/1qL50sUze8YDRs_oIXFWTbVUL5102qnw4/view?usp=drivesdk,SOURCE-VERIFIED / SECONDARY SLEEP OUTCOME,V33-OD-0338,,,,,,,,,,,,,,,,INCLUDE,"Numerically extractable in its native endpoint/time/statistic; pooling still requires compatible stratum, comparator and independent-arm selection.",ROB2_RESULT_SPECIFIC_PENDING,Sleep quality,TEAS,CONTROL_TYPE_REVIEW_REQUIRED,first night before surgery after preoperative stimulation
Song 2020,SONG20_TEAS_vs_SHAM_UNSTABLESLEEP_PREOP1,Perioperative TEAS: PC6/HT7 preoperatively; PC6/HT7/ST36/LI4 postoperatively (2/10 Hz; 30-min sessions),Active nonacupoint electrical stimulation with matched timing/frequency,Sleep quality,Unstable sleep,First night before surgery after preoperative stimulation,Mean/SD,42,43,42,43,43.41,3.4,,,,,40.67,2.7,,,,,%,0.018,Yes,No,MD,2.739999999999995,No,No,Secondary/exploratory perioperative sleep-quality outcome,No,Authors report 85 in ITT and 78 PP; Table 3/Table 2 retain original 42/43 group denominators. Active nonacupoint stimulation was used to preserve masking.,Table 2,https://drive.google.com/file/d/1qL50sUze8YDRs_oIXFWTbVUL5102qnw4/view?usp=drivesdk,SOURCE-VERIFIED / SECONDARY SLEEP OUTCOME,V33-OD-0339,,,,,,,,,,,,,,,,INCLUDE,"Numerically extractable in its native endpoint/time/statistic; pooling still requires compatible stratum, comparator and independent-arm selection.",ROB2_RESULT_SPECIFIC_PENDING,Sleep quality,TEAS,CONTROL_TYPE_REVIEW_REQUIRED,first night before surgery after preoperative stimulation
Song 2020,SONG20_TEAS_vs_SHAM_SLEEPEFFICIENCY_POD1,Perioperative TEAS: PC6/HT7 preoperatively; PC6/HT7/ST36/LI4 postoperatively (2/10 Hz; 30-min sessions),Active nonacupoint electrical stimulation with matched timing/frequency,Sleep quality,Sleep efficiency,First postoperative night,Mean/SD,42,43,42,43,76.63,2.9,,,,,70.35,2.5,,,,,%,<0.001,Yes,No,MD,6.280000000000001,No,No,Secondary/exploratory perioperative sleep-quality outcome,No,Authors report 85 in ITT and 78 PP; Table 3/Table 2 retain original 42/43 group denominators. Active nonacupoint stimulation was used to preserve masking.,Table 2,https://drive.google.com/file/d/1qL50sUze8YDRs_oIXFWTbVUL5102qnw4/view?usp=drivesdk,SOURCE-VERIFIED / SECONDARY SLEEP OUTCOME,V33-OD-0340,,,,,,,,,,,,,,,,INCLUDE,"Numerically extractable in its native endpoint/time/statistic; pooling still requires compatible stratum, comparator and independent-arm selection.",ROB2_RESULT_SPECIFIC_PENDING,Sleep quality,TEAS,CONTROL_TYPE_REVIEW_REQUIRED,first postoperative night
Song 2020,SONG20_TEAS_vs_SHAM_AIS_POD1,Perioperative TEAS: PC6/HT7 preoperatively; PC6/HT7/ST36/LI4 postoperatively (2/10 Hz; 30-min sessions),Active nonacupoint electrical stimulation with matched timing/frequency,Sleep quality,AIS score,First postoperative night,Mean/SD,42,43,42,43,4.14,0.8,,,,,5.44,0.6,,,,,AIS points,<0.001,Yes,No,MD,-1.300000000000001,No,No,Secondary/exploratory perioperative sleep-quality outcome,No,Authors report 85 in ITT and 78 PP; Table 3/Table 2 retain original 42/43 group denominators. Active nonacupoint stimulation was used to preserve masking.,Table 2,https://drive.google.com/file/d/1qL50sUze8YDRs_oIXFWTbVUL5102qnw4/view?usp=drivesdk,SOURCE-VERIFIED / SECONDARY SLEEP OUTCOME,V33-OD-0341,,,,,,,,,,,,,,,,INCLUDE,"Numerically extractable in its native endpoint/time/statistic; pooling still requires compatible stratum, comparator and independent-arm selection.",ROB2_RESULT_SPECIFIC_PENDING,Sleep quality,TEAS,CONTROL_TYPE_REVIEW_REQUIRED,first postoperative night
Song 2020,SONG20_TEAS_vs_SHAM_REMSLEEP_POD1,Perioperative TEAS: PC6/HT7 preoperatively; PC6/HT7/ST36/LI4 postoperatively (2/10 Hz; 30-min sessions),Active nonacupoint electrical stimulation with matched timing/frequency,Sleep quality,REM sleep,First postoperative night,Mean/SD,42,43,42,43,19.42,1.6,,,,,16.07,1.8,,,,,%,<0.001,Yes,No,MD,3.350000000000001,No,No,Secondary/exploratory perioperative sleep-quality outcome,No,Authors report 85 in ITT and 78 PP; Table 3/Table 2 retain original 42/43 group denominators. Active nonacupoint stimulation was used to preserve masking.,Table 2,https://drive.google.com/file/d/1qL50sUze8YDRs_oIXFWTbVUL5102qnw4/view?usp=drivesdk,SOURCE-VERIFIED / SECONDARY SLEEP OUTCOME,V33-OD-0342,,,,,,,,,,,,,,,,INCLUDE,"Numerically extractable in its native endpoint/time/statistic; pooling still requires compatible stratum, comparator and independent-arm selection.",ROB2_RESULT_SPECIFIC_PENDING,Sleep quality,TEAS,CONTROL_TYPE_REVIEW_REQUIRED,first postoperative night
Song 2020,SONG20_TEAS_vs_SHAM_STABLESLEEP_POD1,Perioperative TEAS: PC6/HT7 preoperatively; PC6/HT7/ST36/LI4 postoperatively (2/10 Hz; 30-min sessions),Active nonacupoint electrical stimulation with matched timing/frequency,Sleep quality,Stable sleep,First postoperative night,Mean/SD,42,43,42,43,28.24,2.7,,,,,24.85,3.3,,,,,%,<0.001,Yes,No,MD,3.389999999999997,No,No,Secondary/exploratory perioperative sleep-quality outcome,No,Authors report 85 in ITT and 78 PP; Table 3/Table 2 retain original 42/43 group denominators. Active nonacupoint stimulation was used to preserve masking.,Table 2,https://drive.google.com/file/d/1qL50sUze8YDRs_oIXFWTbVUL5102qnw4/view?usp=drivesdk,SOURCE-VERIFIED / SECONDARY SLEEP OUTCOME,V33-OD-0343,,,,,,,,,,,,,,,,INCLUDE,"Numerically extractable in its native endpoint/time/statistic; pooling still requires compatible stratum, comparator and independent-arm selection.",ROB2_RESULT_SPECIFIC_PENDING,Sleep quality,TEAS,CONTROL_TYPE_REVIEW_REQUIRED,first postoperative night
Song 2020,SONG20_TEAS_vs_SHAM_UNSTABLESLEEP_POD1,Perioperative TEAS: PC6/HT7 preoperatively; PC6/HT7/ST36/LI4 postoperatively (2/10 Hz; 30-min sessions),Active nonacupoint electrical stimulation with matched timing/frequency,Sleep quality,Unstable sleep,First postoperative night,Mean/SD,42,43,42,43,33.59,3.4,,,,,27.15,2.8,,,,,%,<0.001,Yes,No,MD,6.440000000000005,No,No,Secondary/exploratory perioperative sleep-quality outcome,No,Authors report 85 in ITT and 78 PP; Table 3/Table 2 retain original 42/43 group denominators. Active nonacupoint stimulation was used to preserve masking.,Table 2,https://drive.google.com/file/d/1qL50sUze8YDRs_oIXFWTbVUL5102qnw4/view?usp=drivesdk,SOURCE-VERIFIED / SECONDARY SLEEP OUTCOME,V33-OD-0344,,,,,,,,,,,,,,,,INCLUDE,"Numerically extractable in its native endpoint/time/statistic; pooling still requires compatible stratum, comparator and independent-arm selection.",ROB2_RESULT_SPECIFIC_PENDING,Sleep quality,TEAS,CONTROL_TYPE_REVIEW_REQUIRED,first postoperative night
Song 2020,SONG20_TEAS_vs_SHAM_SLEEPEFFICIENCY_POD3,Perioperative TEAS: PC6/HT7 preoperatively; PC6/HT7/ST36/LI4 postoperatively (2/10 Hz; 30-min sessions),Active nonacupoint electrical stimulation with matched timing/frequency,Sleep quality,Sleep efficiency,Third postoperative night,Mean/SD,42,43,42,43,82,3.4,,,,,78.18,3.2,,,,,%,<0.001,Yes,No,MD,3.819999999999993,No,No,Secondary/exploratory perioperative sleep-quality outcome,No,Authors report 85 in ITT and 78 PP; Table 3/Table 2 retain original 42/43 group denominators. Active nonacupoint stimulation was used to preserve masking.,Table 2,https://drive.google.com/file/d/1qL50sUze8YDRs_oIXFWTbVUL5102qnw4/view?usp=drivesdk,SOURCE-VERIFIED / SECONDARY SLEEP OUTCOME,V33-OD-0345,,,,,,,,,,,,,,,,INCLUDE,"Numerically extractable in its native endpoint/time/statistic; pooling still requires compatible stratum, comparator and independent-arm selection.",ROB2_RESULT_SPECIFIC_PENDING,Sleep quality,TEAS,CONTROL_TYPE_REVIEW_REQUIRED,third postoperative night
Song 2020,SONG20_TEAS_vs_SHAM_AIS_POD3,Perioperative TEAS: PC6/HT7 preoperatively; PC6/HT7/ST36/LI4 postoperatively (2/10 Hz; 30-min sessions),Active nonacupoint electrical stimulation with matched timing/frequency,Sleep quality,AIS score,Third postoperative night,Mean/SD,42,43,42,43,3.33,0.8,,,,,4.33,0.9,,,,,AIS points,<0.001,Yes,No,MD,-1,No,No,Secondary/exploratory perioperative sleep-quality outcome,No,Authors report 85 in ITT and 78 PP; Table 3/Table 2 retain original 42/43 group denominators. Active nonacupoint stimulation was used to preserve masking.,Table 2,https://drive.google.com/file/d/1qL50sUze8YDRs_oIXFWTbVUL5102qnw4/view?usp=drivesdk,SOURCE-VERIFIED / SECONDARY SLEEP OUTCOME,V33-OD-0346,,,,,,,,,,,,,,,,INCLUDE,"Numerically extractable in its native endpoint/time/statistic; pooling still requires compatible stratum, comparator and independent-arm selection.",ROB2_RESULT_SPECIFIC_PENDING,Sleep quality,TEAS,CONTROL_TYPE_REVIEW_REQUIRED,third postoperative night
Song 2020,SONG20_TEAS_vs_SHAM_REMSLEEP_POD3,Perioperative TEAS: PC6/HT7 preoperatively; PC6/HT7/ST36/LI4 postoperatively (2/10 Hz; 30-min sessions),Active nonacupoint electrical stimulation with matched timing/frequency,Sleep quality,REM sleep,Third postoperative night,Mean/SD,42,43,42,43,21.5,1.7,,,,,18.64,1.5,,,,,%,<0.001,Yes,No,MD,2.859999999999999,No,No,Secondary/exploratory perioperative sleep-quality outcome,No,Authors report 85 in ITT and 78 PP; Table 3/Table 2 retain original 42/43 group denominators. Active nonacupoint stimulation was used to preserve masking.,Table 2,https://drive.google.com/file/d/1qL50sUze8YDRs_oIXFWTbVUL5102qnw4/view?usp=drivesdk,SOURCE-VERIFIED / SECONDARY SLEEP OUTCOME,V33-OD-0347,,,,,,,,,,,,,,,,INCLUDE,"Numerically extractable in its native endpoint/time/statistic; pooling still requires compatible stratum, comparator and independent-arm selection.",ROB2_RESULT_SPECIFIC_PENDING,Sleep quality,TEAS,CONTROL_TYPE_REVIEW_REQUIRED,third postoperative night
Song 2020,SONG20_TEAS_vs_SHAM_STABLESLEEP_POD3,Perioperative TEAS: PC6/HT7 preoperatively; PC6/HT7/ST36/LI4 postoperatively (2/10 Hz; 30-min sessions),Active nonacupoint electrical stimulation with matched timing/frequency,Sleep quality,Stable sleep,Third postoperative night,Mean/SD,42,43,42,43,30.11,3,,,,,27.13,3.4,,,,,%,<0.001,Yes,No,MD,2.98,No,No,Secondary/exploratory perioperative sleep-quality outcome,No,Authors report 85 in ITT and 78 PP; Table 3/Table 2 retain original 42/43 group denominators. Active nonacupoint stimulation was used to preserve masking.,Table 2,https://drive.google.com/file/d/1qL50sUze8YDRs_oIXFWTbVUL5102qnw4/view?usp=drivesdk,SOURCE-VERIFIED / SECONDARY SLEEP OUTCOME,V33-OD-0348,,,,,,,,,,,,,,,,INCLUDE,"Numerically extractable in its native endpoint/time/statistic; pooling still requires compatible stratum, comparator and independent-arm selection.",ROB2_RESULT_SPECIFIC_PENDING,Sleep quality,TEAS,CONTROL_TYPE_REVIEW_REQUIRED,third postoperative night
Song 2020,SONG20_TEAS_vs_SHAM_UNSTABLESLEEP_POD3,Perioperative TEAS: PC6/HT7 preoperatively; PC6/HT7/ST36/LI4 postoperatively (2/10 Hz; 30-min sessions),Active nonacupoint electrical stimulation with matched timing/frequency,Sleep quality,Unstable sleep,Third postoperative night,Mean/SD,42,43,42,43,38.16,3.4,,,,,31.39,2.7,,,,,%,<0.001,Yes,No,MD,6.769999999999996,No,No,Secondary/exploratory perioperative sleep-quality outcome,No,Authors report 85 in ITT and 78 PP; Table 3/Table 2 retain original 42/43 group denominators. Active nonacupoint stimulation was used to preserve masking.,Table 2,https://drive.google.com/file/d/1qL50sUze8YDRs_oIXFWTbVUL5102qnw4/view?usp=drivesdk,SOURCE-VERIFIED / SECONDARY SLEEP OUTCOME,V33-OD-0349,,,,,,,,,,,,,,,,INCLUDE,"Numerically extractable in its native endpoint/time/statistic; pooling still requires compatible stratum, comparator and independent-arm selection.",ROB2_RESULT_SPECIFIC_PENDING,Sleep quality,TEAS,CONTROL_TYPE_REVIEW_REQUIRED,third postoperative night
Szmit 2021,SZMIT21_TEAS_vs_SHAM_MORPH24,Postoperative TEAS: bilateral LI4 + ipsilateral peri-incisional ashi points; alternating 2/100 Hz; 30 min every 2 h through 24 h,Sham TEAS: identical devices/placement with no electrical stimulation + PCA,Postoperative opioid consumption,Total IV PCA morphine dose,0–24 h postoperative,Mean/SD,24,24,24,24,7.5,3.8,8,5,9,,15.2,6.24,15,13,18,,mg IV morphine,<0.001,Yes,No,MD,-7.7,Yes,Yes,Primary continuous 24-h opioid outcome,Three-arm RCT; select one comparator for primary pairwise synthesis; TEAS-vs-PCA-only retained separately,Source reports both mean/SD and median/IQR; mean/SD used for the strict primary dataset. Participants were blinded; personnel were not.,Table 2 / primary outcome,https://drive.google.com/file/d/1SbgHRO4KEP9X0Unz75vDMFCvlkDTEgk3/view?usp=drivesdk,SOURCE-VERIFIED / PRIMARY-ELIGIBLE,V33-OD-0350,,,,,,,,,,,,,,,,INCLUDE,Locked strict primary result; prespecified source adjudication and conversions retained.,EXISTING_LOCKED_PRIMARY: Some concerns,Postoperative opioid dose (native window/unit),TEAS,Sham,cumulative 0–24 h (locked primary source adjudication)
Szmit 2021,SZMIT21_TEAS_vs_CTRL_MORPH24,Postoperative TEAS: bilateral LI4 + ipsilateral peri-incisional ashi points; alternating 2/100 Hz; 30 min every 2 h through 24 h,PCA only / no TEAS,Postoperative opioid consumption,Total IV PCA morphine dose,0–24 h postoperative,Mean/SD,24,23,24,23,7.5,3.8,8,5,9,,15.5,6.1,15,11,18,,mg IV morphine,<0.001 (3-group overall),Yes,No,MD,-8,Yes,No,Supportive/usual-care comparison; retain separately from principal sham-controlled analysis,Three-arm RCT with shared TEAS arm; correlated with TEAS-vs-sham contrast,Do not count this alternative comparator as a second independent study in a simple pairwise meta-analysis.,Table 2 / primary outcome,https://drive.google.com/file/d/1SbgHRO4KEP9X0Unz75vDMFCvlkDTEgk3/view?usp=drivesdk,SOURCE-VERIFIED / MULTI-ARM SECONDARY,V33-OD-0351,,,,,,,,,,,,,,,,INCLUDE,"Numerically extractable in its native endpoint/time/statistic; pooling still requires compatible stratum, comparator and independent-arm selection.",EXISTING_RESULT_SPECIFIC: Some concerns,Postoperative opioid dose (native window/unit),TEAS,CONTROL_TYPE_REVIEW_REQUIRED,0-24h postoperative
Szmit 2021,SZMIT21_TEAS_vs_SHAM_NAUSEA24,Postoperative TEAS: bilateral LI4 + ipsilateral peri-incisional ashi points; alternating 2/100 Hz; 30 min every 2 h through 24 h,Sham TEAS: identical devices/placement with no electrical stimulation + PCA,PONV,Nausea incidence,Postoperative observation period; PCA/TEAS discontinued at 24 h,Events/total,24,24,24,24,,,,,,0,,,,,,4,participants with nausea,0.116 (3-group overall),Yes,No,,,No,No,Eligible for nausea-only binary analysis; do not merge with composite PONV,Three-arm RCT; alternative control contrast shares the same TEAS arm,Zero events in TEAS; use events/denominators directly rather than the non-significant overall P value.,Table 2 / postoperative adverse events,https://drive.google.com/file/d/1SbgHRO4KEP9X0Unz75vDMFCvlkDTEgk3/view?usp=drivesdk,SOURCE-VERIFIED,V33-OD-0352,,,,,,,,,,,,,,,,INCLUDE,"Numerically extractable in its native endpoint/time/statistic; pooling still requires compatible stratum, comparator and independent-arm selection.",ROB2_RESULT_SPECIFIC_PENDING,Nausea,TEAS,Sham,postoperative observation period; pca/teas discontinued at 24h
Szmit 2021,SZMIT21_TEAS_vs_CTRL_NAUSEA24,Postoperative TEAS: bilateral LI4 + ipsilateral peri-incisional ashi points; alternating 2/100 Hz; 30 min every 2 h through 24 h,PCA only / no TEAS,PONV,Nausea incidence,Postoperative observation period; PCA/TEAS discontinued at 24 h,Events/total,24,23,24,23,,,,,,0,,,,,,2,participants with nausea,0.116 (3-group overall),Yes,No,,,No,No,Supportive/usual-care nausea contrast; separate from sham-controlled principal analysis,Three-arm RCT with shared TEAS arm,Zero events in TEAS; correlated alternative comparator; do not count independently in a simple pairwise synthesis.,Table 2 / postoperative adverse events,https://drive.google.com/file/d/1SbgHRO4KEP9X0Unz75vDMFCvlkDTEgk3/view?usp=drivesdk,SOURCE-VERIFIED / MULTI-ARM SECONDARY,V33-OD-0353,,,,,,,,,,,,,,,,INCLUDE,"Numerically extractable in its native endpoint/time/statistic; pooling still requires compatible stratum, comparator and independent-arm selection.",ROB2_RESULT_SPECIFIC_PENDING,Nausea,TEAS,CONTROL_TYPE_REVIEW_REQUIRED,postoperative observation period; pca/teas discontinued at 24h
Szmit 2021,SZMIT21_TEAS_vs_SHAM_VASDISCH,Postoperative TEAS: bilateral LI4 + ipsilateral peri-incisional ashi points; alternating 2/100 Hz; 30 min every 2 h through 24 h,Sham TEAS: identical devices/placement with no electrical stimulation + PCA,Pain,VAS pain at discharge,At discharge; exact postoperative clock time not reported,Mean/SD,24,24,24,24,1.3,1,1,0.5,2,,2.9,1.5,3,2,4,,VAS 0–10,<0.001,Yes,No,MD,-1.6,No,No,Pain outcome; timing not eligible for an exact 24-h pain analysis,Three-arm RCT; alternative control contrast shares the same TEAS arm,Figure 3b identifies the VAS result as assessed at discharge; the exact postoperative time of discharge is not stated.,Table 2 / Figure 3b,https://drive.google.com/file/d/1SbgHRO4KEP9X0Unz75vDMFCvlkDTEgk3/view?usp=drivesdk,SOURCE-VERIFIED / TIMING-UNCLEAR,V33-OD-0354,,,,,,,,,,,,,,,,INCLUDE,"Numerically extractable in its native endpoint/time/statistic; pooling still requires compatible stratum, comparator and independent-arm selection.",ROB2_RESULT_SPECIFIC_PENDING,Pain — unspecified context,TEAS,Sham,at discharge; exact postoperative clock time not reported
Szmit 2021,SZMIT21_TEAS_vs_CTRL_VASDISCH,Postoperative TEAS: bilateral LI4 + ipsilateral peri-incisional ashi points; alternating 2/100 Hz; 30 min every 2 h through 24 h,PCA only / no TEAS,Pain,VAS pain at discharge,At discharge; exact postoperative clock time not reported,Mean/SD,24,23,24,23,1.3,1,1,0.5,2,,3.1,1.3,3,2,4,,VAS 0–10,<0.001,Yes,No,MD,-1.8,No,No,Pain outcome; timing not eligible for an exact 24-h pain analysis,Three-arm RCT with shared TEAS arm,Figure 3b identifies the VAS result as assessed at discharge; exact timing is unreported and this is a correlated alternative comparator.,Table 2 / Figure 3b,https://drive.google.com/file/d/1SbgHRO4KEP9X0Unz75vDMFCvlkDTEgk3/view?usp=drivesdk,SOURCE-VERIFIED / TIMING-UNCLEAR / MULTI-ARM SECONDARY,V33-OD-0355,,,,,,,,,,,,,,,,INCLUDE,"Numerically extractable in its native endpoint/time/statistic; pooling still requires compatible stratum, comparator and independent-arm selection.",ROB2_RESULT_SPECIFIC_PENDING,Pain — unspecified context,TEAS,CONTROL_TYPE_REVIEW_REQUIRED,at discharge; exact postoperative clock time not reported
Zhang 2018,ZHANG18_TEA_vs_SHAM_OPIOID24,"Postoperative needleless TEA at bilateral ST36 and PC6; 25 Hz, 0.5-ms pulse width, 2–10 mA; 1 h twice daily on POD1–3",Active electrical stimulation at non-acupoints with the same stimulation method,Postoperative opioid consumption,Exact cumulative postoperative opioid consumption,0–24 h,Not reported,21,21,21,21,,,,,,,,,,,,,opioid dose,Not reported,No,No,,,No,No,EXCLUDE — DATA UNAVAILABLE,No,The article does not report postoperative opioid consumption/dose or a quantitative rescue-opioid endpoint.,Methods/results,https://drive.google.com/file/d/1ZcLvQiw1bigHUYQTjwWPa8f1D2UrkAwl/view?usp=drivesdk,SOURCE-VERIFIED / DATA UNAVAILABLE,V33-OD-0356,,,,,,,,,,,,,,,,NOT REPORTED,Accessed source does not supply the requested numerical result.,ROB2_RESULT_SPECIFIC_PENDING,Postoperative opioid dose (native window/unit),MODALITY_REVIEW_REQUIRED,CONTROL_TYPE_REVIEW_REQUIRED,0-24h
Zhang 2018,ZHANG18_TEA_vs_SHAM_DEFEC,"Postoperative needleless TEA at bilateral ST36 and PC6; 25 Hz, 0.5-ms pulse width, 2–10 mA; 1 h twice daily on POD1–3",Active electrical stimulation at non-acupoints with the same stimulation method,GI recovery,Time to first defecation,Postoperative,Graph-only mean±SE,21,21,21,21,,,,,,,,,,,,,hours,<0.01; TEA 31.7% shorter than sham,Yes,No,,,No,No,DIGITIZATION NEEDED,No,Exact group mean±SE values are shown only in Figure 2a; do not visually infer. Source text reports a 31.7% reduction.,Figure 2a / Results,https://drive.google.com/file/d/1ZcLvQiw1bigHUYQTjwWPa8f1D2UrkAwl/view?usp=drivesdk,SOURCE-VERIFIED / GRAPH-ONLY,V33-OD-0357,,,,,,,,,,,,,,,,GRAPH ONLY,No new graph digitization; historical digitized data require their original validation before pooling.,EXISTING_RESULT_SPECIFIC: Some concerns,GI — first defecation,MODALITY_REVIEW_REQUIRED,CONTROL_TYPE_REVIEW_REQUIRED,postoperative
Zhang 2018,ZHANG18_TEA_vs_SHAM_FLATUS,"Postoperative needleless TEA at bilateral ST36 and PC6; 25 Hz, 0.5-ms pulse width, 2–10 mA; 1 h twice daily on POD1–3",Active electrical stimulation at non-acupoints with the same stimulation method,GI recovery,Time to first flatus,Postoperative,Graph-only mean±SE,21,21,21,21,,,,,,,,,,,,,hours,<0.001; TEA 35.9% shorter than sham,Yes,No,,,No,No,DIGITIZATION NEEDED,No,Exact group mean±SE values are shown only in Figure 2a; do not visually infer. Source text reports a 35.9% reduction.,Figure 2a / Results,https://drive.google.com/file/d/1ZcLvQiw1bigHUYQTjwWPa8f1D2UrkAwl/view?usp=drivesdk,SOURCE-VERIFIED / GRAPH-ONLY,V33-OD-0358,,,,,,,,,,,,,,,,GRAPH ONLY,No new graph digitization; historical digitized data require their original validation before pooling.,ROB2_RESULT_SPECIFIC_PENDING,GI — first flatus,MODALITY_REVIEW_REQUIRED,CONTROL_TYPE_REVIEW_REQUIRED,postoperative
Zhang 2018,ZHANG18_TEA_vs_SHAM_DIET,"Postoperative needleless TEA at bilateral ST36 and PC6; 25 Hz, 0.5-ms pulse width, 2–10 mA; 1 h twice daily on POD1–3",Active electrical stimulation at non-acupoints with the same stimulation method,GI recovery,Time to resume diet,Postoperative,Graph-only mean±SE,21,21,21,21,,,,,,,,,,,,,days,<0.01; TEA 26.5% shorter than sham,Yes,No,,,No,No,DIGITIZATION NEEDED,No,Exact group mean±SE values are shown only in Figure 2b; do not visually infer. Source text reports a 26.5% reduction.,Figure 2b / Results,https://drive.google.com/file/d/1ZcLvQiw1bigHUYQTjwWPa8f1D2UrkAwl/view?usp=drivesdk,SOURCE-VERIFIED / GRAPH-ONLY,V33-OD-0359,,,,,,,,,,,,,,,,GRAPH ONLY,No new graph digitization; historical digitized data require their original validation before pooling.,ROB2_RESULT_SPECIFIC_PENDING,GI recovery,MODALITY_REVIEW_REQUIRED,CONTROL_TYPE_REVIEW_REQUIRED,postoperative
Zhang 2018,ZHANG18_TEA_vs_SHAM_POI96,"Postoperative needleless TEA at bilateral ST36 and PC6; 25 Hz, 0.5-ms pulse width, 2–10 mA; 1 h twice daily on POD1–3",Active electrical stimulation at non-acupoints with the same stimulation method,GI recovery,Prolonged postoperative ileus / time to first defecation >96 h,Postoperative,Events/total,21,21,21,21,,,,,,0,,,,,,5,participants,<0.05,Yes,No,RR,0,No,No,SOURCE-QC HOLD,No,"Text reports 0/21 TEA vs 5/21 sham, but Table 2 lists 33 non-endpoint + 11 endpoint patients (44 total) despite 42 randomized. Preserve raw text counts but hold quantitative use.",Results text / Table 2,https://drive.google.com/file/d/1ZcLvQiw1bigHUYQTjwWPa8f1D2UrkAwl/view?usp=drivesdk,SOURCE-VERIFIED / DENOMINATOR INCONSISTENCY,V33-OD-0360,,,,,,,,,,,,,,,,HOLD,"Preserved v33 source-QC gate: Raw text gives 0/21 vs 5/21, but Table 2 endpoint/non-endpoint totals equal 44 rather than 42; adjudication required.",ROB2_RESULT_SPECIFIC_PENDING,GI — first defecation,MODALITY_REVIEW_REQUIRED,CONTROL_TYPE_REVIEW_REQUIRED,postoperative
Zhang 2018,ZHANG18_TEA_vs_SHAM_AMB,"Postoperative needleless TEA at bilateral ST36 and PC6; 25 Hz, 0.5-ms pulse width, 2–10 mA; 1 h twice daily on POD1–3",Active electrical stimulation at non-acupoints with the same stimulation method,Functional recovery,Time to ambulation,Postoperative,Graph-only mean±SE,21,21,21,21,,,,,,,,,,,,,days,<0.01; TEA 42.8% shorter than sham,Yes,No,,,No,No,DIGITIZATION NEEDED,No,Exact group mean±SE values are shown only in Figure 2b; source text reports a 42.8% reduction.,Figure 2b / Results,https://drive.google.com/file/d/1ZcLvQiw1bigHUYQTjwWPa8f1D2UrkAwl/view?usp=drivesdk,SOURCE-VERIFIED / GRAPH-ONLY,V33-OD-0361,,,,,,,,,,,,,,,,GRAPH ONLY,No new graph digitization; historical digitized data require their original validation before pooling.,ROB2_RESULT_SPECIFIC_PENDING,Functional recovery,MODALITY_REVIEW_REQUIRED,CONTROL_TYPE_REVIEW_REQUIRED,postoperative
Zhang 2018,ZHANG18_TEA_vs_SHAM_LOS,"Postoperative needleless TEA at bilateral ST36 and PC6; 25 Hz, 0.5-ms pulse width, 2–10 mA; 1 h twice daily on POD1–3",Active electrical stimulation at non-acupoints with the same stimulation method,Functional recovery,Postoperative hospital length of stay,Postoperative,Graph-only mean±SE,21,21,21,21,,,,,,,,,,,,,days,<0.05; TEA 30.2% shorter than sham,Yes,No,,,No,No,DIGITIZATION NEEDED,No,Exact group mean±SE values are shown only in Figure 2b; source text reports a 30.2% reduction. Adjusted regression coefficient for TEA was −6.3 days (95% CI −12.0 to −0.6).,Figure 2b / Results,https://drive.google.com/file/d/1ZcLvQiw1bigHUYQTjwWPa8f1D2UrkAwl/view?usp=drivesdk,SOURCE-VERIFIED / GRAPH-ONLY,V33-OD-0362,,,,,,,,,,,,,,,,GRAPH ONLY,No new graph digitization; historical digitized data require their original validation before pooling.,ROB2_RESULT_SPECIFIC_PENDING,LOS,MODALITY_REVIEW_REQUIRED,CONTROL_TYPE_REVIEW_REQUIRED,postoperative
Zhang 2018,ZHANG18_TEA_vs_SHAM_PAINPOD1,"Postoperative needleless TEA at bilateral ST36 and PC6; 25 Hz, 0.5-ms pulse width, 2–10 mA; 1 h twice daily on POD1–3",Active electrical stimulation at non-acupoints with the same stimulation method,Pain,VAS pain score,Postoperative day 1,Graph-only mean±SE,21,21,21,21,,,,,,,,,,,,,VAS 0–10,No significant difference reported,Yes,No,,,No,No,DIGITIZATION NEEDED,No,Figure 2c shows POD1 means±SE but exact values are not tabulated. The Results text highlights significant reductions only on POD2 and POD3.,Figure 2c / Results,https://drive.google.com/file/d/1ZcLvQiw1bigHUYQTjwWPa8f1D2UrkAwl/view?usp=drivesdk,SOURCE-VERIFIED / GRAPH-ONLY,V33-OD-0363,,,,,,,,,,,,,,,,GRAPH ONLY,No new graph digitization; historical digitized data require their original validation before pooling.,ROB2_RESULT_SPECIFIC_PENDING,Pain — unspecified context,MODALITY_REVIEW_REQUIRED,CONTROL_TYPE_REVIEW_REQUIRED,postoperative day 1
Zhang 2018,ZHANG18_TEA_vs_SHAM_PAINPOD2,"Postoperative needleless TEA at bilateral ST36 and PC6; 25 Hz, 0.5-ms pulse width, 2–10 mA; 1 h twice daily on POD1–3",Active electrical stimulation at non-acupoints with the same stimulation method,Pain,VAS pain score,Postoperative day 2,Graph-only mean±SE,21,21,21,21,,,,,,,,,,,,,VAS 0–10,<0.01; TEA 50.8% lower than sham,Yes,No,,,No,No,DIGITIZATION NEEDED,No,Exact group mean±SE values are shown only in Figure 2c; source text reports a 50.8% reduction.,Figure 2c / Results,https://drive.google.com/file/d/1ZcLvQiw1bigHUYQTjwWPa8f1D2UrkAwl/view?usp=drivesdk,SOURCE-VERIFIED / GRAPH-ONLY,V33-OD-0364,,,,,,,,,,,,,,,,GRAPH ONLY,No new graph digitization; historical digitized data require their original validation before pooling.,ROB2_RESULT_SPECIFIC_PENDING,Pain — unspecified context,MODALITY_REVIEW_REQUIRED,CONTROL_TYPE_REVIEW_REQUIRED,postoperative day 2
Zhang 2018,ZHANG18_TEA_vs_SHAM_PAINPOD3,"Postoperative needleless TEA at bilateral ST36 and PC6; 25 Hz, 0.5-ms pulse width, 2–10 mA; 1 h twice daily on POD1–3",Active electrical stimulation at non-acupoints with the same stimulation method,Pain,VAS pain score,Postoperative day 3,Graph-only mean±SE,21,21,21,21,,,,,,,,,,,,,VAS 0–10,<0.001; TEA 64.9% lower than sham,Yes,No,,,No,No,DIGITIZATION NEEDED,No,Exact group mean±SE values are shown only in Figure 2c; source text reports a 64.9% reduction.,Figure 2c / Results,https://drive.google.com/file/d/1ZcLvQiw1bigHUYQTjwWPa8f1D2UrkAwl/view?usp=drivesdk,SOURCE-VERIFIED / GRAPH-ONLY,V33-OD-0365,,,,,,,,,,,,,,,,GRAPH ONLY,No new graph digitization; historical digitized data require their original validation before pooling.,ROB2_RESULT_SPECIFIC_PENDING,Pain — unspecified context,MODALITY_REVIEW_REQUIRED,CONTROL_TYPE_REVIEW_REQUIRED,postoperative day 3
Yu 2020,YU20_TEAS_vs_CTRL_RESCUEOP24,Preoperative TEAS,Control/no current (electrodes applied),Rescue opioid use,Participants requiring rescue sufentanil,0-24 h postoperative,Events/total,30,30,30,30,,,,,,13,,,,,,24,participants,<0.01,Yes,No,,,No,No,Eligible for binary rescue-opioid meta-analysis (RR),No,"Binary incidence of rescue analgesia, NOT cumulative opioid dose. Rescue dose/number of administrations not reported, so no MME is derivable.",Table 3 (Cases of remedial analgesia),local: TEAS EA Verification/Source PDFs/s13063-019-3892-4.pdf,SOURCE-VERIFIED (v33 supplementary integration),V33-OD-0366,,,,,,,,,,,,,,,,INCLUDE,"Numerically extractable in its native endpoint/time/statistic; pooling still requires compatible stratum, comparator and independent-arm selection.",ROB2_RESULT_SPECIFIC_PENDING,Rescue opioid use,TEAS,Sham,0-24h postoperative
Yu 2020,YU20_TEAS_vs_CTRL_PAIN_POD1,Preoperative TEAS,Control/no current (electrodes applied),Pain,Resting pain VAS,POD1 (~24 h),Mean/SD,30,30,30,30,3.7,1.53,,,,,4.73,1.53,,,,,VAS 0-10,0.042,Yes,No,,,No,No,CONFLICTED - not eligible for pooling until the source SD conflict is resolved,No,"SOURCE CONFLICT: Table 2 reports TEAS 3.70 (1.53); the abstract reports 3.70 +/- 1.41 for the same result. Table 2's TEAS SD is also identical to the control SD (1.53), which is itself suspicious. Table 2 value recorded here as the primary transcription because a table outranks an abstract; the conflict is unresolved and this row must NOT be pooled. Author contact required. | V34: Yu Table 2 TEAS SDs POD1/POD2 = 1.53/0.98; abstract = 1.41/0.88. POD2 prose P=0.26, table *P<0.05, abstract significant. Table values retained; pain quantitative HOLD.",Table 2 (VAS scores); abstract Results,local: TEAS EA Verification/Source PDFs/s13063-019-3892-4.pdf,SOURCE-VERIFIED (v33 supplementary integration),V33-OD-0367,,,,,,,,,,,,,,,,HOLD,"Unresolved source conflict or undefined endpoint; printed values retained, excluded from quantitative models.",ROB2_RESULT_SPECIFIC_PENDING,Pain — rest,TEAS,Sham,pod1 (~24h)
Yu 2020,YU20_TEAS_vs_CTRL_PAIN_POD2,Preoperative TEAS,Control/no current (electrodes applied),Pain,Resting pain VAS,POD2 (~48 h),Mean/SD,30,30,30,30,1.83,0.98,,,,,2.3,0.95,,,,,VAS 0-10,CONFLICTED (0.26 vs <0.05),Yes,No,,,No,No,CONFLICTED - not eligible for pooling until the source conflicts are resolved,No,"TWO SOURCE CONFLICTS. (1) SD: Table 2 gives TEAS 1.83 (0.98); the abstract gives 1.83 +/- 0.88. (2) P value: the Results text states 'P = 0.042 and P = 0.26 for T1 and T2 respectively', i.e. POD2 non-significant, while Table 2 stars this result as P < 0.05 and the abstract claims P < 0.05 for both timepoints. Unresolved; do not pool. Author contact required. | V34: Yu Table 2 TEAS SDs POD1/POD2 = 1.53/0.98; abstract = 1.41/0.88. POD2 prose P=0.26, table *P<0.05, abstract significant. Table values retained; pain quantitative HOLD.",Table 2; Results 'Pain assessment'; abstract,local: TEAS EA Verification/Source PDFs/s13063-019-3892-4.pdf,SOURCE-VERIFIED (v33 supplementary integration),V33-OD-0368,,,,,,,,,,,,,,,,HOLD,"Unresolved source conflict or undefined endpoint; printed values retained, excluded from quantitative models.",ROB2_RESULT_SPECIFIC_PENDING,Pain — rest,TEAS,Sham,pod2 (~48h)
Yao 2015,YAO15_TEAS_vs_CTRL_RESCUECOUNT24,Preoperative TEAS,Control/no current,Rescue opioid use,Cumulative number of rescue analgesia administrations,0-24 h postoperative,Median/IQR,35,36,35,36,,,1,1,3,,,,3.5,2,7.8,,administrations,0.004,Yes,No,,,No,No,Eligible for rescue-opioid frequency synthesis (median/IQR); NOT an opioid dose,No,"Rescue was IV sufentanil 0.05 ug/kg per administration. Do NOT multiply the median count by 0.05 ug/kg and a mean body weight to manufacture cumulative MME: the product of a median count and a mean weight is not the median or mean of the individual-level product, and no patient-level data are available.",Table 3 (Cumulative number of rescue analgesia),local: TEAS EA Verification/Source PDFs/039_yao_2015.pdf,SOURCE-VERIFIED (v33 supplementary integration),V33-OD-0369,,,,,,,,,,,,,,,,NARRATIVE ONLY,Median and original dispersion preserved; no mean/SD conversion or MD pooling.,ROB2_RESULT_SPECIFIC_PENDING,Rescue analgesia — drug class unresolved,TEAS,Sham,0-24h postoperative
Yao 2015,YAO15_TEAS_vs_CTRL_TIMETORESCUE,Preoperative TEAS,Control/no current,Rescue analgesia,Time to first rescue analgesia,0-24 h postoperative,Median/range,35,36,35,36,,,59,31,1440,,,,47,13,196,,minutes,0.039,Yes,No,,,No,No,"Narrative / time-to-event secondary; dispersion is a reported range, not an IQR",No,"The intervention arm's upper bound of 1440 min is the full 24-h observation window, i.e. censoring at end of follow-up. Treating this as an IQR bound would be wrong; it is a range. Not pooled as a mean difference.",Table 3 (Time to first rescue analgesia),local: TEAS EA Verification/Source PDFs/039_yao_2015.pdf,SOURCE-VERIFIED (v33 supplementary integration),V33-OD-0370,,,,,,,,,,,,,,,,NARRATIVE ONLY,Median and original dispersion preserved; no mean/SD conversion or MD pooling.,ROB2_RESULT_SPECIFIC_PENDING,Time to first rescue,TEAS,Sham,0-24h postoperative
Yao 2015,YAO15_TEAS_vs_CTRL_NAUSEA24,Preoperative TEAS,Control/no current,PONV,Postoperative nausea,0-24 h postoperative,Events/total,35,36,35,36,,,,,,17,,,,,,26,participants,0.041,Yes,No,,,No,No,Eligible for nausea meta-analysis (RR),No,Reported as 17 (48.6%) vs 26 (72.2%); denominators confirmed from Table 3 headers.,Table 3 (Nausea),local: TEAS EA Verification/Source PDFs/039_yao_2015.pdf,SOURCE-VERIFIED (v33 supplementary integration),V33-OD-0371,,,,,,,,,,,,,,,,INCLUDE,"Numerically extractable in its native endpoint/time/statistic; pooling still requires compatible stratum, comparator and independent-arm selection.",ROB2_RESULT_SPECIFIC_PENDING,Nausea,TEAS,Sham,0-24h postoperative
Yao 2015,YAO15_TEAS_vs_CTRL_VOMIT24,Preoperative TEAS,Control/no current,PONV,Postoperative vomiting,0-24 h postoperative,Events/total,35,36,35,36,,,,,,7,,,,,,19,participants,0.004,Yes,No,,,No,No,Eligible for vomiting meta-analysis (RR),No,Source-extracted during verification of the supplementary nausea row; the supplement did not list it. Reported as 7 (20.0%) vs 19 (52.8%).,Table 3 (Vomiting),local: TEAS EA Verification/Source PDFs/039_yao_2015.pdf,SOURCE-VERIFIED (v33 supplementary integration),V33-OD-0372,,,,,,,,,,,,,,,,INCLUDE,"Numerically extractable in its native endpoint/time/statistic; pooling still requires compatible stratum, comparator and independent-arm selection.",ROB2_RESULT_SPECIFIC_PENDING,Vomiting,TEAS,Sham,0-24h postoperative
Zhu 2022,ZHU22_PRE_vs_USUAL_INTRAOPSUF,EA day before surgery,Usual care alone,Intraoperative opioid,Intraoperative sufentanil,Intraoperative,Mean/SD,103,104,101,101,38.1,4.97,,,,,37.8,4.87,,,,,ug sufentanil,0.892 (4-group omnibus),Yes,No,,,No,No,Eligible for intraoperative-opioid synthesis ONLY with multi-arm handling,Yes - shared usual-care comparator (n=101) across three active arms,"Reported in Table 1 among baseline/anaesthesia parameters, with a single 4-group omnibus P (0.892); no pairwise contrast is reported. Do not enter more than one Zhu 2022 contrast into a pairwise model without splitting the shared control.",Table 1 (Intraoperative sufentanil),local: TEAS EA Verification/Source PDFs/covidence_381_full_article.pdf,SOURCE-VERIFIED (v33 supplementary integration),V33-OD-0373,,,,,,,,,,,,,,,,INCLUDE,"Numerically extractable in its native endpoint/time/statistic; pooling still requires compatible stratum, comparator and independent-arm selection.",ROB2_RESULT_SPECIFIC_PENDING,Intraoperative opioid,EA,Usual care,intraoperative
Zhu 2022,ZHU22_30MIN_vs_USUAL_INTRAOPSUF,EA 30 min before surgery,Usual care alone,Intraoperative opioid,Intraoperative sufentanil,Intraoperative,Mean/SD,103,104,98,101,39.1,4.83,,,,,37.8,4.87,,,,,ug sufentanil,0.892 (4-group omnibus),Yes,No,,,No,No,Eligible for intraoperative-opioid synthesis ONLY with multi-arm handling,Yes - shared usual-care comparator (n=101) across three active arms,See ZHU22_PRE_vs_USUAL_INTRAOPSUF.,Table 1 (Intraoperative sufentanil),local: TEAS EA Verification/Source PDFs/covidence_381_full_article.pdf,SOURCE-VERIFIED (v33 supplementary integration),V33-OD-0374,,,,,,,,,,,,,,,,INCLUDE,"Numerically extractable in its native endpoint/time/statistic; pooling still requires compatible stratum, comparator and independent-arm selection.",ROB2_RESULT_SPECIFIC_PENDING,Intraoperative opioid,EA,Usual care,intraoperative
Zhu 2022,ZHU22_COMB_vs_USUAL_INTRAOPSUF,EA day before + 30 min before,Usual care alone,Intraoperative opioid,Intraoperative sufentanil,Intraoperative,Mean/SD,103,104,100,101,39,5.12,,,,,37.8,4.87,,,,,ug sufentanil,0.892 (4-group omnibus),Yes,No,,,No,No,Eligible for intraoperative-opioid synthesis ONLY with multi-arm handling,Yes - shared usual-care comparator (n=101) across three active arms,See ZHU22_PRE_vs_USUAL_INTRAOPSUF.,Table 1 (Intraoperative sufentanil),local: TEAS EA Verification/Source PDFs/covidence_381_full_article.pdf,SOURCE-VERIFIED (v33 supplementary integration),V33-OD-0375,,,,,,,,,,,,,,,,INCLUDE,"Numerically extractable in its native endpoint/time/statistic; pooling still requires compatible stratum, comparator and independent-arm selection.",ROB2_RESULT_SPECIFIC_PENDING,Intraoperative opioid,EA,Usual care,intraoperative
Zhu 2022,ZHU22_PRE_vs_USUAL_INTRAOPREMI,EA day before surgery,Usual care alone,Intraoperative opioid,Intraoperative remifentanil,Intraoperative,Mean/SD,103,104,101,101,0.58,0.23,,,,,0.57,0.26,,,,,mg remifentanil,0.948 (4-group omnibus),Yes,No,,,No,No,Eligible for intraoperative-opioid synthesis ONLY with multi-arm handling,Yes - shared usual-care comparator (n=101) across three active arms,Table 1 baseline/anaesthesia parameter with a single 4-group omnibus P (0.948).,Table 1 (Intraoperative remifentanil),local: TEAS EA Verification/Source PDFs/covidence_381_full_article.pdf,SOURCE-VERIFIED (v33 supplementary integration),V33-OD-0376,,,,,,,,,,,,,,,,INCLUDE,"Numerically extractable in its native endpoint/time/statistic; pooling still requires compatible stratum, comparator and independent-arm selection.",ROB2_RESULT_SPECIFIC_PENDING,Intraoperative opioid,EA,Usual care,intraoperative
Zhu 2022,ZHU22_30MIN_vs_USUAL_INTRAOPREMI,EA 30 min before surgery,Usual care alone,Intraoperative opioid,Intraoperative remifentanil,Intraoperative,Mean/SD,103,104,98,101,0.58,0.23,,,,,0.57,0.26,,,,,mg remifentanil,0.948 (4-group omnibus),Yes,No,,,No,No,Eligible for intraoperative-opioid synthesis ONLY with multi-arm handling,Yes - shared usual-care comparator (n=101) across three active arms,See ZHU22_PRE_vs_USUAL_INTRAOPREMI.,Table 1 (Intraoperative remifentanil),local: TEAS EA Verification/Source PDFs/covidence_381_full_article.pdf,SOURCE-VERIFIED (v33 supplementary integration),V33-OD-0377,,,,,,,,,,,,,,,,INCLUDE,"Numerically extractable in its native endpoint/time/statistic; pooling still requires compatible stratum, comparator and independent-arm selection.",ROB2_RESULT_SPECIFIC_PENDING,Intraoperative opioid,EA,Usual care,intraoperative
Zhu 2022,ZHU22_COMB_vs_USUAL_INTRAOPREMI,EA day before + 30 min before,Usual care alone,Intraoperative opioid,Intraoperative remifentanil,Intraoperative,Mean/SD,103,104,100,101,0.5,0.25,,,,,0.57,0.26,,,,,mg remifentanil,0.948 (4-group omnibus),Yes,No,,,No,No,Eligible for intraoperative-opioid synthesis ONLY with multi-arm handling,Yes - shared usual-care comparator (n=101) across three active arms,See ZHU22_PRE_vs_USUAL_INTRAOPREMI.,Table 1 (Intraoperative remifentanil),local: TEAS EA Verification/Source PDFs/covidence_381_full_article.pdf,SOURCE-VERIFIED (v33 supplementary integration),V33-OD-0378,,,,,,,,,,,,,,,,INCLUDE,"Numerically extractable in its native endpoint/time/statistic; pooling still requires compatible stratum, comparator and independent-arm selection.",ROB2_RESULT_SPECIFIC_PENDING,Intraoperative opioid,EA,Usual care,intraoperative
Pan 2023,PAN23_TEAS_vs_CTRL_INTRAOPREMI,TEAS,Control/usual care,Intraoperative opioid,Intraoperative remifentanil,Intraoperative,Mean/SD,53,52,52,53,740.1,276.9,,,,,854,287.5,,,,,ug remifentanil,0.04,Yes,No,,,No,No,Eligible for intraoperative-opioid meta-analysis (MD),No,"Analysis Ns taken from the Table 2 column headers (Group T N=52, Group C N=53) against 105 randomized, i.e. post-randomization exclusions occurred. Existing RoB 2 concern for this trial is retained and NOT downgraded by this addition.","Table 2 (Duration Remifentanil, ug)",local: TEAS EA Verification/Source PDFs/getfile.php-4.pdf,SOURCE-VERIFIED (v33 supplementary integration),V33-OD-0379,,,,,,,,,,,,,,,,INCLUDE,"Numerically extractable in its native endpoint/time/statistic; pooling still requires compatible stratum, comparator and independent-arm selection.",ROB2_RESULT_SPECIFIC_PENDING,Intraoperative opioid,TEAS,Usual care,intraoperative
Yang 2020,YANG20_EA_vs_UC_DEFECATION,EA + usual care,Usual care,GI recovery,Time to first defecation,Postoperative,Mean/SD,30,29,29,28,53.9,6,,,,,57.5,7.2,,,,,hours,0.046,Yes,No,,,No,No,Eligible for GI-recovery meta-analysis (MD),No,Analysis Ns mirror the existing v32 first-flatus row for this trial (29/28 of 30/29 randomized; 57 of 59 completed). Open-label design; existing RoB concern retained.,Abstract Results; GI recovery table,local: TEAS EA Verification/Source PDFs/covidence_464_verified.pdf,SOURCE-VERIFIED (v33 supplementary integration),V33-OD-0380,,,,,,,,,,,,,,,,INCLUDE,"Numerically extractable in its native endpoint/time/statistic; pooling still requires compatible stratum, comparator and independent-arm selection.",ROB2_RESULT_SPECIFIC_PENDING,GI — first defecation,EA,Usual care,postoperative
Liang 2021,LIANG21_TEAS_vs_CTRL_QOR40_24H,Preoperative TEAS,Control/no stimulation,Quality of recovery,Global QoR-40,24 h (T11),Mean/SD,37,38,35,35,191.7,4.4,,,,,189.1,4.3,,,,,QoR-40 points,0.007,Yes,No,,,No,No,Eligible for QoR-40 meta-analysis (MD),No,"T11 is defined in the source as postoperative 24 hours. Analysis N 35/35 taken from the CONSORT flow diagram (Figure 2), against 37/38 allocated.",Table 4; Results 3.3; Methods 2.7 (T11 definition),local: TEAS EA Verification/Source PDFs/014_liang_2021.pdf,SOURCE-VERIFIED (v33 supplementary integration),V33-OD-0381,,,,,,,,,,,,,,,,INCLUDE,"Numerically extractable in its native endpoint/time/statistic; pooling still requires compatible stratum, comparator and independent-arm selection.",ROB2_RESULT_SPECIFIC_PENDING,QoR-40,TEAS,Sham,24h (t11)
Liang 2021,LIANG21_TEAS_vs_CTRL_QOR40_48H,Preoperative TEAS,Control/no stimulation,Quality of recovery,Global QoR-40,48 h (T12),Mean/SD,37,38,35,35,195.3,1.9,,,,,193.3,3,,,,,QoR-40 points,<0.001,Yes,No,,,No,No,Eligible for QoR-40 meta-analysis (MD) at 48 h,No,T12 is defined in the source as postoperative 48 hours.,Table 4; Results 3.3; Methods 2.7 (T12 definition),local: TEAS EA Verification/Source PDFs/014_liang_2021.pdf,SOURCE-VERIFIED (v33 supplementary integration),V33-OD-0382,,,,,,,,,,,,,,,,INCLUDE,"Numerically extractable in its native endpoint/time/statistic; pooling still requires compatible stratum, comparator and independent-arm selection.",ROB2_RESULT_SPECIFIC_PENDING,QoR-40,TEAS,Sham,48h (t12)
Liang 2021,LIANG21_TEAS_vs_CTRL_ANALGREQ,Preoperative TEAS,Control/no stimulation,Rescue analgesia,Postoperative analgesia requirement (metric undefined),Early postoperative period - exact window not stated,Reported as value (dispersion); statistic type ambiguous,37,38,35,35,,,,,,,,,,,,,UNRESOLVED - source does not define the metric,0.045,Yes,No,,,No,No,"AMBIGUOUS_HOLD: drug, unit, statistic, denominator and window undefined",No,"HOLD. The source describes this as 'the number of patients who required extra analgesia', but 3.8 (1.9) and 5.0 (2.9) cannot be a count of patients out of 35 - the wording and the statistic are mutually inconsistent. Unit, metric and time window are all unresolved. Do NOT interpret as mg morphine or MME. Author contact required.",Table 4; Results 3.3; abstract,local: TEAS EA Verification/Source PDFs/014_liang_2021.pdf,AMBIGUOUS_HOLD / ORIGINAL VALUES PRESERVED IN RAW FIELDS,V33-OD-0383,,,3.8,1.9,5.0,2.9,,,,,,,,,,HOLD,"Unresolved source conflict or undefined endpoint; printed values retained, excluded from quantitative models.",ROB2_RESULT_SPECIFIC_PENDING,Ambiguous analgesia requirement,TEAS,Sham,AMBIGUOUS
Zhu 2022,V34_B1_001,Group Pre — EA day before surgery,Group Usual — usual care alone,Pain,Pain on movement (NRS),6–24 h,Mean/SD,103.0,104.0,101.0,101.0,1.15,1.02,,,,,1.44,1.3,,,,,NRS 0-10,0.179,Yes,No,,,No,No,"INCLUDE — Numerically extractable in its native endpoint/time/statistic; pooling still requires compatible stratum, comparator and independent-arm selection.",Yes — shared comparator; select one contrast per model,"Randomized arm sizes taken from CONSORT Fig 1 (Pre 103/30 103/Comb 103/Usual 104). Abstract instead reports Pre 103/30 104/Comb 103/Usual 103; source is internally inconsistent. Methods call the primary pain outcome 'pain on movement at 24h', while Table 3 labels the row 'Pain at 6–24 h'.",p. 422; Table 3,https://drive.google.com/file/d/1vux5IaubjInusplW6GJ2SsxhzibtSCe-/view?usp=drivesdk,"SOURCE-AUDIT RECONCILED; supplied audit, no independent PDF reread",AUDIT-0002,2,ADDED,1.15,1.02,1.44,1.3,,,,,,,Per-protocol,covidence_381_full_article.pdf,Pain at 6–24 h (mean±SD): Pre 1.15±1.02; 30 1.12±1.03; Comb 1.17±1.17; Usual 1.44±1.3; p=0.179,INCLUDE,"Numerically extractable in its native endpoint/time/statistic; pooling still requires compatible stratum, comparator and independent-arm selection.",ROB2_RESULT_SPECIFIC_PENDING,Pain — movement/activity,EA,Usual care,6-24h
Zhu 2022,V34_B1_002,Group 30 — EA 30 min before surgery,Group Usual — usual care alone,Pain,Pain on movement (NRS),6–24 h,Mean/SD,103.0,104.0,98.0,101.0,1.12,1.03,,,,,1.44,1.3,,,,,NRS 0-10,0.179,Yes,No,,,No,No,"INCLUDE — Numerically extractable in its native endpoint/time/statistic; pooling still requires compatible stratum, comparator and independent-arm selection.",Yes — shared comparator; select one contrast per model,"Randomized arm sizes taken from CONSORT Fig 1 (Pre 103/30 103/Comb 103/Usual 104). Abstract instead reports Pre 103/30 104/Comb 103/Usual 103; source is internally inconsistent. Methods call the primary pain outcome 'pain on movement at 24h', while Table 3 labels the row 'Pain at 6–24 h'.",p. 422; Table 3,https://drive.google.com/file/d/1vux5IaubjInusplW6GJ2SsxhzibtSCe-/view?usp=drivesdk,"SOURCE-AUDIT RECONCILED; supplied audit, no independent PDF reread",AUDIT-0003,3,ADDED,1.12,1.03,1.44,1.3,,,,,,,Per-protocol,covidence_381_full_article.pdf,Pain at 6–24 h (mean±SD): Pre 1.15±1.02; 30 1.12±1.03; Comb 1.17±1.17; Usual 1.44±1.3; p=0.179,INCLUDE,"Numerically extractable in its native endpoint/time/statistic; pooling still requires compatible stratum, comparator and independent-arm selection.",ROB2_RESULT_SPECIFIC_PENDING,Pain — movement/activity,EA,Usual care,6-24h
Zhu 2022,V34_B1_003,Group Comb — EA day before + 30 min before surgery,Group Usual — usual care alone,Pain,Pain on movement (NRS),6–24 h,Mean/SD,103.0,104.0,100.0,101.0,1.17,1.17,,,,,1.44,1.3,,,,,NRS 0-10,0.179,Yes,No,,,No,No,"INCLUDE — Numerically extractable in its native endpoint/time/statistic; pooling still requires compatible stratum, comparator and independent-arm selection.",Yes — shared comparator; select one contrast per model,"Randomized arm sizes taken from CONSORT Fig 1 (Pre 103/30 103/Comb 103/Usual 104). Abstract instead reports Pre 103/30 104/Comb 103/Usual 103; source is internally inconsistent. Methods call the primary pain outcome 'pain on movement at 24h', while Table 3 labels the row 'Pain at 6–24 h'.",p. 422; Table 3,https://drive.google.com/file/d/1vux5IaubjInusplW6GJ2SsxhzibtSCe-/view?usp=drivesdk,"SOURCE-AUDIT RECONCILED; supplied audit, no independent PDF reread",AUDIT-0004,4,ADDED,1.17,1.17,1.44,1.3,,,,,,,Per-protocol,covidence_381_full_article.pdf,Pain at 6–24 h (mean±SD): Pre 1.15±1.02; 30 1.12±1.03; Comb 1.17±1.17; Usual 1.44±1.3; p=0.179,INCLUDE,"Numerically extractable in its native endpoint/time/statistic; pooling still requires compatible stratum, comparator and independent-arm selection.",ROB2_RESULT_SPECIFIC_PENDING,Pain — movement/activity,EA,Usual care,6-24h
Zhu 2022,V34_B1_004,Group Pre — EA day before surgery,Group Usual — usual care alone,Pain,Pain on movement (NRS),0–6 h,Mean/SD,103.0,104.0,101.0,101.0,1.89,1.47,,,,,2.45,1.6,,,,,NRS 0-10,0.024*,Yes,No,,,No,No,"INCLUDE — Numerically extractable in its native endpoint/time/statistic; pooling still requires compatible stratum, comparator and independent-arm selection.",Yes — shared comparator; select one contrast per model,Randomized arm sizes taken from CONSORT Fig 1 (Pre 103/30 103/Comb 103/Usual 104). Abstract instead reports Pre 103/30 104/Comb 103/Usual 103; source is internally inconsistent.,p. 422; Table 3,https://drive.google.com/file/d/1vux5IaubjInusplW6GJ2SsxhzibtSCe-/view?usp=drivesdk,"SOURCE-AUDIT RECONCILED; supplied audit, no independent PDF reread",AUDIT-0005,5,ADDED,1.89,1.47,2.45,1.6,,,,,,,Per-protocol,covidence_381_full_article.pdf,Pain at 0–6 h (mean±SD): Pre 1.89±1.47; 30 2.01±1.25; Comb 1.97±1.25; Usual 2.45±1.6; p=0.024*,INCLUDE,"Numerically extractable in its native endpoint/time/statistic; pooling still requires compatible stratum, comparator and independent-arm selection.",ROB2_RESULT_SPECIFIC_PENDING,Pain — movement/activity,EA,Usual care,0-6h
Zhu 2022,V34_B1_005,Group 30 — EA 30 min before surgery,Group Usual — usual care alone,Pain,Pain on movement (NRS),0–6 h,Mean/SD,103.0,104.0,98.0,101.0,2.01,1.25,,,,,2.45,1.6,,,,,NRS 0-10,0.024*,Yes,No,,,No,No,"INCLUDE — Numerically extractable in its native endpoint/time/statistic; pooling still requires compatible stratum, comparator and independent-arm selection.",Yes — shared comparator; select one contrast per model,Randomized arm sizes taken from CONSORT Fig 1 (Pre 103/30 103/Comb 103/Usual 104). Abstract instead reports Pre 103/30 104/Comb 103/Usual 103; source is internally inconsistent.,p. 422; Table 3,https://drive.google.com/file/d/1vux5IaubjInusplW6GJ2SsxhzibtSCe-/view?usp=drivesdk,"SOURCE-AUDIT RECONCILED; supplied audit, no independent PDF reread",AUDIT-0006,6,ADDED,2.01,1.25,2.45,1.6,,,,,,,Per-protocol,covidence_381_full_article.pdf,Pain at 0–6 h (mean±SD): Pre 1.89±1.47; 30 2.01±1.25; Comb 1.97±1.25; Usual 2.45±1.6; p=0.024*,INCLUDE,"Numerically extractable in its native endpoint/time/statistic; pooling still requires compatible stratum, comparator and independent-arm selection.",ROB2_RESULT_SPECIFIC_PENDING,Pain — movement/activity,EA,Usual care,0-6h
Zhu 2022,V34_B1_006,Group Comb — EA day before + 30 min before surgery,Group Usual — usual care alone,Pain,Pain on movement (NRS),0–6 h,Mean/SD,103.0,104.0,100.0,101.0,1.97,1.25,,,,,2.45,1.6,,,,,NRS 0-10,0.024*,Yes,No,,,No,No,"INCLUDE — Numerically extractable in its native endpoint/time/statistic; pooling still requires compatible stratum, comparator and independent-arm selection.",Yes — shared comparator; select one contrast per model,Randomized arm sizes taken from CONSORT Fig 1 (Pre 103/30 103/Comb 103/Usual 104). Abstract instead reports Pre 103/30 104/Comb 103/Usual 103; source is internally inconsistent.,p. 422; Table 3,https://drive.google.com/file/d/1vux5IaubjInusplW6GJ2SsxhzibtSCe-/view?usp=drivesdk,"SOURCE-AUDIT RECONCILED; supplied audit, no independent PDF reread",AUDIT-0007,7,ADDED,1.97,1.25,2.45,1.6,,,,,,,Per-protocol,covidence_381_full_article.pdf,Pain at 0–6 h (mean±SD): Pre 1.89±1.47; 30 2.01±1.25; Comb 1.97±1.25; Usual 2.45±1.6; p=0.024*,INCLUDE,"Numerically extractable in its native endpoint/time/statistic; pooling still requires compatible stratum, comparator and independent-arm selection.",ROB2_RESULT_SPECIFIC_PENDING,Pain — movement/activity,EA,Usual care,0-6h
Zhu 2022,V34_B1_007,Group Pre — EA day before surgery,Group Usual — usual care alone,Pain,Pain on movement (NRS),24–48 h,Mean/SD,103.0,104.0,101.0,101.0,0.4,0.76,,,,,0.73,0.97,,,,,NRS 0-10,0.058,Yes,No,,,No,No,"INCLUDE — Numerically extractable in its native endpoint/time/statistic; pooling still requires compatible stratum, comparator and independent-arm selection.",Yes — shared comparator; select one contrast per model,Randomized arm sizes taken from CONSORT Fig 1 (Pre 103/30 103/Comb 103/Usual 104). Abstract instead reports Pre 103/30 104/Comb 103/Usual 103; source is internally inconsistent.,p. 422; Table 3,https://drive.google.com/file/d/1vux5IaubjInusplW6GJ2SsxhzibtSCe-/view?usp=drivesdk,"SOURCE-AUDIT RECONCILED; supplied audit, no independent PDF reread",AUDIT-0008,8,ADDED,0.4,0.76,0.73,0.97,,,,,,,Per-protocol,covidence_381_full_article.pdf,Pain at 24–48 h (mean±SD): Pre 0.4±0.76; 30 0.54±0.86; Comb 0.5±0.96; Usual 0.73±0.97; p=0.058,INCLUDE,"Numerically extractable in its native endpoint/time/statistic; pooling still requires compatible stratum, comparator and independent-arm selection.",ROB2_RESULT_SPECIFIC_PENDING,Pain — movement/activity,EA,Usual care,24-48h
Zhu 2022,V34_B1_008,Group 30 — EA 30 min before surgery,Group Usual — usual care alone,Pain,Pain on movement (NRS),24–48 h,Mean/SD,103.0,104.0,98.0,101.0,0.54,0.86,,,,,0.73,0.97,,,,,NRS 0-10,0.058,Yes,No,,,No,No,"INCLUDE — Numerically extractable in its native endpoint/time/statistic; pooling still requires compatible stratum, comparator and independent-arm selection.",Yes — shared comparator; select one contrast per model,Randomized arm sizes taken from CONSORT Fig 1 (Pre 103/30 103/Comb 103/Usual 104). Abstract instead reports Pre 103/30 104/Comb 103/Usual 103; source is internally inconsistent.,p. 422; Table 3,https://drive.google.com/file/d/1vux5IaubjInusplW6GJ2SsxhzibtSCe-/view?usp=drivesdk,"SOURCE-AUDIT RECONCILED; supplied audit, no independent PDF reread",AUDIT-0009,9,ADDED,0.54,0.86,0.73,0.97,,,,,,,Per-protocol,covidence_381_full_article.pdf,Pain at 24–48 h (mean±SD): Pre 0.4±0.76; 30 0.54±0.86; Comb 0.5±0.96; Usual 0.73±0.97; p=0.058,INCLUDE,"Numerically extractable in its native endpoint/time/statistic; pooling still requires compatible stratum, comparator and independent-arm selection.",ROB2_RESULT_SPECIFIC_PENDING,Pain — movement/activity,EA,Usual care,24-48h
Zhu 2022,V34_B1_009,Group Comb — EA day before + 30 min before surgery,Group Usual — usual care alone,Pain,Pain on movement (NRS),24–48 h,Mean/SD,103.0,104.0,100.0,101.0,0.5,0.96,,,,,0.73,0.97,,,,,NRS 0-10,0.058,Yes,No,,,No,No,"INCLUDE — Numerically extractable in its native endpoint/time/statistic; pooling still requires compatible stratum, comparator and independent-arm selection.",Yes — shared comparator; select one contrast per model,Randomized arm sizes taken from CONSORT Fig 1 (Pre 103/30 103/Comb 103/Usual 104). Abstract instead reports Pre 103/30 104/Comb 103/Usual 103; source is internally inconsistent.,p. 422; Table 3,https://drive.google.com/file/d/1vux5IaubjInusplW6GJ2SsxhzibtSCe-/view?usp=drivesdk,"SOURCE-AUDIT RECONCILED; supplied audit, no independent PDF reread",AUDIT-0010,10,ADDED,0.5,0.96,0.73,0.97,,,,,,,Per-protocol,covidence_381_full_article.pdf,Pain at 24–48 h (mean±SD): Pre 0.4±0.76; 30 0.54±0.86; Comb 0.5±0.96; Usual 0.73±0.97; p=0.058,INCLUDE,"Numerically extractable in its native endpoint/time/statistic; pooling still requires compatible stratum, comparator and independent-arm selection.",ROB2_RESULT_SPECIFIC_PENDING,Pain — movement/activity,EA,Usual care,24-48h
Zhu 2022,V34_B1_010,Group Pre — EA day before surgery,Group Usual — usual care alone,Pain,Pain on movement (NRS),48–72 h,Mean/SD,103.0,104.0,101.0,101.0,0.19,0.56,,,,,0.31,0.7,,,,,NRS 0-10,0.469,Yes,No,,,No,No,"INCLUDE — Numerically extractable in its native endpoint/time/statistic; pooling still requires compatible stratum, comparator and independent-arm selection.",Yes — shared comparator; select one contrast per model,Randomized arm sizes taken from CONSORT Fig 1 (Pre 103/30 103/Comb 103/Usual 104). Abstract instead reports Pre 103/30 104/Comb 103/Usual 103; source is internally inconsistent.,p. 422; Table 3,https://drive.google.com/file/d/1vux5IaubjInusplW6GJ2SsxhzibtSCe-/view?usp=drivesdk,"SOURCE-AUDIT RECONCILED; supplied audit, no independent PDF reread",AUDIT-0011,11,ADDED,0.19,0.56,0.31,0.7,,,,,,,Per-protocol,covidence_381_full_article.pdf,Pain at 48–72 h (mean±SD): Pre 0.19±0.56; 30 0.23±0.59; Comb 0.19±0.56; Usual 0.31±0.7; p=0.469,INCLUDE,"Numerically extractable in its native endpoint/time/statistic; pooling still requires compatible stratum, comparator and independent-arm selection.",ROB2_RESULT_SPECIFIC_PENDING,Pain — movement/activity,EA,Usual care,48-72h
Zhu 2022,V34_B1_011,Group 30 — EA 30 min before surgery,Group Usual — usual care alone,Pain,Pain on movement (NRS),48–72 h,Mean/SD,103.0,104.0,98.0,101.0,0.23,0.59,,,,,0.31,0.7,,,,,NRS 0-10,0.469,Yes,No,,,No,No,"INCLUDE — Numerically extractable in its native endpoint/time/statistic; pooling still requires compatible stratum, comparator and independent-arm selection.",Yes — shared comparator; select one contrast per model,Randomized arm sizes taken from CONSORT Fig 1 (Pre 103/30 103/Comb 103/Usual 104). Abstract instead reports Pre 103/30 104/Comb 103/Usual 103; source is internally inconsistent.,p. 422; Table 3,https://drive.google.com/file/d/1vux5IaubjInusplW6GJ2SsxhzibtSCe-/view?usp=drivesdk,"SOURCE-AUDIT RECONCILED; supplied audit, no independent PDF reread",AUDIT-0012,12,ADDED,0.23,0.59,0.31,0.7,,,,,,,Per-protocol,covidence_381_full_article.pdf,Pain at 48–72 h (mean±SD): Pre 0.19±0.56; 30 0.23±0.59; Comb 0.19±0.56; Usual 0.31±0.7; p=0.469,INCLUDE,"Numerically extractable in its native endpoint/time/statistic; pooling still requires compatible stratum, comparator and independent-arm selection.",ROB2_RESULT_SPECIFIC_PENDING,Pain — movement/activity,EA,Usual care,48-72h
Zhu 2022,V34_B1_012,Group Comb — EA day before + 30 min before surgery,Group Usual — usual care alone,Pain,Pain on movement (NRS),48–72 h,Mean/SD,103.0,104.0,100.0,101.0,0.19,0.56,,,,,0.31,0.7,,,,,NRS 0-10,0.469,Yes,No,,,No,No,"INCLUDE — Numerically extractable in its native endpoint/time/statistic; pooling still requires compatible stratum, comparator and independent-arm selection.",Yes — shared comparator; select one contrast per model,Randomized arm sizes taken from CONSORT Fig 1 (Pre 103/30 103/Comb 103/Usual 104). Abstract instead reports Pre 103/30 104/Comb 103/Usual 103; source is internally inconsistent.,p. 422; Table 3,https://drive.google.com/file/d/1vux5IaubjInusplW6GJ2SsxhzibtSCe-/view?usp=drivesdk,"SOURCE-AUDIT RECONCILED; supplied audit, no independent PDF reread",AUDIT-0013,13,ADDED,0.19,0.56,0.31,0.7,,,,,,,Per-protocol,covidence_381_full_article.pdf,Pain at 48–72 h (mean±SD): Pre 0.19±0.56; 30 0.23±0.59; Comb 0.19±0.56; Usual 0.31±0.7; p=0.469,INCLUDE,"Numerically extractable in its native endpoint/time/statistic; pooling still requires compatible stratum, comparator and independent-arm selection.",ROB2_RESULT_SPECIFIC_PENDING,Pain — movement/activity,EA,Usual care,48-72h
Zhu 2022,V34_B1_013,Group Pre — EA day before surgery,Group Usual — usual care alone,Rescue analgesia,Participants requiring postoperative analgesics,0–48 h after surgery,Events/total,103.0,104.0,101.0,101.0,,,,,,2.0,,,,,,3.0,participants,–,Yes,No,,,No,No,"INCLUDE — Numerically extractable in its native endpoint/time/statistic; pooling still requires compatible stratum, comparator and independent-arm selection.",Yes — shared comparator; select one contrast per model,"Randomized arm sizes taken from CONSORT Fig 1 (Pre 103/30 103/Comb 103/Usual 104). Abstract instead reports Pre 103/30 104/Comb 103/Usual 103; source is internally inconsistent. Rescue analgesic protocol was flurbiprofen 100 mg when NRS >3; table reports only number of patients, not doses.",p. 422; Table 3,https://drive.google.com/file/d/1vux5IaubjInusplW6GJ2SsxhzibtSCe-/view?usp=drivesdk,"SOURCE-AUDIT RECONCILED; supplied audit, no independent PDF reread",AUDIT-0014,14,ADDED,NOT REPORTED,NOT REPORTED,NOT REPORTED,NOT REPORTED,,,,,,,Per-protocol,covidence_381_full_article.pdf,Analgesics 0–48 h after surgery (n) 2 3 1 3 –,INCLUDE,"Numerically extractable in its native endpoint/time/statistic; pooling still requires compatible stratum, comparator and independent-arm selection.",ROB2_RESULT_SPECIFIC_PENDING,Rescue analgesia,EA,Usual care,0-48h after surgery
Zhu 2022,V34_B1_014,Group 30 — EA 30 min before surgery,Group Usual — usual care alone,Rescue analgesia,Participants requiring postoperative analgesics,0–48 h after surgery,Events/total,103.0,104.0,98.0,101.0,,,,,,3.0,,,,,,3.0,participants,–,Yes,No,,,No,No,"INCLUDE — Numerically extractable in its native endpoint/time/statistic; pooling still requires compatible stratum, comparator and independent-arm selection.",Yes — shared comparator; select one contrast per model,"Randomized arm sizes taken from CONSORT Fig 1 (Pre 103/30 103/Comb 103/Usual 104). Abstract instead reports Pre 103/30 104/Comb 103/Usual 103; source is internally inconsistent. Rescue analgesic protocol was flurbiprofen 100 mg when NRS >3; table reports only number of patients, not doses.",p. 422; Table 3,https://drive.google.com/file/d/1vux5IaubjInusplW6GJ2SsxhzibtSCe-/view?usp=drivesdk,"SOURCE-AUDIT RECONCILED; supplied audit, no independent PDF reread",AUDIT-0015,15,ADDED,NOT REPORTED,NOT REPORTED,NOT REPORTED,NOT REPORTED,,,,,,,Per-protocol,covidence_381_full_article.pdf,Analgesics 0–48 h after surgery (n) 2 3 1 3 –,INCLUDE,"Numerically extractable in its native endpoint/time/statistic; pooling still requires compatible stratum, comparator and independent-arm selection.",ROB2_RESULT_SPECIFIC_PENDING,Rescue analgesia,EA,Usual care,0-48h after surgery
Zhu 2022,V34_B1_015,Group Comb — EA day before + 30 min before surgery,Group Usual — usual care alone,Rescue analgesia,Participants requiring postoperative analgesics,0–48 h after surgery,Events/total,103.0,104.0,100.0,101.0,,,,,,1.0,,,,,,3.0,participants,–,Yes,No,,,No,No,"INCLUDE — Numerically extractable in its native endpoint/time/statistic; pooling still requires compatible stratum, comparator and independent-arm selection.",Yes — shared comparator; select one contrast per model,"Randomized arm sizes taken from CONSORT Fig 1 (Pre 103/30 103/Comb 103/Usual 104). Abstract instead reports Pre 103/30 104/Comb 103/Usual 103; source is internally inconsistent. Rescue analgesic protocol was flurbiprofen 100 mg when NRS >3; table reports only number of patients, not doses.",p. 422; Table 3,https://drive.google.com/file/d/1vux5IaubjInusplW6GJ2SsxhzibtSCe-/view?usp=drivesdk,"SOURCE-AUDIT RECONCILED; supplied audit, no independent PDF reread",AUDIT-0016,16,ADDED,NOT REPORTED,NOT REPORTED,NOT REPORTED,NOT REPORTED,,,,,,,Per-protocol,covidence_381_full_article.pdf,Analgesics 0–48 h after surgery (n) 2 3 1 3 –,INCLUDE,"Numerically extractable in its native endpoint/time/statistic; pooling still requires compatible stratum, comparator and independent-arm selection.",ROB2_RESULT_SPECIFIC_PENDING,Rescue analgesia,EA,Usual care,0-48h after surgery
Zhu 2022,V34_B1_016,Group Pre — EA day before surgery,Group Usual — usual care alone,GI recovery,Time to passage of first flatus,From end of surgery to first flatus,Mean/SD,103.0,104.0,101.0,101.0,18.38,6.11,,,,,21.56,8.07,,,,,hours,0.003**,Yes,No,,,No,No,"INCLUDE — Numerically extractable in its native endpoint/time/statistic; pooling still requires compatible stratum, comparator and independent-arm selection.",Yes — shared comparator; select one contrast per model,Randomized arm sizes taken from CONSORT Fig 1 (Pre 103/30 103/Comb 103/Usual 104). Abstract instead reports Pre 103/30 104/Comb 103/Usual 103; source is internally inconsistent.,p. 422; Table 3,https://drive.google.com/file/d/1vux5IaubjInusplW6GJ2SsxhzibtSCe-/view?usp=drivesdk,"SOURCE-AUDIT RECONCILED; supplied audit, no independent PDF reread",AUDIT-0017,17,ADDED,18.38,6.11,21.56,8.07,,,,,,,Per-protocol,covidence_381_full_article.pdf,Time to passage of first flatus (h; mean±SD) 18.38±6.11 18.47±6.47 18.82±7.50 21.56±8.07 ... 0.003**,INCLUDE,"Numerically extractable in its native endpoint/time/statistic; pooling still requires compatible stratum, comparator and independent-arm selection.",ROB2_RESULT_SPECIFIC_PENDING,GI — first flatus,EA,Usual care,from end of surgery to first flatus
Zhu 2022,V34_B1_017,Group 30 — EA 30 min before surgery,Group Usual — usual care alone,GI recovery,Time to passage of first flatus,From end of surgery to first flatus,Mean/SD,103.0,104.0,98.0,101.0,18.47,6.47,,,,,21.56,8.07,,,,,hours,0.003**,Yes,No,,,No,No,"INCLUDE — Numerically extractable in its native endpoint/time/statistic; pooling still requires compatible stratum, comparator and independent-arm selection.",Yes — shared comparator; select one contrast per model,Randomized arm sizes taken from CONSORT Fig 1 (Pre 103/30 103/Comb 103/Usual 104). Abstract instead reports Pre 103/30 104/Comb 103/Usual 103; source is internally inconsistent.,p. 422; Table 3,https://drive.google.com/file/d/1vux5IaubjInusplW6GJ2SsxhzibtSCe-/view?usp=drivesdk,"SOURCE-AUDIT RECONCILED; supplied audit, no independent PDF reread",AUDIT-0018,18,ADDED,18.47,6.47,21.56,8.07,,,,,,,Per-protocol,covidence_381_full_article.pdf,Time to passage of first flatus (h; mean±SD) 18.38±6.11 18.47±6.47 18.82±7.50 21.56±8.07 ... 0.003**,INCLUDE,"Numerically extractable in its native endpoint/time/statistic; pooling still requires compatible stratum, comparator and independent-arm selection.",ROB2_RESULT_SPECIFIC_PENDING,GI — first flatus,EA,Usual care,from end of surgery to first flatus
Zhu 2022,V34_B1_018,Group Comb — EA day before + 30 min before surgery,Group Usual — usual care alone,GI recovery,Time to passage of first flatus,From end of surgery to first flatus,Mean/SD,103.0,104.0,100.0,101.0,18.82,7.5,,,,,21.56,8.07,,,,,hours,0.003**,Yes,No,,,No,No,"INCLUDE — Numerically extractable in its native endpoint/time/statistic; pooling still requires compatible stratum, comparator and independent-arm selection.",Yes — shared comparator; select one contrast per model,Randomized arm sizes taken from CONSORT Fig 1 (Pre 103/30 103/Comb 103/Usual 104). Abstract instead reports Pre 103/30 104/Comb 103/Usual 103; source is internally inconsistent.,p. 422; Table 3,https://drive.google.com/file/d/1vux5IaubjInusplW6GJ2SsxhzibtSCe-/view?usp=drivesdk,"SOURCE-AUDIT RECONCILED; supplied audit, no independent PDF reread",AUDIT-0019,19,ADDED,18.82,7.5,21.56,8.07,,,,,,,Per-protocol,covidence_381_full_article.pdf,Time to passage of first flatus (h; mean±SD) 18.38±6.11 18.47±6.47 18.82±7.50 21.56±8.07 ... 0.003**,INCLUDE,"Numerically extractable in its native endpoint/time/statistic; pooling still requires compatible stratum, comparator and independent-arm selection.",ROB2_RESULT_SPECIFIC_PENDING,GI — first flatus,EA,Usual care,from end of surgery to first flatus
Zhu 2022,V34_B1_019,Group Pre — EA day before surgery,Group Usual — usual care alone,Quality of recovery,Overall QoR-15,AMBIGUOUS,Mean/SD,103.0,104.0,101.0,101.0,142.94,6.82,,,,,144.23,4.95,,,,,QoR-15 points,0.095,Yes,No,,,No,No,"HOLD — Source definition, timepoint, denominator, scale, statistic, or post-randomization subset requires adjudication; see raw source/QC.",Yes — shared comparator; select one contrast per model,Randomized arm sizes taken from CONSORT Fig 1 (Pre 103/30 103/Comb 103/Usual 104). Abstract instead reports Pre 103/30 104/Comb 103/Usual 103; source is internally inconsistent. The table/methods do not state the assessment timepoint for the reported overall QoR-15 value.,p. 422; Table 3,https://drive.google.com/file/d/1vux5IaubjInusplW6GJ2SsxhzibtSCe-/view?usp=drivesdk,"SOURCE-AUDIT RECONCILED; supplied audit, no independent PDF reread",AUDIT-0020,20,AMBIGUOUS_HOLD,142.94,6.82,144.23,4.95,,,,,,,Per-protocol,covidence_381_full_article.pdf,Overall QoR-15 (mean±SD) 142.94±6.82 144.74±5.21 144.61±5.35 144.23±4.95 ... 0.095,HOLD,"Source definition, timepoint, denominator, scale, statistic, or post-randomization subset requires adjudication; see raw source/QC.",ROB2_RESULT_SPECIFIC_PENDING,QoR-15,EA,Usual care,AMBIGUOUS
Zhu 2022,V34_B1_020,Group 30 — EA 30 min before surgery,Group Usual — usual care alone,Quality of recovery,Overall QoR-15,AMBIGUOUS,Mean/SD,103.0,104.0,98.0,101.0,144.74,5.21,,,,,144.23,4.95,,,,,QoR-15 points,0.095,Yes,No,,,No,No,"HOLD — Source definition, timepoint, denominator, scale, statistic, or post-randomization subset requires adjudication; see raw source/QC.",Yes — shared comparator; select one contrast per model,Randomized arm sizes taken from CONSORT Fig 1 (Pre 103/30 103/Comb 103/Usual 104). Abstract instead reports Pre 103/30 104/Comb 103/Usual 103; source is internally inconsistent. The table/methods do not state the assessment timepoint for the reported overall QoR-15 value.,p. 422; Table 3,https://drive.google.com/file/d/1vux5IaubjInusplW6GJ2SsxhzibtSCe-/view?usp=drivesdk,"SOURCE-AUDIT RECONCILED; supplied audit, no independent PDF reread",AUDIT-0021,21,AMBIGUOUS_HOLD,144.74,5.21,144.23,4.95,,,,,,,Per-protocol,covidence_381_full_article.pdf,Overall QoR-15 (mean±SD) 142.94±6.82 144.74±5.21 144.61±5.35 144.23±4.95 ... 0.095,HOLD,"Source definition, timepoint, denominator, scale, statistic, or post-randomization subset requires adjudication; see raw source/QC.",ROB2_RESULT_SPECIFIC_PENDING,QoR-15,EA,Usual care,AMBIGUOUS
Zhu 2022,V34_B1_021,Group Comb — EA day before + 30 min before surgery,Group Usual — usual care alone,Quality of recovery,Overall QoR-15,AMBIGUOUS,Mean/SD,103.0,104.0,100.0,101.0,144.61,5.35,,,,,144.23,4.95,,,,,QoR-15 points,0.095,Yes,No,,,No,No,"HOLD — Source definition, timepoint, denominator, scale, statistic, or post-randomization subset requires adjudication; see raw source/QC.",Yes — shared comparator; select one contrast per model,Randomized arm sizes taken from CONSORT Fig 1 (Pre 103/30 103/Comb 103/Usual 104). Abstract instead reports Pre 103/30 104/Comb 103/Usual 103; source is internally inconsistent. The table/methods do not state the assessment timepoint for the reported overall QoR-15 value.,p. 422; Table 3,https://drive.google.com/file/d/1vux5IaubjInusplW6GJ2SsxhzibtSCe-/view?usp=drivesdk,"SOURCE-AUDIT RECONCILED; supplied audit, no independent PDF reread",AUDIT-0022,22,AMBIGUOUS_HOLD,144.61,5.35,144.23,4.95,,,,,,,Per-protocol,covidence_381_full_article.pdf,Overall QoR-15 (mean±SD) 142.94±6.82 144.74±5.21 144.61±5.35 144.23±4.95 ... 0.095,HOLD,"Source definition, timepoint, denominator, scale, statistic, or post-randomization subset requires adjudication; see raw source/QC.",ROB2_RESULT_SPECIFIC_PENDING,QoR-15,EA,Usual care,AMBIGUOUS
Zhu 2022,V34_B1_022,Group Pre — EA day before surgery,Group Usual — usual care alone,PONV,Postoperative nausea incidence,0–6 h after surgery,Events/total,103.0,104.0,101.0,101.0,,,,,,9.0,,,,,,20.0,participants,0.013*,Yes,No,,,No,No,"INCLUDE — Numerically extractable in its native endpoint/time/statistic; pooling still requires compatible stratum, comparator and independent-arm selection.",Yes — shared comparator; select one contrast per model,Randomized arm sizes taken from CONSORT Fig 1 (Pre 103/30 103/Comb 103/Usual 104). Abstract instead reports Pre 103/30 104/Comb 103/Usual 103; source is internally inconsistent. Table 2 values are per-protocol.,p. 420; Table 2,https://drive.google.com/file/d/1vux5IaubjInusplW6GJ2SsxhzibtSCe-/view?usp=drivesdk,"SOURCE-AUDIT RECONCILED; supplied audit, no independent PDF reread",AUDIT-0023,23,ADDED,NOT REPORTED,NOT REPORTED,NOT REPORTED,NOT REPORTED,,,,,,,Per-protocol,covidence_381_full_article.pdf,0–6 h after surgery: Nausea (n) 9 11 7 20 0.013*,INCLUDE,"Numerically extractable in its native endpoint/time/statistic; pooling still requires compatible stratum, comparator and independent-arm selection.",ROB2_RESULT_SPECIFIC_PENDING,Nausea,EA,Usual care,0-6h after surgery
Zhu 2022,V34_B1_023,Group Pre — EA day before surgery,Group Usual — usual care alone,PONV,Postoperative vomiting incidence,0–6 h after surgery,Events/total,103.0,104.0,101.0,101.0,,,,,,7.0,,,,,,17.0,participants,0.021*,Yes,No,,,No,No,"INCLUDE — Numerically extractable in its native endpoint/time/statistic; pooling still requires compatible stratum, comparator and independent-arm selection.",Yes — shared comparator; select one contrast per model,Randomized arm sizes taken from CONSORT Fig 1 (Pre 103/30 103/Comb 103/Usual 104). Abstract instead reports Pre 103/30 104/Comb 103/Usual 103; source is internally inconsistent. Table 2 values are per-protocol.,p. 420; Table 2,https://drive.google.com/file/d/1vux5IaubjInusplW6GJ2SsxhzibtSCe-/view?usp=drivesdk,"SOURCE-AUDIT RECONCILED; supplied audit, no independent PDF reread",AUDIT-0024,24,ADDED,NOT REPORTED,NOT REPORTED,NOT REPORTED,NOT REPORTED,,,,,,,Per-protocol,covidence_381_full_article.pdf,0–6 h after surgery: Vomiting (n) 7 9 6 17 0.021*,INCLUDE,"Numerically extractable in its native endpoint/time/statistic; pooling still requires compatible stratum, comparator and independent-arm selection.",ROB2_RESULT_SPECIFIC_PENDING,Vomiting,EA,Usual care,0-6h after surgery
Zhu 2022,V34_B1_024,Group Pre — EA day before surgery,Group Usual — usual care alone,PONV,Nausea severity score,0–6 h after surgery,Mean/SD,103.0,104.0,101.0,101.0,0.2,0.68,,,,,0.46,0.95,,,,,4-point Likert-type severity scale 0-3,0.012*,Yes,No,,,No,No,"INCLUDE — Numerically extractable in its native endpoint/time/statistic; pooling still requires compatible stratum, comparator and independent-arm selection.",Yes — shared comparator; select one contrast per model,Randomized arm sizes taken from CONSORT Fig 1 (Pre 103/30 103/Comb 103/Usual 104). Abstract instead reports Pre 103/30 104/Comb 103/Usual 103; source is internally inconsistent.,p. 420; Table 2,https://drive.google.com/file/d/1vux5IaubjInusplW6GJ2SsxhzibtSCe-/view?usp=drivesdk,"SOURCE-AUDIT RECONCILED; supplied audit, no independent PDF reread",AUDIT-0025,25,ADDED,0.2,0.68,0.46,0.95,,,,,,,Per-protocol,covidence_381_full_article.pdf,0–6 h after surgery: Nausea (mean±SD) 0.2±0.68 0.22±0.67 0.14±0.53 0.46±0.95 0.012*,INCLUDE,"Numerically extractable in its native endpoint/time/statistic; pooling still requires compatible stratum, comparator and independent-arm selection.",ROB2_RESULT_SPECIFIC_PENDING,Nausea severity,EA,Usual care,0-6h after surgery
Zhu 2022,V34_B1_025,Group Pre — EA day before surgery,Group Usual — usual care alone,PONV,Vomiting severity score,0–6 h after surgery,Mean/SD,103.0,104.0,101.0,101.0,0.16,0.61,,,,,0.36,0.79,,,,,4-point Likert-type severity scale 0-3,0.037*,Yes,No,,,No,No,"INCLUDE — Numerically extractable in its native endpoint/time/statistic; pooling still requires compatible stratum, comparator and independent-arm selection.",Yes — shared comparator; select one contrast per model,Randomized arm sizes taken from CONSORT Fig 1 (Pre 103/30 103/Comb 103/Usual 104). Abstract instead reports Pre 103/30 104/Comb 103/Usual 103; source is internally inconsistent.,p. 420; Table 2,https://drive.google.com/file/d/1vux5IaubjInusplW6GJ2SsxhzibtSCe-/view?usp=drivesdk,"SOURCE-AUDIT RECONCILED; supplied audit, no independent PDF reread",AUDIT-0026,26,ADDED,0.16,0.61,0.36,0.79,,,,,,,Per-protocol,covidence_381_full_article.pdf,0–6 h after surgery: Vomiting (mean±SD) 0.16±0.61 0.18±0.63 0.11±0.47 0.36±0.79 0.037*,INCLUDE,"Numerically extractable in its native endpoint/time/statistic; pooling still requires compatible stratum, comparator and independent-arm selection.",ROB2_RESULT_SPECIFIC_PENDING,Vomiting severity,EA,Usual care,0-6h after surgery
Zhu 2022,V34_B1_026,Group Pre — EA day before surgery,Group Usual — usual care alone,Rescue antiemetic,Participants requiring metoclopramide rescue antiemetic,0–6 h after surgery,Events/total,103.0,104.0,101.0,101.0,,,,,,4.0,,,,,,18.0,participants,0.001**,Yes,No,,,No,No,"INCLUDE — Numerically extractable in its native endpoint/time/statistic; pooling still requires compatible stratum, comparator and independent-arm selection.",Yes — shared comparator; select one contrast per model,Randomized arm sizes taken from CONSORT Fig 1 (Pre 103/30 103/Comb 103/Usual 104). Abstract instead reports Pre 103/30 104/Comb 103/Usual 103; source is internally inconsistent. Methods specify metoclopramide 10 mg as rescue therapy.,p. 420; Table 2,https://drive.google.com/file/d/1vux5IaubjInusplW6GJ2SsxhzibtSCe-/view?usp=drivesdk,"SOURCE-AUDIT RECONCILED; supplied audit, no independent PDF reread",AUDIT-0027,27,ADDED,NOT REPORTED,NOT REPORTED,NOT REPORTED,NOT REPORTED,,,,,,,Per-protocol,covidence_381_full_article.pdf,0–6 h after surgery: Antiemetic requirement (n) 4 11 4 18 0.001**,INCLUDE,"Numerically extractable in its native endpoint/time/statistic; pooling still requires compatible stratum, comparator and independent-arm selection.",ROB2_RESULT_SPECIFIC_PENDING,Rescue antiemetic,EA,Usual care,0-6h after surgery
Zhu 2022,V34_B1_027,Group 30 — EA 30 min before surgery,Group Usual — usual care alone,PONV,Postoperative nausea incidence,0–6 h after surgery,Events/total,103.0,104.0,98.0,101.0,,,,,,11.0,,,,,,20.0,participants,0.013*,Yes,No,,,No,No,"INCLUDE — Numerically extractable in its native endpoint/time/statistic; pooling still requires compatible stratum, comparator and independent-arm selection.",Yes — shared comparator; select one contrast per model,Randomized arm sizes taken from CONSORT Fig 1 (Pre 103/30 103/Comb 103/Usual 104). Abstract instead reports Pre 103/30 104/Comb 103/Usual 103; source is internally inconsistent. Table 2 values are per-protocol.,p. 420; Table 2,https://drive.google.com/file/d/1vux5IaubjInusplW6GJ2SsxhzibtSCe-/view?usp=drivesdk,"SOURCE-AUDIT RECONCILED; supplied audit, no independent PDF reread",AUDIT-0028,28,ADDED,NOT REPORTED,NOT REPORTED,NOT REPORTED,NOT REPORTED,,,,,,,Per-protocol,covidence_381_full_article.pdf,0–6 h after surgery: Nausea (n) 9 11 7 20 0.013*,INCLUDE,"Numerically extractable in its native endpoint/time/statistic; pooling still requires compatible stratum, comparator and independent-arm selection.",ROB2_RESULT_SPECIFIC_PENDING,Nausea,EA,Usual care,0-6h after surgery
Zhu 2022,V34_B1_028,Group 30 — EA 30 min before surgery,Group Usual — usual care alone,PONV,Postoperative vomiting incidence,0–6 h after surgery,Events/total,103.0,104.0,98.0,101.0,,,,,,9.0,,,,,,17.0,participants,0.021*,Yes,No,,,No,No,"INCLUDE — Numerically extractable in its native endpoint/time/statistic; pooling still requires compatible stratum, comparator and independent-arm selection.",Yes — shared comparator; select one contrast per model,Randomized arm sizes taken from CONSORT Fig 1 (Pre 103/30 103/Comb 103/Usual 104). Abstract instead reports Pre 103/30 104/Comb 103/Usual 103; source is internally inconsistent. Table 2 values are per-protocol.,p. 420; Table 2,https://drive.google.com/file/d/1vux5IaubjInusplW6GJ2SsxhzibtSCe-/view?usp=drivesdk,"SOURCE-AUDIT RECONCILED; supplied audit, no independent PDF reread",AUDIT-0029,29,ADDED,NOT REPORTED,NOT REPORTED,NOT REPORTED,NOT REPORTED,,,,,,,Per-protocol,covidence_381_full_article.pdf,0–6 h after surgery: Vomiting (n) 7 9 6 17 0.021*,INCLUDE,"Numerically extractable in its native endpoint/time/statistic; pooling still requires compatible stratum, comparator and independent-arm selection.",ROB2_RESULT_SPECIFIC_PENDING,Vomiting,EA,Usual care,0-6h after surgery
Zhu 2022,V34_B1_029,Group 30 — EA 30 min before surgery,Group Usual — usual care alone,PONV,Nausea severity score,0–6 h after surgery,Mean/SD,103.0,104.0,98.0,101.0,0.22,0.67,,,,,0.46,0.95,,,,,4-point Likert-type severity scale 0-3,0.012*,Yes,No,,,No,No,"INCLUDE — Numerically extractable in its native endpoint/time/statistic; pooling still requires compatible stratum, comparator and independent-arm selection.",Yes — shared comparator; select one contrast per model,Randomized arm sizes taken from CONSORT Fig 1 (Pre 103/30 103/Comb 103/Usual 104). Abstract instead reports Pre 103/30 104/Comb 103/Usual 103; source is internally inconsistent.,p. 420; Table 2,https://drive.google.com/file/d/1vux5IaubjInusplW6GJ2SsxhzibtSCe-/view?usp=drivesdk,"SOURCE-AUDIT RECONCILED; supplied audit, no independent PDF reread",AUDIT-0030,30,ADDED,0.22,0.67,0.46,0.95,,,,,,,Per-protocol,covidence_381_full_article.pdf,0–6 h after surgery: Nausea (mean±SD) 0.2±0.68 0.22±0.67 0.14±0.53 0.46±0.95 0.012*,INCLUDE,"Numerically extractable in its native endpoint/time/statistic; pooling still requires compatible stratum, comparator and independent-arm selection.",ROB2_RESULT_SPECIFIC_PENDING,Nausea severity,EA,Usual care,0-6h after surgery
Zhu 2022,V34_B1_030,Group 30 — EA 30 min before surgery,Group Usual — usual care alone,PONV,Vomiting severity score,0–6 h after surgery,Mean/SD,103.0,104.0,98.0,101.0,0.18,0.63,,,,,0.36,0.79,,,,,4-point Likert-type severity scale 0-3,0.037*,Yes,No,,,No,No,"INCLUDE — Numerically extractable in its native endpoint/time/statistic; pooling still requires compatible stratum, comparator and independent-arm selection.",Yes — shared comparator; select one contrast per model,Randomized arm sizes taken from CONSORT Fig 1 (Pre 103/30 103/Comb 103/Usual 104). Abstract instead reports Pre 103/30 104/Comb 103/Usual 103; source is internally inconsistent.,p. 420; Table 2,https://drive.google.com/file/d/1vux5IaubjInusplW6GJ2SsxhzibtSCe-/view?usp=drivesdk,"SOURCE-AUDIT RECONCILED; supplied audit, no independent PDF reread",AUDIT-0031,31,ADDED,0.18,0.63,0.36,0.79,,,,,,,Per-protocol,covidence_381_full_article.pdf,0–6 h after surgery: Vomiting (mean±SD) 0.16±0.61 0.18±0.63 0.11±0.47 0.36±0.79 0.037*,INCLUDE,"Numerically extractable in its native endpoint/time/statistic; pooling still requires compatible stratum, comparator and independent-arm selection.",ROB2_RESULT_SPECIFIC_PENDING,Vomiting severity,EA,Usual care,0-6h after surgery
Zhu 2022,V34_B1_031,Group 30 — EA 30 min before surgery,Group Usual — usual care alone,Rescue antiemetic,Participants requiring metoclopramide rescue antiemetic,0–6 h after surgery,Events/total,103.0,104.0,98.0,101.0,,,,,,11.0,,,,,,18.0,participants,0.001**,Yes,No,,,No,No,"INCLUDE — Numerically extractable in its native endpoint/time/statistic; pooling still requires compatible stratum, comparator and independent-arm selection.",Yes — shared comparator; select one contrast per model,Randomized arm sizes taken from CONSORT Fig 1 (Pre 103/30 103/Comb 103/Usual 104). Abstract instead reports Pre 103/30 104/Comb 103/Usual 103; source is internally inconsistent. Methods specify metoclopramide 10 mg as rescue therapy.,p. 420; Table 2,https://drive.google.com/file/d/1vux5IaubjInusplW6GJ2SsxhzibtSCe-/view?usp=drivesdk,"SOURCE-AUDIT RECONCILED; supplied audit, no independent PDF reread",AUDIT-0032,32,ADDED,NOT REPORTED,NOT REPORTED,NOT REPORTED,NOT REPORTED,,,,,,,Per-protocol,covidence_381_full_article.pdf,0–6 h after surgery: Antiemetic requirement (n) 4 11 4 18 0.001**,INCLUDE,"Numerically extractable in its native endpoint/time/statistic; pooling still requires compatible stratum, comparator and independent-arm selection.",ROB2_RESULT_SPECIFIC_PENDING,Rescue antiemetic,EA,Usual care,0-6h after surgery
Zhu 2022,V34_B1_032,Group Comb — EA day before + 30 min before surgery,Group Usual — usual care alone,PONV,Postoperative nausea incidence,0–6 h after surgery,Events/total,103.0,104.0,100.0,101.0,,,,,,7.0,,,,,,20.0,participants,0.013*,Yes,No,,,No,No,"INCLUDE — Numerically extractable in its native endpoint/time/statistic; pooling still requires compatible stratum, comparator and independent-arm selection.",Yes — shared comparator; select one contrast per model,Randomized arm sizes taken from CONSORT Fig 1 (Pre 103/30 103/Comb 103/Usual 104). Abstract instead reports Pre 103/30 104/Comb 103/Usual 103; source is internally inconsistent. Table 2 values are per-protocol.,p. 420; Table 2,https://drive.google.com/file/d/1vux5IaubjInusplW6GJ2SsxhzibtSCe-/view?usp=drivesdk,"SOURCE-AUDIT RECONCILED; supplied audit, no independent PDF reread",AUDIT-0033,33,ADDED,NOT REPORTED,NOT REPORTED,NOT REPORTED,NOT REPORTED,,,,,,,Per-protocol,covidence_381_full_article.pdf,0–6 h after surgery: Nausea (n) 9 11 7 20 0.013*,INCLUDE,"Numerically extractable in its native endpoint/time/statistic; pooling still requires compatible stratum, comparator and independent-arm selection.",ROB2_RESULT_SPECIFIC_PENDING,Nausea,EA,Usual care,0-6h after surgery
Zhu 2022,V34_B1_033,Group Comb — EA day before + 30 min before surgery,Group Usual — usual care alone,PONV,Postoperative vomiting incidence,0–6 h after surgery,Events/total,103.0,104.0,100.0,101.0,,,,,,6.0,,,,,,17.0,participants,0.021*,Yes,No,,,No,No,"INCLUDE — Numerically extractable in its native endpoint/time/statistic; pooling still requires compatible stratum, comparator and independent-arm selection.",Yes — shared comparator; select one contrast per model,Randomized arm sizes taken from CONSORT Fig 1 (Pre 103/30 103/Comb 103/Usual 104). Abstract instead reports Pre 103/30 104/Comb 103/Usual 103; source is internally inconsistent. Table 2 values are per-protocol.,p. 420; Table 2,https://drive.google.com/file/d/1vux5IaubjInusplW6GJ2SsxhzibtSCe-/view?usp=drivesdk,"SOURCE-AUDIT RECONCILED; supplied audit, no independent PDF reread",AUDIT-0034,34,ADDED,NOT REPORTED,NOT REPORTED,NOT REPORTED,NOT REPORTED,,,,,,,Per-protocol,covidence_381_full_article.pdf,0–6 h after surgery: Vomiting (n) 7 9 6 17 0.021*,INCLUDE,"Numerically extractable in its native endpoint/time/statistic; pooling still requires compatible stratum, comparator and independent-arm selection.",ROB2_RESULT_SPECIFIC_PENDING,Vomiting,EA,Usual care,0-6h after surgery
Zhu 2022,V34_B1_034,Group Comb — EA day before + 30 min before surgery,Group Usual — usual care alone,PONV,Nausea severity score,0–6 h after surgery,Mean/SD,103.0,104.0,100.0,101.0,0.14,0.53,,,,,0.46,0.95,,,,,4-point Likert-type severity scale 0-3,0.012*,Yes,No,,,No,No,"INCLUDE — Numerically extractable in its native endpoint/time/statistic; pooling still requires compatible stratum, comparator and independent-arm selection.",Yes — shared comparator; select one contrast per model,Randomized arm sizes taken from CONSORT Fig 1 (Pre 103/30 103/Comb 103/Usual 104). Abstract instead reports Pre 103/30 104/Comb 103/Usual 103; source is internally inconsistent.,p. 420; Table 2,https://drive.google.com/file/d/1vux5IaubjInusplW6GJ2SsxhzibtSCe-/view?usp=drivesdk,"SOURCE-AUDIT RECONCILED; supplied audit, no independent PDF reread",AUDIT-0035,35,ADDED,0.14,0.53,0.46,0.95,,,,,,,Per-protocol,covidence_381_full_article.pdf,0–6 h after surgery: Nausea (mean±SD) 0.2±0.68 0.22±0.67 0.14±0.53 0.46±0.95 0.012*,INCLUDE,"Numerically extractable in its native endpoint/time/statistic; pooling still requires compatible stratum, comparator and independent-arm selection.",ROB2_RESULT_SPECIFIC_PENDING,Nausea severity,EA,Usual care,0-6h after surgery
Zhu 2022,V34_B1_035,Group Comb — EA day before + 30 min before surgery,Group Usual — usual care alone,PONV,Vomiting severity score,0–6 h after surgery,Mean/SD,103.0,104.0,100.0,101.0,0.11,0.47,,,,,0.36,0.79,,,,,4-point Likert-type severity scale 0-3,0.037*,Yes,No,,,No,No,"INCLUDE — Numerically extractable in its native endpoint/time/statistic; pooling still requires compatible stratum, comparator and independent-arm selection.",Yes — shared comparator; select one contrast per model,Randomized arm sizes taken from CONSORT Fig 1 (Pre 103/30 103/Comb 103/Usual 104). Abstract instead reports Pre 103/30 104/Comb 103/Usual 103; source is internally inconsistent.,p. 420; Table 2,https://drive.google.com/file/d/1vux5IaubjInusplW6GJ2SsxhzibtSCe-/view?usp=drivesdk,"SOURCE-AUDIT RECONCILED; supplied audit, no independent PDF reread",AUDIT-0036,36,ADDED,0.11,0.47,0.36,0.79,,,,,,,Per-protocol,covidence_381_full_article.pdf,0–6 h after surgery: Vomiting (mean±SD) 0.16±0.61 0.18±0.63 0.11±0.47 0.36±0.79 0.037*,INCLUDE,"Numerically extractable in its native endpoint/time/statistic; pooling still requires compatible stratum, comparator and independent-arm selection.",ROB2_RESULT_SPECIFIC_PENDING,Vomiting severity,EA,Usual care,0-6h after surgery
Zhu 2022,V34_B1_036,Group Comb — EA day before + 30 min before surgery,Group Usual — usual care alone,Rescue antiemetic,Participants requiring metoclopramide rescue antiemetic,0–6 h after surgery,Events/total,103.0,104.0,100.0,101.0,,,,,,4.0,,,,,,18.0,participants,0.001**,Yes,No,,,No,No,"INCLUDE — Numerically extractable in its native endpoint/time/statistic; pooling still requires compatible stratum, comparator and independent-arm selection.",Yes — shared comparator; select one contrast per model,Randomized arm sizes taken from CONSORT Fig 1 (Pre 103/30 103/Comb 103/Usual 104). Abstract instead reports Pre 103/30 104/Comb 103/Usual 103; source is internally inconsistent. Methods specify metoclopramide 10 mg as rescue therapy.,p. 420; Table 2,https://drive.google.com/file/d/1vux5IaubjInusplW6GJ2SsxhzibtSCe-/view?usp=drivesdk,"SOURCE-AUDIT RECONCILED; supplied audit, no independent PDF reread",AUDIT-0037,37,ADDED,NOT REPORTED,NOT REPORTED,NOT REPORTED,NOT REPORTED,,,,,,,Per-protocol,covidence_381_full_article.pdf,0–6 h after surgery: Antiemetic requirement (n) 4 11 4 18 0.001**,INCLUDE,"Numerically extractable in its native endpoint/time/statistic; pooling still requires compatible stratum, comparator and independent-arm selection.",ROB2_RESULT_SPECIFIC_PENDING,Rescue antiemetic,EA,Usual care,0-6h after surgery
Zhu 2022,V34_B1_037,Group Pre — EA day before surgery,Group Usual — usual care alone,PONV,Nausea severity score,6–24 h after surgery,Mean/SD,103.0,104.0,101.0,101.0,0.22,0.66,,,,,0.5,0.88,,,,,4-point Likert-type severity scale 0-3,0.011,Yes,No,,,No,No,"INCLUDE — Numerically extractable in its native endpoint/time/statistic; pooling still requires compatible stratum, comparator and independent-arm selection.",Yes — shared comparator; select one contrast per model,Randomized arm sizes taken from CONSORT Fig 1 (Pre 103/30 103/Comb 103/Usual 104). Abstract instead reports Pre 103/30 104/Comb 103/Usual 103; source is internally inconsistent.,p. 420; Table 2,https://drive.google.com/file/d/1vux5IaubjInusplW6GJ2SsxhzibtSCe-/view?usp=drivesdk,"SOURCE-AUDIT RECONCILED; supplied audit, no independent PDF reread",AUDIT-0038,38,ADDED,0.22,0.66,0.5,0.88,,,,,,,Per-protocol,covidence_381_full_article.pdf,6–24 h after surgery: Nausea (mean±SD) 0.22±0.66 0.34±0.76 0.2±0.6 0.5±0.88 0.011,INCLUDE,"Numerically extractable in its native endpoint/time/statistic; pooling still requires compatible stratum, comparator and independent-arm selection.",ROB2_RESULT_SPECIFIC_PENDING,Nausea severity,EA,Usual care,6-24h after surgery
Zhu 2022,V34_B1_038,Group Pre — EA day before surgery,Group Usual — usual care alone,PONV,Vomiting severity score,6–24 h after surgery,Mean/SD,103.0,104.0,101.0,101.0,0.12,0.53,,,,,0.41,0.8,,,,,4-point Likert-type severity scale 0-3,0.008,Yes,No,,,No,No,"INCLUDE — Numerically extractable in its native endpoint/time/statistic; pooling still requires compatible stratum, comparator and independent-arm selection.",Yes — shared comparator; select one contrast per model,Randomized arm sizes taken from CONSORT Fig 1 (Pre 103/30 103/Comb 103/Usual 104). Abstract instead reports Pre 103/30 104/Comb 103/Usual 103; source is internally inconsistent.,p. 420; Table 2,https://drive.google.com/file/d/1vux5IaubjInusplW6GJ2SsxhzibtSCe-/view?usp=drivesdk,"SOURCE-AUDIT RECONCILED; supplied audit, no independent PDF reread",AUDIT-0039,39,ADDED,0.12,0.53,0.41,0.8,,,,,,,Per-protocol,covidence_381_full_article.pdf,6–24 h after surgery: Vomiting (mean±SD) 0.12±0.53 0.15±0.54 0.2±0.67 0.41±0.8 0.008,INCLUDE,"Numerically extractable in its native endpoint/time/statistic; pooling still requires compatible stratum, comparator and independent-arm selection.",ROB2_RESULT_SPECIFIC_PENDING,Vomiting severity,EA,Usual care,6-24h after surgery
Zhu 2022,V34_B1_039,Group Pre — EA day before surgery,Group Usual — usual care alone,Rescue antiemetic,Participants requiring metoclopramide rescue antiemetic,6–24 h after surgery,Events/total,103.0,104.0,101.0,101.0,,,,,,8.0,,,,,,28.0,participants,<0.001**,Yes,No,,,No,No,"INCLUDE — Numerically extractable in its native endpoint/time/statistic; pooling still requires compatible stratum, comparator and independent-arm selection.",Yes — shared comparator; select one contrast per model,Randomized arm sizes taken from CONSORT Fig 1 (Pre 103/30 103/Comb 103/Usual 104). Abstract instead reports Pre 103/30 104/Comb 103/Usual 103; source is internally inconsistent. Methods specify metoclopramide 10 mg as rescue therapy.,p. 420; Table 2,https://drive.google.com/file/d/1vux5IaubjInusplW6GJ2SsxhzibtSCe-/view?usp=drivesdk,"SOURCE-AUDIT RECONCILED; supplied audit, no independent PDF reread",AUDIT-0040,40,ADDED,NOT REPORTED,NOT REPORTED,NOT REPORTED,NOT REPORTED,,,,,,,Per-protocol,covidence_381_full_article.pdf,6–24 h after surgery: Antiemetic requirement (n) 8 16 9 28 <0.001**,INCLUDE,"Numerically extractable in its native endpoint/time/statistic; pooling still requires compatible stratum, comparator and independent-arm selection.",ROB2_RESULT_SPECIFIC_PENDING,Rescue antiemetic,EA,Usual care,6-24h after surgery
Zhu 2022,V34_B1_040,Group 30 — EA 30 min before surgery,Group Usual — usual care alone,PONV,Nausea severity score,6–24 h after surgery,Mean/SD,103.0,104.0,98.0,101.0,0.34,0.76,,,,,0.5,0.88,,,,,4-point Likert-type severity scale 0-3,0.011,Yes,No,,,No,No,"INCLUDE — Numerically extractable in its native endpoint/time/statistic; pooling still requires compatible stratum, comparator and independent-arm selection.",Yes — shared comparator; select one contrast per model,Randomized arm sizes taken from CONSORT Fig 1 (Pre 103/30 103/Comb 103/Usual 104). Abstract instead reports Pre 103/30 104/Comb 103/Usual 103; source is internally inconsistent.,p. 420; Table 2,https://drive.google.com/file/d/1vux5IaubjInusplW6GJ2SsxhzibtSCe-/view?usp=drivesdk,"SOURCE-AUDIT RECONCILED; supplied audit, no independent PDF reread",AUDIT-0041,41,ADDED,0.34,0.76,0.5,0.88,,,,,,,Per-protocol,covidence_381_full_article.pdf,6–24 h after surgery: Nausea (mean±SD) 0.22±0.66 0.34±0.76 0.2±0.6 0.5±0.88 0.011,INCLUDE,"Numerically extractable in its native endpoint/time/statistic; pooling still requires compatible stratum, comparator and independent-arm selection.",ROB2_RESULT_SPECIFIC_PENDING,Nausea severity,EA,Usual care,6-24h after surgery
Zhu 2022,V34_B1_041,Group 30 — EA 30 min before surgery,Group Usual — usual care alone,PONV,Vomiting severity score,6–24 h after surgery,Mean/SD,103.0,104.0,98.0,101.0,0.15,0.54,,,,,0.41,0.8,,,,,4-point Likert-type severity scale 0-3,0.008,Yes,No,,,No,No,"INCLUDE — Numerically extractable in its native endpoint/time/statistic; pooling still requires compatible stratum, comparator and independent-arm selection.",Yes — shared comparator; select one contrast per model,Randomized arm sizes taken from CONSORT Fig 1 (Pre 103/30 103/Comb 103/Usual 104). Abstract instead reports Pre 103/30 104/Comb 103/Usual 103; source is internally inconsistent.,p. 420; Table 2,https://drive.google.com/file/d/1vux5IaubjInusplW6GJ2SsxhzibtSCe-/view?usp=drivesdk,"SOURCE-AUDIT RECONCILED; supplied audit, no independent PDF reread",AUDIT-0042,42,ADDED,0.15,0.54,0.41,0.8,,,,,,,Per-protocol,covidence_381_full_article.pdf,6–24 h after surgery: Vomiting (mean±SD) 0.12±0.53 0.15±0.54 0.2±0.67 0.41±0.8 0.008,INCLUDE,"Numerically extractable in its native endpoint/time/statistic; pooling still requires compatible stratum, comparator and independent-arm selection.",ROB2_RESULT_SPECIFIC_PENDING,Vomiting severity,EA,Usual care,6-24h after surgery
Zhu 2022,V34_B1_042,Group 30 — EA 30 min before surgery,Group Usual — usual care alone,Rescue antiemetic,Participants requiring metoclopramide rescue antiemetic,6–24 h after surgery,Events/total,103.0,104.0,98.0,101.0,,,,,,16.0,,,,,,28.0,participants,<0.001**,Yes,No,,,No,No,"INCLUDE — Numerically extractable in its native endpoint/time/statistic; pooling still requires compatible stratum, comparator and independent-arm selection.",Yes — shared comparator; select one contrast per model,Randomized arm sizes taken from CONSORT Fig 1 (Pre 103/30 103/Comb 103/Usual 104). Abstract instead reports Pre 103/30 104/Comb 103/Usual 103; source is internally inconsistent. Methods specify metoclopramide 10 mg as rescue therapy.,p. 420; Table 2,https://drive.google.com/file/d/1vux5IaubjInusplW6GJ2SsxhzibtSCe-/view?usp=drivesdk,"SOURCE-AUDIT RECONCILED; supplied audit, no independent PDF reread",AUDIT-0043,43,ADDED,NOT REPORTED,NOT REPORTED,NOT REPORTED,NOT REPORTED,,,,,,,Per-protocol,covidence_381_full_article.pdf,6–24 h after surgery: Antiemetic requirement (n) 8 16 9 28 <0.001**,INCLUDE,"Numerically extractable in its native endpoint/time/statistic; pooling still requires compatible stratum, comparator and independent-arm selection.",ROB2_RESULT_SPECIFIC_PENDING,Rescue antiemetic,EA,Usual care,6-24h after surgery
Zhu 2022,V34_B1_043,Group Comb — EA day before + 30 min before surgery,Group Usual — usual care alone,PONV,Nausea severity score,6–24 h after surgery,Mean/SD,103.0,104.0,100.0,101.0,0.2,0.6,,,,,0.5,0.88,,,,,4-point Likert-type severity scale 0-3,0.011,Yes,No,,,No,No,"INCLUDE — Numerically extractable in its native endpoint/time/statistic; pooling still requires compatible stratum, comparator and independent-arm selection.",Yes — shared comparator; select one contrast per model,Randomized arm sizes taken from CONSORT Fig 1 (Pre 103/30 103/Comb 103/Usual 104). Abstract instead reports Pre 103/30 104/Comb 103/Usual 103; source is internally inconsistent.,p. 420; Table 2,https://drive.google.com/file/d/1vux5IaubjInusplW6GJ2SsxhzibtSCe-/view?usp=drivesdk,"SOURCE-AUDIT RECONCILED; supplied audit, no independent PDF reread",AUDIT-0044,44,ADDED,0.2,0.6,0.5,0.88,,,,,,,Per-protocol,covidence_381_full_article.pdf,6–24 h after surgery: Nausea (mean±SD) 0.22±0.66 0.34±0.76 0.2±0.6 0.5±0.88 0.011,INCLUDE,"Numerically extractable in its native endpoint/time/statistic; pooling still requires compatible stratum, comparator and independent-arm selection.",ROB2_RESULT_SPECIFIC_PENDING,Nausea severity,EA,Usual care,6-24h after surgery
Zhu 2022,V34_B1_044,Group Comb — EA day before + 30 min before surgery,Group Usual — usual care alone,PONV,Vomiting severity score,6–24 h after surgery,Mean/SD,103.0,104.0,100.0,101.0,0.2,0.67,,,,,0.41,0.8,,,,,4-point Likert-type severity scale 0-3,0.008,Yes,No,,,No,No,"INCLUDE — Numerically extractable in its native endpoint/time/statistic; pooling still requires compatible stratum, comparator and independent-arm selection.",Yes — shared comparator; select one contrast per model,Randomized arm sizes taken from CONSORT Fig 1 (Pre 103/30 103/Comb 103/Usual 104). Abstract instead reports Pre 103/30 104/Comb 103/Usual 103; source is internally inconsistent.,p. 420; Table 2,https://drive.google.com/file/d/1vux5IaubjInusplW6GJ2SsxhzibtSCe-/view?usp=drivesdk,"SOURCE-AUDIT RECONCILED; supplied audit, no independent PDF reread",AUDIT-0045,45,ADDED,0.2,0.67,0.41,0.8,,,,,,,Per-protocol,covidence_381_full_article.pdf,6–24 h after surgery: Vomiting (mean±SD) 0.12±0.53 0.15±0.54 0.2±0.67 0.41±0.8 0.008,INCLUDE,"Numerically extractable in its native endpoint/time/statistic; pooling still requires compatible stratum, comparator and independent-arm selection.",ROB2_RESULT_SPECIFIC_PENDING,Vomiting severity,EA,Usual care,6-24h after surgery
Zhu 2022,V34_B1_045,Group Comb — EA day before + 30 min before surgery,Group Usual — usual care alone,Rescue antiemetic,Participants requiring metoclopramide rescue antiemetic,6–24 h after surgery,Events/total,103.0,104.0,100.0,101.0,,,,,,9.0,,,,,,28.0,participants,<0.001**,Yes,No,,,No,No,"INCLUDE — Numerically extractable in its native endpoint/time/statistic; pooling still requires compatible stratum, comparator and independent-arm selection.",Yes — shared comparator; select one contrast per model,Randomized arm sizes taken from CONSORT Fig 1 (Pre 103/30 103/Comb 103/Usual 104). Abstract instead reports Pre 103/30 104/Comb 103/Usual 103; source is internally inconsistent. Methods specify metoclopramide 10 mg as rescue therapy.,p. 420; Table 2,https://drive.google.com/file/d/1vux5IaubjInusplW6GJ2SsxhzibtSCe-/view?usp=drivesdk,"SOURCE-AUDIT RECONCILED; supplied audit, no independent PDF reread",AUDIT-0046,46,ADDED,NOT REPORTED,NOT REPORTED,NOT REPORTED,NOT REPORTED,,,,,,,Per-protocol,covidence_381_full_article.pdf,6–24 h after surgery: Antiemetic requirement (n) 8 16 9 28 <0.001**,INCLUDE,"Numerically extractable in its native endpoint/time/statistic; pooling still requires compatible stratum, comparator and independent-arm selection.",ROB2_RESULT_SPECIFIC_PENDING,Rescue antiemetic,EA,Usual care,6-24h after surgery
Zhu 2022,V34_B1_046,Group Pre — EA day before surgery,Group Usual — usual care alone,PONV,Postoperative nausea incidence,24–48 h after surgery,Events/total,103.0,104.0,101.0,101.0,,,,,,2.0,,,,,,7.0,participants,0.164,Yes,No,,,No,No,"INCLUDE — Numerically extractable in its native endpoint/time/statistic; pooling still requires compatible stratum, comparator and independent-arm selection.",Yes — shared comparator; select one contrast per model,Randomized arm sizes taken from CONSORT Fig 1 (Pre 103/30 103/Comb 103/Usual 104). Abstract instead reports Pre 103/30 104/Comb 103/Usual 103; source is internally inconsistent. Table 2 values are per-protocol.,p. 420; Table 2,https://drive.google.com/file/d/1vux5IaubjInusplW6GJ2SsxhzibtSCe-/view?usp=drivesdk,"SOURCE-AUDIT RECONCILED; supplied audit, no independent PDF reread",AUDIT-0047,47,ADDED,NOT REPORTED,NOT REPORTED,NOT REPORTED,NOT REPORTED,,,,,,,Per-protocol,covidence_381_full_article.pdf,24–48 h after surgery: Nausea (n) 2 2 2 7 0.164,INCLUDE,"Numerically extractable in its native endpoint/time/statistic; pooling still requires compatible stratum, comparator and independent-arm selection.",ROB2_RESULT_SPECIFIC_PENDING,Nausea,EA,Usual care,24-48h after surgery
Zhu 2022,V34_B1_047,Group Pre — EA day before surgery,Group Usual — usual care alone,PONV,Postoperative vomiting incidence,24–48 h after surgery,Events/total,103.0,104.0,101.0,101.0,,,,,,1.0,,,,,,5.0,participants,0.307,Yes,No,,,No,No,"INCLUDE — Numerically extractable in its native endpoint/time/statistic; pooling still requires compatible stratum, comparator and independent-arm selection.",Yes — shared comparator; select one contrast per model,Randomized arm sizes taken from CONSORT Fig 1 (Pre 103/30 103/Comb 103/Usual 104). Abstract instead reports Pre 103/30 104/Comb 103/Usual 103; source is internally inconsistent. Table 2 values are per-protocol.,p. 420; Table 2,https://drive.google.com/file/d/1vux5IaubjInusplW6GJ2SsxhzibtSCe-/view?usp=drivesdk,"SOURCE-AUDIT RECONCILED; supplied audit, no independent PDF reread",AUDIT-0048,48,ADDED,NOT REPORTED,NOT REPORTED,NOT REPORTED,NOT REPORTED,,,,,,,Per-protocol,covidence_381_full_article.pdf,24–48 h after surgery: Vomiting (n) 1 2 1 5 0.307,INCLUDE,"Numerically extractable in its native endpoint/time/statistic; pooling still requires compatible stratum, comparator and independent-arm selection.",ROB2_RESULT_SPECIFIC_PENDING,Vomiting,EA,Usual care,24-48h after surgery
Zhu 2022,V34_B1_048,Group Pre — EA day before surgery,Group Usual — usual care alone,PONV,Nausea severity score,24–48 h after surgery,Mean/SD,103.0,104.0,101.0,101.0,0.04,0.28,,,,,0.12,0.45,,,,,4-point Likert-type severity scale 0-3,0.178,Yes,No,,,No,No,"INCLUDE — Numerically extractable in its native endpoint/time/statistic; pooling still requires compatible stratum, comparator and independent-arm selection.",Yes — shared comparator; select one contrast per model,Randomized arm sizes taken from CONSORT Fig 1 (Pre 103/30 103/Comb 103/Usual 104). Abstract instead reports Pre 103/30 104/Comb 103/Usual 103; source is internally inconsistent.,p. 420; Table 2,https://drive.google.com/file/d/1vux5IaubjInusplW6GJ2SsxhzibtSCe-/view?usp=drivesdk,"SOURCE-AUDIT RECONCILED; supplied audit, no independent PDF reread",AUDIT-0049,49,ADDED,0.04,0.28,0.12,0.45,,,,,,,Per-protocol,covidence_381_full_article.pdf,24–48 h after surgery: Nausea (mean±SD) 0.04±0.28 0.03±0.22 0.04±0.28 0.12±0.45 0.178,INCLUDE,"Numerically extractable in its native endpoint/time/statistic; pooling still requires compatible stratum, comparator and independent-arm selection.",ROB2_RESULT_SPECIFIC_PENDING,Nausea severity,EA,Usual care,24-48h after surgery
Zhu 2022,V34_B1_049,Group Pre — EA day before surgery,Group Usual — usual care alone,PONV,Vomiting severity score,24–48 h after surgery,Mean/SD,103.0,104.0,101.0,101.0,0.02,0.2,,,,,0.08,0.37,,,,,4-point Likert-type severity scale 0-3,0.214,Yes,No,,,No,No,"INCLUDE — Numerically extractable in its native endpoint/time/statistic; pooling still requires compatible stratum, comparator and independent-arm selection.",Yes — shared comparator; select one contrast per model,Randomized arm sizes taken from CONSORT Fig 1 (Pre 103/30 103/Comb 103/Usual 104). Abstract instead reports Pre 103/30 104/Comb 103/Usual 103; source is internally inconsistent.,p. 420; Table 2,https://drive.google.com/file/d/1vux5IaubjInusplW6GJ2SsxhzibtSCe-/view?usp=drivesdk,"SOURCE-AUDIT RECONCILED; supplied audit, no independent PDF reread",AUDIT-0050,50,ADDED,0.02,0.2,0.08,0.37,,,,,,,Per-protocol,covidence_381_full_article.pdf,24–48 h after surgery: Vomiting (mean±SD) 0.02±0.2 0.02±0.14 0.02±0.2 0.08±0.37 0.214,INCLUDE,"Numerically extractable in its native endpoint/time/statistic; pooling still requires compatible stratum, comparator and independent-arm selection.",ROB2_RESULT_SPECIFIC_PENDING,Vomiting severity,EA,Usual care,24-48h after surgery
Zhu 2022,V34_B1_050,Group Pre — EA day before surgery,Group Usual — usual care alone,Rescue antiemetic,Participants requiring metoclopramide rescue antiemetic,24–48 h after surgery,Events/total,103.0,104.0,101.0,101.0,,,,,,1.0,,,,,,7.0,participants,0.045*,Yes,No,,,No,No,"INCLUDE — Numerically extractable in its native endpoint/time/statistic; pooling still requires compatible stratum, comparator and independent-arm selection.",Yes — shared comparator; select one contrast per model,Randomized arm sizes taken from CONSORT Fig 1 (Pre 103/30 103/Comb 103/Usual 104). Abstract instead reports Pre 103/30 104/Comb 103/Usual 103; source is internally inconsistent. Methods specify metoclopramide 10 mg as rescue therapy.,p. 420; Table 2,https://drive.google.com/file/d/1vux5IaubjInusplW6GJ2SsxhzibtSCe-/view?usp=drivesdk,"SOURCE-AUDIT RECONCILED; supplied audit, no independent PDF reread",AUDIT-0051,51,ADDED,NOT REPORTED,NOT REPORTED,NOT REPORTED,NOT REPORTED,,,,,,,Per-protocol,covidence_381_full_article.pdf,24–48 h after surgery: Antiemetic requirement (n) 1 2 1 7 0.045*,INCLUDE,"Numerically extractable in its native endpoint/time/statistic; pooling still requires compatible stratum, comparator and independent-arm selection.",ROB2_RESULT_SPECIFIC_PENDING,Rescue antiemetic,EA,Usual care,24-48h after surgery
Zhu 2022,V34_B1_051,Group 30 — EA 30 min before surgery,Group Usual — usual care alone,PONV,Postoperative nausea incidence,24–48 h after surgery,Events/total,103.0,104.0,98.0,101.0,,,,,,2.0,,,,,,7.0,participants,0.164,Yes,No,,,No,No,"INCLUDE — Numerically extractable in its native endpoint/time/statistic; pooling still requires compatible stratum, comparator and independent-arm selection.",Yes — shared comparator; select one contrast per model,Randomized arm sizes taken from CONSORT Fig 1 (Pre 103/30 103/Comb 103/Usual 104). Abstract instead reports Pre 103/30 104/Comb 103/Usual 103; source is internally inconsistent. Table 2 values are per-protocol.,p. 420; Table 2,https://drive.google.com/file/d/1vux5IaubjInusplW6GJ2SsxhzibtSCe-/view?usp=drivesdk,"SOURCE-AUDIT RECONCILED; supplied audit, no independent PDF reread",AUDIT-0052,52,ADDED,NOT REPORTED,NOT REPORTED,NOT REPORTED,NOT REPORTED,,,,,,,Per-protocol,covidence_381_full_article.pdf,24–48 h after surgery: Nausea (n) 2 2 2 7 0.164,INCLUDE,"Numerically extractable in its native endpoint/time/statistic; pooling still requires compatible stratum, comparator and independent-arm selection.",ROB2_RESULT_SPECIFIC_PENDING,Nausea,EA,Usual care,24-48h after surgery
Zhu 2022,V34_B1_052,Group 30 — EA 30 min before surgery,Group Usual — usual care alone,PONV,Postoperative vomiting incidence,24–48 h after surgery,Events/total,103.0,104.0,98.0,101.0,,,,,,2.0,,,,,,5.0,participants,0.307,Yes,No,,,No,No,"INCLUDE — Numerically extractable in its native endpoint/time/statistic; pooling still requires compatible stratum, comparator and independent-arm selection.",Yes — shared comparator; select one contrast per model,Randomized arm sizes taken from CONSORT Fig 1 (Pre 103/30 103/Comb 103/Usual 104). Abstract instead reports Pre 103/30 104/Comb 103/Usual 103; source is internally inconsistent. Table 2 values are per-protocol.,p. 420; Table 2,https://drive.google.com/file/d/1vux5IaubjInusplW6GJ2SsxhzibtSCe-/view?usp=drivesdk,"SOURCE-AUDIT RECONCILED; supplied audit, no independent PDF reread",AUDIT-0053,53,ADDED,NOT REPORTED,NOT REPORTED,NOT REPORTED,NOT REPORTED,,,,,,,Per-protocol,covidence_381_full_article.pdf,24–48 h after surgery: Vomiting (n) 1 2 1 5 0.307,INCLUDE,"Numerically extractable in its native endpoint/time/statistic; pooling still requires compatible stratum, comparator and independent-arm selection.",ROB2_RESULT_SPECIFIC_PENDING,Vomiting,EA,Usual care,24-48h after surgery
Zhu 2022,V34_B1_053,Group 30 — EA 30 min before surgery,Group Usual — usual care alone,PONV,Nausea severity score,24–48 h after surgery,Mean/SD,103.0,104.0,98.0,101.0,0.03,0.22,,,,,0.12,0.45,,,,,4-point Likert-type severity scale 0-3,0.178,Yes,No,,,No,No,"INCLUDE — Numerically extractable in its native endpoint/time/statistic; pooling still requires compatible stratum, comparator and independent-arm selection.",Yes — shared comparator; select one contrast per model,Randomized arm sizes taken from CONSORT Fig 1 (Pre 103/30 103/Comb 103/Usual 104). Abstract instead reports Pre 103/30 104/Comb 103/Usual 103; source is internally inconsistent.,p. 420; Table 2,https://drive.google.com/file/d/1vux5IaubjInusplW6GJ2SsxhzibtSCe-/view?usp=drivesdk,"SOURCE-AUDIT RECONCILED; supplied audit, no independent PDF reread",AUDIT-0054,54,ADDED,0.03,0.22,0.12,0.45,,,,,,,Per-protocol,covidence_381_full_article.pdf,24–48 h after surgery: Nausea (mean±SD) 0.04±0.28 0.03±0.22 0.04±0.28 0.12±0.45 0.178,INCLUDE,"Numerically extractable in its native endpoint/time/statistic; pooling still requires compatible stratum, comparator and independent-arm selection.",ROB2_RESULT_SPECIFIC_PENDING,Nausea severity,EA,Usual care,24-48h after surgery
Zhu 2022,V34_B1_054,Group 30 — EA 30 min before surgery,Group Usual — usual care alone,PONV,Vomiting severity score,24–48 h after surgery,Mean/SD,103.0,104.0,98.0,101.0,0.02,0.14,,,,,0.08,0.37,,,,,4-point Likert-type severity scale 0-3,0.214,Yes,No,,,No,No,"INCLUDE — Numerically extractable in its native endpoint/time/statistic; pooling still requires compatible stratum, comparator and independent-arm selection.",Yes — shared comparator; select one contrast per model,Randomized arm sizes taken from CONSORT Fig 1 (Pre 103/30 103/Comb 103/Usual 104). Abstract instead reports Pre 103/30 104/Comb 103/Usual 103; source is internally inconsistent.,p. 420; Table 2,https://drive.google.com/file/d/1vux5IaubjInusplW6GJ2SsxhzibtSCe-/view?usp=drivesdk,"SOURCE-AUDIT RECONCILED; supplied audit, no independent PDF reread",AUDIT-0055,55,ADDED,0.02,0.14,0.08,0.37,,,,,,,Per-protocol,covidence_381_full_article.pdf,24–48 h after surgery: Vomiting (mean±SD) 0.02±0.2 0.02±0.14 0.02±0.2 0.08±0.37 0.214,INCLUDE,"Numerically extractable in its native endpoint/time/statistic; pooling still requires compatible stratum, comparator and independent-arm selection.",ROB2_RESULT_SPECIFIC_PENDING,Vomiting severity,EA,Usual care,24-48h after surgery
Zhu 2022,V34_B1_055,Group 30 — EA 30 min before surgery,Group Usual — usual care alone,Rescue antiemetic,Participants requiring metoclopramide rescue antiemetic,24–48 h after surgery,Events/total,103.0,104.0,98.0,101.0,,,,,,2.0,,,,,,7.0,participants,0.045*,Yes,No,,,No,No,"INCLUDE — Numerically extractable in its native endpoint/time/statistic; pooling still requires compatible stratum, comparator and independent-arm selection.",Yes — shared comparator; select one contrast per model,Randomized arm sizes taken from CONSORT Fig 1 (Pre 103/30 103/Comb 103/Usual 104). Abstract instead reports Pre 103/30 104/Comb 103/Usual 103; source is internally inconsistent. Methods specify metoclopramide 10 mg as rescue therapy.,p. 420; Table 2,https://drive.google.com/file/d/1vux5IaubjInusplW6GJ2SsxhzibtSCe-/view?usp=drivesdk,"SOURCE-AUDIT RECONCILED; supplied audit, no independent PDF reread",AUDIT-0056,56,ADDED,NOT REPORTED,NOT REPORTED,NOT REPORTED,NOT REPORTED,,,,,,,Per-protocol,covidence_381_full_article.pdf,24–48 h after surgery: Antiemetic requirement (n) 1 2 1 7 0.045*,INCLUDE,"Numerically extractable in its native endpoint/time/statistic; pooling still requires compatible stratum, comparator and independent-arm selection.",ROB2_RESULT_SPECIFIC_PENDING,Rescue antiemetic,EA,Usual care,24-48h after surgery
Zhu 2022,V34_B1_056,Group Comb — EA day before + 30 min before surgery,Group Usual — usual care alone,PONV,Postoperative nausea incidence,24–48 h after surgery,Events/total,103.0,104.0,100.0,101.0,,,,,,2.0,,,,,,7.0,participants,0.164,Yes,No,,,No,No,"INCLUDE — Numerically extractable in its native endpoint/time/statistic; pooling still requires compatible stratum, comparator and independent-arm selection.",Yes — shared comparator; select one contrast per model,Randomized arm sizes taken from CONSORT Fig 1 (Pre 103/30 103/Comb 103/Usual 104). Abstract instead reports Pre 103/30 104/Comb 103/Usual 103; source is internally inconsistent. Table 2 values are per-protocol.,p. 420; Table 2,https://drive.google.com/file/d/1vux5IaubjInusplW6GJ2SsxhzibtSCe-/view?usp=drivesdk,"SOURCE-AUDIT RECONCILED; supplied audit, no independent PDF reread",AUDIT-0057,57,ADDED,NOT REPORTED,NOT REPORTED,NOT REPORTED,NOT REPORTED,,,,,,,Per-protocol,covidence_381_full_article.pdf,24–48 h after surgery: Nausea (n) 2 2 2 7 0.164,INCLUDE,"Numerically extractable in its native endpoint/time/statistic; pooling still requires compatible stratum, comparator and independent-arm selection.",ROB2_RESULT_SPECIFIC_PENDING,Nausea,EA,Usual care,24-48h after surgery
Zhu 2022,V34_B1_057,Group Comb — EA day before + 30 min before surgery,Group Usual — usual care alone,PONV,Postoperative vomiting incidence,24–48 h after surgery,Events/total,103.0,104.0,100.0,101.0,,,,,,1.0,,,,,,5.0,participants,0.307,Yes,No,,,No,No,"INCLUDE — Numerically extractable in its native endpoint/time/statistic; pooling still requires compatible stratum, comparator and independent-arm selection.",Yes — shared comparator; select one contrast per model,Randomized arm sizes taken from CONSORT Fig 1 (Pre 103/30 103/Comb 103/Usual 104). Abstract instead reports Pre 103/30 104/Comb 103/Usual 103; source is internally inconsistent. Table 2 values are per-protocol.,p. 420; Table 2,https://drive.google.com/file/d/1vux5IaubjInusplW6GJ2SsxhzibtSCe-/view?usp=drivesdk,"SOURCE-AUDIT RECONCILED; supplied audit, no independent PDF reread",AUDIT-0058,58,ADDED,NOT REPORTED,NOT REPORTED,NOT REPORTED,NOT REPORTED,,,,,,,Per-protocol,covidence_381_full_article.pdf,24–48 h after surgery: Vomiting (n) 1 2 1 5 0.307,INCLUDE,"Numerically extractable in its native endpoint/time/statistic; pooling still requires compatible stratum, comparator and independent-arm selection.",ROB2_RESULT_SPECIFIC_PENDING,Vomiting,EA,Usual care,24-48h after surgery
Zhu 2022,V34_B1_058,Group Comb — EA day before + 30 min before surgery,Group Usual — usual care alone,PONV,Nausea severity score,24–48 h after surgery,Mean/SD,103.0,104.0,100.0,101.0,0.04,0.28,,,,,0.12,0.45,,,,,4-point Likert-type severity scale 0-3,0.178,Yes,No,,,No,No,"INCLUDE — Numerically extractable in its native endpoint/time/statistic; pooling still requires compatible stratum, comparator and independent-arm selection.",Yes — shared comparator; select one contrast per model,Randomized arm sizes taken from CONSORT Fig 1 (Pre 103/30 103/Comb 103/Usual 104). Abstract instead reports Pre 103/30 104/Comb 103/Usual 103; source is internally inconsistent.,p. 420; Table 2,https://drive.google.com/file/d/1vux5IaubjInusplW6GJ2SsxhzibtSCe-/view?usp=drivesdk,"SOURCE-AUDIT RECONCILED; supplied audit, no independent PDF reread",AUDIT-0059,59,ADDED,0.04,0.28,0.12,0.45,,,,,,,Per-protocol,covidence_381_full_article.pdf,24–48 h after surgery: Nausea (mean±SD) 0.04±0.28 0.03±0.22 0.04±0.28 0.12±0.45 0.178,INCLUDE,"Numerically extractable in its native endpoint/time/statistic; pooling still requires compatible stratum, comparator and independent-arm selection.",ROB2_RESULT_SPECIFIC_PENDING,Nausea severity,EA,Usual care,24-48h after surgery
Zhu 2022,V34_B1_059,Group Comb — EA day before + 30 min before surgery,Group Usual — usual care alone,PONV,Vomiting severity score,24–48 h after surgery,Mean/SD,103.0,104.0,100.0,101.0,0.02,0.2,,,,,0.08,0.37,,,,,4-point Likert-type severity scale 0-3,0.214,Yes,No,,,No,No,"INCLUDE — Numerically extractable in its native endpoint/time/statistic; pooling still requires compatible stratum, comparator and independent-arm selection.",Yes — shared comparator; select one contrast per model,Randomized arm sizes taken from CONSORT Fig 1 (Pre 103/30 103/Comb 103/Usual 104). Abstract instead reports Pre 103/30 104/Comb 103/Usual 103; source is internally inconsistent.,p. 420; Table 2,https://drive.google.com/file/d/1vux5IaubjInusplW6GJ2SsxhzibtSCe-/view?usp=drivesdk,"SOURCE-AUDIT RECONCILED; supplied audit, no independent PDF reread",AUDIT-0060,60,ADDED,0.02,0.2,0.08,0.37,,,,,,,Per-protocol,covidence_381_full_article.pdf,24–48 h after surgery: Vomiting (mean±SD) 0.02±0.2 0.02±0.14 0.02±0.2 0.08±0.37 0.214,INCLUDE,"Numerically extractable in its native endpoint/time/statistic; pooling still requires compatible stratum, comparator and independent-arm selection.",ROB2_RESULT_SPECIFIC_PENDING,Vomiting severity,EA,Usual care,24-48h after surgery
Zhu 2022,V34_B1_060,Group Comb — EA day before + 30 min before surgery,Group Usual — usual care alone,Rescue antiemetic,Participants requiring metoclopramide rescue antiemetic,24–48 h after surgery,Events/total,103.0,104.0,100.0,101.0,,,,,,1.0,,,,,,7.0,participants,0.045*,Yes,No,,,No,No,"INCLUDE — Numerically extractable in its native endpoint/time/statistic; pooling still requires compatible stratum, comparator and independent-arm selection.",Yes — shared comparator; select one contrast per model,Randomized arm sizes taken from CONSORT Fig 1 (Pre 103/30 103/Comb 103/Usual 104). Abstract instead reports Pre 103/30 104/Comb 103/Usual 103; source is internally inconsistent. Methods specify metoclopramide 10 mg as rescue therapy.,p. 420; Table 2,https://drive.google.com/file/d/1vux5IaubjInusplW6GJ2SsxhzibtSCe-/view?usp=drivesdk,"SOURCE-AUDIT RECONCILED; supplied audit, no independent PDF reread",AUDIT-0061,61,ADDED,NOT REPORTED,NOT REPORTED,NOT REPORTED,NOT REPORTED,,,,,,,Per-protocol,covidence_381_full_article.pdf,24–48 h after surgery: Antiemetic requirement (n) 1 2 1 7 0.045*,INCLUDE,"Numerically extractable in its native endpoint/time/statistic; pooling still requires compatible stratum, comparator and independent-arm selection.",ROB2_RESULT_SPECIFIC_PENDING,Rescue antiemetic,EA,Usual care,24-48h after surgery
Zhu 2022,V34_B1_061,Group Pre — EA day before surgery,Group Usual — usual care alone,PONV,Postoperative nausea incidence,48–72 h after surgery,Events/total,103.0,104.0,101.0,101.0,,,,,,0.0,,,,,,0.0,participants,NOT REPORTED,Yes,No,,,No,No,"INCLUDE — Numerically extractable in its native endpoint/time/statistic; pooling still requires compatible stratum, comparator and independent-arm selection.",Yes — shared comparator; select one contrast per model,Randomized arm sizes taken from CONSORT Fig 1 (Pre 103/30 103/Comb 103/Usual 104). Abstract instead reports Pre 103/30 104/Comb 103/Usual 103; source is internally inconsistent. Counts are stated as zero for all groups in text; no table is shown.,p. 421; Results text; data not shown,https://drive.google.com/file/d/1vux5IaubjInusplW6GJ2SsxhzibtSCe-/view?usp=drivesdk,"SOURCE-AUDIT RECONCILED; supplied audit, no independent PDF reread",AUDIT-0062,62,ADDED,NOT REPORTED,NOT REPORTED,NOT REPORTED,NOT REPORTED,,,,,,,Per-protocol,covidence_381_full_article.pdf,"At 48–72h after surgery, the incidence of PON and POV was zero in all groups (data not shown).",INCLUDE,"Numerically extractable in its native endpoint/time/statistic; pooling still requires compatible stratum, comparator and independent-arm selection.",ROB2_RESULT_SPECIFIC_PENDING,Nausea,EA,Usual care,48-72h after surgery
Zhu 2022,V34_B1_062,Group Pre — EA day before surgery,Group Usual — usual care alone,PONV,Postoperative vomiting incidence,48–72 h after surgery,Events/total,103.0,104.0,101.0,101.0,,,,,,0.0,,,,,,0.0,participants,NOT REPORTED,Yes,No,,,No,No,"INCLUDE — Numerically extractable in its native endpoint/time/statistic; pooling still requires compatible stratum, comparator and independent-arm selection.",Yes — shared comparator; select one contrast per model,Randomized arm sizes taken from CONSORT Fig 1 (Pre 103/30 103/Comb 103/Usual 104). Abstract instead reports Pre 103/30 104/Comb 103/Usual 103; source is internally inconsistent. Counts are stated as zero for all groups in text; no table is shown.,p. 421; Results text; data not shown,https://drive.google.com/file/d/1vux5IaubjInusplW6GJ2SsxhzibtSCe-/view?usp=drivesdk,"SOURCE-AUDIT RECONCILED; supplied audit, no independent PDF reread",AUDIT-0063,63,ADDED,NOT REPORTED,NOT REPORTED,NOT REPORTED,NOT REPORTED,,,,,,,Per-protocol,covidence_381_full_article.pdf,"At 48–72h after surgery, the incidence of PON and POV was zero in all groups (data not shown).",INCLUDE,"Numerically extractable in its native endpoint/time/statistic; pooling still requires compatible stratum, comparator and independent-arm selection.",ROB2_RESULT_SPECIFIC_PENDING,Vomiting,EA,Usual care,48-72h after surgery
Zhu 2022,V34_B1_063,Group 30 — EA 30 min before surgery,Group Usual — usual care alone,PONV,Postoperative nausea incidence,48–72 h after surgery,Events/total,103.0,104.0,98.0,101.0,,,,,,0.0,,,,,,0.0,participants,NOT REPORTED,Yes,No,,,No,No,"INCLUDE — Numerically extractable in its native endpoint/time/statistic; pooling still requires compatible stratum, comparator and independent-arm selection.",Yes — shared comparator; select one contrast per model,Randomized arm sizes taken from CONSORT Fig 1 (Pre 103/30 103/Comb 103/Usual 104). Abstract instead reports Pre 103/30 104/Comb 103/Usual 103; source is internally inconsistent. Counts are stated as zero for all groups in text; no table is shown.,p. 421; Results text; data not shown,https://drive.google.com/file/d/1vux5IaubjInusplW6GJ2SsxhzibtSCe-/view?usp=drivesdk,"SOURCE-AUDIT RECONCILED; supplied audit, no independent PDF reread",AUDIT-0064,64,ADDED,NOT REPORTED,NOT REPORTED,NOT REPORTED,NOT REPORTED,,,,,,,Per-protocol,covidence_381_full_article.pdf,"At 48–72h after surgery, the incidence of PON and POV was zero in all groups (data not shown).",INCLUDE,"Numerically extractable in its native endpoint/time/statistic; pooling still requires compatible stratum, comparator and independent-arm selection.",ROB2_RESULT_SPECIFIC_PENDING,Nausea,EA,Usual care,48-72h after surgery
Zhu 2022,V34_B1_064,Group 30 — EA 30 min before surgery,Group Usual — usual care alone,PONV,Postoperative vomiting incidence,48–72 h after surgery,Events/total,103.0,104.0,98.0,101.0,,,,,,0.0,,,,,,0.0,participants,NOT REPORTED,Yes,No,,,No,No,"INCLUDE — Numerically extractable in its native endpoint/time/statistic; pooling still requires compatible stratum, comparator and independent-arm selection.",Yes — shared comparator; select one contrast per model,Randomized arm sizes taken from CONSORT Fig 1 (Pre 103/30 103/Comb 103/Usual 104). Abstract instead reports Pre 103/30 104/Comb 103/Usual 103; source is internally inconsistent. Counts are stated as zero for all groups in text; no table is shown.,p. 421; Results text; data not shown,https://drive.google.com/file/d/1vux5IaubjInusplW6GJ2SsxhzibtSCe-/view?usp=drivesdk,"SOURCE-AUDIT RECONCILED; supplied audit, no independent PDF reread",AUDIT-0065,65,ADDED,NOT REPORTED,NOT REPORTED,NOT REPORTED,NOT REPORTED,,,,,,,Per-protocol,covidence_381_full_article.pdf,"At 48–72h after surgery, the incidence of PON and POV was zero in all groups (data not shown).",INCLUDE,"Numerically extractable in its native endpoint/time/statistic; pooling still requires compatible stratum, comparator and independent-arm selection.",ROB2_RESULT_SPECIFIC_PENDING,Vomiting,EA,Usual care,48-72h after surgery
Zhu 2022,V34_B1_065,Group Comb — EA day before + 30 min before surgery,Group Usual — usual care alone,PONV,Postoperative nausea incidence,48–72 h after surgery,Events/total,103.0,104.0,100.0,101.0,,,,,,0.0,,,,,,0.0,participants,NOT REPORTED,Yes,No,,,No,No,"INCLUDE — Numerically extractable in its native endpoint/time/statistic; pooling still requires compatible stratum, comparator and independent-arm selection.",Yes — shared comparator; select one contrast per model,Randomized arm sizes taken from CONSORT Fig 1 (Pre 103/30 103/Comb 103/Usual 104). Abstract instead reports Pre 103/30 104/Comb 103/Usual 103; source is internally inconsistent. Counts are stated as zero for all groups in text; no table is shown.,p. 421; Results text; data not shown,https://drive.google.com/file/d/1vux5IaubjInusplW6GJ2SsxhzibtSCe-/view?usp=drivesdk,"SOURCE-AUDIT RECONCILED; supplied audit, no independent PDF reread",AUDIT-0066,66,ADDED,NOT REPORTED,NOT REPORTED,NOT REPORTED,NOT REPORTED,,,,,,,Per-protocol,covidence_381_full_article.pdf,"At 48–72h after surgery, the incidence of PON and POV was zero in all groups (data not shown).",INCLUDE,"Numerically extractable in its native endpoint/time/statistic; pooling still requires compatible stratum, comparator and independent-arm selection.",ROB2_RESULT_SPECIFIC_PENDING,Nausea,EA,Usual care,48-72h after surgery
Zhu 2022,V34_B1_066,Group Comb — EA day before + 30 min before surgery,Group Usual — usual care alone,PONV,Postoperative vomiting incidence,48–72 h after surgery,Events/total,103.0,104.0,100.0,101.0,,,,,,0.0,,,,,,0.0,participants,NOT REPORTED,Yes,No,,,No,No,"INCLUDE — Numerically extractable in its native endpoint/time/statistic; pooling still requires compatible stratum, comparator and independent-arm selection.",Yes — shared comparator; select one contrast per model,Randomized arm sizes taken from CONSORT Fig 1 (Pre 103/30 103/Comb 103/Usual 104). Abstract instead reports Pre 103/30 104/Comb 103/Usual 103; source is internally inconsistent. Counts are stated as zero for all groups in text; no table is shown.,p. 421; Results text; data not shown,https://drive.google.com/file/d/1vux5IaubjInusplW6GJ2SsxhzibtSCe-/view?usp=drivesdk,"SOURCE-AUDIT RECONCILED; supplied audit, no independent PDF reread",AUDIT-0067,67,ADDED,NOT REPORTED,NOT REPORTED,NOT REPORTED,NOT REPORTED,,,,,,,Per-protocol,covidence_381_full_article.pdf,"At 48–72h after surgery, the incidence of PON and POV was zero in all groups (data not shown).",INCLUDE,"Numerically extractable in its native endpoint/time/statistic; pooling still requires compatible stratum, comparator and independent-arm selection.",ROB2_RESULT_SPECIFIC_PENDING,Vomiting,EA,Usual care,48-72h after surgery
Yang 2020,V34_B1_067,EA group,UC group,GI adverse effect,Abdominal distension incidence,Postoperative; assessment window not separately stated,Events/total,30.0,29.0,29.0,28.0,,,,,,9.0,,,,,,11.0,participants,0.514,Yes,No,,,No,No,"INCLUDE — Numerically extractable in its native endpoint/time/statistic; pooling still requires compatible stratum, comparator and independent-arm selection.",No (preserve trial strata where specified),The article reports AD as a postoperative outcome but Table 3 does not attach a distinct clock time to this summary.,e920648-5; Table 3,https://drive.google.com/file/d/1hsQR_K6W-5QNP4rqkVxHQaopRp4f1XF0/view?usp=drivesdk,"SOURCE-AUDIT RECONCILED; supplied audit, no independent PDF reread",AUDIT-0068,68,ADDED,NOT REPORTED,NOT REPORTED,NOT REPORTED,NOT REPORTED,,,,,,,Available-case,covidence_464_verified.pdf,AD’s incidence (n [%])** 9 (31.03) 11 (39.28) 0.514,INCLUDE,"Numerically extractable in its native endpoint/time/statistic; pooling still requires compatible stratum, comparator and independent-arm selection.",ROB2_RESULT_SPECIFIC_PENDING,GI — abdominal distention,EA,Usual care,postoperative; assessment window not separately stated
Yang 2020,V34_B1_068,EA group,UC group,GI adverse effect,Abdominal distension severity grade 0,Postoperative; assessment window not separately stated,Events/total,30.0,29.0,29.0,28.0,,,,,,20.0,,,,,,17.0,participants,0.290,Yes,No,,,No,No,"INCLUDE — Numerically extractable in its native endpoint/time/statistic; pooling still requires compatible stratum, comparator and independent-arm selection.",No (preserve trial strata where specified),"P=0.290 is the overall comparison of the AD severity distribution, not a grade-specific P value.",e920648-5; Table 3,https://drive.google.com/file/d/1hsQR_K6W-5QNP4rqkVxHQaopRp4f1XF0/view?usp=drivesdk,"SOURCE-AUDIT RECONCILED; supplied audit, no independent PDF reread",AUDIT-0069,69,ADDED,NOT REPORTED,NOT REPORTED,NOT REPORTED,NOT REPORTED,,,,,,,Available-case,covidence_464_verified.pdf,AD’s degree ... 0 20 (70) 17 (60.7),INCLUDE,"Numerically extractable in its native endpoint/time/statistic; pooling still requires compatible stratum, comparator and independent-arm selection.",ROB2_RESULT_SPECIFIC_PENDING,GI — abdominal distention,EA,Usual care,postoperative; assessment window not separately stated
Yang 2020,V34_B1_069,EA group,UC group,GI adverse effect,Abdominal distension severity grade 1,Postoperative; assessment window not separately stated,Events/total,30.0,29.0,29.0,28.0,,,,,,1.0,,,,,,2.0,participants,0.290,Yes,No,,,No,No,"INCLUDE — Numerically extractable in its native endpoint/time/statistic; pooling still requires compatible stratum, comparator and independent-arm selection.",No (preserve trial strata where specified),"P=0.290 is the overall comparison of the AD severity distribution, not a grade-specific P value.",e920648-5; Table 3,https://drive.google.com/file/d/1hsQR_K6W-5QNP4rqkVxHQaopRp4f1XF0/view?usp=drivesdk,"SOURCE-AUDIT RECONCILED; supplied audit, no independent PDF reread",AUDIT-0070,70,ADDED,NOT REPORTED,NOT REPORTED,NOT REPORTED,NOT REPORTED,,,,,,,Available-case,covidence_464_verified.pdf,AD’s degree ... 1 1 (3.4) 2 (7.1),INCLUDE,"Numerically extractable in its native endpoint/time/statistic; pooling still requires compatible stratum, comparator and independent-arm selection.",ROB2_RESULT_SPECIFIC_PENDING,GI — abdominal distention,EA,Usual care,postoperative; assessment window not separately stated
Yang 2020,V34_B1_070,EA group,UC group,GI adverse effect,Abdominal distension severity grade 2,Postoperative; assessment window not separately stated,Events/total,30.0,29.0,29.0,28.0,,,,,,2.0,,,,,,2.0,participants,0.290,Yes,No,,,No,No,"INCLUDE — Numerically extractable in its native endpoint/time/statistic; pooling still requires compatible stratum, comparator and independent-arm selection.",No (preserve trial strata where specified),"P=0.290 is the overall comparison of the AD severity distribution, not a grade-specific P value.",e920648-5; Table 3,https://drive.google.com/file/d/1hsQR_K6W-5QNP4rqkVxHQaopRp4f1XF0/view?usp=drivesdk,"SOURCE-AUDIT RECONCILED; supplied audit, no independent PDF reread",AUDIT-0071,71,ADDED,NOT REPORTED,NOT REPORTED,NOT REPORTED,NOT REPORTED,,,,,,,Available-case,covidence_464_verified.pdf,AD’s degree ... 2 2 (6.9) 2 (7.1),INCLUDE,"Numerically extractable in its native endpoint/time/statistic; pooling still requires compatible stratum, comparator and independent-arm selection.",ROB2_RESULT_SPECIFIC_PENDING,GI — abdominal distention,EA,Usual care,postoperative; assessment window not separately stated
Yang 2020,V34_B1_071,EA group,UC group,GI adverse effect,Abdominal distension severity grade 3,Postoperative; assessment window not separately stated,Events/total,30.0,29.0,29.0,28.0,,,,,,6.0,,,,,,7.0,participants,0.290,Yes,No,,,No,No,"INCLUDE — Numerically extractable in its native endpoint/time/statistic; pooling still requires compatible stratum, comparator and independent-arm selection.",No (preserve trial strata where specified),"P=0.290 is the overall comparison of the AD severity distribution, not a grade-specific P value.",e920648-5; Table 3,https://drive.google.com/file/d/1hsQR_K6W-5QNP4rqkVxHQaopRp4f1XF0/view?usp=drivesdk,"SOURCE-AUDIT RECONCILED; supplied audit, no independent PDF reread",AUDIT-0072,72,ADDED,NOT REPORTED,NOT REPORTED,NOT REPORTED,NOT REPORTED,,,,,,,Available-case,covidence_464_verified.pdf,AD’s degree ... 3 6 (20.7) 7 (25.0),INCLUDE,"Numerically extractable in its native endpoint/time/statistic; pooling still requires compatible stratum, comparator and independent-arm selection.",ROB2_RESULT_SPECIFIC_PENDING,GI — abdominal distention,EA,Usual care,postoperative; assessment window not separately stated
Yang 2020,V34_B1_072,EA group,UC group,GI adverse effect,Abdominal distension severity grade 4,Postoperative; assessment window not separately stated,Events/total,30.0,29.0,29.0,28.0,,,,,,0.0,,,,,,0.0,participants,0.290,Yes,No,,,No,No,"INCLUDE — Numerically extractable in its native endpoint/time/statistic; pooling still requires compatible stratum, comparator and independent-arm selection.",No (preserve trial strata where specified),"P=0.290 is the overall comparison of the AD severity distribution, not a grade-specific P value.",e920648-5; Table 3,https://drive.google.com/file/d/1hsQR_K6W-5QNP4rqkVxHQaopRp4f1XF0/view?usp=drivesdk,"SOURCE-AUDIT RECONCILED; supplied audit, no independent PDF reread",AUDIT-0073,73,ADDED,NOT REPORTED,NOT REPORTED,NOT REPORTED,NOT REPORTED,,,,,,,Available-case,covidence_464_verified.pdf,AD’s degree ... 4 0 (0) 0 (0),INCLUDE,"Numerically extractable in its native endpoint/time/statistic; pooling still requires compatible stratum, comparator and independent-arm selection.",ROB2_RESULT_SPECIFIC_PENDING,GI — abdominal distention,EA,Usual care,postoperative; assessment window not separately stated
Yang 2020,V34_B1_073,EA group,UC group,Rescue analgesia,Participants given rescue medication,Postoperative; exact window not stated,Events/total,30.0,29.0,29.0,28.0,,,,,,5.0,,,,,,7.0,participants,0.473,Yes,No,,,No,No,"HOLD — Source definition, timepoint, denominator, scale, statistic, or post-randomization subset requires adjudication; see raw source/QC.",No (preserve trial strata where specified),Methods define rescue medication as bucinnazine 100 mg IM if VAS >3/10; Table 3 does not state a time window.,e920648-5; Table 3,https://drive.google.com/file/d/1hsQR_K6W-5QNP4rqkVxHQaopRp4f1XF0/view?usp=drivesdk,"SOURCE-AUDIT RECONCILED; supplied audit, no independent PDF reread",AUDIT-0074,74,AMBIGUOUS_HOLD,NOT REPORTED,NOT REPORTED,NOT REPORTED,NOT REPORTED,,,,,,,Available-case,covidence_464_verified.pdf,Rescue medication given (n [%])** 5 (17.24) 7 (25.00) 0.473,HOLD,"Source definition, timepoint, denominator, scale, statistic, or post-randomization subset requires adjudication; see raw source/QC.",ROB2_RESULT_SPECIFIC_PENDING,Rescue analgesia — drug class unresolved,EA,Usual care,AMBIGUOUS
Yang 2020,V34_B1_074,EA group,UC group,PONV,Nausea severity score,0–24 h after surgery,Median/IQR,30.0,29.0,29.0,28.0,,,0.0,0.0,1.0,,,,0.0,0.0,1.0,,4-point rating scale 0-3,1.000,Yes,No,,,No,No,NARRATIVE ONLY — Median and original dispersion preserved; no mean/SD conversion or MD pooling.,No (preserve trial strata where specified),"Table 4 footnote states starred continuous outcomes are median (quartile range). Where the table prints only '0' without a parenthetical range, dispersion is not reported.",e920648-6; Table 4,https://drive.google.com/file/d/1hsQR_K6W-5QNP4rqkVxHQaopRp4f1XF0/view?usp=drivesdk,"SOURCE-AUDIT RECONCILED; supplied audit, no independent PDF reread",AUDIT-0075,75,NOT_ANALYSIS_ELIGIBLE,0,0–1,0,0–1,,,,,,,Available-case,covidence_464_verified.pdf,0–24 h after surgery: Nausea score* 0 (0–1) 0 (0–1) 1.000,NARRATIVE ONLY,Median and original dispersion preserved; no mean/SD conversion or MD pooling.,ROB2_RESULT_SPECIFIC_PENDING,Nausea severity,EA,Usual care,0-24h after surgery
Yang 2020,V34_B1_075,EA group,UC group,PONV,Vomiting severity score,0–24 h after surgery,Median/IQR,30.0,29.0,29.0,28.0,,,0.0,0.0,0.0,,,,0.0,0.0,0.75,,4-point rating scale 0-3,0.486,Yes,No,,,No,No,NARRATIVE ONLY — Median and original dispersion preserved; no mean/SD conversion or MD pooling.,No (preserve trial strata where specified),"Table 4 footnote states starred continuous outcomes are median (quartile range). Where the table prints only '0' without a parenthetical range, dispersion is not reported.",e920648-6; Table 4,https://drive.google.com/file/d/1hsQR_K6W-5QNP4rqkVxHQaopRp4f1XF0/view?usp=drivesdk,"SOURCE-AUDIT RECONCILED; supplied audit, no independent PDF reread",AUDIT-0076,76,NOT_ANALYSIS_ELIGIBLE,0,0–0,0,0–0.75,,,,,,,Available-case,covidence_464_verified.pdf,0–24 h after surgery: Vomiting score* 0 (0–0) 0 (0–0.75) 0.486,NARRATIVE ONLY,Median and original dispersion preserved; no mean/SD conversion or MD pooling.,ROB2_RESULT_SPECIFIC_PENDING,Vomiting severity,EA,Usual care,0-24h after surgery
Yang 2020,V34_B1_076,EA group,UC group,PONV,Nausea incidence,0–24 h after surgery,Events/total,30.0,29.0,29.0,28.0,,,,,,8.0,,,,,,8.0,participants,0.934,Yes,No,,,No,No,"INCLUDE — Numerically extractable in its native endpoint/time/statistic; pooling still requires compatible stratum, comparator and independent-arm selection.",No (preserve trial strata where specified),NOT REPORTED,e920648-6; Table 4,https://drive.google.com/file/d/1hsQR_K6W-5QNP4rqkVxHQaopRp4f1XF0/view?usp=drivesdk,"SOURCE-AUDIT RECONCILED; supplied audit, no independent PDF reread",AUDIT-0077,77,ADDED,NOT REPORTED,NOT REPORTED,NOT REPORTED,NOT REPORTED,,,,,,,Available-case,covidence_464_verified.pdf,0–24 h after surgery: Nausea [incidence; n (%)] 8 ... 8 ... 0.934,INCLUDE,"Numerically extractable in its native endpoint/time/statistic; pooling still requires compatible stratum, comparator and independent-arm selection.",ROB2_RESULT_SPECIFIC_PENDING,Nausea,EA,Usual care,0-24h after surgery
Yang 2020,V34_B1_077,EA group,UC group,PONV,Vomiting incidence,0–24 h after surgery,Events/total,30.0,29.0,29.0,28.0,,,,,,5.0,,,,,,7.0,participants,0.473,Yes,No,,,No,No,"INCLUDE — Numerically extractable in its native endpoint/time/statistic; pooling still requires compatible stratum, comparator and independent-arm selection.",No (preserve trial strata where specified),NOT REPORTED,e920648-6; Table 4,https://drive.google.com/file/d/1hsQR_K6W-5QNP4rqkVxHQaopRp4f1XF0/view?usp=drivesdk,"SOURCE-AUDIT RECONCILED; supplied audit, no independent PDF reread",AUDIT-0078,78,ADDED,NOT REPORTED,NOT REPORTED,NOT REPORTED,NOT REPORTED,,,,,,,Available-case,covidence_464_verified.pdf,0–24 h after surgery: Vomiting [incidence; n (%)] 5 ... 7 ... 0.473,INCLUDE,"Numerically extractable in its native endpoint/time/statistic; pooling still requires compatible stratum, comparator and independent-arm selection.",ROB2_RESULT_SPECIFIC_PENDING,Vomiting,EA,Usual care,0-24h after surgery
Yang 2020,V34_B1_078,EA group,UC group,Pain,Static pain VAS,0–24 h after surgery,Median/IQR,30.0,29.0,29.0,28.0,,,2.0,2.0,2.0,,,,2.0,2.0,2.0,,VAS 0-10,0.651,Yes,No,,,No,No,NARRATIVE ONLY — Median and original dispersion preserved; no mean/SD conversion or MD pooling.,No (preserve trial strata where specified),"The paper labels these as static and dynamic pain, not rest/movement with further operational detail.",e920648-6; Table 4,https://drive.google.com/file/d/1hsQR_K6W-5QNP4rqkVxHQaopRp4f1XF0/view?usp=drivesdk,"SOURCE-AUDIT RECONCILED; supplied audit, no independent PDF reread",AUDIT-0079,79,NOT_ANALYSIS_ELIGIBLE,2,2–2,2,2–2,,,,,,,Available-case,covidence_464_verified.pdf,0–24 h after surgery: Static pain VAS* 2 (2–2) 2 (2–2) 0.651,NARRATIVE ONLY,Median and original dispersion preserved; no mean/SD conversion or MD pooling.,ROB2_RESULT_SPECIFIC_PENDING,Pain — unspecified context,EA,Usual care,0-24h after surgery
Yang 2020,V34_B1_079,EA group,UC group,Pain,Dynamic pain VAS,0–24 h after surgery,Median/IQR,30.0,29.0,29.0,28.0,,,3.0,3.0,3.0,,,,3.0,3.0,3.0,,VAS 0-10,0.153,Yes,No,,,No,No,NARRATIVE ONLY — Median and original dispersion preserved; no mean/SD conversion or MD pooling.,No (preserve trial strata where specified),"The paper labels these as static and dynamic pain, not rest/movement with further operational detail.",e920648-6; Table 4,https://drive.google.com/file/d/1hsQR_K6W-5QNP4rqkVxHQaopRp4f1XF0/view?usp=drivesdk,"SOURCE-AUDIT RECONCILED; supplied audit, no independent PDF reread",AUDIT-0080,80,NOT_ANALYSIS_ELIGIBLE,3,3–3,3,3–3,,,,,,,Available-case,covidence_464_verified.pdf,0–24 h after surgery: Dynamic pain VAS* 3 (3–3) 3 (3–3) 0.153,NARRATIVE ONLY,Median and original dispersion preserved; no mean/SD conversion or MD pooling.,ROB2_RESULT_SPECIFIC_PENDING,Pain — movement/activity,EA,Usual care,0-24h after surgery
Yang 2020,V34_B1_080,EA group,UC group,PONV,Nausea severity score,24–48 h after surgery,Median/IQR,30.0,29.0,29.0,28.0,,,0.0,0.0,0.0,,,,0.0,0.0,0.0,,4-point rating scale 0-3,0.726,Yes,No,,,No,No,NARRATIVE ONLY — Median and original dispersion preserved; no mean/SD conversion or MD pooling.,No (preserve trial strata where specified),"Table 4 footnote states starred continuous outcomes are median (quartile range). Where the table prints only '0' without a parenthetical range, dispersion is not reported.",e920648-6; Table 4,https://drive.google.com/file/d/1hsQR_K6W-5QNP4rqkVxHQaopRp4f1XF0/view?usp=drivesdk,"SOURCE-AUDIT RECONCILED; supplied audit, no independent PDF reread",AUDIT-0081,81,NOT_ANALYSIS_ELIGIBLE,0,0–0,0,0–0,,,,,,,Available-case,covidence_464_verified.pdf,24–48 h after surgery: Nausea score* 0 (0–0) 0 (0–0) 0.726,NARRATIVE ONLY,Median and original dispersion preserved; no mean/SD conversion or MD pooling.,ROB2_RESULT_SPECIFIC_PENDING,Nausea severity,EA,Usual care,24-48h after surgery
Yang 2020,V34_B1_081,EA group,UC group,PONV,Vomiting severity score,24–48 h after surgery,Other (describe),30.0,29.0,29.0,28.0,,,,,,,,,,,,,4-point rating scale 0-3,–,Yes,No,,,No,No,HOLD — Nonstandard or incomplete statistic; no inferred quantities.,No (preserve trial strata where specified),"Table 4 footnote states starred continuous outcomes are median (quartile range). Where the table prints only '0' without a parenthetical range, dispersion is not reported.",e920648-6; Table 4,https://drive.google.com/file/d/1hsQR_K6W-5QNP4rqkVxHQaopRp4f1XF0/view?usp=drivesdk,"SOURCE-AUDIT RECONCILED; supplied audit, no independent PDF reread",AUDIT-0082,82,AMBIGUOUS_HOLD,0,NOT REPORTED,0,NOT REPORTED,,,,,,,Available-case,covidence_464_verified.pdf,24–48 h after surgery: Vomiting score* 0 0 –,HOLD,Nonstandard or incomplete statistic; no inferred quantities.,ROB2_RESULT_SPECIFIC_PENDING,Vomiting severity,EA,Usual care,24-48h after surgery
Yang 2020,V34_B1_082,EA group,UC group,PONV,Nausea incidence,24–48 h after surgery,Events/total,30.0,29.0,29.0,28.0,,,,,,4.0,,,,,,3.0,participants,1.000,Yes,No,,,No,No,"INCLUDE — Numerically extractable in its native endpoint/time/statistic; pooling still requires compatible stratum, comparator and independent-arm selection.",No (preserve trial strata where specified),NOT REPORTED,e920648-6; Table 4,https://drive.google.com/file/d/1hsQR_K6W-5QNP4rqkVxHQaopRp4f1XF0/view?usp=drivesdk,"SOURCE-AUDIT RECONCILED; supplied audit, no independent PDF reread",AUDIT-0083,83,ADDED,NOT REPORTED,NOT REPORTED,NOT REPORTED,NOT REPORTED,,,,,,,Available-case,covidence_464_verified.pdf,24–48 h after surgery: Nausea [incidence; n (%)] 4 ... 3 ... 1.000,INCLUDE,"Numerically extractable in its native endpoint/time/statistic; pooling still requires compatible stratum, comparator and independent-arm selection.",ROB2_RESULT_SPECIFIC_PENDING,Nausea,EA,Usual care,24-48h after surgery
Yang 2020,V34_B1_083,EA group,UC group,PONV,Vomiting incidence,24–48 h after surgery,Events/total,30.0,29.0,29.0,28.0,,,,,,0.0,,,,,,0.0,participants,–,Yes,No,,,No,No,"INCLUDE — Numerically extractable in its native endpoint/time/statistic; pooling still requires compatible stratum, comparator and independent-arm selection.",No (preserve trial strata where specified),NOT REPORTED,e920648-6; Table 4,https://drive.google.com/file/d/1hsQR_K6W-5QNP4rqkVxHQaopRp4f1XF0/view?usp=drivesdk,"SOURCE-AUDIT RECONCILED; supplied audit, no independent PDF reread",AUDIT-0084,84,ADDED,NOT REPORTED,NOT REPORTED,NOT REPORTED,NOT REPORTED,,,,,,,Available-case,covidence_464_verified.pdf,24–48 h after surgery: Vomiting [incidence; n (%)] 0 ... 0 ... –,INCLUDE,"Numerically extractable in its native endpoint/time/statistic; pooling still requires compatible stratum, comparator and independent-arm selection.",ROB2_RESULT_SPECIFIC_PENDING,Vomiting,EA,Usual care,24-48h after surgery
Yang 2020,V34_B1_084,EA group,UC group,Pain,Static pain VAS,24–48 h after surgery,Median/IQR,30.0,29.0,29.0,28.0,,,2.0,2.0,3.0,,,,2.0,2.0,3.0,,VAS 0-10,0.930,Yes,No,,,No,No,NARRATIVE ONLY — Median and original dispersion preserved; no mean/SD conversion or MD pooling.,No (preserve trial strata where specified),"The paper labels these as static and dynamic pain, not rest/movement with further operational detail.",e920648-6; Table 4,https://drive.google.com/file/d/1hsQR_K6W-5QNP4rqkVxHQaopRp4f1XF0/view?usp=drivesdk,"SOURCE-AUDIT RECONCILED; supplied audit, no independent PDF reread",AUDIT-0085,85,NOT_ANALYSIS_ELIGIBLE,2,2–3,2,2–3,,,,,,,Available-case,covidence_464_verified.pdf,24–48 h after surgery: Static pain VAS* 2 (2–3) 2 (2–3) 0.930,NARRATIVE ONLY,Median and original dispersion preserved; no mean/SD conversion or MD pooling.,ROB2_RESULT_SPECIFIC_PENDING,Pain — unspecified context,EA,Usual care,24-48h after surgery
Yang 2020,V34_B1_085,EA group,UC group,Pain,Dynamic pain VAS,24–48 h after surgery,Median/IQR,30.0,29.0,29.0,28.0,,,3.0,3.0,3.0,,,,3.0,3.0,3.0,,VAS 0-10,0.401,Yes,No,,,No,No,NARRATIVE ONLY — Median and original dispersion preserved; no mean/SD conversion or MD pooling.,No (preserve trial strata where specified),"The paper labels these as static and dynamic pain, not rest/movement with further operational detail.",e920648-6; Table 4,https://drive.google.com/file/d/1hsQR_K6W-5QNP4rqkVxHQaopRp4f1XF0/view?usp=drivesdk,"SOURCE-AUDIT RECONCILED; supplied audit, no independent PDF reread",AUDIT-0086,86,NOT_ANALYSIS_ELIGIBLE,3,3–3,3,3–3,,,,,,,Available-case,covidence_464_verified.pdf,24–48 h after surgery: Dynamic pain VAS* 3 (3–3) 3 (3–3) 0.401,NARRATIVE ONLY,Median and original dispersion preserved; no mean/SD conversion or MD pooling.,ROB2_RESULT_SPECIFIC_PENDING,Pain — movement/activity,EA,Usual care,24-48h after surgery
Yang 2020,V34_B1_086,EA group,UC group,PONV,Nausea severity score,48–72 h after surgery,Other (describe),30.0,29.0,29.0,28.0,,,,,,,,,,,,,4-point rating scale 0-3,–,Yes,No,,,No,No,HOLD — Nonstandard or incomplete statistic; no inferred quantities.,No (preserve trial strata where specified),"Table 4 footnote states starred continuous outcomes are median (quartile range). Where the table prints only '0' without a parenthetical range, dispersion is not reported.",e920648-6; Table 4,https://drive.google.com/file/d/1hsQR_K6W-5QNP4rqkVxHQaopRp4f1XF0/view?usp=drivesdk,"SOURCE-AUDIT RECONCILED; supplied audit, no independent PDF reread",AUDIT-0087,87,AMBIGUOUS_HOLD,0,NOT REPORTED,0,NOT REPORTED,,,,,,,Available-case,covidence_464_verified.pdf,48–72 h after surgery: Nausea score* 0 0 –,HOLD,Nonstandard or incomplete statistic; no inferred quantities.,ROB2_RESULT_SPECIFIC_PENDING,Nausea severity,EA,Usual care,48-72h after surgery
Yang 2020,V34_B1_087,EA group,UC group,PONV,Vomiting severity score,48–72 h after surgery,Other (describe),30.0,29.0,29.0,28.0,,,,,,,,,,,,,4-point rating scale 0-3,–,Yes,No,,,No,No,HOLD — Nonstandard or incomplete statistic; no inferred quantities.,No (preserve trial strata where specified),"Table 4 footnote states starred continuous outcomes are median (quartile range). Where the table prints only '0' without a parenthetical range, dispersion is not reported.",e920648-6; Table 4,https://drive.google.com/file/d/1hsQR_K6W-5QNP4rqkVxHQaopRp4f1XF0/view?usp=drivesdk,"SOURCE-AUDIT RECONCILED; supplied audit, no independent PDF reread",AUDIT-0088,88,AMBIGUOUS_HOLD,0,NOT REPORTED,0,NOT REPORTED,,,,,,,Available-case,covidence_464_verified.pdf,48–72 h after surgery: Vomiting score* 0 0 –,HOLD,Nonstandard or incomplete statistic; no inferred quantities.,ROB2_RESULT_SPECIFIC_PENDING,Vomiting severity,EA,Usual care,48-72h after surgery
Yang 2020,V34_B1_088,EA group,UC group,PONV,Nausea incidence,48–72 h after surgery,Events/total,30.0,29.0,29.0,28.0,,,,,,0.0,,,,,,0.0,participants,–,Yes,No,,,No,No,"INCLUDE — Numerically extractable in its native endpoint/time/statistic; pooling still requires compatible stratum, comparator and independent-arm selection.",No (preserve trial strata where specified),NOT REPORTED,e920648-6; Table 4,https://drive.google.com/file/d/1hsQR_K6W-5QNP4rqkVxHQaopRp4f1XF0/view?usp=drivesdk,"SOURCE-AUDIT RECONCILED; supplied audit, no independent PDF reread",AUDIT-0089,89,ADDED,NOT REPORTED,NOT REPORTED,NOT REPORTED,NOT REPORTED,,,,,,,Available-case,covidence_464_verified.pdf,48–72 h after surgery: Nausea [incidence; n (%)] 0 ... 0 ... –,INCLUDE,"Numerically extractable in its native endpoint/time/statistic; pooling still requires compatible stratum, comparator and independent-arm selection.",ROB2_RESULT_SPECIFIC_PENDING,Nausea,EA,Usual care,48-72h after surgery
Yang 2020,V34_B1_089,EA group,UC group,PONV,Vomiting incidence,48–72 h after surgery,Events/total,30.0,29.0,29.0,28.0,,,,,,0.0,,,,,,0.0,participants,–,Yes,No,,,No,No,"INCLUDE — Numerically extractable in its native endpoint/time/statistic; pooling still requires compatible stratum, comparator and independent-arm selection.",No (preserve trial strata where specified),NOT REPORTED,e920648-6; Table 4,https://drive.google.com/file/d/1hsQR_K6W-5QNP4rqkVxHQaopRp4f1XF0/view?usp=drivesdk,"SOURCE-AUDIT RECONCILED; supplied audit, no independent PDF reread",AUDIT-0090,90,ADDED,NOT REPORTED,NOT REPORTED,NOT REPORTED,NOT REPORTED,,,,,,,Available-case,covidence_464_verified.pdf,48–72 h after surgery: Vomiting [incidence; n (%)] 0 ... 0 ... –,INCLUDE,"Numerically extractable in its native endpoint/time/statistic; pooling still requires compatible stratum, comparator and independent-arm selection.",ROB2_RESULT_SPECIFIC_PENDING,Vomiting,EA,Usual care,48-72h after surgery
Yang 2020,V34_B1_090,EA group,UC group,Pain,Static pain VAS,48–72 h after surgery,Median/IQR,30.0,29.0,29.0,28.0,,,3.0,2.0,3.0,,,,3.0,2.0,3.0,,VAS 0-10,0.703,Yes,No,,,No,No,NARRATIVE ONLY — Median and original dispersion preserved; no mean/SD conversion or MD pooling.,No (preserve trial strata where specified),"The paper labels these as static and dynamic pain, not rest/movement with further operational detail.",e920648-6; Table 4,https://drive.google.com/file/d/1hsQR_K6W-5QNP4rqkVxHQaopRp4f1XF0/view?usp=drivesdk,"SOURCE-AUDIT RECONCILED; supplied audit, no independent PDF reread",AUDIT-0091,91,NOT_ANALYSIS_ELIGIBLE,3,2–3,3,2–3,,,,,,,Available-case,covidence_464_verified.pdf,48–72 h after surgery: Static pain VAS* 3 (2–3) 3 (2–3) 0.703,NARRATIVE ONLY,Median and original dispersion preserved; no mean/SD conversion or MD pooling.,ROB2_RESULT_SPECIFIC_PENDING,Pain — unspecified context,EA,Usual care,48-72h after surgery
Yang 2020,V34_B1_091,EA group,UC group,Pain,Dynamic pain VAS,48–72 h after surgery,Median/IQR,30.0,29.0,29.0,28.0,,,3.0,3.0,3.0,,,,3.0,3.0,3.0,,VAS 0-10,0.079,Yes,No,,,No,No,NARRATIVE ONLY — Median and original dispersion preserved; no mean/SD conversion or MD pooling.,No (preserve trial strata where specified),"The paper labels these as static and dynamic pain, not rest/movement with further operational detail.",e920648-6; Table 4,https://drive.google.com/file/d/1hsQR_K6W-5QNP4rqkVxHQaopRp4f1XF0/view?usp=drivesdk,"SOURCE-AUDIT RECONCILED; supplied audit, no independent PDF reread",AUDIT-0092,92,NOT_ANALYSIS_ELIGIBLE,3,3–3,3,3–3,,,,,,,Available-case,covidence_464_verified.pdf,48–72 h after surgery: Dynamic pain VAS* 3 (3–3) 3 (3–3) 0.079,NARRATIVE ONLY,Median and original dispersion preserved; no mean/SD conversion or MD pooling.,ROB2_RESULT_SPECIFIC_PENDING,Pain — movement/activity,EA,Usual care,48-72h after surgery
Yang 2020,V34_B1_092,EA group,UC group,Functional recovery,Time to out-of-bed activity,Postoperative,Mean/SD,30.0,29.0,29.0,28.0,11.2,1.0,,,,,13.0,3.5,,,,,hours,0.5,Yes,No,,,No,No,"INCLUDE — Numerically extractable in its native endpoint/time/statistic; pooling still requires compatible stratum, comparator and independent-arm selection.",No (preserve trial strata where specified),NOT REPORTED,e920648-6; Table 4,https://drive.google.com/file/d/1hsQR_K6W-5QNP4rqkVxHQaopRp4f1XF0/view?usp=drivesdk,"SOURCE-AUDIT RECONCILED; supplied audit, no independent PDF reread",AUDIT-0093,93,ADDED,11.2,1.0,13,3.5,,,,,,,Available-case,covidence_464_verified.pdf,Time to out-of-bed activity (h)# 11.2±1.0 13±3.5 0.5,INCLUDE,"Numerically extractable in its native endpoint/time/statistic; pooling still requires compatible stratum, comparator and independent-arm selection.",ROB2_RESULT_SPECIFIC_PENDING,Functional recovery,EA,Usual care,postoperative
Yang 2020,V34_B1_093,EA group,UC group,Length of stay,Hospital stay,Postoperative hospitalization,Mean/SD,30.0,29.0,29.0,28.0,6.1,2.15,,,,,6.5,2.05,,,,,days,0.442,Yes,No,,,No,No,"INCLUDE — Numerically extractable in its native endpoint/time/statistic; pooling still requires compatible stratum, comparator and independent-arm selection.",No (preserve trial strata where specified),NOT REPORTED,e920648-6; Table 4,https://drive.google.com/file/d/1hsQR_K6W-5QNP4rqkVxHQaopRp4f1XF0/view?usp=drivesdk,"SOURCE-AUDIT RECONCILED; supplied audit, no independent PDF reread",AUDIT-0094,94,ADDED,6.1,2.15,6.5,2.05,,,,,,,Available-case,covidence_464_verified.pdf,Hospital stay (d)# 6.1±2.15 6.5±2.05 0.442,INCLUDE,"Numerically extractable in its native endpoint/time/statistic; pooling still requires compatible stratum, comparator and independent-arm selection.",ROB2_RESULT_SPECIFIC_PENDING,LOS,EA,Usual care,postoperative hospitalization
Pan 2023,V34_B1_094,Group T — TEAS,Group C — control,Pain,NRS in the mobile state,1 h after operation,Other (describe),52.0,53.0,52.0,53.0,,,,,,,,,,,,,NRS 0-10,0.04*,Yes,No,,,No,No,"HOLD — Source definition, timepoint, denominator, scale, statistic, or post-randomization subset requires adjudication; see raw source/QC.",No (preserve trial strata where specified),Results text specifies the NRS was assessed 'while in the mobile state'. Table prints parenthetical values but does not label them as SD/IQR in Table 7; statistic type therefore left as Other (describe).,p. 815; Table 7,https://drive.google.com/file/d/19IZpaoI-iTQOr_XOTw-a17WTw_haz8q6/view?usp=drivesdk,"SOURCE-AUDIT RECONCILED; supplied audit, no independent PDF reread",AUDIT-0095,95,AMBIGUOUS_HOLD,2,1.4,3,2.4,,,,,,,Unstated,getfile.php-4.pdf,NRS 1h 2 (1.4) 3 (2.4) 0.04*,HOLD,"Source definition, timepoint, denominator, scale, statistic, or post-randomization subset requires adjudication; see raw source/QC.",ROB2_RESULT_SPECIFIC_PENDING,Pain — movement/activity,TEAS,Usual care,1h after operation
Pan 2023,V34_B1_095,Group T — TEAS,Group C — control,Pain,NRS in the mobile state,24 h after operation,Other (describe),52.0,53.0,52.0,53.0,,,,,,,,,,,,,NRS 0-10,0.00*,Yes,No,,,No,No,"HOLD — Source definition, timepoint, denominator, scale, statistic, or post-randomization subset requires adjudication; see raw source/QC.",No (preserve trial strata where specified),Results text specifies the NRS was assessed 'while in the mobile state'. Table prints parenthetical values but does not label them as SD/IQR in Table 7; statistic type therefore left as Other (describe).,p. 815; Table 7,https://drive.google.com/file/d/19IZpaoI-iTQOr_XOTw-a17WTw_haz8q6/view?usp=drivesdk,"SOURCE-AUDIT RECONCILED; supplied audit, no independent PDF reread",AUDIT-0096,96,AMBIGUOUS_HOLD,2,2.3,3,3.4,,,,,,,Unstated,getfile.php-4.pdf,NRS 24h 2 (2.3) 3 (3.4) 0.00*,HOLD,"Source definition, timepoint, denominator, scale, statistic, or post-randomization subset requires adjudication; see raw source/QC.",ROB2_RESULT_SPECIFIC_PENDING,Pain — movement/activity,TEAS,Usual care,24 h point
Pan 2023,V34_B1_096,Group T — TEAS,Group C — control,Pain,Resting pain,Postoperative,Other (describe),52.0,53.0,52.0,53.0,,,,,,,,,,,,,NRS 0-10,NOT REPORTED,Yes,No,,,No,No,NOT REPORTED — Accessed source does not supply the requested numerical result.,No (preserve trial strata where specified),A separate resting-pain outcome is not reported.,pp. 810–816; Methods + Tables 6–7,https://drive.google.com/file/d/19IZpaoI-iTQOr_XOTw-a17WTw_haz8q6/view?usp=drivesdk,"SOURCE-AUDIT RECONCILED; supplied audit, no independent PDF reread",AUDIT-0097,97,NOT_REPORTED_ADDED,NOT REPORTED,NOT REPORTED,NOT REPORTED,NOT REPORTED,,,,,,,Unstated,getfile.php-4.pdf,The NRS score while in the mobile state was significantly lower in Group T at 1 hour and at 24 hours after operation (Table 7).,NOT REPORTED,Accessed source does not supply the requested numerical result.,ROB2_RESULT_SPECIFIC_PENDING,Pain — rest,TEAS,Usual care,postoperative
Pan 2023,V34_B1_097,Group T — TEAS,Group C — control,Pain,PACU highest NRS score,PACU,Other (describe),52.0,53.0,52.0,53.0,,,,,,,,,,,,,NRS 0-10,0.00*,Yes,No,,,No,No,"HOLD — Source definition, timepoint, denominator, scale, statistic, or post-randomization subset requires adjudication; see raw source/QC.",No (preserve trial strata where specified),The table does not define the parenthetical statistic for this row; do not assume SD or IQR.,p. 815; Table 6,https://drive.google.com/file/d/19IZpaoI-iTQOr_XOTw-a17WTw_haz8q6/view?usp=drivesdk,"SOURCE-AUDIT RECONCILED; supplied audit, no independent PDF reread",AUDIT-0098,98,AMBIGUOUS_HOLD,0,0.1,0,0.2,,,,,,,Unstated,getfile.php-4.pdf,PACU highest NRS score 0 (0.1) 0 (0.2) 0.00*,HOLD,"Source definition, timepoint, denominator, scale, statistic, or post-randomization subset requires adjudication; see raw source/QC.",ROB2_RESULT_SPECIFIC_PENDING,Pain — unspecified context,TEAS,Usual care,pacu
Pan 2023,V34_B1_098,Group T — TEAS,Group C — control,PONV,Vomiting incidence,1 h after operation,Events/total,52.0,53.0,52.0,53.0,,,,,,2.0,,,,,,3.0,participants,0.66,Yes,No,,,No,No,"INCLUDE — Numerically extractable in its native endpoint/time/statistic; pooling still requires compatible stratum, comparator and independent-arm selection.",No (preserve trial strata where specified),The table reports counts and rounded percentages.,p. 815; Table 7,https://drive.google.com/file/d/19IZpaoI-iTQOr_XOTw-a17WTw_haz8q6/view?usp=drivesdk,"SOURCE-AUDIT RECONCILED; supplied audit, no independent PDF reread",AUDIT-0099,99,ADDED,NOT REPORTED,NOT REPORTED,NOT REPORTED,NOT REPORTED,,,,,,,Unstated,getfile.php-4.pdf,Vomiting at 1h 2 (4) 3 (6) 0.66,INCLUDE,"Numerically extractable in its native endpoint/time/statistic; pooling still requires compatible stratum, comparator and independent-arm selection.",ROB2_RESULT_SPECIFIC_PENDING,Vomiting,TEAS,Usual care,1h after operation
Pan 2023,V34_B1_099,Group T — TEAS,Group C — control,PONV,Vomiting incidence,Within 24 h after operation,Events/total,52.0,53.0,52.0,53.0,,,,,,9.0,,,,,,19.0,participants,0.03*,Yes,No,,,No,No,"INCLUDE — Numerically extractable in its native endpoint/time/statistic; pooling still requires compatible stratum, comparator and independent-arm selection.",No (preserve trial strata where specified),The table reports counts and rounded percentages.,p. 815; Table 7,https://drive.google.com/file/d/19IZpaoI-iTQOr_XOTw-a17WTw_haz8q6/view?usp=drivesdk,"SOURCE-AUDIT RECONCILED; supplied audit, no independent PDF reread",AUDIT-0100,100,ADDED,NOT REPORTED,NOT REPORTED,NOT REPORTED,NOT REPORTED,,,,,,,Unstated,getfile.php-4.pdf,Vomiting at 24h 9 (17) 19 (36) 0.03*,INCLUDE,"Numerically extractable in its native endpoint/time/statistic; pooling still requires compatible stratum, comparator and independent-arm selection.",ROB2_RESULT_SPECIFIC_PENDING,Vomiting,TEAS,Usual care,within 24h after operation
Pan 2023,V34_B1_100,Group T — TEAS,Group C — control,PONV,Nausea incidence,Within 24 h after operation,Other (describe),52.0,53.0,52.0,53.0,,,,,,,,,,,,,participants,NOT REPORTED,Yes,No,,,No,No,NOT REPORTED — Accessed source does not supply the requested numerical result.,No (preserve trial strata where specified),Nausea is discussed generally but is not separately tabulated as an incidence outcome.,p. 815; Table 7,https://drive.google.com/file/d/19IZpaoI-iTQOr_XOTw-a17WTw_haz8q6/view?usp=drivesdk,"SOURCE-AUDIT RECONCILED; supplied audit, no independent PDF reread",AUDIT-0101,101,NOT_REPORTED_ADDED,NOT REPORTED,NOT REPORTED,NOT REPORTED,NOT REPORTED,,,,,,,Unstated,getfile.php-4.pdf,"Table 7 Comparison of NRS, the Incidence of Vomiting and Utilization Rate of Analgesic and Antiemetic Drugs in 24h Between the Two Groups",NOT REPORTED,Accessed source does not supply the requested numerical result.,ROB2_RESULT_SPECIFIC_PENDING,Nausea,TEAS,Usual care,within 24h after operation
Pan 2023,V34_B1_101,Group T — TEAS,Group C — control,Rescue analgesia,Participants using analgesic drugs,Within 24 h after operation,Events/total,52.0,53.0,52.0,53.0,,,,,,19.0,,,,,,23.0,participants,0.47,Yes,No,,,No,No,"HOLD — Source definition, timepoint, denominator, scale, statistic, or post-randomization subset requires adjudication; see raw source/QC.",No (preserve trial strata where specified),"The table reports use of analgesic drugs, not a drug dose or opioid amount.",p. 815; Table 7,https://drive.google.com/file/d/19IZpaoI-iTQOr_XOTw-a17WTw_haz8q6/view?usp=drivesdk,"SOURCE-AUDIT RECONCILED; supplied audit, no independent PDF reread",AUDIT-0102,102,AMBIGUOUS_HOLD,NOT REPORTED,NOT REPORTED,NOT REPORTED,NOT REPORTED,,,,,,,Unstated,getfile.php-4.pdf,Analgesic drugs (n%) 19 (37) 23 (43) 0.47,HOLD,"Source definition, timepoint, denominator, scale, statistic, or post-randomization subset requires adjudication; see raw source/QC.",ROB2_RESULT_SPECIFIC_PENDING,Rescue analgesia — drug class unresolved,TEAS,Usual care,within 24h after operation
Pan 2023,V34_B1_102,Group T — TEAS,Group C — control,Rescue antiemetic,Participants using antiemetic drugs,Within 24 h after operation,Events/total,52.0,53.0,52.0,53.0,,,,,,25.0,,,,,,34.0,participants,0.10,Yes,No,,,No,No,"INCLUDE — Numerically extractable in its native endpoint/time/statistic; pooling still requires compatible stratum, comparator and independent-arm selection.",No (preserve trial strata where specified),NOT REPORTED,p. 815; Table 7,https://drive.google.com/file/d/19IZpaoI-iTQOr_XOTw-a17WTw_haz8q6/view?usp=drivesdk,"SOURCE-AUDIT RECONCILED; supplied audit, no independent PDF reread",AUDIT-0103,103,ADDED,NOT REPORTED,NOT REPORTED,NOT REPORTED,NOT REPORTED,,,,,,,Unstated,getfile.php-4.pdf,Antiemetic drugs (n%) 25 (48) 34 (64) 0.10,INCLUDE,"Numerically extractable in its native endpoint/time/statistic; pooling still requires compatible stratum, comparator and independent-arm selection.",ROB2_RESULT_SPECIFIC_PENDING,Rescue antiemetic,TEAS,Usual care,within 24h after operation
Pan 2023,V34_B1_103,Group T — TEAS,Group C — control,Rescue medication,Utilization of remedial drugs in PACU,PACU,Events/total,52.0,53.0,52.0,53.0,,,,,,10.0,,,,,,18.0,participants,0.09,Yes,No,,,No,No,"HOLD — Source definition, timepoint, denominator, scale, statistic, or post-randomization subset requires adjudication; see raw source/QC.",No (preserve trial strata where specified),Table 6 does not specify which remedial drug(s) were used.,p. 815; Table 6,https://drive.google.com/file/d/19IZpaoI-iTQOr_XOTw-a17WTw_haz8q6/view?usp=drivesdk,"SOURCE-AUDIT RECONCILED; supplied audit, no independent PDF reread",AUDIT-0104,104,AMBIGUOUS_HOLD,NOT REPORTED,NOT REPORTED,NOT REPORTED,NOT REPORTED,,,,,,,Unstated,getfile.php-4.pdf,"The utilization rate of remedial drugs in PACU (n,%) 10 (19) 18 (34) 0.09",HOLD,"Source definition, timepoint, denominator, scale, statistic, or post-randomization subset requires adjudication; see raw source/QC.",ROB2_RESULT_SPECIFIC_PENDING,Functional recovery — PACU,TEAS,Usual care,pacu
Pan 2023,V34_B1_104,Group T — TEAS,Group C — control,Functional recovery,Time of respiratory recovery,PACU/recovery,Mean/SD,52.0,53.0,52.0,53.0,10.2,2.7,,,,,10.9,3.7,,,,,minutes,0.22,Yes,No,,,No,No,"INCLUDE — Numerically extractable in its native endpoint/time/statistic; pooling still requires compatible stratum, comparator and independent-arm selection.",No (preserve trial strata where specified),NOT REPORTED,p. 815; Table 6,https://drive.google.com/file/d/19IZpaoI-iTQOr_XOTw-a17WTw_haz8q6/view?usp=drivesdk,"SOURCE-AUDIT RECONCILED; supplied audit, no independent PDF reread",AUDIT-0105,105,ADDED,10.2,2.7,10.9,3.7,,,,,,,Unstated,getfile.php-4.pdf,Time of respiratory recovery 10.2±2.7 10.9±3.7 0.22,INCLUDE,"Numerically extractable in its native endpoint/time/statistic; pooling still requires compatible stratum, comparator and independent-arm selection.",ROB2_RESULT_SPECIFIC_PENDING,Functional recovery,TEAS,Usual care,pacu/recovery
Pan 2023,V34_B1_105,Group T — TEAS,Group C — control,Functional recovery,Time of conscious,PACU/recovery,Mean/SD,52.0,53.0,52.0,53.0,10.7,2.7,,,,,11.3,3.8,,,,,minutes,0.28,Yes,No,,,No,No,"INCLUDE — Numerically extractable in its native endpoint/time/statistic; pooling still requires compatible stratum, comparator and independent-arm selection.",No (preserve trial strata where specified),NOT REPORTED,p. 815; Table 6,https://drive.google.com/file/d/19IZpaoI-iTQOr_XOTw-a17WTw_haz8q6/view?usp=drivesdk,"SOURCE-AUDIT RECONCILED; supplied audit, no independent PDF reread",AUDIT-0106,106,ADDED,10.7,2.7,11.3,3.8,,,,,,,Unstated,getfile.php-4.pdf,Time of conscious 10.7±2.7 11.3±3.8 0.28,INCLUDE,"Numerically extractable in its native endpoint/time/statistic; pooling still requires compatible stratum, comparator and independent-arm selection.",ROB2_RESULT_SPECIFIC_PENDING,Functional recovery,TEAS,Usual care,pacu/recovery
Pan 2023,V34_B1_106,Group T — TEAS,Group C — control,Functional recovery,Time of extubation,PACU/recovery,Mean/SD,52.0,53.0,52.0,53.0,11.4,3.0,,,,,12.1,3.8,,,,,minutes,0.27,Yes,No,,,No,No,"INCLUDE — Numerically extractable in its native endpoint/time/statistic; pooling still requires compatible stratum, comparator and independent-arm selection.",No (preserve trial strata where specified),NOT REPORTED,p. 815; Table 6,https://drive.google.com/file/d/19IZpaoI-iTQOr_XOTw-a17WTw_haz8q6/view?usp=drivesdk,"SOURCE-AUDIT RECONCILED; supplied audit, no independent PDF reread",AUDIT-0107,107,ADDED,11.4,3.0,12.1,3.8,,,,,,,Unstated,getfile.php-4.pdf,Time of extubation 11.4±3.0 12.1±3.8 0.27,INCLUDE,"Numerically extractable in its native endpoint/time/statistic; pooling still requires compatible stratum, comparator and independent-arm selection.",ROB2_RESULT_SPECIFIC_PENDING,Functional recovery,TEAS,Usual care,pacu/recovery
Pan 2023,V34_B1_107,Group T — TEAS,Group C — control,Functional recovery,PACU Aldrete score,PACU,Mean/SD,52.0,53.0,52.0,53.0,8.8,0.8,,,,,8.9,0.8,,,,,Aldrete points,0.79,Yes,No,,,No,No,"INCLUDE — Numerically extractable in its native endpoint/time/statistic; pooling still requires compatible stratum, comparator and independent-arm selection.",No (preserve trial strata where specified),NOT REPORTED,p. 815; Table 6,https://drive.google.com/file/d/19IZpaoI-iTQOr_XOTw-a17WTw_haz8q6/view?usp=drivesdk,"SOURCE-AUDIT RECONCILED; supplied audit, no independent PDF reread",AUDIT-0108,108,ADDED,8.8,0.8,8.9,0.8,,,,,,,Unstated,getfile.php-4.pdf,PACU Aldrete score 8.8±0.8 8.9±0.8 0.79,INCLUDE,"Numerically extractable in its native endpoint/time/statistic; pooling still requires compatible stratum, comparator and independent-arm selection.",ROB2_RESULT_SPECIFIC_PENDING,Functional recovery — PACU,TEAS,Usual care,pacu
Pan 2023,V34_B1_108,Group T — TEAS,Group C — control,Functional recovery,PACU retention time,PACU,Mean/SD,52.0,53.0,52.0,53.0,50.9,20.9,,,,,52.7,17.6,,,,,minutes,0.62,Yes,No,,,No,No,"INCLUDE — Numerically extractable in its native endpoint/time/statistic; pooling still requires compatible stratum, comparator and independent-arm selection.",No (preserve trial strata where specified),NOT REPORTED,p. 815; Table 6,https://drive.google.com/file/d/19IZpaoI-iTQOr_XOTw-a17WTw_haz8q6/view?usp=drivesdk,"SOURCE-AUDIT RECONCILED; supplied audit, no independent PDF reread",AUDIT-0109,109,ADDED,50.9,20.9,52.7,17.6,,,,,,,Unstated,getfile.php-4.pdf,PACU retention time 50.9±20.9 52.7±17.6 0.62,INCLUDE,"Numerically extractable in its native endpoint/time/statistic; pooling still requires compatible stratum, comparator and independent-arm selection.",ROB2_RESULT_SPECIFIC_PENDING,Functional recovery — PACU,TEAS,Usual care,pacu
Pan 2023,V34_B1_109,Group T — TEAS,Group C — control,Length of stay,Postoperative hospitalization time,Postoperative hospitalization,Mean/SD,52.0,53.0,52.0,53.0,4.1,2.3,,,,,4.1,1.5,,,,,days,0.88,Yes,No,,,No,No,"INCLUDE — Numerically extractable in its native endpoint/time/statistic; pooling still requires compatible stratum, comparator and independent-arm selection.",No (preserve trial strata where specified),NOT REPORTED,p. 816; Table 9,https://drive.google.com/file/d/19IZpaoI-iTQOr_XOTw-a17WTw_haz8q6/view?usp=drivesdk,"SOURCE-AUDIT RECONCILED; supplied audit, no independent PDF reread",AUDIT-0110,110,ADDED,4.1,2.3,4.1,1.5,,,,,,,Unstated,getfile.php-4.pdf,Postoperative hospitalization time 4.1±2.3 4.1±1.5 0.88,INCLUDE,"Numerically extractable in its native endpoint/time/statistic; pooling still requires compatible stratum, comparator and independent-arm selection.",ROB2_RESULT_SPECIFIC_PENDING,LOS,TEAS,Usual care,postoperative hospitalization
Pan 2023,V34_B1_110,Group T — TEAS,Group C — control,Functional recovery,First postoperative water intake time,Postoperative,Median/IQR,52.0,53.0,52.0,53.0,,,698.0,389.8,900.5,,,,698.0,494.5,946.0,,minutes,0.33,Yes,No,,,No,No,NARRATIVE ONLY — Median and original dispersion preserved; no mean/SD conversion or MD pooling.,No (preserve trial strata where specified),NOT REPORTED,p. 816; Table 9,https://drive.google.com/file/d/19IZpaoI-iTQOr_XOTw-a17WTw_haz8q6/view?usp=drivesdk,"SOURCE-AUDIT RECONCILED; supplied audit, no independent PDF reread",AUDIT-0111,111,NOT_ANALYSIS_ELIGIBLE,698.0,"389.8,900.5",698.0,"494.5,946.0",,,,,,,Unstated,getfile.php-4.pdf,"First postoperative water intake time (min) 698.0 (389.8,900.5) 698.0 (494.5,946.0) 0.33",NARRATIVE ONLY,Median and original dispersion preserved; no mean/SD conversion or MD pooling.,ROB2_RESULT_SPECIFIC_PENDING,GI — oral intake,TEAS,Usual care,postoperative
Pan 2023,V34_B1_111,Group T — TEAS,Group C — control,Functional recovery,First solid food tolerance time,Postoperative,Median/IQR,52.0,53.0,52.0,53.0,,,1207.5,998.5,1414.5,,,,1328.0,1133.5,1521.5,,minutes,0.02*,Yes,No,,,No,No,NARRATIVE ONLY — Median and original dispersion preserved; no mean/SD conversion or MD pooling.,No (preserve trial strata where specified),NOT REPORTED,p. 816; Table 9,https://drive.google.com/file/d/19IZpaoI-iTQOr_XOTw-a17WTw_haz8q6/view?usp=drivesdk,"SOURCE-AUDIT RECONCILED; supplied audit, no independent PDF reread",AUDIT-0112,112,NOT_ANALYSIS_ELIGIBLE,1207.5,"998.5,1414.5",1328.0,"1133.5,1521.5",,,,,,,Unstated,getfile.php-4.pdf,"First solid food tolerance time (min) 1207.5 (998.5,1414.5) 1328.0 (1133.5,1521.5) 0.02*",NARRATIVE ONLY,Median and original dispersion preserved; no mean/SD conversion or MD pooling.,ROB2_RESULT_SPECIFIC_PENDING,GI — diet tolerance,TEAS,Usual care,postoperative
Pan 2023,V34_B1_112,Group T — TEAS,Group C — control,Functional recovery,Removing the catheter time,Postoperative,Median/IQR,52.0,53.0,52.0,53.0,,,1389.0,1015.0,2505.3,,,,1375.0,1148.5,2400.0,,minutes,0.76,Yes,No,,,No,No,NARRATIVE ONLY — Median and original dispersion preserved; no mean/SD conversion or MD pooling.,No (preserve trial strata where specified),NOT REPORTED,p. 816; Table 9,https://drive.google.com/file/d/19IZpaoI-iTQOr_XOTw-a17WTw_haz8q6/view?usp=drivesdk,"SOURCE-AUDIT RECONCILED; supplied audit, no independent PDF reread",AUDIT-0113,113,NOT_ANALYSIS_ELIGIBLE,1389.0,"1015.0,2505.3",1375.0,"1148.5,2400.0",,,,,,,Unstated,getfile.php-4.pdf,"Removing the catheter time (min) 1389.0 (1015.0,2505.3) 1375.0 (1148.5,2400.0) 0.76",NARRATIVE ONLY,Median and original dispersion preserved; no mean/SD conversion or MD pooling.,ROB2_RESULT_SPECIFIC_PENDING,Functional recovery,TEAS,Usual care,postoperative
Pan 2023,V34_B1_113,Group T — TEAS,Group C — control,Functional recovery,First postoperative implantation activity time,Postoperative,Median/IQR,52.0,53.0,52.0,53.0,,,1253.0,992.8,1496.3,,,,1360.0,1019.0,1526.0,,minutes,0.40,Yes,No,,,No,No,"HOLD — Source definition, timepoint, denominator, scale, statistic, or post-randomization subset requires adjudication; see raw source/QC.",No (preserve trial strata where specified),"The source literally prints 'implantation activity'; this appears likely to be a wording error, but it is preserved verbatim and not silently corrected.",p. 816; Table 9,https://drive.google.com/file/d/19IZpaoI-iTQOr_XOTw-a17WTw_haz8q6/view?usp=drivesdk,"SOURCE-AUDIT RECONCILED; supplied audit, no independent PDF reread",AUDIT-0114,114,AMBIGUOUS_HOLD,1253.0,"992.8,1496.3",1360.0,"1019.0,1526.0",,,,,,,Unstated,getfile.php-4.pdf,"First postoperative implantation activity time (min) 1253.0 (992.8,1496.3) 1360.0 (1019.0,1526.0) 0.40",HOLD,"Source definition, timepoint, denominator, scale, statistic, or post-randomization subset requires adjudication; see raw source/QC.",ROB2_RESULT_SPECIFIC_PENDING,Functional recovery,TEAS,Usual care,postoperative
Pan 2023,V34_B1_114,Group T — TEAS,Group C — control,Quality of recovery,Physical comfort,24 h after operation,Mean/SD,52.0,53.0,52.0,53.0,54.6,2.8,,,,,52.3,3.6,,,,,QoR-40 points,0.00*,Yes,No,,,No,No,"INCLUDE — Numerically extractable in its native endpoint/time/statistic; pooling still requires compatible stratum, comparator and independent-arm selection.",No (preserve trial strata where specified),NOT REPORTED,p. 816; Table 10,https://drive.google.com/file/d/19IZpaoI-iTQOr_XOTw-a17WTw_haz8q6/view?usp=drivesdk,"SOURCE-AUDIT RECONCILED; supplied audit, no independent PDF reread",AUDIT-0115,115,ADDED,54.6,2.8,52.3,3.6,,,,,,,Unstated,getfile.php-4.pdf,Physical comfort 54.6±2.8 52.3±3.6 0.00*,INCLUDE,"Numerically extractable in its native endpoint/time/statistic; pooling still requires compatible stratum, comparator and independent-arm selection.",ROB2_RESULT_SPECIFIC_PENDING,QoR-40 subscale,TEAS,Usual care,24 h point
Pan 2023,V34_B1_115,Group T — TEAS,Group C — control,Quality of recovery,Emotional state,24 h after operation,Mean/SD,52.0,53.0,52.0,53.0,41.7,2.3,,,,,39.7,2.9,,,,,QoR-40 points,0.00*,Yes,No,,,No,No,"INCLUDE — Numerically extractable in its native endpoint/time/statistic; pooling still requires compatible stratum, comparator and independent-arm selection.",No (preserve trial strata where specified),NOT REPORTED,p. 816; Table 10,https://drive.google.com/file/d/19IZpaoI-iTQOr_XOTw-a17WTw_haz8q6/view?usp=drivesdk,"SOURCE-AUDIT RECONCILED; supplied audit, no independent PDF reread",AUDIT-0116,116,ADDED,41.7,2.3,39.7,2.9,,,,,,,Unstated,getfile.php-4.pdf,Emotional state 41.7±2.3 39.7±2.9 0.00*,INCLUDE,"Numerically extractable in its native endpoint/time/statistic; pooling still requires compatible stratum, comparator and independent-arm selection.",ROB2_RESULT_SPECIFIC_PENDING,QoR-40 subscale,TEAS,Usual care,24 h point
Pan 2023,V34_B1_116,Group T — TEAS,Group C — control,Quality of recovery,Physical independence,24 h after operation,Mean/SD,52.0,53.0,52.0,53.0,20.9,3.3,,,,,20.4,3.1,,,,,QoR-40 points,0.37,Yes,No,,,No,No,"INCLUDE — Numerically extractable in its native endpoint/time/statistic; pooling still requires compatible stratum, comparator and independent-arm selection.",No (preserve trial strata where specified),NOT REPORTED,p. 816; Table 10,https://drive.google.com/file/d/19IZpaoI-iTQOr_XOTw-a17WTw_haz8q6/view?usp=drivesdk,"SOURCE-AUDIT RECONCILED; supplied audit, no independent PDF reread",AUDIT-0117,117,ADDED,20.9,3.3,20.4,3.1,,,,,,,Unstated,getfile.php-4.pdf,Physical independence 20.9±3.3 20.4±3.1 0.37,INCLUDE,"Numerically extractable in its native endpoint/time/statistic; pooling still requires compatible stratum, comparator and independent-arm selection.",ROB2_RESULT_SPECIFIC_PENDING,QoR-40 subscale,TEAS,Usual care,24 h point
Pan 2023,V34_B1_117,Group T — TEAS,Group C — control,Quality of recovery,Psychological support,24 h after operation,Mean/SD,52.0,53.0,52.0,53.0,32.5,2.3,,,,,32.0,1.9,,,,,QoR-40 points,0.19,Yes,No,,,No,No,"INCLUDE — Numerically extractable in its native endpoint/time/statistic; pooling still requires compatible stratum, comparator and independent-arm selection.",No (preserve trial strata where specified),NOT REPORTED,p. 816; Table 10,https://drive.google.com/file/d/19IZpaoI-iTQOr_XOTw-a17WTw_haz8q6/view?usp=drivesdk,"SOURCE-AUDIT RECONCILED; supplied audit, no independent PDF reread",AUDIT-0118,118,ADDED,32.5,2.3,32.0,1.9,,,,,,,Unstated,getfile.php-4.pdf,Psychological support 32.5±2.3 32.0±1.9 0.19,INCLUDE,"Numerically extractable in its native endpoint/time/statistic; pooling still requires compatible stratum, comparator and independent-arm selection.",ROB2_RESULT_SPECIFIC_PENDING,QoR-40 subscale,TEAS,Usual care,24 h point
Pan 2023,V34_B1_118,Group T — TEAS,Group C — control,Quality of recovery,Pain subscale,24 h after operation,Mean/SD,52.0,53.0,52.0,53.0,32.9,1.3,,,,,32.0,1.5,,,,,QoR-40 points,0.00*,Yes,No,,,No,No,"INCLUDE — Numerically extractable in its native endpoint/time/statistic; pooling still requires compatible stratum, comparator and independent-arm selection.",No (preserve trial strata where specified),NOT REPORTED,p. 816; Table 10,https://drive.google.com/file/d/19IZpaoI-iTQOr_XOTw-a17WTw_haz8q6/view?usp=drivesdk,"SOURCE-AUDIT RECONCILED; supplied audit, no independent PDF reread",AUDIT-0119,119,ADDED,32.9,1.3,32.0,1.5,,,,,,,Unstated,getfile.php-4.pdf,Pain 32.9±1.3 32.0±1.5 0.00*,INCLUDE,"Numerically extractable in its native endpoint/time/statistic; pooling still requires compatible stratum, comparator and independent-arm selection.",ROB2_RESULT_SPECIFIC_PENDING,QoR-40 subscale,TEAS,Usual care,24 h point
Pan 2023,V34_B1_119,Group T — TEAS,Group C — control,Quality of recovery,Total QoR-40 score,24 h after operation,Mean/SD,52.0,53.0,52.0,53.0,182.7,6.9,,,,,176.4,7.1,,,,,QoR-40 points,0.00*,Yes,No,,,No,No,"INCLUDE — Numerically extractable in its native endpoint/time/statistic; pooling still requires compatible stratum, comparator and independent-arm selection.",No (preserve trial strata where specified),NOT REPORTED,p. 816; Table 10,https://drive.google.com/file/d/19IZpaoI-iTQOr_XOTw-a17WTw_haz8q6/view?usp=drivesdk,"SOURCE-AUDIT RECONCILED; supplied audit, no independent PDF reread",AUDIT-0120,120,ADDED,182.7,6.9,176.4,7.1,,,,,,,Unstated,getfile.php-4.pdf,Total score 182.7±6.9 176.4±7.1 0.00*,INCLUDE,"Numerically extractable in its native endpoint/time/statistic; pooling still requires compatible stratum, comparator and independent-arm selection.",ROB2_RESULT_SPECIFIC_PENDING,QoR-40,TEAS,Usual care,24 h point
Lu 2022,V34_B1_120,TEAS,Control,Pain,VAS at rest,24 h after surgery,Median/range,50.0,50.0,47.0,47.0,,,2.2,,,,,,1.2,,,,VAS 0-10,0.41,Yes,No,,,No,No,NARRATIVE ONLY — Median and original dispersion preserved; no mean/SD conversion or MD pooling.,No (preserve trial strata where specified),"Table header states median (min, max).",p. 2874; Table 3,https://drive.google.com/file/d/12Y86huNMuLC8cPH-L2vwlEd7r1X1Qela/view?usp=drivesdk,"SOURCE-AUDIT RECONCILED; supplied audit, no independent PDF reread",AUDIT-0121,121,NOT_ANALYSIS_ELIGIBLE,2.2,"0.0, 10.0",1.2,0.0–8.1,0.0,10.0,0.0,8.1,,,Available-case,getfile.php-3.pdf,"24 h after surgery: VAS at rest ... 2.2(0.0, 10.0) ... 1.2(0.0–8.1) 0.41",NARRATIVE ONLY,Median and original dispersion preserved; no mean/SD conversion or MD pooling.,ROB2_RESULT_SPECIFIC_PENDING,Pain — rest,TEAS,Sham,24 h point
Lu 2022,V34_B1_121,TEAS,Control,Pain,VAS at cough,24 h after surgery,Median/range,50.0,50.0,47.0,47.0,,,5.8,,,,,,5.5,,,,VAS 0-10,0.94,Yes,No,,,No,No,NARRATIVE ONLY — Median and original dispersion preserved; no mean/SD conversion or MD pooling.,No (preserve trial strata where specified),"Table header states median (min, max).",p. 2874; Table 3,https://drive.google.com/file/d/12Y86huNMuLC8cPH-L2vwlEd7r1X1Qela/view?usp=drivesdk,"SOURCE-AUDIT RECONCILED; supplied audit, no independent PDF reread",AUDIT-0122,122,NOT_ANALYSIS_ELIGIBLE,5.8,"0.4, 10.0",5.5,1.4–10.0,0.4,10.0,1.4,10.0,,,Available-case,getfile.php-3.pdf,"24 h after surgery: VAS at cough ... 5.8(0.4, 10.0) ... 5.5(1.4–10.0) 0.94",NARRATIVE ONLY,Median and original dispersion preserved; no mean/SD conversion or MD pooling.,ROB2_RESULT_SPECIFIC_PENDING,Pain — cough,TEAS,Sham,24 h point
Lu 2022,V34_B1_122,TEAS,Control,Pain,VAS at rest,48 h after surgery,Median/range,50.0,50.0,47.0,47.0,,,1.2,,,,,,1.6,,,,VAS 0-10,0.80,Yes,No,,,No,No,NARRATIVE ONLY — Median and original dispersion preserved; no mean/SD conversion or MD pooling.,No (preserve trial strata where specified),"Table header states median (min, max).",p. 2874; Table 3,https://drive.google.com/file/d/12Y86huNMuLC8cPH-L2vwlEd7r1X1Qela/view?usp=drivesdk,"SOURCE-AUDIT RECONCILED; supplied audit, no independent PDF reread",AUDIT-0123,123,NOT_ANALYSIS_ELIGIBLE,1.2,"0.0, 6.7",1.6,0.0–6.0,0.0,6.7,0.0,6.0,,,Available-case,getfile.php-3.pdf,"48 h after surgery: VAS at rest ... 1.2(0.0, 6.7) ... 1.6(0.0–6.0) 0.80",NARRATIVE ONLY,Median and original dispersion preserved; no mean/SD conversion or MD pooling.,ROB2_RESULT_SPECIFIC_PENDING,Pain — rest,TEAS,Sham,48h after surgery
Lu 2022,V34_B1_123,TEAS,Control,Pain,VAS at cough,48 h after surgery,Median/range,50.0,50.0,47.0,47.0,,,5.0,,,,,,5.0,,,,VAS 0-10,0.98,Yes,No,,,No,No,NARRATIVE ONLY — Median and original dispersion preserved; no mean/SD conversion or MD pooling.,No (preserve trial strata where specified),"Table header states median (min, max).",p. 2874; Table 3,https://drive.google.com/file/d/12Y86huNMuLC8cPH-L2vwlEd7r1X1Qela/view?usp=drivesdk,"SOURCE-AUDIT RECONCILED; supplied audit, no independent PDF reread",AUDIT-0124,124,NOT_ANALYSIS_ELIGIBLE,5.0,"0.3, 10.0",5.0,"0.7, 10.0",0.3,10.0,0.7,10.0,,,Available-case,getfile.php-3.pdf,"48 h after surgery: VAS at cough ... 5.0(0.3, 10.0) ... 5.0(0.7, 10.0) 0.98",NARRATIVE ONLY,Median and original dispersion preserved; no mean/SD conversion or MD pooling.,ROB2_RESULT_SPECIFIC_PENDING,Pain — cough,TEAS,Sham,48h after surgery
Lu 2022,V34_B1_124,TEAS,Control,Pain,VAS at rest,72 h after surgery,Median/range,50.0,50.0,47.0,47.0,,,0.6,,,,,,1.0,,,,VAS 0-10,0.05,Yes,No,,,No,No,NARRATIVE ONLY — Median and original dispersion preserved; no mean/SD conversion or MD pooling.,No (preserve trial strata where specified),"Table header states median (min, max).",p. 2874; Table 3,https://drive.google.com/file/d/12Y86huNMuLC8cPH-L2vwlEd7r1X1Qela/view?usp=drivesdk,"SOURCE-AUDIT RECONCILED; supplied audit, no independent PDF reread",AUDIT-0125,125,NOT_ANALYSIS_ELIGIBLE,0.6,"0.0, 5.0",1.0,"0.0, 6.2",0.0,5.0,0.0,6.2,,,Available-case,getfile.php-3.pdf,"72 h after surgery: VAS at rest ... 0.6(0.0, 5.0) ... 1.0(0.0, 6.2) 0.05",NARRATIVE ONLY,Median and original dispersion preserved; no mean/SD conversion or MD pooling.,ROB2_RESULT_SPECIFIC_PENDING,Pain — rest,TEAS,Sham,72h after surgery
Lu 2022,V34_B1_125,TEAS,Control,Pain,VAS at cough,72 h after surgery,Median/range,50.0,50.0,47.0,47.0,,,3.5,,,,,,4.0,,,,VAS 0-10,0.33,Yes,No,,,No,No,NARRATIVE ONLY — Median and original dispersion preserved; no mean/SD conversion or MD pooling.,No (preserve trial strata where specified),"Table header states median (min, max).",p. 2874; Table 3,https://drive.google.com/file/d/12Y86huNMuLC8cPH-L2vwlEd7r1X1Qela/view?usp=drivesdk,"SOURCE-AUDIT RECONCILED; supplied audit, no independent PDF reread",AUDIT-0126,126,NOT_ANALYSIS_ELIGIBLE,3.5,"0.1, 10.0",4.0,"0.3, 10.0",0.1,10.0,0.3,10.0,,,Available-case,getfile.php-3.pdf,"72 h after surgery: VAS at cough ... 3.5(0.1, 10.0) ... 4.0(0.3, 10.0) 0.33",NARRATIVE ONLY,Median and original dispersion preserved; no mean/SD conversion or MD pooling.,ROB2_RESULT_SPECIFIC_PENDING,Pain — cough,TEAS,Sham,72h after surgery
Lu 2022,V34_B1_126,TEAS,Control,PONV,PONV incidence,24 h after surgery,Events/total,50.0,50.0,47.0,47.0,,,,,,30.0,,,,,,22.0,participants,0.17,Yes,No,,,No,No,"INCLUDE — Numerically extractable in its native endpoint/time/statistic; pooling still requires compatible stratum, comparator and independent-arm selection.",No (preserve trial strata where specified),The paper reports these as PONV at each assessment time; it does not state that these are cumulative non-overlapping intervals.,p. 2874; Table 3,https://drive.google.com/file/d/12Y86huNMuLC8cPH-L2vwlEd7r1X1Qela/view?usp=drivesdk,"SOURCE-AUDIT RECONCILED; supplied audit, no independent PDF reread",AUDIT-0127,127,ADDED,NOT REPORTED,NOT REPORTED,NOT REPORTED,NOT REPORTED,,,,,,,Available-case,getfile.php-3.pdf,"24 h after surgery: PONV, n (%) 30 ... 22 ... 0.17",INCLUDE,"Numerically extractable in its native endpoint/time/statistic; pooling still requires compatible stratum, comparator and independent-arm selection.",ROB2_RESULT_SPECIFIC_PENDING,PONV composite,TEAS,Sham,24 h point
Lu 2022,V34_B1_127,TEAS,Control,PONV,PONV incidence,48 h after surgery,Events/total,50.0,50.0,47.0,47.0,,,,,,10.0,,,,,,9.0,participants,0.76,Yes,No,,,No,No,"INCLUDE — Numerically extractable in its native endpoint/time/statistic; pooling still requires compatible stratum, comparator and independent-arm selection.",No (preserve trial strata where specified),The paper reports these as PONV at each assessment time; it does not state that these are cumulative non-overlapping intervals.,p. 2874; Table 3,https://drive.google.com/file/d/12Y86huNMuLC8cPH-L2vwlEd7r1X1Qela/view?usp=drivesdk,"SOURCE-AUDIT RECONCILED; supplied audit, no independent PDF reread",AUDIT-0128,128,ADDED,NOT REPORTED,NOT REPORTED,NOT REPORTED,NOT REPORTED,,,,,,,Available-case,getfile.php-3.pdf,"48 h after surgery: PONV, n (%) 10 ... 9 ... 0.76",INCLUDE,"Numerically extractable in its native endpoint/time/statistic; pooling still requires compatible stratum, comparator and independent-arm selection.",ROB2_RESULT_SPECIFIC_PENDING,PONV composite,TEAS,Sham,48h after surgery
Lu 2022,V34_B1_128,TEAS,Control,PONV,PONV incidence,72 h after surgery,Events/total,50.0,50.0,47.0,47.0,,,,,,8.0,,,,,,4.0,participants,0.23,Yes,No,,,No,No,"INCLUDE — Numerically extractable in its native endpoint/time/statistic; pooling still requires compatible stratum, comparator and independent-arm selection.",No (preserve trial strata where specified),The paper reports these as PONV at each assessment time; it does not state that these are cumulative non-overlapping intervals.,p. 2874; Table 3,https://drive.google.com/file/d/12Y86huNMuLC8cPH-L2vwlEd7r1X1Qela/view?usp=drivesdk,"SOURCE-AUDIT RECONCILED; supplied audit, no independent PDF reread",AUDIT-0129,129,ADDED,NOT REPORTED,NOT REPORTED,NOT REPORTED,NOT REPORTED,,,,,,,Available-case,getfile.php-3.pdf,"72 h after surgery: PONV, n (%) 8 ... 4 ... 0.23",INCLUDE,"Numerically extractable in its native endpoint/time/statistic; pooling still requires compatible stratum, comparator and independent-arm selection.",ROB2_RESULT_SPECIFIC_PENDING,PONV composite,TEAS,Sham,72h after surgery
Lu 2022,V34_B1_129,TEAS,Control,Quality of recovery,QoR-15 score,24 h after surgery,Median/range,50.0,50.0,47.0,47.0,,,54.5,,,,,,59.0,,,,QoR-15 points,0.01,Yes,No,,,No,No,"HOLD — Source definition, timepoint, denominator, scale, statistic, or post-randomization subset requires adjudication; see raw source/QC.",No (preserve trial strata where specified),"Major internal conflict: Results prose reports 24-h QoR-15 as 50.5 (IQR 42.3–61.8) vs 44.5 (IQR 35.0–57.0), P=0.04, whereas Table 3 reports the values in this row and labels them median (min,max). Both locations should be preserved; this extraction uses the table per protocol.",p. 2875; Table 3 (continued),https://drive.google.com/file/d/12Y86huNMuLC8cPH-L2vwlEd7r1X1Qela/view?usp=drivesdk,"SOURCE-AUDIT RECONCILED; supplied audit, no independent PDF reread",AUDIT-0130,130,AMBIGUOUS_HOLD,54.5,"15.0, 92.0",59.0,"27.0, 136.0",15.0,92.0,27.0,136.0,,,Available-case,getfile.php-3.pdf,"24 h after surgery 54.5(15.0, 92.0) 59.0(27.0, 136.0) 0.01 /",HOLD,"Source definition, timepoint, denominator, scale, statistic, or post-randomization subset requires adjudication; see raw source/QC.",ROB2_RESULT_SPECIFIC_PENDING,QoR-15,TEAS,Sham,24 h point
Lu 2022,V34_B1_130,TEAS,Control,Quality of recovery,QoR-15 score,48 h after surgery,Median/range,50.0,50.0,47.0,47.0,,,59.0,,,,,,62.0,,,,QoR-15 points,0.35,Yes,No,,,No,No,NARRATIVE ONLY — Median and original dispersion preserved; no mean/SD conversion or MD pooling.,No (preserve trial strata where specified),"Table header states median (min, max).",p. 2875; Table 3 (continued),https://drive.google.com/file/d/12Y86huNMuLC8cPH-L2vwlEd7r1X1Qela/view?usp=drivesdk,"SOURCE-AUDIT RECONCILED; supplied audit, no independent PDF reread",AUDIT-0131,131,NOT_ANALYSIS_ELIGIBLE,59.0,"35.0, 104.0",62.0,"0.0, 130.0",35.0,104.0,0.0,130.0,,,Available-case,getfile.php-3.pdf,"48 h after surgery 59.0(35.0, 104.0) 62.0(0.0, 130.0) 0.35 /",NARRATIVE ONLY,Median and original dispersion preserved; no mean/SD conversion or MD pooling.,ROB2_RESULT_SPECIFIC_PENDING,QoR-15,TEAS,Sham,48h after surgery
Lu 2022,V34_B1_131,TEAS,Control,Quality of recovery,QoR-15 score,72 h after surgery,Median/range,50.0,50.0,47.0,47.0,,,67.0,,,,,,67.0,,,,QoR-15 points,0.75,Yes,No,,,No,No,NARRATIVE ONLY — Median and original dispersion preserved; no mean/SD conversion or MD pooling.,No (preserve trial strata where specified),"Table header states median (min, max).",p. 2875; Table 3 (continued),https://drive.google.com/file/d/12Y86huNMuLC8cPH-L2vwlEd7r1X1Qela/view?usp=drivesdk,"SOURCE-AUDIT RECONCILED; supplied audit, no independent PDF reread",AUDIT-0132,132,NOT_ANALYSIS_ELIGIBLE,67.0,"31.0, 113.0",67.0,"11.0, 136.0",31.0,113.0,11.0,136.0,,,Available-case,getfile.php-3.pdf,"72 h after surgery 67.0(31.0, 113.0) 67.0(11.0, 136.0) 0.75 /",NARRATIVE ONLY,Median and original dispersion preserved; no mean/SD conversion or MD pooling.,ROB2_RESULT_SPECIFIC_PENDING,QoR-15,TEAS,Sham,72h after surgery
Lu 2022,V34_B1_132,TEAS,Control,Opioid demand,PCA attempts,48 h after surgery,Median/range,50.0,50.0,47.0,47.0,,,13.0,,,,,,26.0,,,,PCA attempts,0.002,Yes,No,,,No,No,NARRATIVE ONLY — Median and original dispersion preserved; no mean/SD conversion or MD pooling.,No (preserve trial strata where specified),Counts of button attempts; not opioid dose.,p. 2874; Table 3,https://drive.google.com/file/d/12Y86huNMuLC8cPH-L2vwlEd7r1X1Qela/view?usp=drivesdk,"SOURCE-AUDIT RECONCILED; supplied audit, no independent PDF reread",AUDIT-0133,133,NOT_ANALYSIS_ELIGIBLE,13.0,"5.0, 22.0",26.0,"11.5, 45.5",5.0,22.0,11.5,45.5,,,Available-case,getfile.php-3.pdf,"48 h after surgery: PCA attempts 13.0(5.0, 22.0) 26.0(11.5, 45.5) 0.002",NARRATIVE ONLY,Median and original dispersion preserved; no mean/SD conversion or MD pooling.,ROB2_RESULT_SPECIFIC_PENDING,PCA/PCIA button presses,TEAS,Sham,48h after surgery
Lu 2022,V34_B1_133,TEAS,Control,Opioid demand,Successful PCA deliveries,48 h after surgery,Median/range,50.0,50.0,47.0,47.0,,,7.0,,,,,,16.5,,,,PCA deliveries,0.001,Yes,No,,,No,No,NARRATIVE ONLY — Median and original dispersion preserved; no mean/SD conversion or MD pooling.,No (preserve trial strata where specified),Number of PCA deliveries; not opioid dose.,p. 2874; Table 3,https://drive.google.com/file/d/12Y86huNMuLC8cPH-L2vwlEd7r1X1Qela/view?usp=drivesdk,"SOURCE-AUDIT RECONCILED; supplied audit, no independent PDF reread",AUDIT-0134,134,NOT_ANALYSIS_ELIGIBLE,7.0,"3.0, 14.0",16.5,"8.0, 35.0",3.0,14.0,8.0,35.0,,,Available-case,getfile.php-3.pdf,"48 h after surgery: PCA deliveries 7.0(3.0, 14.0) 16.5(8.0, 35.0) 0.001",NARRATIVE ONLY,Median and original dispersion preserved; no mean/SD conversion or MD pooling.,ROB2_RESULT_SPECIFIC_PENDING,PCA deliveries / bolus count,TEAS,Sham,48h after surgery
Lu 2022,V34_B1_134,TEAS,Control,Opioid demand,PCA attempts,72 h after surgery,Median/range,50.0,50.0,47.0,47.0,,,13.0,,,,,,24.5,,,,PCA attempts,0.002,Yes,No,,,No,No,NARRATIVE ONLY — Median and original dispersion preserved; no mean/SD conversion or MD pooling.,No (preserve trial strata where specified),Counts of button attempts; not opioid dose.,p. 2874; Table 3,https://drive.google.com/file/d/12Y86huNMuLC8cPH-L2vwlEd7r1X1Qela/view?usp=drivesdk,"SOURCE-AUDIT RECONCILED; supplied audit, no independent PDF reread",AUDIT-0135,135,NOT_ANALYSIS_ELIGIBLE,13.0,"5.0, 24.0",24.5,"13.0, 46.0",5.0,24.0,13.0,46.0,,,Available-case,getfile.php-3.pdf,"72 h after surgery: PCA attempts 13.0(5.0, 24.0) 24.5(13.0, 46.0) 0.002",NARRATIVE ONLY,Median and original dispersion preserved; no mean/SD conversion or MD pooling.,ROB2_RESULT_SPECIFIC_PENDING,PCA/PCIA button presses,TEAS,Sham,72h after surgery
Lu 2022,V34_B1_135,TEAS,Control,Opioid demand,Successful PCA deliveries,72 h after surgery,Median/range,50.0,50.0,47.0,47.0,,,7.0,,,,,,16.5,,,,PCA deliveries,0.003,Yes,No,,,No,No,NARRATIVE ONLY — Median and original dispersion preserved; no mean/SD conversion or MD pooling.,No (preserve trial strata where specified),Number of PCA deliveries; not opioid dose.,p. 2874; Table 3,https://drive.google.com/file/d/12Y86huNMuLC8cPH-L2vwlEd7r1X1Qela/view?usp=drivesdk,"SOURCE-AUDIT RECONCILED; supplied audit, no independent PDF reread",AUDIT-0136,136,NOT_ANALYSIS_ELIGIBLE,7.0,"3.0, 20.0",16.5,"10.0, 36.0",3.0,20.0,10.0,36.0,,,Available-case,getfile.php-3.pdf,"72 h after surgery: PCA deliveries 7.0(3.0, 20.0) 16.5(10.0, 36.0) 0.003",NARRATIVE ONLY,Median and original dispersion preserved; no mean/SD conversion or MD pooling.,ROB2_RESULT_SPECIFIC_PENDING,PCA deliveries / bolus count,TEAS,Sham,72h after surgery
Lu 2022,V34_B1_136,TEAS,Control,Functional recovery,Time to first oral intake of water,Postoperative,Mean/SD,50.0,50.0,47.0,47.0,33.5,22.3,,,,,28.9,17.5,,,,,hours,0.28,Yes,No,,,No,No,"INCLUDE — Numerically extractable in its native endpoint/time/statistic; pooling still requires compatible stratum, comparator and independent-arm selection.",No (preserve trial strata where specified),NOT REPORTED,p. 2874; Table 3,https://drive.google.com/file/d/12Y86huNMuLC8cPH-L2vwlEd7r1X1Qela/view?usp=drivesdk,"SOURCE-AUDIT RECONCILED; supplied audit, no independent PDF reread",AUDIT-0137,137,ADDED,33.5,22.3,28.9,17.5,,,,,,,Available-case,getfile.php-3.pdf,"Time to first oral intake of water, h 33.5±22.3 28.9±17.5 0.28 /",INCLUDE,"Numerically extractable in its native endpoint/time/statistic; pooling still requires compatible stratum, comparator and independent-arm selection.",ROB2_RESULT_SPECIFIC_PENDING,GI — oral intake,TEAS,Sham,postoperative
Li 2021,V34_B1_138,Group T — TEAS,Group S — sham,PONV,PONV occurrence,6 h post-OP,Events/total,140.0,140.0,140.0,140.0,,,,,,51.0,,,,,,100.0,participants,0.000**,Yes,No,,,No,No,"INCLUDE — Numerically extractable in its native endpoint/time/statistic; pooling still requires compatible stratum, comparator and independent-arm selection.",No (preserve trial strata where specified),These are assessment-time PONV occurrence counts as printed; the article does not relabel them as cumulative 0–x-hour windows.,p. 215; Table 5,https://drive.google.com/file/d/1NvcLlsb17N6EMhtHs_L_WBnf40wsrtRz/view?usp=drivesdk,"SOURCE-AUDIT RECONCILED; supplied audit, no independent PDF reread",AUDIT-0139,139,ADDED,NOT REPORTED,NOT REPORTED,NOT REPORTED,NOT REPORTED,,,,,,,Unstated,covidence_437_full_article.pdf,6 h post-OP ... PONV occurred: 51 ... 100 ... 0.000**,INCLUDE,"Numerically extractable in its native endpoint/time/statistic; pooling still requires compatible stratum, comparator and independent-arm selection.",ROB2_RESULT_SPECIFIC_PENDING,PONV composite,TEAS,Sham,6h post-op
Li 2021,V34_B1_139,Group T — TEAS,Group S — sham,Pain,Participants with postoperative VAS score ≥4,12 h post-OP,Events/total,140.0,140.0,140.0,140.0,,,,,,45.0,,,,,,54.0,participants,0.261,Yes,No,,,No,No,"INCLUDE — Numerically extractable in its native endpoint/time/statistic; pooling still requires compatible stratum, comparator and independent-arm selection.",No (preserve trial strata where specified),"This is a dichotomized VAS threshold, not a continuous VAS score.",p. 215; Table 5,https://drive.google.com/file/d/1NvcLlsb17N6EMhtHs_L_WBnf40wsrtRz/view?usp=drivesdk,"SOURCE-AUDIT RECONCILED; supplied audit, no independent PDF reread",AUDIT-0140,140,ADDED,NOT REPORTED,NOT REPORTED,NOT REPORTED,NOT REPORTED,,,,,,,Unstated,covidence_437_full_article.pdf,12 h post-OP ... Postoperative VAS score ≥4: 45 ... 54 ... 0.261,INCLUDE,"Numerically extractable in its native endpoint/time/statistic; pooling still requires compatible stratum, comparator and independent-arm selection.",ROB2_RESULT_SPECIFIC_PENDING,Pain — unspecified context,TEAS,Sham,12h post-op
Li 2021,V34_B1_140,Group T — TEAS,Group S — sham,PONV,PONV occurrence,12 h post-OP,Events/total,140.0,140.0,140.0,140.0,,,,,,54.0,,,,,,81.0,participants,0.001**,Yes,No,,,No,No,"INCLUDE — Numerically extractable in its native endpoint/time/statistic; pooling still requires compatible stratum, comparator and independent-arm selection.",No (preserve trial strata where specified),These are assessment-time PONV occurrence counts as printed; the article does not relabel them as cumulative 0–x-hour windows.,p. 215; Table 5,https://drive.google.com/file/d/1NvcLlsb17N6EMhtHs_L_WBnf40wsrtRz/view?usp=drivesdk,"SOURCE-AUDIT RECONCILED; supplied audit, no independent PDF reread",AUDIT-0141,141,ADDED,NOT REPORTED,NOT REPORTED,NOT REPORTED,NOT REPORTED,,,,,,,Unstated,covidence_437_full_article.pdf,12 h post-OP ... PONV occurred: 54 ... 81 ... 0.001**,INCLUDE,"Numerically extractable in its native endpoint/time/statistic; pooling still requires compatible stratum, comparator and independent-arm selection.",ROB2_RESULT_SPECIFIC_PENDING,PONV composite,TEAS,Sham,12h post-op
Li 2021,V34_B1_141,Group T — TEAS,Group S — sham,Pain,Participants with postoperative VAS score ≥4,9 am on day 1,Events/total,140.0,140.0,140.0,140.0,,,,,,14.0,,,,,,6.0,participants,0.063,Yes,No,,,No,No,"INCLUDE — Numerically extractable in its native endpoint/time/statistic; pooling still requires compatible stratum, comparator and independent-arm selection.",No (preserve trial strata where specified),"This is a dichotomized VAS threshold, not a continuous VAS score.",p. 215; Table 5,https://drive.google.com/file/d/1NvcLlsb17N6EMhtHs_L_WBnf40wsrtRz/view?usp=drivesdk,"SOURCE-AUDIT RECONCILED; supplied audit, no independent PDF reread",AUDIT-0142,142,ADDED,NOT REPORTED,NOT REPORTED,NOT REPORTED,NOT REPORTED,,,,,,,Unstated,covidence_437_full_article.pdf,9 am on day 1 ... Postoperative VAS score ≥4: 14 ... 6 ... 0.063,INCLUDE,"Numerically extractable in its native endpoint/time/statistic; pooling still requires compatible stratum, comparator and independent-arm selection.",ROB2_RESULT_SPECIFIC_PENDING,Pain — unspecified context,TEAS,Sham,9 am on day 1
Li 2021,V34_B1_142,Group T — TEAS,Group S — sham,PONV,PONV occurrence,9 am on day 1,Events/total,140.0,140.0,140.0,140.0,,,,,,81.0,,,,,,66.0,participants,0.073,Yes,No,,,No,No,"INCLUDE — Numerically extractable in its native endpoint/time/statistic; pooling still requires compatible stratum, comparator and independent-arm selection.",No (preserve trial strata where specified),These are assessment-time PONV occurrence counts as printed; the article does not relabel them as cumulative 0–x-hour windows.,p. 215; Table 5,https://drive.google.com/file/d/1NvcLlsb17N6EMhtHs_L_WBnf40wsrtRz/view?usp=drivesdk,"SOURCE-AUDIT RECONCILED; supplied audit, no independent PDF reread",AUDIT-0143,143,ADDED,NOT REPORTED,NOT REPORTED,NOT REPORTED,NOT REPORTED,,,,,,,Unstated,covidence_437_full_article.pdf,9 am on day 1 ... PONV occurred: 81 ... 66 ... 0.073,INCLUDE,"Numerically extractable in its native endpoint/time/statistic; pooling still requires compatible stratum, comparator and independent-arm selection.",ROB2_RESULT_SPECIFIC_PENDING,PONV composite,TEAS,Sham,9 am on day 1
Li 2021,V34_B1_143,Group T — TEAS,Group S — sham,Pain,Participants with postoperative VAS score ≥4,3 pm on day 1,Events/total,140.0,140.0,140.0,140.0,,,,,,26.0,,,,,,25.0,participants,0.877,Yes,No,,,No,No,"INCLUDE — Numerically extractable in its native endpoint/time/statistic; pooling still requires compatible stratum, comparator and independent-arm selection.",No (preserve trial strata where specified),"This is a dichotomized VAS threshold, not a continuous VAS score.",p. 215; Table 5,https://drive.google.com/file/d/1NvcLlsb17N6EMhtHs_L_WBnf40wsrtRz/view?usp=drivesdk,"SOURCE-AUDIT RECONCILED; supplied audit, no independent PDF reread",AUDIT-0144,144,ADDED,NOT REPORTED,NOT REPORTED,NOT REPORTED,NOT REPORTED,,,,,,,Unstated,covidence_437_full_article.pdf,3 pm on day 1 ... Postoperative VAS score ≥4: 26 ... 25 ... 0.877,INCLUDE,"Numerically extractable in its native endpoint/time/statistic; pooling still requires compatible stratum, comparator and independent-arm selection.",ROB2_RESULT_SPECIFIC_PENDING,Pain — unspecified context,TEAS,Sham,3 pm on day 1
Li 2021,V34_B1_144,Group T — TEAS,Group S — sham,PONV,PONV occurrence,3 pm on day 1,Events/total,140.0,140.0,140.0,140.0,,,,,,36.0,,,,,,66.0,participants,0.000**,Yes,No,,,No,No,"INCLUDE — Numerically extractable in its native endpoint/time/statistic; pooling still requires compatible stratum, comparator and independent-arm selection.",No (preserve trial strata where specified),These are assessment-time PONV occurrence counts as printed; the article does not relabel them as cumulative 0–x-hour windows.,p. 215; Table 5,https://drive.google.com/file/d/1NvcLlsb17N6EMhtHs_L_WBnf40wsrtRz/view?usp=drivesdk,"SOURCE-AUDIT RECONCILED; supplied audit, no independent PDF reread",AUDIT-0145,145,ADDED,NOT REPORTED,NOT REPORTED,NOT REPORTED,NOT REPORTED,,,,,,,Unstated,covidence_437_full_article.pdf,3 pm on day 1 ... PONV occurred: 36 ... 66 ... 0.000**,INCLUDE,"Numerically extractable in its native endpoint/time/statistic; pooling still requires compatible stratum, comparator and independent-arm selection.",ROB2_RESULT_SPECIFIC_PENDING,PONV composite,TEAS,Sham,3 pm on day 1
Li 2021,V34_B1_145,Group T — TEAS,Group S — sham,Pain,Participants with postoperative VAS score ≥4,9 am on day 2,Events/total,140.0,140.0,140.0,140.0,,,,,,4.0,,,,,,0.0,participants,0.122,Yes,No,,,No,No,"INCLUDE — Numerically extractable in its native endpoint/time/statistic; pooling still requires compatible stratum, comparator and independent-arm selection.",No (preserve trial strata where specified),"This is a dichotomized VAS threshold, not a continuous VAS score.",p. 215; Table 5,https://drive.google.com/file/d/1NvcLlsb17N6EMhtHs_L_WBnf40wsrtRz/view?usp=drivesdk,"SOURCE-AUDIT RECONCILED; supplied audit, no independent PDF reread",AUDIT-0146,146,ADDED,NOT REPORTED,NOT REPORTED,NOT REPORTED,NOT REPORTED,,,,,,,Unstated,covidence_437_full_article.pdf,9 am on day 2 ... Postoperative VAS score ≥4: 4 ... 0 ... 0.122,INCLUDE,"Numerically extractable in its native endpoint/time/statistic; pooling still requires compatible stratum, comparator and independent-arm selection.",ROB2_RESULT_SPECIFIC_PENDING,Pain — unspecified context,TEAS,Sham,9 am on day 2
Li 2021,V34_B1_146,Group T — TEAS,Group S — sham,PONV,PONV occurrence,9 am on day 2,Events/total,140.0,140.0,140.0,140.0,,,,,,50.0,,,,,,56.0,participants,0.460,Yes,No,,,No,No,"INCLUDE — Numerically extractable in its native endpoint/time/statistic; pooling still requires compatible stratum, comparator and independent-arm selection.",No (preserve trial strata where specified),These are assessment-time PONV occurrence counts as printed; the article does not relabel them as cumulative 0–x-hour windows.,p. 215; Table 5,https://drive.google.com/file/d/1NvcLlsb17N6EMhtHs_L_WBnf40wsrtRz/view?usp=drivesdk,"SOURCE-AUDIT RECONCILED; supplied audit, no independent PDF reread",AUDIT-0147,147,ADDED,NOT REPORTED,NOT REPORTED,NOT REPORTED,NOT REPORTED,,,,,,,Unstated,covidence_437_full_article.pdf,9 am on day 2 ... PONV occurred: 50 ... 56 ... 0.460,INCLUDE,"Numerically extractable in its native endpoint/time/statistic; pooling still requires compatible stratum, comparator and independent-arm selection.",ROB2_RESULT_SPECIFIC_PENDING,PONV composite,TEAS,Sham,9 am on day 2
Li 2021,V34_B1_147,Group T — TEAS,Group S — sham,Pain,Participants with postoperative VAS score ≥4,3 pm on day 2,Events/total,140.0,140.0,140.0,140.0,,,,,,7.0,,,,,,7.0,participants,1.000,Yes,No,,,No,No,"INCLUDE — Numerically extractable in its native endpoint/time/statistic; pooling still requires compatible stratum, comparator and independent-arm selection.",No (preserve trial strata where specified),"This is a dichotomized VAS threshold, not a continuous VAS score.",p. 215; Table 5,https://drive.google.com/file/d/1NvcLlsb17N6EMhtHs_L_WBnf40wsrtRz/view?usp=drivesdk,"SOURCE-AUDIT RECONCILED; supplied audit, no independent PDF reread",AUDIT-0148,148,ADDED,NOT REPORTED,NOT REPORTED,NOT REPORTED,NOT REPORTED,,,,,,,Unstated,covidence_437_full_article.pdf,3 pm on day 2 ... Postoperative VAS score ≥4: 7 ... 7 ... 1.000,INCLUDE,"Numerically extractable in its native endpoint/time/statistic; pooling still requires compatible stratum, comparator and independent-arm selection.",ROB2_RESULT_SPECIFIC_PENDING,Pain — unspecified context,TEAS,Sham,3 pm on day 2
Li 2021,V34_B1_148,Group T — TEAS,Group S — sham,PONV,PONV occurrence,3 pm on day 2,Events/total,140.0,140.0,140.0,140.0,,,,,,55.0,,,,,,55.0,participants,1.000,Yes,No,,,No,No,"INCLUDE — Numerically extractable in its native endpoint/time/statistic; pooling still requires compatible stratum, comparator and independent-arm selection.",No (preserve trial strata where specified),These are assessment-time PONV occurrence counts as printed; the article does not relabel them as cumulative 0–x-hour windows.,p. 215; Table 5,https://drive.google.com/file/d/1NvcLlsb17N6EMhtHs_L_WBnf40wsrtRz/view?usp=drivesdk,"SOURCE-AUDIT RECONCILED; supplied audit, no independent PDF reread",AUDIT-0149,149,ADDED,NOT REPORTED,NOT REPORTED,NOT REPORTED,NOT REPORTED,,,,,,,Unstated,covidence_437_full_article.pdf,3 pm on day 2 ... PONV occurred: 55 ... 55 ... 1.000,INCLUDE,"Numerically extractable in its native endpoint/time/statistic; pooling still requires compatible stratum, comparator and independent-arm selection.",ROB2_RESULT_SPECIFIC_PENDING,PONV composite,TEAS,Sham,3 pm on day 2
Li 2021,V34_B1_149,Group T — TEAS,Group S — sham,Length of stay,Length of postoperative hospital stay,From date of surgery to discharge,Mean/SD,140.0,140.0,140.0,140.0,6.2,3.3,,,,,8.1,3.6,,,,,days,<0.01,Yes,No,,,No,No,"INCLUDE — Numerically extractable in its native endpoint/time/statistic; pooling still requires compatible stratum, comparator and independent-arm selection.",No (preserve trial strata where specified),Table 6 uses ** and footnote **P <0.01 vs group S rather than a numeric exact P value.,p. 215; Table 6,https://drive.google.com/file/d/1NvcLlsb17N6EMhtHs_L_WBnf40wsrtRz/view?usp=drivesdk,"SOURCE-AUDIT RECONCILED; supplied audit, no independent PDF reread",AUDIT-0150,150,ADDED,6.2,3.3,8.1,3.6,,,,,,,Unstated,covidence_437_full_article.pdf,Group T (n = 140) 6.2 ± 3.3** ... Group S (n = 140) 8.1 ± 3.6,INCLUDE,"Numerically extractable in its native endpoint/time/statistic; pooling still requires compatible stratum, comparator and independent-arm selection.",ROB2_RESULT_SPECIFIC_PENDING,LOS,TEAS,Sham,from date of surgery to discharge
Gu 2019,V34_B2_001,Long-duration TEAS (L-TEAS),Placebo/no-current TEAS (C-TEAS),Pain,VAS pain intensity,4 h,Mean/SD,60.0,60.0,58.0,59.0,2.79,0.48,,,,,3.41,0.62,,,,,VAS 0-10,<0.05,Yes,No,,,No,No,"INCLUDE — Numerically extractable in its native endpoint/time/statistic; pooling still requires compatible stratum, comparator and independent-arm selection.",No (preserve trial strata where specified),Exact P value is not printed; source reports P<0.05.,p. 15 (results text); Fig. 3 on p. 14; Results §3.2 + Figure 3,https://drive.google.com/file/d/1NCXaZLL5HOq_1vsb7FT_TPpikBkG_BLo/view?usp=drivesdk,"SOURCE-AUDIT RECONCILED; supplied audit, no independent PDF reread",AUDIT-0151,151,ADDED,2.79,0.48,3.41,0.62,,,,,,,Available-case/completer analysis,covidence_1471_full_article.pdf,VAS at 4 h: 2.79 ± 0.48 vs 3.41 ± 0.62.,INCLUDE,"Numerically extractable in its native endpoint/time/statistic; pooling still requires compatible stratum, comparator and independent-arm selection.",ROB2_RESULT_SPECIFIC_PENDING,Pain — unspecified context,TEAS,Sham,4h
Gu 2019,V34_B2_002,Long-duration TEAS (L-TEAS),Placebo/no-current TEAS (C-TEAS),Pain,VAS pain intensity,8 h,Mean/SD,60.0,60.0,58.0,59.0,2.65,0.42,,,,,3.17,0.49,,,,,VAS 0-10,<0.05,Yes,No,,,No,No,"INCLUDE — Numerically extractable in its native endpoint/time/statistic; pooling still requires compatible stratum, comparator and independent-arm selection.",No (preserve trial strata where specified),Exact P value is not printed; source reports P<0.05.,p. 15 (results text); Fig. 3 on p. 14; Results §3.2 + Figure 3,https://drive.google.com/file/d/1NCXaZLL5HOq_1vsb7FT_TPpikBkG_BLo/view?usp=drivesdk,"SOURCE-AUDIT RECONCILED; supplied audit, no independent PDF reread",AUDIT-0152,152,ADDED,2.65,0.42,3.17,0.49,,,,,,,Available-case/completer analysis,covidence_1471_full_article.pdf,VAS at 8 h: 2.65 ± 0.42 vs 3.17 ± 0.49.,INCLUDE,"Numerically extractable in its native endpoint/time/statistic; pooling still requires compatible stratum, comparator and independent-arm selection.",ROB2_RESULT_SPECIFIC_PENDING,Pain — unspecified context,TEAS,Sham,8h
Gu 2019,V34_B2_003,Long-duration TEAS (L-TEAS),Placebo/no-current TEAS (C-TEAS),Pain,VAS pain intensity,16 h,Graph only,60.0,60.0,58.0,59.0,,,,,,,,,,,,,VAS 0-10,No between-group significance marker in Figure 3,Yes,No,,,No,No,GRAPH ONLY — No new graph digitization; historical digitized data require their original validation before pooling.,No (preserve trial strata where specified),No exact numeric values are printed; do not estimate from bar height.,p. 14; Figure 3,https://drive.google.com/file/d/1NCXaZLL5HOq_1vsb7FT_TPpikBkG_BLo/view?usp=drivesdk,"SOURCE-AUDIT RECONCILED; supplied audit, no independent PDF reread",AUDIT-0153,153,GRAPH_ONLY_ADDED,GRAPH ONLY,GRAPH ONLY,GRAPH ONLY,GRAPH ONLY,,,,,,,Available-case/completer analysis,covidence_1471_full_article.pdf,Figure 3 includes T3/T5 = 16 h after operation.,GRAPH ONLY,No new graph digitization; historical digitized data require their original validation before pooling.,ROB2_RESULT_SPECIFIC_PENDING,Pain — unspecified context,TEAS,Sham,16h
Gu 2019,V34_B2_004,Long-duration TEAS (L-TEAS),Placebo/no-current TEAS (C-TEAS),Pain,VAS pain intensity,36 h,Graph only,60.0,60.0,58.0,59.0,,,,,,,,,,,,,VAS 0-10,No between-group significance marker in Figure 3,Yes,No,,,No,No,GRAPH ONLY — No new graph digitization; historical digitized data require their original validation before pooling.,No (preserve trial strata where specified),No exact numeric values are printed; do not estimate from bar height.,p. 14; Figure 3,https://drive.google.com/file/d/1NCXaZLL5HOq_1vsb7FT_TPpikBkG_BLo/view?usp=drivesdk,"SOURCE-AUDIT RECONCILED; supplied audit, no independent PDF reread",AUDIT-0154,154,GRAPH_ONLY_ADDED,GRAPH ONLY,GRAPH ONLY,GRAPH ONLY,GRAPH ONLY,,,,,,,Available-case/completer analysis,covidence_1471_full_article.pdf,Figure 3 includes T3/T5 = 36 h after operation.,GRAPH ONLY,No new graph digitization; historical digitized data require their original validation before pooling.,ROB2_RESULT_SPECIFIC_PENDING,Pain — unspecified context,TEAS,Sham,36h
Gu 2019,V34_B2_005,Long-duration TEAS (L-TEAS),Placebo/no-current TEAS (C-TEAS),Opioid demand,Cumulative multimodal PCIA solution consumed,16 h,Graph only,60.0,60.0,58.0,59.0,,,,,,,,,,,,,mL of multimodal PCIA solution,No between-group significance marker in Figure 4,Yes,No,,,No,No,GRAPH ONLY — No new graph digitization; historical digitized data require their original validation before pooling.,No (preserve trial strata where specified),"No exact numeric 16-h value is printed. PCIA contains sufentanil plus dexmedetomidine, flurbiprofen and palonosetron; do not label solution volume as pure opioid mass.",p. 14; Figure 4,https://drive.google.com/file/d/1NCXaZLL5HOq_1vsb7FT_TPpikBkG_BLo/view?usp=drivesdk,"SOURCE-AUDIT RECONCILED; supplied audit, no independent PDF reread",AUDIT-0155,155,GRAPH_ONLY_ADDED,GRAPH ONLY,GRAPH ONLY,GRAPH ONLY,GRAPH ONLY,,,,,,,Available-case/completer analysis,covidence_1471_full_article.pdf,Figure 4 reports analgesics consumption at T1-T5; T3 is 16 h.,GRAPH ONLY,No new graph digitization; historical digitized data require their original validation before pooling.,ROB2_RESULT_SPECIFIC_PENDING,PCIA solution volume,TEAS,Sham,16h
Gu 2019,V34_B2_006,Long-duration TEAS (L-TEAS),Placebo/no-current TEAS (C-TEAS),PONV,Any postoperative nausea and/or vomiting (PONV),Postoperative follow-up; exact window not stated,Events/total,60.0,60.0,58.0,59.0,,,,,,7.0,,,,,,19.0,participants,<0.05,Yes,No,,,No,No,"HOLD — Source definition, timepoint, denominator, scale, statistic, or post-randomization subset requires adjudication; see raw source/QC.",No (preserve trial strata where specified),"Results text reports 12% vs 32.2%; these match 7/58 and 19/59. The exact observation window is not stated, although discussion says most PONV occurred within 24 h.",p. 15; Figure 5,https://drive.google.com/file/d/1NCXaZLL5HOq_1vsb7FT_TPpikBkG_BLo/view?usp=drivesdk,"SOURCE-AUDIT RECONCILED; supplied audit, no independent PDF reread",AUDIT-0156,156,AMBIGUOUS_HOLD,NOT REPORTED,NOT REPORTED,NOT REPORTED,NOT REPORTED,,,,,,,Available-case/completer analysis,covidence_1471_full_article.pdf,Figure 5 labels 19 PONV cases in C-TEAS and 7 in L-TEAS.,HOLD,"Source definition, timepoint, denominator, scale, statistic, or post-randomization subset requires adjudication; see raw source/QC.",ROB2_RESULT_SPECIFIC_PENDING,PONV composite,TEAS,Sham,AMBIGUOUS
Gu 2019,V34_B2_007,Long-duration TEAS (L-TEAS),Placebo/no-current TEAS (C-TEAS),Patient satisfaction,Very satisfied,36 h postoperatively,Events/total,60.0,60.0,58.0,59.0,,,,,,32.0,,,,,,9.0,participants,0.00*,Yes,No,,,No,No,"INCLUDE — Numerically extractable in its native endpoint/time/statistic; pooling still requires compatible stratum, comparator and independent-arm selection.",No (preserve trial strata where specified),"Table 4 category counts are internally coherent, but Results text reports 'moderately satisfied and above' 67.3% vs 42.4%, which does not reconcile with the table. Do not use that composite without adjudication.",p. 15; Table 4,https://drive.google.com/file/d/1NCXaZLL5HOq_1vsb7FT_TPpikBkG_BLo/view?usp=drivesdk,"SOURCE-AUDIT RECONCILED; supplied audit, no independent PDF reread",AUDIT-0157,157,ADDED,NOT REPORTED,NOT REPORTED,NOT REPORTED,NOT REPORTED,,,,,,,Available-case/completer analysis,covidence_1471_full_article.pdf,Very satisfied: L-TEAS 32/58; C-TEAS 9/59.,INCLUDE,"Numerically extractable in its native endpoint/time/statistic; pooling still requires compatible stratum, comparator and independent-arm selection.",ROB2_RESULT_SPECIFIC_PENDING,Patient satisfaction,TEAS,Sham,36h postoperatively
Gu 2019,V34_B2_008,Long-duration TEAS (L-TEAS),Placebo/no-current TEAS (C-TEAS),Patient satisfaction,Satisfied,36 h postoperatively,Events/total,60.0,60.0,58.0,59.0,,,,,,19.0,,,,,,32.0,participants,0.02*,Yes,No,,,No,No,"INCLUDE — Numerically extractable in its native endpoint/time/statistic; pooling still requires compatible stratum, comparator and independent-arm selection.",No (preserve trial strata where specified),"Table 4 category counts are internally coherent, but Results text reports 'moderately satisfied and above' 67.3% vs 42.4%, which does not reconcile with the table. Do not use that composite without adjudication.",p. 15; Table 4,https://drive.google.com/file/d/1NCXaZLL5HOq_1vsb7FT_TPpikBkG_BLo/view?usp=drivesdk,"SOURCE-AUDIT RECONCILED; supplied audit, no independent PDF reread",AUDIT-0158,158,ADDED,NOT REPORTED,NOT REPORTED,NOT REPORTED,NOT REPORTED,,,,,,,Available-case/completer analysis,covidence_1471_full_article.pdf,Satisfied: L-TEAS 19/58; C-TEAS 32/59.,INCLUDE,"Numerically extractable in its native endpoint/time/statistic; pooling still requires compatible stratum, comparator and independent-arm selection.",ROB2_RESULT_SPECIFIC_PENDING,Patient satisfaction,TEAS,Sham,36h postoperatively
Gu 2019,V34_B2_009,Long-duration TEAS (L-TEAS),Placebo/no-current TEAS (C-TEAS),Patient satisfaction,Moderately satisfied,36 h postoperatively,Events/total,60.0,60.0,58.0,59.0,,,,,,7.0,,,,,,16.0,participants,0.04*,Yes,No,,,No,No,"INCLUDE — Numerically extractable in its native endpoint/time/statistic; pooling still requires compatible stratum, comparator and independent-arm selection.",No (preserve trial strata where specified),"Table 4 category counts are internally coherent, but Results text reports 'moderately satisfied and above' 67.3% vs 42.4%, which does not reconcile with the table. Do not use that composite without adjudication.",p. 15; Table 4,https://drive.google.com/file/d/1NCXaZLL5HOq_1vsb7FT_TPpikBkG_BLo/view?usp=drivesdk,"SOURCE-AUDIT RECONCILED; supplied audit, no independent PDF reread",AUDIT-0159,159,ADDED,NOT REPORTED,NOT REPORTED,NOT REPORTED,NOT REPORTED,,,,,,,Available-case/completer analysis,covidence_1471_full_article.pdf,Moderately satisfied: L-TEAS 7/58; C-TEAS 16/59.,INCLUDE,"Numerically extractable in its native endpoint/time/statistic; pooling still requires compatible stratum, comparator and independent-arm selection.",ROB2_RESULT_SPECIFIC_PENDING,Patient satisfaction,TEAS,Sham,36h postoperatively
Gu 2019,V34_B2_010,Long-duration TEAS (L-TEAS),Placebo/no-current TEAS (C-TEAS),Patient satisfaction,Not satisfied,36 h postoperatively,Events/total,60.0,60.0,58.0,59.0,,,,,,0.0,,,,,,2.0,participants,0.16,Yes,No,,,No,No,"INCLUDE — Numerically extractable in its native endpoint/time/statistic; pooling still requires compatible stratum, comparator and independent-arm selection.",No (preserve trial strata where specified),"Table 4 category counts are internally coherent, but Results text reports 'moderately satisfied and above' 67.3% vs 42.4%, which does not reconcile with the table. Do not use that composite without adjudication.",p. 15; Table 4,https://drive.google.com/file/d/1NCXaZLL5HOq_1vsb7FT_TPpikBkG_BLo/view?usp=drivesdk,"SOURCE-AUDIT RECONCILED; supplied audit, no independent PDF reread",AUDIT-0160,160,ADDED,NOT REPORTED,NOT REPORTED,NOT REPORTED,NOT REPORTED,,,,,,,Available-case/completer analysis,covidence_1471_full_article.pdf,Not satisfied: L-TEAS 0/58; C-TEAS 2/59.,INCLUDE,"Numerically extractable in its native endpoint/time/statistic; pooling still requires compatible stratum, comparator and independent-arm selection.",ROB2_RESULT_SPECIFIC_PENDING,Patient satisfaction,TEAS,Sham,36h postoperatively
Huang 2025,V34_B2_011,Postoperative EA + ERAS,ERAS/standard care,Pain,VAS pain score,24 h,Median/range,51.0,50.0,43.0,45.0,,,5.0,,,,,,6.0,,,,VAS 0-10,<0.001,Yes,No,,,No,No,NARRATIVE ONLY — Median and original dispersion preserved; no mean/SD conversion or MD pooling.,No (preserve trial strata where specified),"Table explicitly labels dispersion as min-max, not IQR.",p. 2749; Table 4,https://drive.google.com/file/d/1Pds-8nLj18yvRm3C7eQHq5fZ8rRhecQ0/view?usp=drivesdk,"SOURCE-AUDIT RECONCILED; supplied audit, no independent PDF reread",AUDIT-0161,161,NOT_ANALYSIS_ELIGIBLE,5,3-7,6,4-8,3.0,7.0,4.0,8.0,,,Available-case/completer analysis,covidence_131_verified.pdf,Postoperative 24 h: VAS 5 (3-7) vs 6 (4-8).,NARRATIVE ONLY,Median and original dispersion preserved; no mean/SD conversion or MD pooling.,ROB2_RESULT_SPECIFIC_PENDING,Pain — unspecified context,EA,Usual care,24 h point
Huang 2025,V34_B2_012,Postoperative EA + ERAS,ERAS/standard care,Pain,VAS pain score,48 h,Median/range,51.0,50.0,43.0,45.0,,,3.0,,,,,,4.0,,,,VAS 0-10,<0.001,Yes,No,,,No,No,NARRATIVE ONLY — Median and original dispersion preserved; no mean/SD conversion or MD pooling.,No (preserve trial strata where specified),"Table explicitly labels dispersion as min-max, not IQR.",p. 2749; Table 4,https://drive.google.com/file/d/1Pds-8nLj18yvRm3C7eQHq5fZ8rRhecQ0/view?usp=drivesdk,"SOURCE-AUDIT RECONCILED; supplied audit, no independent PDF reread",AUDIT-0162,162,NOT_ANALYSIS_ELIGIBLE,3,1-5,4,1-7,1.0,5.0,1.0,7.0,,,Available-case/completer analysis,covidence_131_verified.pdf,Postoperative 48 h: VAS 3 (1-5) vs 4 (1-7).,NARRATIVE ONLY,Median and original dispersion preserved; no mean/SD conversion or MD pooling.,ROB2_RESULT_SPECIFIC_PENDING,Pain — unspecified context,EA,Usual care,48h
Huang 2025,V34_B2_013,Postoperative EA + ERAS,ERAS/standard care,Pain,VAS pain score,72 h,Median/range,51.0,50.0,43.0,45.0,,,2.0,,,,,,3.0,,,,VAS 0-10,<0.001,Yes,No,,,No,No,NARRATIVE ONLY — Median and original dispersion preserved; no mean/SD conversion or MD pooling.,No (preserve trial strata where specified),"Table explicitly labels dispersion as min-max, not IQR.",p. 2749; Table 4,https://drive.google.com/file/d/1Pds-8nLj18yvRm3C7eQHq5fZ8rRhecQ0/view?usp=drivesdk,"SOURCE-AUDIT RECONCILED; supplied audit, no independent PDF reread",AUDIT-0163,163,NOT_ANALYSIS_ELIGIBLE,2,1-4,3,1-5,1.0,4.0,1.0,5.0,,,Available-case/completer analysis,covidence_131_verified.pdf,Postoperative 72 h: VAS 2 (1-4) vs 3 (1-5).,NARRATIVE ONLY,Median and original dispersion preserved; no mean/SD conversion or MD pooling.,ROB2_RESULT_SPECIFIC_PENDING,Pain — unspecified context,EA,Usual care,72h
Huang 2025,V34_B2_014,Postoperative EA + ERAS,ERAS/standard care,GI recovery,I-FEED score,24 h,Median/range,51.0,50.0,43.0,45.0,,,3.0,,,,,,3.0,,,,I-FEED score,<0.001,Yes,No,,,No,No,NARRATIVE ONLY — Median and original dispersion preserved; no mean/SD conversion or MD pooling.,No (preserve trial strata where specified),Table explicitly labels dispersion as min-max. Equal medians at 24 h do not invalidate the reported rank-test P value.,p. 2749; Table 4,https://drive.google.com/file/d/1Pds-8nLj18yvRm3C7eQHq5fZ8rRhecQ0/view?usp=drivesdk,"SOURCE-AUDIT RECONCILED; supplied audit, no independent PDF reread",AUDIT-0164,164,NOT_ANALYSIS_ELIGIBLE,3,2-4,3,2-4,2.0,4.0,2.0,4.0,,,Available-case/completer analysis,covidence_131_verified.pdf,Postoperative 24 h: I-FEED 3 (2-4) vs 3 (2-4).,NARRATIVE ONLY,Median and original dispersion preserved; no mean/SD conversion or MD pooling.,ROB2_RESULT_SPECIFIC_PENDING,GI recovery,EA,Usual care,24 h point
Huang 2025,V34_B2_015,Postoperative EA + ERAS,ERAS/standard care,GI recovery,I-FEED score,48 h,Median/range,51.0,50.0,43.0,45.0,,,2.0,,,,,,2.0,,,,I-FEED score,<0.001,Yes,No,,,No,No,NARRATIVE ONLY — Median and original dispersion preserved; no mean/SD conversion or MD pooling.,No (preserve trial strata where specified),Table explicitly labels dispersion as min-max. Equal medians at 24 h do not invalidate the reported rank-test P value.,p. 2749; Table 4,https://drive.google.com/file/d/1Pds-8nLj18yvRm3C7eQHq5fZ8rRhecQ0/view?usp=drivesdk,"SOURCE-AUDIT RECONCILED; supplied audit, no independent PDF reread",AUDIT-0165,165,NOT_ANALYSIS_ELIGIBLE,2,0-2,2,1-3,0.0,2.0,1.0,3.0,,,Available-case/completer analysis,covidence_131_verified.pdf,Postoperative 48 h: I-FEED 2 (0-2) vs 2 (1-3).,NARRATIVE ONLY,Median and original dispersion preserved; no mean/SD conversion or MD pooling.,ROB2_RESULT_SPECIFIC_PENDING,GI recovery,EA,Usual care,48h
Huang 2025,V34_B2_016,Postoperative EA + ERAS,ERAS/standard care,GI recovery,I-FEED score,72 h,Median/range,51.0,50.0,43.0,45.0,,,1.0,,,,,,2.0,,,,I-FEED score,<0.001,Yes,No,,,No,No,NARRATIVE ONLY — Median and original dispersion preserved; no mean/SD conversion or MD pooling.,No (preserve trial strata where specified),Table explicitly labels dispersion as min-max. Equal medians at 24 h do not invalidate the reported rank-test P value.,p. 2749; Table 4,https://drive.google.com/file/d/1Pds-8nLj18yvRm3C7eQHq5fZ8rRhecQ0/view?usp=drivesdk,"SOURCE-AUDIT RECONCILED; supplied audit, no independent PDF reread",AUDIT-0166,166,NOT_ANALYSIS_ELIGIBLE,1,0-2,2,1-3,0.0,2.0,1.0,3.0,,,Available-case/completer analysis,covidence_131_verified.pdf,Postoperative 72 h: I-FEED 1 (0-2) vs 2 (1-3).,NARRATIVE ONLY,Median and original dispersion preserved; no mean/SD conversion or MD pooling.,ROB2_RESULT_SPECIFIC_PENDING,GI recovery,EA,Usual care,72h
Huang 2025,V34_B2_017,Postoperative EA + ERAS,ERAS/standard care,Quality of recovery,QoR-40 total score,Day of discharge,Median/range,51.0,50.0,43.0,45.0,,,196.0,,,,,,192.0,,,,QoR-40 points,<0.001,Yes,No,,,No,No,NARRATIVE ONLY — Median and original dispersion preserved; no mean/SD conversion or MD pooling.,No (preserve trial strata where specified),Table shows a higher EA score; Results prose incorrectly says QoR-40 scores were 'lower' in EA. Higher QoR-40 indicates better recovery.,p. 2749; Table 4,https://drive.google.com/file/d/1Pds-8nLj18yvRm3C7eQHq5fZ8rRhecQ0/view?usp=drivesdk,"SOURCE-AUDIT RECONCILED; supplied audit, no independent PDF reread",AUDIT-0167,167,NOT_ANALYSIS_ELIGIBLE,196,192-198,192,188-198,192.0,198.0,188.0,198.0,,,Available-case/completer analysis,covidence_131_verified.pdf,QoR-40 at discharge: 196 (192-198) vs 192 (188-198).,NARRATIVE ONLY,Median and original dispersion preserved; no mean/SD conversion or MD pooling.,ROB2_RESULT_SPECIFIC_PENDING,QoR-40,EA,Usual care,day of discharge
Huang 2025,V34_B2_018,Postoperative EA + ERAS,ERAS/standard care,Length of stay,Hospital length of stay,Postoperative hospitalization,Mean/SD,51.0,50.0,43.0,45.0,6.1,1.7,,,,,6.2,1.3,,,,,days,0.793,Yes,No,,,No,No,"INCLUDE — Numerically extractable in its native endpoint/time/statistic; pooling still requires compatible stratum, comparator and independent-arm selection.",No (preserve trial strata where specified),Table header states mean (SD).,p. 2749; Table 4,https://drive.google.com/file/d/1Pds-8nLj18yvRm3C7eQHq5fZ8rRhecQ0/view?usp=drivesdk,"SOURCE-AUDIT RECONCILED; supplied audit, no independent PDF reread",AUDIT-0168,168,ADDED,6.1,1.7,6.2,1.3,,,,,,,Available-case/completer analysis,covidence_131_verified.pdf,Length of hospital stay: 6.1 (1.7) vs 6.2 (1.3) days.,INCLUDE,"Numerically extractable in its native endpoint/time/statistic; pooling still requires compatible stratum, comparator and independent-arm selection.",ROB2_RESULT_SPECIFIC_PENDING,LOS,EA,Usual care,postoperative hospitalization
Huang 2025,V34_B2_019,Postoperative EA + ERAS,ERAS/standard care,PONV,Vomiting,Postoperative,Events/total,51.0,50.0,43.0,45.0,,,,,,3.0,,,,,,9.0,participants,0.142,Yes,No,,,No,No,"INCLUDE — Numerically extractable in its native endpoint/time/statistic; pooling still requires compatible stratum, comparator and independent-arm selection.",No (preserve trial strata where specified),Table gives postoperative vomiting without a more specific clock-time label.,p. 2749; Table 4,https://drive.google.com/file/d/1Pds-8nLj18yvRm3C7eQHq5fZ8rRhecQ0/view?usp=drivesdk,"SOURCE-AUDIT RECONCILED; supplied audit, no independent PDF reread",AUDIT-0169,169,ADDED,NOT REPORTED,NOT REPORTED,NOT REPORTED,NOT REPORTED,,,,,,,Available-case/completer analysis,covidence_131_verified.pdf,Vomiting: 3/43 vs 9/45.,INCLUDE,"Numerically extractable in its native endpoint/time/statistic; pooling still requires compatible stratum, comparator and independent-arm selection.",ROB2_RESULT_SPECIFIC_PENDING,Vomiting,EA,Usual care,postoperative
Huang 2025,V34_B2_020,Postoperative EA + ERAS,ERAS/standard care,Rescue analgesia,Use of additional analgesic,Postoperative,Events/total,51.0,50.0,43.0,45.0,,,,,,1.0,,,,,,4.0,participants,0.385,Yes,No,,,No,No,"INCLUDE — Numerically extractable in its native endpoint/time/statistic; pooling still requires compatible stratum, comparator and independent-arm selection.",No (preserve trial strata where specified),Methods specify ketorolac tromethamine 30 mg IM for VAS≥6 or patient request within 24 h.,p. 2749; Table 4,https://drive.google.com/file/d/1Pds-8nLj18yvRm3C7eQHq5fZ8rRhecQ0/view?usp=drivesdk,"SOURCE-AUDIT RECONCILED; supplied audit, no independent PDF reread",AUDIT-0170,170,ADDED,NOT REPORTED,NOT REPORTED,NOT REPORTED,NOT REPORTED,,,,,,,Available-case/completer analysis,covidence_131_verified.pdf,Use of additional analgesic: 1/43 vs 4/45.,INCLUDE,"Numerically extractable in its native endpoint/time/statistic; pooling still requires compatible stratum, comparator and independent-arm selection.",ROB2_RESULT_SPECIFIC_PENDING,Rescue analgesia,EA,Usual care,postoperative
Huang 2025,V34_B2_021,Postoperative EA + ERAS,ERAS/standard care,GI adverse event,Bowel obstruction,Postoperative,Events/total,51.0,50.0,43.0,45.0,,,,,,1.0,,,,,,0.0,participants,0.489,Yes,No,,,No,No,"INCLUDE — Numerically extractable in its native endpoint/time/statistic; pooling still requires compatible stratum, comparator and independent-arm selection.",No (preserve trial strata where specified),Postoperative bowel obstruction.,p. 2749; Table 4,https://drive.google.com/file/d/1Pds-8nLj18yvRm3C7eQHq5fZ8rRhecQ0/view?usp=drivesdk,"SOURCE-AUDIT RECONCILED; supplied audit, no independent PDF reread",AUDIT-0171,171,ADDED,NOT REPORTED,NOT REPORTED,NOT REPORTED,NOT REPORTED,,,,,,,Available-case/completer analysis,covidence_131_verified.pdf,Bowel obstruction: 1/43 vs 0/45.,INCLUDE,"Numerically extractable in its native endpoint/time/statistic; pooling still requires compatible stratum, comparator and independent-arm selection.",ROB2_RESULT_SPECIFIC_PENDING,GI — ileus/obstruction (separate definitions),EA,Usual care,postoperative
Huang 2025,V34_B2_022,Postoperative EA + ERAS,ERAS/standard care,Adverse events,Serious adverse events or fatalities,Study follow-up,Events/total,51.0,50.0,43.0,45.0,,,,,,0.0,,,,,,0.0,participants,NOT REPORTED,Yes,No,,,No,No,"INCLUDE — Numerically extractable in its native endpoint/time/statistic; pooling still requires compatible stratum, comparator and independent-arm selection.",No (preserve trial strata where specified),The article also states no serious adverse events or complications related to the EA procedure were recorded.,p. 2748; Results text,https://drive.google.com/file/d/1Pds-8nLj18yvRm3C7eQHq5fZ8rRhecQ0/view?usp=drivesdk,"SOURCE-AUDIT RECONCILED; supplied audit, no independent PDF reread",AUDIT-0172,172,ADDED,NOT REPORTED,NOT REPORTED,NOT REPORTED,NOT REPORTED,,,,,,,Available-case/completer analysis,covidence_131_verified.pdf,"In both arms, there were no serious adverse events or fatalities.",INCLUDE,"Numerically extractable in its native endpoint/time/statistic; pooling still requires compatible stratum, comparator and independent-arm selection.",ROB2_RESULT_SPECIFIC_PENDING,Adverse events,EA,Usual care,study follow-up
Gao 2021,V34_B2_023,Postoperative TEAS,Sham/no-current TEAS,GI recovery,Time to first bowel sounds,Postoperative,Mean/SD,303.0,307.0,303.0,307.0,41.4,22.6,,,,,46.0,24.1,,,,,hours,.016,Yes,No,,,No,No,"INCLUDE — Numerically extractable in its native endpoint/time/statistic; pooling still requires compatible stratum, comparator and independent-arm selection.",No (preserve trial strata where specified),NOT REPORTED,p. 1623; Table III,https://drive.google.com/file/d/1aTzgCVSlV5gorGxB7ENHTVh6pCgVW-3a/view?usp=drivesdk,"SOURCE-AUDIT RECONCILED; supplied audit, no independent PDF reread",AUDIT-0173,173,ADDED,41.4,22.6,46.0,24.1,,,,,,,Intention-to-treat; all randomized patients,covidence_400_full_article.pdf,Time to first bowel sounds: 41.4 ± 22.6 vs 46.0 ± 24.1.,INCLUDE,"Numerically extractable in its native endpoint/time/statistic; pooling still requires compatible stratum, comparator and independent-arm selection.",ROB2_RESULT_SPECIFIC_PENDING,GI — bowel sounds,TEAS,Sham,postoperative
Gao 2021,V34_B2_024,Postoperative TEAS,Sham/no-current TEAS,Pain,Abdominal pain score,Postoperative 72 h,Mean/SD,303.0,307.0,303.0,307.0,1.4,1.4,,,,,1.3,1.5,,,,,Score; scale not defined in main article,.555,Yes,No,,,No,No,"HOLD — Source definition, timepoint, denominator, scale, statistic, or post-randomization subset requires adjudication; see raw source/QC.",No (preserve trial strata where specified),Main article states symptom scores/vomiting were assessed at postoperative 72 h.,p. 1623; Table III,https://drive.google.com/file/d/1aTzgCVSlV5gorGxB7ENHTVh6pCgVW-3a/view?usp=drivesdk,"SOURCE-AUDIT RECONCILED; supplied audit, no independent PDF reread",AUDIT-0174,174,AMBIGUOUS_HOLD,1.4,1.4,1.3,1.5,,,,,,,Intention-to-treat; all randomized patients,covidence_400_full_article.pdf,Abdominal pain score: 1.4 ± 1.4 vs 1.3 ± 1.5.,HOLD,"Source definition, timepoint, denominator, scale, statistic, or post-randomization subset requires adjudication; see raw source/QC.",ROB2_RESULT_SPECIFIC_PENDING,Pain — unspecified context,TEAS,Sham,postoperative 72h
Gao 2021,V34_B2_025,Postoperative TEAS,Sham/no-current TEAS,GI symptoms,Distention score,Postoperative 72 h,Mean/SD,303.0,307.0,303.0,307.0,1.6,0.9,,,,,1.6,0.9,,,,,Score; scale not defined in main article,.389,Yes,No,,,No,No,"HOLD — Source definition, timepoint, denominator, scale, statistic, or post-randomization subset requires adjudication; see raw source/QC.",No (preserve trial strata where specified),Main article states symptom scores/vomiting were assessed at postoperative 72 h.,p. 1623; Table III,https://drive.google.com/file/d/1aTzgCVSlV5gorGxB7ENHTVh6pCgVW-3a/view?usp=drivesdk,"SOURCE-AUDIT RECONCILED; supplied audit, no independent PDF reread",AUDIT-0175,175,AMBIGUOUS_HOLD,1.6,0.9,1.6,0.9,,,,,,,Intention-to-treat; all randomized patients,covidence_400_full_article.pdf,Distention score: 1.6 ± 0.9 vs 1.6 ± 0.9.,HOLD,"Source definition, timepoint, denominator, scale, statistic, or post-randomization subset requires adjudication; see raw source/QC.",ROB2_RESULT_SPECIFIC_PENDING,GI — abdominal distention,TEAS,Sham,postoperative 72h
Gao 2021,V34_B2_026,Postoperative TEAS,Sham/no-current TEAS,PONV,Nausea score,Postoperative 72 h,Mean/SD,303.0,307.0,303.0,307.0,1.0,1.6,,,,,1.1,1.7,,,,,Score; scale not defined in main article,.624,Yes,No,,,No,No,"HOLD — Source definition, timepoint, denominator, scale, statistic, or post-randomization subset requires adjudication; see raw source/QC.",No (preserve trial strata where specified),Main article states symptom scores/vomiting were assessed at postoperative 72 h.,p. 1623; Table III,https://drive.google.com/file/d/1aTzgCVSlV5gorGxB7ENHTVh6pCgVW-3a/view?usp=drivesdk,"SOURCE-AUDIT RECONCILED; supplied audit, no independent PDF reread",AUDIT-0176,176,AMBIGUOUS_HOLD,1.0,1.6,1.1,1.7,,,,,,,Intention-to-treat; all randomized patients,covidence_400_full_article.pdf,Nausea score: 1.0 ± 1.6 vs 1.1 ± 1.7.,HOLD,"Source definition, timepoint, denominator, scale, statistic, or post-randomization subset requires adjudication; see raw source/QC.",ROB2_RESULT_SPECIFIC_PENDING,Nausea severity,TEAS,Sham,postoperative 72h
Gao 2021,V34_B2_027,Postoperative TEAS,Sham/no-current TEAS,PONV,Number of vomiting episodes,Postoperative 72 h,Mean/SD,303.0,307.0,303.0,307.0,0.0,0.5,,,,,0.0,0.1,,,,,episodes,.155,Yes,No,,,No,No,"INCLUDE — Numerically extractable in its native endpoint/time/statistic; pooling still requires compatible stratum, comparator and independent-arm selection.",No (preserve trial strata where specified),Main article states symptom scores/vomiting were assessed at postoperative 72 h.,p. 1623; Table III,https://drive.google.com/file/d/1aTzgCVSlV5gorGxB7ENHTVh6pCgVW-3a/view?usp=drivesdk,"SOURCE-AUDIT RECONCILED; supplied audit, no independent PDF reread",AUDIT-0177,177,ADDED,0.0,0.5,0.0,0.1,,,,,,,Intention-to-treat; all randomized patients,covidence_400_full_article.pdf,Number of vomiting episodes: 0.0 ± 0.5 vs 0.0 ± 0.1.,INCLUDE,"Numerically extractable in its native endpoint/time/statistic; pooling still requires compatible stratum, comparator and independent-arm selection.",ROB2_RESULT_SPECIFIC_PENDING,Vomiting,TEAS,Sham,postoperative 72h
Jiang 2026,V34_B2_028,Perioperative TEAS,Sham/no-current TEAS,GI recovery,Time to first defecation,Postoperative,Median/IQR,308.0,306.0,294.0,293.0,,,41.2,38.5,45.0,,,,46.0,42.0,52.0,,hours,<0.001,Yes,No,,,No,No,NARRATIVE ONLY — Median and original dispersion preserved; no mean/SD conversion or MD pooling.,No (preserve trial strata where specified),The effect CI is printed in descending numerical order (−3.8 to −6.0); preserved verbatim.,PDF p. 5; Table 4,https://drive.google.com/file/d/1nujlP9A_IMWUfd3HdCD2rOxTc9-I8v92/view?usp=drivesdk,"SOURCE-AUDIT RECONCILED; supplied audit, no independent PDF reread",AUDIT-0178,178,NOT_ANALYSIS_ELIGIBLE,41.2,38.5-45.0,46.0,42.0-52.0,,,,,,,Per-protocol for secondary outcomes,study_4_Jiang_2026.pdf,Time to defecation: 41.2 (38.5-45.0) vs 46.0 (42.0-52.0) h.,NARRATIVE ONLY,Median and original dispersion preserved; no mean/SD conversion or MD pooling.,ROB2_RESULT_SPECIFIC_PENDING,GI — first defecation,TEAS,Sham,postoperative
Jiang 2026,V34_B2_029,Perioperative TEAS,Sham/no-current TEAS,Pain,NRS pain score,"AMBIGUOUS — single summary; Methods planned 6 h, 24 h and 48 h",Median/IQR,308.0,306.0,294.0,293.0,,,3.0,2.0,3.0,,,,3.0,2.0,3.5,,NRS 0-10,0.026,Yes,No,,,No,No,"HOLD — Source definition, timepoint, denominator, scale, statistic, or post-randomization subset requires adjudication; see raw source/QC.",No (preserve trial strata where specified),"The paper prespecifies NRS at 6, 24 and 48 h but reports only this one numerical summary without identifying which timepoint it represents. Do not relabel as 24 h.",PDF p. 3; Results §3.3,https://drive.google.com/file/d/1nujlP9A_IMWUfd3HdCD2rOxTc9-I8v92/view?usp=drivesdk,"SOURCE-AUDIT RECONCILED; supplied audit, no independent PDF reread",AUDIT-0179,179,AMBIGUOUS_HOLD,3,2-3,3,2-3.5,,,,,,,Per-protocol for secondary outcomes,study_4_Jiang_2026.pdf,"NRS pain score, 3 [2,3] vs 3 [2-3.5], p=0.026.",HOLD,"Source definition, timepoint, denominator, scale, statistic, or post-randomization subset requires adjudication; see raw source/QC.",ROB2_RESULT_SPECIFIC_PENDING,Pain — unspecified context,TEAS,Sham,AMBIGUOUS
Jiang 2026,V34_B2_030,Perioperative TEAS,Sham/no-current TEAS,GI adverse event,Abdominal distention incidence,Postoperative,Events/total,308.0,306.0,294.0,293.0,,,,,,62.0,,,,,,87.0,participants,0.017,Yes,No,,,No,No,"INCLUDE — Numerically extractable in its native endpoint/time/statistic; pooling still requires compatible stratum, comparator and independent-arm selection.",No (preserve trial strata where specified),NOT REPORTED,PDF p. 5; Table 4,https://drive.google.com/file/d/1nujlP9A_IMWUfd3HdCD2rOxTc9-I8v92/view?usp=drivesdk,"SOURCE-AUDIT RECONCILED; supplied audit, no independent PDF reread",AUDIT-0180,180,ADDED,NOT REPORTED,NOT REPORTED,NOT REPORTED,NOT REPORTED,,,,,,,Per-protocol for secondary outcomes,study_4_Jiang_2026.pdf,Abdominal distention: 62 (21.1%) vs 87 (29.7%).,INCLUDE,"Numerically extractable in its native endpoint/time/statistic; pooling still requires compatible stratum, comparator and independent-arm selection.",ROB2_RESULT_SPECIFIC_PENDING,GI — abdominal distention,TEAS,Sham,postoperative
Jiang 2026,V34_B2_031,Perioperative TEAS,Sham/no-current TEAS,Healthcare utilization,Hospital cost,Hospitalization,Median/IQR,308.0,306.0,294.0,293.0,,,22646.44,20226.03,27808.88,,,,21957.81,20099.88,25367.38,,Chinese yuan,0.059,Yes,No,,,No,No,NARRATIVE ONLY — Median and original dispersion preserved; no mean/SD conversion or MD pooling.,No (preserve trial strata where specified),The printed effect estimate direction does not equal the raw median difference; preserve as printed and do not recompute silently.,PDF p. 5; Table 4,https://drive.google.com/file/d/1nujlP9A_IMWUfd3HdCD2rOxTc9-I8v92/view?usp=drivesdk,"SOURCE-AUDIT RECONCILED; supplied audit, no independent PDF reread",AUDIT-0181,181,NOT_ANALYSIS_ELIGIBLE,22646.44,20226.03-27808.88,21957.81,20099.88-25367.38,,,,,,,Per-protocol for secondary outcomes,study_4_Jiang_2026.pdf,Hospital cost: 22646.44 (...) vs 21957.81 (...) CNY.,NARRATIVE ONLY,Median and original dispersion preserved; no mean/SD conversion or MD pooling.,ROB2_RESULT_SPECIFIC_PENDING,Healthcare utilization,TEAS,Sham,hospitalization
Jiang 2026,V34_B2_032,Perioperative TEAS,Sham/no-current TEAS,Length of stay,Postoperative hospital stay,Postoperative hospitalization,Median/IQR,308.0,306.0,294.0,293.0,,,3.0,2.0,4.0,,,,3.0,2.0,4.0,,days,0.725,Yes,No,,,No,No,NARRATIVE ONLY — Median and original dispersion preserved; no mean/SD conversion or MD pooling.,No (preserve trial strata where specified),NOT REPORTED,PDF p. 5; Table 4,https://drive.google.com/file/d/1nujlP9A_IMWUfd3HdCD2rOxTc9-I8v92/view?usp=drivesdk,"SOURCE-AUDIT RECONCILED; supplied audit, no independent PDF reread",AUDIT-0182,182,NOT_ANALYSIS_ELIGIBLE,3.0,2-4,3.0,2-4,,,,,,,Per-protocol for secondary outcomes,study_4_Jiang_2026.pdf,Postoperative hospital stay: 3.0 (2-4) vs 3.0 (2-4) days.,NARRATIVE ONLY,Median and original dispersion preserved; no mean/SD conversion or MD pooling.,ROB2_RESULT_SPECIFIC_PENDING,LOS,TEAS,Sham,postoperative hospitalization
Jiang 2026,V34_B2_033,Perioperative TEAS,Sham/no-current TEAS,Adverse events,Any postoperative complication/adverse event,Study follow-up,Events/total,308.0,306.0,294.0,293.0,,,,,,8.0,,,,,,7.0,participants,0.799,Yes,No,,,No,No,"INCLUDE — Numerically extractable in its native endpoint/time/statistic; pooling still requires compatible stratum, comparator and independent-arm selection.",No (preserve trial strata where specified),Do not pool the overall adverse-event row together with its component rows in the same analysis.,PDF p. 5; Table 5,https://drive.google.com/file/d/1nujlP9A_IMWUfd3HdCD2rOxTc9-I8v92/view?usp=drivesdk,"SOURCE-AUDIT RECONCILED; supplied audit, no independent PDF reread",AUDIT-0183,183,ADDED,NOT REPORTED,NOT REPORTED,NOT REPORTED,NOT REPORTED,,,,,,,Per-protocol for secondary outcomes,study_4_Jiang_2026.pdf,Any postoperative complication/adverse event: 8/294 vs 7/293.,INCLUDE,"Numerically extractable in its native endpoint/time/statistic; pooling still requires compatible stratum, comparator and independent-arm selection.",ROB2_RESULT_SPECIFIC_PENDING,Adverse events,TEAS,Sham,study follow-up
Jiang 2026,V34_B2_034,Perioperative TEAS,Sham/no-current TEAS,Adverse events,Severe adverse events,Study follow-up,Events/total,308.0,306.0,294.0,293.0,,,,,,0.0,,,,,,0.0,participants,NOT REPORTED,Yes,No,,,No,No,"INCLUDE — Numerically extractable in its native endpoint/time/statistic; pooling still requires compatible stratum, comparator and independent-arm selection.",No (preserve trial strata where specified),NOT REPORTED,PDF p. 5; Table 5,https://drive.google.com/file/d/1nujlP9A_IMWUfd3HdCD2rOxTc9-I8v92/view?usp=drivesdk,"SOURCE-AUDIT RECONCILED; supplied audit, no independent PDF reread",AUDIT-0184,184,ADDED,NOT REPORTED,NOT REPORTED,NOT REPORTED,NOT REPORTED,,,,,,,Per-protocol for secondary outcomes,study_4_Jiang_2026.pdf,Severe adverse events: 0/294 vs 0/293.,INCLUDE,"Numerically extractable in its native endpoint/time/statistic; pooling still requires compatible stratum, comparator and independent-arm selection.",ROB2_RESULT_SPECIFIC_PENDING,Adverse events,TEAS,Sham,study follow-up
Jiang 2026,V34_B2_035,Perioperative TEAS,Sham/no-current TEAS,Adverse events,Subcutaneous hematoma,Study follow-up,Events/total,308.0,306.0,294.0,293.0,,,,,,0.0,,,,,,0.0,participants,NOT REPORTED,Yes,No,,,No,No,"INCLUDE — Numerically extractable in its native endpoint/time/statistic; pooling still requires compatible stratum, comparator and independent-arm selection.",No (preserve trial strata where specified),NOT REPORTED,PDF p. 5; Table 5,https://drive.google.com/file/d/1nujlP9A_IMWUfd3HdCD2rOxTc9-I8v92/view?usp=drivesdk,"SOURCE-AUDIT RECONCILED; supplied audit, no independent PDF reread",AUDIT-0185,185,ADDED,NOT REPORTED,NOT REPORTED,NOT REPORTED,NOT REPORTED,,,,,,,Per-protocol for secondary outcomes,study_4_Jiang_2026.pdf,Subcutaneous hematoma: 0/294 vs 0/293.,INCLUDE,"Numerically extractable in its native endpoint/time/statistic; pooling still requires compatible stratum, comparator and independent-arm selection.",ROB2_RESULT_SPECIFIC_PENDING,Adverse events,TEAS,Sham,study follow-up
Jiang 2026,V34_B2_036,Perioperative TEAS,Sham/no-current TEAS,Adverse events,Rubefaction,Study follow-up,Events/total,308.0,306.0,294.0,293.0,,,,,,6.0,,,,,,6.0,participants,0.995,Yes,No,,,No,No,"INCLUDE — Numerically extractable in its native endpoint/time/statistic; pooling still requires compatible stratum, comparator and independent-arm selection.",No (preserve trial strata where specified),NOT REPORTED,PDF p. 5; Table 5,https://drive.google.com/file/d/1nujlP9A_IMWUfd3HdCD2rOxTc9-I8v92/view?usp=drivesdk,"SOURCE-AUDIT RECONCILED; supplied audit, no independent PDF reread",AUDIT-0186,186,ADDED,NOT REPORTED,NOT REPORTED,NOT REPORTED,NOT REPORTED,,,,,,,Per-protocol for secondary outcomes,study_4_Jiang_2026.pdf,Rubefaction: 6/294 vs 6/293.,INCLUDE,"Numerically extractable in its native endpoint/time/statistic; pooling still requires compatible stratum, comparator and independent-arm selection.",ROB2_RESULT_SPECIFIC_PENDING,Adverse events,TEAS,Sham,study follow-up
Jiang 2026,V34_B2_037,Perioperative TEAS,Sham/no-current TEAS,Adverse events,Hydroderma,Study follow-up,Events/total,308.0,306.0,294.0,293.0,,,,,,2.0,,,,,,1.0,participants,0.565,Yes,No,,,No,No,"INCLUDE — Numerically extractable in its native endpoint/time/statistic; pooling still requires compatible stratum, comparator and independent-arm selection.",No (preserve trial strata where specified),NOT REPORTED,PDF p. 5; Table 5,https://drive.google.com/file/d/1nujlP9A_IMWUfd3HdCD2rOxTc9-I8v92/view?usp=drivesdk,"SOURCE-AUDIT RECONCILED; supplied audit, no independent PDF reread",AUDIT-0187,187,ADDED,NOT REPORTED,NOT REPORTED,NOT REPORTED,NOT REPORTED,,,,,,,Per-protocol for secondary outcomes,study_4_Jiang_2026.pdf,Hydroderma: 2/294 vs 1/293.,INCLUDE,"Numerically extractable in its native endpoint/time/statistic; pooling still requires compatible stratum, comparator and independent-arm selection.",ROB2_RESULT_SPECIFIC_PENDING,Adverse events,TEAS,Sham,study follow-up
Wang 2023,V34_B2_038,Nighttime TEAS,Sham/no-current TEAS,Sleep quality,PSQI and AIS postoperative sleep quality,POD3,Graph only,43.0,45.0,40.0,43.0,,,,,,,,,,,,,PSQI and AIS scores,<0.05 vs Sham for both instruments,Yes,No,,,No,No,GRAPH ONLY — No new graph digitization; historical digitized data require their original validation before pooling.,No (preserve trial strata where specified),Exact numerical values are not printed; do not estimate from bar heights.,p. 714; Figure 3,https://drive.google.com/file/d/177A4aH42GD90DhsvvtD-VOBSChBBpIWL/view?usp=drivesdk,"SOURCE-AUDIT RECONCILED; supplied audit, no independent PDF reread",AUDIT-0188,188,GRAPH_ONLY_ADDED,GRAPH ONLY,GRAPH ONLY,GRAPH ONLY,GRAPH ONLY,,,,,,,Available-case/completer analysis after protocol breaches,s40122-023-00493-2.pdf,"Figure 3 reports PSQI and AIS at P1, D1 and D3.",GRAPH ONLY,No new graph digitization; historical digitized data require their original validation before pooling.,ROB2_RESULT_SPECIFIC_PENDING,Sleep quality,TEAS,Sham,pod3
Wang 2023,V34_B2_039,Nighttime TEAS,Sham/no-current TEAS,Pain,Rest pain VAS,24 h,Graph only,43.0,45.0,40.0,43.0,,,,,,,,,,,,,VAS 0-10,No exact between-group P printed; no * marker in Fig. 4a,Yes,No,,,No,No,GRAPH ONLY — No new graph digitization; historical digitized data require their original validation before pooling.,No (preserve trial strata where specified),Exact mean/SD values are not printed; formal digitization would be required.,p. 714; Figure 4a,https://drive.google.com/file/d/177A4aH42GD90DhsvvtD-VOBSChBBpIWL/view?usp=drivesdk,"SOURCE-AUDIT RECONCILED; supplied audit, no independent PDF reread",AUDIT-0189,189,GRAPH_ONLY_ADDED,GRAPH ONLY,GRAPH ONLY,GRAPH ONLY,GRAPH ONLY,,,,,,,Available-case/completer analysis after protocol breaches,s40122-023-00493-2.pdf,Figure 4a plots rest VAS at 24 h.,GRAPH ONLY,No new graph digitization; historical digitized data require their original validation before pooling.,ROB2_RESULT_SPECIFIC_PENDING,Pain — rest,TEAS,Sham,24 h point
Wang 2023,V34_B2_040,Nighttime TEAS,Sham/no-current TEAS,Pain,Rest pain VAS,48 h,Graph only,43.0,45.0,40.0,43.0,,,,,,,,,,,,,VAS 0-10,No exact between-group P printed; no * marker in Fig. 4a,Yes,No,,,No,No,GRAPH ONLY — No new graph digitization; historical digitized data require their original validation before pooling.,No (preserve trial strata where specified),Exact mean/SD values are not printed; formal digitization would be required.,p. 714; Figure 4a,https://drive.google.com/file/d/177A4aH42GD90DhsvvtD-VOBSChBBpIWL/view?usp=drivesdk,"SOURCE-AUDIT RECONCILED; supplied audit, no independent PDF reread",AUDIT-0190,190,GRAPH_ONLY_ADDED,GRAPH ONLY,GRAPH ONLY,GRAPH ONLY,GRAPH ONLY,,,,,,,Available-case/completer analysis after protocol breaches,s40122-023-00493-2.pdf,Figure 4a plots rest VAS at 48 h.,GRAPH ONLY,No new graph digitization; historical digitized data require their original validation before pooling.,ROB2_RESULT_SPECIFIC_PENDING,Pain — rest,TEAS,Sham,48h
Wang 2023,V34_B2_041,Nighttime TEAS,Sham/no-current TEAS,Pain,Rest pain VAS,72 h,Graph only,43.0,45.0,40.0,43.0,,,,,,,,,,,,,VAS 0-10,>0.05 (Results text),Yes,No,,,No,No,GRAPH ONLY — No new graph digitization; historical digitized data require their original validation before pooling.,No (preserve trial strata where specified),Exact mean/SD values are not printed; formal digitization would be required.,p. 714; Figure 4a,https://drive.google.com/file/d/177A4aH42GD90DhsvvtD-VOBSChBBpIWL/view?usp=drivesdk,"SOURCE-AUDIT RECONCILED; supplied audit, no independent PDF reread",AUDIT-0191,191,GRAPH_ONLY_ADDED,GRAPH ONLY,GRAPH ONLY,GRAPH ONLY,GRAPH ONLY,,,,,,,Available-case/completer analysis after protocol breaches,s40122-023-00493-2.pdf,Figure 4a plots rest VAS at 72 h.,GRAPH ONLY,No new graph digitization; historical digitized data require their original validation before pooling.,ROB2_RESULT_SPECIFIC_PENDING,Pain — rest,TEAS,Sham,72h
Wang 2023,V34_B2_042,Nighttime TEAS,Sham/no-current TEAS,Pain,Activity pain VAS,48 h,Graph only,43.0,45.0,40.0,43.0,,,,,,,,,,,,,VAS 0-10,<0.05,Yes,No,,,No,No,GRAPH ONLY — No new graph digitization; historical digitized data require their original validation before pooling.,No (preserve trial strata where specified),Exact mean/SD values are not printed; do not estimate from the graph.,p. 714; Figure 4b,https://drive.google.com/file/d/177A4aH42GD90DhsvvtD-VOBSChBBpIWL/view?usp=drivesdk,"SOURCE-AUDIT RECONCILED; supplied audit, no independent PDF reread",AUDIT-0192,192,GRAPH_ONLY_ADDED,GRAPH ONLY,GRAPH ONLY,GRAPH ONLY,GRAPH ONLY,,,,,,,Available-case/completer analysis after protocol breaches,s40122-023-00493-2.pdf,Activity VAS was lower with TEAS at 48 h (P<0.05).,GRAPH ONLY,No new graph digitization; historical digitized data require their original validation before pooling.,ROB2_RESULT_SPECIFIC_PENDING,Pain — movement/activity,TEAS,Sham,48h
Wang 2023,V34_B2_043,Nighttime TEAS,Sham/no-current TEAS,Pain,Activity pain VAS,72 h,Graph only,43.0,45.0,40.0,43.0,,,,,,,,,,,,,VAS 0-10,<0.05,Yes,No,,,No,No,GRAPH ONLY — No new graph digitization; historical digitized data require their original validation before pooling.,No (preserve trial strata where specified),Exact mean/SD values are not printed; do not estimate from the graph.,p. 714; Figure 4b,https://drive.google.com/file/d/177A4aH42GD90DhsvvtD-VOBSChBBpIWL/view?usp=drivesdk,"SOURCE-AUDIT RECONCILED; supplied audit, no independent PDF reread",AUDIT-0193,193,GRAPH_ONLY_ADDED,GRAPH ONLY,GRAPH ONLY,GRAPH ONLY,GRAPH ONLY,,,,,,,Available-case/completer analysis after protocol breaches,s40122-023-00493-2.pdf,Activity VAS was lower with TEAS at 72 h (P<0.05).,GRAPH ONLY,No new graph digitization; historical digitized data require their original validation before pooling.,ROB2_RESULT_SPECIFIC_PENDING,Pain — movement/activity,TEAS,Sham,72h
Wang 2023,V34_B2_044,Nighttime TEAS,Sham/no-current TEAS,Length of stay,Postoperative hospitalization,Postoperative hospitalization,Mean/SD,43.0,45.0,40.0,43.0,8.6,3.86,,,,,8.65,3.47,,,,,days,0.949,Yes,No,,,No,No,"INCLUDE — Numerically extractable in its native endpoint/time/statistic; pooling still requires compatible stratum, comparator and independent-arm selection.",No (preserve trial strata where specified),NOT REPORTED,p. 713; Table 1,https://drive.google.com/file/d/177A4aH42GD90DhsvvtD-VOBSChBBpIWL/view?usp=drivesdk,"SOURCE-AUDIT RECONCILED; supplied audit, no independent PDF reread",AUDIT-0194,194,ADDED,8.6,3.86,8.65,3.47,,,,,,,Available-case/completer analysis after protocol breaches,s40122-023-00493-2.pdf,Postoperative hospitalizations: 8.60 ± 3.86 vs 8.65 ± 3.47 days.,INCLUDE,"Numerically extractable in its native endpoint/time/statistic; pooling still requires compatible stratum, comparator and independent-arm selection.",ROB2_RESULT_SPECIFIC_PENDING,LOS,TEAS,Sham,postoperative hospitalization
Wang 2023,V34_B2_045,Nighttime TEAS,Sham/no-current TEAS,GI adverse event,Abdominal distension,Within 72 h after surgery,Events/total,43.0,45.0,40.0,43.0,,,,,,11.0,,,,,,24.0,participants,0.009*,Yes,No,,,No,No,"INCLUDE — Numerically extractable in its native endpoint/time/statistic; pooling still requires compatible stratum, comparator and independent-arm selection.",No (preserve trial strata where specified),NOT REPORTED,p. 715; Table 2,https://drive.google.com/file/d/177A4aH42GD90DhsvvtD-VOBSChBBpIWL/view?usp=drivesdk,"SOURCE-AUDIT RECONCILED; supplied audit, no independent PDF reread",AUDIT-0195,195,ADDED,NOT REPORTED,NOT REPORTED,NOT REPORTED,NOT REPORTED,,,,,,,Available-case/completer analysis after protocol breaches,s40122-023-00493-2.pdf,Abdominal distension: 11/40 vs 24/43.,INCLUDE,"Numerically extractable in its native endpoint/time/statistic; pooling still requires compatible stratum, comparator and independent-arm selection.",ROB2_RESULT_SPECIFIC_PENDING,GI — abdominal distention,TEAS,Sham,within 72h after surgery
Wang 2023,V34_B2_046,Nighttime TEAS,Sham/no-current TEAS,Adverse events,Dizziness,Within 72 h after surgery,Events/total,43.0,45.0,40.0,43.0,,,,,,10.0,,,,,,16.0,participants,0.231,Yes,No,,,No,No,"INCLUDE — Numerically extractable in its native endpoint/time/statistic; pooling still requires compatible stratum, comparator and independent-arm selection.",No (preserve trial strata where specified),NOT REPORTED,p. 715; Table 2,https://drive.google.com/file/d/177A4aH42GD90DhsvvtD-VOBSChBBpIWL/view?usp=drivesdk,"SOURCE-AUDIT RECONCILED; supplied audit, no independent PDF reread",AUDIT-0196,196,ADDED,NOT REPORTED,NOT REPORTED,NOT REPORTED,NOT REPORTED,,,,,,,Available-case/completer analysis after protocol breaches,s40122-023-00493-2.pdf,Dizziness: 10/40 vs 16/43.,INCLUDE,"Numerically extractable in its native endpoint/time/statistic; pooling still requires compatible stratum, comparator and independent-arm selection.",ROB2_RESULT_SPECIFIC_PENDING,Adverse events,TEAS,Sham,within 72h after surgery
Wang 2023,V34_B2_047,Nighttime TEAS,Sham/no-current TEAS,PONV,PONV incidence,Within 72 h after surgery,Events/total,43.0,45.0,40.0,43.0,,,,,,6.0,,,,,,19.0,participants,0.004*,Yes,No,,,No,No,"INCLUDE — Numerically extractable in its native endpoint/time/statistic; pooling still requires compatible stratum, comparator and independent-arm selection.",No (preserve trial strata where specified),NOT REPORTED,p. 715; Table 2,https://drive.google.com/file/d/177A4aH42GD90DhsvvtD-VOBSChBBpIWL/view?usp=drivesdk,"SOURCE-AUDIT RECONCILED; supplied audit, no independent PDF reread",AUDIT-0197,197,ADDED,NOT REPORTED,NOT REPORTED,NOT REPORTED,NOT REPORTED,,,,,,,Available-case/completer analysis after protocol breaches,s40122-023-00493-2.pdf,PONV incidence: 6/40 vs 19/43.,INCLUDE,"Numerically extractable in its native endpoint/time/statistic; pooling still requires compatible stratum, comparator and independent-arm selection.",ROB2_RESULT_SPECIFIC_PENDING,PONV composite,TEAS,Sham,within 72h after surgery
Wang 2023,V34_B2_048,Nighttime TEAS,Sham/no-current TEAS,Adverse events,Postoperative pulmonary complications,Within 72 h after surgery,Events/total,43.0,45.0,40.0,43.0,,,,,,7.0,,,,,,13.0,participants,0.175,Yes,No,,,No,No,"INCLUDE — Numerically extractable in its native endpoint/time/statistic; pooling still requires compatible stratum, comparator and independent-arm selection.",No (preserve trial strata where specified),NOT REPORTED,p. 715; Table 2,https://drive.google.com/file/d/177A4aH42GD90DhsvvtD-VOBSChBBpIWL/view?usp=drivesdk,"SOURCE-AUDIT RECONCILED; supplied audit, no independent PDF reread",AUDIT-0198,198,ADDED,NOT REPORTED,NOT REPORTED,NOT REPORTED,NOT REPORTED,,,,,,,Available-case/completer analysis after protocol breaches,s40122-023-00493-2.pdf,Postoperative pulmonary complications: 7/40 vs 13/43.,INCLUDE,"Numerically extractable in its native endpoint/time/statistic; pooling still requires compatible stratum, comparator and independent-arm selection.",ROB2_RESULT_SPECIFIC_PENDING,Adverse events,TEAS,Sham,within 72h after surgery
Tu 2024,V34_B3_001,Postoperative TEAS at bilateral P6,Sham TEAS / no current at bilateral P6,PONV,Vomiting incidence,0–2 h after craniotomy,Events/total,60.0,60.0,57.0,58.0,,,,,,4.0,,,,,,10.0,participants,0.095,Yes,No,,,No,No,"INCLUDE — Numerically extractable in its native endpoint/time/statistic; pooling still requires compatible stratum, comparator and independent-arm selection.",No (preserve trial strata where specified),NOT REPORTED,PDF p. 4; Table 3,https://drive.google.com/file/d/1xQ9SbXVZblphUrb0-T9xpnAXk-_z5nBX/view?usp=drivesdk,"SOURCE-AUDIT RECONCILED; supplied audit, no independent PDF reread",AUDIT-0199,199,ADDED,NOT REPORTED,NOT REPORTED,NOT REPORTED,NOT REPORTED,,,,,,,Available-case/completer analysis (115 analyzed),study_244_Tu_2023.pdf,Vomiting within 0–2 h: TEAS 4 (7.0%) vs sham 10 (17.2%); P=0.095.,INCLUDE,"Numerically extractable in its native endpoint/time/statistic; pooling still requires compatible stratum, comparator and independent-arm selection.",ROB2_RESULT_SPECIFIC_PENDING,Vomiting,TEAS,Sham,0-2h after craniotomy
Tu 2024,V34_B3_002,Postoperative TEAS at bilateral P6,Sham TEAS / no current at bilateral P6,PONV,Nausea severity score,0–2 h after craniotomy,Median/IQR,60.0,60.0,57.0,58.0,,,0.0,0.0,1.0,,,,0.0,0.0,1.0,,"WHO PONV 4-class nausea rating, 0–3",0.502,Yes,No,,,No,No,NARRATIVE ONLY — Median and original dispersion preserved; no mean/SD conversion or MD pooling.,No (preserve trial strata where specified),"The paper describes a 4-class WHO PONV rating: 0 no nausea, 1 mild nausea/abdominal discomfort, 2 evident nausea without vomiting, 3 extreme nausea/vomiting.",PDF p. 4; Table 3,https://drive.google.com/file/d/1xQ9SbXVZblphUrb0-T9xpnAXk-_z5nBX/view?usp=drivesdk,"SOURCE-AUDIT RECONCILED; supplied audit, no independent PDF reread",AUDIT-0200,200,NOT_ANALYSIS_ELIGIBLE,0,0–1,0,0–1,,,,,,,Available-case/completer analysis (115 analyzed),study_244_Tu_2023.pdf,Nausea score 0–2 h after craniotomy: 0 (0–1) vs 0 (0–1); P=0.502.,NARRATIVE ONLY,Median and original dispersion preserved; no mean/SD conversion or MD pooling.,ROB2_RESULT_SPECIFIC_PENDING,Nausea severity,TEAS,Sham,0-2h after craniotomy
Tu 2024,V34_B3_003,Postoperative TEAS at bilateral P6,Sham TEAS / no current at bilateral P6,PONV,Nausea severity score,2–6 h after craniotomy,Median/IQR,60.0,60.0,57.0,58.0,,,0.0,0.0,1.0,,,,0.0,0.0,2.0,,"WHO PONV 4-class nausea rating, 0–3",0.146,Yes,No,,,No,No,NARRATIVE ONLY — Median and original dispersion preserved; no mean/SD conversion or MD pooling.,No (preserve trial strata where specified),"The paper describes a 4-class WHO PONV rating: 0 no nausea, 1 mild nausea/abdominal discomfort, 2 evident nausea without vomiting, 3 extreme nausea/vomiting.",PDF p. 4; Table 3,https://drive.google.com/file/d/1xQ9SbXVZblphUrb0-T9xpnAXk-_z5nBX/view?usp=drivesdk,"SOURCE-AUDIT RECONCILED; supplied audit, no independent PDF reread",AUDIT-0201,201,NOT_ANALYSIS_ELIGIBLE,0,0–1,0,0–2,,,,,,,Available-case/completer analysis (115 analyzed),study_244_Tu_2023.pdf,Nausea score 2–6 h after craniotomy: 0 (0–1) vs 0 (0–2); P=0.146.,NARRATIVE ONLY,Median and original dispersion preserved; no mean/SD conversion or MD pooling.,ROB2_RESULT_SPECIFIC_PENDING,Nausea severity,TEAS,Sham,2-6h after craniotomy
Tu 2024,V34_B3_004,Postoperative TEAS at bilateral P6,Sham TEAS / no current at bilateral P6,PONV,Nausea severity score,6–24 h after craniotomy,Median/IQR,60.0,60.0,57.0,58.0,,,0.0,0.0,1.0,,,,0.0,0.0,1.0,,"WHO PONV 4-class nausea rating, 0–3",0.574,Yes,No,,,No,No,NARRATIVE ONLY — Median and original dispersion preserved; no mean/SD conversion or MD pooling.,No (preserve trial strata where specified),"The paper describes a 4-class WHO PONV rating: 0 no nausea, 1 mild nausea/abdominal discomfort, 2 evident nausea without vomiting, 3 extreme nausea/vomiting.",PDF p. 4; Table 3,https://drive.google.com/file/d/1xQ9SbXVZblphUrb0-T9xpnAXk-_z5nBX/view?usp=drivesdk,"SOURCE-AUDIT RECONCILED; supplied audit, no independent PDF reread",AUDIT-0202,202,NOT_ANALYSIS_ELIGIBLE,0,0–1,0,0–1,,,,,,,Available-case/completer analysis (115 analyzed),study_244_Tu_2023.pdf,Nausea score 6–24 h after craniotomy: 0 (0–1) vs 0 (0–1); P=0.574.,NARRATIVE ONLY,Median and original dispersion preserved; no mean/SD conversion or MD pooling.,ROB2_RESULT_SPECIFIC_PENDING,Nausea severity,TEAS,Sham,6-24h after craniotomy
Tu 2024,V34_B3_005,Postoperative TEAS at bilateral P6,Sham TEAS / no current at bilateral P6,Rescue antiemetic,Use of metoclopramide 10 mg IM,0–2 h after craniotomy,Events/total,60.0,60.0,57.0,58.0,,,,,,0.0,,,,,,0.0,participants,1.000,Yes,No,,,No,No,"INCLUDE — Numerically extractable in its native endpoint/time/statistic; pooling still requires compatible stratum, comparator and independent-arm selection.",No (preserve trial strata where specified),Metoclopramide 10 mg IM was the prespecified rescue antiemetic for difficult-to-tolerate nausea/vomiting.,PDF p. 4; Table 4,https://drive.google.com/file/d/1xQ9SbXVZblphUrb0-T9xpnAXk-_z5nBX/view?usp=drivesdk,"SOURCE-AUDIT RECONCILED; supplied audit, no independent PDF reread",AUDIT-0203,203,ADDED,NOT REPORTED,NOT REPORTED,NOT REPORTED,NOT REPORTED,,,,,,,Available-case/completer analysis (115 analyzed),study_244_Tu_2023.pdf,Metoclopramide use 0–2 h after craniotomy: 0/57 vs 0/58; P=1.000.,INCLUDE,"Numerically extractable in its native endpoint/time/statistic; pooling still requires compatible stratum, comparator and independent-arm selection.",ROB2_RESULT_SPECIFIC_PENDING,Rescue antiemetic,TEAS,Sham,0-2h after craniotomy
Tu 2024,V34_B3_006,Postoperative TEAS at bilateral P6,Sham TEAS / no current at bilateral P6,Rescue antiemetic,Use of metoclopramide 10 mg IM,2–6 h after craniotomy,Events/total,60.0,60.0,57.0,58.0,,,,,,0.0,,,,,,0.0,participants,1.000,Yes,No,,,No,No,"INCLUDE — Numerically extractable in its native endpoint/time/statistic; pooling still requires compatible stratum, comparator and independent-arm selection.",No (preserve trial strata where specified),Metoclopramide 10 mg IM was the prespecified rescue antiemetic for difficult-to-tolerate nausea/vomiting.,PDF p. 4; Table 4,https://drive.google.com/file/d/1xQ9SbXVZblphUrb0-T9xpnAXk-_z5nBX/view?usp=drivesdk,"SOURCE-AUDIT RECONCILED; supplied audit, no independent PDF reread",AUDIT-0204,204,ADDED,NOT REPORTED,NOT REPORTED,NOT REPORTED,NOT REPORTED,,,,,,,Available-case/completer analysis (115 analyzed),study_244_Tu_2023.pdf,Metoclopramide use 2–6 h after craniotomy: 0/57 vs 0/58; P=1.000.,INCLUDE,"Numerically extractable in its native endpoint/time/statistic; pooling still requires compatible stratum, comparator and independent-arm selection.",ROB2_RESULT_SPECIFIC_PENDING,Rescue antiemetic,TEAS,Sham,2-6h after craniotomy
Tu 2024,V34_B3_007,Postoperative TEAS at bilateral P6,Sham TEAS / no current at bilateral P6,Rescue antiemetic,Use of metoclopramide 10 mg IM,6–24 h after craniotomy,Events/total,60.0,60.0,57.0,58.0,,,,,,1.0,,,,,,1.0,participants,0.990,Yes,No,,,No,No,"INCLUDE — Numerically extractable in its native endpoint/time/statistic; pooling still requires compatible stratum, comparator and independent-arm selection.",No (preserve trial strata where specified),Metoclopramide 10 mg IM was the prespecified rescue antiemetic for difficult-to-tolerate nausea/vomiting.,PDF p. 4; Table 4,https://drive.google.com/file/d/1xQ9SbXVZblphUrb0-T9xpnAXk-_z5nBX/view?usp=drivesdk,"SOURCE-AUDIT RECONCILED; supplied audit, no independent PDF reread",AUDIT-0205,205,ADDED,NOT REPORTED,NOT REPORTED,NOT REPORTED,NOT REPORTED,,,,,,,Available-case/completer analysis (115 analyzed),study_244_Tu_2023.pdf,Metoclopramide use 6–24 h after craniotomy: 1/57 vs 1/58; P=0.990.,INCLUDE,"Numerically extractable in its native endpoint/time/statistic; pooling still requires compatible stratum, comparator and independent-arm selection.",ROB2_RESULT_SPECIFIC_PENDING,Rescue antiemetic,TEAS,Sham,6-24h after craniotomy
Tu 2024,V34_B3_008,Postoperative TEAS at bilateral P6,Sham TEAS / no current at bilateral P6,Pain,VAS pain intensity,0–2 h after craniotomy,Median/IQR,60.0,60.0,57.0,58.0,,,2.0,1.0,3.0,,,,3.0,2.0,4.0,,VAS 0–10,0.091,Yes,No,,,No,No,NARRATIVE ONLY — Median and original dispersion preserved; no mean/SD conversion or MD pooling.,No (preserve trial strata where specified),NOT REPORTED,PDF p. 4; Table 5,https://drive.google.com/file/d/1xQ9SbXVZblphUrb0-T9xpnAXk-_z5nBX/view?usp=drivesdk,"SOURCE-AUDIT RECONCILED; supplied audit, no independent PDF reread",AUDIT-0206,206,NOT_ANALYSIS_ELIGIBLE,2,1–3,3,2–4,,,,,,,Available-case/completer analysis (115 analyzed),study_244_Tu_2023.pdf,VAS 0–2 h after craniotomy: 2 (1–3) vs 3 (2–4); P=0.091.,NARRATIVE ONLY,Median and original dispersion preserved; no mean/SD conversion or MD pooling.,ROB2_RESULT_SPECIFIC_PENDING,Pain — unspecified context,TEAS,Sham,0-2h after craniotomy
Tu 2024,V34_B3_009,Postoperative TEAS at bilateral P6,Sham TEAS / no current at bilateral P6,Pain,VAS pain intensity,2–6 h after craniotomy,Median/IQR,60.0,60.0,57.0,58.0,,,2.0,1.0,3.0,,,,3.0,2.0,3.25,,VAS 0–10,0.057,Yes,No,,,No,No,NARRATIVE ONLY — Median and original dispersion preserved; no mean/SD conversion or MD pooling.,No (preserve trial strata where specified),NOT REPORTED,PDF p. 4; Table 5,https://drive.google.com/file/d/1xQ9SbXVZblphUrb0-T9xpnAXk-_z5nBX/view?usp=drivesdk,"SOURCE-AUDIT RECONCILED; supplied audit, no independent PDF reread",AUDIT-0207,207,NOT_ANALYSIS_ELIGIBLE,2,1–3,3,2–3.25,,,,,,,Available-case/completer analysis (115 analyzed),study_244_Tu_2023.pdf,VAS 2–6 h after craniotomy: 2 (1–3) vs 3 (2–3.25); P=0.057.,NARRATIVE ONLY,Median and original dispersion preserved; no mean/SD conversion or MD pooling.,ROB2_RESULT_SPECIFIC_PENDING,Pain — unspecified context,TEAS,Sham,2-6h after craniotomy
Tu 2024,V34_B3_010,Postoperative TEAS at bilateral P6,Sham TEAS / no current at bilateral P6,Adverse events,TEAS-related adverse events,0–24 h testing period,Events/total,60.0,60.0,57.0,58.0,,,,,,0.0,,,,,,0.0,participants,NOT REPORTED,Yes,No,,,No,No,"INCLUDE — Numerically extractable in its native endpoint/time/statistic; pooling still requires compatible stratum, comparator and independent-arm selection.",No (preserve trial strata where specified),"The article prospectively listed malignant arrhythmia, abnormal blood-pressure fluctuation, fainting, serious pain and local infection as TEAS adverse events.",PDF p. 4; Results §3.3,https://drive.google.com/file/d/1xQ9SbXVZblphUrb0-T9xpnAXk-_z5nBX/view?usp=drivesdk,"SOURCE-AUDIT RECONCILED; supplied audit, no independent PDF reread",AUDIT-0208,208,ADDED,NOT REPORTED,NOT REPORTED,NOT REPORTED,NOT REPORTED,,,,,,,Available-case/completer analysis (115 analyzed),study_244_Tu_2023.pdf,AEs were not observed in any patient during the 0–24-h testing period.,INCLUDE,"Numerically extractable in its native endpoint/time/statistic; pooling still requires compatible stratum, comparator and independent-arm selection.",ROB2_RESULT_SPECIFIC_PENDING,Adverse events,TEAS,Sham,0-24h testing period
Sun 2017,V34_B3_011,Preoperative true TEAS only (TSS),All-period sham TEAS (SSS),Pain,Resting VAS,1 h,Graph only,95.0,95.0,91.0,90.0,,,,,,,,,,,,,VAS 0–10,NOT REPORTED,Yes,No,,,No,No,GRAPH ONLY — No new graph digitization; historical digitized data require their original validation before pooling.,Yes — shared comparator; select one contrast per model,Exact numerical values are not printed in text/table. No visual digitization performed.,Clin J Pain 2017;33:343–344; Figure 2,https://drive.google.com/file/d/1lELlw0IpkhqoB8OuintAI22fxKfNEcEd/view?usp=drivesdk,"SOURCE-AUDIT RECONCILED; supplied audit, no independent PDF reread",AUDIT-0209,209,GRAPH_ONLY_ADDED,GRAPH ONLY,GRAPH ONLY,GRAPH ONLY,GRAPH ONLY,,,,,,,Available-case/completer analysis,sun2017-2.pdf,Resting pain VAS was assessed at 1 h; Figure 2 presents the distributions.,GRAPH ONLY,No new graph digitization; historical digitized data require their original validation before pooling.,ROB2_RESULT_SPECIFIC_PENDING,Pain — rest,TEAS,Sham,1h
Sun 2017,V34_B3_012,Preoperative true TEAS only (TSS),All-period sham TEAS (SSS),Pain,Resting VAS,6 h,Graph only,95.0,95.0,91.0,90.0,,,,,,,,,,,,,VAS 0–10,NOT REPORTED,Yes,No,,,No,No,GRAPH ONLY — No new graph digitization; historical digitized data require their original validation before pooling.,Yes — shared comparator; select one contrast per model,Exact numerical values are not printed in text/table. No visual digitization performed.,Clin J Pain 2017;33:343–344; Figure 2,https://drive.google.com/file/d/1lELlw0IpkhqoB8OuintAI22fxKfNEcEd/view?usp=drivesdk,"SOURCE-AUDIT RECONCILED; supplied audit, no independent PDF reread",AUDIT-0210,210,GRAPH_ONLY_ADDED,GRAPH ONLY,GRAPH ONLY,GRAPH ONLY,GRAPH ONLY,,,,,,,Available-case/completer analysis,sun2017-2.pdf,Resting pain VAS was assessed at 6 h; Figure 2 presents the distributions.,GRAPH ONLY,No new graph digitization; historical digitized data require their original validation before pooling.,ROB2_RESULT_SPECIFIC_PENDING,Pain — rest,TEAS,Sham,6h
Sun 2017,V34_B3_013,Preoperative true TEAS only (TSS),All-period sham TEAS (SSS),Pain,Resting VAS,24 h,Graph only,95.0,95.0,91.0,90.0,,,,,,,,,,,,,VAS 0–10,NOT REPORTED,Yes,No,,,No,No,GRAPH ONLY — No new graph digitization; historical digitized data require their original validation before pooling.,Yes — shared comparator; select one contrast per model,Exact numerical values are not printed in text/table. No visual digitization performed.,Clin J Pain 2017;33:343–344; Figure 2,https://drive.google.com/file/d/1lELlw0IpkhqoB8OuintAI22fxKfNEcEd/view?usp=drivesdk,"SOURCE-AUDIT RECONCILED; supplied audit, no independent PDF reread",AUDIT-0211,211,GRAPH_ONLY_ADDED,GRAPH ONLY,GRAPH ONLY,GRAPH ONLY,GRAPH ONLY,,,,,,,Available-case/completer analysis,sun2017-2.pdf,Resting pain VAS was assessed at 24 h; Figure 2 presents the distributions.,GRAPH ONLY,No new graph digitization; historical digitized data require their original validation before pooling.,ROB2_RESULT_SPECIFIC_PENDING,Pain — rest,TEAS,Sham,24 h point
Sun 2017,V34_B3_014,Preoperative true TEAS only (TSS),All-period sham TEAS (SSS),Pain,Resting VAS,48 h,Graph only,95.0,95.0,91.0,90.0,,,,,,,,,,,,,VAS 0–10,NOT REPORTED,Yes,No,,,No,No,GRAPH ONLY — No new graph digitization; historical digitized data require their original validation before pooling.,Yes — shared comparator; select one contrast per model,Exact numerical values are not printed in text/table. No visual digitization performed.,Clin J Pain 2017;33:343–344; Figure 2,https://drive.google.com/file/d/1lELlw0IpkhqoB8OuintAI22fxKfNEcEd/view?usp=drivesdk,"SOURCE-AUDIT RECONCILED; supplied audit, no independent PDF reread",AUDIT-0212,212,GRAPH_ONLY_ADDED,GRAPH ONLY,GRAPH ONLY,GRAPH ONLY,GRAPH ONLY,,,,,,,Available-case/completer analysis,sun2017-2.pdf,Resting pain VAS was assessed at 48 h; Figure 2 presents the distributions.,GRAPH ONLY,No new graph digitization; historical digitized data require their original validation before pooling.,ROB2_RESULT_SPECIFIC_PENDING,Pain — rest,TEAS,Sham,48h
Sun 2017,V34_B3_015,Preoperative true TEAS only (TSS),All-period sham TEAS (SSS),Pain,Activity-evoked VAS during coughing,1 h,Graph only,95.0,95.0,91.0,90.0,,,,,,,,,,,,,VAS 0–10,NOT REPORTED,Yes,No,,,No,No,GRAPH ONLY — No new graph digitization; historical digitized data require their original validation before pooling.,Yes — shared comparator; select one contrast per model,Exact numerical values are not printed in text/table. No visual digitization performed.,Clin J Pain 2017;33:343–344; Figure 2,https://drive.google.com/file/d/1lELlw0IpkhqoB8OuintAI22fxKfNEcEd/view?usp=drivesdk,"SOURCE-AUDIT RECONCILED; supplied audit, no independent PDF reread",AUDIT-0213,213,GRAPH_ONLY_ADDED,GRAPH ONLY,GRAPH ONLY,GRAPH ONLY,GRAPH ONLY,,,,,,,Available-case/completer analysis,sun2017-2.pdf,Activity pain VAS was assessed at 1 h; Figure 2 presents the distributions.,GRAPH ONLY,No new graph digitization; historical digitized data require their original validation before pooling.,ROB2_RESULT_SPECIFIC_PENDING,Pain — cough,TEAS,Sham,1h
Sun 2017,V34_B3_016,Preoperative true TEAS only (TSS),All-period sham TEAS (SSS),Pain,Activity-evoked VAS during coughing,6 h,Graph only,95.0,95.0,91.0,90.0,,,,,,,,,,,,,VAS 0–10,NOT REPORTED,Yes,No,,,No,No,GRAPH ONLY — No new graph digitization; historical digitized data require their original validation before pooling.,Yes — shared comparator; select one contrast per model,Exact numerical values are not printed in text/table. No visual digitization performed.,Clin J Pain 2017;33:343–344; Figure 2,https://drive.google.com/file/d/1lELlw0IpkhqoB8OuintAI22fxKfNEcEd/view?usp=drivesdk,"SOURCE-AUDIT RECONCILED; supplied audit, no independent PDF reread",AUDIT-0214,214,GRAPH_ONLY_ADDED,GRAPH ONLY,GRAPH ONLY,GRAPH ONLY,GRAPH ONLY,,,,,,,Available-case/completer analysis,sun2017-2.pdf,Activity pain VAS was assessed at 6 h; Figure 2 presents the distributions.,GRAPH ONLY,No new graph digitization; historical digitized data require their original validation before pooling.,ROB2_RESULT_SPECIFIC_PENDING,Pain — cough,TEAS,Sham,6h
Sun 2017,V34_B3_017,Preoperative true TEAS only (TSS),All-period sham TEAS (SSS),Pain,Activity-evoked VAS during coughing,48 h,Graph only,95.0,95.0,91.0,90.0,,,,,,,,,,,,,VAS 0–10,NOT REPORTED,Yes,No,,,No,No,GRAPH ONLY — No new graph digitization; historical digitized data require their original validation before pooling.,Yes — shared comparator; select one contrast per model,Exact numerical values are not printed in text/table. No visual digitization performed.,Clin J Pain 2017;33:343–344; Figure 2,https://drive.google.com/file/d/1lELlw0IpkhqoB8OuintAI22fxKfNEcEd/view?usp=drivesdk,"SOURCE-AUDIT RECONCILED; supplied audit, no independent PDF reread",AUDIT-0215,215,GRAPH_ONLY_ADDED,GRAPH ONLY,GRAPH ONLY,GRAPH ONLY,GRAPH ONLY,,,,,,,Available-case/completer analysis,sun2017-2.pdf,Activity pain VAS was assessed at 48 h; Figure 2 presents the distributions.,GRAPH ONLY,No new graph digitization; historical digitized data require their original validation before pooling.,ROB2_RESULT_SPECIFIC_PENDING,Pain — cough,TEAS,Sham,48h
Sun 2017,V34_B3_018,Preoperative + intraoperative true TEAS (TTS),All-period sham TEAS (SSS),Pain,Resting VAS,1 h,Graph only,95.0,95.0,91.0,90.0,,,,,,,,,,,,,VAS 0–10,NOT REPORTED,Yes,No,,,No,No,GRAPH ONLY — No new graph digitization; historical digitized data require their original validation before pooling.,Yes — shared comparator; select one contrast per model,Exact numerical values are not printed in text/table. No visual digitization performed.,Clin J Pain 2017;33:343–344; Figure 2,https://drive.google.com/file/d/1lELlw0IpkhqoB8OuintAI22fxKfNEcEd/view?usp=drivesdk,"SOURCE-AUDIT RECONCILED; supplied audit, no independent PDF reread",AUDIT-0216,216,GRAPH_ONLY_ADDED,GRAPH ONLY,GRAPH ONLY,GRAPH ONLY,GRAPH ONLY,,,,,,,Available-case/completer analysis,sun2017-2.pdf,Resting pain VAS was assessed at 1 h; Figure 2 presents the distributions.,GRAPH ONLY,No new graph digitization; historical digitized data require their original validation before pooling.,ROB2_RESULT_SPECIFIC_PENDING,Pain — rest,TEAS,Sham,1h
Sun 2017,V34_B3_019,Preoperative + intraoperative true TEAS (TTS),All-period sham TEAS (SSS),Pain,Resting VAS,6 h,Graph only,95.0,95.0,91.0,90.0,,,,,,,,,,,,,VAS 0–10,NOT REPORTED,Yes,No,,,No,No,GRAPH ONLY — No new graph digitization; historical digitized data require their original validation before pooling.,Yes — shared comparator; select one contrast per model,Exact numerical values are not printed in text/table. No visual digitization performed.,Clin J Pain 2017;33:343–344; Figure 2,https://drive.google.com/file/d/1lELlw0IpkhqoB8OuintAI22fxKfNEcEd/view?usp=drivesdk,"SOURCE-AUDIT RECONCILED; supplied audit, no independent PDF reread",AUDIT-0217,217,GRAPH_ONLY_ADDED,GRAPH ONLY,GRAPH ONLY,GRAPH ONLY,GRAPH ONLY,,,,,,,Available-case/completer analysis,sun2017-2.pdf,Resting pain VAS was assessed at 6 h; Figure 2 presents the distributions.,GRAPH ONLY,No new graph digitization; historical digitized data require their original validation before pooling.,ROB2_RESULT_SPECIFIC_PENDING,Pain — rest,TEAS,Sham,6h
Sun 2017,V34_B3_020,Preoperative + intraoperative true TEAS (TTS),All-period sham TEAS (SSS),Pain,Resting VAS,24 h,Graph only,95.0,95.0,91.0,90.0,,,,,,,,,,,,,VAS 0–10,NOT REPORTED,Yes,No,,,No,No,GRAPH ONLY — No new graph digitization; historical digitized data require their original validation before pooling.,Yes — shared comparator; select one contrast per model,Exact numerical values are not printed in text/table. No visual digitization performed.,Clin J Pain 2017;33:343–344; Figure 2,https://drive.google.com/file/d/1lELlw0IpkhqoB8OuintAI22fxKfNEcEd/view?usp=drivesdk,"SOURCE-AUDIT RECONCILED; supplied audit, no independent PDF reread",AUDIT-0218,218,GRAPH_ONLY_ADDED,GRAPH ONLY,GRAPH ONLY,GRAPH ONLY,GRAPH ONLY,,,,,,,Available-case/completer analysis,sun2017-2.pdf,Resting pain VAS was assessed at 24 h; Figure 2 presents the distributions.,GRAPH ONLY,No new graph digitization; historical digitized data require their original validation before pooling.,ROB2_RESULT_SPECIFIC_PENDING,Pain — rest,TEAS,Sham,24 h point
Sun 2017,V34_B3_021,Preoperative + intraoperative true TEAS (TTS),All-period sham TEAS (SSS),Pain,Resting VAS,48 h,Graph only,95.0,95.0,91.0,90.0,,,,,,,,,,,,,VAS 0–10,NOT REPORTED,Yes,No,,,No,No,GRAPH ONLY — No new graph digitization; historical digitized data require their original validation before pooling.,Yes — shared comparator; select one contrast per model,Exact numerical values are not printed in text/table. No visual digitization performed.,Clin J Pain 2017;33:343–344; Figure 2,https://drive.google.com/file/d/1lELlw0IpkhqoB8OuintAI22fxKfNEcEd/view?usp=drivesdk,"SOURCE-AUDIT RECONCILED; supplied audit, no independent PDF reread",AUDIT-0219,219,GRAPH_ONLY_ADDED,GRAPH ONLY,GRAPH ONLY,GRAPH ONLY,GRAPH ONLY,,,,,,,Available-case/completer analysis,sun2017-2.pdf,Resting pain VAS was assessed at 48 h; Figure 2 presents the distributions.,GRAPH ONLY,No new graph digitization; historical digitized data require their original validation before pooling.,ROB2_RESULT_SPECIFIC_PENDING,Pain — rest,TEAS,Sham,48h
Sun 2017,V34_B3_022,Preoperative + intraoperative true TEAS (TTS),All-period sham TEAS (SSS),Pain,Activity-evoked VAS during coughing,1 h,Graph only,95.0,95.0,91.0,90.0,,,,,,,,,,,,,VAS 0–10,NOT REPORTED,Yes,No,,,No,No,GRAPH ONLY — No new graph digitization; historical digitized data require their original validation before pooling.,Yes — shared comparator; select one contrast per model,Exact numerical values are not printed in text/table. No visual digitization performed.,Clin J Pain 2017;33:343–344; Figure 2,https://drive.google.com/file/d/1lELlw0IpkhqoB8OuintAI22fxKfNEcEd/view?usp=drivesdk,"SOURCE-AUDIT RECONCILED; supplied audit, no independent PDF reread",AUDIT-0220,220,GRAPH_ONLY_ADDED,GRAPH ONLY,GRAPH ONLY,GRAPH ONLY,GRAPH ONLY,,,,,,,Available-case/completer analysis,sun2017-2.pdf,Activity pain VAS was assessed at 1 h; Figure 2 presents the distributions.,GRAPH ONLY,No new graph digitization; historical digitized data require their original validation before pooling.,ROB2_RESULT_SPECIFIC_PENDING,Pain — cough,TEAS,Sham,1h
Sun 2017,V34_B3_023,Preoperative + intraoperative true TEAS (TTS),All-period sham TEAS (SSS),Pain,Activity-evoked VAS during coughing,6 h,Graph only,95.0,95.0,91.0,90.0,,,,,,,,,,,,,VAS 0–10,<0.001 for TTS/TST vs SSS/TSS,Yes,No,,,No,No,GRAPH ONLY — No new graph digitization; historical digitized data require their original validation before pooling.,Yes — shared comparator; select one contrast per model,Exact numerical values are not printed in text/table. No visual digitization performed.,Clin J Pain 2017;33:343–344; Figure 2,https://drive.google.com/file/d/1lELlw0IpkhqoB8OuintAI22fxKfNEcEd/view?usp=drivesdk,"SOURCE-AUDIT RECONCILED; supplied audit, no independent PDF reread",AUDIT-0221,221,GRAPH_ONLY_ADDED,GRAPH ONLY,GRAPH ONLY,GRAPH ONLY,GRAPH ONLY,,,,,,,Available-case/completer analysis,sun2017-2.pdf,Activity pain VAS was assessed at 6 h; Figure 2 presents the distributions.,GRAPH ONLY,No new graph digitization; historical digitized data require their original validation before pooling.,ROB2_RESULT_SPECIFIC_PENDING,Pain — cough,TEAS,Sham,6h
Sun 2017,V34_B3_024,Preoperative + intraoperative true TEAS (TTS),All-period sham TEAS (SSS),Pain,Activity-evoked VAS during coughing,48 h,Graph only,95.0,95.0,91.0,90.0,,,,,,,,,,,,,VAS 0–10,NOT REPORTED,Yes,No,,,No,No,GRAPH ONLY — No new graph digitization; historical digitized data require their original validation before pooling.,Yes — shared comparator; select one contrast per model,Exact numerical values are not printed in text/table. No visual digitization performed.,Clin J Pain 2017;33:343–344; Figure 2,https://drive.google.com/file/d/1lELlw0IpkhqoB8OuintAI22fxKfNEcEd/view?usp=drivesdk,"SOURCE-AUDIT RECONCILED; supplied audit, no independent PDF reread",AUDIT-0222,222,GRAPH_ONLY_ADDED,GRAPH ONLY,GRAPH ONLY,GRAPH ONLY,GRAPH ONLY,,,,,,,Available-case/completer analysis,sun2017-2.pdf,Activity pain VAS was assessed at 48 h; Figure 2 presents the distributions.,GRAPH ONLY,No new graph digitization; historical digitized data require their original validation before pooling.,ROB2_RESULT_SPECIFIC_PENDING,Pain — cough,TEAS,Sham,48h
Sun 2017,V34_B3_025,Preoperative + postoperative true TEAS (TST),All-period sham TEAS (SSS),Pain,Resting VAS,1 h,Graph only,95.0,95.0,89.0,90.0,,,,,,,,,,,,,VAS 0–10,NOT REPORTED,Yes,No,,,No,No,GRAPH ONLY — No new graph digitization; historical digitized data require their original validation before pooling.,Yes — shared comparator; select one contrast per model,Exact numerical values are not printed in text/table. No visual digitization performed.,Clin J Pain 2017;33:343–344; Figure 2,https://drive.google.com/file/d/1lELlw0IpkhqoB8OuintAI22fxKfNEcEd/view?usp=drivesdk,"SOURCE-AUDIT RECONCILED; supplied audit, no independent PDF reread",AUDIT-0223,223,GRAPH_ONLY_ADDED,GRAPH ONLY,GRAPH ONLY,GRAPH ONLY,GRAPH ONLY,,,,,,,Available-case/completer analysis,sun2017-2.pdf,Resting pain VAS was assessed at 1 h; Figure 2 presents the distributions.,GRAPH ONLY,No new graph digitization; historical digitized data require their original validation before pooling.,ROB2_RESULT_SPECIFIC_PENDING,Pain — rest,TEAS,Sham,1h
Sun 2017,V34_B3_026,Preoperative + postoperative true TEAS (TST),All-period sham TEAS (SSS),Pain,Resting VAS,6 h,Graph only,95.0,95.0,89.0,90.0,,,,,,,,,,,,,VAS 0–10,NOT REPORTED,Yes,No,,,No,No,GRAPH ONLY — No new graph digitization; historical digitized data require their original validation before pooling.,Yes — shared comparator; select one contrast per model,Exact numerical values are not printed in text/table. No visual digitization performed.,Clin J Pain 2017;33:343–344; Figure 2,https://drive.google.com/file/d/1lELlw0IpkhqoB8OuintAI22fxKfNEcEd/view?usp=drivesdk,"SOURCE-AUDIT RECONCILED; supplied audit, no independent PDF reread",AUDIT-0224,224,GRAPH_ONLY_ADDED,GRAPH ONLY,GRAPH ONLY,GRAPH ONLY,GRAPH ONLY,,,,,,,Available-case/completer analysis,sun2017-2.pdf,Resting pain VAS was assessed at 6 h; Figure 2 presents the distributions.,GRAPH ONLY,No new graph digitization; historical digitized data require their original validation before pooling.,ROB2_RESULT_SPECIFIC_PENDING,Pain — rest,TEAS,Sham,6h
Sun 2017,V34_B3_027,Preoperative + postoperative true TEAS (TST),All-period sham TEAS (SSS),Pain,Resting VAS,24 h,Graph only,95.0,95.0,89.0,90.0,,,,,,,,,,,,,VAS 0–10,NOT REPORTED,Yes,No,,,No,No,GRAPH ONLY — No new graph digitization; historical digitized data require their original validation before pooling.,Yes — shared comparator; select one contrast per model,Exact numerical values are not printed in text/table. No visual digitization performed.,Clin J Pain 2017;33:343–344; Figure 2,https://drive.google.com/file/d/1lELlw0IpkhqoB8OuintAI22fxKfNEcEd/view?usp=drivesdk,"SOURCE-AUDIT RECONCILED; supplied audit, no independent PDF reread",AUDIT-0225,225,GRAPH_ONLY_ADDED,GRAPH ONLY,GRAPH ONLY,GRAPH ONLY,GRAPH ONLY,,,,,,,Available-case/completer analysis,sun2017-2.pdf,Resting pain VAS was assessed at 24 h; Figure 2 presents the distributions.,GRAPH ONLY,No new graph digitization; historical digitized data require their original validation before pooling.,ROB2_RESULT_SPECIFIC_PENDING,Pain — rest,TEAS,Sham,24 h point
Sun 2017,V34_B3_028,Preoperative + postoperative true TEAS (TST),All-period sham TEAS (SSS),Pain,Resting VAS,48 h,Graph only,95.0,95.0,89.0,90.0,,,,,,,,,,,,,VAS 0–10,NOT REPORTED,Yes,No,,,No,No,GRAPH ONLY — No new graph digitization; historical digitized data require their original validation before pooling.,Yes — shared comparator; select one contrast per model,Exact numerical values are not printed in text/table. No visual digitization performed.,Clin J Pain 2017;33:343–344; Figure 2,https://drive.google.com/file/d/1lELlw0IpkhqoB8OuintAI22fxKfNEcEd/view?usp=drivesdk,"SOURCE-AUDIT RECONCILED; supplied audit, no independent PDF reread",AUDIT-0226,226,GRAPH_ONLY_ADDED,GRAPH ONLY,GRAPH ONLY,GRAPH ONLY,GRAPH ONLY,,,,,,,Available-case/completer analysis,sun2017-2.pdf,Resting pain VAS was assessed at 48 h; Figure 2 presents the distributions.,GRAPH ONLY,No new graph digitization; historical digitized data require their original validation before pooling.,ROB2_RESULT_SPECIFIC_PENDING,Pain — rest,TEAS,Sham,48h
Sun 2017,V34_B3_029,Preoperative + postoperative true TEAS (TST),All-period sham TEAS (SSS),Pain,Activity-evoked VAS during coughing,1 h,Graph only,95.0,95.0,89.0,90.0,,,,,,,,,,,,,VAS 0–10,NOT REPORTED,Yes,No,,,No,No,GRAPH ONLY — No new graph digitization; historical digitized data require their original validation before pooling.,Yes — shared comparator; select one contrast per model,Exact numerical values are not printed in text/table. No visual digitization performed.,Clin J Pain 2017;33:343–344; Figure 2,https://drive.google.com/file/d/1lELlw0IpkhqoB8OuintAI22fxKfNEcEd/view?usp=drivesdk,"SOURCE-AUDIT RECONCILED; supplied audit, no independent PDF reread",AUDIT-0227,227,GRAPH_ONLY_ADDED,GRAPH ONLY,GRAPH ONLY,GRAPH ONLY,GRAPH ONLY,,,,,,,Available-case/completer analysis,sun2017-2.pdf,Activity pain VAS was assessed at 1 h; Figure 2 presents the distributions.,GRAPH ONLY,No new graph digitization; historical digitized data require their original validation before pooling.,ROB2_RESULT_SPECIFIC_PENDING,Pain — cough,TEAS,Sham,1h
Sun 2017,V34_B3_030,Preoperative + postoperative true TEAS (TST),All-period sham TEAS (SSS),Pain,Activity-evoked VAS during coughing,6 h,Graph only,95.0,95.0,89.0,90.0,,,,,,,,,,,,,VAS 0–10,<0.001 for TTS/TST vs SSS/TSS,Yes,No,,,No,No,GRAPH ONLY — No new graph digitization; historical digitized data require their original validation before pooling.,Yes — shared comparator; select one contrast per model,Exact numerical values are not printed in text/table. No visual digitization performed.,Clin J Pain 2017;33:343–344; Figure 2,https://drive.google.com/file/d/1lELlw0IpkhqoB8OuintAI22fxKfNEcEd/view?usp=drivesdk,"SOURCE-AUDIT RECONCILED; supplied audit, no independent PDF reread",AUDIT-0228,228,GRAPH_ONLY_ADDED,GRAPH ONLY,GRAPH ONLY,GRAPH ONLY,GRAPH ONLY,,,,,,,Available-case/completer analysis,sun2017-2.pdf,Activity pain VAS was assessed at 6 h; Figure 2 presents the distributions.,GRAPH ONLY,No new graph digitization; historical digitized data require their original validation before pooling.,ROB2_RESULT_SPECIFIC_PENDING,Pain — cough,TEAS,Sham,6h
Sun 2017,V34_B3_031,Preoperative + postoperative true TEAS (TST),All-period sham TEAS (SSS),Pain,Activity-evoked VAS during coughing,48 h,Graph only,95.0,95.0,89.0,90.0,,,,,,,,,,,,,VAS 0–10,<0.001 for TST vs SSS/TSS,Yes,No,,,No,No,GRAPH ONLY — No new graph digitization; historical digitized data require their original validation before pooling.,Yes — shared comparator; select one contrast per model,Exact numerical values are not printed in text/table. No visual digitization performed.,Clin J Pain 2017;33:343–344; Figure 2,https://drive.google.com/file/d/1lELlw0IpkhqoB8OuintAI22fxKfNEcEd/view?usp=drivesdk,"SOURCE-AUDIT RECONCILED; supplied audit, no independent PDF reread",AUDIT-0229,229,GRAPH_ONLY_ADDED,GRAPH ONLY,GRAPH ONLY,GRAPH ONLY,GRAPH ONLY,,,,,,,Available-case/completer analysis,sun2017-2.pdf,Activity pain VAS was assessed at 48 h; Figure 2 presents the distributions.,GRAPH ONLY,No new graph digitization; historical digitized data require their original validation before pooling.,ROB2_RESULT_SPECIFIC_PENDING,Pain — cough,TEAS,Sham,48h
Sun 2017,V34_B3_032,Preoperative true TEAS only (TSS),All-period sham TEAS (SSS),PONV,Nausea,Within 48 h after surgery,Published percentage (95% CI),95.0,95.0,91.0,90.0,,,,,,,,,,,,,percent,0.376,Yes,No,,,No,No,NARRATIVE ONLY — Printed percentage/CI retained; event counts not reverse-engineered.,Yes — shared comparator; select one contrast per model,Only percentages and 95% confidence intervals are printed. Raw event counts are NOT REPORTED and were not reverse-engineered.,Clin J Pain 2017;33:344; Table 2,https://drive.google.com/file/d/1lELlw0IpkhqoB8OuintAI22fxKfNEcEd/view?usp=drivesdk,"SOURCE-AUDIT RECONCILED; supplied audit, no independent PDF reread",AUDIT-0230,230,NOT_ANALYSIS_ELIGIBLE,34.1,95% CI 24.3–43.9,25.6,95% CI 16.5–34.6,,,,,,,Available-case/completer analysis,sun2017-2.pdf,Nausea: SSS 25.6% (16.5–34.6); active arm 34.1% (24.3–43.9); overall P=0.376.,NARRATIVE ONLY,Printed percentage/CI retained; event counts not reverse-engineered.,ROB2_RESULT_SPECIFIC_PENDING,Nausea,TEAS,Sham,within 48h after surgery
Sun 2017,V34_B3_033,Preoperative + intraoperative true TEAS (TTS),All-period sham TEAS (SSS),PONV,Nausea,Within 48 h after surgery,Published percentage (95% CI),95.0,95.0,91.0,90.0,,,,,,,,,,,,,percent,0.376,Yes,No,,,No,No,NARRATIVE ONLY — Printed percentage/CI retained; event counts not reverse-engineered.,Yes — shared comparator; select one contrast per model,Only percentages and 95% confidence intervals are printed. Raw event counts are NOT REPORTED and were not reverse-engineered.,Clin J Pain 2017;33:344; Table 2,https://drive.google.com/file/d/1lELlw0IpkhqoB8OuintAI22fxKfNEcEd/view?usp=drivesdk,"SOURCE-AUDIT RECONCILED; supplied audit, no independent PDF reread",AUDIT-0231,231,NOT_ANALYSIS_ELIGIBLE,26.4,95% CI 17.3–35.5,25.6,95% CI 16.5–34.6,,,,,,,Available-case/completer analysis,sun2017-2.pdf,Nausea: SSS 25.6% (16.5–34.6); active arm 26.4% (17.3–35.5); overall P=0.376.,NARRATIVE ONLY,Printed percentage/CI retained; event counts not reverse-engineered.,ROB2_RESULT_SPECIFIC_PENDING,Nausea,TEAS,Sham,within 48h after surgery
Sun 2017,V34_B3_034,Preoperative + postoperative true TEAS (TST),All-period sham TEAS (SSS),PONV,Nausea,Within 48 h after surgery,Published percentage (95% CI),95.0,95.0,89.0,90.0,,,,,,,,,,,,,percent,0.376,Yes,No,,,No,No,NARRATIVE ONLY — Printed percentage/CI retained; event counts not reverse-engineered.,Yes — shared comparator; select one contrast per model,Only percentages and 95% confidence intervals are printed. Raw event counts are NOT REPORTED and were not reverse-engineered.,Clin J Pain 2017;33:344; Table 2,https://drive.google.com/file/d/1lELlw0IpkhqoB8OuintAI22fxKfNEcEd/view?usp=drivesdk,"SOURCE-AUDIT RECONCILED; supplied audit, no independent PDF reread",AUDIT-0232,232,NOT_ANALYSIS_ELIGIBLE,34.8,95% CI 24.8–44.8,25.6,95% CI 16.5–34.6,,,,,,,Available-case/completer analysis,sun2017-2.pdf,Nausea: SSS 25.6% (16.5–34.6); active arm 34.8% (24.8–44.8); overall P=0.376.,NARRATIVE ONLY,Printed percentage/CI retained; event counts not reverse-engineered.,ROB2_RESULT_SPECIFIC_PENDING,Nausea,TEAS,Sham,within 48h after surgery
Sun 2017,V34_B3_035,Preoperative true TEAS only (TSS),All-period sham TEAS (SSS),PONV,Vomiting,Within 48 h after surgery,Published percentage (95% CI),95.0,95.0,91.0,90.0,,,,,,,,,,,,,percent,0.759,Yes,No,,,No,No,NARRATIVE ONLY — Printed percentage/CI retained; event counts not reverse-engineered.,Yes — shared comparator; select one contrast per model,Only percentages and 95% confidence intervals are printed. Raw event counts are NOT REPORTED and were not reverse-engineered.,Clin J Pain 2017;33:344; Table 2,https://drive.google.com/file/d/1lELlw0IpkhqoB8OuintAI22fxKfNEcEd/view?usp=drivesdk,"SOURCE-AUDIT RECONCILED; supplied audit, no independent PDF reread",AUDIT-0233,233,NOT_ANALYSIS_ELIGIBLE,25.3,95% CI 16.3–34.3,22.2,95% CI 13.6–30.8,,,,,,,Available-case/completer analysis,sun2017-2.pdf,Vomiting: SSS 22.2% (13.6–30.8); active arm 25.3% (16.3–34.3); overall P=0.759.,NARRATIVE ONLY,Printed percentage/CI retained; event counts not reverse-engineered.,ROB2_RESULT_SPECIFIC_PENDING,Vomiting,TEAS,Sham,within 48h after surgery
Sun 2017,V34_B3_036,Preoperative + intraoperative true TEAS (TTS),All-period sham TEAS (SSS),PONV,Vomiting,Within 48 h after surgery,Published percentage (95% CI),95.0,95.0,91.0,90.0,,,,,,,,,,,,,percent,0.759,Yes,No,,,No,No,NARRATIVE ONLY — Printed percentage/CI retained; event counts not reverse-engineered.,Yes — shared comparator; select one contrast per model,Only percentages and 95% confidence intervals are printed. Raw event counts are NOT REPORTED and were not reverse-engineered.,Clin J Pain 2017;33:344; Table 2,https://drive.google.com/file/d/1lELlw0IpkhqoB8OuintAI22fxKfNEcEd/view?usp=drivesdk,"SOURCE-AUDIT RECONCILED; supplied audit, no independent PDF reread",AUDIT-0234,234,NOT_ANALYSIS_ELIGIBLE,26.4,95% CI 17.3–35.5,22.2,95% CI 13.6–30.8,,,,,,,Available-case/completer analysis,sun2017-2.pdf,Vomiting: SSS 22.2% (13.6–30.8); active arm 26.4% (17.3–35.5); overall P=0.759.,NARRATIVE ONLY,Printed percentage/CI retained; event counts not reverse-engineered.,ROB2_RESULT_SPECIFIC_PENDING,Vomiting,TEAS,Sham,within 48h after surgery
Sun 2017,V34_B3_037,Preoperative + postoperative true TEAS (TST),All-period sham TEAS (SSS),PONV,Vomiting,Within 48 h after surgery,Published percentage (95% CI),95.0,95.0,89.0,90.0,,,,,,,,,,,,,percent,0.759,Yes,No,,,No,No,NARRATIVE ONLY — Printed percentage/CI retained; event counts not reverse-engineered.,Yes — shared comparator; select one contrast per model,Only percentages and 95% confidence intervals are printed. Raw event counts are NOT REPORTED and were not reverse-engineered.,Clin J Pain 2017;33:344; Table 2,https://drive.google.com/file/d/1lELlw0IpkhqoB8OuintAI22fxKfNEcEd/view?usp=drivesdk,"SOURCE-AUDIT RECONCILED; supplied audit, no independent PDF reread",AUDIT-0235,235,NOT_ANALYSIS_ELIGIBLE,29.2,95% CI 19.7–38.7,22.2,95% CI 13.6–30.8,,,,,,,Available-case/completer analysis,sun2017-2.pdf,Vomiting: SSS 22.2% (13.6–30.8); active arm 29.2% (19.7–38.7); overall P=0.759.,NARRATIVE ONLY,Printed percentage/CI retained; event counts not reverse-engineered.,ROB2_RESULT_SPECIFIC_PENDING,Vomiting,TEAS,Sham,within 48h after surgery
Sun 2017,V34_B3_038,Preoperative true TEAS only (TSS),All-period sham TEAS (SSS),Rescue antiemetic,Additional antiemetic requirement,Within 48 h after surgery,Published percentage (95% CI),95.0,95.0,91.0,90.0,,,,,,,,,,,,,percent,0.840,Yes,No,,,No,No,NARRATIVE ONLY — Printed percentage/CI retained; event counts not reverse-engineered.,Yes — shared comparator; select one contrast per model,Only percentages and 95% confidence intervals are printed. Raw event counts are NOT REPORTED and were not reverse-engineered.,Clin J Pain 2017;33:344; Table 2,https://drive.google.com/file/d/1lELlw0IpkhqoB8OuintAI22fxKfNEcEd/view?usp=drivesdk,"SOURCE-AUDIT RECONCILED; supplied audit, no independent PDF reread",AUDIT-0236,236,NOT_ANALYSIS_ELIGIBLE,25.3,95% CI 16.3–34.3,23.3,95% CI 14.5–32.1,,,,,,,Available-case/completer analysis,sun2017-2.pdf,Additional antiemetic requirement: SSS 23.3% (14.5–32.1); active arm 25.3% (16.3–34.3); overall P=0.840.,NARRATIVE ONLY,Printed percentage/CI retained; event counts not reverse-engineered.,ROB2_RESULT_SPECIFIC_PENDING,Rescue antiemetic,TEAS,Sham,within 48h after surgery
Sun 2017,V34_B3_039,Preoperative + intraoperative true TEAS (TTS),All-period sham TEAS (SSS),Rescue antiemetic,Additional antiemetic requirement,Within 48 h after surgery,Published percentage (95% CI),95.0,95.0,91.0,90.0,,,,,,,,,,,,,percent,0.840,Yes,No,,,No,No,NARRATIVE ONLY — Printed percentage/CI retained; event counts not reverse-engineered.,Yes — shared comparator; select one contrast per model,Only percentages and 95% confidence intervals are printed. Raw event counts are NOT REPORTED and were not reverse-engineered.,Clin J Pain 2017;33:344; Table 2,https://drive.google.com/file/d/1lELlw0IpkhqoB8OuintAI22fxKfNEcEd/view?usp=drivesdk,"SOURCE-AUDIT RECONCILED; supplied audit, no independent PDF reread",AUDIT-0237,237,NOT_ANALYSIS_ELIGIBLE,26.4,95% CI 17.3–35.5,23.3,95% CI 14.5–32.1,,,,,,,Available-case/completer analysis,sun2017-2.pdf,Additional antiemetic requirement: SSS 23.3% (14.5–32.1); active arm 26.4% (17.3–35.5); overall P=0.840.,NARRATIVE ONLY,Printed percentage/CI retained; event counts not reverse-engineered.,ROB2_RESULT_SPECIFIC_PENDING,Rescue antiemetic,TEAS,Sham,within 48h after surgery
Sun 2017,V34_B3_040,Preoperative + postoperative true TEAS (TST),All-period sham TEAS (SSS),Rescue antiemetic,Additional antiemetic requirement,Within 48 h after surgery,Published percentage (95% CI),95.0,95.0,89.0,90.0,,,,,,,,,,,,,percent,0.840,Yes,No,,,No,No,NARRATIVE ONLY — Printed percentage/CI retained; event counts not reverse-engineered.,Yes — shared comparator; select one contrast per model,Only percentages and 95% confidence intervals are printed. Raw event counts are NOT REPORTED and were not reverse-engineered.,Clin J Pain 2017;33:344; Table 2,https://drive.google.com/file/d/1lELlw0IpkhqoB8OuintAI22fxKfNEcEd/view?usp=drivesdk,"SOURCE-AUDIT RECONCILED; supplied audit, no independent PDF reread",AUDIT-0238,238,NOT_ANALYSIS_ELIGIBLE,29.2,95% CI 19.7–38.7,23.3,95% CI 14.5–32.1,,,,,,,Available-case/completer analysis,sun2017-2.pdf,Additional antiemetic requirement: SSS 23.3% (14.5–32.1); active arm 29.2% (19.7–38.7); overall P=0.840.,NARRATIVE ONLY,Printed percentage/CI retained; event counts not reverse-engineered.,ROB2_RESULT_SPECIFIC_PENDING,Rescue antiemetic,TEAS,Sham,within 48h after surgery
Sun 2017,V34_B3_041,Preoperative true TEAS only (TSS),All-period sham TEAS (SSS),Patient satisfaction,Patient satisfaction — extremely satisfied,Postoperative assessment; exact clock time not separately stated,Published percentage (95% CI),95.0,95.0,91.0,90.0,,,,,,,,,,,,,percent,<0.001,Yes,No,,,No,No,NARRATIVE ONLY — Printed percentage/CI retained; event counts not reverse-engineered.,Yes — shared comparator; select one contrast per model,Only percentages and 95% confidence intervals are printed. Raw event counts are NOT REPORTED and were not reverse-engineered.,Clin J Pain 2017;33:344; Table 2,https://drive.google.com/file/d/1lELlw0IpkhqoB8OuintAI22fxKfNEcEd/view?usp=drivesdk,"SOURCE-AUDIT RECONCILED; supplied audit, no independent PDF reread",AUDIT-0239,239,NOT_ANALYSIS_ELIGIBLE,98.9,95% CI 96.7–101.1,88.9,95% CI 82.4–95.4,,,,,,,Available-case/completer analysis,sun2017-2.pdf,Patient satisfaction — extremely satisfied: SSS 88.9% (82.4–95.4); active arm 98.9% (96.7–101.1); overall P=<0.001.,NARRATIVE ONLY,Printed percentage/CI retained; event counts not reverse-engineered.,ROB2_RESULT_SPECIFIC_PENDING,Patient satisfaction,TEAS,Sham,postoperative assessment; exact clock time not separately stated
Sun 2017,V34_B3_042,Preoperative + intraoperative true TEAS (TTS),All-period sham TEAS (SSS),Patient satisfaction,Patient satisfaction — extremely satisfied,Postoperative assessment; exact clock time not separately stated,Published percentage (95% CI),95.0,95.0,91.0,90.0,,,,,,,,,,,,,percent,<0.001,Yes,No,,,No,No,NARRATIVE ONLY — Printed percentage/CI retained; event counts not reverse-engineered.,Yes — shared comparator; select one contrast per model,Only percentages and 95% confidence intervals are printed. Raw event counts are NOT REPORTED and were not reverse-engineered.,Clin J Pain 2017;33:344; Table 2,https://drive.google.com/file/d/1lELlw0IpkhqoB8OuintAI22fxKfNEcEd/view?usp=drivesdk,"SOURCE-AUDIT RECONCILED; supplied audit, no independent PDF reread",AUDIT-0240,240,NOT_ANALYSIS_ELIGIBLE,100.0,95% CI 100–100,88.9,95% CI 82.4–95.4,,,,,,,Available-case/completer analysis,sun2017-2.pdf,Patient satisfaction — extremely satisfied: SSS 88.9% (82.4–95.4); active arm 100.0% (100–100); overall P=<0.001.,NARRATIVE ONLY,Printed percentage/CI retained; event counts not reverse-engineered.,ROB2_RESULT_SPECIFIC_PENDING,Patient satisfaction,TEAS,Sham,postoperative assessment; exact clock time not separately stated
Sun 2017,V34_B3_043,Preoperative + postoperative true TEAS (TST),All-period sham TEAS (SSS),Patient satisfaction,Patient satisfaction — extremely satisfied,Postoperative assessment; exact clock time not separately stated,Published percentage (95% CI),95.0,95.0,89.0,90.0,,,,,,,,,,,,,percent,<0.001,Yes,No,,,No,No,NARRATIVE ONLY — Printed percentage/CI retained; event counts not reverse-engineered.,Yes — shared comparator; select one contrast per model,Only percentages and 95% confidence intervals are printed. Raw event counts are NOT REPORTED and were not reverse-engineered.,Clin J Pain 2017;33:344; Table 2,https://drive.google.com/file/d/1lELlw0IpkhqoB8OuintAI22fxKfNEcEd/view?usp=drivesdk,"SOURCE-AUDIT RECONCILED; supplied audit, no independent PDF reread",AUDIT-0241,241,NOT_ANALYSIS_ELIGIBLE,100.0,95% CI 100–100,88.9,95% CI 82.4–95.4,,,,,,,Available-case/completer analysis,sun2017-2.pdf,Patient satisfaction — extremely satisfied: SSS 88.9% (82.4–95.4); active arm 100.0% (100–100); overall P=<0.001.,NARRATIVE ONLY,Printed percentage/CI retained; event counts not reverse-engineered.,ROB2_RESULT_SPECIFIC_PENDING,Patient satisfaction,TEAS,Sham,postoperative assessment; exact clock time not separately stated
Sun 2017,V34_B3_044,Preoperative true TEAS only (TSS),All-period sham TEAS (SSS),Intraoperative opioid,Author-defined intraoperative morphine-equivalent exposure,Intraoperative,Mean/SD,95.0,95.0,91.0,90.0,1.6,0.4,,,,,1.5,0.4,,,,,mg/kg; author-defined conversion metric,0.303,Yes,Yes — author-defined intraoperative conversion; no v34 conversion,,,No,No,"CONDITIONAL — Author-defined intraoperative morphine-equivalent metric; no review MME conversion, requires conversion-method adjudication.",Yes — shared comparator; select one contrast per model,Authors converted intraoperative sufentanil/remifentanil to a study-defined morphine metric using their stated equivalencies. Preserve as author-defined; do not mix automatically with standardized postoperative IV MME.,Clin J Pain 2017;33:344; Table 2,https://drive.google.com/file/d/1lELlw0IpkhqoB8OuintAI22fxKfNEcEd/view?usp=drivesdk,"SOURCE-AUDIT RECONCILED; supplied audit, no independent PDF reread",AUDIT-0242,242,NOT_ANALYSIS_ELIGIBLE,1.6,0.4,1.5,0.4,,,,,,,Available-case/completer analysis,sun2017-2.pdf,Intraoperative morphine (mg/kg): SSS 1.5±0.4; Preoperative true TEAS only 1.6±0.4; overall P=0.303.,CONDITIONAL,"Author-defined intraoperative morphine-equivalent metric; no review MME conversion, requires conversion-method adjudication.",ROB2_RESULT_SPECIFIC_PENDING,Intraoperative opioid,TEAS,Sham,intraoperative
Sun 2017,V34_B3_045,Preoperative + intraoperative true TEAS (TTS),All-period sham TEAS (SSS),Intraoperative opioid,Author-defined intraoperative morphine-equivalent exposure,Intraoperative,Mean/SD,95.0,95.0,91.0,90.0,1.6,0.4,,,,,1.5,0.4,,,,,mg/kg; author-defined conversion metric,0.303,Yes,Yes — author-defined intraoperative conversion; no v34 conversion,,,No,No,"CONDITIONAL — Author-defined intraoperative morphine-equivalent metric; no review MME conversion, requires conversion-method adjudication.",Yes — shared comparator; select one contrast per model,Authors converted intraoperative sufentanil/remifentanil to a study-defined morphine metric using their stated equivalencies. Preserve as author-defined; do not mix automatically with standardized postoperative IV MME.,Clin J Pain 2017;33:344; Table 2,https://drive.google.com/file/d/1lELlw0IpkhqoB8OuintAI22fxKfNEcEd/view?usp=drivesdk,"SOURCE-AUDIT RECONCILED; supplied audit, no independent PDF reread",AUDIT-0243,243,NOT_ANALYSIS_ELIGIBLE,1.6,0.4,1.5,0.4,,,,,,,Available-case/completer analysis,sun2017-2.pdf,Intraoperative morphine (mg/kg): SSS 1.5±0.4; Preoperative + intraoperative true TEAS 1.6±0.4; overall P=0.303.,CONDITIONAL,"Author-defined intraoperative morphine-equivalent metric; no review MME conversion, requires conversion-method adjudication.",ROB2_RESULT_SPECIFIC_PENDING,Intraoperative opioid,TEAS,Sham,intraoperative
Sun 2017,V34_B3_046,Preoperative + postoperative true TEAS (TST),All-period sham TEAS (SSS),Intraoperative opioid,Author-defined intraoperative morphine-equivalent exposure,Intraoperative,Mean/SD,95.0,95.0,89.0,90.0,1.5,0.4,,,,,1.5,0.4,,,,,mg/kg; author-defined conversion metric,0.303,Yes,Yes — author-defined intraoperative conversion; no v34 conversion,,,No,No,"CONDITIONAL — Author-defined intraoperative morphine-equivalent metric; no review MME conversion, requires conversion-method adjudication.",Yes — shared comparator; select one contrast per model,Authors converted intraoperative sufentanil/remifentanil to a study-defined morphine metric using their stated equivalencies. Preserve as author-defined; do not mix automatically with standardized postoperative IV MME.,Clin J Pain 2017;33:344; Table 2,https://drive.google.com/file/d/1lELlw0IpkhqoB8OuintAI22fxKfNEcEd/view?usp=drivesdk,"SOURCE-AUDIT RECONCILED; supplied audit, no independent PDF reread",AUDIT-0244,244,NOT_ANALYSIS_ELIGIBLE,1.5,0.4,1.5,0.4,,,,,,,Available-case/completer analysis,sun2017-2.pdf,Intraoperative morphine (mg/kg): SSS 1.5±0.4; Preoperative + postoperative true TEAS 1.5±0.4; overall P=0.303.,CONDITIONAL,"Author-defined intraoperative morphine-equivalent metric; no review MME conversion, requires conversion-method adjudication.",ROB2_RESULT_SPECIFIC_PENDING,Intraoperative opioid,TEAS,Sham,intraoperative
Sun 2017,V34_B3_047,Preoperative true TEAS only (TSS),All-period sham TEAS (SSS),Functional recovery,Extubation time,Postoperative,Mean/SD,95.0,95.0,91.0,90.0,20.8,15.8,,,,,22.5,13.2,,,,,minutes,0.180,Yes,No,,,No,No,"INCLUDE — Numerically extractable in its native endpoint/time/statistic; pooling still requires compatible stratum, comparator and independent-arm selection.",Yes — shared comparator; select one contrast per model,NOT REPORTED,Clin J Pain 2017;33:344; Table 2,https://drive.google.com/file/d/1lELlw0IpkhqoB8OuintAI22fxKfNEcEd/view?usp=drivesdk,"SOURCE-AUDIT RECONCILED; supplied audit, no independent PDF reread",AUDIT-0245,245,ADDED,20.8,15.8,22.5,13.2,,,,,,,Available-case/completer analysis,sun2017-2.pdf,Extubation time: SSS 22.5±13.2; active arm 20.8±15.8; overall P=0.180.,INCLUDE,"Numerically extractable in its native endpoint/time/statistic; pooling still requires compatible stratum, comparator and independent-arm selection.",ROB2_RESULT_SPECIFIC_PENDING,Functional recovery,TEAS,Sham,postoperative
Sun 2017,V34_B3_048,Preoperative + intraoperative true TEAS (TTS),All-period sham TEAS (SSS),Functional recovery,Extubation time,Postoperative,Mean/SD,95.0,95.0,91.0,90.0,18.4,10.1,,,,,22.5,13.2,,,,,minutes,0.180,Yes,No,,,No,No,"INCLUDE — Numerically extractable in its native endpoint/time/statistic; pooling still requires compatible stratum, comparator and independent-arm selection.",Yes — shared comparator; select one contrast per model,NOT REPORTED,Clin J Pain 2017;33:344; Table 2,https://drive.google.com/file/d/1lELlw0IpkhqoB8OuintAI22fxKfNEcEd/view?usp=drivesdk,"SOURCE-AUDIT RECONCILED; supplied audit, no independent PDF reread",AUDIT-0246,246,ADDED,18.4,10.1,22.5,13.2,,,,,,,Available-case/completer analysis,sun2017-2.pdf,Extubation time: SSS 22.5±13.2; active arm 18.4±10.1; overall P=0.180.,INCLUDE,"Numerically extractable in its native endpoint/time/statistic; pooling still requires compatible stratum, comparator and independent-arm selection.",ROB2_RESULT_SPECIFIC_PENDING,Functional recovery,TEAS,Sham,postoperative
Sun 2017,V34_B3_049,Preoperative + postoperative true TEAS (TST),All-period sham TEAS (SSS),Functional recovery,Extubation time,Postoperative,Mean/SD,95.0,95.0,89.0,90.0,21.5,12.3,,,,,22.5,13.2,,,,,minutes,0.180,Yes,No,,,No,No,"INCLUDE — Numerically extractable in its native endpoint/time/statistic; pooling still requires compatible stratum, comparator and independent-arm selection.",Yes — shared comparator; select one contrast per model,NOT REPORTED,Clin J Pain 2017;33:344; Table 2,https://drive.google.com/file/d/1lELlw0IpkhqoB8OuintAI22fxKfNEcEd/view?usp=drivesdk,"SOURCE-AUDIT RECONCILED; supplied audit, no independent PDF reread",AUDIT-0247,247,ADDED,21.5,12.3,22.5,13.2,,,,,,,Available-case/completer analysis,sun2017-2.pdf,Extubation time: SSS 22.5±13.2; active arm 21.5±12.3; overall P=0.180.,INCLUDE,"Numerically extractable in its native endpoint/time/statistic; pooling still requires compatible stratum, comparator and independent-arm selection.",ROB2_RESULT_SPECIFIC_PENDING,Functional recovery,TEAS,Sham,postoperative
Sun 2017,V34_B3_050,Preoperative true TEAS only (TSS),All-period sham TEAS (SSS),Functional recovery,Length of stay in PACU,Postoperative,Mean/SD,95.0,95.0,91.0,90.0,62.2,19.4,,,,,66.0,16.0,,,,,minutes,0.379,Yes,No,,,No,No,"INCLUDE — Numerically extractable in its native endpoint/time/statistic; pooling still requires compatible stratum, comparator and independent-arm selection.",Yes — shared comparator; select one contrast per model,NOT REPORTED,Clin J Pain 2017;33:344; Table 2,https://drive.google.com/file/d/1lELlw0IpkhqoB8OuintAI22fxKfNEcEd/view?usp=drivesdk,"SOURCE-AUDIT RECONCILED; supplied audit, no independent PDF reread",AUDIT-0248,248,ADDED,62.2,19.4,66.0,16.0,,,,,,,Available-case/completer analysis,sun2017-2.pdf,Length of stay in PACU: SSS 66.0±16.0; active arm 62.2±19.4; overall P=0.379.,INCLUDE,"Numerically extractable in its native endpoint/time/statistic; pooling still requires compatible stratum, comparator and independent-arm selection.",ROB2_RESULT_SPECIFIC_PENDING,Functional recovery — PACU,TEAS,Sham,postoperative
Sun 2017,V34_B3_051,Preoperative + intraoperative true TEAS (TTS),All-period sham TEAS (SSS),Functional recovery,Length of stay in PACU,Postoperative,Mean/SD,95.0,95.0,91.0,90.0,62.7,16.3,,,,,66.0,16.0,,,,,minutes,0.379,Yes,No,,,No,No,"INCLUDE — Numerically extractable in its native endpoint/time/statistic; pooling still requires compatible stratum, comparator and independent-arm selection.",Yes — shared comparator; select one contrast per model,NOT REPORTED,Clin J Pain 2017;33:344; Table 2,https://drive.google.com/file/d/1lELlw0IpkhqoB8OuintAI22fxKfNEcEd/view?usp=drivesdk,"SOURCE-AUDIT RECONCILED; supplied audit, no independent PDF reread",AUDIT-0249,249,ADDED,62.7,16.3,66.0,16.0,,,,,,,Available-case/completer analysis,sun2017-2.pdf,Length of stay in PACU: SSS 66.0±16.0; active arm 62.7±16.3; overall P=0.379.,INCLUDE,"Numerically extractable in its native endpoint/time/statistic; pooling still requires compatible stratum, comparator and independent-arm selection.",ROB2_RESULT_SPECIFIC_PENDING,Functional recovery — PACU,TEAS,Sham,postoperative
Sun 2017,V34_B3_052,Preoperative + postoperative true TEAS (TST),All-period sham TEAS (SSS),Functional recovery,Length of stay in PACU,Postoperative,Mean/SD,95.0,95.0,89.0,90.0,64.8,15.5,,,,,66.0,16.0,,,,,minutes,0.379,Yes,No,,,No,No,"INCLUDE — Numerically extractable in its native endpoint/time/statistic; pooling still requires compatible stratum, comparator and independent-arm selection.",Yes — shared comparator; select one contrast per model,NOT REPORTED,Clin J Pain 2017;33:344; Table 2,https://drive.google.com/file/d/1lELlw0IpkhqoB8OuintAI22fxKfNEcEd/view?usp=drivesdk,"SOURCE-AUDIT RECONCILED; supplied audit, no independent PDF reread",AUDIT-0250,250,ADDED,64.8,15.5,66.0,16.0,,,,,,,Available-case/completer analysis,sun2017-2.pdf,Length of stay in PACU: SSS 66.0±16.0; active arm 64.8±15.5; overall P=0.379.,INCLUDE,"Numerically extractable in its native endpoint/time/statistic; pooling still requires compatible stratum, comparator and independent-arm selection.",ROB2_RESULT_SPECIFIC_PENDING,Functional recovery — PACU,TEAS,Sham,postoperative
Sun 2017,V34_B3_053,Preoperative true TEAS only (TSS),All-period sham TEAS (SSS),GI recovery,Time to first postoperative flatus,Postoperative,Mean/SD,95.0,95.0,91.0,90.0,45.2,19.9,,,,,41.5,19.6,,,,,hours,0.391,Yes,No,,,No,No,"INCLUDE — Numerically extractable in its native endpoint/time/statistic; pooling still requires compatible stratum, comparator and independent-arm selection.",Yes — shared comparator; select one contrast per model,NOT REPORTED,Clin J Pain 2017;33:344; Table 2,https://drive.google.com/file/d/1lELlw0IpkhqoB8OuintAI22fxKfNEcEd/view?usp=drivesdk,"SOURCE-AUDIT RECONCILED; supplied audit, no independent PDF reread",AUDIT-0251,251,ADDED,45.2,19.9,41.5,19.6,,,,,,,Available-case/completer analysis,sun2017-2.pdf,Time to first postoperative flatus: SSS 41.5±19.6; active arm 45.2±19.9; overall P=0.391.,INCLUDE,"Numerically extractable in its native endpoint/time/statistic; pooling still requires compatible stratum, comparator and independent-arm selection.",ROB2_RESULT_SPECIFIC_PENDING,GI — first flatus,TEAS,Sham,postoperative
Sun 2017,V34_B3_054,Preoperative + intraoperative true TEAS (TTS),All-period sham TEAS (SSS),GI recovery,Time to first postoperative flatus,Postoperative,Mean/SD,95.0,95.0,91.0,90.0,44.7,16.6,,,,,41.5,19.6,,,,,hours,0.391,Yes,No,,,No,No,"INCLUDE — Numerically extractable in its native endpoint/time/statistic; pooling still requires compatible stratum, comparator and independent-arm selection.",Yes — shared comparator; select one contrast per model,NOT REPORTED,Clin J Pain 2017;33:344; Table 2,https://drive.google.com/file/d/1lELlw0IpkhqoB8OuintAI22fxKfNEcEd/view?usp=drivesdk,"SOURCE-AUDIT RECONCILED; supplied audit, no independent PDF reread",AUDIT-0252,252,ADDED,44.7,16.6,41.5,19.6,,,,,,,Available-case/completer analysis,sun2017-2.pdf,Time to first postoperative flatus: SSS 41.5±19.6; active arm 44.7±16.6; overall P=0.391.,INCLUDE,"Numerically extractable in its native endpoint/time/statistic; pooling still requires compatible stratum, comparator and independent-arm selection.",ROB2_RESULT_SPECIFIC_PENDING,GI — first flatus,TEAS,Sham,postoperative
Sun 2017,V34_B3_055,Preoperative + postoperative true TEAS (TST),All-period sham TEAS (SSS),GI recovery,Time to first postoperative flatus,Postoperative,Mean/SD,95.0,95.0,89.0,90.0,41.6,18.1,,,,,41.5,19.6,,,,,hours,0.391,Yes,No,,,No,No,"INCLUDE — Numerically extractable in its native endpoint/time/statistic; pooling still requires compatible stratum, comparator and independent-arm selection.",Yes — shared comparator; select one contrast per model,NOT REPORTED,Clin J Pain 2017;33:344; Table 2,https://drive.google.com/file/d/1lELlw0IpkhqoB8OuintAI22fxKfNEcEd/view?usp=drivesdk,"SOURCE-AUDIT RECONCILED; supplied audit, no independent PDF reread",AUDIT-0253,253,ADDED,41.6,18.1,41.5,19.6,,,,,,,Available-case/completer analysis,sun2017-2.pdf,Time to first postoperative flatus: SSS 41.5±19.6; active arm 41.6±18.1; overall P=0.391.,INCLUDE,"Numerically extractable in its native endpoint/time/statistic; pooling still requires compatible stratum, comparator and independent-arm selection.",ROB2_RESULT_SPECIFIC_PENDING,GI — first flatus,TEAS,Sham,postoperative
Sun 2017,V34_B3_056,Preoperative true TEAS only (TSS),All-period sham TEAS (SSS),GI recovery,Time to first postoperative defecation,Postoperative,Mean/SD,95.0,95.0,91.0,90.0,63.6,19.8,,,,,63.4,22.9,,,,,hours,0.127,Yes,No,,,No,No,"INCLUDE — Numerically extractable in its native endpoint/time/statistic; pooling still requires compatible stratum, comparator and independent-arm selection.",Yes — shared comparator; select one contrast per model,NOT REPORTED,Clin J Pain 2017;33:344; Table 2,https://drive.google.com/file/d/1lELlw0IpkhqoB8OuintAI22fxKfNEcEd/view?usp=drivesdk,"SOURCE-AUDIT RECONCILED; supplied audit, no independent PDF reread",AUDIT-0254,254,ADDED,63.6,19.8,63.4,22.9,,,,,,,Available-case/completer analysis,sun2017-2.pdf,Time to first postoperative defecation: SSS 63.4±22.9; active arm 63.6±19.8; overall P=0.127.,INCLUDE,"Numerically extractable in its native endpoint/time/statistic; pooling still requires compatible stratum, comparator and independent-arm selection.",ROB2_RESULT_SPECIFIC_PENDING,GI — first defecation,TEAS,Sham,postoperative
Sun 2017,V34_B3_057,Preoperative + intraoperative true TEAS (TTS),All-period sham TEAS (SSS),GI recovery,Time to first postoperative defecation,Postoperative,Mean/SD,95.0,95.0,91.0,90.0,61.8,15.7,,,,,63.4,22.9,,,,,hours,0.127,Yes,No,,,No,No,"INCLUDE — Numerically extractable in its native endpoint/time/statistic; pooling still requires compatible stratum, comparator and independent-arm selection.",Yes — shared comparator; select one contrast per model,NOT REPORTED,Clin J Pain 2017;33:344; Table 2,https://drive.google.com/file/d/1lELlw0IpkhqoB8OuintAI22fxKfNEcEd/view?usp=drivesdk,"SOURCE-AUDIT RECONCILED; supplied audit, no independent PDF reread",AUDIT-0255,255,ADDED,61.8,15.7,63.4,22.9,,,,,,,Available-case/completer analysis,sun2017-2.pdf,Time to first postoperative defecation: SSS 63.4±22.9; active arm 61.8±15.7; overall P=0.127.,INCLUDE,"Numerically extractable in its native endpoint/time/statistic; pooling still requires compatible stratum, comparator and independent-arm selection.",ROB2_RESULT_SPECIFIC_PENDING,GI — first defecation,TEAS,Sham,postoperative
Sun 2017,V34_B3_058,Preoperative + postoperative true TEAS (TST),All-period sham TEAS (SSS),GI recovery,Time to first postoperative defecation,Postoperative,Mean/SD,95.0,95.0,89.0,90.0,57.3,20.6,,,,,63.4,22.9,,,,,hours,0.127,Yes,No,,,No,No,"INCLUDE — Numerically extractable in its native endpoint/time/statistic; pooling still requires compatible stratum, comparator and independent-arm selection.",Yes — shared comparator; select one contrast per model,NOT REPORTED,Clin J Pain 2017;33:344; Table 2,https://drive.google.com/file/d/1lELlw0IpkhqoB8OuintAI22fxKfNEcEd/view?usp=drivesdk,"SOURCE-AUDIT RECONCILED; supplied audit, no independent PDF reread",AUDIT-0256,256,ADDED,57.3,20.6,63.4,22.9,,,,,,,Available-case/completer analysis,sun2017-2.pdf,Time to first postoperative defecation: SSS 63.4±22.9; active arm 57.3±20.6; overall P=0.127.,INCLUDE,"Numerically extractable in its native endpoint/time/statistic; pooling still requires compatible stratum, comparator and independent-arm selection.",ROB2_RESULT_SPECIFIC_PENDING,GI — first defecation,TEAS,Sham,postoperative
Sun 2017,V34_B3_059,Preoperative true TEAS only (TSS),All-period sham TEAS (SSS),Adverse events,TEAS-related side effects,0–48 h postoperative,Events/total,95.0,95.0,91.0,90.0,,,,,,0.0,,,,,,0.0,participants,NOT REPORTED,Yes,No,,,No,No,"INCLUDE — Numerically extractable in its native endpoint/time/statistic; pooling still requires compatible stratum, comparator and independent-arm selection.",Yes — shared comparator; select one contrast per model,"Specific monitored TEAS side effects included local irritation, redness, contact dermatitis and muscle ache.",Clin J Pain 2017;33:344; Results text,https://drive.google.com/file/d/1lELlw0IpkhqoB8OuintAI22fxKfNEcEd/view?usp=drivesdk,"SOURCE-AUDIT RECONCILED; supplied audit, no independent PDF reread",AUDIT-0257,257,ADDED,NOT REPORTED,NOT REPORTED,NOT REPORTED,NOT REPORTED,,,,,,,Available-case/completer analysis,sun2017-2.pdf,No side effect related to TEAS was observed during the postoperative 48 hours.,INCLUDE,"Numerically extractable in its native endpoint/time/statistic; pooling still requires compatible stratum, comparator and independent-arm selection.",ROB2_RESULT_SPECIFIC_PENDING,Adverse events,TEAS,Sham,0-48h postoperative
Sun 2017,V34_B3_060,Preoperative + intraoperative true TEAS (TTS),All-period sham TEAS (SSS),Adverse events,TEAS-related side effects,0–48 h postoperative,Events/total,95.0,95.0,91.0,90.0,,,,,,0.0,,,,,,0.0,participants,NOT REPORTED,Yes,No,,,No,No,"INCLUDE — Numerically extractable in its native endpoint/time/statistic; pooling still requires compatible stratum, comparator and independent-arm selection.",Yes — shared comparator; select one contrast per model,"Specific monitored TEAS side effects included local irritation, redness, contact dermatitis and muscle ache.",Clin J Pain 2017;33:344; Results text,https://drive.google.com/file/d/1lELlw0IpkhqoB8OuintAI22fxKfNEcEd/view?usp=drivesdk,"SOURCE-AUDIT RECONCILED; supplied audit, no independent PDF reread",AUDIT-0258,258,ADDED,NOT REPORTED,NOT REPORTED,NOT REPORTED,NOT REPORTED,,,,,,,Available-case/completer analysis,sun2017-2.pdf,No side effect related to TEAS was observed during the postoperative 48 hours.,INCLUDE,"Numerically extractable in its native endpoint/time/statistic; pooling still requires compatible stratum, comparator and independent-arm selection.",ROB2_RESULT_SPECIFIC_PENDING,Adverse events,TEAS,Sham,0-48h postoperative
Sun 2017,V34_B3_061,Preoperative + postoperative true TEAS (TST),All-period sham TEAS (SSS),Adverse events,TEAS-related side effects,0–48 h postoperative,Events/total,95.0,95.0,89.0,90.0,,,,,,0.0,,,,,,0.0,participants,NOT REPORTED,Yes,No,,,No,No,"INCLUDE — Numerically extractable in its native endpoint/time/statistic; pooling still requires compatible stratum, comparator and independent-arm selection.",Yes — shared comparator; select one contrast per model,"Specific monitored TEAS side effects included local irritation, redness, contact dermatitis and muscle ache.",Clin J Pain 2017;33:344; Results text,https://drive.google.com/file/d/1lELlw0IpkhqoB8OuintAI22fxKfNEcEd/view?usp=drivesdk,"SOURCE-AUDIT RECONCILED; supplied audit, no independent PDF reread",AUDIT-0259,259,ADDED,NOT REPORTED,NOT REPORTED,NOT REPORTED,NOT REPORTED,,,,,,,Available-case/completer analysis,sun2017-2.pdf,No side effect related to TEAS was observed during the postoperative 48 hours.,INCLUDE,"Numerically extractable in its native endpoint/time/statistic; pooling still requires compatible stratum, comparator and independent-arm selection.",ROB2_RESULT_SPECIFIC_PENDING,Adverse events,TEAS,Sham,0-48h postoperative
Sim 2002,V34_B3_062,Preoperative EA (Group II),Placebo EA (Group I),Pain,Mean resting VAS over first 24 h,0–24 h mean across 6-hourly assessments,Mean/SD,30.0,30.0,30.0,30.0,4.7,1.8,,,,,4.5,2.1,,,,,VAS 0–10,No significant between-group difference reported,Yes,No,,,No,No,"INCLUDE — Numerically extractable in its native endpoint/time/statistic; pooling still requires compatible stratum, comparator and independent-arm selection.",Yes — shared comparator; select one contrast per model,"Table footnote states these are mean values over 24 h, not the exact 24-h point measurement.",Acupuncture in Medicine 2002;20:60–61; Table 2,https://drive.google.com/file/d/1YsNHL-J3Kgfu8mCanRrNu_bHk_roj0w6/view?usp=drivesdk,"SOURCE-AUDIT RECONCILED; supplied audit, no independent PDF reread",AUDIT-0260,260,ADDED,4.7,1.8,4.5,2.1,,,,,,,All randomized/analyzed,covidence_952_full_article.pdf,Mean VAS over 24 hours: Group I 4.5±2.1; active arm 4.7±1.8.,INCLUDE,"Numerically extractable in its native endpoint/time/statistic; pooling still requires compatible stratum, comparator and independent-arm selection.",ROB2_RESULT_SPECIFIC_PENDING,Pain — rest,EA,Sham,0-24h mean across 6-hourly assessments
Sim 2002,V34_B3_063,Postoperative EA (Group III),Placebo EA (Group I),Pain,Mean resting VAS over first 24 h,0–24 h mean across 6-hourly assessments,Mean/SD,30.0,30.0,30.0,30.0,3.9,1.6,,,,,4.5,2.1,,,,,VAS 0–10,No significant between-group difference reported,Yes,No,,,No,No,"INCLUDE — Numerically extractable in its native endpoint/time/statistic; pooling still requires compatible stratum, comparator and independent-arm selection.",Yes — shared comparator; select one contrast per model,"Table footnote states these are mean values over 24 h, not the exact 24-h point measurement.",Acupuncture in Medicine 2002;20:60–61; Table 2,https://drive.google.com/file/d/1YsNHL-J3Kgfu8mCanRrNu_bHk_roj0w6/view?usp=drivesdk,"SOURCE-AUDIT RECONCILED; supplied audit, no independent PDF reread",AUDIT-0261,261,ADDED,3.9,1.6,4.5,2.1,,,,,,,All randomized/analyzed,covidence_952_full_article.pdf,Mean VAS over 24 hours: Group I 4.5±2.1; active arm 3.9±1.6.,INCLUDE,"Numerically extractable in its native endpoint/time/statistic; pooling still requires compatible stratum, comparator and independent-arm selection.",ROB2_RESULT_SPECIFIC_PENDING,Pain — rest,EA,Sham,0-24h mean across 6-hourly assessments
Sim 2002,V34_B3_064,Preoperative EA (Group II),Placebo EA (Group I),Pain,Resting VAS,6 h,Other (describe),30.0,30.0,30.0,30.0,,,,,,,,,,,,,VAS 0–10,No difference among three groups (timepoint-specific exact P not printed),Yes,No,,,No,No,NOT REPORTED — Accessed source does not supply the requested numerical result.,Yes — shared comparator; select one contrast per model,Exact group values for this individual clock-time assessment are NOT REPORTED. Do not substitute the Table 2 24-h mean.,Acupuncture in Medicine 2002;20:59–61; Outcomes/Results text,https://drive.google.com/file/d/1YsNHL-J3Kgfu8mCanRrNu_bHk_roj0w6/view?usp=drivesdk,"SOURCE-AUDIT RECONCILED; supplied audit, no independent PDF reread",AUDIT-0262,262,NOT_REPORTED_ADDED,NOT REPORTED,NOT REPORTED,NOT REPORTED,NOT REPORTED,,,,,,,All randomized/analyzed,covidence_952_full_article.pdf,The VAS for pain assessed every 6 hours was not different among the three groups.,NOT REPORTED,Accessed source does not supply the requested numerical result.,ROB2_RESULT_SPECIFIC_PENDING,Pain — rest,EA,Sham,6h
Sim 2002,V34_B3_065,Preoperative EA (Group II),Placebo EA (Group I),Pain,Resting VAS,12 h,Other (describe),30.0,30.0,30.0,30.0,,,,,,,,,,,,,VAS 0–10,No difference among three groups (timepoint-specific exact P not printed),Yes,No,,,No,No,NOT REPORTED — Accessed source does not supply the requested numerical result.,Yes — shared comparator; select one contrast per model,Exact group values for this individual clock-time assessment are NOT REPORTED. Do not substitute the Table 2 24-h mean.,Acupuncture in Medicine 2002;20:59–61; Outcomes/Results text,https://drive.google.com/file/d/1YsNHL-J3Kgfu8mCanRrNu_bHk_roj0w6/view?usp=drivesdk,"SOURCE-AUDIT RECONCILED; supplied audit, no independent PDF reread",AUDIT-0263,263,NOT_REPORTED_ADDED,NOT REPORTED,NOT REPORTED,NOT REPORTED,NOT REPORTED,,,,,,,All randomized/analyzed,covidence_952_full_article.pdf,The VAS for pain assessed every 6 hours was not different among the three groups.,NOT REPORTED,Accessed source does not supply the requested numerical result.,ROB2_RESULT_SPECIFIC_PENDING,Pain — rest,EA,Sham,12h
Sim 2002,V34_B3_066,Preoperative EA (Group II),Placebo EA (Group I),Pain,Resting VAS,18 h,Other (describe),30.0,30.0,30.0,30.0,,,,,,,,,,,,,VAS 0–10,No difference among three groups (timepoint-specific exact P not printed),Yes,No,,,No,No,NOT REPORTED — Accessed source does not supply the requested numerical result.,Yes — shared comparator; select one contrast per model,Exact group values for this individual clock-time assessment are NOT REPORTED. Do not substitute the Table 2 24-h mean.,Acupuncture in Medicine 2002;20:59–61; Outcomes/Results text,https://drive.google.com/file/d/1YsNHL-J3Kgfu8mCanRrNu_bHk_roj0w6/view?usp=drivesdk,"SOURCE-AUDIT RECONCILED; supplied audit, no independent PDF reread",AUDIT-0264,264,NOT_REPORTED_ADDED,NOT REPORTED,NOT REPORTED,NOT REPORTED,NOT REPORTED,,,,,,,All randomized/analyzed,covidence_952_full_article.pdf,The VAS for pain assessed every 6 hours was not different among the three groups.,NOT REPORTED,Accessed source does not supply the requested numerical result.,ROB2_RESULT_SPECIFIC_PENDING,Pain — rest,EA,Sham,18h
Sim 2002,V34_B3_067,Preoperative EA (Group II),Placebo EA (Group I),Pain,Resting VAS,24 h,Other (describe),30.0,30.0,30.0,30.0,,,,,,,,,,,,,VAS 0–10,No difference among three groups (timepoint-specific exact P not printed),Yes,No,,,No,No,NOT REPORTED — Accessed source does not supply the requested numerical result.,Yes — shared comparator; select one contrast per model,Exact group values for this individual clock-time assessment are NOT REPORTED. Do not substitute the Table 2 24-h mean.,Acupuncture in Medicine 2002;20:59–61; Outcomes/Results text,https://drive.google.com/file/d/1YsNHL-J3Kgfu8mCanRrNu_bHk_roj0w6/view?usp=drivesdk,"SOURCE-AUDIT RECONCILED; supplied audit, no independent PDF reread",AUDIT-0265,265,NOT_REPORTED_ADDED,NOT REPORTED,NOT REPORTED,NOT REPORTED,NOT REPORTED,,,,,,,All randomized/analyzed,covidence_952_full_article.pdf,The VAS for pain assessed every 6 hours was not different among the three groups.,NOT REPORTED,Accessed source does not supply the requested numerical result.,ROB2_RESULT_SPECIFIC_PENDING,Pain — rest,EA,Sham,24 h point
Sim 2002,V34_B3_068,Postoperative EA (Group III),Placebo EA (Group I),Pain,Resting VAS,6 h,Other (describe),30.0,30.0,30.0,30.0,,,,,,,,,,,,,VAS 0–10,No difference among three groups (timepoint-specific exact P not printed),Yes,No,,,No,No,NOT REPORTED — Accessed source does not supply the requested numerical result.,Yes — shared comparator; select one contrast per model,Exact group values for this individual clock-time assessment are NOT REPORTED. Do not substitute the Table 2 24-h mean.,Acupuncture in Medicine 2002;20:59–61; Outcomes/Results text,https://drive.google.com/file/d/1YsNHL-J3Kgfu8mCanRrNu_bHk_roj0w6/view?usp=drivesdk,"SOURCE-AUDIT RECONCILED; supplied audit, no independent PDF reread",AUDIT-0266,266,NOT_REPORTED_ADDED,NOT REPORTED,NOT REPORTED,NOT REPORTED,NOT REPORTED,,,,,,,All randomized/analyzed,covidence_952_full_article.pdf,The VAS for pain assessed every 6 hours was not different among the three groups.,NOT REPORTED,Accessed source does not supply the requested numerical result.,ROB2_RESULT_SPECIFIC_PENDING,Pain — rest,EA,Sham,6h
Sim 2002,V34_B3_069,Postoperative EA (Group III),Placebo EA (Group I),Pain,Resting VAS,12 h,Other (describe),30.0,30.0,30.0,30.0,,,,,,,,,,,,,VAS 0–10,No difference among three groups (timepoint-specific exact P not printed),Yes,No,,,No,No,NOT REPORTED — Accessed source does not supply the requested numerical result.,Yes — shared comparator; select one contrast per model,Exact group values for this individual clock-time assessment are NOT REPORTED. Do not substitute the Table 2 24-h mean.,Acupuncture in Medicine 2002;20:59–61; Outcomes/Results text,https://drive.google.com/file/d/1YsNHL-J3Kgfu8mCanRrNu_bHk_roj0w6/view?usp=drivesdk,"SOURCE-AUDIT RECONCILED; supplied audit, no independent PDF reread",AUDIT-0267,267,NOT_REPORTED_ADDED,NOT REPORTED,NOT REPORTED,NOT REPORTED,NOT REPORTED,,,,,,,All randomized/analyzed,covidence_952_full_article.pdf,The VAS for pain assessed every 6 hours was not different among the three groups.,NOT REPORTED,Accessed source does not supply the requested numerical result.,ROB2_RESULT_SPECIFIC_PENDING,Pain — rest,EA,Sham,12h
Sim 2002,V34_B3_070,Postoperative EA (Group III),Placebo EA (Group I),Pain,Resting VAS,18 h,Other (describe),30.0,30.0,30.0,30.0,,,,,,,,,,,,,VAS 0–10,No difference among three groups (timepoint-specific exact P not printed),Yes,No,,,No,No,NOT REPORTED — Accessed source does not supply the requested numerical result.,Yes — shared comparator; select one contrast per model,Exact group values for this individual clock-time assessment are NOT REPORTED. Do not substitute the Table 2 24-h mean.,Acupuncture in Medicine 2002;20:59–61; Outcomes/Results text,https://drive.google.com/file/d/1YsNHL-J3Kgfu8mCanRrNu_bHk_roj0w6/view?usp=drivesdk,"SOURCE-AUDIT RECONCILED; supplied audit, no independent PDF reread",AUDIT-0268,268,NOT_REPORTED_ADDED,NOT REPORTED,NOT REPORTED,NOT REPORTED,NOT REPORTED,,,,,,,All randomized/analyzed,covidence_952_full_article.pdf,The VAS for pain assessed every 6 hours was not different among the three groups.,NOT REPORTED,Accessed source does not supply the requested numerical result.,ROB2_RESULT_SPECIFIC_PENDING,Pain — rest,EA,Sham,18h
Sim 2002,V34_B3_071,Postoperative EA (Group III),Placebo EA (Group I),Pain,Resting VAS,24 h,Other (describe),30.0,30.0,30.0,30.0,,,,,,,,,,,,,VAS 0–10,No difference among three groups (timepoint-specific exact P not printed),Yes,No,,,No,No,NOT REPORTED — Accessed source does not supply the requested numerical result.,Yes — shared comparator; select one contrast per model,Exact group values for this individual clock-time assessment are NOT REPORTED. Do not substitute the Table 2 24-h mean.,Acupuncture in Medicine 2002;20:59–61; Outcomes/Results text,https://drive.google.com/file/d/1YsNHL-J3Kgfu8mCanRrNu_bHk_roj0w6/view?usp=drivesdk,"SOURCE-AUDIT RECONCILED; supplied audit, no independent PDF reread",AUDIT-0269,269,NOT_REPORTED_ADDED,NOT REPORTED,NOT REPORTED,NOT REPORTED,NOT REPORTED,,,,,,,All randomized/analyzed,covidence_952_full_article.pdf,The VAS for pain assessed every 6 hours was not different among the three groups.,NOT REPORTED,Accessed source does not supply the requested numerical result.,ROB2_RESULT_SPECIFIC_PENDING,Pain — rest,EA,Sham,24 h point
Sim 2002,V34_B3_072,Preoperative EA (Group II),Placebo EA (Group I),PONV,PONV,0–24 h,Published percentage,30.0,30.0,30.0,30.0,,,,,,,,,,,,,percent,No significant between-group difference reported,Yes,No,,,No,No,NARRATIVE ONLY — Printed percentage/CI retained; event counts not reverse-engineered.,Yes — shared comparator; select one contrast per model,Raw event counts are NOT REPORTED and were not reconstructed from rounded percentages.,Acupuncture in Medicine 2002;20:60–61; Table 2,https://drive.google.com/file/d/1YsNHL-J3Kgfu8mCanRrNu_bHk_roj0w6/view?usp=drivesdk,"SOURCE-AUDIT RECONCILED; supplied audit, no independent PDF reread",AUDIT-0270,270,NOT_ANALYSIS_ELIGIBLE,43.3,NOT REPORTED,46.6,NOT REPORTED,,,,,,,All randomized/analyzed,covidence_952_full_article.pdf,PONV (%): Group I 46.6; Group II 43.3; Group III 56.7.,NARRATIVE ONLY,Printed percentage/CI retained; event counts not reverse-engineered.,ROB2_RESULT_SPECIFIC_PENDING,PONV composite,EA,Sham,0-24h
Sim 2002,V34_B3_073,Postoperative EA (Group III),Placebo EA (Group I),PONV,PONV,0–24 h,Published percentage,30.0,30.0,30.0,30.0,,,,,,,,,,,,,percent,No significant between-group difference reported,Yes,No,,,No,No,NARRATIVE ONLY — Printed percentage/CI retained; event counts not reverse-engineered.,Yes — shared comparator; select one contrast per model,Raw event counts are NOT REPORTED and were not reconstructed from rounded percentages.,Acupuncture in Medicine 2002;20:60–61; Table 2,https://drive.google.com/file/d/1YsNHL-J3Kgfu8mCanRrNu_bHk_roj0w6/view?usp=drivesdk,"SOURCE-AUDIT RECONCILED; supplied audit, no independent PDF reread",AUDIT-0271,271,NOT_ANALYSIS_ELIGIBLE,56.7,NOT REPORTED,46.6,NOT REPORTED,,,,,,,All randomized/analyzed,covidence_952_full_article.pdf,PONV (%): Group I 46.6; Group II 43.3; Group III 56.7.,NARRATIVE ONLY,Printed percentage/CI retained; event counts not reverse-engineered.,ROB2_RESULT_SPECIFIC_PENDING,PONV composite,EA,Sham,0-24h
Sim 2002,V34_B3_074,Preoperative EA (Group II),Placebo EA (Group I),Opioid-related adverse effect,Drowsiness,0–24 h,Published percentage,30.0,30.0,30.0,30.0,,,,,,,,,,,,,percent,No significant between-group difference reported,Yes,No,,,No,No,NARRATIVE ONLY — Printed percentage/CI retained; event counts not reverse-engineered.,Yes — shared comparator; select one contrast per model,Raw event counts are NOT REPORTED and were not reconstructed from rounded percentages.,Acupuncture in Medicine 2002;20:60–61; Table 2,https://drive.google.com/file/d/1YsNHL-J3Kgfu8mCanRrNu_bHk_roj0w6/view?usp=drivesdk,"SOURCE-AUDIT RECONCILED; supplied audit, no independent PDF reread",AUDIT-0272,272,NOT_ANALYSIS_ELIGIBLE,23.3,NOT REPORTED,30.0,NOT REPORTED,,,,,,,All randomized/analyzed,covidence_952_full_article.pdf,Drowsiness (%): Group I 30.0; Group II 23.3; Group III 33.3.,NARRATIVE ONLY,Printed percentage/CI retained; event counts not reverse-engineered.,ROB2_RESULT_SPECIFIC_PENDING,Postoperative opioid dose (native window/unit),EA,Sham,0-24h
Sim 2002,V34_B3_075,Postoperative EA (Group III),Placebo EA (Group I),Opioid-related adverse effect,Drowsiness,0–24 h,Published percentage,30.0,30.0,30.0,30.0,,,,,,,,,,,,,percent,No significant between-group difference reported,Yes,No,,,No,No,NARRATIVE ONLY — Printed percentage/CI retained; event counts not reverse-engineered.,Yes — shared comparator; select one contrast per model,Raw event counts are NOT REPORTED and were not reconstructed from rounded percentages.,Acupuncture in Medicine 2002;20:60–61; Table 2,https://drive.google.com/file/d/1YsNHL-J3Kgfu8mCanRrNu_bHk_roj0w6/view?usp=drivesdk,"SOURCE-AUDIT RECONCILED; supplied audit, no independent PDF reread",AUDIT-0273,273,NOT_ANALYSIS_ELIGIBLE,33.3,NOT REPORTED,30.0,NOT REPORTED,,,,,,,All randomized/analyzed,covidence_952_full_article.pdf,Drowsiness (%): Group I 30.0; Group II 23.3; Group III 33.3.,NARRATIVE ONLY,Printed percentage/CI retained; event counts not reverse-engineered.,ROB2_RESULT_SPECIFIC_PENDING,Postoperative opioid dose (native window/unit),EA,Sham,0-24h
Sim 2002,V34_B3_076,Preoperative EA (Group II),Placebo EA (Group I),Opioid-related adverse effect,Pruritus,0–24 h,Published percentage,30.0,30.0,30.0,30.0,,,,,,,,,,,,,percent,No significant between-group difference reported,Yes,No,,,No,No,NARRATIVE ONLY — Printed percentage/CI retained; event counts not reverse-engineered.,Yes — shared comparator; select one contrast per model,Raw event counts are NOT REPORTED and were not reconstructed from rounded percentages.,Acupuncture in Medicine 2002;20:60–61; Table 2,https://drive.google.com/file/d/1YsNHL-J3Kgfu8mCanRrNu_bHk_roj0w6/view?usp=drivesdk,"SOURCE-AUDIT RECONCILED; supplied audit, no independent PDF reread",AUDIT-0274,274,NOT_ANALYSIS_ELIGIBLE,13.3,NOT REPORTED,16.7,NOT REPORTED,,,,,,,All randomized/analyzed,covidence_952_full_article.pdf,Pruritus (%): Group I 16.7; Group II 13.3; Group III 16.7.,NARRATIVE ONLY,Printed percentage/CI retained; event counts not reverse-engineered.,ROB2_RESULT_SPECIFIC_PENDING,Postoperative opioid dose (native window/unit),EA,Sham,0-24h
Sim 2002,V34_B3_077,Postoperative EA (Group III),Placebo EA (Group I),Opioid-related adverse effect,Pruritus,0–24 h,Published percentage,30.0,30.0,30.0,30.0,,,,,,,,,,,,,percent,No significant between-group difference reported,Yes,No,,,No,No,NARRATIVE ONLY — Printed percentage/CI retained; event counts not reverse-engineered.,Yes — shared comparator; select one contrast per model,Raw event counts are NOT REPORTED and were not reconstructed from rounded percentages.,Acupuncture in Medicine 2002;20:60–61; Table 2,https://drive.google.com/file/d/1YsNHL-J3Kgfu8mCanRrNu_bHk_roj0w6/view?usp=drivesdk,"SOURCE-AUDIT RECONCILED; supplied audit, no independent PDF reread",AUDIT-0275,275,NOT_ANALYSIS_ELIGIBLE,16.7,NOT REPORTED,16.7,NOT REPORTED,,,,,,,All randomized/analyzed,covidence_952_full_article.pdf,Pruritus (%): Group I 16.7; Group II 13.3; Group III 16.7.,NARRATIVE ONLY,Printed percentage/CI retained; event counts not reverse-engineered.,ROB2_RESULT_SPECIFIC_PENDING,Postoperative opioid dose (native window/unit),EA,Sham,0-24h
Sim 2002,V34_B3_078,Preoperative EA (Group II),Placebo EA (Group I),Opioid consumption,Postoperative IV PCA morphine in interval,0–6 h,Graph only,30.0,30.0,30.0,30.0,,,,,,,,,,,,,mg/kg,NOT REPORTED,Yes,No,,,No,No,GRAPH ONLY — No new graph digitization; historical digitized data require their original validation before pooling.,Yes — shared comparator; select one contrast per model,Exact numerical interval value is not printed. No visual digitization performed.,Acupuncture in Medicine 2002;20:60; Figure 3,https://drive.google.com/file/d/1YsNHL-J3Kgfu8mCanRrNu_bHk_roj0w6/view?usp=drivesdk,"SOURCE-AUDIT RECONCILED; supplied audit, no independent PDF reread",AUDIT-0276,276,GRAPH_ONLY_ADDED,GRAPH ONLY,GRAPH ONLY,GRAPH ONLY,GRAPH ONLY,,,,,,,All randomized/analyzed,covidence_952_full_article.pdf,Figure 3 presents postoperative morphine requirement for 0–6 h.,GRAPH ONLY,No new graph digitization; historical digitized data require their original validation before pooling.,ROB2_RESULT_SPECIFIC_PENDING,Postoperative opioid dose (native window/unit),EA,Sham,0-6h
Sim 2002,V34_B3_079,Preoperative EA (Group II),Placebo EA (Group I),Opioid consumption,Postoperative IV PCA morphine in interval,12–18 h,Graph only,30.0,30.0,30.0,30.0,,,,,,,,,,,,,mg/kg,NOT REPORTED,Yes,No,,,No,No,GRAPH ONLY — No new graph digitization; historical digitized data require their original validation before pooling.,Yes — shared comparator; select one contrast per model,Exact numerical interval value is not printed. No visual digitization performed.,Acupuncture in Medicine 2002;20:60; Figure 3,https://drive.google.com/file/d/1YsNHL-J3Kgfu8mCanRrNu_bHk_roj0w6/view?usp=drivesdk,"SOURCE-AUDIT RECONCILED; supplied audit, no independent PDF reread",AUDIT-0277,277,GRAPH_ONLY_ADDED,GRAPH ONLY,GRAPH ONLY,GRAPH ONLY,GRAPH ONLY,,,,,,,All randomized/analyzed,covidence_952_full_article.pdf,Figure 3 presents postoperative morphine requirement for 12–18 h.,GRAPH ONLY,No new graph digitization; historical digitized data require their original validation before pooling.,ROB2_RESULT_SPECIFIC_PENDING,Postoperative opioid dose (native window/unit),EA,Sham,12-18h
Sim 2002,V34_B3_080,Preoperative EA (Group II),Placebo EA (Group I),Opioid consumption,Postoperative IV PCA morphine in interval,18–24 h,Graph only,30.0,30.0,30.0,30.0,,,,,,,,,,,,,mg/kg,NOT REPORTED,Yes,No,,,No,No,GRAPH ONLY — No new graph digitization; historical digitized data require their original validation before pooling.,Yes — shared comparator; select one contrast per model,Exact numerical interval value is not printed. No visual digitization performed.,Acupuncture in Medicine 2002;20:60; Figure 3,https://drive.google.com/file/d/1YsNHL-J3Kgfu8mCanRrNu_bHk_roj0w6/view?usp=drivesdk,"SOURCE-AUDIT RECONCILED; supplied audit, no independent PDF reread",AUDIT-0278,278,GRAPH_ONLY_ADDED,GRAPH ONLY,GRAPH ONLY,GRAPH ONLY,GRAPH ONLY,,,,,,,All randomized/analyzed,covidence_952_full_article.pdf,Figure 3 presents postoperative morphine requirement for 18–24 h.,GRAPH ONLY,No new graph digitization; historical digitized data require their original validation before pooling.,ROB2_RESULT_SPECIFIC_PENDING,Postoperative opioid dose (native window/unit),EA,Sham,18-24h
Sim 2002,V34_B3_081,Postoperative EA (Group III),Placebo EA (Group I),Opioid consumption,Postoperative IV PCA morphine in interval,0–6 h,Graph only,30.0,30.0,30.0,30.0,,,,,,,,,,,,,mg/kg,NOT REPORTED,Yes,No,,,No,No,GRAPH ONLY — No new graph digitization; historical digitized data require their original validation before pooling.,Yes — shared comparator; select one contrast per model,Exact numerical interval value is not printed. No visual digitization performed.,Acupuncture in Medicine 2002;20:60; Figure 3,https://drive.google.com/file/d/1YsNHL-J3Kgfu8mCanRrNu_bHk_roj0w6/view?usp=drivesdk,"SOURCE-AUDIT RECONCILED; supplied audit, no independent PDF reread",AUDIT-0279,279,GRAPH_ONLY_ADDED,GRAPH ONLY,GRAPH ONLY,GRAPH ONLY,GRAPH ONLY,,,,,,,All randomized/analyzed,covidence_952_full_article.pdf,Figure 3 presents postoperative morphine requirement for 0–6 h.,GRAPH ONLY,No new graph digitization; historical digitized data require their original validation before pooling.,ROB2_RESULT_SPECIFIC_PENDING,Postoperative opioid dose (native window/unit),EA,Sham,0-6h
Sim 2002,V34_B3_082,Postoperative EA (Group III),Placebo EA (Group I),Opioid consumption,Postoperative IV PCA morphine in interval,12–18 h,Graph only,30.0,30.0,30.0,30.0,,,,,,,,,,,,,mg/kg,NOT REPORTED,Yes,No,,,No,No,GRAPH ONLY — No new graph digitization; historical digitized data require their original validation before pooling.,Yes — shared comparator; select one contrast per model,Exact numerical interval value is not printed. No visual digitization performed.,Acupuncture in Medicine 2002;20:60; Figure 3,https://drive.google.com/file/d/1YsNHL-J3Kgfu8mCanRrNu_bHk_roj0w6/view?usp=drivesdk,"SOURCE-AUDIT RECONCILED; supplied audit, no independent PDF reread",AUDIT-0280,280,GRAPH_ONLY_ADDED,GRAPH ONLY,GRAPH ONLY,GRAPH ONLY,GRAPH ONLY,,,,,,,All randomized/analyzed,covidence_952_full_article.pdf,Figure 3 presents postoperative morphine requirement for 12–18 h.,GRAPH ONLY,No new graph digitization; historical digitized data require their original validation before pooling.,ROB2_RESULT_SPECIFIC_PENDING,Postoperative opioid dose (native window/unit),EA,Sham,12-18h
Sim 2002,V34_B3_083,Postoperative EA (Group III),Placebo EA (Group I),Opioid consumption,Postoperative IV PCA morphine in interval,18–24 h,Graph only,30.0,30.0,30.0,30.0,,,,,,,,,,,,,mg/kg,NOT REPORTED,Yes,No,,,No,No,GRAPH ONLY — No new graph digitization; historical digitized data require their original validation before pooling.,Yes — shared comparator; select one contrast per model,Exact numerical interval value is not printed. No visual digitization performed.,Acupuncture in Medicine 2002;20:60; Figure 3,https://drive.google.com/file/d/1YsNHL-J3Kgfu8mCanRrNu_bHk_roj0w6/view?usp=drivesdk,"SOURCE-AUDIT RECONCILED; supplied audit, no independent PDF reread",AUDIT-0281,281,GRAPH_ONLY_ADDED,GRAPH ONLY,GRAPH ONLY,GRAPH ONLY,GRAPH ONLY,,,,,,,All randomized/analyzed,covidence_952_full_article.pdf,Figure 3 presents postoperative morphine requirement for 18–24 h.,GRAPH ONLY,No new graph digitization; historical digitized data require their original validation before pooling.,ROB2_RESULT_SPECIFIC_PENDING,Postoperative opioid dose (native window/unit),EA,Sham,18-24h
Lu 2021,V34_B3_084,Single PC6 TEAS,Sham/no current,Functional recovery,Time to first verbal response,Immediate postoperative recovery,Mean/SD,198.0,188.0,198.0,188.0,9.1,4.4,,,,,9.2,5.1,,,,,minutes,0.80,Yes,No,,,No,No,"INCLUDE — Numerically extractable in its native endpoint/time/statistic; pooling still requires compatible stratum, comparator and independent-arm selection.",Yes — shared comparator; select one contrast per model,NOT REPORTED,"Journal of Clinical Anesthesia 74 (2021), Table 3; Table 3",https://drive.google.com/file/d/1MgD_OucfiyNEDdDe3osh8W01U1yYZs08/view?usp=drivesdk,"SOURCE-AUDIT RECONCILED; supplied audit, no independent PDF reread",AUDIT-0282,282,ADDED,9.1,4.4,9.2,5.1,,,,,,,Intention-to-treat,covidence_414_full_article.pdf,Time to first verbal response: sham 9.2±5.1; single 9.1±4.4; combined 9.1±4.9; P=0.80.,INCLUDE,"Numerically extractable in its native endpoint/time/statistic; pooling still requires compatible stratum, comparator and independent-arm selection.",ROB2_RESULT_SPECIFIC_PENDING,Functional recovery,TEAS,Sham,immediate postoperative recovery
Lu 2021,V34_B3_085,Combined PC6+CV17 TEAS,Sham/no current,Functional recovery,Time to first verbal response,Immediate postoperative recovery,Mean/SD,190.0,188.0,190.0,188.0,9.1,4.9,,,,,9.2,5.1,,,,,minutes,0.80,Yes,No,,,No,No,"INCLUDE — Numerically extractable in its native endpoint/time/statistic; pooling still requires compatible stratum, comparator and independent-arm selection.",Yes — shared comparator; select one contrast per model,NOT REPORTED,"Journal of Clinical Anesthesia 74 (2021), Table 3; Table 3",https://drive.google.com/file/d/1MgD_OucfiyNEDdDe3osh8W01U1yYZs08/view?usp=drivesdk,"SOURCE-AUDIT RECONCILED; supplied audit, no independent PDF reread",AUDIT-0283,283,ADDED,9.1,4.9,9.2,5.1,,,,,,,Intention-to-treat,covidence_414_full_article.pdf,Time to first verbal response: sham 9.2±5.1; single 9.1±4.4; combined 9.1±4.9; P=0.80.,INCLUDE,"Numerically extractable in its native endpoint/time/statistic; pooling still requires compatible stratum, comparator and independent-arm selection.",ROB2_RESULT_SPECIFIC_PENDING,Functional recovery,TEAS,Sham,immediate postoperative recovery
Lu 2021,V34_B3_086,Single PC6 TEAS,Sham/no current,Functional recovery,Time to extubation,Immediate postoperative recovery,Mean/SD,198.0,188.0,198.0,188.0,10.4,4.8,,,,,10.7,5.9,,,,,minutes,0.82,Yes,No,,,No,No,"INCLUDE — Numerically extractable in its native endpoint/time/statistic; pooling still requires compatible stratum, comparator and independent-arm selection.",Yes — shared comparator; select one contrast per model,NOT REPORTED,"Journal of Clinical Anesthesia 74 (2021), Table 3; Table 3",https://drive.google.com/file/d/1MgD_OucfiyNEDdDe3osh8W01U1yYZs08/view?usp=drivesdk,"SOURCE-AUDIT RECONCILED; supplied audit, no independent PDF reread",AUDIT-0284,284,ADDED,10.4,4.8,10.7,5.9,,,,,,,Intention-to-treat,covidence_414_full_article.pdf,Time to extubation: sham 10.7±5.9; single 10.4±4.8; combined 10.6±5.2; P=0.82.,INCLUDE,"Numerically extractable in its native endpoint/time/statistic; pooling still requires compatible stratum, comparator and independent-arm selection.",ROB2_RESULT_SPECIFIC_PENDING,Functional recovery,TEAS,Sham,immediate postoperative recovery
Lu 2021,V34_B3_087,Combined PC6+CV17 TEAS,Sham/no current,Functional recovery,Time to extubation,Immediate postoperative recovery,Mean/SD,190.0,188.0,190.0,188.0,10.6,5.2,,,,,10.7,5.9,,,,,minutes,0.82,Yes,No,,,No,No,"INCLUDE — Numerically extractable in its native endpoint/time/statistic; pooling still requires compatible stratum, comparator and independent-arm selection.",Yes — shared comparator; select one contrast per model,NOT REPORTED,"Journal of Clinical Anesthesia 74 (2021), Table 3; Table 3",https://drive.google.com/file/d/1MgD_OucfiyNEDdDe3osh8W01U1yYZs08/view?usp=drivesdk,"SOURCE-AUDIT RECONCILED; supplied audit, no independent PDF reread",AUDIT-0285,285,ADDED,10.6,5.2,10.7,5.9,,,,,,,Intention-to-treat,covidence_414_full_article.pdf,Time to extubation: sham 10.7±5.9; single 10.4±4.8; combined 10.6±5.2; P=0.82.,INCLUDE,"Numerically extractable in its native endpoint/time/statistic; pooling still requires compatible stratum, comparator and independent-arm selection.",ROB2_RESULT_SPECIFIC_PENDING,Functional recovery,TEAS,Sham,immediate postoperative recovery
Lu 2021,V34_B3_088,Single PC6 TEAS,Sham/no current,Pain,NRS at rest,24 h after surgery,Median/IQR,198.0,188.0,198.0,188.0,,,0.9,0.0,1.3,,,,1.0,0.0,1.6,,NRS 0–10,Table 3: 0.94; Results prose: 0.12,Yes,No,,,No,No,NARRATIVE ONLY — Median and original dispersion preserved; no mean/SD conversion or MD pooling.,Yes — shared comparator; select one contrast per model,INTERNAL SOURCE CONFLICT: Table 3 and Results prose give different omnibus P values. Values are taken from Table 3; both P values are preserved.,"Journal of Clinical Anesthesia 74 (2021), pp. 4–6; Table 3 + Results §3.3",https://drive.google.com/file/d/1MgD_OucfiyNEDdDe3osh8W01U1yYZs08/view?usp=drivesdk,"SOURCE-AUDIT RECONCILED; supplied audit, no independent PDF reread",AUDIT-0286,286,NOT_ANALYSIS_ELIGIBLE,0.9,0–1.3,1,0–1.6,,,,,,,Intention-to-treat,covidence_414_full_article.pdf,NRS at rest at 24 h: sham 1(0–1.6); single 0.9(0–1.3); combined 1(0–1).,NARRATIVE ONLY,Median and original dispersion preserved; no mean/SD conversion or MD pooling.,ROB2_RESULT_SPECIFIC_PENDING,Pain — rest,TEAS,Sham,24 h point
Lu 2021,V34_B3_089,Combined PC6+CV17 TEAS,Sham/no current,Pain,NRS at rest,24 h after surgery,Median/IQR,190.0,188.0,190.0,188.0,,,1.0,0.0,1.0,,,,1.0,0.0,1.6,,NRS 0–10,Table 3: 0.94; Results prose: 0.12,Yes,No,,,No,No,NARRATIVE ONLY — Median and original dispersion preserved; no mean/SD conversion or MD pooling.,Yes — shared comparator; select one contrast per model,INTERNAL SOURCE CONFLICT: Table 3 and Results prose give different omnibus P values. Values are taken from Table 3; both P values are preserved.,"Journal of Clinical Anesthesia 74 (2021), pp. 4–6; Table 3 + Results §3.3",https://drive.google.com/file/d/1MgD_OucfiyNEDdDe3osh8W01U1yYZs08/view?usp=drivesdk,"SOURCE-AUDIT RECONCILED; supplied audit, no independent PDF reread",AUDIT-0287,287,NOT_ANALYSIS_ELIGIBLE,1,0–1,1,0–1.6,,,,,,,Intention-to-treat,covidence_414_full_article.pdf,NRS at rest at 24 h: sham 1(0–1.6); single 0.9(0–1.3); combined 1(0–1).,NARRATIVE ONLY,Median and original dispersion preserved; no mean/SD conversion or MD pooling.,ROB2_RESULT_SPECIFIC_PENDING,Pain — rest,TEAS,Sham,24 h point
Lu 2021,V34_B3_090,Single PC6 TEAS,Sham/no current,Pain,NRS at cough,24 h after surgery,Median/IQR,198.0,188.0,198.0,188.0,,,1.3,0.3,2.9,,,,1.1,0.1,2.8,,NRS 0–10,Table 3: 0.89; Results prose: 0.49,Yes,No,,,No,No,NARRATIVE ONLY — Median and original dispersion preserved; no mean/SD conversion or MD pooling.,Yes — shared comparator; select one contrast per model,INTERNAL SOURCE CONFLICT: Table 3 and Results prose give different omnibus P values. Values are taken from Table 3; both P values are preserved.,"Journal of Clinical Anesthesia 74 (2021), pp. 4–6; Table 3 + Results §3.3",https://drive.google.com/file/d/1MgD_OucfiyNEDdDe3osh8W01U1yYZs08/view?usp=drivesdk,"SOURCE-AUDIT RECONCILED; supplied audit, no independent PDF reread",AUDIT-0288,288,NOT_ANALYSIS_ELIGIBLE,1.3,0.3–2.9,1.1,0.1–2.8,,,,,,,Intention-to-treat,covidence_414_full_article.pdf,NRS at cough at 24 h: sham 1.1(0.1–2.8); single 1.3(0.3–2.9); combined 1(0–2.3).,NARRATIVE ONLY,Median and original dispersion preserved; no mean/SD conversion or MD pooling.,ROB2_RESULT_SPECIFIC_PENDING,Pain — cough,TEAS,Sham,24 h point
Lu 2021,V34_B3_091,Combined PC6+CV17 TEAS,Sham/no current,Pain,NRS at cough,24 h after surgery,Median/IQR,190.0,188.0,190.0,188.0,,,1.0,0.0,2.3,,,,1.1,0.1,2.8,,NRS 0–10,Table 3: 0.89; Results prose: 0.49,Yes,No,,,No,No,NARRATIVE ONLY — Median and original dispersion preserved; no mean/SD conversion or MD pooling.,Yes — shared comparator; select one contrast per model,INTERNAL SOURCE CONFLICT: Table 3 and Results prose give different omnibus P values. Values are taken from Table 3; both P values are preserved.,"Journal of Clinical Anesthesia 74 (2021), pp. 4–6; Table 3 + Results §3.3",https://drive.google.com/file/d/1MgD_OucfiyNEDdDe3osh8W01U1yYZs08/view?usp=drivesdk,"SOURCE-AUDIT RECONCILED; supplied audit, no independent PDF reread",AUDIT-0289,289,NOT_ANALYSIS_ELIGIBLE,1,0–2.3,1.1,0.1–2.8,,,,,,,Intention-to-treat,covidence_414_full_article.pdf,NRS at cough at 24 h: sham 1.1(0.1–2.8); single 1.3(0.3–2.9); combined 1(0–2.3).,NARRATIVE ONLY,Median and original dispersion preserved; no mean/SD conversion or MD pooling.,ROB2_RESULT_SPECIFIC_PENDING,Pain — cough,TEAS,Sham,24 h point
Lu 2021,V34_B3_092,Single PC6 TEAS,Sham/no current,Rescue analgesia,Demand for rescue parecoxib,0–24 h,Events/total,198.0,188.0,198.0,188.0,,,,,,3.0,,,,,,7.0,participants,Table 3: 0.35; Results prose: 0.58,Yes,No,,,No,No,"INCLUDE — Numerically extractable in its native endpoint/time/statistic; pooling still requires compatible stratum, comparator and independent-arm selection.",Yes — shared comparator; select one contrast per model,INTERNAL SOURCE CONFLICT in reported omnibus P value. Rescue protocol: parecoxib sodium 40 mg for NRS >4.,"Journal of Clinical Anesthesia 74 (2021), Table 3; Table 3 + Results §3.3",https://drive.google.com/file/d/1MgD_OucfiyNEDdDe3osh8W01U1yYZs08/view?usp=drivesdk,"SOURCE-AUDIT RECONCILED; supplied audit, no independent PDF reread",AUDIT-0290,290,ADDED,NOT REPORTED,NOT REPORTED,NOT REPORTED,NOT REPORTED,,,,,,,Intention-to-treat,covidence_414_full_article.pdf,Rescue analgesia by 24 h: sham 7/188; single 3/198; combined 4/190.,INCLUDE,"Numerically extractable in its native endpoint/time/statistic; pooling still requires compatible stratum, comparator and independent-arm selection.",ROB2_RESULT_SPECIFIC_PENDING,Non-opioid rescue analgesia,TEAS,Sham,0-24h
Lu 2021,V34_B3_093,Combined PC6+CV17 TEAS,Sham/no current,Rescue analgesia,Demand for rescue parecoxib,0–24 h,Events/total,190.0,188.0,190.0,188.0,,,,,,4.0,,,,,,7.0,participants,Table 3: 0.35; Results prose: 0.58,Yes,No,,,No,No,"INCLUDE — Numerically extractable in its native endpoint/time/statistic; pooling still requires compatible stratum, comparator and independent-arm selection.",Yes — shared comparator; select one contrast per model,INTERNAL SOURCE CONFLICT in reported omnibus P value. Rescue protocol: parecoxib sodium 40 mg for NRS >4.,"Journal of Clinical Anesthesia 74 (2021), Table 3; Table 3 + Results §3.3",https://drive.google.com/file/d/1MgD_OucfiyNEDdDe3osh8W01U1yYZs08/view?usp=drivesdk,"SOURCE-AUDIT RECONCILED; supplied audit, no independent PDF reread",AUDIT-0291,291,ADDED,NOT REPORTED,NOT REPORTED,NOT REPORTED,NOT REPORTED,,,,,,,Intention-to-treat,covidence_414_full_article.pdf,Rescue analgesia by 24 h: sham 7/188; single 3/198; combined 4/190.,INCLUDE,"Numerically extractable in its native endpoint/time/statistic; pooling still requires compatible stratum, comparator and independent-arm selection.",ROB2_RESULT_SPECIFIC_PENDING,Non-opioid rescue analgesia,TEAS,Sham,0-24h
Lu 2021,V34_B3_094,Single PC6 TEAS,Sham/no current,PONV,Nausea incidence,0–24 h,Events/total,198.0,188.0,198.0,188.0,,,,,,38.0,,,,,,45.0,participants,<0.001,Yes,No,,,No,No,"INCLUDE — Numerically extractable in its native endpoint/time/statistic; pooling still requires compatible stratum, comparator and independent-arm selection.",Yes — shared comparator; select one contrast per model,NOT REPORTED,"Journal of Clinical Anesthesia 74 (2021), Table 3; Table 3",https://drive.google.com/file/d/1MgD_OucfiyNEDdDe3osh8W01U1yYZs08/view?usp=drivesdk,"SOURCE-AUDIT RECONCILED; supplied audit, no independent PDF reread",AUDIT-0292,292,ADDED,NOT REPORTED,NOT REPORTED,NOT REPORTED,NOT REPORTED,,,,,,,Intention-to-treat,covidence_414_full_article.pdf,Nausea incidence: sham 45/188; single 38/198; combined 12/190.,INCLUDE,"Numerically extractable in its native endpoint/time/statistic; pooling still requires compatible stratum, comparator and independent-arm selection.",ROB2_RESULT_SPECIFIC_PENDING,Nausea,TEAS,Sham,0-24h
Lu 2021,V34_B3_095,Combined PC6+CV17 TEAS,Sham/no current,PONV,Nausea incidence,0–24 h,Events/total,190.0,188.0,190.0,188.0,,,,,,12.0,,,,,,45.0,participants,<0.001,Yes,No,,,No,No,"INCLUDE — Numerically extractable in its native endpoint/time/statistic; pooling still requires compatible stratum, comparator and independent-arm selection.",Yes — shared comparator; select one contrast per model,NOT REPORTED,"Journal of Clinical Anesthesia 74 (2021), Table 3; Table 3",https://drive.google.com/file/d/1MgD_OucfiyNEDdDe3osh8W01U1yYZs08/view?usp=drivesdk,"SOURCE-AUDIT RECONCILED; supplied audit, no independent PDF reread",AUDIT-0293,293,ADDED,NOT REPORTED,NOT REPORTED,NOT REPORTED,NOT REPORTED,,,,,,,Intention-to-treat,covidence_414_full_article.pdf,Nausea incidence: sham 45/188; single 38/198; combined 12/190.,INCLUDE,"Numerically extractable in its native endpoint/time/statistic; pooling still requires compatible stratum, comparator and independent-arm selection.",ROB2_RESULT_SPECIFIC_PENDING,Nausea,TEAS,Sham,0-24h
Lu 2021,V34_B3_096,Single PC6 TEAS,Sham/no current,PONV,Vomiting incidence,0–24 h,Events/total,198.0,188.0,198.0,188.0,,,,,,21.0,,,,,,22.0,participants,0.93,Yes,No,,,No,No,"INCLUDE — Numerically extractable in its native endpoint/time/statistic; pooling still requires compatible stratum, comparator and independent-arm selection.",Yes — shared comparator; select one contrast per model,NOT REPORTED,"Journal of Clinical Anesthesia 74 (2021), Table 3; Table 3",https://drive.google.com/file/d/1MgD_OucfiyNEDdDe3osh8W01U1yYZs08/view?usp=drivesdk,"SOURCE-AUDIT RECONCILED; supplied audit, no independent PDF reread",AUDIT-0294,294,ADDED,NOT REPORTED,NOT REPORTED,NOT REPORTED,NOT REPORTED,,,,,,,Intention-to-treat,covidence_414_full_article.pdf,Vomiting incidence: sham 22/188; single 21/198; combined 22/190.,INCLUDE,"Numerically extractable in its native endpoint/time/statistic; pooling still requires compatible stratum, comparator and independent-arm selection.",ROB2_RESULT_SPECIFIC_PENDING,Vomiting,TEAS,Sham,0-24h
Lu 2021,V34_B3_097,Combined PC6+CV17 TEAS,Sham/no current,PONV,Vomiting incidence,0–24 h,Events/total,190.0,188.0,190.0,188.0,,,,,,22.0,,,,,,22.0,participants,0.93,Yes,No,,,No,No,"INCLUDE — Numerically extractable in its native endpoint/time/statistic; pooling still requires compatible stratum, comparator and independent-arm selection.",Yes — shared comparator; select one contrast per model,NOT REPORTED,"Journal of Clinical Anesthesia 74 (2021), Table 3; Table 3",https://drive.google.com/file/d/1MgD_OucfiyNEDdDe3osh8W01U1yYZs08/view?usp=drivesdk,"SOURCE-AUDIT RECONCILED; supplied audit, no independent PDF reread",AUDIT-0295,295,ADDED,NOT REPORTED,NOT REPORTED,NOT REPORTED,NOT REPORTED,,,,,,,Intention-to-treat,covidence_414_full_article.pdf,Vomiting incidence: sham 22/188; single 21/198; combined 22/190.,INCLUDE,"Numerically extractable in its native endpoint/time/statistic; pooling still requires compatible stratum, comparator and independent-arm selection.",ROB2_RESULT_SPECIFIC_PENDING,Vomiting,TEAS,Sham,0-24h
Lu 2021,V34_B3_098,Single PC6 TEAS,Sham/no current,PONV,PONV severity score,0–24 h,Mean/SD,198.0,188.0,198.0,188.0,0.4,0.7,,,,,0.4,0.7,,,,,PONV severity score; scale definition not repeated in Table 3,0.03,Yes,No,,,No,No,"INCLUDE — Numerically extractable in its native endpoint/time/statistic; pooling still requires compatible stratum, comparator and independent-arm selection.",Yes — shared comparator; select one contrast per model,NOT REPORTED,"Journal of Clinical Anesthesia 74 (2021), Table 3; Table 3",https://drive.google.com/file/d/1MgD_OucfiyNEDdDe3osh8W01U1yYZs08/view?usp=drivesdk,"SOURCE-AUDIT RECONCILED; supplied audit, no independent PDF reread",AUDIT-0296,296,ADDED,0.4,0.7,0.4,0.7,,,,,,,Intention-to-treat,covidence_414_full_article.pdf,Score of PONV: sham 0.4±0.7; single 0.4±0.7; combined 0.3±0.7; omnibus P=0.03.,INCLUDE,"Numerically extractable in its native endpoint/time/statistic; pooling still requires compatible stratum, comparator and independent-arm selection.",ROB2_RESULT_SPECIFIC_PENDING,PONV severity,TEAS,Sham,0-24h
Lu 2021,V34_B3_099,Combined PC6+CV17 TEAS,Sham/no current,PONV,PONV severity score,0–24 h,Mean/SD,190.0,188.0,190.0,188.0,0.3,0.7,,,,,0.4,0.7,,,,,PONV severity score; scale definition not repeated in Table 3,0.03,Yes,No,,,No,No,"INCLUDE — Numerically extractable in its native endpoint/time/statistic; pooling still requires compatible stratum, comparator and independent-arm selection.",Yes — shared comparator; select one contrast per model,NOT REPORTED,"Journal of Clinical Anesthesia 74 (2021), Table 3; Table 3",https://drive.google.com/file/d/1MgD_OucfiyNEDdDe3osh8W01U1yYZs08/view?usp=drivesdk,"SOURCE-AUDIT RECONCILED; supplied audit, no independent PDF reread",AUDIT-0297,297,ADDED,0.3,0.7,0.4,0.7,,,,,,,Intention-to-treat,covidence_414_full_article.pdf,Score of PONV: sham 0.4±0.7; single 0.4±0.7; combined 0.3±0.7; omnibus P=0.03.,INCLUDE,"Numerically extractable in its native endpoint/time/statistic; pooling still requires compatible stratum, comparator and independent-arm selection.",ROB2_RESULT_SPECIFIC_PENDING,PONV severity,TEAS,Sham,0-24h
Lu 2021,V34_B3_100,Single PC6 TEAS,Sham/no current,Patient satisfaction,Analgesia satisfaction score,By 24 h after surgery,Mean/SD,198.0,188.0,198.0,188.0,8.2,1.1,,,,,8.2,0.9,,,,,satisfaction score; scale range not stated in retrieved table text,0.16,Yes,No,,,No,No,"HOLD — Source definition, timepoint, denominator, scale, statistic, or post-randomization subset requires adjudication; see raw source/QC.",Yes — shared comparator; select one contrast per model,NOT REPORTED,"Journal of Clinical Anesthesia 74 (2021), Table 3; Table 3",https://drive.google.com/file/d/1MgD_OucfiyNEDdDe3osh8W01U1yYZs08/view?usp=drivesdk,"SOURCE-AUDIT RECONCILED; supplied audit, no independent PDF reread",AUDIT-0298,298,AMBIGUOUS_HOLD,8.2,1.1,8.2,0.9,,,,,,,Intention-to-treat,covidence_414_full_article.pdf,Patient satisfaction: sham 8.2±0.9; single 8.2±1.1; combined 8.4±0.9; P=0.16.,HOLD,"Source definition, timepoint, denominator, scale, statistic, or post-randomization subset requires adjudication; see raw source/QC.",ROB2_RESULT_SPECIFIC_PENDING,Patient satisfaction,TEAS,Sham,by 24h after surgery
Lu 2021,V34_B3_101,Combined PC6+CV17 TEAS,Sham/no current,Patient satisfaction,Analgesia satisfaction score,By 24 h after surgery,Mean/SD,190.0,188.0,190.0,188.0,8.4,0.9,,,,,8.2,0.9,,,,,satisfaction score; scale range not stated in retrieved table text,0.16,Yes,No,,,No,No,"HOLD — Source definition, timepoint, denominator, scale, statistic, or post-randomization subset requires adjudication; see raw source/QC.",Yes — shared comparator; select one contrast per model,NOT REPORTED,"Journal of Clinical Anesthesia 74 (2021), Table 3; Table 3",https://drive.google.com/file/d/1MgD_OucfiyNEDdDe3osh8W01U1yYZs08/view?usp=drivesdk,"SOURCE-AUDIT RECONCILED; supplied audit, no independent PDF reread",AUDIT-0299,299,AMBIGUOUS_HOLD,8.4,0.9,8.2,0.9,,,,,,,Intention-to-treat,covidence_414_full_article.pdf,Patient satisfaction: sham 8.2±0.9; single 8.2±1.1; combined 8.4±0.9; P=0.16.,HOLD,"Source definition, timepoint, denominator, scale, statistic, or post-randomization subset requires adjudication; see raw source/QC.",ROB2_RESULT_SPECIFIC_PENDING,Patient satisfaction,TEAS,Sham,by 24h after surgery
Lu 2021,V34_B3_102,Single PC6 TEAS,Sham/no current,Chronic pain,Post-mastectomy chronic pain incidence,3 months,Events/total,198.0,188.0,198.0,188.0,,,,,,70.0,,,,,,75.0,participants,0.17,Yes,No,,,No,No,"INCLUDE — Numerically extractable in its native endpoint/time/statistic; pooling still requires compatible stratum, comparator and independent-arm selection.",Yes — shared comparator; select one contrast per model,NOT REPORTED,"Journal of Clinical Anesthesia 74 (2021), Table 2; Table 2",https://drive.google.com/file/d/1MgD_OucfiyNEDdDe3osh8W01U1yYZs08/view?usp=drivesdk,"SOURCE-AUDIT RECONCILED; supplied audit, no independent PDF reread",AUDIT-0300,300,ADDED,NOT REPORTED,NOT REPORTED,NOT REPORTED,NOT REPORTED,,,,,,,Intention-to-treat,covidence_414_full_article.pdf,Chronic pain at 3 months: sham 75/188; single 70/198; combined 58/190.,INCLUDE,"Numerically extractable in its native endpoint/time/statistic; pooling still requires compatible stratum, comparator and independent-arm selection.",ROB2_RESULT_SPECIFIC_PENDING,Chronic pain,TEAS,Sham,3 months
Lu 2021,V34_B3_103,Combined PC6+CV17 TEAS,Sham/no current,Chronic pain,Post-mastectomy chronic pain incidence,3 months,Events/total,190.0,188.0,190.0,188.0,,,,,,58.0,,,,,,75.0,participants,0.17,Yes,No,,,No,No,"INCLUDE — Numerically extractable in its native endpoint/time/statistic; pooling still requires compatible stratum, comparator and independent-arm selection.",Yes — shared comparator; select one contrast per model,NOT REPORTED,"Journal of Clinical Anesthesia 74 (2021), Table 2; Table 2",https://drive.google.com/file/d/1MgD_OucfiyNEDdDe3osh8W01U1yYZs08/view?usp=drivesdk,"SOURCE-AUDIT RECONCILED; supplied audit, no independent PDF reread",AUDIT-0301,301,ADDED,NOT REPORTED,NOT REPORTED,NOT REPORTED,NOT REPORTED,,,,,,,Intention-to-treat,covidence_414_full_article.pdf,Chronic pain at 3 months: sham 75/188; single 70/198; combined 58/190.,INCLUDE,"Numerically extractable in its native endpoint/time/statistic; pooling still requires compatible stratum, comparator and independent-arm selection.",ROB2_RESULT_SPECIFIC_PENDING,Chronic pain,TEAS,Sham,3 months
Lu 2021,V34_B3_104,Single PC6 TEAS,Sham/no current,Chronic pain,NRS among participants reporting chronic pain,3 months,Mean/SD,198.0,188.0,70.0,75.0,2.6,2.0,,,,,2.8,2.0,,,,,NRS 0–10,0.04,Yes,No,,,No,No,"HOLD — Source definition, timepoint, denominator, scale, statistic, or post-randomization subset requires adjudication; see raw source/QC.",Yes — shared comparator; select one contrast per model,"Subset analysis denominator is the number of participants with chronic pain, not the randomized arm size.","Journal of Clinical Anesthesia 74 (2021), Table 2; Table 2",https://drive.google.com/file/d/1MgD_OucfiyNEDdDe3osh8W01U1yYZs08/view?usp=drivesdk,"SOURCE-AUDIT RECONCILED; supplied audit, no independent PDF reread",AUDIT-0302,302,AMBIGUOUS_HOLD,2.6,2.0,2.8,2.0,,,,,,,Subset with chronic pain,covidence_414_full_article.pdf,NRS among chronic-pain patients at 3 months: sham 2.8±2.0 (n=75); active 2.6±2.0 (n=70).,HOLD,"Source definition, timepoint, denominator, scale, statistic, or post-randomization subset requires adjudication; see raw source/QC.",ROB2_RESULT_SPECIFIC_PENDING,Chronic pain,TEAS,Sham,3 months
Lu 2021,V34_B3_105,Combined PC6+CV17 TEAS,Sham/no current,Chronic pain,NRS among participants reporting chronic pain,3 months,Mean/SD,190.0,188.0,58.0,75.0,2.3,2.0,,,,,2.8,2.0,,,,,NRS 0–10,0.04,Yes,No,,,No,No,"HOLD — Source definition, timepoint, denominator, scale, statistic, or post-randomization subset requires adjudication; see raw source/QC.",Yes — shared comparator; select one contrast per model,"Subset analysis denominator is the number of participants with chronic pain, not the randomized arm size.","Journal of Clinical Anesthesia 74 (2021), Table 2; Table 2",https://drive.google.com/file/d/1MgD_OucfiyNEDdDe3osh8W01U1yYZs08/view?usp=drivesdk,"SOURCE-AUDIT RECONCILED; supplied audit, no independent PDF reread",AUDIT-0303,303,AMBIGUOUS_HOLD,2.3,2.0,2.8,2.0,,,,,,,Subset with chronic pain,covidence_414_full_article.pdf,NRS among chronic-pain patients at 3 months: sham 2.8±2.0 (n=75); active 2.3±2.0 (n=58).,HOLD,"Source definition, timepoint, denominator, scale, statistic, or post-randomization subset requires adjudication; see raw source/QC.",ROB2_RESULT_SPECIFIC_PENDING,Chronic pain,TEAS,Sham,3 months
Lu 2021,V34_B3_106,Single PC6 TEAS,Sham/no current,Chronic pain,NRS among participants reporting chronic pain,6 months,Mean/SD,198.0,188.0,72.0,65.0,2.7,2.0,,,,,2.8,1.8,,,,,NRS 0–10,0.31,Yes,No,,,No,No,"HOLD — Source definition, timepoint, denominator, scale, statistic, or post-randomization subset requires adjudication; see raw source/QC.",Yes — shared comparator; select one contrast per model,"Subset analysis denominator is the number of participants with chronic pain, not the randomized arm size.","Journal of Clinical Anesthesia 74 (2021), Table 2; Table 2",https://drive.google.com/file/d/1MgD_OucfiyNEDdDe3osh8W01U1yYZs08/view?usp=drivesdk,"SOURCE-AUDIT RECONCILED; supplied audit, no independent PDF reread",AUDIT-0304,304,AMBIGUOUS_HOLD,2.7,2.0,2.8,1.8,,,,,,,Subset with chronic pain,covidence_414_full_article.pdf,NRS among chronic-pain patients at 6 months: sham 2.8±1.8 (n=65); active 2.7±2.0 (n=72).,HOLD,"Source definition, timepoint, denominator, scale, statistic, or post-randomization subset requires adjudication; see raw source/QC.",ROB2_RESULT_SPECIFIC_PENDING,Chronic pain,TEAS,Sham,6 months
Lu 2021,V34_B3_107,Combined PC6+CV17 TEAS,Sham/no current,Chronic pain,NRS among participants reporting chronic pain,6 months,Mean/SD,190.0,188.0,42.0,65.0,2.4,1.9,,,,,2.8,1.8,,,,,NRS 0–10,0.31,Yes,No,,,No,No,"HOLD — Source definition, timepoint, denominator, scale, statistic, or post-randomization subset requires adjudication; see raw source/QC.",Yes — shared comparator; select one contrast per model,"Subset analysis denominator is the number of participants with chronic pain, not the randomized arm size.","Journal of Clinical Anesthesia 74 (2021), Table 2; Table 2",https://drive.google.com/file/d/1MgD_OucfiyNEDdDe3osh8W01U1yYZs08/view?usp=drivesdk,"SOURCE-AUDIT RECONCILED; supplied audit, no independent PDF reread",AUDIT-0305,305,AMBIGUOUS_HOLD,2.4,1.9,2.8,1.8,,,,,,,Subset with chronic pain,covidence_414_full_article.pdf,NRS among chronic-pain patients at 6 months: sham 2.8±1.8 (n=65); active 2.4±1.9 (n=42).,HOLD,"Source definition, timepoint, denominator, scale, statistic, or post-randomization subset requires adjudication; see raw source/QC.",ROB2_RESULT_SPECIFIC_PENDING,Chronic pain,TEAS,Sham,6 months
Long 2025,V34_B3_108,Perioperative electrical acupoint stimulation (Group A),Electrodes/no current control (Group C),Pain,VAS pain intensity,48 h,Mean/SD,30.0,30.0,27.0,26.0,1.85,0.72,,,,,2.65,0.94,,,,,VAS 0–10,0.001,Yes,No,,,No,No,"INCLUDE — Numerically extractable in its native endpoint/time/statistic; pooling still requires compatible stratum, comparator and independent-arm selection.",No (preserve trial strata where specified),NOT REPORTED,"Injury 56 (2025), p. 9; Table 7",https://drive.google.com/file/d/1LDqtQLq9-kZLP0Vv_G3iiK8QKjy4pRXP/view?usp=drivesdk,"SOURCE-AUDIT RECONCILED; supplied audit, no independent PDF reread",AUDIT-0306,306,ADDED,1.85,0.72,2.65,0.94,,,,,,,Available-case analysis; source denominator inconsistencies noted,1-s2.0-S0020138325005200.pdf,VAS 48 h: Group C 2.65±0.94 vs Group A 1.85±0.72; P=0.001.,INCLUDE,"Numerically extractable in its native endpoint/time/statistic; pooling still requires compatible stratum, comparator and independent-arm selection.",ROB2_RESULT_SPECIFIC_PENDING,Pain — unspecified context,EA,Sham,48h
Long 2025,V34_B3_109,Perioperative electrical acupoint stimulation (Group A),Electrodes/no current control (Group C),Length of stay,Hospital stay,Postoperative hospitalization,Mean/SD,30.0,30.0,27.0,26.0,13.37,3.03,,,,,14.77,3.57,,,,,days,0.130,Yes,No,,,No,No,"INCLUDE — Numerically extractable in its native endpoint/time/statistic; pooling still requires compatible stratum, comparator and independent-arm selection.",No (preserve trial strata where specified),NOT REPORTED,"Injury 56 (2025), p. 9; Table 7",https://drive.google.com/file/d/1LDqtQLq9-kZLP0Vv_G3iiK8QKjy4pRXP/view?usp=drivesdk,"SOURCE-AUDIT RECONCILED; supplied audit, no independent PDF reread",AUDIT-0307,307,ADDED,13.37,3.03,14.77,3.57,,,,,,,Available-case analysis; source denominator inconsistencies noted,1-s2.0-S0020138325005200.pdf,Hospital stay: Group C 14.77±3.57 vs Group A 13.37±3.03 days; P=0.130.,INCLUDE,"Numerically extractable in its native endpoint/time/statistic; pooling still requires compatible stratum, comparator and independent-arm selection.",ROB2_RESULT_SPECIFIC_PENDING,LOS,EA,Sham,postoperative hospitalization
Long 2025,V34_B3_110,Perioperative electrical acupoint stimulation (Group A),Electrodes/no current control (Group C),Functional recovery,Extubation time,Immediate postoperative recovery,Mean/SD,30.0,30.0,27.0,26.0,7.44,6.03,,,,,10.85,8.44,,,,,minutes,0.097,Yes,No,,,No,No,"INCLUDE — Numerically extractable in its native endpoint/time/statistic; pooling still requires compatible stratum, comparator and independent-arm selection.",No (preserve trial strata where specified),NOT REPORTED,"Injury 56 (2025), Table 5 / Results; Table 5",https://drive.google.com/file/d/1LDqtQLq9-kZLP0Vv_G3iiK8QKjy4pRXP/view?usp=drivesdk,"SOURCE-AUDIT RECONCILED; supplied audit, no independent PDF reread",AUDIT-0308,308,ADDED,7.44,6.03,10.85,8.44,,,,,,,Available-case analysis; source denominator inconsistencies noted,1-s2.0-S0020138325005200.pdf,Extubation time: Group C 10.85±8.44 min vs Group A 7.44±6.03 min; P=0.097.,INCLUDE,"Numerically extractable in its native endpoint/time/statistic; pooling still requires compatible stratum, comparator and independent-arm selection.",ROB2_RESULT_SPECIFIC_PENDING,Functional recovery,EA,Sham,immediate postoperative recovery
Long 2025,V34_B3_111,Perioperative electrical acupoint stimulation (Group A),Electrodes/no current control (Group C),Functional recovery,Recovery-room stay >30 min,Immediate postoperative recovery,Published percentage,30.0,30.0,27.0,26.0,,,,,,,,,,,,,percent,0.336,Yes,No,,,No,No,NARRATIVE ONLY — Printed percentage/CI retained; event counts not reverse-engineered.,No (preserve trial strata where specified),Raw event counts are not used because the article reports percentages and the study has group-denominator inconsistencies.,"Injury 56 (2025), Table 5 / Results; Table 5",https://drive.google.com/file/d/1LDqtQLq9-kZLP0Vv_G3iiK8QKjy4pRXP/view?usp=drivesdk,"SOURCE-AUDIT RECONCILED; supplied audit, no independent PDF reread",AUDIT-0309,309,NOT_ANALYSIS_ELIGIBLE,29.6,NOT REPORTED,42.3,NOT REPORTED,,,,,,,Available-case analysis; source denominator inconsistencies noted,1-s2.0-S0020138325005200.pdf,Recovery-room stay >30 min: Group C 42.3% vs Group A 29.6%; P=0.336.,NARRATIVE ONLY,Printed percentage/CI retained; event counts not reverse-engineered.,ROB2_RESULT_SPECIFIC_PENDING,Functional recovery — PACU,EA,Sham,immediate postoperative recovery
Long 2025,V34_B3_112,Perioperative electrical acupoint stimulation (Group A),Electrodes/no current control (Group C),Neurocognitive,Perioperative neurocognitive disorder (PND),POD7,Published event count + percentage; denominator inconsistent,30.0,30.0,,,,,,,,1.0,,,,,,2.0,participants,>0.05,Yes,No,,,No,No,"HOLD — Source definition, timepoint, denominator, scale, statistic, or post-randomization subset requires adjudication; see raw source/QC.",No (preserve trial strata where specified),"Table percentages imply denominators C=25 and A=28, whereas study-level analyzed counts elsewhere are C=26 and A=27 and total n=53. Preserve published counts/percentages; do not reconstruct denominators.","Injury 56 (2025), Table 2; Table 2",https://drive.google.com/file/d/1LDqtQLq9-kZLP0Vv_G3iiK8QKjy4pRXP/view?usp=drivesdk,"SOURCE-AUDIT RECONCILED; supplied audit, no independent PDF reread",AUDIT-0310,310,CONFLICT_HOLD,NOT REPORTED,NOT REPORTED,NOT REPORTED,NOT REPORTED,,,,,,,Available-case analysis; source denominator inconsistencies noted,1-s2.0-S0020138325005200.pdf,PND POD7: Group C 2 (8.0%) vs Group A 1 (3.6%); no significant difference.,HOLD,"Source definition, timepoint, denominator, scale, statistic, or post-randomization subset requires adjudication; see raw source/QC.",ROB2_RESULT_SPECIFIC_PENDING,Neurocognitive,EA,Sham,pod7
Long 2025,V34_B3_113,Perioperative electrical acupoint stimulation (Group A),Electrodes/no current control (Group C),GI adverse event,Stomach pain and distension,Postoperative,Events/total,30.0,30.0,27.0,26.0,,,,,,3.0,,,,,,2.0,participants,1.000,Yes,No,,,No,No,"INCLUDE — Numerically extractable in its native endpoint/time/statistic; pooling still requires compatible stratum, comparator and independent-arm selection.",No (preserve trial strata where specified),NOT REPORTED,"Injury 56 (2025), Table 6; Table 6",https://drive.google.com/file/d/1LDqtQLq9-kZLP0Vv_G3iiK8QKjy4pRXP/view?usp=drivesdk,"SOURCE-AUDIT RECONCILED; supplied audit, no independent PDF reread",AUDIT-0311,311,ADDED,NOT REPORTED,NOT REPORTED,NOT REPORTED,NOT REPORTED,,,,,,,Available-case analysis; source denominator inconsistencies noted,1-s2.0-S0020138325005200.pdf,Stomach pain and distension: Group C 2/26 vs Group A 3/27; P=1.000.,INCLUDE,"Numerically extractable in its native endpoint/time/statistic; pooling still requires compatible stratum, comparator and independent-arm selection.",ROB2_RESULT_SPECIFIC_PENDING,Pain — unspecified context,EA,Sham,postoperative
Long 2025,V34_B3_114,Perioperative electrical acupoint stimulation (Group A),Electrodes/no current control (Group C),Adverse events,Postoperative hypotension,Postoperative,Events/total,30.0,30.0,27.0,26.0,,,,,,3.0,,,,,,1.0,participants,0.631,Yes,No,,,No,No,"INCLUDE — Numerically extractable in its native endpoint/time/statistic; pooling still requires compatible stratum, comparator and independent-arm selection.",No (preserve trial strata where specified),NOT REPORTED,"Injury 56 (2025), Table 6; Table 6",https://drive.google.com/file/d/1LDqtQLq9-kZLP0Vv_G3iiK8QKjy4pRXP/view?usp=drivesdk,"SOURCE-AUDIT RECONCILED; supplied audit, no independent PDF reread",AUDIT-0312,312,ADDED,NOT REPORTED,NOT REPORTED,NOT REPORTED,NOT REPORTED,,,,,,,Available-case analysis; source denominator inconsistencies noted,1-s2.0-S0020138325005200.pdf,Postoperative hypotension: Group C 1/26 vs Group A 3/27; P=0.631.,INCLUDE,"Numerically extractable in its native endpoint/time/statistic; pooling still requires compatible stratum, comparator and independent-arm selection.",ROB2_RESULT_SPECIFIC_PENDING,Adverse events,EA,Sham,postoperative
Long 2025,V34_B3_115,Perioperative electrical acupoint stimulation (Group A),Electrodes/no current control (Group C),Adverse events,Postoperative hypertension,Postoperative,Events/total,30.0,30.0,27.0,26.0,,,,,,3.0,,,,,,2.0,participants,1.000,Yes,No,,,No,No,"INCLUDE — Numerically extractable in its native endpoint/time/statistic; pooling still requires compatible stratum, comparator and independent-arm selection.",No (preserve trial strata where specified),NOT REPORTED,"Injury 56 (2025), Table 6; Table 6",https://drive.google.com/file/d/1LDqtQLq9-kZLP0Vv_G3iiK8QKjy4pRXP/view?usp=drivesdk,"SOURCE-AUDIT RECONCILED; supplied audit, no independent PDF reread",AUDIT-0313,313,ADDED,NOT REPORTED,NOT REPORTED,NOT REPORTED,NOT REPORTED,,,,,,,Available-case analysis; source denominator inconsistencies noted,1-s2.0-S0020138325005200.pdf,Postoperative hypertension: Group C 2/26 vs Group A 3/27; P=1.000.,INCLUDE,"Numerically extractable in its native endpoint/time/statistic; pooling still requires compatible stratum, comparator and independent-arm selection.",ROB2_RESULT_SPECIFIC_PENDING,Adverse events,EA,Sham,postoperative
Long 2025,V34_B3_116,Perioperative electrical acupoint stimulation (Group A),Electrodes/no current control (Group C),Adverse events,Tachycardia/bradycardia,Postoperative,Events/total,30.0,30.0,27.0,26.0,,,,,,2.0,,,,,,2.0,participants,1.000,Yes,No,,,No,No,"INCLUDE — Numerically extractable in its native endpoint/time/statistic; pooling still requires compatible stratum, comparator and independent-arm selection.",No (preserve trial strata where specified),NOT REPORTED,"Injury 56 (2025), Table 6; Table 6",https://drive.google.com/file/d/1LDqtQLq9-kZLP0Vv_G3iiK8QKjy4pRXP/view?usp=drivesdk,"SOURCE-AUDIT RECONCILED; supplied audit, no independent PDF reread",AUDIT-0314,314,ADDED,NOT REPORTED,NOT REPORTED,NOT REPORTED,NOT REPORTED,,,,,,,Available-case analysis; source denominator inconsistencies noted,1-s2.0-S0020138325005200.pdf,Tachycardia/bradycardia: Group C 2/26 vs Group A 2/27; P=1.000.,INCLUDE,"Numerically extractable in its native endpoint/time/statistic; pooling still requires compatible stratum, comparator and independent-arm selection.",ROB2_RESULT_SPECIFIC_PENDING,Adverse events,EA,Sham,postoperative
Long 2025,V34_B3_117,Perioperative electrical acupoint stimulation (Group A),Electrodes/no current control (Group C),Adverse events,Hypoxemia,Postoperative,Events/total,30.0,30.0,27.0,26.0,,,,,,0.0,,,,,,4.0,participants,0.110,Yes,No,,,No,No,"INCLUDE — Numerically extractable in its native endpoint/time/statistic; pooling still requires compatible stratum, comparator and independent-arm selection.",No (preserve trial strata where specified),NOT REPORTED,"Injury 56 (2025), Table 6; Table 6",https://drive.google.com/file/d/1LDqtQLq9-kZLP0Vv_G3iiK8QKjy4pRXP/view?usp=drivesdk,"SOURCE-AUDIT RECONCILED; supplied audit, no independent PDF reread",AUDIT-0315,315,ADDED,NOT REPORTED,NOT REPORTED,NOT REPORTED,NOT REPORTED,,,,,,,Available-case analysis; source denominator inconsistencies noted,1-s2.0-S0020138325005200.pdf,Hypoxemia: Group C 4/26 vs Group A 0/27; P=0.110.,INCLUDE,"Numerically extractable in its native endpoint/time/statistic; pooling still requires compatible stratum, comparator and independent-arm selection.",ROB2_RESULT_SPECIFIC_PENDING,Adverse events,EA,Sham,postoperative
Long 2025,V34_B3_118,Perioperative electrical acupoint stimulation (Group A),Electrodes/no current control (Group C),Adverse events,Headache and vertigo,Postoperative,Events/total,30.0,30.0,27.0,26.0,,,,,,5.0,,,,,,5.0,participants,1.000,Yes,No,,,No,No,"INCLUDE — Numerically extractable in its native endpoint/time/statistic; pooling still requires compatible stratum, comparator and independent-arm selection.",No (preserve trial strata where specified),NOT REPORTED,"Injury 56 (2025), Table 6; Table 6",https://drive.google.com/file/d/1LDqtQLq9-kZLP0Vv_G3iiK8QKjy4pRXP/view?usp=drivesdk,"SOURCE-AUDIT RECONCILED; supplied audit, no independent PDF reread",AUDIT-0316,316,ADDED,NOT REPORTED,NOT REPORTED,NOT REPORTED,NOT REPORTED,,,,,,,Available-case analysis; source denominator inconsistencies noted,1-s2.0-S0020138325005200.pdf,Headache and vertigo: Group C 5/26 vs Group A 5/27; P=1.000.,INCLUDE,"Numerically extractable in its native endpoint/time/statistic; pooling still requires compatible stratum, comparator and independent-arm selection.",ROB2_RESULT_SPECIFIC_PENDING,Adverse events,EA,Sham,postoperative
Long 2025,V34_B3_119,Perioperative electrical acupoint stimulation (Group A),Electrodes/no current control (Group C),Adverse events,Delirious agitation,Postoperative,Events/total,30.0,30.0,27.0,26.0,,,,,,5.0,,,,,,3.0,participants,0.745,Yes,No,,,No,No,"INCLUDE — Numerically extractable in its native endpoint/time/statistic; pooling still requires compatible stratum, comparator and independent-arm selection.",No (preserve trial strata where specified),NOT REPORTED,"Injury 56 (2025), Table 6; Table 6",https://drive.google.com/file/d/1LDqtQLq9-kZLP0Vv_G3iiK8QKjy4pRXP/view?usp=drivesdk,"SOURCE-AUDIT RECONCILED; supplied audit, no independent PDF reread",AUDIT-0317,317,ADDED,NOT REPORTED,NOT REPORTED,NOT REPORTED,NOT REPORTED,,,,,,,Available-case analysis; source denominator inconsistencies noted,1-s2.0-S0020138325005200.pdf,Delirious agitation: Group C 3/26 vs Group A 5/27; P=0.745.,INCLUDE,"Numerically extractable in its native endpoint/time/statistic; pooling still requires compatible stratum, comparator and independent-arm selection.",ROB2_RESULT_SPECIFIC_PENDING,Adverse events,EA,Sham,postoperative
Sim 2002,V34_B3_120,Postoperative EA (Group III),Placebo EA (Group I),Opioid consumption,Postoperative IV PCA morphine in interval,6–12 h,Median/IQR width as printed,30.0,30.0,30.0,30.0,,,0.08,,,,,,0.1,,,,mg/kg,NOT REPORTED for Group III vs Group I,Yes,No,,,No,No,NARRATIVE ONLY — Median and original dispersion preserved; no mean/SD conversion or MD pooling.,Yes — shared comparator; select one contrast per model,"The paper states nonparametric data are presented as median (interquartile range), but prints a single parenthetical IQR value rather than Q1 and Q3. Pairwise P is printed for Group II vs I and II vs III, not Group III vs I.",Acupuncture in Medicine 2002;20:60; Results text + Figure 3,https://drive.google.com/file/d/1YsNHL-J3Kgfu8mCanRrNu_bHk_roj0w6/view?usp=drivesdk,"SOURCE-AUDIT RECONCILED; supplied audit, no independent PDF reread",AUDIT-0318,318,NOT_ANALYSIS_ELIGIBLE,0.08,IQR 0.10,0.1,IQR 0.11,,,,,0.1,0.11,All randomized/analyzed,covidence_952_full_article.pdf,"During 6–12 h: Group II 0.03 (0.05), Group I 0.10 (0.11), and Group III 0.08 (0.10) mg/kg.",NARRATIVE ONLY,Median and original dispersion preserved; no mean/SD conversion or MD pooling.,ROB2_RESULT_SPECIFIC_PENDING,Postoperative opioid dose (native window/unit),EA,Sham,6-12h
Sim 2002,V34_B3_121,Postoperative EA (Group III),Placebo EA (Group I),Intraoperative opioid,Alfentanil requirement rate,Intraoperative,Mean/SD,30.0,30.0,30.0,30.0,0.58,0.22,,,,,0.51,0.21,,,,,μg/kg/min,NOT REPORTED for Group III vs Group I,Yes,No,,,No,No,EXCLUDE — Postoperative EA cannot estimate a treatment effect on preceding intraoperative alfentanil.,Yes — shared comparator; select one contrast per model,The paper reports P=0.024 for Group II vs III and P=0.472 for Group II vs I; it does not print a Group III vs I P value.,"Acupuncture in Medicine 2002;20:56,59–60; Abstract/Results + Figure 2",https://drive.google.com/file/d/1YsNHL-J3Kgfu8mCanRrNu_bHk_roj0w6/view?usp=drivesdk,"SOURCE-AUDIT RECONCILED; supplied audit, no independent PDF reread",AUDIT-0319,319,NOT_ANALYSIS_ELIGIBLE,0.58,0.22,0.51,0.21,,,,,,,All randomized/analyzed,covidence_952_full_article.pdf,"Alfentanil requirement: Group I 0.51±0.21, Group II 0.44±0.15, Group III 0.58±0.22 μg/kg/min.",EXCLUDE,Postoperative EA cannot estimate a treatment effect on preceding intraoperative alfentanil.,ROB2_RESULT_SPECIFIC_PENDING,Intraoperative opioid,EA,Sham,intraoperative
Wang 2024,V34_B4_001,SNVP: ondansetron+dexamethasone+TEAS (SNVP-ODT),SNVP: ondansetron+dexamethasone (SNVP-OD),PONV,PONV incidence,0–2 h,Events/total,35.0,35.0,33.0,35.0,,,,,,13.0,,,,,,20.0,participants,0.14,Yes,No,,,No,No,"INCLUDE — Numerically extractable in its native endpoint/time/statistic; pooling still requires compatible stratum, comparator and independent-arm selection.",No (preserve trial strata where specified),NOT REPORTED,Breast Cancer 2024;31:931–932; Table 3,https://drive.google.com/file/d/1U8tkq6mKFO0IkA2glfgLjN4Krwku3FZn/view?usp=drivesdk,"SOURCE-AUDIT RECONCILED; supplied audit, no independent PDF reread",AUDIT-0320,320,ADDED,NOT REPORTED,NOT REPORTED,NOT REPORTED,NOT REPORTED,,,,,,,Available-case/completer analysis within SNVP risk stratum,covidence_212_full_article.pdf,SNVP stratum PONV 0–2 h: SNVP-OD 20/35 vs SNVP-ODT 13/33.,INCLUDE,"Numerically extractable in its native endpoint/time/statistic; pooling still requires compatible stratum, comparator and independent-arm selection.",ROB2_RESULT_SPECIFIC_PENDING,PONV composite,TEAS,CONTROL_TYPE_REVIEW_REQUIRED,0-2h
Wang 2024,V34_B4_002,SNVP: ondansetron+dexamethasone+TEAS (SNVP-ODT),SNVP: ondansetron+dexamethasone (SNVP-OD),PONV,PONV incidence,2–6 h,Events/total,35.0,35.0,33.0,35.0,,,,,,12.0,,,,,,19.0,participants,0.13,Yes,No,,,No,No,"INCLUDE — Numerically extractable in its native endpoint/time/statistic; pooling still requires compatible stratum, comparator and independent-arm selection.",No (preserve trial strata where specified),NOT REPORTED,Breast Cancer 2024;31:931–932; Table 3,https://drive.google.com/file/d/1U8tkq6mKFO0IkA2glfgLjN4Krwku3FZn/view?usp=drivesdk,"SOURCE-AUDIT RECONCILED; supplied audit, no independent PDF reread",AUDIT-0321,321,ADDED,NOT REPORTED,NOT REPORTED,NOT REPORTED,NOT REPORTED,,,,,,,Available-case/completer analysis within SNVP risk stratum,covidence_212_full_article.pdf,SNVP stratum PONV 2–6 h: SNVP-OD 19/35 vs SNVP-ODT 12/33.,INCLUDE,"Numerically extractable in its native endpoint/time/statistic; pooling still requires compatible stratum, comparator and independent-arm selection.",ROB2_RESULT_SPECIFIC_PENDING,PONV composite,TEAS,CONTROL_TYPE_REVIEW_REQUIRED,2-6h
Wang 2024,V34_B4_003,SNVP: ondansetron+dexamethasone+TEAS (SNVP-ODT),SNVP: ondansetron+dexamethasone (SNVP-OD),PONV,PONV incidence,24–36 h,Events/total,35.0,35.0,33.0,35.0,,,,,,0.0,,,,,,3.0,participants,0.085,Yes,No,,,No,No,"INCLUDE — Numerically extractable in its native endpoint/time/statistic; pooling still requires compatible stratum, comparator and independent-arm selection.",No (preserve trial strata where specified),"For 24–36 h, the table's P value is visually split across the PDF line break as '0.08' + '5'; recorded as 0.085.",Breast Cancer 2024;31:931–932; Table 3,https://drive.google.com/file/d/1U8tkq6mKFO0IkA2glfgLjN4Krwku3FZn/view?usp=drivesdk,"SOURCE-AUDIT RECONCILED; supplied audit, no independent PDF reread",AUDIT-0322,322,ADDED,NOT REPORTED,NOT REPORTED,NOT REPORTED,NOT REPORTED,,,,,,,Available-case/completer analysis within SNVP risk stratum,covidence_212_full_article.pdf,SNVP stratum PONV 24–36 h: SNVP-OD 3/35 vs SNVP-ODT 0/33.,INCLUDE,"Numerically extractable in its native endpoint/time/statistic; pooling still requires compatible stratum, comparator and independent-arm selection.",ROB2_RESULT_SPECIFIC_PENDING,PONV composite,TEAS,CONTROL_TYPE_REVIEW_REQUIRED,24-36h
Wang 2024,V34_B4_004,SNVP: ondansetron+dexamethasone+TEAS (SNVP-ODT),SNVP: ondansetron+dexamethasone (SNVP-OD),PONV,Vomiting incidence,0–6 h combined,Events/total,35.0,35.0,33.0,35.0,,,,,,7.0,,,,,,19.0,participants,0.005,Yes,No,,,No,No,"INCLUDE — Numerically extractable in its native endpoint/time/statistic; pooling still requires compatible stratum, comparator and independent-arm selection.",No (preserve trial strata where specified),The paper does not provide separate 0–2 h and 2–6 h vomiting counts; only the combined 0–6 h comparison is reported.,"Breast Cancer 2024;31:926,931–932; Abstract + Results text",https://drive.google.com/file/d/1U8tkq6mKFO0IkA2glfgLjN4Krwku3FZn/view?usp=drivesdk,"SOURCE-AUDIT RECONCILED; supplied audit, no independent PDF reread",AUDIT-0323,323,ADDED,NOT REPORTED,NOT REPORTED,NOT REPORTED,NOT REPORTED,,,,,,,Available-case/completer analysis within SNVP risk stratum,covidence_212_full_article.pdf,"Within 6 h, vomiting cases: SNVP-ODT 7/33 vs SNVP-OD 19/35, P=0.005.",INCLUDE,"Numerically extractable in its native endpoint/time/statistic; pooling still requires compatible stratum, comparator and independent-arm selection.",ROB2_RESULT_SPECIFIC_PENDING,Vomiting,TEAS,CONTROL_TYPE_REVIEW_REQUIRED,0-6h combined
Wang 2024,V34_B4_005,MNVP: ondansetron+dexamethasone+TEAS (MNVP-ODT),MNVP: ondansetron+dexamethasone (MNVP-OD),PONV,PONV incidence,6–12 h,Events/total,35.0,35.0,35.0,35.0,,,,,,2.0,,,,,,3.0,participants,0.643,Yes,No,,,No,No,"INCLUDE — Numerically extractable in its native endpoint/time/statistic; pooling still requires compatible stratum, comparator and independent-arm selection.",No (preserve trial strata where specified),NOT REPORTED,Breast Cancer 2024;31:931–932; Table 3,https://drive.google.com/file/d/1U8tkq6mKFO0IkA2glfgLjN4Krwku3FZn/view?usp=drivesdk,"SOURCE-AUDIT RECONCILED; supplied audit, no independent PDF reread",AUDIT-0324,324,ADDED,NOT REPORTED,NOT REPORTED,NOT REPORTED,NOT REPORTED,,,,,,,Complete analysis within MNVP risk stratum,covidence_212_full_article.pdf,MNVP stratum PONV 6–12 h: MNVP-OD 3/35 vs MNVP-ODT 2/35.,INCLUDE,"Numerically extractable in its native endpoint/time/statistic; pooling still requires compatible stratum, comparator and independent-arm selection.",ROB2_RESULT_SPECIFIC_PENDING,PONV composite,TEAS,CONTROL_TYPE_REVIEW_REQUIRED,6-12h
Wang 2024,V34_B4_006,MNVP: ondansetron+dexamethasone+TEAS (MNVP-ODT),MNVP: ondansetron+dexamethasone (MNVP-OD),PONV,PONV incidence,12–24 h,Events/total,35.0,35.0,35.0,35.0,,,,,,2.0,,,,,,0.0,participants,0.151,Yes,No,,,No,No,"INCLUDE — Numerically extractable in its native endpoint/time/statistic; pooling still requires compatible stratum, comparator and independent-arm selection.",No (preserve trial strata where specified),NOT REPORTED,Breast Cancer 2024;31:931–932; Table 3,https://drive.google.com/file/d/1U8tkq6mKFO0IkA2glfgLjN4Krwku3FZn/view?usp=drivesdk,"SOURCE-AUDIT RECONCILED; supplied audit, no independent PDF reread",AUDIT-0325,325,ADDED,NOT REPORTED,NOT REPORTED,NOT REPORTED,NOT REPORTED,,,,,,,Complete analysis within MNVP risk stratum,covidence_212_full_article.pdf,MNVP stratum PONV 12–24 h: MNVP-OD 0/35 vs MNVP-ODT 2/35.,INCLUDE,"Numerically extractable in its native endpoint/time/statistic; pooling still requires compatible stratum, comparator and independent-arm selection.",ROB2_RESULT_SPECIFIC_PENDING,PONV composite,TEAS,CONTROL_TYPE_REVIEW_REQUIRED,12-24h
Wang 2024,V34_B4_007,MNVP: ondansetron+dexamethasone+TEAS (MNVP-ODT),MNVP: ondansetron+dexamethasone (MNVP-OD),PONV,PONV incidence,24–36 h,Events/total,35.0,35.0,35.0,35.0,,,,,,0.0,,,,,,0.0,participants,1.00,Yes,No,,,No,No,"INCLUDE — Numerically extractable in its native endpoint/time/statistic; pooling still requires compatible stratum, comparator and independent-arm selection.",No (preserve trial strata where specified),NOT REPORTED,Breast Cancer 2024;31:931–932; Table 3,https://drive.google.com/file/d/1U8tkq6mKFO0IkA2glfgLjN4Krwku3FZn/view?usp=drivesdk,"SOURCE-AUDIT RECONCILED; supplied audit, no independent PDF reread",AUDIT-0326,326,ADDED,NOT REPORTED,NOT REPORTED,NOT REPORTED,NOT REPORTED,,,,,,,Complete analysis within MNVP risk stratum,covidence_212_full_article.pdf,MNVP stratum PONV 24–36 h: MNVP-OD 0/35 vs MNVP-ODT 0/35.,INCLUDE,"Numerically extractable in its native endpoint/time/statistic; pooling still requires compatible stratum, comparator and independent-arm selection.",ROB2_RESULT_SPECIFIC_PENDING,PONV composite,TEAS,CONTROL_TYPE_REVIEW_REQUIRED,24-36h
Wang 2024,V34_B4_008,SNVP: ondansetron+dexamethasone+TEAS (SNVP-ODT),SNVP: ondansetron+dexamethasone (SNVP-OD),Pain,Postoperative pain VAS,2 h,Other (describe),35.0,35.0,33.0,35.0,,,,,,,,,,,,,VAS 0–10,NOT REPORTED,Yes,No,,,No,No,NOT REPORTED — Accessed source does not supply the requested numerical result.,No (preserve trial strata where specified),"Outcome was measured according to Methods, but no treatment-stratum numerical pain result is reported in the accessed article. This is NOT REPORTED, not SOURCE NOT ACCESSED.",Breast Cancer 2024;31:928–929; Methods / Outcomes,https://drive.google.com/file/d/1U8tkq6mKFO0IkA2glfgLjN4Krwku3FZn/view?usp=drivesdk,"SOURCE-AUDIT RECONCILED; supplied audit, no independent PDF reread",AUDIT-0327,327,NOT_REPORTED_ADDED,NOT REPORTED,NOT REPORTED,NOT REPORTED,NOT REPORTED,,,,,,,Available-case/completer analysis within SNVP risk stratum,covidence_212_full_article.pdf,Postoperative pain was assessed simultaneously using VAS at the postoperative PONV assessment times.,NOT REPORTED,Accessed source does not supply the requested numerical result.,ROB2_RESULT_SPECIFIC_PENDING,Pain — unspecified context,TEAS,CONTROL_TYPE_REVIEW_REQUIRED,2h
Wang 2024,V34_B4_009,SNVP: ondansetron+dexamethasone+TEAS (SNVP-ODT),SNVP: ondansetron+dexamethasone (SNVP-OD),Pain,Postoperative pain VAS,6 h,Other (describe),35.0,35.0,33.0,35.0,,,,,,,,,,,,,VAS 0–10,NOT REPORTED,Yes,No,,,No,No,NOT REPORTED — Accessed source does not supply the requested numerical result.,No (preserve trial strata where specified),"Outcome was measured according to Methods, but no treatment-stratum numerical pain result is reported in the accessed article. This is NOT REPORTED, not SOURCE NOT ACCESSED.",Breast Cancer 2024;31:928–929; Methods / Outcomes,https://drive.google.com/file/d/1U8tkq6mKFO0IkA2glfgLjN4Krwku3FZn/view?usp=drivesdk,"SOURCE-AUDIT RECONCILED; supplied audit, no independent PDF reread",AUDIT-0328,328,NOT_REPORTED_ADDED,NOT REPORTED,NOT REPORTED,NOT REPORTED,NOT REPORTED,,,,,,,Available-case/completer analysis within SNVP risk stratum,covidence_212_full_article.pdf,Postoperative pain was assessed simultaneously using VAS at the postoperative PONV assessment times.,NOT REPORTED,Accessed source does not supply the requested numerical result.,ROB2_RESULT_SPECIFIC_PENDING,Pain — unspecified context,TEAS,CONTROL_TYPE_REVIEW_REQUIRED,6h
Wang 2024,V34_B4_010,SNVP: ondansetron+dexamethasone+TEAS (SNVP-ODT),SNVP: ondansetron+dexamethasone (SNVP-OD),Pain,Postoperative pain VAS,12 h,Other (describe),35.0,35.0,33.0,35.0,,,,,,,,,,,,,VAS 0–10,NOT REPORTED,Yes,No,,,No,No,NOT REPORTED — Accessed source does not supply the requested numerical result.,No (preserve trial strata where specified),"Outcome was measured according to Methods, but no treatment-stratum numerical pain result is reported in the accessed article. This is NOT REPORTED, not SOURCE NOT ACCESSED.",Breast Cancer 2024;31:928–929; Methods / Outcomes,https://drive.google.com/file/d/1U8tkq6mKFO0IkA2glfgLjN4Krwku3FZn/view?usp=drivesdk,"SOURCE-AUDIT RECONCILED; supplied audit, no independent PDF reread",AUDIT-0329,329,NOT_REPORTED_ADDED,NOT REPORTED,NOT REPORTED,NOT REPORTED,NOT REPORTED,,,,,,,Available-case/completer analysis within SNVP risk stratum,covidence_212_full_article.pdf,Postoperative pain was assessed simultaneously using VAS at the postoperative PONV assessment times.,NOT REPORTED,Accessed source does not supply the requested numerical result.,ROB2_RESULT_SPECIFIC_PENDING,Pain — unspecified context,TEAS,CONTROL_TYPE_REVIEW_REQUIRED,12h
Wang 2024,V34_B4_011,SNVP: ondansetron+dexamethasone+TEAS (SNVP-ODT),SNVP: ondansetron+dexamethasone (SNVP-OD),Pain,Postoperative pain VAS,24 h,Other (describe),35.0,35.0,33.0,35.0,,,,,,,,,,,,,VAS 0–10,NOT REPORTED,Yes,No,,,No,No,NOT REPORTED — Accessed source does not supply the requested numerical result.,No (preserve trial strata where specified),"Outcome was measured according to Methods, but no treatment-stratum numerical pain result is reported in the accessed article. This is NOT REPORTED, not SOURCE NOT ACCESSED.",Breast Cancer 2024;31:928–929; Methods / Outcomes,https://drive.google.com/file/d/1U8tkq6mKFO0IkA2glfgLjN4Krwku3FZn/view?usp=drivesdk,"SOURCE-AUDIT RECONCILED; supplied audit, no independent PDF reread",AUDIT-0330,330,NOT_REPORTED_ADDED,NOT REPORTED,NOT REPORTED,NOT REPORTED,NOT REPORTED,,,,,,,Available-case/completer analysis within SNVP risk stratum,covidence_212_full_article.pdf,Postoperative pain was assessed simultaneously using VAS at the postoperative PONV assessment times.,NOT REPORTED,Accessed source does not supply the requested numerical result.,ROB2_RESULT_SPECIFIC_PENDING,Pain — unspecified context,TEAS,CONTROL_TYPE_REVIEW_REQUIRED,24 h point
Wang 2024,V34_B4_012,SNVP: ondansetron+dexamethasone+TEAS (SNVP-ODT),SNVP: ondansetron+dexamethasone (SNVP-OD),Pain,Postoperative pain VAS,36 h,Other (describe),35.0,35.0,33.0,35.0,,,,,,,,,,,,,VAS 0–10,NOT REPORTED,Yes,No,,,No,No,NOT REPORTED — Accessed source does not supply the requested numerical result.,No (preserve trial strata where specified),"Outcome was measured according to Methods, but no treatment-stratum numerical pain result is reported in the accessed article. This is NOT REPORTED, not SOURCE NOT ACCESSED.",Breast Cancer 2024;31:928–929; Methods / Outcomes,https://drive.google.com/file/d/1U8tkq6mKFO0IkA2glfgLjN4Krwku3FZn/view?usp=drivesdk,"SOURCE-AUDIT RECONCILED; supplied audit, no independent PDF reread",AUDIT-0331,331,NOT_REPORTED_ADDED,NOT REPORTED,NOT REPORTED,NOT REPORTED,NOT REPORTED,,,,,,,Available-case/completer analysis within SNVP risk stratum,covidence_212_full_article.pdf,Postoperative pain was assessed simultaneously using VAS at the postoperative PONV assessment times.,NOT REPORTED,Accessed source does not supply the requested numerical result.,ROB2_RESULT_SPECIFIC_PENDING,Pain — unspecified context,TEAS,CONTROL_TYPE_REVIEW_REQUIRED,36h
Zheng 2025,V34_B4_013,Perioperative TEAS,Sham/no current,PONV,Nausea incidence,0–2 h,Events/total,44.0,44.0,42.0,43.0,,,,,,10.0,,,,,,21.0,participants,0.013,Yes,No,,,No,No,"INCLUDE — Numerically extractable in its native endpoint/time/statistic; pooling still requires compatible stratum, comparator and independent-arm selection.",No (preserve trial strata where specified),NOT REPORTED,Journal of Pain Research 2025;18:6455; Table 2,https://drive.google.com/file/d/1-JWKZgQXaQQQBZgMSDqyIP-vG9aAxBqb/view?usp=drivesdk,"SOURCE-AUDIT RECONCILED; supplied audit, no independent PDF reread",AUDIT-0332,332,ADDED,NOT REPORTED,NOT REPORTED,NOT REPORTED,NOT REPORTED,,,,,,,Modified intention-to-treat / completer analysis reported in Table 1,109499.pdf,Nausea 0–2 h: TEAS 10/42 vs control 21/43; P=0.013.,INCLUDE,"Numerically extractable in its native endpoint/time/statistic; pooling still requires compatible stratum, comparator and independent-arm selection.",ROB2_RESULT_SPECIFIC_PENDING,Nausea,TEAS,Sham,0-2h
Zheng 2025,V34_B4_014,Perioperative TEAS,Sham/no current,PONV,Nausea incidence,2–4 h,Events/total,44.0,44.0,42.0,43.0,,,,,,8.0,,,,,,12.0,participants,0.351,Yes,No,,,No,No,"INCLUDE — Numerically extractable in its native endpoint/time/statistic; pooling still requires compatible stratum, comparator and independent-arm selection.",No (preserve trial strata where specified),NOT REPORTED,Journal of Pain Research 2025;18:6455; Table 2,https://drive.google.com/file/d/1-JWKZgQXaQQQBZgMSDqyIP-vG9aAxBqb/view?usp=drivesdk,"SOURCE-AUDIT RECONCILED; supplied audit, no independent PDF reread",AUDIT-0333,333,ADDED,NOT REPORTED,NOT REPORTED,NOT REPORTED,NOT REPORTED,,,,,,,Modified intention-to-treat / completer analysis reported in Table 1,109499.pdf,Nausea 2–4 h: TEAS 8/42 vs control 12/43; P=0.351.,INCLUDE,"Numerically extractable in its native endpoint/time/statistic; pooling still requires compatible stratum, comparator and independent-arm selection.",ROB2_RESULT_SPECIFIC_PENDING,Nausea,TEAS,Sham,2-4h
Zheng 2025,V34_B4_015,Perioperative TEAS,Sham/no current,PONV,Nausea incidence,4–6 h,Events/total,44.0,44.0,42.0,43.0,,,,,,5.0,,,,,,7.0,participants,0.561,Yes,No,,,No,No,"INCLUDE — Numerically extractable in its native endpoint/time/statistic; pooling still requires compatible stratum, comparator and independent-arm selection.",No (preserve trial strata where specified),NOT REPORTED,Journal of Pain Research 2025;18:6455; Table 2,https://drive.google.com/file/d/1-JWKZgQXaQQQBZgMSDqyIP-vG9aAxBqb/view?usp=drivesdk,"SOURCE-AUDIT RECONCILED; supplied audit, no independent PDF reread",AUDIT-0334,334,ADDED,NOT REPORTED,NOT REPORTED,NOT REPORTED,NOT REPORTED,,,,,,,Modified intention-to-treat / completer analysis reported in Table 1,109499.pdf,Nausea 4–6 h: TEAS 5/42 vs control 7/43; P=0.561.,INCLUDE,"Numerically extractable in its native endpoint/time/statistic; pooling still requires compatible stratum, comparator and independent-arm selection.",ROB2_RESULT_SPECIFIC_PENDING,Nausea,TEAS,Sham,4-6h
Zheng 2025,V34_B4_016,Perioperative TEAS,Sham/no current,PONV,Nausea incidence,6–24 h,Events/total,44.0,44.0,42.0,43.0,,,,,,0.0,,,,,,0.0,participants,0.999,Yes,No,,,No,No,"INCLUDE — Numerically extractable in its native endpoint/time/statistic; pooling still requires compatible stratum, comparator and independent-arm selection.",No (preserve trial strata where specified),NOT REPORTED,Journal of Pain Research 2025;18:6455; Table 2,https://drive.google.com/file/d/1-JWKZgQXaQQQBZgMSDqyIP-vG9aAxBqb/view?usp=drivesdk,"SOURCE-AUDIT RECONCILED; supplied audit, no independent PDF reread",AUDIT-0335,335,ADDED,NOT REPORTED,NOT REPORTED,NOT REPORTED,NOT REPORTED,,,,,,,Modified intention-to-treat / completer analysis reported in Table 1,109499.pdf,Nausea 6–24 h: TEAS 0/42 vs control 0/43; P=0.999.,INCLUDE,"Numerically extractable in its native endpoint/time/statistic; pooling still requires compatible stratum, comparator and independent-arm selection.",ROB2_RESULT_SPECIFIC_PENDING,Nausea,TEAS,Sham,6-24h
Zheng 2025,V34_B4_017,Perioperative TEAS,Sham/no current,PONV,Vomiting incidence,0–2 h,Events/total,44.0,44.0,42.0,43.0,,,,,,5.0,,,,,,11.0,participants,0.100,Yes,No,,,No,No,"INCLUDE — Numerically extractable in its native endpoint/time/statistic; pooling still requires compatible stratum, comparator and independent-arm selection.",No (preserve trial strata where specified),NOT REPORTED,Journal of Pain Research 2025;18:6455; Table 2,https://drive.google.com/file/d/1-JWKZgQXaQQQBZgMSDqyIP-vG9aAxBqb/view?usp=drivesdk,"SOURCE-AUDIT RECONCILED; supplied audit, no independent PDF reread",AUDIT-0336,336,ADDED,NOT REPORTED,NOT REPORTED,NOT REPORTED,NOT REPORTED,,,,,,,Modified intention-to-treat / completer analysis reported in Table 1,109499.pdf,Vomiting 0–2 h: TEAS 5/42 vs control 11/43; P=0.100.,INCLUDE,"Numerically extractable in its native endpoint/time/statistic; pooling still requires compatible stratum, comparator and independent-arm selection.",ROB2_RESULT_SPECIFIC_PENDING,Vomiting,TEAS,Sham,0-2h
Zheng 2025,V34_B4_018,Perioperative TEAS,Sham/no current,PONV,Vomiting incidence,2–4 h,Events/total,44.0,44.0,42.0,43.0,,,,,,3.0,,,,,,5.0,participants,0.477,Yes,No,,,No,No,"INCLUDE — Numerically extractable in its native endpoint/time/statistic; pooling still requires compatible stratum, comparator and independent-arm selection.",No (preserve trial strata where specified),NOT REPORTED,Journal of Pain Research 2025;18:6455; Table 2,https://drive.google.com/file/d/1-JWKZgQXaQQQBZgMSDqyIP-vG9aAxBqb/view?usp=drivesdk,"SOURCE-AUDIT RECONCILED; supplied audit, no independent PDF reread",AUDIT-0337,337,ADDED,NOT REPORTED,NOT REPORTED,NOT REPORTED,NOT REPORTED,,,,,,,Modified intention-to-treat / completer analysis reported in Table 1,109499.pdf,Vomiting 2–4 h: TEAS 3/42 vs control 5/43; P=0.477.,INCLUDE,"Numerically extractable in its native endpoint/time/statistic; pooling still requires compatible stratum, comparator and independent-arm selection.",ROB2_RESULT_SPECIFIC_PENDING,Vomiting,TEAS,Sham,2-4h
Zheng 2025,V34_B4_019,Perioperative TEAS,Sham/no current,PONV,Vomiting incidence,4–6 h,Events/total,44.0,44.0,42.0,43.0,,,,,,2.0,,,,,,4.0,participants,0.410,Yes,No,,,No,No,"INCLUDE — Numerically extractable in its native endpoint/time/statistic; pooling still requires compatible stratum, comparator and independent-arm selection.",No (preserve trial strata where specified),NOT REPORTED,Journal of Pain Research 2025;18:6455; Table 2,https://drive.google.com/file/d/1-JWKZgQXaQQQBZgMSDqyIP-vG9aAxBqb/view?usp=drivesdk,"SOURCE-AUDIT RECONCILED; supplied audit, no independent PDF reread",AUDIT-0338,338,ADDED,NOT REPORTED,NOT REPORTED,NOT REPORTED,NOT REPORTED,,,,,,,Modified intention-to-treat / completer analysis reported in Table 1,109499.pdf,Vomiting 4–6 h: TEAS 2/42 vs control 4/43; P=0.410.,INCLUDE,"Numerically extractable in its native endpoint/time/statistic; pooling still requires compatible stratum, comparator and independent-arm selection.",ROB2_RESULT_SPECIFIC_PENDING,Vomiting,TEAS,Sham,4-6h
Zheng 2025,V34_B4_020,Perioperative TEAS,Sham/no current,PONV,Vomiting incidence,6–24 h,Events/total,44.0,44.0,42.0,43.0,,,,,,0.0,,,,,,1.0,participants,0.312,Yes,No,,,No,No,"INCLUDE — Numerically extractable in its native endpoint/time/statistic; pooling still requires compatible stratum, comparator and independent-arm selection.",No (preserve trial strata where specified),NOT REPORTED,Journal of Pain Research 2025;18:6455; Table 2,https://drive.google.com/file/d/1-JWKZgQXaQQQBZgMSDqyIP-vG9aAxBqb/view?usp=drivesdk,"SOURCE-AUDIT RECONCILED; supplied audit, no independent PDF reread",AUDIT-0339,339,ADDED,NOT REPORTED,NOT REPORTED,NOT REPORTED,NOT REPORTED,,,,,,,Modified intention-to-treat / completer analysis reported in Table 1,109499.pdf,Vomiting 6–24 h: TEAS 0/42 vs control 1/43; P=0.312.,INCLUDE,"Numerically extractable in its native endpoint/time/statistic; pooling still requires compatible stratum, comparator and independent-arm selection.",ROB2_RESULT_SPECIFIC_PENDING,Vomiting,TEAS,Sham,6-24h
Zheng 2025,V34_B4_021,Perioperative TEAS,Sham/no current,Opioid demand,Effective PCIA button presses,Postoperative; exact pump duration not stated,Mean/SD,44.0,44.0,42.0,43.0,3.8,1.0,,,,,4.8,1.6,,,,,effective PCIA presses,0.039,Yes,No,,,No,No,"HOLD — Unresolved source statistic, denominator or timepoint.",No (preserve trial strata where specified),"PCIA presses are a proxy for demand, not a measured sufentanil mass.",Journal of Pain Research 2025;18:6458; Table 3 continued,https://drive.google.com/file/d/1-JWKZgQXaQQQBZgMSDqyIP-vG9aAxBqb/view?usp=drivesdk,"SOURCE-AUDIT RECONCILED; supplied audit, no independent PDF reread",AUDIT-0340,340,ADDED,3.8,1.0,4.8,1.6,,,,,,,Modified intention-to-treat / completer analysis reported in Table 1,109499.pdf,"Times of effective PCIA use: 3.8 (1.0) vs 4.8 (1.6), P=0.039.",HOLD,"Unresolved source statistic, denominator or timepoint.",ROB2_RESULT_SPECIFIC_PENDING,PCA/PCIA button presses,TEAS,Sham,AMBIGUOUS
Zheng 2025,V34_B4_022,Perioperative TEAS,Sham/no current,Pain,NRS pain score,6 h,Mean/SD,44.0,44.0,42.0,43.0,2.9,1.1,,,,,3.4,1.2,,,,,NRS 0–10,0.022,Yes,No,,,No,No,"INCLUDE — Numerically extractable in its native endpoint/time/statistic; pooling still requires compatible stratum, comparator and independent-arm selection.",No (preserve trial strata where specified),NOT REPORTED,Journal of Pain Research 2025;18:6458; Table 4,https://drive.google.com/file/d/1-JWKZgQXaQQQBZgMSDqyIP-vG9aAxBqb/view?usp=drivesdk,"SOURCE-AUDIT RECONCILED; supplied audit, no independent PDF reread",AUDIT-0341,341,ADDED,2.9,1.1,3.4,1.2,,,,,,,Modified intention-to-treat / completer analysis reported in Table 1,109499.pdf,NRS 6 h: TEAS 2.9±1.1 vs control 3.4±1.2.,INCLUDE,"Numerically extractable in its native endpoint/time/statistic; pooling still requires compatible stratum, comparator and independent-arm selection.",ROB2_RESULT_SPECIFIC_PENDING,Pain — unspecified context,TEAS,Sham,6h
Zheng 2025,V34_B4_023,Perioperative TEAS,Sham/no current,Pain,NRS pain score,24 h,Mean/SD,44.0,44.0,42.0,43.0,1.7,0.8,,,,,2.2,1.1,,,,,NRS 0–10,Results prose: 0.042; Table 4 footnote: 0.422,Yes,No,,,No,No,"INCLUDE — Numerically extractable in its native endpoint/time/statistic; pooling still requires compatible stratum, comparator and independent-arm selection.",No (preserve trial strata where specified),INTERNAL SOURCE CONFLICT: prose reports P=0.042 while Table 4 footnote prints bP=0.422. Do not silently correct.,Journal of Pain Research 2025;18:6458; Table 4,https://drive.google.com/file/d/1-JWKZgQXaQQQBZgMSDqyIP-vG9aAxBqb/view?usp=drivesdk,"SOURCE-AUDIT RECONCILED; supplied audit, no independent PDF reread",AUDIT-0342,342,ADDED,1.7,0.8,2.2,1.1,,,,,,,Modified intention-to-treat / completer analysis reported in Table 1,109499.pdf,NRS 24 h: TEAS 1.7±0.8 vs control 2.2±1.1.,INCLUDE,"Numerically extractable in its native endpoint/time/statistic; pooling still requires compatible stratum, comparator and independent-arm selection.",ROB2_RESULT_SPECIFIC_PENDING,Pain — unspecified context,TEAS,Sham,24 h point
Zheng 2025,V34_B4_024,Perioperative TEAS,Sham/no current,Pain,NRS pain score,48 h,Mean/SD,44.0,44.0,42.0,43.0,0.9,0.8,,,,,1.0,0.9,,,,,NRS 0–10,NOT REPORTED,Yes,No,,,No,No,"INCLUDE — Numerically extractable in its native endpoint/time/statistic; pooling still requires compatible stratum, comparator and independent-arm selection.",No (preserve trial strata where specified),No exact between-group P value is printed for 48 h.,Journal of Pain Research 2025;18:6458; Table 4,https://drive.google.com/file/d/1-JWKZgQXaQQQBZgMSDqyIP-vG9aAxBqb/view?usp=drivesdk,"SOURCE-AUDIT RECONCILED; supplied audit, no independent PDF reread",AUDIT-0343,343,ADDED,0.9,0.8,1.0,0.9,,,,,,,Modified intention-to-treat / completer analysis reported in Table 1,109499.pdf,NRS 48 h: TEAS 0.9±0.8 vs control 1.0±0.9.,INCLUDE,"Numerically extractable in its native endpoint/time/statistic; pooling still requires compatible stratum, comparator and independent-arm selection.",ROB2_RESULT_SPECIFIC_PENDING,Pain — unspecified context,TEAS,Sham,48h
Zheng 2025,V34_B4_025,Perioperative TEAS,Sham/no current,Sleep quality,PSQI score,24 h,Mean/SD,44.0,44.0,42.0,43.0,11.5,6.9,,,,,15.7,8.1,,,,,PSQI points,0.015,Yes,No,,,No,No,"INCLUDE — Numerically extractable in its native endpoint/time/statistic; pooling still requires compatible stratum, comparator and independent-arm selection.",No (preserve trial strata where specified),The article describes sleep quality as improved in TEAS; this extraction preserves the printed scores without reinterpreting the scale.,Journal of Pain Research 2025;18:6458; Table 4,https://drive.google.com/file/d/1-JWKZgQXaQQQBZgMSDqyIP-vG9aAxBqb/view?usp=drivesdk,"SOURCE-AUDIT RECONCILED; supplied audit, no independent PDF reread",AUDIT-0344,344,ADDED,11.5,6.9,15.7,8.1,,,,,,,Modified intention-to-treat / completer analysis reported in Table 1,109499.pdf,PSQI 24 h: TEAS 11.5±6.9 vs control 15.7±8.1; P=0.015.,INCLUDE,"Numerically extractable in its native endpoint/time/statistic; pooling still requires compatible stratum, comparator and independent-arm selection.",ROB2_RESULT_SPECIFIC_PENDING,Sleep quality,TEAS,Sham,24 h point
Zheng 2025,V34_B4_026,Perioperative TEAS,Sham/no current,Sleep quality,PSQI score,48 h,Mean/SD,44.0,44.0,42.0,43.0,7.4,5.2,,,,,10.6,5.4,,,,,PSQI points,0.024,Yes,No,,,No,No,"INCLUDE — Numerically extractable in its native endpoint/time/statistic; pooling still requires compatible stratum, comparator and independent-arm selection.",No (preserve trial strata where specified),The article describes sleep quality as improved in TEAS; this extraction preserves the printed scores without reinterpreting the scale.,Journal of Pain Research 2025;18:6458; Table 4,https://drive.google.com/file/d/1-JWKZgQXaQQQBZgMSDqyIP-vG9aAxBqb/view?usp=drivesdk,"SOURCE-AUDIT RECONCILED; supplied audit, no independent PDF reread",AUDIT-0345,345,ADDED,7.4,5.2,10.6,5.4,,,,,,,Modified intention-to-treat / completer analysis reported in Table 1,109499.pdf,PSQI 48 h: TEAS 7.4±5.2 vs control 10.6±5.4; P=0.024.,INCLUDE,"Numerically extractable in its native endpoint/time/statistic; pooling still requires compatible stratum, comparator and independent-arm selection.",ROB2_RESULT_SPECIFIC_PENDING,Sleep quality,TEAS,Sham,48h
Zheng 2025,V34_B4_027,Perioperative TEAS,Sham/no current,GI recovery,Time to first borborygmus,Postoperative,Mean/SD,44.0,44.0,42.0,43.0,19.2,3.3,,,,,27.6,2.7,,,,,hours,0.035,Yes,No,,,No,No,"INCLUDE — Numerically extractable in its native endpoint/time/statistic; pooling still requires compatible stratum, comparator and independent-arm selection.",No (preserve trial strata where specified),Table note specifies mean (SD) for these rows.,Journal of Pain Research 2025;18:6457–6458; Table 3,https://drive.google.com/file/d/1-JWKZgQXaQQQBZgMSDqyIP-vG9aAxBqb/view?usp=drivesdk,"SOURCE-AUDIT RECONCILED; supplied audit, no independent PDF reread",AUDIT-0346,346,ADDED,19.2,3.3,27.6,2.7,,,,,,,Modified intention-to-treat / completer analysis reported in Table 1,109499.pdf,Time to first borborygmus: TEAS 19.2 (3.3) vs control 27.6 (2.7); P=0.035.,INCLUDE,"Numerically extractable in its native endpoint/time/statistic; pooling still requires compatible stratum, comparator and independent-arm selection.",ROB2_RESULT_SPECIFIC_PENDING,GI recovery,TEAS,Sham,postoperative
Zheng 2025,V34_B4_028,Perioperative TEAS,Sham/no current,GI recovery,Time to first flatus,Postoperative,Mean/SD,44.0,44.0,42.0,43.0,24.2,2.5,,,,,31.6,4.4,,,,,hours,0.003,Yes,No,,,No,No,"INCLUDE — Numerically extractable in its native endpoint/time/statistic; pooling still requires compatible stratum, comparator and independent-arm selection.",No (preserve trial strata where specified),Table note specifies mean (SD) for these rows.,Journal of Pain Research 2025;18:6457–6458; Table 3,https://drive.google.com/file/d/1-JWKZgQXaQQQBZgMSDqyIP-vG9aAxBqb/view?usp=drivesdk,"SOURCE-AUDIT RECONCILED; supplied audit, no independent PDF reread",AUDIT-0347,347,ADDED,24.2,2.5,31.6,4.4,,,,,,,Modified intention-to-treat / completer analysis reported in Table 1,109499.pdf,Time to first flatus: TEAS 24.2 (2.5) vs control 31.6 (4.4); P=0.003.,INCLUDE,"Numerically extractable in its native endpoint/time/statistic; pooling still requires compatible stratum, comparator and independent-arm selection.",ROB2_RESULT_SPECIFIC_PENDING,GI — first flatus,TEAS,Sham,postoperative
Zheng 2025,V34_B4_029,Perioperative TEAS,Sham/no current,Functional recovery,Wake-up time,Postoperative,Mean/SD,44.0,44.0,42.0,43.0,12.9,2.5,,,,,13.0,2.4,,,,,minutes,0.476,Yes,No,,,No,No,"INCLUDE — Numerically extractable in its native endpoint/time/statistic; pooling still requires compatible stratum, comparator and independent-arm selection.",No (preserve trial strata where specified),Table note specifies mean (SD) for these rows.,Journal of Pain Research 2025;18:6457–6458; Table 3,https://drive.google.com/file/d/1-JWKZgQXaQQQBZgMSDqyIP-vG9aAxBqb/view?usp=drivesdk,"SOURCE-AUDIT RECONCILED; supplied audit, no independent PDF reread",AUDIT-0348,348,ADDED,12.9,2.5,13.0,2.4,,,,,,,Modified intention-to-treat / completer analysis reported in Table 1,109499.pdf,Wake-up time: TEAS 12.9 (2.5) vs control 13.0 (2.4); P=0.476.,INCLUDE,"Numerically extractable in its native endpoint/time/statistic; pooling still requires compatible stratum, comparator and independent-arm selection.",ROB2_RESULT_SPECIFIC_PENDING,Functional recovery,TEAS,Sham,postoperative
Zheng 2025,V34_B4_030,Perioperative TEAS,Sham/no current,Functional recovery,PACU stay time,Postoperative,Mean/SD,44.0,44.0,42.0,43.0,26.8,4.4,,,,,28.0,8.1,,,,,minutes,0.156,Yes,No,,,No,No,"INCLUDE — Numerically extractable in its native endpoint/time/statistic; pooling still requires compatible stratum, comparator and independent-arm selection.",No (preserve trial strata where specified),Table note specifies mean (SD) for these rows.,Journal of Pain Research 2025;18:6457–6458; Table 3,https://drive.google.com/file/d/1-JWKZgQXaQQQBZgMSDqyIP-vG9aAxBqb/view?usp=drivesdk,"SOURCE-AUDIT RECONCILED; supplied audit, no independent PDF reread",AUDIT-0349,349,ADDED,26.8,4.4,28.0,8.1,,,,,,,Modified intention-to-treat / completer analysis reported in Table 1,109499.pdf,PACU stay time: TEAS 26.8 (4.4) vs control 28.0 (8.1); P=0.156.,INCLUDE,"Numerically extractable in its native endpoint/time/statistic; pooling still requires compatible stratum, comparator and independent-arm selection.",ROB2_RESULT_SPECIFIC_PENDING,Functional recovery — PACU,TEAS,Sham,postoperative
Zheng 2025,V34_B4_031,Perioperative TEAS,Sham/no current,Length of stay,Hospital stay duration,Postoperative hospitalization,Median/IQR,44.0,44.0,42.0,43.0,,,4.0,3.0,5.0,,,,4.0,3.0,5.0,,days,0.722,Yes,No,,,No,No,NARRATIVE ONLY — Median and original dispersion preserved; no mean/SD conversion or MD pooling.,No (preserve trial strata where specified),NOT REPORTED,Journal of Pain Research 2025;18:6458; Table 3 continued,https://drive.google.com/file/d/1-JWKZgQXaQQQBZgMSDqyIP-vG9aAxBqb/view?usp=drivesdk,"SOURCE-AUDIT RECONCILED; supplied audit, no independent PDF reread",AUDIT-0350,350,NOT_ANALYSIS_ELIGIBLE,4,3–5,4,3–5,,,,,,,Modified intention-to-treat / completer analysis reported in Table 1,109499.pdf,Hospital stay duration: 4 (3–5) vs 4 (3–5) days; P=0.722.,NARRATIVE ONLY,Median and original dispersion preserved; no mean/SD conversion or MD pooling.,ROB2_RESULT_SPECIFIC_PENDING,LOS,TEAS,Sham,postoperative hospitalization
Zheng 2025,V34_B4_032,Perioperative TEAS,Sham/no current,Adverse events,Fever,Postoperative,Events/total,44.0,44.0,42.0,43.0,,,,,,6.0,,,,,,8.0,participants,0.243,Yes,No,,,No,No,"INCLUDE — Numerically extractable in its native endpoint/time/statistic; pooling still requires compatible stratum, comparator and independent-arm selection.",No (preserve trial strata where specified),NOT REPORTED,Journal of Pain Research 2025;18:6458; Table 3 continued,https://drive.google.com/file/d/1-JWKZgQXaQQQBZgMSDqyIP-vG9aAxBqb/view?usp=drivesdk,"SOURCE-AUDIT RECONCILED; supplied audit, no independent PDF reread",AUDIT-0351,351,ADDED,NOT REPORTED,NOT REPORTED,NOT REPORTED,NOT REPORTED,,,,,,,Modified intention-to-treat / completer analysis reported in Table 1,109499.pdf,Fever: TEAS 6/42 vs control 8/43.,INCLUDE,"Numerically extractable in its native endpoint/time/statistic; pooling still requires compatible stratum, comparator and independent-arm selection.",ROB2_RESULT_SPECIFIC_PENDING,Adverse events,TEAS,Sham,postoperative
Zheng 2025,V34_B4_033,Perioperative TEAS,Sham/no current,Adverse events,Dizziness and headache,Postoperative,Events/total,44.0,44.0,42.0,43.0,,,,,,2.0,,,,,,3.0,participants,0.061,Yes,No,,,No,No,"INCLUDE — Numerically extractable in its native endpoint/time/statistic; pooling still requires compatible stratum, comparator and independent-arm selection.",No (preserve trial strata where specified),NOT REPORTED,Journal of Pain Research 2025;18:6458; Table 3 continued,https://drive.google.com/file/d/1-JWKZgQXaQQQBZgMSDqyIP-vG9aAxBqb/view?usp=drivesdk,"SOURCE-AUDIT RECONCILED; supplied audit, no independent PDF reread",AUDIT-0352,352,ADDED,NOT REPORTED,NOT REPORTED,NOT REPORTED,NOT REPORTED,,,,,,,Modified intention-to-treat / completer analysis reported in Table 1,109499.pdf,Dizziness and headache: TEAS 2/42 vs control 3/43.,INCLUDE,"Numerically extractable in its native endpoint/time/statistic; pooling still requires compatible stratum, comparator and independent-arm selection.",ROB2_RESULT_SPECIFIC_PENDING,Adverse events,TEAS,Sham,postoperative
Zheng 2025,V34_B4_034,Perioperative TEAS,Sham/no current,Adverse events,Drowsiness,Postoperative,Events/total,44.0,44.0,42.0,43.0,,,,,,0.0,,,,,,0.0,participants,NOT REPORTED,Yes,No,,,No,No,"INCLUDE — Numerically extractable in its native endpoint/time/statistic; pooling still requires compatible stratum, comparator and independent-arm selection.",No (preserve trial strata where specified),NOT REPORTED,Journal of Pain Research 2025;18:6458; Table 3 continued,https://drive.google.com/file/d/1-JWKZgQXaQQQBZgMSDqyIP-vG9aAxBqb/view?usp=drivesdk,"SOURCE-AUDIT RECONCILED; supplied audit, no independent PDF reread",AUDIT-0353,353,ADDED,NOT REPORTED,NOT REPORTED,NOT REPORTED,NOT REPORTED,,,,,,,Modified intention-to-treat / completer analysis reported in Table 1,109499.pdf,Drowsiness: TEAS 0/42 vs control 0/43.,INCLUDE,"Numerically extractable in its native endpoint/time/statistic; pooling still requires compatible stratum, comparator and independent-arm selection.",ROB2_RESULT_SPECIFIC_PENDING,Adverse events,TEAS,Sham,postoperative
Zheng 2025,V34_B4_035,Perioperative TEAS,Sham/no current,Quality of recovery,Global QoR-40,6 h,Graph only,44.0,44.0,42.0,43.0,,,,,,,,,,,,,QoR-40 points,0.068,Yes,No,,,No,No,GRAPH ONLY — No new graph digitization; historical digitized data require their original validation before pooling.,No (preserve trial strata where specified),Do not visually digitize. The text reports the between-group significance but not exact group mean/SD for this timepoint.,Journal of Pain Research 2025;18:6456; Figure 2A,https://drive.google.com/file/d/1-JWKZgQXaQQQBZgMSDqyIP-vG9aAxBqb/view?usp=drivesdk,"SOURCE-AUDIT RECONCILED; supplied audit, no independent PDF reread",AUDIT-0354,354,GRAPH_ONLY_ADDED,GRAPH ONLY,GRAPH ONLY,GRAPH ONLY,GRAPH ONLY,,,,,,,Modified intention-to-treat / completer analysis reported in Table 1,109499.pdf,Figure 2A plots global QoR-40 at 6 h; exact group mean/SD labels are not printed.,GRAPH ONLY,No new graph digitization; historical digitized data require their original validation before pooling.,ROB2_RESULT_SPECIFIC_PENDING,QoR-40,TEAS,Sham,6h
Zheng 2025,V34_B4_036,Perioperative TEAS,Sham/no current,Quality of recovery,Global QoR-40,24 h,Graph only,44.0,44.0,42.0,43.0,,,,,,,,,,,,,QoR-40 points,<0.0001,Yes,No,,,No,No,GRAPH ONLY — No new graph digitization; historical digitized data require their original validation before pooling.,No (preserve trial strata where specified),Do not visually digitize. The text reports the between-group significance but not exact group mean/SD for this timepoint.,Journal of Pain Research 2025;18:6456; Figure 2A,https://drive.google.com/file/d/1-JWKZgQXaQQQBZgMSDqyIP-vG9aAxBqb/view?usp=drivesdk,"SOURCE-AUDIT RECONCILED; supplied audit, no independent PDF reread",AUDIT-0355,355,GRAPH_ONLY_ADDED,GRAPH ONLY,GRAPH ONLY,GRAPH ONLY,GRAPH ONLY,,,,,,,Modified intention-to-treat / completer analysis reported in Table 1,109499.pdf,Figure 2A plots global QoR-40 at 24 h; exact group mean/SD labels are not printed.,GRAPH ONLY,No new graph digitization; historical digitized data require their original validation before pooling.,ROB2_RESULT_SPECIFIC_PENDING,QoR-40,TEAS,Sham,24 h point
Zheng 2025,V34_B4_037,Perioperative TEAS,Sham/no current,Quality of recovery,Global QoR-40,48 h,Mean; SD not numerically reported,44.0,44.0,42.0,43.0,184.0,,,,,,181.0,,,,,,QoR-40 points,Overall 48-h ANOVA P<0.001; multiple-comparison P=0.010,Yes,No,,,No,No,HOLD — Nonstandard or incomplete statistic; no inferred quantities.,No (preserve trial strata where specified),"Figure 2 shows mean±SD graphically, but exact SD values are not printed in text/table; no visual digitization performed.","Journal of Pain Research 2025;18:6453,6458; Results text + Figure 2A",https://drive.google.com/file/d/1-JWKZgQXaQQQBZgMSDqyIP-vG9aAxBqb/view?usp=drivesdk,"SOURCE-AUDIT RECONCILED; supplied audit, no independent PDF reread",AUDIT-0356,356,ADDED,184.0,NOT REPORTED,181.0,NOT REPORTED,,,,,,,Modified intention-to-treat / completer analysis reported in Table 1,109499.pdf,"At 48 hours, QoR-40 total score was 184.0 in TEAS vs 181.0 in control.",HOLD,Nonstandard or incomplete statistic; no inferred quantities.,ROB2_RESULT_SPECIFIC_PENDING,QoR-40,TEAS,Sham,48h
Zheng 2025,V34_B4_038,Perioperative TEAS,Sham/no current,Rescue analgesia,Emergency rescue analgesia events,Postoperative; exact window not stated,Other (describe),44.0,44.0,42.0,43.0,,,,,,,,,,,,,events,>0.05,Yes,No,,,No,No,NOT REPORTED — Accessed source does not supply the requested numerical result.,No (preserve trial strata where specified),The accessed Table 3 does not print the numeric rescue-analgesia counts. Record as NOT REPORTED rather than zero.,Journal of Pain Research 2025;18:6455; Results prose,https://drive.google.com/file/d/1-JWKZgQXaQQQBZgMSDqyIP-vG9aAxBqb/view?usp=drivesdk,"SOURCE-AUDIT RECONCILED; supplied audit, no independent PDF reread",AUDIT-0357,357,NOT_REPORTED_ADDED,NOT REPORTED,NOT REPORTED,NOT REPORTED,NOT REPORTED,,,,,,,Modified intention-to-treat / completer analysis reported in Table 1,109499.pdf,No significant differences were observed ... in the number of emergency rescue analgesia events (P>0.05).,NOT REPORTED,Accessed source does not supply the requested numerical result.,ROB2_RESULT_SPECIFIC_PENDING,Rescue analgesia — drug class unresolved,TEAS,Sham,AMBIGUOUS
Yu 2020,V34_B4_039,Preoperative TEAS,Control/no current (electrodes applied),Quality of recovery,Global QoR-40,Postoperative day 2 (~48 h),Mean/SD,30.0,30.0,30.0,30.0,191.4,5.74,,,,,187.73,5.47,,,,,QoR-40 points,0.015,Yes,No,,,No,No,"INCLUDE — Numerically extractable in its native endpoint/time/statistic; pooling still requires compatible stratum, comparator and independent-arm selection.",No (preserve trial strata where specified),NOT REPORTED,"Trials 2020;21:43, abstract / Fig.4; Abstract + Figure 4",https://drive.google.com/file/d/1fXpHc9FzhpPCkXto8c5lfcLoA3ROdOEz/view?usp=drivesdk,"SOURCE-AUDIT RECONCILED; supplied audit, no independent PDF reread",AUDIT-0358,358,ADDED,191.4,5.74,187.73,5.47,,,,,,,Intention-to-treat; all randomized participants analyzed,s13063-019-3892-4.pdf,QoR-40 T2: control 187.73±5.47 vs TEAS 191.40±5.74; P=0.015.,INCLUDE,"Numerically extractable in its native endpoint/time/statistic; pooling still requires compatible stratum, comparator and independent-arm selection.",ROB2_RESULT_SPECIFIC_PENDING,QoR-40,TEAS,Sham,postoperative day 2 (~48h)
Yu 2020,V34_B4_040,Preoperative TEAS,Control/no current (electrodes applied),PONV,Any nausea and/or vomiting,0–24 h,Events/total,30.0,30.0,30.0,30.0,,,,,,7.0,,,,,,17.0,participants,<0.01,Yes,No,,,No,No,"INCLUDE — Numerically extractable in its native endpoint/time/statistic; pooling still requires compatible stratum, comparator and independent-arm selection.",No (preserve trial strata where specified),NOT REPORTED,"Trials 2020;21:43, pp.5–7; Table 3 + Results",https://drive.google.com/file/d/1fXpHc9FzhpPCkXto8c5lfcLoA3ROdOEz/view?usp=drivesdk,"SOURCE-AUDIT RECONCILED; supplied audit, no independent PDF reread",AUDIT-0359,359,ADDED,NOT REPORTED,NOT REPORTED,NOT REPORTED,NOT REPORTED,,,,,,,Intention-to-treat; all randomized participants analyzed,s13063-019-3892-4.pdf,"PONV: control 17/30 (56.7%) vs TEAS 7/30 (23.3%), P<0.01.",INCLUDE,"Numerically extractable in its native endpoint/time/statistic; pooling still requires compatible stratum, comparator and independent-arm selection.",ROB2_RESULT_SPECIFIC_PENDING,PONV composite,TEAS,Sham,0-24h
Yu 2020,V34_B4_041,Preoperative TEAS,Control/no current (electrodes applied),Rescue antiemetic,Participants requiring tropisetron rescue,0–24 h,Events/total,30.0,30.0,30.0,30.0,,,,,,7.0,,,,,,16.0,participants,<0.02,Yes,No,,,No,No,"INCLUDE — Numerically extractable in its native endpoint/time/statistic; pooling still requires compatible stratum, comparator and independent-arm selection.",No (preserve trial strata where specified),The Results text specifies tropisetron as the rescue antiemetic.,"Trials 2020;21:43, pp.5–7; Table 3 + Results",https://drive.google.com/file/d/1fXpHc9FzhpPCkXto8c5lfcLoA3ROdOEz/view?usp=drivesdk,"SOURCE-AUDIT RECONCILED; supplied audit, no independent PDF reread",AUDIT-0360,360,ADDED,NOT REPORTED,NOT REPORTED,NOT REPORTED,NOT REPORTED,,,,,,,Intention-to-treat; all randomized participants analyzed,s13063-019-3892-4.pdf,"Remedial antiemetic: control 16/30 (53.3%) vs TEAS 7/30 (23.3%), P<0.02.",INCLUDE,"Numerically extractable in its native endpoint/time/statistic; pooling still requires compatible stratum, comparator and independent-arm selection.",ROB2_RESULT_SPECIFIC_PENDING,Rescue antiemetic,TEAS,Sham,0-24h
Yu 2020,V34_B4_042,Preoperative TEAS,Control/no current (electrodes applied),Cognitive recovery,MMSE score,Postoperative day 1 (~24 h),Mean/SD,30.0,30.0,30.0,30.0,26.1,2.78,,,,,24.6,2.35,,,,,MMSE 0–30,0.048,Yes,No,,,No,No,"INCLUDE — Numerically extractable in its native endpoint/time/statistic; pooling still requires compatible stratum, comparator and independent-arm selection.",No (preserve trial strata where specified),The Results prose oddly states scores were 'significantly lower in the TEAS group' although the printed TEAS means are higher; numerical values are preserved.,"Trials 2020;21:43, abstract / Figure 5; Abstract + Figure 5",https://drive.google.com/file/d/1fXpHc9FzhpPCkXto8c5lfcLoA3ROdOEz/view?usp=drivesdk,"SOURCE-AUDIT RECONCILED; supplied audit, no independent PDF reread",AUDIT-0361,361,ADDED,26.1,2.78,24.6,2.35,,,,,,,Intention-to-treat; all randomized participants analyzed,s13063-019-3892-4.pdf,MMSE Postoperative day 1 (~24 h): control 24.6±2.35 vs TEAS 26.1±2.78; P=0.048.,INCLUDE,"Numerically extractable in its native endpoint/time/statistic; pooling still requires compatible stratum, comparator and independent-arm selection.",ROB2_RESULT_SPECIFIC_PENDING,Cognitive recovery,TEAS,Sham,postoperative day 1 (~24h)
Yu 2020,V34_B4_043,Preoperative TEAS,Control/no current (electrodes applied),Cognitive recovery,MMSE score,Postoperative day 2 (~48 h),Mean/SD,30.0,30.0,30.0,30.0,27.83,2.73,,,,,26.53,2.94,,,,,MMSE 0–30,0.02,Yes,No,,,No,No,"INCLUDE — Numerically extractable in its native endpoint/time/statistic; pooling still requires compatible stratum, comparator and independent-arm selection.",No (preserve trial strata where specified),The Results prose oddly states scores were 'significantly lower in the TEAS group' although the printed TEAS means are higher; numerical values are preserved.,"Trials 2020;21:43, abstract / Figure 5; Abstract + Figure 5",https://drive.google.com/file/d/1fXpHc9FzhpPCkXto8c5lfcLoA3ROdOEz/view?usp=drivesdk,"SOURCE-AUDIT RECONCILED; supplied audit, no independent PDF reread",AUDIT-0362,362,ADDED,27.83,2.73,26.53,2.94,,,,,,,Intention-to-treat; all randomized participants analyzed,s13063-019-3892-4.pdf,MMSE Postoperative day 2 (~48 h): control 26.53±2.94 vs TEAS 27.83±2.73; P=0.02.,INCLUDE,"Numerically extractable in its native endpoint/time/statistic; pooling still requires compatible stratum, comparator and independent-arm selection.",ROB2_RESULT_SPECIFIC_PENDING,Cognitive recovery,TEAS,Sham,postoperative day 2 (~48h)
Liang 2021,V34_B4_044,Preoperative TEAS,Control/no stimulation,Intraoperative opioid,Sufentanil consumption,Intraoperative,Mean/SD,37.0,38.0,35.0,35.0,21.4,3.1,,,,,20.0,2.9,,,,,μg,NOT REPORTED,Yes,No,,,No,No,"INCLUDE — Numerically extractable in its native endpoint/time/statistic; pooling still requires compatible stratum, comparator and independent-arm selection.",No (preserve trial strata where specified),Table 1 gives no outcome-specific P value and states baseline/intraoperative variables did not significantly differ.,"Evidence-Based Complementary and Alternative Medicine 2021, Table 1; Table 1",https://drive.google.com/file/d/1guriAcqNbJNXpfd_UjYwevULLVSeiHXS/view?usp=drivesdk,"SOURCE-AUDIT RECONCILED; supplied audit, no independent PDF reread",AUDIT-0363,363,ADDED,21.4,3.1,20.0,2.9,,,,,,,"Available-case analysis; 75 randomized, 70 analyzed",014_liang_2021.pdf,Sufentanil consumption: TEAS 21.4±3.1 vs control 20.0±2.9.,INCLUDE,"Numerically extractable in its native endpoint/time/statistic; pooling still requires compatible stratum, comparator and independent-arm selection.",ROB2_RESULT_SPECIFIC_PENDING,Intraoperative opioid,TEAS,Sham,intraoperative
Liang 2021,V34_B4_045,Preoperative TEAS,Control/no stimulation,Intraoperative opioid,Remifentanil consumption,Intraoperative,Mean/SD,37.0,38.0,35.0,35.0,521.5,206.8,,,,,464.7,156.0,,,,,μg,NOT REPORTED,Yes,No,,,No,No,"INCLUDE — Numerically extractable in its native endpoint/time/statistic; pooling still requires compatible stratum, comparator and independent-arm selection.",No (preserve trial strata where specified),Table 1 gives no outcome-specific P value and states baseline/intraoperative variables did not significantly differ.,"Evidence-Based Complementary and Alternative Medicine 2021, Table 1; Table 1",https://drive.google.com/file/d/1guriAcqNbJNXpfd_UjYwevULLVSeiHXS/view?usp=drivesdk,"SOURCE-AUDIT RECONCILED; supplied audit, no independent PDF reread",AUDIT-0364,364,ADDED,521.5,206.8,464.7,156.0,,,,,,,"Available-case analysis; 75 randomized, 70 analyzed",014_liang_2021.pdf,Remifentanil consumption: TEAS 521.5±206.8 vs control 464.7±156.0.,INCLUDE,"Numerically extractable in its native endpoint/time/statistic; pooling still requires compatible stratum, comparator and independent-arm selection.",ROB2_RESULT_SPECIFIC_PENDING,Intraoperative opioid,TEAS,Sham,intraoperative
Liang 2021,V34_B4_046,Preoperative TEAS,Control/no stimulation,PONV,PONV occurrence,End of surgery (T5),Events/total,37.0,38.0,35.0,35.0,,,,,,0.0,,,,,,0.0,participants,No significant between-group difference over time,Yes,No,,,No,No,"HOLD — Source definition, timepoint, denominator, scale, statistic, or post-randomization subset requires adjudication; see raw source/QC.",No (preserve trial strata where specified),The table labels the row simply 'PONV'; methods use a nausea verbal scale description.,"Evidence-Based Complementary and Alternative Medicine 2021, Table 4; Table 4",https://drive.google.com/file/d/1guriAcqNbJNXpfd_UjYwevULLVSeiHXS/view?usp=drivesdk,"SOURCE-AUDIT RECONCILED; supplied audit, no independent PDF reread",AUDIT-0365,365,AMBIGUOUS_HOLD,NOT REPORTED,NOT REPORTED,NOT REPORTED,NOT REPORTED,,,,,,,"Available-case analysis; 75 randomized, 70 analyzed",014_liang_2021.pdf,PONV End of surgery (T5): TEAS 0/35 vs control 0/35.,HOLD,"Source definition, timepoint, denominator, scale, statistic, or post-randomization subset requires adjudication; see raw source/QC.",ROB2_RESULT_SPECIFIC_PENDING,PONV composite,TEAS,Sham,end of surgery (t5)
Liang 2021,V34_B4_047,Preoperative TEAS,Control/no stimulation,Pain,Pain event as reported (threshold/definition not stated),End of surgery (T5),Events/total,37.0,38.0,35.0,35.0,,,,,,2.0,,,,,,1.0,participants,No significant between-group difference over time,Yes,No,,,No,No,"HOLD — Source definition, timepoint, denominator, scale, statistic, or post-randomization subset requires adjudication; see raw source/QC.",No (preserve trial strata where specified),"Methods describe a 0–4 verbal rating scale, but Table 4 reports only a number/proportion in a row labelled 'Pain' without specifying which threshold constitutes an event. Do not pool as a defined pain incidence until clarified.","Evidence-Based Complementary and Alternative Medicine 2021, Table 4; Table 4",https://drive.google.com/file/d/1guriAcqNbJNXpfd_UjYwevULLVSeiHXS/view?usp=drivesdk,"SOURCE-AUDIT RECONCILED; supplied audit, no independent PDF reread",AUDIT-0366,366,AMBIGUOUS_HOLD,NOT REPORTED,NOT REPORTED,NOT REPORTED,NOT REPORTED,,,,,,,"Available-case analysis; 75 randomized, 70 analyzed",014_liang_2021.pdf,Pain row End of surgery (T5): TEAS 2/35 vs control 1/35.,HOLD,"Source definition, timepoint, denominator, scale, statistic, or post-randomization subset requires adjudication; see raw source/QC.",ROB2_RESULT_SPECIFIC_PENDING,Pain — unspecified context,TEAS,Sham,end of surgery (t5)
Liang 2021,V34_B4_048,Preoperative TEAS,Control/no stimulation,PONV,PONV occurrence,PACU discharge (T9),Events/total,37.0,38.0,35.0,35.0,,,,,,1.0,,,,,,2.0,participants,No significant between-group difference over time,Yes,No,,,No,No,"HOLD — Source definition, timepoint, denominator, scale, statistic, or post-randomization subset requires adjudication; see raw source/QC.",No (preserve trial strata where specified),The table labels the row simply 'PONV'; methods use a nausea verbal scale description.,"Evidence-Based Complementary and Alternative Medicine 2021, Table 4; Table 4",https://drive.google.com/file/d/1guriAcqNbJNXpfd_UjYwevULLVSeiHXS/view?usp=drivesdk,"SOURCE-AUDIT RECONCILED; supplied audit, no independent PDF reread",AUDIT-0367,367,AMBIGUOUS_HOLD,NOT REPORTED,NOT REPORTED,NOT REPORTED,NOT REPORTED,,,,,,,"Available-case analysis; 75 randomized, 70 analyzed",014_liang_2021.pdf,PONV PACU discharge (T9): TEAS 1/35 vs control 2/35.,HOLD,"Source definition, timepoint, denominator, scale, statistic, or post-randomization subset requires adjudication; see raw source/QC.",ROB2_RESULT_SPECIFIC_PENDING,PONV composite,TEAS,Sham,pacu discharge (t9)
Liang 2021,V34_B4_049,Preoperative TEAS,Control/no stimulation,Pain,Pain event as reported (threshold/definition not stated),PACU discharge (T9),Events/total,37.0,38.0,35.0,35.0,,,,,,7.0,,,,,,6.0,participants,No significant between-group difference over time,Yes,No,,,No,No,"HOLD — Source definition, timepoint, denominator, scale, statistic, or post-randomization subset requires adjudication; see raw source/QC.",No (preserve trial strata where specified),"Methods describe a 0–4 verbal rating scale, but Table 4 reports only a number/proportion in a row labelled 'Pain' without specifying which threshold constitutes an event. Do not pool as a defined pain incidence until clarified.","Evidence-Based Complementary and Alternative Medicine 2021, Table 4; Table 4",https://drive.google.com/file/d/1guriAcqNbJNXpfd_UjYwevULLVSeiHXS/view?usp=drivesdk,"SOURCE-AUDIT RECONCILED; supplied audit, no independent PDF reread",AUDIT-0368,368,AMBIGUOUS_HOLD,NOT REPORTED,NOT REPORTED,NOT REPORTED,NOT REPORTED,,,,,,,"Available-case analysis; 75 randomized, 70 analyzed",014_liang_2021.pdf,Pain row PACU discharge (T9): TEAS 7/35 vs control 6/35.,HOLD,"Source definition, timepoint, denominator, scale, statistic, or post-randomization subset requires adjudication; see raw source/QC.",ROB2_RESULT_SPECIFIC_PENDING,Pain — unspecified context,TEAS,Sham,pacu discharge (t9)
Liang 2021,V34_B4_050,Preoperative TEAS,Control/no stimulation,PONV,PONV occurrence,24 h (T11),Events/total,37.0,38.0,35.0,35.0,,,,,,2.0,,,,,,2.0,participants,No significant between-group difference over time,Yes,No,,,No,No,"HOLD — Source definition, timepoint, denominator, scale, statistic, or post-randomization subset requires adjudication; see raw source/QC.",No (preserve trial strata where specified),The table labels the row simply 'PONV'; methods use a nausea verbal scale description.,"Evidence-Based Complementary and Alternative Medicine 2021, Table 4; Table 4",https://drive.google.com/file/d/1guriAcqNbJNXpfd_UjYwevULLVSeiHXS/view?usp=drivesdk,"SOURCE-AUDIT RECONCILED; supplied audit, no independent PDF reread",AUDIT-0369,369,AMBIGUOUS_HOLD,NOT REPORTED,NOT REPORTED,NOT REPORTED,NOT REPORTED,,,,,,,"Available-case analysis; 75 randomized, 70 analyzed",014_liang_2021.pdf,PONV 24 h (T11): TEAS 2/35 vs control 2/35.,HOLD,"Source definition, timepoint, denominator, scale, statistic, or post-randomization subset requires adjudication; see raw source/QC.",ROB2_RESULT_SPECIFIC_PENDING,PONV composite,TEAS,Sham,24h (t11)
Liang 2021,V34_B4_051,Preoperative TEAS,Control/no stimulation,Pain,Pain event as reported (threshold/definition not stated),24 h (T11),Events/total,37.0,38.0,35.0,35.0,,,,,,8.0,,,,,,8.0,participants,No significant between-group difference over time,Yes,No,,,No,No,"HOLD — Source definition, timepoint, denominator, scale, statistic, or post-randomization subset requires adjudication; see raw source/QC.",No (preserve trial strata where specified),"Methods describe a 0–4 verbal rating scale, but Table 4 reports only a number/proportion in a row labelled 'Pain' without specifying which threshold constitutes an event. Do not pool as a defined pain incidence until clarified.","Evidence-Based Complementary and Alternative Medicine 2021, Table 4; Table 4",https://drive.google.com/file/d/1guriAcqNbJNXpfd_UjYwevULLVSeiHXS/view?usp=drivesdk,"SOURCE-AUDIT RECONCILED; supplied audit, no independent PDF reread",AUDIT-0370,370,AMBIGUOUS_HOLD,NOT REPORTED,NOT REPORTED,NOT REPORTED,NOT REPORTED,,,,,,,"Available-case analysis; 75 randomized, 70 analyzed",014_liang_2021.pdf,Pain row 24 h (T11): TEAS 8/35 vs control 8/35.,HOLD,"Source definition, timepoint, denominator, scale, statistic, or post-randomization subset requires adjudication; see raw source/QC.",ROB2_RESULT_SPECIFIC_PENDING,Pain — unspecified context,TEAS,Sham,24h (t11)
Liang 2021,V34_B4_052,Preoperative TEAS,Control/no stimulation,PONV,PONV occurrence,48 h (T12),Events/total,37.0,38.0,35.0,35.0,,,,,,0.0,,,,,,0.0,participants,No significant between-group difference over time,Yes,No,,,No,No,"HOLD — Source definition, timepoint, denominator, scale, statistic, or post-randomization subset requires adjudication; see raw source/QC.",No (preserve trial strata where specified),The table labels the row simply 'PONV'; methods use a nausea verbal scale description.,"Evidence-Based Complementary and Alternative Medicine 2021, Table 4; Table 4",https://drive.google.com/file/d/1guriAcqNbJNXpfd_UjYwevULLVSeiHXS/view?usp=drivesdk,"SOURCE-AUDIT RECONCILED; supplied audit, no independent PDF reread",AUDIT-0371,371,AMBIGUOUS_HOLD,NOT REPORTED,NOT REPORTED,NOT REPORTED,NOT REPORTED,,,,,,,"Available-case analysis; 75 randomized, 70 analyzed",014_liang_2021.pdf,PONV 48 h (T12): TEAS 0/35 vs control 0/35.,HOLD,"Source definition, timepoint, denominator, scale, statistic, or post-randomization subset requires adjudication; see raw source/QC.",ROB2_RESULT_SPECIFIC_PENDING,PONV composite,TEAS,Sham,48h (t12)
Liang 2021,V34_B4_053,Preoperative TEAS,Control/no stimulation,Pain,Pain event as reported (threshold/definition not stated),48 h (T12),Events/total,37.0,38.0,35.0,35.0,,,,,,3.0,,,,,,7.0,participants,No significant between-group difference over time,Yes,No,,,No,No,"HOLD — Source definition, timepoint, denominator, scale, statistic, or post-randomization subset requires adjudication; see raw source/QC.",No (preserve trial strata where specified),"Methods describe a 0–4 verbal rating scale, but Table 4 reports only a number/proportion in a row labelled 'Pain' without specifying which threshold constitutes an event. Do not pool as a defined pain incidence until clarified.","Evidence-Based Complementary and Alternative Medicine 2021, Table 4; Table 4",https://drive.google.com/file/d/1guriAcqNbJNXpfd_UjYwevULLVSeiHXS/view?usp=drivesdk,"SOURCE-AUDIT RECONCILED; supplied audit, no independent PDF reread",AUDIT-0372,372,AMBIGUOUS_HOLD,NOT REPORTED,NOT REPORTED,NOT REPORTED,NOT REPORTED,,,,,,,"Available-case analysis; 75 randomized, 70 analyzed",014_liang_2021.pdf,Pain row 48 h (T12): TEAS 3/35 vs control 7/35.,HOLD,"Source definition, timepoint, denominator, scale, statistic, or post-randomization subset requires adjudication; see raw source/QC.",ROB2_RESULT_SPECIFIC_PENDING,Pain — unspecified context,TEAS,Sham,48h (t12)
Liang 2021,V34_B4_054,Preoperative TEAS,Control/no stimulation,Cognitive recovery,MMSE score,PACU discharge (T9),Mean/SD,37.0,38.0,35.0,35.0,26.2,2.8,,,,,25.8,3.6,,,,,MMSE 0–30,No significant between-group difference,Yes,No,,,No,No,"INCLUDE — Numerically extractable in its native endpoint/time/statistic; pooling still requires compatible stratum, comparator and independent-arm selection.",No (preserve trial strata where specified),The source footnote marks within-group comparisons versus T9; no between-group exact P is printed.,"Evidence-Based Complementary and Alternative Medicine 2021, Table 4; Table 4",https://drive.google.com/file/d/1guriAcqNbJNXpfd_UjYwevULLVSeiHXS/view?usp=drivesdk,"SOURCE-AUDIT RECONCILED; supplied audit, no independent PDF reread",AUDIT-0373,373,ADDED,26.2,2.8,25.8,3.6,,,,,,,"Available-case analysis; 75 randomized, 70 analyzed",014_liang_2021.pdf,MMSE PACU discharge (T9): TEAS 26.2±2.8 vs control 25.8±3.6.,INCLUDE,"Numerically extractable in its native endpoint/time/statistic; pooling still requires compatible stratum, comparator and independent-arm selection.",ROB2_RESULT_SPECIFIC_PENDING,Cognitive recovery,TEAS,Sham,pacu discharge (t9)
Liang 2021,V34_B4_055,Preoperative TEAS,Control/no stimulation,Cognitive recovery,MMSE score,24 h (T11),Mean/SD,37.0,38.0,35.0,35.0,28.1,1.6,,,,,28.1,1.6,,,,,MMSE 0–30,No significant between-group difference,Yes,No,,,No,No,"INCLUDE — Numerically extractable in its native endpoint/time/statistic; pooling still requires compatible stratum, comparator and independent-arm selection.",No (preserve trial strata where specified),The source footnote marks within-group comparisons versus T9; no between-group exact P is printed.,"Evidence-Based Complementary and Alternative Medicine 2021, Table 4; Table 4",https://drive.google.com/file/d/1guriAcqNbJNXpfd_UjYwevULLVSeiHXS/view?usp=drivesdk,"SOURCE-AUDIT RECONCILED; supplied audit, no independent PDF reread",AUDIT-0374,374,ADDED,28.1,1.6,28.1,1.6,,,,,,,"Available-case analysis; 75 randomized, 70 analyzed",014_liang_2021.pdf,MMSE 24 h (T11): TEAS 28.1±1.6 vs control 28.1±1.6.,INCLUDE,"Numerically extractable in its native endpoint/time/statistic; pooling still requires compatible stratum, comparator and independent-arm selection.",ROB2_RESULT_SPECIFIC_PENDING,Cognitive recovery,TEAS,Sham,24h (t11)
Liang 2021,V34_B4_056,Preoperative TEAS,Control/no stimulation,Cognitive recovery,MMSE score,48 h (T12),Mean/SD,37.0,38.0,35.0,35.0,28.3,1.4,,,,,28.6,1.3,,,,,MMSE 0–30,No significant between-group difference,Yes,No,,,No,No,"INCLUDE — Numerically extractable in its native endpoint/time/statistic; pooling still requires compatible stratum, comparator and independent-arm selection.",No (preserve trial strata where specified),The source footnote marks within-group comparisons versus T9; no between-group exact P is printed.,"Evidence-Based Complementary and Alternative Medicine 2021, Table 4; Table 4",https://drive.google.com/file/d/1guriAcqNbJNXpfd_UjYwevULLVSeiHXS/view?usp=drivesdk,"SOURCE-AUDIT RECONCILED; supplied audit, no independent PDF reread",AUDIT-0375,375,ADDED,28.3,1.4,28.6,1.3,,,,,,,"Available-case analysis; 75 randomized, 70 analyzed",014_liang_2021.pdf,MMSE 48 h (T12): TEAS 28.3±1.4 vs control 28.6±1.3.,INCLUDE,"Numerically extractable in its native endpoint/time/statistic; pooling still requires compatible stratum, comparator and independent-arm selection.",ROB2_RESULT_SPECIFIC_PENDING,Cognitive recovery,TEAS,Sham,48h (t12)
Gao 2021,V34_GAO21_SUPP_1,TEAS,Sham,Length of stay,Total hospital length of stay,Total admission,Source not accessed,,,,,,,,,,,,,,,,,,,No — supplement not accessed,No,,,No,No,SOURCE NOT ACCESSED — Referenced supplement not accessed; no result values populated.,,Main paper directs exact values to unaccessed supplement. Not equivalent to NOT REPORTED.,Appendix 2 / Supplementary Table S4,https://drive.google.com/file/d/1aTzgCVSlV5gorGxB7ENHTVh6pCgVW-3a/view?usp=drivesdk,SOURCE NOT ACCESSED,SUPP-GAO-1,,SOURCE_NOT_ACCESSED,,,,,,,,,,,,covidence_400_full_article.pdf,,SOURCE NOT ACCESSED,Referenced supplement not accessed; no result values populated.,ROB2_RESULT_SPECIFIC_PENDING,LOS,TEAS,Sham,total admission
Gao 2021,V34_GAO21_SUPP_2,TEAS,Sham,Adverse events,30-day postoperative complications,0–30 days,Source not accessed,,,,,,,,,,,,,,,,,,,No — supplement not accessed,No,,,No,No,SOURCE NOT ACCESSED — Referenced supplement not accessed; no result values populated.,,Main paper directs exact values to unaccessed supplement. Not equivalent to NOT REPORTED.,Appendix 2 / Supplementary Table S4,https://drive.google.com/file/d/1aTzgCVSlV5gorGxB7ENHTVh6pCgVW-3a/view?usp=drivesdk,SOURCE NOT ACCESSED,SUPP-GAO-2,,SOURCE_NOT_ACCESSED,,,,,,,,,,,,covidence_400_full_article.pdf,,SOURCE NOT ACCESSED,Referenced supplement not accessed; no result values populated.,ROB2_RESULT_SPECIFIC_PENDING,Adverse events,TEAS,Sham,0-30 days
Yang 2024,YANG24_EA_vs_UC_NAUSEA24,Perioperative EA + usual care,Usual care,PONV,Postoperative nausea,0-24 h after surgery,Events/total,90,90,90,90,,,,,,24,,,,,,40,participants,0.013,Yes,No,RR,0.6,No,No,Eligible for dichotomous nausea analysis at 0-24 h,No,No sham acupuncture; nausea is a subjective endpoint reported by unblinded participants,Table 3 (0-24 h after surgery); Methods (recording windows); Results text,https://drive.google.com/file/d/160N3psd5tLEphwXHJzUEZ3uJfaIXcs5V/view?usp=drivesdk,SOURCE-VERIFIED,V34-OD-0759,,,,,,,,,,,,,Intention-to-treat (90/90 retained),covidence_1930_full_article.pdf,"Table 3, ""0-24 h after surgery"": Incidence of Nausea [n(%)] 24(26.7) EA vs 40(44.4) UC, P=0.013. Methods: ""Incidence of PON and POV ... were recorded at 0-24 h, 24-48 h and 48-72 h after surgery.""",INCLUDE,"Numerically extractable in its native endpoint/time/statistic; pooling still requires compatible stratum, comparator and independent-arm selection.",ROB2_RESULT_SPECIFIC_PENDING,Nausea,EA,Usual care,0-24h
