record_id,comparison_id,study,endpoint_family,outcome,window,time_class,statistic_type,modality,comparator_type,intervention,comparator,unit,n_i,n_c,mean_i,sd_i,mean_c,sd_c,events_i,events_c,eligibility,reason,rob2,analysis_population,source,source_location,selected_model,effect,se,measure,effect_note,scale_factor,hedges_g,hedges_se,not_pooled_reason
V33-OD-0002,YANG20_EA_vs_UC,Yang 2020,GI — first flatus,Time to first postoperative flatus,From surgery to first flatus,from surgery to first flatus,Mean/SD,EA,Usual care,EA + usual care,Usual care,hours,29,28,20.8,4.6,24.1,6.2,,,INCLUDE,"Numerically extractable in its native endpoint/time/statistic; pooling still requires compatible stratum, comparator and independent-arm selection.",EXISTING_RESULT_SPECIFIC: Some concerns,,https://drive.google.com/file/d/1hsQR_K6W-5QNP4rqkVxHQaopRp4f1XF0/view?usp=drivesdk,GI recovery results/table,,-3.3,1.450004,MD,Native MD; no pooled interpretation without compatible model.,1,-0.59781,0.270799,"Native numeric candidate, not newly pooled: exact outcome definition/time/scale or prespecified arm selection requires a model-specific decision. No automatic pooling of the gap-fill audit."
V33-OD-0004,LIN02_HIGH_vs_CONTROL,Lin 2002,Postoperative opioid dose (native window/unit),Cumulative IV PCA morphine delivered during postoperative test period,Postoperative hour 1 through next 23 h (published as 24-h test-period value),postoperative hour 1 through next 23h (published as 24-h test-period value),Mean/SD,EA,CONTROL_TYPE_REVIEW_REQUIRED,100-Hz EA,Untreated control,mg morphine,25,25,15,10.7,38.1,16,,,INCLUDE,"Numerically extractable in its native endpoint/time/statistic; pooling still requires compatible stratum, comparator and independent-arm selection.",ROB2_RESULT_SPECIFIC_PENDING,,https://drive.google.com/file/d/1Q5dNOPkf4PB_ctbHu1_3v3UIMIJzKRw9/view?usp=drivesdk,Table 2,,-23.1,3.849623,MD,Native MD; no pooled interpretation without compatible model.,1,-1.670564,0.328493,"Native numeric candidate, not newly pooled: exact outcome definition/time/scale or prespecified arm selection requires a model-specific decision. No automatic pooling of the gap-fill audit."
V33-OD-0005,LIN02_LOW_vs_CONTROL,Lin 2002,Postoperative opioid dose (native window/unit),Cumulative IV PCA morphine delivered during postoperative test period,Postoperative hour 1 through next 23 h (published as 24-h test-period value),postoperative hour 1 through next 23h (published as 24-h test-period value),Mean/SD,EA,CONTROL_TYPE_REVIEW_REQUIRED,2-Hz EA,Untreated control,mg morphine,25,25,21.8,14.7,38.1,16,,,INCLUDE,"Numerically extractable in its native endpoint/time/statistic; pooling still requires compatible stratum, comparator and independent-arm selection.",ROB2_RESULT_SPECIFIC_PENDING,,https://drive.google.com/file/d/1Q5dNOPkf4PB_ctbHu1_3v3UIMIJzKRw9/view?usp=drivesdk,Table 2,,-16.3,4.345526,MD,Native MD; no pooled interpretation without compatible model.,1,-1.044275,0.301505,"Native numeric candidate, not newly pooled: exact outcome definition/time/scale or prespecified arm selection requires a model-specific decision. No automatic pooling of the gap-fill audit."
V33-OD-0006,LIN02_HIGH_vs_SHAM,Lin 2002,Postoperative opioid dose (native window/unit),Cumulative IV PCA morphine delivered during postoperative test period,Postoperative hour 1 through next 23 h (published as 24-h test-period value),postoperative hour 1 through next 23h (published as 24-h test-period value),Mean/SD,EA,Sham,100-Hz EA,Sham EA,mg morphine,25,25,15,10.7,30.2,14.4,,,INCLUDE,"Numerically extractable in its native endpoint/time/statistic; pooling still requires compatible stratum, comparator and independent-arm selection.",ROB2_RESULT_SPECIFIC_PENDING,,https://drive.google.com/file/d/1Q5dNOPkf4PB_ctbHu1_3v3UIMIJzKRw9/view?usp=drivesdk,Table 2,,-15.2,3.588036,MD,Native MD; no pooled interpretation without compatible model.,1,-1.179387,0.306447,"Native numeric candidate, not newly pooled: exact outcome definition/time/scale or prespecified arm selection requires a model-specific decision. No automatic pooling of the gap-fill audit."
V33-OD-0007,LIN02_LOW_vs_SHAM,Lin 2002,Postoperative opioid dose (native window/unit),Cumulative IV PCA morphine delivered during postoperative test period,Postoperative hour 1 through next 23 h (published as 24-h test-period value),postoperative hour 1 through next 23h (published as 24-h test-period value),Mean/SD,EA,Sham,2-Hz EA,Sham EA,mg morphine,25,25,21.8,14.7,30.2,14.4,,,INCLUDE,"Numerically extractable in its native endpoint/time/statistic; pooling still requires compatible stratum, comparator and independent-arm selection.",ROB2_RESULT_SPECIFIC_PENDING,,https://drive.google.com/file/d/1Q5dNOPkf4PB_ctbHu1_3v3UIMIJzKRw9/view?usp=drivesdk,Table 2,,-8.4,4.11558,MD,Native MD; no pooled interpretation without compatible model.,1,-0.568222,0.288494,"Native numeric candidate, not newly pooled: exact outcome definition/time/scale or prespecified arm selection requires a model-specific decision. No automatic pooling of the gap-fill audit."
V33-OD-0009,YU20_TEAS_vs_CONTROL,Yu 2020,QoR-40,Global QoR-40,Postoperative day 1 (~24 h),postoperative day 1 (~24h),Mean/SD,TEAS,Sham,Preoperative TEAS,Control/no current,QoR-40 points,30,30,175.33,9.66,166.07,8.44,,,INCLUDE,"Numerically extractable in its native endpoint/time/statistic; pooling still requires compatible stratum, comparator and independent-arm selection.",EXISTING_RESULT_SPECIFIC: High,,https://drive.google.com/file/d/1fXpHc9FzhpPCkXto8c5lfcLoA3ROdOEz/view?usp=drivesdk,POD1 QoR-40 result,,9.26,2.342002,MD,Native MD; no pooled interpretation without compatible model.,1,1.00763,0.274094,POD1/POD2 preserved separately from exact 24-h QoR-40.
V33-OD-0010,PAN23_TEAS_vs_CONTROL,Pan 2023,GI — first flatus,Time to first postoperative flatus,Postoperative recovery endpoint,postoperative recovery endpoint,Median/IQR,TEAS,Usual care,TEAS,Control/usual care,minutes,52,53,,,,,,,NARRATIVE ONLY,Median and original dispersion preserved; no mean/SD conversion or MD pooling.,EXISTING_RESULT_SPECIFIC: High,,https://drive.google.com/file/d/19IZpaoI-iTQOr_XOTw-a17WTw_haz8q6/view?usp=drivesdk,Postoperative recovery table,,,,,,1,,,Median and original dispersion preserved; no mean/SD conversion or MD pooling.
V33-OD-0011,CHEN98_NONACU_vs_SHAM,Chen 1998,Postoperative opioid dose (native window/unit),Cumulative IV PCA hydromorphone,First 24 h postoperatively,first 24h postoperatively,Mean/SD,TEAS,Sham,Active nonacupoint shoulder TENS,Sham ST36 TENS (0 mA),mg hydromorphone,25,25,10.5,6.2,10.7,5,,,INCLUDE,"Numerically extractable in its native endpoint/time/statistic; pooling still requires compatible stratum, comparator and independent-arm selection.",EXISTING_RESULT_SPECIFIC: Some concerns,,https://drive.google.com/file/d/1lUyYj9aN1CL9RpY86ZY0970To83Kb17s/view?usp=drivesdk,Table 2 / first-24-h hydromorphone,,-0.2,1.592985,MD,Native MD; no pooled interpretation without compatible model.,1,-0.034953,0.282864,"Native numeric candidate, not newly pooled: exact outcome definition/time/scale or prespecified arm selection requires a model-specific decision. No automatic pooling of the gap-fill audit."
V33-OD-0012,CHEN98_DERM_vs_SHAM,Chen 1998,Postoperative opioid dose (native window/unit),Cumulative IV PCA hydromorphone,First 24 h postoperatively,first 24h postoperatively,Mean/SD,TEAS,Sham,Active dermatomal/peri-incisional TENS,Sham ST36 TENS (0 mA),mg hydromorphone,25,25,6.8,4.2,10.7,5,,,INCLUDE,"Numerically extractable in its native endpoint/time/statistic; pooling still requires compatible stratum, comparator and independent-arm selection.",EXISTING_RESULT_SPECIFIC: Some concerns,,https://drive.google.com/file/d/1lUyYj9aN1CL9RpY86ZY0970To83Kb17s/view?usp=drivesdk,Table 2 / first-24-h hydromorphone,,-3.9,1.305986,MD,Native MD; no pooled interpretation without compatible model.,1,-0.831372,0.294808,"Native numeric candidate, not newly pooled: exact outcome definition/time/scale or prespecified arm selection requires a model-specific decision. No automatic pooling of the gap-fill audit."
V33-OD-0015,CHEN20_TEAS_vs_SHAM_VAS,Chen 2020,Pain — unspecified context,VAS pain intensity,24 h postoperatively,24 h point,Mean/SD,TEAS,Sham,Perioperative TEAS,Sham low/zero-current protocol,VAS 0-10,40,40,2.91,0.2,5.97,0.56,,,INCLUDE,"Numerically extractable in its native endpoint/time/statistic; pooling still requires compatible stratum, comparator and independent-arm selection.",ROB2_RESULT_SPECIFIC_PENDING,,https://drive.google.com/file/d/1y0_cC1NCl5g2vYxDMOtYmxVA_YEE-rsR/view?usp=drivesdk,24-h VAS result,,-3.06,0.094021,MD,Native MD; no pooled interpretation without compatible model.,1,-7.207267,0.61209,"Native numeric candidate, not newly pooled: exact outcome definition/time/scale or prespecified arm selection requires a model-specific decision. No automatic pooling of the gap-fill audit."
V33-OD-0016,COURA11_EA_vs_SHAM,Coura 2011,Postoperative opioid dose (native window/unit),Cumulative fentanyl,First 24 h postoperatively,first 24h postoperatively,Mean/SD,EA,Sham,Preoperative EA,Sham stimulation,µg/kg fentanyl,13,9,13.1,2.2,16.3,1.6,,,INCLUDE,"Numerically extractable in its native endpoint/time/statistic; pooling still requires compatible stratum, comparator and independent-arm selection.",EXISTING_RESULT_SPECIFIC: High,,https://drive.google.com/file/d/120NJxCmxsdiyqWTXzjmaUWAaVa1i8iZz/view?usp=drivesdk,Published cumulative first-24-h fentanyl result,,-3.2,0.810402,MD,Native MD; no pooled interpretation without compatible model.,1,-1.553284,0.492816,"Native numeric candidate, not newly pooled: exact outcome definition/time/scale or prespecified arm selection requires a model-specific decision. No automatic pooling of the gap-fill audit."
V33-OD-0017,AO21_TEAS_vs_SHAM_VAS,Ao 2021,Pain — unspecified context,VAS pain intensity,24 h postoperatively,24 h point,Graph-digitized mean/SD,TEAS,Sham,TEAS,Sham/no current,VAS 0-10,32,33,2.51,0.49,2.95,0.53,,,CONDITIONAL,No new graph digitization; historical digitized data require their original validation before pooling.,ROB2_RESULT_SPECIFIC_PENDING,,https://drive.google.com/file/d/1tNFnY0fJpx53hrtY4DIaE1RsNjE55Xvd/view?usp=drivesdk,Figure-only 24-h VAS,,,,,,1,,,No new graph digitization; historical digitized data require their original validation before pooling.
V33-OD-0018,AO21_TEAS_vs_SHAM_OPIOID24,Ao 2021,Postoperative opioid dose (native window/unit),Cumulative postoperative sufentanil,Exact 0-24 h,exact 0-24h,Not reported,TEAS,Sham,TEAS,Sham/no current,µg sufentanil,32,33,,,,,,,NOT REPORTED,Accessed source does not supply the requested numerical result.,ROB2_RESULT_SPECIFIC_PENDING,,https://drive.google.com/file/d/1tNFnY0fJpx53hrtY4DIaE1RsNjE55Xvd/view?usp=drivesdk,Article reports 48-h PCA framework only,,,,,,1,,,Accessed source does not supply the requested numerical result.
V33-OD-0019,ZHU22_PRE_vs_USUAL_PON,Zhu 2022,Nausea,Postoperative nausea,6-24 h postoperatively,6-24h postoperatively,Events/total,EA,Usual care,EA day before surgery,Usual care alone,participants with nausea,101,101,,,,,11,27,INCLUDE,"Numerically extractable in its native endpoint/time/statistic; pooling still requires compatible stratum, comparator and independent-arm selection.",ROB2_RESULT_SPECIFIC_PENDING,,https://drive.google.com/file/d/1vux5IaubjInusplW6GJ2SsxhzibtSCe-/view?usp=drivesdk,Table 2,,-0.897942,0.328853,logRR,Uncorrected log risk ratio,1,,,"Native numeric candidate, not newly pooled: exact outcome definition/time/scale or prespecified arm selection requires a model-specific decision. No automatic pooling of the gap-fill audit."
V33-OD-0020,ZHU22_PRE_vs_USUAL_POV,Zhu 2022,Vomiting,Postoperative vomiting,6-24 h postoperatively,6-24h postoperatively,Events/total,EA,Usual care,EA day before surgery,Usual care alone,participants with vomiting,101,101,,,,,5,22,INCLUDE,"Numerically extractable in its native endpoint/time/statistic; pooling still requires compatible stratum, comparator and independent-arm selection.",EXISTING_RESULT_SPECIFIC: Some concerns,,https://drive.google.com/file/d/1vux5IaubjInusplW6GJ2SsxhzibtSCe-/view?usp=drivesdk,Table 2,,-1.481605,0.475029,logRR,Uncorrected log risk ratio,1,,,"Native numeric candidate, not newly pooled: exact outcome definition/time/scale or prespecified arm selection requires a model-specific decision. No automatic pooling of the gap-fill audit."
V33-OD-0021,ZHU22_30_vs_USUAL_PON,Zhu 2022,Nausea,Postoperative nausea,6-24 h postoperatively,6-24h postoperatively,Events/total,EA,Usual care,EA 30 min before surgery,Usual care alone,participants with nausea,98,101,,,,,18,27,INCLUDE,"Numerically extractable in its native endpoint/time/statistic; pooling still requires compatible stratum, comparator and independent-arm selection.",ROB2_RESULT_SPECIFIC_PENDING,,https://drive.google.com/file/d/1vux5IaubjInusplW6GJ2SsxhzibtSCe-/view?usp=drivesdk,Table 2,,-0.375312,0.269235,logRR,Uncorrected log risk ratio,1,,,"Native numeric candidate, not newly pooled: exact outcome definition/time/scale or prespecified arm selection requires a model-specific decision. No automatic pooling of the gap-fill audit."
V33-OD-0022,ZHU22_30_vs_USUAL_POV,Zhu 2022,Vomiting,Postoperative vomiting,6-24 h postoperatively,6-24h postoperatively,Events/total,EA,Usual care,EA 30 min before surgery,Usual care alone,participants with vomiting,98,101,,,,,8,22,INCLUDE,"Numerically extractable in its native endpoint/time/statistic; pooling still requires compatible stratum, comparator and independent-arm selection.",EXISTING_RESULT_SPECIFIC: Some concerns,,https://drive.google.com/file/d/1vux5IaubjInusplW6GJ2SsxhzibtSCe-/view?usp=drivesdk,Table 2,,-0.981448,0.387749,logRR,Uncorrected log risk ratio,1,,,"Native numeric candidate, not newly pooled: exact outcome definition/time/scale or prespecified arm selection requires a model-specific decision. No automatic pooling of the gap-fill audit."
V33-OD-0023,ZHU22_COMB_vs_USUAL_PON,Zhu 2022,Nausea,Postoperative nausea,6-24 h postoperatively,6-24h postoperatively,Events/total,EA,Usual care,EA day before + 30 min before,Usual care alone,participants with nausea,100,101,,,,,11,27,INCLUDE,"Numerically extractable in its native endpoint/time/statistic; pooling still requires compatible stratum, comparator and independent-arm selection.",ROB2_RESULT_SPECIFIC_PENDING,,https://drive.google.com/file/d/1vux5IaubjInusplW6GJ2SsxhzibtSCe-/view?usp=drivesdk,Table 2,,-0.887991,0.328702,logRR,Uncorrected log risk ratio,1,,,"Native numeric candidate, not newly pooled: exact outcome definition/time/scale or prespecified arm selection requires a model-specific decision. No automatic pooling of the gap-fill audit."
V33-OD-0024,ZHU22_COMB_vs_USUAL_POV,Zhu 2022,Vomiting,Postoperative vomiting,6-24 h postoperatively,6-24h postoperatively,Events/total,EA,Usual care,EA day before + 30 min before,Usual care alone,participants with vomiting,100,101,,,,,9,22,INCLUDE,"Numerically extractable in its native endpoint/time/statistic; pooling still requires compatible stratum, comparator and independent-arm selection.",EXISTING_RESULT_SPECIFIC: Some concerns,,https://drive.google.com/file/d/1vux5IaubjInusplW6GJ2SsxhzibtSCe-/view?usp=drivesdk,Table 2,,-0.883868,0.369682,logRR,Uncorrected log risk ratio,1,,,"Native numeric candidate, not newly pooled: exact outcome definition/time/scale or prespecified arm selection requires a model-specific decision. No automatic pooling of the gap-fill audit."
V33-OD-0025,ZHOU25_TEAS_vs_SHAM_QOR15,Zhou 2025,QoR-15,Global QoR-15,POD1,pod1,Mean/SD,TEAS,Sham,PACU TEAS,Sham/no current,QoR-15 points,48,49,112,10.67,107.62,10.27,,,INCLUDE,"Numerically extractable in its native endpoint/time/statistic; pooling still requires compatible stratum, comparator and independent-arm selection.",EXISTING_RESULT_SPECIFIC: High,,https://drive.google.com/file/d/1gpNBuoukUttXKWiAAeZSqdIaaHSMOwDU/view?usp=drivesdk,"Table 2, p7",,4.38,2.127054,MD,Native MD; no pooled interpretation without compatible model.,1,0.415034,0.205254,"Native numeric candidate, not newly pooled: exact outcome definition/time/scale or prespecified arm selection requires a model-specific decision. No automatic pooling of the gap-fill audit."
V33-OD-0026,ZHOU25_TEAS_vs_SHAM_PAINREST,Zhou 2025,Pain — rest,Resting pain VAS,POD1,pod1,Median/IQR,TEAS,Sham,PACU TEAS,Sham/no current,VAS 0-10,48,49,,,,,,,NARRATIVE ONLY,Median and original dispersion preserved; no mean/SD conversion or MD pooling.,ROB2_RESULT_SPECIFIC_PENDING,,https://drive.google.com/file/d/1gpNBuoukUttXKWiAAeZSqdIaaHSMOwDU/view?usp=drivesdk,"Table 3, p8",,,,,,1,,,Median and original dispersion preserved; no mean/SD conversion or MD pooling.
V33-OD-0027,ZHOU25_TEAS_vs_SHAM_PONV,Zhou 2025,PONV composite,PONV incidence,POD1,pod1,Events/total,TEAS,Sham,PACU TEAS,Sham/no current,participants,48,49,,,,,10,19,INCLUDE,"Numerically extractable in its native endpoint/time/statistic; pooling still requires compatible stratum, comparator and independent-arm selection.",ROB2_RESULT_SPECIFIC_PENDING,,https://drive.google.com/file/d/1gpNBuoukUttXKWiAAeZSqdIaaHSMOwDU/view?usp=drivesdk,"Table 4, p8",,-0.621235,0.333752,logRR,Uncorrected log risk ratio,1,,,"Native numeric candidate, not newly pooled: exact outcome definition/time/scale or prespecified arm selection requires a model-specific decision. No automatic pooling of the gap-fill audit."
V33-OD-0028,ZHOU25_TEAS_vs_SHAM_FLATUS,Zhou 2025,GI — first flatus,Time to first flatus,Postoperative,postoperative,Mean/SD,TEAS,Sham,PACU TEAS,Sham/no current,hours,48,49,14.1,3.19,15.88,3.78,,,INCLUDE,"Numerically extractable in its native endpoint/time/statistic; pooling still requires compatible stratum, comparator and independent-arm selection.",ROB2_RESULT_SPECIFIC_PENDING,,https://drive.google.com/file/d/1gpNBuoukUttXKWiAAeZSqdIaaHSMOwDU/view?usp=drivesdk,Postoperative recovery-time table,,-1.78,0.709649,MD,Native MD; no pooled interpretation without compatible model.,1,-0.504466,0.206284,"Native numeric candidate, not newly pooled: exact outcome definition/time/scale or prespecified arm selection requires a model-specific decision. No automatic pooling of the gap-fill audit."
V33-OD-0029,ZHOU25_TEAS_vs_SHAM_RESCUE,Zhou 2025,Rescue analgesia — drug class unresolved,Any rescue analgesia,POD1-POD3,pod1-pod3,Events/total,TEAS,Sham,PACU TEAS,Sham/no current,participants,48,49,,,,,6,13,INCLUDE,"Numerically extractable in its native endpoint/time/statistic; pooling still requires compatible stratum, comparator and independent-arm selection.",ROB2_RESULT_SPECIFIC_PENDING,,https://drive.google.com/file/d/1gpNBuoukUttXKWiAAeZSqdIaaHSMOwDU/view?usp=drivesdk,"Table 3, p8",,-0.752571,0.449831,logRR,Uncorrected log risk ratio,1,,,"Native numeric candidate, not newly pooled: exact outcome definition/time/scale or prespecified arm selection requires a model-specific decision. No automatic pooling of the gap-fill audit."
V33-OD-0030,ZHOU25_TEAS_vs_SHAM_OPIOID24,Zhou 2025,Postoperative opioid dose (native window/unit),Exact cumulative postoperative opioid dose,0-24 h,0-24h,Not reported,TEAS,Sham,PACU TEAS,Sham/no current,mg/µg,48,49,,,,,,,NOT REPORTED,Accessed source does not supply the requested numerical result.,ROB2_RESULT_SPECIFIC_PENDING,,https://drive.google.com/file/d/1gpNBuoukUttXKWiAAeZSqdIaaHSMOwDU/view?usp=drivesdk,Not numerically reported,,,,,,1,,,Accessed source does not supply the requested numerical result.
V33-OD-0031,ZHOU21_TEAS_vs_UC_PAIN,Zhou 2021,Pain — unspecified context,Average postoperative pain,POD1-POD5 average,pod1-pod5 average,Mean/SD,TEAS,Usual care,Postoperative TEAS + ERAS,ERAS/usual care,pain score,41,40,2.55,0.21,3.1,0.42,,,INCLUDE,"Numerically extractable in its native endpoint/time/statistic; pooling still requires compatible stratum, comparator and independent-arm selection.",ROB2_RESULT_SPECIFIC_PENDING,,https://drive.google.com/file/d/1PxYyULBv_ZjWeqAm_bNYkDn_j2_lNYLq/view?usp=drivesdk,"Table 3, p6",,-0.55,0.074065,MD,Native MD; no pooled interpretation without compatible model.,1,-1.646922,0.257164,"Native numeric candidate, not newly pooled: exact outcome definition/time/scale or prespecified arm selection requires a model-specific decision. No automatic pooling of the gap-fill audit."
V33-OD-0032,ZHOU21_TEAS_vs_UC_OPIOIDUSE,Zhou 2021,Postoperative opioid dose (native window/unit),Any postoperative opioid use,Postoperative window not clearly defined as 0-24 h,postoperative window not clearly defined as 0-24h,Events/total,TEAS,Usual care,Postoperative TEAS + ERAS,ERAS/usual care,participants,41,40,,,,,18,30,INCLUDE,"Numerically extractable in its native endpoint/time/statistic; pooling still requires compatible stratum, comparator and independent-arm selection.",ROB2_RESULT_SPECIFIC_PENDING,,https://drive.google.com/file/d/1PxYyULBv_ZjWeqAm_bNYkDn_j2_lNYLq/view?usp=drivesdk,Table 3,,-0.535518,0.198743,logRR,Uncorrected log risk ratio,1,,,"Native numeric candidate, not newly pooled: exact outcome definition/time/scale or prespecified arm selection requires a model-specific decision. No automatic pooling of the gap-fill audit."
V33-OD-0033,ZHENG25_TEAS_vs_SHAM_PONV,Zheng 2025,PONV composite,Any PONV,Within 24 h postoperatively,within 24h postoperatively,Events/total,TEAS,Sham,Perioperative TEAS,Sham/no current,participants,42,43,,,,,18,29,INCLUDE,"Numerically extractable in its native endpoint/time/statistic; pooling still requires compatible stratum, comparator and independent-arm selection.",EXISTING_RESULT_SPECIFIC: Some concerns,,https://drive.google.com/file/d/1-JWKZgQXaQQQBZgMSDqyIP-vG9aAxBqb/view?usp=drivesdk,Primary outcome / 24-h PONV result,,-0.453394,0.207299,logRR,Uncorrected log risk ratio,1,,,"Native numeric candidate, not newly pooled: exact outcome definition/time/scale or prespecified arm selection requires a model-specific decision. No automatic pooling of the gap-fill audit."
V33-OD-0035,ZHENG25_TEAS_vs_SHAM_PCA_PRESS,Zheng 2025,PCA/PCIA button presses,Total PCIA button presses,Postoperative; exact pump duration NR,postoperative; exact pump duration nr,Mean/SD,TEAS,Sham,Perioperative TEAS,Sham/no current,presses,42,43,6.3,2.2,10.7,3.9,,,INCLUDE,"Numerically extractable in its native endpoint/time/statistic; pooling still requires compatible stratum, comparator and independent-arm selection.",ROB2_RESULT_SPECIFIC_PENDING,,https://drive.google.com/file/d/1-JWKZgQXaQQQBZgMSDqyIP-vG9aAxBqb/view?usp=drivesdk,Postoperative PCIA results,,-4.4,0.684806,MD,Native MD; no pooled interpretation without compatible model.,1,-1.3728,0.241145,"Native numeric candidate, not newly pooled: exact outcome definition/time/scale or prespecified arm selection requires a model-specific decision. No automatic pooling of the gap-fill audit."
V33-OD-0036,ZHENG25_TEAS_vs_SHAM_OPIOID24,Zheng 2025,Postoperative opioid dose (native window/unit),Exact cumulative postoperative sufentanil mass,0-24 h,0-24h,Not reported,TEAS,Sham,Perioperative TEAS,Sham/no current,µg sufentanil,42,43,,,,,,,NOT REPORTED,Accessed source does not supply the requested numerical result.,ROB2_RESULT_SPECIFIC_PENDING,,https://drive.google.com/file/d/1-JWKZgQXaQQQBZgMSDqyIP-vG9aAxBqb/view?usp=drivesdk,PCIA formulation section / missing outcome,,,,,,1,,,Accessed source does not supply the requested numerical result.
V33-OD-0037,ZHAN20_TAPTEAS_vs_TAP_PAIN24,Zhan 2020,Pain — unspecified context,VAS pain intensity,24 h postoperatively,24 h point,Source-format ambiguous,TEAS,CONTROL_TYPE_REVIEW_REQUIRED,TAP block + postoperative TEAS,TAP block,VAS,30,30,,,,,,,HOLD,"Unresolved source statistic, denominator or timepoint.",EXISTING_RESULT_SPECIFIC: High,,https://drive.google.com/file/d/1GYG7JxUOQxbt724-Ng7dWv3sYeC8dDSr/view?usp=drivesdk,"Table 2, p4",,,,,,1,,,"Unresolved source statistic, denominator or timepoint."
V33-OD-0038,ZHAN20_TAPTEAS_vs_TAP_OPIOID24,Zhan 2020,Postoperative opioid dose (native window/unit),Actual cumulative postoperative sufentanil consumption,0-24 h,0-24h,Not reported,TEAS,CONTROL_TYPE_REVIEW_REQUIRED,TAP block + postoperative TEAS,TAP block,µg sufentanil,30,30,,,,,,,NOT REPORTED,Accessed source does not supply the requested numerical result.,ROB2_RESULT_SPECIFIC_PENDING,,https://drive.google.com/file/d/1GYG7JxUOQxbt724-Ng7dWv3sYeC8dDSr/view?usp=drivesdk,PCIA protocol / exact 24-h opioid section,,,,,,1,,,Accessed source does not supply the requested numerical result.
V33-OD-0039,ZHANG25_TEAS_vs_SHAM_SUFPOD1,Zhang 2025,Postoperative opioid dose (native window/unit),Total sufentanil consumption,POD1; approximately 24 h but exact clock window not explicit,pod1; approximately 24h but exact clock window not explicit,Mean/SD,TEAS,Sham,Perioperative TEAS,Sub-sensory sham,µg sufentanil,45,48,50.53,4.46,53.79,5.14,,,INCLUDE,"Numerically extractable in its native endpoint/time/statistic; pooling still requires compatible stratum, comparator and independent-arm selection.",EXISTING_RESULT_SPECIFIC: High,,https://drive.google.com/file/d/1eHx6Hk16vmIfMgoiZ5eNae4zmCR5ktwJ/view?usp=drivesdk,"Table 4, p9",,-3.26,0.996215,MD,Native MD; no pooled interpretation without compatible model.,1,-0.670315,0.21324,"Native numeric candidate, not newly pooled: exact outcome definition/time/scale or prespecified arm selection requires a model-specific decision. No automatic pooling of the gap-fill audit."
V33-OD-0040,ZHANG25_TEAS_vs_SHAM_RESCUE,Zhang 2025,Rescue analgesia — drug class unresolved,Any rescue analgesia demand,POD1 / postoperative period reported in Table 4,pod1 / postoperative period reported in table 4,Events/total,TEAS,Sham,Perioperative TEAS,Sub-sensory sham,participants,45,48,,,,,14,29,INCLUDE,"Numerically extractable in its native endpoint/time/statistic; pooling still requires compatible stratum, comparator and independent-arm selection.",ROB2_RESULT_SPECIFIC_PENDING,,https://drive.google.com/file/d/1eHx6Hk16vmIfMgoiZ5eNae4zmCR5ktwJ/view?usp=drivesdk,"Table 4, p9",,-0.6637,0.250711,logRR,Uncorrected log risk ratio,1,,,"Native numeric candidate, not newly pooled: exact outcome definition/time/scale or prespecified arm selection requires a model-specific decision. No automatic pooling of the gap-fill audit."
V33-OD-0041,ZHANG25_TEAS_vs_SHAM_VISCERAL_POD1,Zhang 2025,Pain — unspecified context,Moderate-to-severe visceral pain,POD1,pod1,Events/total,TEAS,Sham,Perioperative TEAS,Sub-sensory sham,participants,45,48,,,,,4,18,INCLUDE,"Numerically extractable in its native endpoint/time/statistic; pooling still requires compatible stratum, comparator and independent-arm selection.",ROB2_RESULT_SPECIFIC_PENDING,,https://drive.google.com/file/d/1eHx6Hk16vmIfMgoiZ5eNae4zmCR5ktwJ/view?usp=drivesdk,"Figure 3D, p8",,-1.439539,0.512348,logRR,Uncorrected log risk ratio,1,,,"Native numeric candidate, not newly pooled: exact outcome definition/time/scale or prespecified arm selection requires a model-specific decision. No automatic pooling of the gap-fill audit."
V33-OD-0042,ZHANG23_TEAS_vs_SHAM_VOID,Zhang 2023,Urinary recovery,Time to first spontaneous void,Postoperative,postoperative,Median/IQR,TEAS,Sham,TEAS,Sham/no current,hours,922,916,,,,,,,NARRATIVE ONLY,Median and original dispersion preserved; no mean/SD conversion or MD pooling.,EXISTING_RESULT_SPECIFIC: High,,https://drive.google.com/file/d/1LXNXNhVJaOcYXBODulFUuMD4FQXC5dph/view?usp=drivesdk,Table 2 / primary spontaneous-void outcome,,,,,,1,,,Median and original dispersion preserved; no mean/SD conversion or MD pooling.
V33-OD-0043,ZHANG23_TEAS_vs_SHAM_DELAYED,Zhang 2023,Urinary recovery,Delayed urinary recovery (>12 h without spontaneous void),Postoperative,postoperative,Events/total,TEAS,Sham,TEAS,Sham/no current,participants,922,916,,,,,103,173,INCLUDE,"Numerically extractable in its native endpoint/time/statistic; pooling still requires compatible stratum, comparator and independent-arm selection.",ROB2_RESULT_SPECIFIC_PENDING,,https://drive.google.com/file/d/1LXNXNhVJaOcYXBODulFUuMD4FQXC5dph/view?usp=drivesdk,Table 2 / delayed urinary recovery,,-0.525091,0.115381,logRR,Uncorrected log risk ratio,1,,,"Native numeric candidate, not newly pooled: exact outcome definition/time/scale or prespecified arm selection requires a model-specific decision. No automatic pooling of the gap-fill audit."
V33-OD-0044,ZHANG23_TEAS_vs_SHAM_POUR,Zhang 2023,Urinary recovery,Postoperative urinary retention,Postoperative,postoperative,Events/total,TEAS,Sham,TEAS,Sham/no current,participants,922,916,,,,,75,104,INCLUDE,"Numerically extractable in its native endpoint/time/statistic; pooling still requires compatible stratum, comparator and independent-arm selection.",ROB2_RESULT_SPECIFIC_PENDING,,https://drive.google.com/file/d/1LXNXNhVJaOcYXBODulFUuMD4FQXC5dph/view?usp=drivesdk,Table 2 / POUR result,,-0.333432,0.144126,logRR,Uncorrected log risk ratio,1,,,"Native numeric candidate, not newly pooled: exact outcome definition/time/scale or prespecified arm selection requires a model-specific decision. No automatic pooling of the gap-fill audit."
V33-OD-0045,ZHANG23_TEAS_vs_SHAM_MME48,Zhang 2023,Postoperative opioid dose (native window/unit),Postoperative IV morphine-equivalent consumption,Within 48 h,within 48h,Median/IQR,TEAS,Sham,TEAS,Sham/no current,mg IV morphine-equivalent,922,916,,,,,,,NARRATIVE ONLY,Median and original dispersion preserved; no mean/SD conversion or MD pooling.,ROB2_RESULT_SPECIFIC_PENDING,,https://drive.google.com/file/d/1LXNXNhVJaOcYXBODulFUuMD4FQXC5dph/view?usp=drivesdk,Table 1 / postoperative opioid-equivalent result,,,,,,1,,,Median and original dispersion preserved; no mean/SD conversion or MD pooling.
V33-OD-0046,ZHANG23_TEAS_vs_SHAM_OPIOID24,Zhang 2023,Postoperative opioid dose (native window/unit),Exact cumulative postoperative opioid dose,0-24 h,0-24h,Not reported,TEAS,Sham,TEAS,Sham/no current,mg IV morphine-equivalent,922,916,,,,,,,NOT REPORTED,Accessed source does not supply the requested numerical result.,ROB2_RESULT_SPECIFIC_PENDING,,https://drive.google.com/file/d/1LXNXNhVJaOcYXBODulFUuMD4FQXC5dph/view?usp=drivesdk,Exact 24-h endpoint absent,,,,,,1,,,Accessed source does not supply the requested numerical result.
V33-OD-0047,ZHANG14_TEAS_vs_SHAM_RR,Zhang 2014,Functional recovery — PACU,Recovery-room stay,Recovery-room discharge,recovery-room discharge,Mean/SD,TEAS,Sham,Preoperative TEAS,Sham/no current,minutes,33,32,35.6,12.9,48.3,16.3,,,INCLUDE,"Numerically extractable in its native endpoint/time/statistic; pooling still requires compatible stratum, comparator and independent-arm selection.",EXISTING_RESULT_SPECIFIC: Some concerns,,https://drive.google.com/file/d/1lws1zFpIE-wbLY8X9ewYyTuIP-WySa-c/view?usp=drivesdk,Primary outcome / recovery-room stay,,-12.7,3.653155,MD,Native MD; no pooled interpretation without compatible model.,1,-0.85526,0.25919,"Native numeric candidate, not newly pooled: exact outcome definition/time/scale or prespecified arm selection requires a model-specific decision. No automatic pooling of the gap-fill audit."
V33-OD-0048,ZHANG14_TEAS_vs_SHAM_REMI,Zhang 2014,Intraoperative opioid,Remifentanil consumption rate,Intraoperative,intraoperative,Mean/SD,TEAS,Sham,Preoperative TEAS,Sham/no current,µg/kg/min,33,32,0.06,0.02,0.09,0.03,,,INCLUDE,"Numerically extractable in its native endpoint/time/statistic; pooling still requires compatible stratum, comparator and independent-arm selection.",ROB2_RESULT_SPECIFIC_PENDING,,https://drive.google.com/file/d/1lws1zFpIE-wbLY8X9ewYyTuIP-WySa-c/view?usp=drivesdk,Table 2 / intraoperative remifentanil,,-0.03,0.006344,MD,Native MD; no pooled interpretation without compatible model.,1,-1.166198,0.268356,"Native numeric candidate, not newly pooled: exact outcome definition/time/scale or prespecified arm selection requires a model-specific decision. No automatic pooling of the gap-fill audit."
V33-OD-0049,ZHANG14_TEAS_vs_SHAM_NAUSEA,Zhang 2014,Nausea,Postoperative nausea,Postoperative,postoperative,Events/total,TEAS,Sham,Preoperative TEAS,Sham/no current,participants,33,32,,,,,7,15,INCLUDE,"Numerically extractable in its native endpoint/time/statistic; pooling still requires compatible stratum, comparator and independent-arm selection.",ROB2_RESULT_SPECIFIC_PENDING,,https://drive.google.com/file/d/1lws1zFpIE-wbLY8X9ewYyTuIP-WySa-c/view?usp=drivesdk,Table 3 / postoperative side effects,,-0.792912,0.38467,logRR,Uncorrected log risk ratio,1,,,"Native numeric candidate, not newly pooled: exact outcome definition/time/scale or prespecified arm selection requires a model-specific decision. No automatic pooling of the gap-fill audit."
V33-OD-0050,ZHANG14_TEAS_vs_SHAM_VOMIT,Zhang 2014,Vomiting,Postoperative vomiting,Postoperative,postoperative,Events/total,TEAS,Sham,Preoperative TEAS,Sham/no current,participants,33,32,,,,,4,11,INCLUDE,"Numerically extractable in its native endpoint/time/statistic; pooling still requires compatible stratum, comparator and independent-arm selection.",ROB2_RESULT_SPECIFIC_PENDING,,https://drive.google.com/file/d/1lws1zFpIE-wbLY8X9ewYyTuIP-WySa-c/view?usp=drivesdk,Table 3 / postoperative side effects,,-1.042373,0.528541,logRR,Uncorrected log risk ratio,1,,,"Native numeric candidate, not newly pooled: exact outcome definition/time/scale or prespecified arm selection requires a model-specific decision. No automatic pooling of the gap-fill audit."
V33-OD-0051,ZHANG14_TEAS_vs_SHAM_OPIOID24,Zhang 2014,Postoperative opioid dose (native window/unit),Exact cumulative postoperative opioid dose,0-24 h,0-24h,Not reported,TEAS,Sham,Preoperative TEAS,Sham/no current,mg/µg,33,32,,,,,,,NOT REPORTED,Accessed source does not supply the requested numerical result.,ROB2_RESULT_SPECIFIC_PENDING,,https://drive.google.com/file/d/1lws1zFpIE-wbLY8X9ewYyTuIP-WySa-c/view?usp=drivesdk,Postoperative analgesic section,,,,,,1,,,Accessed source does not supply the requested numerical result.
V33-OD-0053,YANG24_EA_vs_UC_FLATUS,Yang 2024,GI — first flatus,Time to first flatus,Postoperative,postoperative,Mean/SD,EA,Usual care,Perioperative EA + usual care,Usual care,hours,90,90,15.4,3.2,17,3.7,,,INCLUDE,"Numerically extractable in its native endpoint/time/statistic; pooling still requires compatible stratum, comparator and independent-arm selection.",ROB2_RESULT_SPECIFIC_PENDING,,https://drive.google.com/file/d/160N3psd5tLEphwXHJzUEZ3uJfaIXcs5V/view?usp=drivesdk,Table 2 / primary first-flatus outcome,,-1.6,0.515644,MD,Native MD; no pooled interpretation without compatible model.,1,-0.460604,0.151035,"Native numeric candidate, not newly pooled: exact outcome definition/time/scale or prespecified arm selection requires a model-specific decision. No automatic pooling of the gap-fill audit."
V33-OD-0055,YANG24_EA_vs_UC_VOMIT,Yang 2024,Vomiting,Postoperative vomiting,Within 72 h,within 72h,Events/total,EA,Usual care,Perioperative EA + usual care,Usual care,participants,90,90,,,,,12,25,INCLUDE,"Numerically extractable in its native endpoint/time/statistic; pooling still requires compatible stratum, comparator and independent-arm selection.",ROB2_RESULT_SPECIFIC_PENDING,,https://drive.google.com/file/d/160N3psd5tLEphwXHJzUEZ3uJfaIXcs5V/view?usp=drivesdk,Secondary outcomes / PONV,,-0.733969,0.31798,logRR,Uncorrected log risk ratio,1,,,"Native numeric candidate, not newly pooled: exact outcome definition/time/scale or prespecified arm selection requires a model-specific decision. No automatic pooling of the gap-fill audit."
V33-OD-0056,XIONG21_TEAS_vs_CTRL_PONV48,Xiong 2021,PONV composite,Any PONV,Within 48 h,within 48h,Events/total,TEAS,CONTROL_TYPE_REVIEW_REQUIRED,TEAS + dexamethasone + tropisetron,Dexamethasone + tropisetron,participants,31,31,,,,,13,24,INCLUDE,"Numerically extractable in its native endpoint/time/statistic; pooling still requires compatible stratum, comparator and independent-arm selection.",EXISTING_RESULT_SPECIFIC: Some concerns,,https://drive.google.com/file/d/1sNaquYeWpsts7_e3XYP9c0CwM-tbQS6T/view?usp=drivesdk,Abstract / 48-h PONV result,,-0.613104,0.232537,logRR,Uncorrected log risk ratio,1,,,"Native numeric candidate, not newly pooled: exact outcome definition/time/scale or prespecified arm selection requires a model-specific decision. No automatic pooling of the gap-fill audit."
V33-OD-0057,XIONG21_TEAS_vs_CTRL_CIPONV,Xiong 2021,PONV composite,Clinically important PONV,Within 48 h,within 48h,Events/total,TEAS,CONTROL_TYPE_REVIEW_REQUIRED,TEAS + dexamethasone + tropisetron,Dexamethasone + tropisetron,participants,31,31,,,,,5,15,INCLUDE,"Numerically extractable in its native endpoint/time/statistic; pooling still requires compatible stratum, comparator and independent-arm selection.",ROB2_RESULT_SPECIFIC_PENDING,,https://drive.google.com/file/d/1sNaquYeWpsts7_e3XYP9c0CwM-tbQS6T/view?usp=drivesdk,Abstract / clinically important PONV,,-1.098612,0.449612,logRR,Uncorrected log risk ratio,1,,,"Native numeric candidate, not newly pooled: exact outcome definition/time/scale or prespecified arm selection requires a model-specific decision. No automatic pooling of the gap-fill audit."
V33-OD-0058,XIONG21_TEAS_vs_CTRL_RESCUEAE,Xiong 2021,Rescue antiemetic,Any rescue antiemetic medication,Within 48 h,within 48h,Events/total,TEAS,CONTROL_TYPE_REVIEW_REQUIRED,TEAS + dexamethasone + tropisetron,Dexamethasone + tropisetron,participants,31,31,,,,,9,18,INCLUDE,"Numerically extractable in its native endpoint/time/statistic; pooling still requires compatible stratum, comparator and independent-arm selection.",ROB2_RESULT_SPECIFIC_PENDING,,https://drive.google.com/file/d/1sNaquYeWpsts7_e3XYP9c0CwM-tbQS6T/view?usp=drivesdk,Abstract / rescue antiemetic result,,-0.693147,0.31961,logRR,Uncorrected log risk ratio,1,,,"Native numeric candidate, not newly pooled: exact outcome definition/time/scale or prespecified arm selection requires a model-specific decision. No automatic pooling of the gap-fill audit."
V33-OD-0059,XIONG21_TEAS_vs_CTRL_POSTOPMME,Xiong 2021,Postoperative opioid dose (native window/unit),Postoperative opioid consumption,Postoperative window unclear,AMBIGUOUS,Mean/SD,TEAS,CONTROL_TYPE_REVIEW_REQUIRED,TEAS + dexamethasone + tropisetron,Dexamethasone + tropisetron,mg morphine-equivalent/kg,31,31,0.6,0.2,0.6,0.1,,,HOLD,"Unresolved source statistic, denominator or timepoint.",ROB2_RESULT_SPECIFIC_PENDING,,https://drive.google.com/file/d/1sNaquYeWpsts7_e3XYP9c0CwM-tbQS6T/view?usp=drivesdk,Table 1 / postoperative opioid consumption,,,,,,1,,,"Unresolved source statistic, denominator or timepoint."
V33-OD-0060,XIONG21_TEAS_vs_CTRL_OPIOID24,Xiong 2021,Postoperative opioid dose (native window/unit),Exact cumulative postoperative opioid dose,0-24 h,0-24h,Not reported,TEAS,CONTROL_TYPE_REVIEW_REQUIRED,TEAS + dexamethasone + tropisetron,Dexamethasone + tropisetron,mg morphine-equivalent/kg,31,31,,,,,,,NOT REPORTED,Accessed source does not supply the requested numerical result.,ROB2_RESULT_SPECIFIC_PENDING,,https://drive.google.com/file/d/1sNaquYeWpsts7_e3XYP9c0CwM-tbQS6T/view?usp=drivesdk,Exact 24-h endpoint absent,,,,,,1,,,Accessed source does not supply the requested numerical result.
V33-OD-0062,XING22_NTG_vs_NG_FLATUS,Xing 2022,GI — first flatus,Time to first flatus,Postoperative,postoperative,Mean/SD,TEAS,Sham,TEAS + active TAPB,Sham TEAS + active TAPB,hours,29,29,32.57,6.94,36.83,6.19,,,INCLUDE,"Numerically extractable in its native endpoint/time/statistic; pooling still requires compatible stratum, comparator and independent-arm selection.",ROB2_RESULT_SPECIFIC_PENDING,,https://drive.google.com/file/d/1h3IGpQ56nSh7H16xBEVyTzCBkWOXRSxK/view?usp=drivesdk,Postoperative recovery results,,-4.26,1.726864,MD,Native MD; no pooled interpretation without compatible model.,1,-0.639124,0.269234,"Native numeric candidate, not newly pooled: exact outcome definition/time/scale or prespecified arm selection requires a model-specific decision. No automatic pooling of the gap-fill audit."
V33-OD-0063,XING22_NTG_vs_NG_PONV,Xing 2022,PONV composite,PONV incidence,Postoperative,postoperative,Events/total,TEAS,Sham,TEAS + active TAPB,Sham TEAS + active TAPB,participants,29,29,,,,,5,11,INCLUDE,"Numerically extractable in its native endpoint/time/statistic; pooling still requires compatible stratum, comparator and independent-arm selection.",ROB2_RESULT_SPECIFIC_PENDING,,https://drive.google.com/file/d/1h3IGpQ56nSh7H16xBEVyTzCBkWOXRSxK/view?usp=drivesdk,Postoperative complications,,-0.788457,0.471109,logRR,Uncorrected log risk ratio,1,,,"Native numeric candidate, not newly pooled: exact outcome definition/time/scale or prespecified arm selection requires a model-specific decision. No automatic pooling of the gap-fill audit."
V33-OD-0064,XING22_NTG_vs_NG_RESTVAS24,Xing 2022,Pain — rest,Rest pain VAS,24 h,24 h point,Mean/SD,TEAS,Sham,TEAS + active TAPB,Sham TEAS + active TAPB,VAS 0-10,29,29,1.18,0.42,1.4,0.52,,,INCLUDE,"Numerically extractable in its native endpoint/time/statistic; pooling still requires compatible stratum, comparator and independent-arm selection.",ROB2_RESULT_SPECIFIC_PENDING,,https://drive.google.com/file/d/1h3IGpQ56nSh7H16xBEVyTzCBkWOXRSxK/view?usp=drivesdk,24-h pain result,,-0.22,0.124125,MD,Native MD; no pooled interpretation without compatible model.,1,-0.459197,0.266051,"Native numeric candidate, not newly pooled: exact outcome definition/time/scale or prespecified arm selection requires a model-specific decision. No automatic pooling of the gap-fill audit."
V33-OD-0065,XING22_NTG_vs_NG_PRESS,Xing 2022,PCA/PCIA button presses,PCIA pump press count,48-h / 2-day PCIA period,48-h / 2-day pcia period,Mean/SD,TEAS,Sham,TEAS + active TAPB,Sham TEAS + active TAPB,presses,29,29,6.55,3.19,9.97,3.8,,,INCLUDE,"Numerically extractable in its native endpoint/time/statistic; pooling still requires compatible stratum, comparator and independent-arm selection.",ROB2_RESULT_SPECIFIC_PENDING,,https://drive.google.com/file/d/1h3IGpQ56nSh7H16xBEVyTzCBkWOXRSxK/view?usp=drivesdk,Table 3 / PCIA press count,,-3.42,0.92132,MD,Native MD; no pooled interpretation without compatible model.,1,-0.961721,0.277379,"Native numeric candidate, not newly pooled: exact outcome definition/time/scale or prespecified arm selection requires a model-specific decision. No automatic pooling of the gap-fill audit."
V33-OD-0066,XING22_NTG_vs_NG_OPIOID24,Xing 2022,Postoperative opioid dose (native window/unit),Exact cumulative postoperative sufentanil delivered,0-24 h,0-24h,Not reported,TEAS,Sham,TEAS + active TAPB,Sham TEAS + active TAPB,µg sufentanil,29,29,,,,,,,NOT REPORTED,Accessed source does not supply the requested numerical result.,ROB2_RESULT_SPECIFIC_PENDING,,https://drive.google.com/file/d/1h3IGpQ56nSh7H16xBEVyTzCBkWOXRSxK/view?usp=drivesdk,Exact 24-h endpoint absent,,,,,,1,,,Accessed source does not supply the requested numerical result.
V33-OD-0067,XIE14_EAS_vs_SHAM_TOTALSUF,Xie 2014,Postoperative opioid dose (native window/unit),Total postoperative/perioperative sufentanil,Study PCA period; exact fixed window unclear,AMBIGUOUS,Mean/SD,MODALITY_REVIEW_REQUIRED,Sham,Active EAS PC4/PC6,Sham needling PC4/PC6,µg sufentanil,20,20,115,6,133,7,,,HOLD,"Unresolved source statistic, denominator or timepoint.",EXISTING_RESULT_SPECIFIC: Some concerns,,https://drive.google.com/file/d/17faY_h0rMJTuhjPOC5PL_S59jYmHDPee/view?usp=drivesdk,Table 2 / total sufentanil,,,,,,1,,,"Unresolved source statistic, denominator or timepoint."
V33-OD-0068,XIE14_EAS_vs_CONTROL_TOTALSUF,Xie 2014,Postoperative opioid dose (native window/unit),Total postoperative/perioperative sufentanil,Study PCA period; exact fixed window unclear,AMBIGUOUS,Mean/SD,MODALITY_REVIEW_REQUIRED,CONTROL_TYPE_REVIEW_REQUIRED,Active EAS PC4/PC6,General-anesthesia control,µg sufentanil,20,20,115,6,134,5.9,,,HOLD,"Unresolved source statistic, denominator or timepoint.",EXISTING_RESULT_SPECIFIC: Some concerns,,https://drive.google.com/file/d/17faY_h0rMJTuhjPOC5PL_S59jYmHDPee/view?usp=drivesdk,Table 2 / total sufentanil,,,,,,1,,,"Unresolved source statistic, denominator or timepoint."
V33-OD-0069,XIE14_EAS_vs_SHAM_PCADEMAND,Xie 2014,Postoperative opioid dose (native window/unit),Patient-controlled analgesia demand count,Study PCA period,study pca period,Mean/SD,MODALITY_REVIEW_REQUIRED,Sham,Active EAS PC4/PC6,Sham needling PC4/PC6,demands,20,20,16,3,43,3,,,INCLUDE,"Numerically extractable in its native endpoint/time/statistic; pooling still requires compatible stratum, comparator and independent-arm selection.",ROB2_RESULT_SPECIFIC_PENDING,,https://drive.google.com/file/d/17faY_h0rMJTuhjPOC5PL_S59jYmHDPee/view?usp=drivesdk,Table 2 / patient demand,,-27,0.948683,MD,Native MD; no pooled interpretation without compatible model.,1,-8.821192,1.035697,"Native numeric candidate, not newly pooled: exact outcome definition/time/scale or prespecified arm selection requires a model-specific decision. No automatic pooling of the gap-fill audit."
V33-OD-0070,XIE14_EAS_vs_SHAM_OPIOID24,Xie 2014,Postoperative opioid dose (native window/unit),Exact cumulative postoperative sufentanil,0-24 h,0-24h,Not reported,MODALITY_REVIEW_REQUIRED,Sham,Active EAS PC4/PC6,Sham needling PC4/PC6,µg sufentanil,20,20,,,,,,,NOT REPORTED,Accessed source does not supply the requested numerical result.,ROB2_RESULT_SPECIFIC_PENDING,,https://drive.google.com/file/d/17faY_h0rMJTuhjPOC5PL_S59jYmHDPee/view?usp=drivesdk,Exact 24-h endpoint absent,,,,,,1,,,Accessed source does not supply the requested numerical result.
V33-OD-0071,WU22_PTEAS_vs_CTRL_PAINPOD1,Wu 2022,Pain — unspecified context,VAS pain intensity,POD1,pod1,Mean/SD,TEAS,Sham,Perioperative pTEAS,No-current control,VAS 0-10,44,40,1.77,0.91,2.25,0.71,,,INCLUDE,"Numerically extractable in its native endpoint/time/statistic; pooling still requires compatible stratum, comparator and independent-arm selection.",EXISTING_RESULT_SPECIFIC: High,,https://drive.google.com/file/d/1XR_8qmeHR7ulwV7NaaI0CeYbpwKdc_ym/view?usp=drivesdk,Table 3 / POD1 pain,,-0.48,0.177265,MD,Native MD; no pooled interpretation without compatible model.,1,-0.579306,0.222991,"Native numeric candidate, not newly pooled: exact outcome definition/time/scale or prespecified arm selection requires a model-specific decision. No automatic pooling of the gap-fill audit."
V33-OD-0073,WU22_PTEAS_vs_CTRL_REMIINDEX,Wu 2022,Intraoperative opioid,Remifentanil dose index,Intraoperative,intraoperative,Mean/SD,TEAS,Sham,Perioperative pTEAS,No-current control,µg/min/kg,44,40,0.084,0.018,0.114,0.09,,,INCLUDE,"Numerically extractable in its native endpoint/time/statistic; pooling still requires compatible stratum, comparator and independent-arm selection.",ROB2_RESULT_SPECIFIC_PENDING,,https://drive.google.com/file/d/1XR_8qmeHR7ulwV7NaaI0CeYbpwKdc_ym/view?usp=drivesdk,Table 2 / remifentanil index,,-0.03,0.014487,MD,Native MD; no pooled interpretation without compatible model.,1,-0.468683,0.221438,"Native numeric candidate, not newly pooled: exact outcome definition/time/scale or prespecified arm selection requires a model-specific decision. No automatic pooling of the gap-fill audit."
V33-OD-0074,WU22_PTEAS_vs_CTRL_OPIOID24,Wu 2022,Postoperative opioid dose (native window/unit),Exact cumulative postoperative opioid consumption,0-24 h,0-24h,Not reported,TEAS,Sham,Perioperative pTEAS,No-current control,mg/µg,44,40,,,,,,,NOT REPORTED,Accessed source does not supply the requested numerical result.,ROB2_RESULT_SPECIFIC_PENDING,,https://drive.google.com/file/d/1XR_8qmeHR7ulwV7NaaI0CeYbpwKdc_ym/view?usp=drivesdk,Postoperative analgesia section,,,,,,1,,,Accessed source does not supply the requested numerical result.
V33-OD-0075,WU25_TEAS_vs_SHAM_VAS24,Wu 2025,Pain — unspecified context,VAS pain intensity,24 h,24 h point,Mean/SD,TEAS,Sham,PACU TEAS,Sham/no current,VAS 0-10,50,50,1.7,0.9,4,1.4,,,INCLUDE,"Numerically extractable in its native endpoint/time/statistic; pooling still requires compatible stratum, comparator and independent-arm selection.",EXISTING_RESULT_SPECIFIC: High,,https://drive.google.com/file/d/1ZV6JFjevGSPqnISdX61KPdcC_yEtq3vf/view?usp=drivesdk,Table 2 / primary 24-h VAS,,-2.3,0.235372,MD,Native MD; no pooled interpretation without compatible model.,1,-1.939358,0.242499,"Native numeric candidate, not newly pooled: exact outcome definition/time/scale or prespecified arm selection requires a model-specific decision. No automatic pooling of the gap-fill audit."
V33-OD-0076,WU25_TEAS_vs_SHAM_MODPAIN12,Wu 2025,Pain — unspecified context,Moderate-to-severe pain (VAS >4),Within 12 h,within 12h,Events/total,TEAS,Sham,PACU TEAS,Sham/no current,participants,50,50,,,,,6,37,INCLUDE,"Numerically extractable in its native endpoint/time/statistic; pooling still requires compatible stratum, comparator and independent-arm selection.",ROB2_RESULT_SPECIFIC_PENDING,,https://drive.google.com/file/d/1ZV6JFjevGSPqnISdX61KPdcC_yEtq3vf/view?usp=drivesdk,Moderate-to-severe pain outcome,,-1.819158,0.392038,logRR,Uncorrected log risk ratio,1,,,"Native numeric candidate, not newly pooled: exact outcome definition/time/scale or prespecified arm selection requires a model-specific decision. No automatic pooling of the gap-fill audit."
V33-OD-0077,WU25_TEAS_vs_SHAM_INTRAOPSUF,Wu 2025,Intraoperative opioid,Sufentanil consumption,Intraoperative,intraoperative,Mean/SD,TEAS,Sham,PACU TEAS,Sham/no current,µg sufentanil,50,50,24.2,9.5,24.3,10.9,,,EXCLUDE,Intraoperative dose precedes PACU randomization/intervention; baseline covariate.,ROB2_RESULT_SPECIFIC_PENDING,,https://drive.google.com/file/d/1ZV6JFjevGSPqnISdX61KPdcC_yEtq3vf/view?usp=drivesdk,Table 1 / sufentanil,,,,,,1,,,Intraoperative dose precedes PACU randomization/intervention; baseline covariate.
V33-OD-0078,WU25_TEAS_vs_SHAM_INTRAOPREMI,Wu 2025,Intraoperative opioid,Remifentanil consumption,Intraoperative,intraoperative,Mean/SD,TEAS,Sham,PACU TEAS,Sham/no current,µg remifentanil,50,50,489.4,226,533.8,263.6,,,EXCLUDE,Intraoperative dose precedes PACU randomization/intervention; baseline covariate.,ROB2_RESULT_SPECIFIC_PENDING,,https://drive.google.com/file/d/1ZV6JFjevGSPqnISdX61KPdcC_yEtq3vf/view?usp=drivesdk,Table 1 / remifentanil,,,,,,1,,,Intraoperative dose precedes PACU randomization/intervention; baseline covariate.
V33-OD-0079,WU25_TEAS_vs_SHAM_OPIOID24,Wu 2025,Postoperative opioid dose (native window/unit),Exact postoperative opioid/MME consumption,0-24 h,0-24h,Not calculable,TEAS,Sham,PACU TEAS,Sham/no current,MME,50,50,,,,,,,HOLD,Nonstandard or incomplete statistic; no inferred quantities.,ROB2_RESULT_SPECIFIC_PENDING,,https://drive.google.com/file/d/1ZV6JFjevGSPqnISdX61KPdcC_yEtq3vf/view?usp=drivesdk,Postoperative rescue-analgesia section,,,,,,1,,,Nonstandard or incomplete statistic; no inferred quantities.
V33-OD-0080,WANG23_TEAS_vs_SHAM_SLEEPD1,Wang 2023,Sleep quality,PSQI and AIS postoperative sleep quality,POD1,pod1,Graph-only continuous data,TEAS,Sham,Nighttime TEAS,Sham/no current,PSQI/AIS points,40,43,,,,,,,GRAPH ONLY,No new graph digitization; historical digitized data require their original validation before pooling.,ROB2_RESULT_SPECIFIC_PENDING,,https://drive.google.com/file/d/177A4aH42GD90DhsvvtD-VOBSChBBpIWL/view?usp=drivesdk,"Figure 3, p8",,,,,,1,,,No new graph digitization; historical digitized data require their original validation before pooling.
V33-OD-0081,WANG23_TEAS_vs_SHAM_RESCUEDOSE,Wang 2023,Rescue analgesia — drug class unresolved,Cumulative number of additional rescue-analgesia doses,0-72 h,0-72h,Mean/SD,TEAS,Sham,Nighttime TEAS,Sham/no current,rescue doses,40,43,0.53,0.55,0.98,0.96,,,INCLUDE,"Numerically extractable in its native endpoint/time/statistic; pooling still requires compatible stratum, comparator and independent-arm selection.",ROB2_RESULT_SPECIFIC_PENDING,,https://drive.google.com/file/d/177A4aH42GD90DhsvvtD-VOBSChBBpIWL/view?usp=drivesdk,Table 2 / rescue analgesia,,-0.45,0.170279,MD,Native MD; no pooled interpretation without compatible model.,1,-0.564594,0.224,"Native numeric candidate, not newly pooled: exact outcome definition/time/scale or prespecified arm selection requires a model-specific decision. No automatic pooling of the gap-fill audit."
V33-OD-0082,WANG23_TEAS_vs_SHAM_FLATUS,Wang 2023,GI — first flatus,Time to first flatus,Postoperative,postoperative,Mean/SD,TEAS,Sham,Nighttime TEAS,Sham/no current,hours,40,43,54.57,16.62,60.7,19.1,,,INCLUDE,"Numerically extractable in its native endpoint/time/statistic; pooling still requires compatible stratum, comparator and independent-arm selection.",ROB2_RESULT_SPECIFIC_PENDING,,https://drive.google.com/file/d/177A4aH42GD90DhsvvtD-VOBSChBBpIWL/view?usp=drivesdk,Table 1 / postoperative first flatus,,-6.13,3.922953,MD,Native MD; no pooled interpretation without compatible model.,1,-0.338356,0.221236,"Native numeric candidate, not newly pooled: exact outcome definition/time/scale or prespecified arm selection requires a model-specific decision. No automatic pooling of the gap-fill audit."
V33-OD-0083,WANG23_TEAS_vs_SHAM_PAIN24,Wang 2023,Pain — movement/activity,Activity pain VAS,24 h,24 h point,Graph-only mean/SD,TEAS,Sham,Nighttime TEAS,Sham/no current,VAS 0-10,40,43,,,,,,,GRAPH ONLY,No new graph digitization; historical digitized data require their original validation before pooling.,ROB2_RESULT_SPECIFIC_PENDING,,https://drive.google.com/file/d/177A4aH42GD90DhsvvtD-VOBSChBBpIWL/view?usp=drivesdk,"Figure 4, p8",,,,,,1,,,No new graph digitization; historical digitized data require their original validation before pooling.
V33-OD-0084,WANG23_TEAS_vs_SHAM_OPIOID24,Wang 2023,Postoperative opioid dose (native window/unit),Exact cumulative postoperative opioid dose,0-24 h,0-24h,Not reported,TEAS,Sham,Nighttime TEAS,Sham/no current,mg/µg,40,43,,,,,,,NOT REPORTED,Accessed source does not supply the requested numerical result.,ROB2_RESULT_SPECIFIC_PENDING,,https://drive.google.com/file/d/177A4aH42GD90DhsvvtD-VOBSChBBpIWL/view?usp=drivesdk,Postoperative analgesia outcomes,,,,,,1,,,Accessed source does not supply the requested numerical result.
V33-OD-0085,WANG24_SNVP_ODT_vs_OD_PONV6_12,Wang 2024,PONV composite,PONV incidence,6-12 h,6-12h,Events/total,TEAS,CONTROL_TYPE_REVIEW_REQUIRED,SNVP: ondansetron+dexamethasone+TEAS,SNVP: ondansetron+dexamethasone,participants,33,35,,,,,7,16,INCLUDE,"Numerically extractable in its native endpoint/time/statistic; pooling still requires compatible stratum, comparator and independent-arm selection.",EXISTING_RESULT_SPECIFIC: High,,https://drive.google.com/file/d/1U8tkq6mKFO0IkA2glfgLjN4Krwku3FZn/view?usp=drivesdk,Table 3 / SNVP randomized contrast,,-0.767838,0.382731,logRR,Uncorrected log risk ratio,1,,,"Native numeric candidate, not newly pooled: exact outcome definition/time/scale or prespecified arm selection requires a model-specific decision. No automatic pooling of the gap-fill audit."
V33-OD-0086,WANG24_SNVP_ODT_vs_OD_PONV12_24,Wang 2024,PONV composite,PONV incidence,12-24 h,12-24h,Events/total,TEAS,CONTROL_TYPE_REVIEW_REQUIRED,SNVP: ondansetron+dexamethasone+TEAS,SNVP: ondansetron+dexamethasone,participants,33,35,,,,,2,11,INCLUDE,"Numerically extractable in its native endpoint/time/statistic; pooling still requires compatible stratum, comparator and independent-arm selection.",EXISTING_RESULT_SPECIFIC: High,,https://drive.google.com/file/d/1U8tkq6mKFO0IkA2glfgLjN4Krwku3FZn/view?usp=drivesdk,Table 3 / SNVP randomized contrast,,-1.645908,0.729407,logRR,Uncorrected log risk ratio,1,,,"Native numeric candidate, not newly pooled: exact outcome definition/time/scale or prespecified arm selection requires a model-specific decision. No automatic pooling of the gap-fill audit."
V33-OD-0087,WANG24_SNVP_ODT_vs_OD_TOTALPONV,Wang 2024,PONV composite,Any PONV over reported follow-up,0-36 h,0-36h,Events/total,TEAS,CONTROL_TYPE_REVIEW_REQUIRED,SNVP: ondansetron+dexamethasone+TEAS,SNVP: ondansetron+dexamethasone,participants,33,35,,,,,14,20,INCLUDE,"Numerically extractable in its native endpoint/time/statistic; pooling still requires compatible stratum, comparator and independent-arm selection.",ROB2_RESULT_SPECIFIC_PENDING,,https://drive.google.com/file/d/1U8tkq6mKFO0IkA2glfgLjN4Krwku3FZn/view?usp=drivesdk,Table 3 / total PONV,,-0.297834,0.250108,logRR,Uncorrected log risk ratio,1,,,"Native numeric candidate, not newly pooled: exact outcome definition/time/scale or prespecified arm selection requires a model-specific decision. No automatic pooling of the gap-fill audit."
V33-OD-0088,WANG24_MNVP_ODT_vs_OD_PONV0_2,Wang 2024,PONV composite,PONV incidence,0-2 h,0-2h,Events/total,TEAS,CONTROL_TYPE_REVIEW_REQUIRED,MNVP: ondansetron+dexamethasone+TEAS,MNVP: ondansetron+dexamethasone,participants,35,35,,,,,2,9,INCLUDE,"Numerically extractable in its native endpoint/time/statistic; pooling still requires compatible stratum, comparator and independent-arm selection.",EXISTING_RESULT_SPECIFIC: High,,https://drive.google.com/file/d/1U8tkq6mKFO0IkA2glfgLjN4Krwku3FZn/view?usp=drivesdk,Table 3 / MNVP randomized contrast,,-1.504077,0.74429,logRR,Uncorrected log risk ratio,1,,,"Native numeric candidate, not newly pooled: exact outcome definition/time/scale or prespecified arm selection requires a model-specific decision. No automatic pooling of the gap-fill audit."
V33-OD-0089,WANG24_MNVP_ODT_vs_OD_PONV2_6,Wang 2024,PONV composite,PONV incidence,2-6 h,2-6h,Events/total,TEAS,CONTROL_TYPE_REVIEW_REQUIRED,MNVP: ondansetron+dexamethasone+TEAS,MNVP: ondansetron+dexamethasone,participants,35,35,,,,,2,8,INCLUDE,"Numerically extractable in its native endpoint/time/statistic; pooling still requires compatible stratum, comparator and independent-arm selection.",EXISTING_RESULT_SPECIFIC: High,,https://drive.google.com/file/d/1U8tkq6mKFO0IkA2glfgLjN4Krwku3FZn/view?usp=drivesdk,Table 3 / MNVP randomized contrast,,-1.386294,0.753563,logRR,Uncorrected log risk ratio,1,,,"Native numeric candidate, not newly pooled: exact outcome definition/time/scale or prespecified arm selection requires a model-specific decision. No automatic pooling of the gap-fill audit."
V33-OD-0090,WANG24_MNVP_ODT_vs_OD_TOTALPONV,Wang 2024,PONV composite,Any PONV over reported follow-up,0-36 h,0-36h,Events/total,TEAS,CONTROL_TYPE_REVIEW_REQUIRED,MNVP: ondansetron+dexamethasone+TEAS,MNVP: ondansetron+dexamethasone,participants,35,35,,,,,5,10,INCLUDE,"Numerically extractable in its native endpoint/time/statistic; pooling still requires compatible stratum, comparator and independent-arm selection.",ROB2_RESULT_SPECIFIC_PENDING,,https://drive.google.com/file/d/1U8tkq6mKFO0IkA2glfgLjN4Krwku3FZn/view?usp=drivesdk,Table 3 / total PONV,,-0.693147,0.492805,logRR,Uncorrected log risk ratio,1,,,"Native numeric candidate, not newly pooled: exact outcome definition/time/scale or prespecified arm selection requires a model-specific decision. No automatic pooling of the gap-fill audit."
V33-OD-0093,WANG24_POSTOP_OPIOID24,Wang 2024,Postoperative opioid dose (native window/unit),Postoperative opioid consumption,0-24 h,0-24h,Not reported,TEAS,CONTROL_TYPE_REVIEW_REQUIRED,TEAS within risk strata,OD within risk strata,mg/µg,,,,,,,,,NOT REPORTED,Accessed source does not supply the requested numerical result.,ROB2_RESULT_SPECIFIC_PENDING,,https://drive.google.com/file/d/1U8tkq6mKFO0IkA2glfgLjN4Krwku3FZn/view?usp=drivesdk,Postoperative analgesia section,,,,,,1,,,Accessed source does not supply the requested numerical result.
V33-OD-0094,TU24_TEAS_vs_SHAM_VOMIT2_6,Tu 2024,Vomiting,Vomiting incidence,2-6 h,2-6h,Events/total,TEAS,Sham,Postoperative TEAS,Sham/no current,participants,57,58,,,,,8,17,INCLUDE,"Numerically extractable in its native endpoint/time/statistic; pooling still requires compatible stratum, comparator and independent-arm selection.",EXISTING_RESULT_SPECIFIC: High,,https://drive.google.com/file/d/1xQ9SbXVZblphUrb0-T9xpnAXk-_z5nBX/view?usp=drivesdk,Table 3 / vomiting 2-6 h,,-0.73638,0.386055,logRR,Uncorrected log risk ratio,1,,,"Native numeric candidate, not newly pooled: exact outcome definition/time/scale or prespecified arm selection requires a model-specific decision. No automatic pooling of the gap-fill audit."
V33-OD-0095,TU24_TEAS_vs_SHAM_VOMIT6_24,Tu 2024,Vomiting,Vomiting incidence,6-24 h,6-24h,Events/total,TEAS,Sham,Postoperative TEAS,Sham/no current,participants,57,58,,,,,11,15,INCLUDE,"Numerically extractable in its native endpoint/time/statistic; pooling still requires compatible stratum, comparator and independent-arm selection.",EXISTING_RESULT_SPECIFIC: High,,https://drive.google.com/file/d/1xQ9SbXVZblphUrb0-T9xpnAXk-_z5nBX/view?usp=drivesdk,Table 3 / vomiting 6-24 h,,-0.292763,0.350415,logRR,Uncorrected log risk ratio,1,,,"Native numeric candidate, not newly pooled: exact outcome definition/time/scale or prespecified arm selection requires a model-specific decision. No automatic pooling of the gap-fill audit."
V33-OD-0096,TU24_TEAS_vs_SHAM_PAIN6_24,Tu 2024,Pain — unspecified context,VAS pain intensity,6-24 h,6-24h,Median/IQR,TEAS,Sham,Postoperative TEAS,Sham/no current,VAS 0-10,57,58,,,,,,,NARRATIVE ONLY,Median and original dispersion preserved; no mean/SD conversion or MD pooling.,ROB2_RESULT_SPECIFIC_PENDING,,https://drive.google.com/file/d/1xQ9SbXVZblphUrb0-T9xpnAXk-_z5nBX/view?usp=drivesdk,Pain outcome 6-24 h,,,,,,1,,,Median and original dispersion preserved; no mean/SD conversion or MD pooling.
V33-OD-0097,TU24_TEAS_vs_SHAM_TRAMADOL,Tu 2024,Rescue opioid use,Any rescue tramadol use,6–24 h,6-24h,Events/total,TEAS,Sham,Postoperative TEAS,Sham/no current,participants,57,58,,,,,3,6,INCLUDE,"Numerically extractable in its native endpoint/time/statistic; pooling still requires compatible stratum, comparator and independent-arm selection.",ROB2_RESULT_SPECIFIC_PENDING,,https://drive.google.com/file/d/1xQ9SbXVZblphUrb0-T9xpnAXk-_z5nBX/view?usp=drivesdk,"Table 4 / rescue tramadol, 6–24 h",,-0.675755,0.682067,logRR,Uncorrected log risk ratio,1,,,Corrected source window 6–24 h; removed from cumulative 0–24 h rescue model.
V33-OD-0098,TU24_TEAS_vs_SHAM_OPIOID24,Tu 2024,Rescue opioid frequency / dose (native unit),Cumulative rescue tramadol consumption,0-24 h,0-24h,Not reported,TEAS,Sham,Postoperative TEAS,Sham/no current,mg tramadol,57,58,,,,,,,NOT REPORTED,Accessed source does not supply the requested numerical result.,ROB2_RESULT_SPECIFIC_PENDING,,https://drive.google.com/file/d/1xQ9SbXVZblphUrb0-T9xpnAXk-_z5nBX/view?usp=drivesdk,Rescue analgesia section,,,,,,1,,,Accessed source does not supply the requested numerical result.
V33-OD-0099,SUN17_TSS_vs_SSS_ACTIVITY24,Sun 2017,Pain — movement/activity,Activity-evoked VAS,24 h,24 h point,Median/IQR,TEAS,Sham,Preoperative true TEAS only,All-period sham TEAS (SSS),VAS 0-10,91,90,,,,,,,NARRATIVE ONLY,Median and original dispersion preserved; no mean/SD conversion or MD pooling.,EXISTING_RESULT_SPECIFIC: Some concerns,,https://drive.google.com/file/d/1lELlw0IpkhqoB8OuintAI22fxKfNEcEd/view?usp=drivesdk,"Primary activity-pain outcome, 24 h",,,,,,1,,,Median and original dispersion preserved; no mean/SD conversion or MD pooling.
V33-OD-0100,SUN17_TTS_vs_SSS_ACTIVITY24,Sun 2017,Pain — movement/activity,Activity-evoked VAS,24 h,24 h point,Median/IQR,TEAS,Sham,Preoperative + intraoperative true TEAS,All-period sham TEAS (SSS),VAS 0-10,91,90,,,,,,,NARRATIVE ONLY,Median and original dispersion preserved; no mean/SD conversion or MD pooling.,EXISTING_RESULT_SPECIFIC: Some concerns,,https://drive.google.com/file/d/1lELlw0IpkhqoB8OuintAI22fxKfNEcEd/view?usp=drivesdk,"Primary activity-pain outcome, 24 h",,,,,,1,,,Median and original dispersion preserved; no mean/SD conversion or MD pooling.
V33-OD-0101,SUN17_TST_vs_SSS_ACTIVITY24,Sun 2017,Pain — movement/activity,Activity-evoked VAS,24 h,24 h point,Median/IQR,TEAS,Sham,Preoperative + postoperative true TEAS,All-period sham TEAS (SSS),VAS 0-10,89,90,,,,,,,NARRATIVE ONLY,Median and original dispersion preserved; no mean/SD conversion or MD pooling.,EXISTING_RESULT_SPECIFIC: Some concerns,,https://drive.google.com/file/d/1lELlw0IpkhqoB8OuintAI22fxKfNEcEd/view?usp=drivesdk,"Primary activity-pain outcome, 24 h",,,,,,1,,,Median and original dispersion preserved; no mean/SD conversion or MD pooling.
V33-OD-0102,SUN17_TSS_vs_SSS_NSAID48,Sun 2017,Rescue analgesia,Supplemental flurbiprofen axetil requirement,Within 48 h,within 48h,Published percentage,TEAS,Sham,Preoperative true TEAS only,All-period sham TEAS (SSS),11.0% intervention vs 23.3% SSS,91,90,,,,,,,NARRATIVE ONLY,Printed percentage/CI retained; event counts not reverse-engineered.,ROB2_RESULT_SPECIFIC_PENDING,,https://drive.google.com/file/d/1lELlw0IpkhqoB8OuintAI22fxKfNEcEd/view?usp=drivesdk,Table 2 / supplemental analgesic requirement,,,,,,1,,,Printed percentage/CI retained; event counts not reverse-engineered.
V33-OD-0103,SUN17_TTS_vs_SSS_NSAID48,Sun 2017,Rescue analgesia,Supplemental flurbiprofen axetil requirement,Within 48 h,within 48h,Published percentage,TEAS,Sham,Preoperative + intraoperative true TEAS,All-period sham TEAS (SSS),15.4% intervention vs 23.3% SSS,91,90,,,,,,,NARRATIVE ONLY,Printed percentage/CI retained; event counts not reverse-engineered.,ROB2_RESULT_SPECIFIC_PENDING,,https://drive.google.com/file/d/1lELlw0IpkhqoB8OuintAI22fxKfNEcEd/view?usp=drivesdk,Table 2 / supplemental analgesic requirement,,,,,,1,,,Printed percentage/CI retained; event counts not reverse-engineered.
V33-OD-0104,SUN17_TST_vs_SSS_NSAID48,Sun 2017,Rescue analgesia,Supplemental flurbiprofen axetil requirement,Within 48 h,within 48h,Published percentage,TEAS,Sham,Preoperative + postoperative true TEAS,All-period sham TEAS (SSS),7.9% intervention vs 23.3% SSS,89,90,,,,,,,NARRATIVE ONLY,Printed percentage/CI retained; event counts not reverse-engineered.,ROB2_RESULT_SPECIFIC_PENDING,,https://drive.google.com/file/d/1lELlw0IpkhqoB8OuintAI22fxKfNEcEd/view?usp=drivesdk,Table 2 / supplemental analgesic requirement,,,,,,1,,,Printed percentage/CI retained; event counts not reverse-engineered.
V33-OD-0105,SUN17_INTRAOP_MORPH_EQUIV,Sun 2017,Intraoperative opioid,Author-defined intraoperative morphine-equivalent exposure,Intraoperative,intraoperative,Study-defined converted metric,TEAS,Sham,Pre/intraoperative TEAS timing arms,All-period sham TEAS,mg/kg morphine-equivalent,91,90,,,,,,,EXCLUDE,Historical aggregate placeholder superseded by arm-specific rows; not an independent result.,ROB2_RESULT_SPECIFIC_PENDING,,https://drive.google.com/file/d/1lELlw0IpkhqoB8OuintAI22fxKfNEcEd/view?usp=drivesdk,Table 2 / intraoperative anesthetic consumption,,,,,,1,,,Historical aggregate placeholder superseded by arm-specific rows; not an independent result.
V33-OD-0106,SUN17_POSTOP_OPIOID24,Sun 2017,Postoperative opioid dose (native window/unit),Postoperative opioid consumption,0-24 h,0-24h,Not applicable / not reported,TEAS,Sham,True TEAS timing arms,All-period sham TEAS,mg/µg,,,,,,,,,NOT REPORTED,Accessed source does not supply the requested numerical result.,ROB2_RESULT_SPECIFIC_PENDING,,https://drive.google.com/file/d/1lELlw0IpkhqoB8OuintAI22fxKfNEcEd/view?usp=drivesdk,Postoperative analgesia protocol,,,,,,1,,,Accessed source does not supply the requested numerical result.
V33-OD-0107,SIM02_PREOP_vs_PLACEBO_MORPH24,Sim 2002,Postoperative opioid dose (native window/unit),Cumulative postoperative IV PCA morphine,0-24 h,0-24h,Mean/SD,EA,Sham,Preoperative EA,Placebo EA,mg/kg morphine,30,30,0.52,0.19,0.68,0.38,,,INCLUDE,"Numerically extractable in its native endpoint/time/statistic; pooling still requires compatible stratum, comparator and independent-arm selection.",EXISTING_RESULT_SPECIFIC: Some concerns,,https://drive.google.com/file/d/1YsNHL-J3Kgfu8mCanRrNu_bHk_roj0w6/view?usp=drivesdk,Figure 4 / cumulative 24-h morphine,,-0.16,0.077567,MD,Native MD; no pooled interpretation without compatible model.,1,-0.525677,0.26262,"Native numeric candidate, not newly pooled: exact outcome definition/time/scale or prespecified arm selection requires a model-specific decision. No automatic pooling of the gap-fill audit."
V33-OD-0108,SIM02_POSTOP_vs_PLACEBO_MORPH24,Sim 2002,Postoperative opioid dose (native window/unit),Cumulative postoperative IV PCA morphine,0-24 h,0-24h,Mean/SD,EA,Sham,Postoperative EA,Placebo EA,mg/kg morphine,30,30,0.58,0.27,0.68,0.38,,,INCLUDE,"Numerically extractable in its native endpoint/time/statistic; pooling still requires compatible stratum, comparator and independent-arm selection.",EXISTING_RESULT_SPECIFIC: Some concerns,,https://drive.google.com/file/d/1YsNHL-J3Kgfu8mCanRrNu_bHk_roj0w6/view?usp=drivesdk,Figure 4 / cumulative 24-h morphine,,-0.1,0.085108,MD,Native MD; no pooled interpretation without compatible model.,1,-0.299439,0.259642,"Native numeric candidate, not newly pooled: exact outcome definition/time/scale or prespecified arm selection requires a model-specific decision. No automatic pooling of the gap-fill audit."
V33-OD-0109,SIM02_PREOP_vs_PLACEBO_MORPH6_12,Sim 2002,Postoperative opioid dose (native window/unit),Postoperative IV PCA morphine,6-12 h,6-12h,Median/IQR width as printed,EA,Sham,Preoperative EA,Placebo EA,mg/kg morphine,30,30,,,,,,,NARRATIVE ONLY,Median and original dispersion preserved; no mean/SD conversion or MD pooling.,ROB2_RESULT_SPECIFIC_PENDING,,https://drive.google.com/file/d/1YsNHL-J3Kgfu8mCanRrNu_bHk_roj0w6/view?usp=drivesdk,6-12-h morphine interval,,,,,,1,,,Median and original dispersion preserved; no mean/SD conversion or MD pooling.
V33-OD-0110,SIM02_PREOP_vs_PLACEBO_ALFENT,Sim 2002,Intraoperative opioid,Alfentanil requirement rate,Intraoperative,intraoperative,Mean/SD,EA,Sham,Preoperative EA,Placebo EA,µg/kg/min,30,30,0.44,0.15,0.51,0.21,,,INCLUDE,"Numerically extractable in its native endpoint/time/statistic; pooling still requires compatible stratum, comparator and independent-arm selection.",ROB2_RESULT_SPECIFIC_PENDING,,https://drive.google.com/file/d/1YsNHL-J3Kgfu8mCanRrNu_bHk_roj0w6/view?usp=drivesdk,Figure 2 / alfentanil requirement,,-0.07,0.047117,MD,Native MD; no pooled interpretation without compatible model.,1,-0.378616,0.260502,"Native numeric candidate, not newly pooled: exact outcome definition/time/scale or prespecified arm selection requires a model-specific decision. No automatic pooling of the gap-fill audit."
V33-OD-0111,NTRI14_EA_vs_SHAM_TRAMSUM,Ntritsou 2014,Postoperative opioid dose (native window/unit),Total tramadol exposure,Perioperative / first 24 h most consistent with protocol; table does not restate window,perioperative / first 24h most consistent with protocol; table does not restate window,Mean/SD,EA,Sham,Perioperative EA + tramadol/ketamine,Sham + tramadol/ketamine,mg tramadol,35,35,443.7,67.4,461.5,63.2,,,INCLUDE,"Numerically extractable in its native endpoint/time/statistic; pooling still requires compatible stratum, comparator and independent-arm selection.",EXISTING_RESULT_SPECIFIC: High,,https://drive.google.com/file/d/1u_kNuuXF8upB3gJA2aDq8NldYDfhnWy3/view?usp=drivesdk,Table 1 / tramadol sum,,-17.8,15.617755,MD,Native MD; no pooled interpretation without compatible model.,1,-0.269431,0.240128,"Native numeric candidate, not newly pooled: exact outcome definition/time/scale or prespecified arm selection requires a model-specific decision. No automatic pooling of the gap-fill audit."
V33-OD-0113,NTRI14_EA_vs_SHAM_RESCUE,Ntritsou 2014,Rescue analgesia — drug class unresolved,Total rescue analgesia,First 24 h,first 24h,Qualitative / exact quantities unavailable,EA,Sham,Perioperative EA + tramadol/ketamine,Sham + tramadol/ketamine,tramadol 50 mg IV then morphine 2 mg IV as needed,35,35,,,,,,,HOLD,Nonstandard or incomplete statistic; no inferred quantities.,ROB2_RESULT_SPECIFIC_PENDING,,https://drive.google.com/file/d/1u_kNuuXF8upB3gJA2aDq8NldYDfhnWy3/view?usp=drivesdk,Rescue analgesia results,,,,,,1,,,Nonstandard or incomplete statistic; no inferred quantities.
V33-OD-0114,NTRI14_EA_vs_SHAM_MME24,Ntritsou 2014,Postoperative opioid dose (native window/unit),Complete 24-h opioid/MME exposure,0-24 h,0-24h,Not calculable,EA,Sham,Perioperative EA + tramadol/ketamine,Sham + tramadol/ketamine,MME,35,35,,,,,,,HOLD,Nonstandard or incomplete statistic; no inferred quantities.,ROB2_RESULT_SPECIFIC_PENDING,,https://drive.google.com/file/d/1u_kNuuXF8upB3gJA2aDq8NldYDfhnWy3/view?usp=drivesdk,Combined opioid exposure,,,,,,1,,,Nonstandard or incomplete statistic; no inferred quantities.
V33-OD-0116,NG13_EA_vs_NOACU_BOWEL,Ng 2013,GI — first defecation,Time to first bowel motion / defecation,Postoperative,postoperative,Mean/SD,EA,Usual care,Electroacupuncture,No acupuncture,hours,55,55,85.9,36.1,122.1,53.5,,,INCLUDE,"Numerically extractable in its native endpoint/time/statistic; pooling still requires compatible stratum, comparator and independent-arm selection.",ROB2_RESULT_SPECIFIC_PENDING,,https://drive.google.com/file/d/1R1zCiyfWvuSp99Hi2U_K1__8kgdi90gd/view?usp=drivesdk,Primary outcome / first bowel motion,,-36.2,8.702622,MD,Native MD; no pooled interpretation without compatible model.,1,-0.787696,0.197949,"Native numeric candidate, not newly pooled: exact outcome definition/time/scale or prespecified arm selection requires a model-specific decision. No automatic pooling of the gap-fill audit."
V33-OD-0117,NG13_EA_vs_SHAM_FLATUS,Ng 2013,GI — first flatus,Time to first flatus,Postoperative,postoperative,Mean/SD,EA,Sham,Electroacupuncture,Sham acupuncture,days,55,55,2,0.9,2.3,1.1,,,INCLUDE,"Numerically extractable in its native endpoint/time/statistic; pooling still requires compatible stratum, comparator and independent-arm selection.",ROB2_RESULT_SPECIFIC_PENDING,,https://drive.google.com/file/d/1R1zCiyfWvuSp99Hi2U_K1__8kgdi90gd/view?usp=drivesdk,Secondary outcome / first flatus,,-0.3,0.191644,MD,Native MD; no pooled interpretation without compatible model.,1,-0.296433,0.191737,"Native numeric candidate, not newly pooled: exact outcome definition/time/scale or prespecified arm selection requires a model-specific decision. No automatic pooling of the gap-fill audit."
V33-OD-0118,NG13_EA_vs_SHAM_PAINPOD1,Ng 2013,Pain — unspecified context,VAS pain intensity,POD1,pod1,Mean/SD,EA,Sham,Electroacupuncture,Sham acupuncture,VAS 0-10,55,55,5.6,2,5.8,1.9,,,INCLUDE,"Numerically extractable in its native endpoint/time/statistic; pooling still requires compatible stratum, comparator and independent-arm selection.",ROB2_RESULT_SPECIFIC_PENDING,,https://drive.google.com/file/d/1R1zCiyfWvuSp99Hi2U_K1__8kgdi90gd/view?usp=drivesdk,Pain outcome / POD1,,-0.2,0.371973,MD,Native MD; no pooled interpretation without compatible model.,1,-0.101817,0.190816,"Native numeric candidate, not newly pooled: exact outcome definition/time/scale or prespecified arm selection requires a model-specific decision. No automatic pooling of the gap-fill audit."
V33-OD-0119,NG13_EA_vs_SHAM_PETHCOUNT,Ng 2013,Postoperative opioid dose (native window/unit),Number of postoperative pethidine injections,Postoperative; exact window NR,postoperative; exact window nr,Mean/SD,EA,Sham,Electroacupuncture,Sham acupuncture,number of injections,55,55,2.7,2.3,5.2,4.7,,,INCLUDE,"Numerically extractable in its native endpoint/time/statistic; pooling still requires compatible stratum, comparator and independent-arm selection.",ROB2_RESULT_SPECIFIC_PENDING,,https://drive.google.com/file/d/1R1zCiyfWvuSp99Hi2U_K1__8kgdi90gd/view?usp=drivesdk,Analgesic requirement tables,,-2.5,0.705562,MD,Native MD; no pooled interpretation without compatible model.,1,-0.670973,0.195985,"Native numeric candidate, not newly pooled: exact outcome definition/time/scale or prespecified arm selection requires a model-specific decision. No automatic pooling of the gap-fill audit."
V33-OD-0120,NG13_EA_vs_SHAM_OPIOID24,Ng 2013,Postoperative opioid dose (native window/unit),Cumulative pethidine consumption,0-24 h,0-24h,Not reported,EA,Sham,Electroacupuncture,Sham acupuncture,mg pethidine,55,55,,,,,,,NOT REPORTED,Accessed source does not supply the requested numerical result.,ROB2_RESULT_SPECIFIC_PENDING,,https://drive.google.com/file/d/1R1zCiyfWvuSp99Hi2U_K1__8kgdi90gd/view?usp=drivesdk,Exact 24-h opioid endpoint absent,,,,,,1,,,Accessed source does not supply the requested numerical result.
V33-OD-0121,MA26_T_vs_S_PAIN24,Ma 2026,Pain — rest,Resting NRS pain,24 h,24 h point,Graph-only continuous data,TEAS,CONTROL_TYPE_REVIEW_REQUIRED,Group T: sleep disturbance + preop TEAS,"Group S: sleep disturbance, no TEAS",NRS 0-10,17,16,,,,,,,GRAPH ONLY,No new graph digitization; historical digitized data require their original validation before pooling.,EXISTING_RESULT_SPECIFIC: High,,https://drive.google.com/file/d/1tMEOwvRWIMeEmBmKfeHEt7YF10yxslUe/view?usp=drivesdk,Figure / 24-h postoperative NRS,,,,,,1,,,No new graph digitization; historical digitized data require their original validation before pooling.
V33-OD-0122,MA26_T_vs_S_AISPOD1,Ma 2026,Sleep quality,Athens Insomnia Scale,POD1,pod1,Graph-only continuous data,TEAS,CONTROL_TYPE_REVIEW_REQUIRED,Group T: sleep disturbance + preop TEAS,"Group S: sleep disturbance, no TEAS",AIS points,17,16,,,,,,,GRAPH ONLY,No new graph digitization; historical digitized data require their original validation before pooling.,ROB2_RESULT_SPECIFIC_PENDING,,https://drive.google.com/file/d/1tMEOwvRWIMeEmBmKfeHEt7YF10yxslUe/view?usp=drivesdk,Figure 4 / POD1 AIS,,,,,,1,,,No new graph digitization; historical digitized data require their original validation before pooling.
V33-OD-0123,MA26_T_vs_S_NAUSEA24,Ma 2026,Nausea,Nausea,24 h,24 h point,Events/total,TEAS,CONTROL_TYPE_REVIEW_REQUIRED,Group T: sleep disturbance + preop TEAS,"Group S: sleep disturbance, no TEAS",participants,17,16,,,,,6,8,INCLUDE,"Numerically extractable in its native endpoint/time/statistic; pooling still requires compatible stratum, comparator and independent-arm selection.",ROB2_RESULT_SPECIFIC_PENDING,,https://drive.google.com/file/d/1tMEOwvRWIMeEmBmKfeHEt7YF10yxslUe/view?usp=drivesdk,24-h PONV table,,-0.348307,0.412726,logRR,Uncorrected log risk ratio,1,,,"Native numeric candidate, not newly pooled: exact outcome definition/time/scale or prespecified arm selection requires a model-specific decision. No automatic pooling of the gap-fill audit."
V33-OD-0124,MA26_T_vs_S_VOMIT24,Ma 2026,Vomiting,Vomiting,24 h,24 h point,Events/total,TEAS,CONTROL_TYPE_REVIEW_REQUIRED,Group T: sleep disturbance + preop TEAS,"Group S: sleep disturbance, no TEAS",participants,17,16,,,,,6,7,INCLUDE,"Numerically extractable in its native endpoint/time/statistic; pooling still requires compatible stratum, comparator and independent-arm selection.",ROB2_RESULT_SPECIFIC_PENDING,,https://drive.google.com/file/d/1tMEOwvRWIMeEmBmKfeHEt7YF10yxslUe/view?usp=drivesdk,24-h PONV table,,-0.214775,0.433821,logRR,Uncorrected log risk ratio,1,,,"Native numeric candidate, not newly pooled: exact outcome definition/time/scale or prespecified arm selection requires a model-specific decision. No automatic pooling of the gap-fill audit."
V33-OD-0125,MA26_T_vs_S_OPIOID24,Ma 2026,Postoperative opioid dose (native window/unit),Cumulative postoperative opioid consumption,0-24 h,0-24h,Not reported,TEAS,CONTROL_TYPE_REVIEW_REQUIRED,Group T: sleep disturbance + preop TEAS,"Group S: sleep disturbance, no TEAS",mg/µg,17,16,,,,,,,NOT REPORTED,Accessed source does not supply the requested numerical result.,ROB2_RESULT_SPECIFIC_PENDING,,https://drive.google.com/file/d/1tMEOwvRWIMeEmBmKfeHEt7YF10yxslUe/view?usp=drivesdk,Postoperative analgesia section,,,,,,1,,,Accessed source does not supply the requested numerical result.
V33-OD-0126,LU21_COMB_vs_SHAM_CHRONIC6M,Lu 2021,Chronic pain,Post-mastectomy chronic pain incidence,6 months,6 months,Events/total,TEAS,Sham,Combined PC6+CV17 TEAS,Sham/no current,participants,190,188,,,,,42,65,INCLUDE,"Numerically extractable in its native endpoint/time/statistic; pooling still requires compatible stratum, comparator and independent-arm selection.",EXISTING_RESULT_SPECIFIC: High,,https://drive.google.com/file/d/1MgD_OucfiyNEDdDe3osh8W01U1yYZs08/view?usp=drivesdk,Table 2 / primary 6-month chronic pain,,-0.4473,0.16915,logRR,Uncorrected log risk ratio,1,,,"Native numeric candidate, not newly pooled: exact outcome definition/time/scale or prespecified arm selection requires a model-specific decision. No automatic pooling of the gap-fill audit."
V33-OD-0127,LU21_SINGLE_vs_SHAM_CHRONIC6M,Lu 2021,Chronic pain,Post-mastectomy chronic pain incidence,6 months,6 months,Events/total,TEAS,Sham,Single PC6 TEAS,Sham/no current,participants,198,188,,,,,72,65,INCLUDE,"Numerically extractable in its native endpoint/time/statistic; pooling still requires compatible stratum, comparator and independent-arm selection.",EXISTING_RESULT_SPECIFIC: High,,https://drive.google.com/file/d/1MgD_OucfiyNEDdDe3osh8W01U1yYZs08/view?usp=drivesdk,Table 2 / primary 6-month chronic pain,,0.050454,0.137491,logRR,Uncorrected log risk ratio,1,,,"Native numeric candidate, not newly pooled: exact outcome definition/time/scale or prespecified arm selection requires a model-specific decision. No automatic pooling of the gap-fill audit."
V33-OD-0129,LU21_SINGLE_vs_SHAM_REMI,Lu 2021,Intraoperative opioid,Total remifentanil,Intraoperative,intraoperative,Mean/SD,TEAS,Sham,Single PC6 TEAS,Sham/no current,mg remifentanil,198,188,1.3,0.6,1.4,0.7,,,INCLUDE,"Numerically extractable in its native endpoint/time/statistic; pooling still requires compatible stratum, comparator and independent-arm selection.",ROB2_RESULT_SPECIFIC_PENDING,,https://drive.google.com/file/d/1MgD_OucfiyNEDdDe3osh8W01U1yYZs08/view?usp=drivesdk,Table 3 / intraoperative remifentanil,,-0.1,0.066517,MD,Native MD; no pooled interpretation without compatible model.,1,-0.153399,0.101981,"Native numeric candidate, not newly pooled: exact outcome definition/time/scale or prespecified arm selection requires a model-specific decision. No automatic pooling of the gap-fill audit."
V33-OD-0130,LU21_COMB_vs_SHAM_PONV24,Lu 2021,PONV composite,Any PONV,24 h,24 h point,Events/total,TEAS,Sham,Combined PC6+CV17 TEAS,Sham/no current,participants,190,188,,,,,35,68,INCLUDE,"Numerically extractable in its native endpoint/time/statistic; pooling still requires compatible stratum, comparator and independent-arm selection.",ROB2_RESULT_SPECIFIC_PENDING,,https://drive.google.com/file/d/1MgD_OucfiyNEDdDe3osh8W01U1yYZs08/view?usp=drivesdk,24-h PONV table,,-0.674742,0.180818,logRR,Uncorrected log risk ratio,1,,,"Native numeric candidate, not newly pooled: exact outcome definition/time/scale or prespecified arm selection requires a model-specific decision. No automatic pooling of the gap-fill audit."
V33-OD-0131,LU21_SINGLE_vs_SHAM_PONV24,Lu 2021,PONV composite,Any PONV,24 h,24 h point,Events/total,TEAS,Sham,Single PC6 TEAS,Sham/no current,participants,198,188,,,,,59,68,INCLUDE,"Numerically extractable in its native endpoint/time/statistic; pooling still requires compatible stratum, comparator and independent-arm selection.",ROB2_RESULT_SPECIFIC_PENDING,,https://drive.google.com/file/d/1MgD_OucfiyNEDdDe3osh8W01U1yYZs08/view?usp=drivesdk,24-h PONV table,,-0.193795,0.145895,logRR,Uncorrected log risk ratio,1,,,"Native numeric candidate, not newly pooled: exact outcome definition/time/scale or prespecified arm selection requires a model-specific decision. No automatic pooling of the gap-fill audit."
V33-OD-0132,LU21_POSTOP_OPIOID24,Lu 2021,Postoperative opioid dose (native window/unit),Cumulative postoperative sufentanil PCA consumption,0-24 h,0-24h,Not reported,TEAS,Sham,TEAS arms,Sham/no current,µg sufentanil,,,,,,,,,NOT REPORTED,Accessed source does not supply the requested numerical result.,ROB2_RESULT_SPECIFIC_PENDING,,https://drive.google.com/file/d/1MgD_OucfiyNEDdDe3osh8W01U1yYZs08/view?usp=drivesdk,Postoperative PCA section,,,,,,1,,,Accessed source does not supply the requested numerical result.
V33-OD-0133,LU22_TEAS_vs_CTRL_DISCHARGE,Lu 2022,Recovery,Time to meet discharge criteria,Postoperative,postoperative,Mean/SD,TEAS,Sham,TEAS + ERAS,No-current control + ERAS,days,47,47,6,1.8,7,2.4,,,INCLUDE,"Numerically extractable in its native endpoint/time/statistic; pooling still requires compatible stratum, comparator and independent-arm selection.",EXISTING_RESULT_SPECIFIC: High,,https://drive.google.com/file/d/12Y86huNMuLC8cPH-L2vwlEd7r1X1Qela/view?usp=drivesdk,Primary outcome / time to discharge,,-1,0.437595,MD,Native MD; no pooled interpretation without compatible model.,1,-0.467551,0.209084,"Native numeric candidate, not newly pooled: exact outcome definition/time/scale or prespecified arm selection requires a model-specific decision. No automatic pooling of the gap-fill audit."
V33-OD-0134,LU22_TEAS_vs_CTRL_FLATUS,Lu 2022,GI — first flatus,Time to first flatus,Postoperative,postoperative,Mean/SD,TEAS,Sham,TEAS + ERAS,No-current control + ERAS,hours,47,47,34.5,16.7,42.4,22.9,,,INCLUDE,"Numerically extractable in its native endpoint/time/statistic; pooling still requires compatible stratum, comparator and independent-arm selection.",ROB2_RESULT_SPECIFIC_PENDING,,https://drive.google.com/file/d/12Y86huNMuLC8cPH-L2vwlEd7r1X1Qela/view?usp=drivesdk,First flatus result,,-7.9,4.134185,MD,Native MD; no pooled interpretation without compatible model.,1,-0.390966,0.208246,"Native numeric candidate, not newly pooled: exact outcome definition/time/scale or prespecified arm selection requires a model-specific decision. No automatic pooling of the gap-fill audit."
V33-OD-0136,LU22_TEAS_vs_CTRL_PCAATTEMPT24,Lu 2022,PCA/PCIA button presses,PCA attempts,24 h,24 h point,Median/IQR,TEAS,Sham,TEAS + ERAS,No-current control + ERAS,attempts,47,47,,,,,,,NARRATIVE ONLY,Median and original dispersion preserved; no mean/SD conversion or MD pooling.,ROB2_RESULT_SPECIFIC_PENDING,,https://drive.google.com/file/d/12Y86huNMuLC8cPH-L2vwlEd7r1X1Qela/view?usp=drivesdk,PCA table / 24-h attempts,,,,,,1,,,Median and original dispersion preserved; no mean/SD conversion or MD pooling.
V33-OD-0137,LU22_TEAS_vs_CTRL_PCADELIV24,Lu 2022,PCA deliveries / bolus count,Successful PCA deliveries,24 h,24 h point,Median/IQR,TEAS,Sham,TEAS + ERAS,No-current control + ERAS,deliveries,47,47,,,,,,,NARRATIVE ONLY,Median and original dispersion preserved; no mean/SD conversion or MD pooling.,ROB2_RESULT_SPECIFIC_PENDING,,https://drive.google.com/file/d/12Y86huNMuLC8cPH-L2vwlEd7r1X1Qela/view?usp=drivesdk,PCA table / 24-h deliveries,,,,,,1,,,Median and original dispersion preserved; no mean/SD conversion or MD pooling.
V33-OD-0138,LU22_TEAS_vs_CTRL_OPIOID24,Lu 2022,Postoperative opioid dose (native window/unit),Exact cumulative PCA opioid consumption,0-24 h,0-24h,Not reported,TEAS,Sham,TEAS + ERAS,No-current control + ERAS,mg/µg,47,47,,,,,,,NOT REPORTED,Accessed source does not supply the requested numerical result.,ROB2_RESULT_SPECIFIC_PENDING,,https://drive.google.com/file/d/12Y86huNMuLC8cPH-L2vwlEd7r1X1Qela/view?usp=drivesdk,Postoperative PCA section,,,,,,1,,,Accessed source does not supply the requested numerical result.
V33-OD-0139,LUO26_TEAS_vs_SHAM_NAUSEA48,Luo 2026,Nausea,Cumulative postoperative nausea,0-48 h,0-48h,Events/total,TEAS,Sham,Intraoperative PC6 TEAS + standard antiemetics,Sham/no current + standard antiemetics,participants,138,139,,,,,24,53,INCLUDE,"Numerically extractable in its native endpoint/time/statistic; pooling still requires compatible stratum, comparator and independent-arm selection.",EXISTING_RESULT_SPECIFIC: Some concerns,,https://drive.google.com/file/d/1xxZle6mPpcnmHLblJbsy1kA4CyQHpvm2/view?usp=drivesdk,Primary outcome / cumulative nausea,,-0.785018,0.214695,logRR,Uncorrected log risk ratio,1,,,"Native numeric candidate, not newly pooled: exact outcome definition/time/scale or prespecified arm selection requires a model-specific decision. No automatic pooling of the gap-fill audit."
V33-OD-0140,LUO26_TEAS_vs_SHAM_VOMIT48,Luo 2026,Vomiting,Cumulative postoperative vomiting,0-48 h,0-48h,Events/total,TEAS,Sham,Intraoperative PC6 TEAS + standard antiemetics,Sham/no current + standard antiemetics,participants,138,139,,,,,9,27,INCLUDE,"Numerically extractable in its native endpoint/time/statistic; pooling still requires compatible stratum, comparator and independent-arm selection.",ROB2_RESULT_SPECIFIC_PENDING,,https://drive.google.com/file/d/1xxZle6mPpcnmHLblJbsy1kA4CyQHpvm2/view?usp=drivesdk,Primary outcome / cumulative vomiting,,-1.091392,0.36566,logRR,Uncorrected log risk ratio,1,,,"Native numeric candidate, not newly pooled: exact outcome definition/time/scale or prespecified arm selection requires a model-specific decision. No automatic pooling of the gap-fill audit."
V33-OD-0141,LUO26_TEAS_vs_SHAM_COMPLETE48,Luo 2026,Rescue antiemetic,Complete response: no vomiting and no rescue antiemetic,0-48 h,0-48h,Events/total,TEAS,Sham,Intraoperative PC6 TEAS + standard antiemetics,Sham/no current + standard antiemetics,participants,138,139,,,,,112,83,INCLUDE,"Numerically extractable in its native endpoint/time/statistic; pooling still requires compatible stratum, comparator and independent-arm selection.",ROB2_RESULT_SPECIFIC_PENDING,,https://drive.google.com/file/d/1xxZle6mPpcnmHLblJbsy1kA4CyQHpvm2/view?usp=drivesdk,Complete-response result,,0.306879,0.080846,logRR,Uncorrected log risk ratio,1,,,"Native numeric candidate, not newly pooled: exact outcome definition/time/scale or prespecified arm selection requires a model-specific decision. No automatic pooling of the gap-fill audit."
V33-OD-0142,LUO26_TEAS_vs_SHAM_NRS24,Luo 2026,Pain — unspecified context,Postoperative NRS pain,24 h,24 h point,Mean/SD,TEAS,Sham,Intraoperative PC6 TEAS + standard antiemetics,Sham/no current + standard antiemetics,NRS 0-10,138,139,1.3,0.92,1.65,0.95,,,INCLUDE,"Numerically extractable in its native endpoint/time/statistic; pooling still requires compatible stratum, comparator and independent-arm selection.",ROB2_RESULT_SPECIFIC_PENDING,,https://drive.google.com/file/d/1xxZle6mPpcnmHLblJbsy1kA4CyQHpvm2/view?usp=drivesdk,Postoperative pain table / 24 h,,-0.35,0.112366,MD,Native MD; no pooled interpretation without compatible model.,1,-0.37324,0.121211,"Native numeric candidate, not newly pooled: exact outcome definition/time/scale or prespecified arm selection requires a model-specific decision. No automatic pooling of the gap-fill audit."
V33-OD-0143,LUO26_TEAS_vs_SHAM_OPIOIDEQUIV,Luo 2026,Postoperative opioid dose (native window/unit),Published 'sufentanil equivalents' metric,Perioperative,perioperative,Mean/SD,TEAS,Sham,Intraoperative PC6 TEAS + standard antiemetics,Sham/no current + standard antiemetics,published as mg; definition/unit unresolved,138,139,15.86,5.11,15.18,4.95,,,INCLUDE,"Numerically extractable in its native endpoint/time/statistic; pooling still requires compatible stratum, comparator and independent-arm selection.",ROB2_RESULT_SPECIFIC_PENDING,,https://drive.google.com/file/d/1xxZle6mPpcnmHLblJbsy1kA4CyQHpvm2/view?usp=drivesdk,Table 1 / perioperative opioid metric,,0.68,0.604562,MD,Native MD; no pooled interpretation without compatible model.,1,0.134811,0.120306,"Native numeric candidate, not newly pooled: exact outcome definition/time/scale or prespecified arm selection requires a model-specific decision. No automatic pooling of the gap-fill audit."
V33-OD-0144,LUO26_TEAS_vs_SHAM_OPIOID24,Luo 2026,Postoperative opioid dose (native window/unit),Cumulative postoperative oxycodone consumption,0-24 h,0-24h,Not reported,TEAS,Sham,Intraoperative PC6 TEAS + standard antiemetics,Sham/no current + standard antiemetics,mg oxycodone,138,139,,,,,,,NOT REPORTED,Accessed source does not supply the requested numerical result.,ROB2_RESULT_SPECIFIC_PENDING,,https://drive.google.com/file/d/1xxZle6mPpcnmHLblJbsy1kA4CyQHpvm2/view?usp=drivesdk,Postoperative analgesia / exact 24-h endpoint absent,,,,,,1,,,Accessed source does not supply the requested numerical result.
V33-OD-0145,LONG25_TEAS_vs_CTRL_PND1,Long 2025,Neurocognitive,Perioperative neurocognitive disorder (PND),POD1,pod1,Published event count + percentage; denominator inconsistent,EA,Sham,Perioperative electrical acupoint stimulation,Electrodes/no current,Active: 7 cases (25.0%); Control: 14 cases (56.0%),27,26,,,,,7,14,HOLD,"Unresolved source conflict or undefined endpoint; printed values retained, excluded from quantitative models.",EXISTING_RESULT_SPECIFIC: High,,https://drive.google.com/file/d/1LDqtQLq9-kZLP0Vv_G3iiK8QKjy4pRXP/view?usp=drivesdk,PND incidence table / POD1,,,,,,1,,,"Unresolved source conflict or undefined endpoint; printed values retained, excluded from quantitative models."
V33-OD-0146,LONG25_TEAS_vs_CTRL_PND3,Long 2025,Neurocognitive,Perioperative neurocognitive disorder (PND),POD3,pod3,Published event count + percentage; denominator inconsistent,EA,Sham,Perioperative electrical acupoint stimulation,Electrodes/no current,Active: 4 cases (14.3%); Control: 12 cases (48.0%),27,26,,,,,4,12,HOLD,"Unresolved source conflict or undefined endpoint; printed values retained, excluded from quantitative models.",EXISTING_RESULT_SPECIFIC: High,,https://drive.google.com/file/d/1LDqtQLq9-kZLP0Vv_G3iiK8QKjy4pRXP/view?usp=drivesdk,PND incidence table / POD3,,,,,,1,,,"Unresolved source conflict or undefined endpoint; printed values retained, excluded from quantitative models."
V33-OD-0147,LONG25_TEAS_vs_CTRL_VAS24,Long 2025,Pain — unspecified context,VAS pain intensity,24 h,24 h point,Mean/SD,EA,Sham,Perioperative electrical acupoint stimulation,Electrodes/no current,VAS 0-10,27,26,2.78,0.97,3.96,0.96,,,HOLD,"Unresolved source conflict or undefined endpoint; printed values retained, excluded from quantitative models.",ROB2_RESULT_SPECIFIC_PENDING,,https://drive.google.com/file/d/1LDqtQLq9-kZLP0Vv_G3iiK8QKjy4pRXP/view?usp=drivesdk,Table 7 / Figure 9,,,,,,1,,,"Unresolved source conflict or undefined endpoint; printed values retained, excluded from quantitative models."
V33-OD-0148,LONG25_TEAS_vs_CTRL_PCIA48VOL,Long 2025,PCIA solution volume,PCIA solution consumption,48 h,48h,Mean/SD,EA,Sham,Perioperative electrical acupoint stimulation,Electrodes/no current,mL of weight-based sufentanil solution,27,26,86.22,4.27,89.23,3.67,,,INCLUDE,"Numerically extractable in its native endpoint/time/statistic; pooling still requires compatible stratum, comparator and independent-arm selection.",ROB2_RESULT_SPECIFIC_PENDING,,https://drive.google.com/file/d/1LDqtQLq9-kZLP0Vv_G3iiK8QKjy4pRXP/view?usp=drivesdk,Table 7 / Figure 9,,-3.01,1.092395,MD,Native MD; no pooled interpretation without compatible model.,1,-0.743763,0.284108,"Native numeric candidate, not newly pooled: exact outcome definition/time/scale or prespecified arm selection requires a model-specific decision. No automatic pooling of the gap-fill audit."
V33-OD-0149,LONG25_TEAS_vs_CTRL_PCIAPRESS48,Long 2025,PCA/PCIA button presses,PCIA compression count,48 h,48h,Mean/SD,EA,Sham,Perioperative electrical acupoint stimulation,Electrodes/no current,presses,27,26,7.11,2.14,8.62,1.84,,,INCLUDE,"Numerically extractable in its native endpoint/time/statistic; pooling still requires compatible stratum, comparator and independent-arm selection.",ROB2_RESULT_SPECIFIC_PENDING,,https://drive.google.com/file/d/1LDqtQLq9-kZLP0Vv_G3iiK8QKjy4pRXP/view?usp=drivesdk,Table 7 / Figure 9,,-1.51,0.547568,MD,Native MD; no pooled interpretation without compatible model.,1,-0.744372,0.284123,"Native numeric candidate, not newly pooled: exact outcome definition/time/scale or prespecified arm selection requires a model-specific decision. No automatic pooling of the gap-fill audit."
V33-OD-0150,LONG25_TEAS_vs_CTRL_PONV,Long 2025,PONV composite,PONV incidence,Postoperative,postoperative,Events/total,EA,Sham,Perioperative electrical acupoint stimulation,Electrodes/no current,participants,27,26,,,,,1,8,INCLUDE,"Numerically extractable in its native endpoint/time/statistic; pooling still requires compatible stratum, comparator and independent-arm selection.",ROB2_RESULT_SPECIFIC_PENDING,,https://drive.google.com/file/d/1LDqtQLq9-kZLP0Vv_G3iiK8QKjy4pRXP/view?usp=drivesdk,Adverse events / PONV,,-2.117182,1.024452,logRR,Uncorrected log risk ratio,1,,,"Native numeric candidate, not newly pooled: exact outcome definition/time/scale or prespecified arm selection requires a model-specific decision. No automatic pooling of the gap-fill audit."
V33-OD-0151,LONG25_TEAS_vs_CTRL_OPIOID24,Long 2025,Postoperative opioid dose (native window/unit),Exact cumulative postoperative sufentanil consumption,0-24 h,0-24h,Not reported,EA,Sham,Perioperative electrical acupoint stimulation,Electrodes/no current,µg sufentanil,27,26,,,,,,,NOT REPORTED,Accessed source does not supply the requested numerical result.,ROB2_RESULT_SPECIFIC_PENDING,,https://drive.google.com/file/d/1LDqtQLq9-kZLP0Vv_G3iiK8QKjy4pRXP/view?usp=drivesdk,Exact 24-h opioid endpoint absent,,,,,,1,,,Accessed source does not supply the requested numerical result.
V33-OD-0152,LI21_TEAS_vs_SHAM_BOWEL,Li 2021,GI — first defecation,Time to first bowel motion by auscultation,Postoperative,postoperative,Median/IQR,TEAS,Sham,Perioperative TEAS,Sham-point/no current,hours,140,140,,,,,,,NARRATIVE ONLY,Median and original dispersion preserved; no mean/SD conversion or MD pooling.,EXISTING_RESULT_SPECIFIC: High,,https://drive.google.com/file/d/1NvcLlsb17N6EMhtHs_L_WBnf40wsrtRz/view?usp=drivesdk,Primary outcome / first bowel motion,,,,,,1,,,Median and original dispersion preserved; no mean/SD conversion or MD pooling.
V33-OD-0153,LI21_TEAS_vs_SHAM_FLATUS,Li 2021,GI — first flatus,Time to first flatus,Postoperative,postoperative,Median/IQR,TEAS,Sham,Perioperative TEAS,Sham-point/no current,hours,140,140,,,,,,,NARRATIVE ONLY,Median and original dispersion preserved; no mean/SD conversion or MD pooling.,ROB2_RESULT_SPECIFIC_PENDING,,https://drive.google.com/file/d/1NvcLlsb17N6EMhtHs_L_WBnf40wsrtRz/view?usp=drivesdk,First-flatus result,,,,,,1,,,Median and original dispersion preserved; no mean/SD conversion or MD pooling.
V33-OD-0154,LI21_TEAS_vs_SHAM_PGD,Li 2021,GI — bowel sounds,Postoperative gastrointestinal dysfunction: no bowel sounds >48 h,Postoperative,postoperative,Events/total,TEAS,Sham,Perioperative TEAS,Sham-point/no current,participants,140,140,,,,,26,44,INCLUDE,"Numerically extractable in its native endpoint/time/statistic; pooling still requires compatible stratum, comparator and independent-arm selection.",ROB2_RESULT_SPECIFIC_PENDING,,https://drive.google.com/file/d/1NvcLlsb17N6EMhtHs_L_WBnf40wsrtRz/view?usp=drivesdk,PGD incidence,,-0.526093,0.216571,logRR,Uncorrected log risk ratio,1,,,"Native numeric candidate, not newly pooled: exact outcome definition/time/scale or prespecified arm selection requires a model-specific decision. No automatic pooling of the gap-fill audit."
V33-OD-0155,LI21_TEAS_vs_SHAM_PAIN6,Li 2021,Pain — unspecified context,VAS ≥4,6 h,6h,Events/total,TEAS,Sham,Perioperative TEAS,Sham-point/no current,participants,140,140,,,,,30,50,INCLUDE,"Numerically extractable in its native endpoint/time/statistic; pooling still requires compatible stratum, comparator and independent-arm selection.",ROB2_RESULT_SPECIFIC_PENDING,,https://drive.google.com/file/d/1NvcLlsb17N6EMhtHs_L_WBnf40wsrtRz/view?usp=drivesdk,Postoperative pain table / 6 h,,-0.510826,0.197605,logRR,Uncorrected log risk ratio,1,,,"Native numeric candidate, not newly pooled: exact outcome definition/time/scale or prespecified arm selection requires a model-specific decision. No automatic pooling of the gap-fill audit."
V33-OD-0156,LI21_TEAS_vs_SHAM_OPIOID24,Li 2021,Postoperative opioid dose (native window/unit),Cumulative postoperative sufentanil consumption,0-24 h,0-24h,Not reported,TEAS,Sham,Perioperative TEAS,Sham-point/no current,published pump formulation says 250 mg sufentanil/250 mL,140,140,,,,,,,NOT REPORTED,Accessed source does not supply the requested numerical result.,ROB2_RESULT_SPECIFIC_PENDING,,https://drive.google.com/file/d/1NvcLlsb17N6EMhtHs_L_WBnf40wsrtRz/view?usp=drivesdk,Postoperative analgesia pump / exact 24-h endpoint absent,,,,,,1,,,Accessed source does not supply the requested numerical result.
V33-OD-0157,LIU26ESD_TEAS_vs_SHAM_MODPAIN24,Liu 2026 (ESD),Pain — unspecified context,Moderate-to-severe pain (NRS ≥4),Within 24 h,within 24h,Events/total,TEAS,Sham,Perioperative TEAS,Sham-point/no current,participants,58,62,,,,,22,40,INCLUDE,"Numerically extractable in its native endpoint/time/statistic; pooling still requires compatible stratum, comparator and independent-arm selection.",EXISTING_RESULT_SPECIFIC: High,,https://drive.google.com/file/d/1Hp7pCBP8iXkGGYVhlFY0BHTeaaM7bhdY/view?usp=drivesdk,Primary outcome / NRS ≥4 within 24 h,,-0.531146,0.192572,logRR,Uncorrected log risk ratio,1,,,"Native numeric candidate, not newly pooled: exact outcome definition/time/scale or prespecified arm selection requires a model-specific decision. No automatic pooling of the gap-fill audit."
V33-OD-0158,LIU26ESD_TEAS_vs_SHAM_NRS24,Liu 2026 (ESD),Pain — unspecified context,NRS pain intensity,24 h,24 h point,Mean/SD,TEAS,Sham,Perioperative TEAS,Sham-point/no current,NRS 0-10,58,62,1.2,1.3,2.8,1.9,,,INCLUDE,"Numerically extractable in its native endpoint/time/statistic; pooling still requires compatible stratum, comparator and independent-arm selection.",ROB2_RESULT_SPECIFIC_PENDING,,https://drive.google.com/file/d/1Hp7pCBP8iXkGGYVhlFY0BHTeaaM7bhdY/view?usp=drivesdk,Serial NRS results / 24 h,,-1.6,0.295574,MD,Native MD; no pooled interpretation without compatible model.,1,-0.97067,0.193122,"Native numeric candidate, not newly pooled: exact outcome definition/time/scale or prespecified arm selection requires a model-specific decision. No automatic pooling of the gap-fill audit."
V33-OD-0159,LIU26ESD_TEAS_vs_SHAM_ANYMORPH,Liu 2026 (ESD),Rescue opioid use,Any rescue IV morphine use,Through 48 h,through 48h,Events/total,TEAS,Sham,Perioperative TEAS,Sham-point/no current,participants,58,62,,,,,19,40,INCLUDE,"Numerically extractable in its native endpoint/time/statistic; pooling still requires compatible stratum, comparator and independent-arm selection.",ROB2_RESULT_SPECIFIC_PENDING,,https://drive.google.com/file/d/1Hp7pCBP8iXkGGYVhlFY0BHTeaaM7bhdY/view?usp=drivesdk,Postoperative rescue analgesia,,-0.677749,0.210383,logRR,Uncorrected log risk ratio,1,,,"Native numeric candidate, not newly pooled: exact outcome definition/time/scale or prespecified arm selection requires a model-specific decision. No automatic pooling of the gap-fill audit."
V33-OD-0160,LIU26ESD_TEAS_vs_SHAM_PONV,Liu 2026 (ESD),PONV composite,PONV incidence,Postoperative follow-up,postoperative follow-up,Events/total,TEAS,Sham,Perioperative TEAS,Sham-point/no current,participants,58,62,,,,,4,14,INCLUDE,"Numerically extractable in its native endpoint/time/statistic; pooling still requires compatible stratum, comparator and independent-arm selection.",ROB2_RESULT_SPECIFIC_PENDING,,https://drive.google.com/file/d/1Hp7pCBP8iXkGGYVhlFY0BHTeaaM7bhdY/view?usp=drivesdk,Postoperative complication table,,-1.186072,0.53671,logRR,Uncorrected log risk ratio,1,,,"Native numeric candidate, not newly pooled: exact outcome definition/time/scale or prespecified arm selection requires a model-specific decision. No automatic pooling of the gap-fill audit."
V33-OD-0161,LIU26ESD_TEAS_vs_SHAM_MORPH24,Liu 2026 (ESD),Postoperative opioid dose (native window/unit),Cumulative postoperative morphine consumption,0-24 h,0-24h,Not reported,TEAS,Sham,Perioperative TEAS,Sham-point/no current,mg IV morphine,58,62,,,,,,,NOT REPORTED,Accessed source does not supply the requested numerical result.,ROB2_RESULT_SPECIFIC_PENDING,,https://drive.google.com/file/d/1Hp7pCBP8iXkGGYVhlFY0BHTeaaM7bhdY/view?usp=drivesdk,Exact 24-h opioid dose absent,,,,,,1,,,Accessed source does not supply the requested numerical result.
V33-OD-0162,LIU21_TEAS_vs_CTRL_POCD1,Liu 2021,Neurocognitive,Postoperative cognitive decline (MMSE Z-score ≤ -2),POD1,pod1,Events/total,TEAS,Sham,Perioperative TEAS,Electrodes/no current,participants,50,50,,,,,5,11,INCLUDE,"Numerically extractable in its native endpoint/time/statistic; pooling still requires compatible stratum, comparator and independent-arm selection.",EXISTING_RESULT_SPECIFIC: Some concerns,,https://drive.google.com/file/d/1TA4BstaUWY3EdQbDNEvvGxF35ekGanrm/view?usp=drivesdk,POCD incidence table / POD1,,-0.788457,0.500908,logRR,Uncorrected log risk ratio,1,,,"Native numeric candidate, not newly pooled: exact outcome definition/time/scale or prespecified arm selection requires a model-specific decision. No automatic pooling of the gap-fill audit."
V33-OD-0163,LIU21_TEAS_vs_CTRL_VASREST24,Liu 2021,Pain — rest,VAS at rest,24 h,24 h point,Mean/SD,TEAS,Sham,Perioperative TEAS,Electrodes/no current,VAS,50,50,2.52,0.505,2.66,0.626,,,INCLUDE,"Numerically extractable in its native endpoint/time/statistic; pooling still requires compatible stratum, comparator and independent-arm selection.",ROB2_RESULT_SPECIFIC_PENDING,,https://drive.google.com/file/d/1TA4BstaUWY3EdQbDNEvvGxF35ekGanrm/view?usp=drivesdk,Table 2 / 24-h rest VAS,,-0.14,0.113745,MD,Native MD; no pooled interpretation without compatible model.,1,-0.244275,0.200744,"Native numeric candidate, not newly pooled: exact outcome definition/time/scale or prespecified arm selection requires a model-specific decision. No automatic pooling of the gap-fill audit."
V33-OD-0164,LIU21_TEAS_vs_CTRL_VASCOUGH24,Liu 2021,Pain — cough,VAS with coughing,24 h,24 h point,Mean/SD,TEAS,Sham,Perioperative TEAS,Electrodes/no current,VAS,50,50,3.2,0.571,3.16,0.681,,,INCLUDE,"Numerically extractable in its native endpoint/time/statistic; pooling still requires compatible stratum, comparator and independent-arm selection.",ROB2_RESULT_SPECIFIC_PENDING,,https://drive.google.com/file/d/1TA4BstaUWY3EdQbDNEvvGxF35ekGanrm/view?usp=drivesdk,Table 2 / 24-h coughing VAS,,0.04,0.125682,MD,Native MD; no pooled interpretation without compatible model.,1,0.063164,0.20005,"Native numeric candidate, not newly pooled: exact outcome definition/time/scale or prespecified arm selection requires a model-specific decision. No automatic pooling of the gap-fill audit."
V33-OD-0165,LIU21_TEAS_vs_CTRL_PCAPRESS24,Liu 2021,PCA/PCIA button presses,PCA pump compressions,0-24 h,0-24h,Mean/SD,TEAS,Sham,Perioperative TEAS,Electrodes/no current,presses,50,50,17.62,2.687,17.38,3.801,,,INCLUDE,"Numerically extractable in its native endpoint/time/statistic; pooling still requires compatible stratum, comparator and independent-arm selection.",ROB2_RESULT_SPECIFIC_PENDING,,https://drive.google.com/file/d/1TA4BstaUWY3EdQbDNEvvGxF35ekGanrm/view?usp=drivesdk,24-h PCA compression result,,0.24,0.658294,MD,Native MD; no pooled interpretation without compatible model.,1,0.072356,0.200065,"Native numeric candidate, not newly pooled: exact outcome definition/time/scale or prespecified arm selection requires a model-specific decision. No automatic pooling of the gap-fill audit."
V33-OD-0166,LIU21_TEAS_vs_CTRL_OPIOID24,Liu 2021,Postoperative opioid dose (native window/unit),Cumulative postoperative sufentanil consumption,0-24 h,0-24h,Not calculable,TEAS,Sham,Perioperative TEAS,Electrodes/no current,published formulation 0.15 µg/kg in 100 mL,50,50,,,,,,,HOLD,Nonstandard or incomplete statistic; no inferred quantities.,ROB2_RESULT_SPECIFIC_PENDING,,https://drive.google.com/file/d/1TA4BstaUWY3EdQbDNEvvGxF35ekGanrm/view?usp=drivesdk,Postoperative PCIA section,,,,,,1,,,Nonstandard or incomplete statistic; no inferred quantities.
V33-OD-0167,LIU26BURN_TEAS_vs_SHAM_REMI,Liu 2026 (burn),Intraoperative opioid,Remifentanil consumption,Intraoperative,intraoperative,Median/IQR,TEAS,Sham,Pre-induction TEAS,Placebo/sham TEAS,mg remifentanil,43,43,,,,,,,NARRATIVE ONLY,Median and original dispersion preserved; no mean/SD conversion or MD pooling.,ROB2_RESULT_SPECIFIC_PENDING,,https://drive.google.com/file/d/1mvekGtHD2JAKCRbIXrvLw1Nz7hbQ1dZ3/view?usp=drivesdk,Results / Figure 4,,,,,,1,,,Median and original dispersion preserved; no mean/SD conversion or MD pooling.
V33-OD-0168,LIU26BURN_TEAS_vs_SHAM_PONV24,Liu 2026 (burn),PONV composite,Nausea-vomiting,Through POD1 / approximately 24 h,through pod1 / approximately 24h,Events/total,TEAS,Sham,Pre-induction TEAS,Placebo/sham TEAS,participants,43,43,,,,,7,16,INCLUDE,"Numerically extractable in its native endpoint/time/statistic; pooling still requires compatible stratum, comparator and independent-arm selection.",ROB2_RESULT_SPECIFIC_PENDING,,https://drive.google.com/file/d/1mvekGtHD2JAKCRbIXrvLw1Nz7hbQ1dZ3/view?usp=drivesdk,Secondary postoperative outcomes,,-0.826679,0.398554,logRR,Uncorrected log risk ratio,1,,,"Native numeric candidate, not newly pooled: exact outcome definition/time/scale or prespecified arm selection requires a model-specific decision. No automatic pooling of the gap-fill audit."
V33-OD-0169,LIU26BURN_TEAS_vs_SHAM_RESCUE,Liu 2026 (burn),Rescue opioid use,Any rescue dezocine use,Through POD1,through pod1,Events/total,TEAS,Sham,Pre-induction TEAS,Placebo/sham TEAS,participants,43,43,,,,,3,8,INCLUDE,"Numerically extractable in its native endpoint/time/statistic; pooling still requires compatible stratum, comparator and independent-arm selection.",ROB2_RESULT_SPECIFIC_PENDING,,https://drive.google.com/file/d/1mvekGtHD2JAKCRbIXrvLw1Nz7hbQ1dZ3/view?usp=drivesdk,Rescue analgesia,,-0.980829,0.641733,logRR,Uncorrected log risk ratio,1,,,"Through POD1 is not confirmed exact cumulative 0–24 h; separate POD1 result, not pooled with exact window."
V33-OD-0170,LIU26BURN_TEAS_vs_SHAM_FVAS24,Liu 2026 (burn),Pain — rest,Resting F-VAS pain,24 h,24 h point,Graph-only continuous data,TEAS,Sham,Pre-induction TEAS,Placebo/sham TEAS,F-VAS 0-100 mm,43,43,,,,,,,GRAPH ONLY,No new graph digitization; historical digitized data require their original validation before pooling.,ROB2_RESULT_SPECIFIC_PENDING,,https://drive.google.com/file/d/1mvekGtHD2JAKCRbIXrvLw1Nz7hbQ1dZ3/view?usp=drivesdk,Figure 5 / F3 24 h,,,,,,1,,,No new graph digitization; historical digitized data require their original validation before pooling.
V33-OD-0171,LIU26BURN_TEAS_vs_SHAM_OPIOID24,Liu 2026 (burn),Postoperative opioid dose (native window/unit),Complete postoperative opioid/MME exposure,0-24 h,0-24h,Not calculable,TEAS,Sham,Pre-induction TEAS,Placebo/sham TEAS,sufentanil + butorphanol PCIA; rescue dezocine,43,43,,,,,,,HOLD,Nonstandard or incomplete statistic; no inferred quantities.,ROB2_RESULT_SPECIFIC_PENDING,,https://drive.google.com/file/d/1mvekGtHD2JAKCRbIXrvLw1Nz7hbQ1dZ3/view?usp=drivesdk,Postoperative PCIA section,,,,,,1,,,Nonstandard or incomplete statistic; no inferred quantities.
V33-OD-0172,LIU25_EA_vs_CTRL_SVT24,Liu 2025,Cardiac rhythm,New-onset supraventricular tachycardia (SVT),First 24 h,first 24h,Events/total,EA,Sham,Perioperative electroacupuncture,Control/sham procedure,participants,38,39,,,,,4,13,INCLUDE,"Numerically extractable in its native endpoint/time/statistic; pooling still requires compatible stratum, comparator and independent-arm selection.",EXISTING_RESULT_SPECIFIC: Some concerns,,https://drive.google.com/file/d/1SHBSKFaeE4G3PXTGVMm7TR8L0H9EgtsD/view?usp=drivesdk,Primary outcome / first-24-h SVT,,-1.15268,0.524372,logRR,Uncorrected log risk ratio,1,,,"Native numeric candidate, not newly pooled: exact outcome definition/time/scale or prespecified arm selection requires a model-specific decision. No automatic pooling of the gap-fill audit."
V33-OD-0173,LIU25_EA_vs_CTRL_TSTN1,Liu 2025,Sleep quality,Total sleep time measured by ambulatory sleep recorder,First postoperative night,first postoperative night,Median/IQR,EA,Sham,Perioperative electroacupuncture,Control/sham procedure,minutes,38,39,,,,,,,NARRATIVE ONLY,Median and original dispersion preserved; no mean/SD conversion or MD pooling.,ROB2_RESULT_SPECIFIC_PENDING,,https://drive.google.com/file/d/1SHBSKFaeE4G3PXTGVMm7TR8L0H9EgtsD/view?usp=drivesdk,Objective sleep monitoring / first night,,,,,,1,,,Median and original dispersion preserved; no mean/SD conversion or MD pooling.
V33-OD-0174,LIU25_EA_vs_CTRL_PAIN24,Liu 2025,Pain — unspecified context,VAS pain intensity,24 h,24 h point,Graph-only continuous data,EA,Sham,Perioperative electroacupuncture,Control/sham procedure,VAS 0-10,38,39,,,,,,,GRAPH ONLY,No new graph digitization; historical digitized data require their original validation before pooling.,ROB2_RESULT_SPECIFIC_PENDING,,https://drive.google.com/file/d/1SHBSKFaeE4G3PXTGVMm7TR8L0H9EgtsD/view?usp=drivesdk,Figure 2 / 24-h pain,,,,,,1,,,No new graph digitization; historical digitized data require their original validation before pooling.
V33-OD-0175,LIU25_EA_vs_CTRL_OPIOID24,Liu 2025,Postoperative opioid dose (native window/unit),Exact cumulative postoperative opioid consumption,0-24 h,0-24h,Not reported,EA,Sham,Perioperative electroacupuncture,Control/sham procedure,mg/µg,38,39,,,,,,,NOT REPORTED,Accessed source does not supply the requested numerical result.,ROB2_RESULT_SPECIFIC_PENDING,,https://drive.google.com/file/d/1SHBSKFaeE4G3PXTGVMm7TR8L0H9EgtsD/view?usp=drivesdk,Exact 24-h opioid endpoint absent,,,,,,1,,,Accessed source does not supply the requested numerical result.
V33-OD-0176,LI22_EA_vs_SHAM_NRS24,Li 2022,Pain — unspecified context,Postoperative NRS pain,24 h,24 h point,Median/IQR,EA,Sham,Preoperative electroacupuncture,Sham electroacupuncture,NRS 0-10,39,40,,,,,,,NARRATIVE ONLY,Median and original dispersion preserved; no mean/SD conversion or MD pooling.,EXISTING_RESULT_SPECIFIC: Some concerns,,https://drive.google.com/file/d/1rQTrwnCvj72poJrGGvYjpxSZXvUhSD0u/view?usp=drivesdk,24-h postoperative NRS,,,,,,1,,,Median and original dispersion preserved; no mean/SD conversion or MD pooling.
V33-OD-0177,LI22_EA_vs_SHAM_MPT24,Li 2022,Pain — unspecified context,Mechanical pain threshold around surgical incision,24 h,24 h point,Source-reported direction; exact value not promoted,EA,Sham,Preoperative electroacupuncture,Sham electroacupuncture,mechanical threshold,39,40,,,,,,,HOLD,Nonstandard or incomplete statistic; no inferred quantities.,ROB2_RESULT_SPECIFIC_PENDING,,https://drive.google.com/file/d/1rQTrwnCvj72poJrGGvYjpxSZXvUhSD0u/view?usp=drivesdk,Mechanical-threshold longitudinal result,,,,,,1,,,Nonstandard or incomplete statistic; no inferred quantities.
V33-OD-0178,LI22_EA_vs_SHAM_OPIOID24,Li 2022,Postoperative opioid dose (native window/unit),Exact cumulative postoperative opioid consumption,0-24 h,0-24h,Not reported,EA,Sham,Preoperative electroacupuncture,Sham electroacupuncture,mg/µg,39,40,,,,,,,NOT REPORTED,Accessed source does not supply the requested numerical result.,ROB2_RESULT_SPECIFIC_PENDING,,https://drive.google.com/file/d/1rQTrwnCvj72poJrGGvYjpxSZXvUhSD0u/view?usp=drivesdk,Exact 24-h opioid endpoint absent,,,,,,1,,,Accessed source does not supply the requested numerical result.
V33-OD-0179,LIANG21_TEAS_vs_CTRL_CRBD_END,Liang 2021,Catheter-related bladder discomfort,CRBD incidence,End of surgery,end of surgery,Events/total,TEAS,Sham,Preoperative TEAS,Control/no stimulation,participants,35,35,,,,,9,28,INCLUDE,"Numerically extractable in its native endpoint/time/statistic; pooling still requires compatible stratum, comparator and independent-arm selection.",EXISTING_RESULT_SPECIFIC: High,,https://drive.google.com/file/d/1guriAcqNbJNXpfd_UjYwevULLVSeiHXS/view?usp=drivesdk,CRBD incidence table,,-1.13498,0.29947,logRR,Uncorrected log risk ratio,1,,,"Native numeric candidate, not newly pooled: exact outcome definition/time/scale or prespecified arm selection requires a model-specific decision. No automatic pooling of the gap-fill audit."
V33-OD-0180,LIANG21_TEAS_vs_CTRL_CRBD_PACU,Liang 2021,Catheter-related bladder discomfort,CRBD incidence,PACU discharge,pacu discharge,Events/total,TEAS,Sham,Preoperative TEAS,Control/no stimulation,participants,35,35,,,,,20,28,INCLUDE,"Numerically extractable in its native endpoint/time/statistic; pooling still requires compatible stratum, comparator and independent-arm selection.",EXISTING_RESULT_SPECIFIC: High,,https://drive.google.com/file/d/1guriAcqNbJNXpfd_UjYwevULLVSeiHXS/view?usp=drivesdk,CRBD incidence table,,-0.336472,0.169031,logRR,Uncorrected log risk ratio,1,,,"Native numeric candidate, not newly pooled: exact outcome definition/time/scale or prespecified arm selection requires a model-specific decision. No automatic pooling of the gap-fill audit."
V33-OD-0181,LIANG21_TEAS_vs_CTRL_CRBD24,Liang 2021,Catheter-related bladder discomfort,CRBD incidence,24 h,24 h point,Events/total,TEAS,Sham,Preoperative TEAS,Control/no stimulation,participants,35,35,,,,,7,31,INCLUDE,"Numerically extractable in its native endpoint/time/statistic; pooling still requires compatible stratum, comparator and independent-arm selection.",EXISTING_RESULT_SPECIFIC: High,,https://drive.google.com/file/d/1guriAcqNbJNXpfd_UjYwevULLVSeiHXS/view?usp=drivesdk,CRBD incidence table,,-1.488077,0.343471,logRR,Uncorrected log risk ratio,1,,,"Native numeric candidate, not newly pooled: exact outcome definition/time/scale or prespecified arm selection requires a model-specific decision. No automatic pooling of the gap-fill audit."
V33-OD-0182,LIANG21_TEAS_vs_CTRL_CRBD48,Liang 2021,Catheter-related bladder discomfort,CRBD incidence,48 h,48h,Events/total,TEAS,Sham,Preoperative TEAS,Control/no stimulation,participants,35,35,,,,,4,19,HOLD,"Unresolved source conflict or undefined endpoint; printed values retained, excluded from quantitative models.",EXISTING_RESULT_SPECIFIC: High,,https://drive.google.com/file/d/1guriAcqNbJNXpfd_UjYwevULLVSeiHXS/view?usp=drivesdk,CRBD incidence table,,,,,,1,,,"Unresolved source conflict or undefined endpoint; printed values retained, excluded from quantitative models."
V33-OD-0183,LIANG21_TEAS_vs_CTRL_OPIOID24,Liang 2021,Postoperative opioid dose (native window/unit),Exact cumulative postoperative opioid consumption,0-24 h,0-24h,Not reported,TEAS,Sham,Preoperative TEAS,Control/no stimulation,mg/µg,35,35,,,,,,,NOT REPORTED,Accessed source does not supply the requested numerical result.,ROB2_RESULT_SPECIFIC_PENDING,,https://drive.google.com/file/d/1guriAcqNbJNXpfd_UjYwevULLVSeiHXS/view?usp=drivesdk,Exact 24-h opioid endpoint absent,,,,,,1,,,Accessed source does not supply the requested numerical result.
V33-OD-0184,LEE11_LOW_vs_SHAM_MORPH24,Lee 2011,Postoperative opioid dose (native window/unit),Cumulative IV PCA morphine delivered,First 24 postoperative hours,first 24 postoperative hours,Mean/SD,MODALITY_REVIEW_REQUIRED,Sham,Low-frequency dense-sparse SSP,Sham SSP,mg IV morphine,10,12,29.29,8.89,34.2,6.4,,,INCLUDE,"Numerically extractable in its native endpoint/time/statistic; pooling still requires compatible stratum, comparator and independent-arm selection.",EXISTING_RESULT_SPECIFIC: Some concerns,,https://drive.google.com/file/d/1kQDSBtx3OpFOsim5oUMwhpfHOqaMy8Q9/view?usp=drivesdk,Table 8 / total morphine delivered,,-4.91,3.364007,MD,Native MD; no pooled interpretation without compatible model.,1,-0.619738,0.438249,"Native numeric candidate, not newly pooled: exact outcome definition/time/scale or prespecified arm selection requires a model-specific decision. No automatic pooling of the gap-fill audit."
V33-OD-0185,LEE11_HIGH_vs_SHAM_MORPH24,Lee 2011,Postoperative opioid dose (native window/unit),Cumulative IV PCA morphine delivered,First 24 postoperative hours,first 24 postoperative hours,Mean/SD,MODALITY_REVIEW_REQUIRED,Sham,100-Hz SSP,Sham SSP,mg IV morphine,12,12,31.14,8.15,34.2,6.4,,,INCLUDE,"Numerically extractable in its native endpoint/time/statistic; pooling still requires compatible stratum, comparator and independent-arm selection.",EXISTING_RESULT_SPECIFIC: Some concerns,,https://drive.google.com/file/d/1kQDSBtx3OpFOsim5oUMwhpfHOqaMy8Q9/view?usp=drivesdk,Table 8 / total morphine delivered,,-3.06,2.991411,MD,Native MD; no pooled interpretation without compatible model.,1,-0.403209,0.412376,"Native numeric candidate, not newly pooled: exact outcome definition/time/scale or prespecified arm selection requires a model-specific decision. No automatic pooling of the gap-fill audit."
V33-OD-0186,LEE11_LOW_vs_CONTROL_MORPH24,Lee 2011,Postoperative opioid dose (native window/unit),Cumulative IV PCA morphine delivered,First 24 postoperative hours,first 24 postoperative hours,Mean/SD,MODALITY_REVIEW_REQUIRED,CONTROL_TYPE_REVIEW_REQUIRED,Low-frequency dense-sparse SSP,Untreated control,mg IV morphine,10,13,29.29,8.89,38.63,11.08,,,INCLUDE,"Numerically extractable in its native endpoint/time/statistic; pooling still requires compatible stratum, comparator and independent-arm selection.",EXISTING_RESULT_SPECIFIC: Some concerns,,https://drive.google.com/file/d/1kQDSBtx3OpFOsim5oUMwhpfHOqaMy8Q9/view?usp=drivesdk,Table 8 / total morphine delivered,,-9.34,4.164946,MD,Native MD; no pooled interpretation without compatible model.,1,-0.882661,0.440295,"Native numeric candidate, not newly pooled: exact outcome definition/time/scale or prespecified arm selection requires a model-specific decision. No automatic pooling of the gap-fill audit."
V33-OD-0187,LEE11_LOW_vs_SHAM_VAS24,Lee 2011,Pain — unspecified context,VAS pain intensity,24 h,24 h point,Mean/SD,MODALITY_REVIEW_REQUIRED,Sham,Low-frequency dense-sparse SSP,Sham SSP,VAS 0-10,10,12,1.21,1.31,2.54,0.86,,,INCLUDE,"Numerically extractable in its native endpoint/time/statistic; pooling still requires compatible stratum, comparator and independent-arm selection.",ROB2_RESULT_SPECIFIC_PENDING,,https://drive.google.com/file/d/1kQDSBtx3OpFOsim5oUMwhpfHOqaMy8Q9/view?usp=drivesdk,24-h VAS table,,-1.33,0.482953,MD,Native MD; no pooled interpretation without compatible model.,1,-1.178356,0.463563,"Native numeric candidate, not newly pooled: exact outcome definition/time/scale or prespecified arm selection requires a model-specific decision. No automatic pooling of the gap-fill audit."
V33-OD-0188,JIN23_2HZ_vs_SHAM_NAPC48,Jin 2023,PCA/PCIA button presses,Cumulative analgesic pump compressions,48 h,48h,Median/IQR,EA,Sham,2-Hz postoperative EA,Sham nonpenetrating EA/no current,pump compressions,53,52,,,,,,,NARRATIVE ONLY,Median and original dispersion preserved; no mean/SD conversion or MD pooling.,EXISTING_RESULT_SPECIFIC: High,,https://drive.google.com/file/d/1fkNAFra0gZ9jkWkzp_S0TWy-5zVrXCtj/view?usp=drivesdk,Primary outcome / Table 3,,,,,,1,,,Median and original dispersion preserved; no mean/SD conversion or MD pooling.
V33-OD-0189,JIN23_20100_vs_SHAM_NAPC48,Jin 2023,PCA/PCIA button presses,Cumulative analgesic pump compressions,48 h,48h,Median/IQR,EA,Sham,20/100-Hz postoperative EA,Sham nonpenetrating EA/no current,pump compressions,53,52,,,,,,,NARRATIVE ONLY,Median and original dispersion preserved; no mean/SD conversion or MD pooling.,EXISTING_RESULT_SPECIFIC: High,,https://drive.google.com/file/d/1fkNAFra0gZ9jkWkzp_S0TWy-5zVrXCtj/view?usp=drivesdk,Primary outcome / Table 3,,,,,,1,,,Median and original dispersion preserved; no mean/SD conversion or MD pooling.
V33-OD-0190,JIN23_2HZ_vs_SHAM_VOL24,Jin 2023,PCIA solution volume,Published 'fentanyl consumption' / PCIA solution volume,24 h,24 h point,Mean/SD,EA,Sham,2-Hz postoperative EA,Sham nonpenetrating EA/no current,mL PCIA solution,53,52,39.31,15.58,56.54,12.5,,,INCLUDE,"Numerically extractable in its native endpoint/time/statistic; pooling still requires compatible stratum, comparator and independent-arm selection.",ROB2_RESULT_SPECIFIC_PENDING,,https://drive.google.com/file/d/1fkNAFra0gZ9jkWkzp_S0TWy-5zVrXCtj/view?usp=drivesdk,Table 3 / 24-h 'fentanyl consumption',,-17.23,2.754041,MD,Native MD; no pooled interpretation without compatible model.,1,-1.209715,0.212291,"Native numeric candidate, not newly pooled: exact outcome definition/time/scale or prespecified arm selection requires a model-specific decision. No automatic pooling of the gap-fill audit."
V33-OD-0191,JIN23_20100_vs_SHAM_VOL24,Jin 2023,PCIA solution volume,Published 'fentanyl consumption' / PCIA solution volume,24 h,24 h point,Mean/SD,EA,Sham,20/100-Hz postoperative EA,Sham nonpenetrating EA/no current,mL PCIA solution,53,52,45.72,16.92,56.54,12.5,,,INCLUDE,"Numerically extractable in its native endpoint/time/statistic; pooling still requires compatible stratum, comparator and independent-arm selection.",ROB2_RESULT_SPECIFIC_PENDING,,https://drive.google.com/file/d/1fkNAFra0gZ9jkWkzp_S0TWy-5zVrXCtj/view?usp=drivesdk,Table 3 / 24-h 'fentanyl consumption',,-10.82,2.899386,MD,Native MD; no pooled interpretation without compatible model.,1,-0.721054,0.201431,"Native numeric candidate, not newly pooled: exact outcome definition/time/scale or prespecified arm selection requires a model-specific decision. No automatic pooling of the gap-fill audit."
V33-OD-0192,JIN23_OPIOID24_MASS,Jin 2023,Postoperative opioid dose (native window/unit),Exact cumulative fentanyl mass / MME,0-24 h,0-24h,Not calculable,EA,Sham,Active EA arms,Sham nonpenetrating EA/no current,µg fentanyl / MME,,,,,,,,,HOLD,Nonstandard or incomplete statistic; no inferred quantities.,ROB2_RESULT_SPECIFIC_PENDING,,https://drive.google.com/file/d/1fkNAFra0gZ9jkWkzp_S0TWy-5zVrXCtj/view?usp=drivesdk,PCIA formulation absent from main article,,,,,,1,,,Nonstandard or incomplete statistic; no inferred quantities.
V33-OD-0193,JIANG26_TEAS_vs_SHAM_FLATUS_PP,Jiang 2026,GI — first flatus,Time to first flatus,Postoperative,postoperative,Median/IQR,TEAS,Sham,Perioperative TEAS,Sham/no current,hours,294,293,,,,,,,NARRATIVE ONLY,Median and original dispersion preserved; no mean/SD conversion or MD pooling.,EXISTING_RESULT_SPECIFIC: Some concerns,,https://drive.google.com/file/d/1nujlP9A_IMWUfd3HdCD2rOxTc9-I8v92/view?usp=drivesdk,Primary outcome / PP analysis,,,,,,1,,,Median and original dispersion preserved; no mean/SD conversion or MD pooling.
V33-OD-0194,JIANG26_TEAS_vs_SHAM_FLATUS_MITT,Jiang 2026,GI — first flatus,Time to first flatus,Modified-ITT-type analysis among intervention recipients,modified-itt-type analysis among intervention recipients,Median/IQR,TEAS,Sham,Perioperative TEAS,Sham/no current,hours,296,297,,,,,,,NARRATIVE ONLY,Median and original dispersion preserved; no mean/SD conversion or MD pooling.,EXISTING_RESULT_SPECIFIC: Some concerns,,https://drive.google.com/file/d/1nujlP9A_IMWUfd3HdCD2rOxTc9-I8v92/view?usp=drivesdk,Primary outcome / reported ITT analysis,,,,,,1,,,Median and original dispersion preserved; no mean/SD conversion or MD pooling.
V33-OD-0195,JIANG26_TEAS_vs_SHAM_PONV24,Jiang 2026,PONV composite,PONV incidence,Within 24 h,within 24h,Events/total,TEAS,Sham,Perioperative TEAS,Sham/no current,participants,294,293,,,,,44,67,INCLUDE,"Numerically extractable in its native endpoint/time/statistic; pooling still requires compatible stratum, comparator and independent-arm selection.",ROB2_RESULT_SPECIFIC_PENDING,,https://drive.google.com/file/d/1nujlP9A_IMWUfd3HdCD2rOxTc9-I8v92/view?usp=drivesdk,24-h PONV result,,-0.42391,0.175608,logRR,Uncorrected log risk ratio,1,,,"Native numeric candidate, not newly pooled: exact outcome definition/time/scale or prespecified arm selection requires a model-specific decision. No automatic pooling of the gap-fill audit."
V33-OD-0196,JIANG26_TEAS_vs_SHAM_INTRAOP_REMI,Jiang 2026,Intraoperative opioid,Remifentanil consumption,Intraoperative,intraoperative,Median/IQR,TEAS,Sham,Perioperative TEAS,Sham/no current,µg remifentanil,294,293,,,,,,,NARRATIVE ONLY,Median and original dispersion preserved; no mean/SD conversion or MD pooling.,ROB2_RESULT_SPECIFIC_PENDING,,https://drive.google.com/file/d/1nujlP9A_IMWUfd3HdCD2rOxTc9-I8v92/view?usp=drivesdk,Perioperative characteristics table,,,,,,1,,,Median and original dispersion preserved; no mean/SD conversion or MD pooling.
V33-OD-0197,JIANG26_TEAS_vs_SHAM_OPIOID24,Jiang 2026,Postoperative opioid dose (native window/unit),Exact cumulative postoperative opioid consumption,0-24 h,0-24h,Not reported,TEAS,Sham,Perioperative TEAS,Sham/no current,mg/µg,294,293,,,,,,,NOT REPORTED,Accessed source does not supply the requested numerical result.,ROB2_RESULT_SPECIFIC_PENDING,,https://drive.google.com/file/d/1nujlP9A_IMWUfd3HdCD2rOxTc9-I8v92/view?usp=drivesdk,Postoperative analgesia section,,,,,,1,,,Accessed source does not supply the requested numerical result.
V33-OD-0198,HUANG25_EA_vs_UC_FLATUS,Huang 2025,GI — first flatus,Time to first flatus,Postoperative,postoperative,Mean/SD,EA,Usual care,Postoperative EA + ERAS,ERAS/standard care,hours,43,45,36.4,8,42.2,8.5,,,INCLUDE,"Numerically extractable in its native endpoint/time/statistic; pooling still requires compatible stratum, comparator and independent-arm selection.",EXISTING_RESULT_SPECIFIC: High,,https://drive.google.com/file/d/1VnJCbIPz8Uy1kXYCTKk7l9Zqj-rTECrY/view?usp=drivesdk,Co-primary outcome / first flatus,,-5.8,1.758956,MD,Native MD; no pooled interpretation without compatible model.,1,-0.696072,0.219615,"Native numeric candidate, not newly pooled: exact outcome definition/time/scale or prespecified arm selection requires a model-specific decision. No automatic pooling of the gap-fill audit."
V33-OD-0200,HUANG25_EA_vs_UC_OPIOID24,Huang 2025,Postoperative opioid dose (native window/unit),Exact cumulative postoperative opioid consumption,0-24 h,0-24h,Not reported,EA,Usual care,Postoperative EA + ERAS,ERAS/standard care,mg/µg,43,45,,,,,,,NOT REPORTED,Accessed source does not supply the requested numerical result.,ROB2_RESULT_SPECIFIC_PENDING,,https://drive.google.com/file/d/1VnJCbIPz8Uy1kXYCTKk7l9Zqj-rTECrY/view?usp=drivesdk,Postoperative analgesia section,,,,,,1,,,Accessed source does not supply the requested numerical result.
V33-OD-0201,HUANG24_CONTRA_vs_SHAM_VASD1,Huang 2024,Pain — movement/activity,VAS during walking/knee movement,POD1,pod1,Mean/SD,EA,Sham,Contralateral EA,Bilateral sham EA,VAS 0-100,38,38,53.16,9.99,56.71,9.84,,,INCLUDE,"Numerically extractable in its native endpoint/time/statistic; pooling still requires compatible stratum, comparator and independent-arm selection.",EXISTING_RESULT_SPECIFIC: Some concerns,,https://drive.google.com/file/d/1z-76QoxqmtMRV32wOpem7jAyDnuD6fb8/view?usp=drivesdk,Primary serial VAS / Day 1,,-3.55,2.274722,MD,Native MD; no pooled interpretation without compatible model.,1,-0.354392,0.23121,"Native numeric candidate, not newly pooled: exact outcome definition/time/scale or prespecified arm selection requires a model-specific decision. No automatic pooling of the gap-fill audit."
V33-OD-0202,HUANG24_IPSI_vs_SHAM_VASD1,Huang 2024,Pain — movement/activity,VAS during walking/knee movement,POD1,pod1,Mean/SD,EA,Sham,Ipsilateral EA,Bilateral sham EA,VAS 0-100,38,38,53.5,10.79,56.71,9.84,,,INCLUDE,"Numerically extractable in its native endpoint/time/statistic; pooling still requires compatible stratum, comparator and independent-arm selection.",EXISTING_RESULT_SPECIFIC: Some concerns,,https://drive.google.com/file/d/1z-76QoxqmtMRV32wOpem7jAyDnuD6fb8/view?usp=drivesdk,Primary serial VAS / Day 1,,-3.21,2.368931,MD,Native MD; no pooled interpretation without compatible model.,1,-0.307706,0.230769,"Native numeric candidate, not newly pooled: exact outcome definition/time/scale or prespecified arm selection requires a model-specific decision. No automatic pooling of the gap-fill audit."
V33-OD-0203,HUANG24_CONTRA_vs_SHAM_PCA_D2,Huang 2024,Postoperative opioid dose (native window/unit),Additional PCA dose/release,"POD2; 24 h after first EA session, not necessarily 24 h after surgery","pod2; 24h after first ea session, not necessarily 24h after surgery",Median/IQR,EA,Sham,Contralateral EA,Bilateral sham EA,source unit not reported,38,38,,,,,,,NARRATIVE ONLY,Median and original dispersion preserved; no mean/SD conversion or MD pooling.,ROB2_RESULT_SPECIFIC_PENDING,,https://drive.google.com/file/d/1z-76QoxqmtMRV32wOpem7jAyDnuD6fb8/view?usp=drivesdk,Primary PCA outcome / POD2,,,,,,1,,,Median and original dispersion preserved; no mean/SD conversion or MD pooling.
V33-OD-0204,HUANG24_OPIOID24,Huang 2024,Postoperative opioid dose (native window/unit),Exact cumulative postoperative opioid dose,0-24 h,0-24h,Not calculable,EA,Sham,True-EA arms,Bilateral sham EA,MME,38,38,,,,,,,HOLD,Nonstandard or incomplete statistic; no inferred quantities.,ROB2_RESULT_SPECIFIC_PENDING,,https://drive.google.com/file/d/1z-76QoxqmtMRV32wOpem7jAyDnuD6fb8/view?usp=drivesdk,PCA regimen incomplete,,,,,,1,,,Nonstandard or incomplete statistic; no inferred quantities.
V33-OD-0205,HOU23_TEAS_vs_SHAM_PONV,Hou 2023,PONV composite,PONV incidence,Postoperative / reported review window,postoperative / reported review window,Events/total,TEAS,Sham,Perioperative TEAS,Sham/no-current TEAS,participants,36,36,,,,,4,12,INCLUDE,"Numerically extractable in its native endpoint/time/statistic; pooling still requires compatible stratum, comparator and independent-arm selection.",EXISTING_RESULT_SPECIFIC: Some concerns,,https://drive.google.com/file/d/161WdTRehgwvDHvQ8OkRf8U9TbUmVQgaR/view?usp=drivesdk,PONV result,,-1.098612,0.527046,logRR,Uncorrected log risk ratio,1,,,"Native numeric candidate, not newly pooled: exact outcome definition/time/scale or prespecified arm selection requires a model-specific decision. No automatic pooling of the gap-fill audit."
V33-OD-0206,HOU23_TEAS_vs_SHAM_PAIN_D2,Hou 2023,Pain — unspecified context,VAS-P pain,"D2 = one day after surgery, not exact clock-time 24 h","d2 = one day after surgery, not exact clock-time 24h",Median/IQR,TEAS,Sham,Perioperative TEAS,Sham/no-current TEAS,VAS 0-100 mm,36,36,,,,,,,NARRATIVE ONLY,Median and original dispersion preserved; no mean/SD conversion or MD pooling.,ROB2_RESULT_SPECIFIC_PENDING,,https://drive.google.com/file/d/161WdTRehgwvDHvQ8OkRf8U9TbUmVQgaR/view?usp=drivesdk,Postoperative pain / D2,,,,,,1,,,Median and original dispersion preserved; no mean/SD conversion or MD pooling.
V33-OD-0207,HOU23_TEAS_vs_SHAM_RESCUE,Hou 2023,Non-opioid rescue analgesia,Any rescue flurbiprofen use,Postoperative,postoperative,Events/total,TEAS,Sham,Perioperative TEAS,Sham/no-current TEAS,participants,36,36,,,,,15,28,INCLUDE,"Numerically extractable in its native endpoint/time/statistic; pooling still requires compatible stratum, comparator and independent-arm selection.",ROB2_RESULT_SPECIFIC_PENDING,,https://drive.google.com/file/d/161WdTRehgwvDHvQ8OkRf8U9TbUmVQgaR/view?usp=drivesdk,Rescue analgesia,,-0.624154,0.216392,logRR,Uncorrected log risk ratio,1,,,"Native numeric candidate, not newly pooled: exact outcome definition/time/scale or prespecified arm selection requires a model-specific decision. No automatic pooling of the gap-fill audit."
V33-OD-0208,HOU23_TEAS_vs_SHAM_OPIOID24,Hou 2023,Postoperative opioid dose (native window/unit),Actual total postoperative sufentanil consumption,0-24 h,0-24h,Not reported,TEAS,Sham,Perioperative TEAS,Sham/no-current TEAS,µg sufentanil,36,36,,,,,,,NOT REPORTED,Accessed source does not supply the requested numerical result.,ROB2_RESULT_SPECIFIC_PENDING,,https://drive.google.com/file/d/161WdTRehgwvDHvQ8OkRf8U9TbUmVQgaR/view?usp=drivesdk,PCIA regimen / consumption absent,,,,,,1,,,Accessed source does not supply the requested numerical result.
V33-OD-0209,HUANG17_2100_vs_CTRL_REMI,Huang 2017,Intraoperative opioid,Total opioid as remifentanil-equivalent rate,Intraoperative,intraoperative,Mean/SD,TEAS,Sham,2/100-Hz TEAS,Placebo TEAS/no current,µg/kg/min remifentanil-equivalent,20,20,0.1128,0.034,0.1617,0.037,,,INCLUDE,"Numerically extractable in its native endpoint/time/statistic; pooling still requires compatible stratum, comparator and independent-arm selection.",EXISTING_RESULT_SPECIFIC: Some concerns,,https://drive.google.com/file/d/1RJGi1PYvw75qVW9UK8CBtJPH4G035ASs/view?usp=drivesdk,Table 2 / intraoperative anesthetic consumption,,-0.0489,0.011236,MD,Native MD; no pooled interpretation without compatible model.,1,-1.348894,0.350348,"Native numeric candidate, not newly pooled: exact outcome definition/time/scale or prespecified arm selection requires a model-specific decision. No automatic pooling of the gap-fill audit."
V33-OD-0210,HUANG17_2HZ_vs_CTRL_REMI,Huang 2017,Intraoperative opioid,Total opioid as remifentanil-equivalent rate,Intraoperative,intraoperative,Mean/SD,TEAS,Sham,2-Hz TEAS,Placebo TEAS/no current,µg/kg/min remifentanil-equivalent,20,20,0.1718,0.066,0.1617,0.037,,,INCLUDE,"Numerically extractable in its native endpoint/time/statistic; pooling still requires compatible stratum, comparator and independent-arm selection.",EXISTING_RESULT_SPECIFIC: Some concerns,,https://drive.google.com/file/d/1RJGi1PYvw75qVW9UK8CBtJPH4G035ASs/view?usp=drivesdk,Table 2 / intraoperative anesthetic consumption,,0.0101,0.016919,MD,Native MD; no pooled interpretation without compatible model.,1,0.185026,0.316904,"Native numeric candidate, not newly pooled: exact outcome definition/time/scale or prespecified arm selection requires a model-specific decision. No automatic pooling of the gap-fill audit."
V33-OD-0211,HUANG17_100HZ_vs_CTRL_REMI,Huang 2017,Intraoperative opioid,Total opioid as remifentanil-equivalent rate,Intraoperative,intraoperative,Mean/SD,TEAS,Sham,100-Hz TEAS,Placebo TEAS/no current,µg/kg/min remifentanil-equivalent,20,20,0.1451,0.036,0.1617,0.037,,,INCLUDE,"Numerically extractable in its native endpoint/time/statistic; pooling still requires compatible stratum, comparator and independent-arm selection.",EXISTING_RESULT_SPECIFIC: Some concerns,,https://drive.google.com/file/d/1RJGi1PYvw75qVW9UK8CBtJPH4G035ASs/view?usp=drivesdk,Table 2 / intraoperative anesthetic consumption,,-0.0166,0.011543,MD,Native MD; no pooled interpretation without compatible model.,1,-0.445717,0.32013,"Native numeric candidate, not newly pooled: exact outcome definition/time/scale or prespecified arm selection requires a model-specific decision. No automatic pooling of the gap-fill audit."
V33-OD-0212,HUANG17_POSTOP_SUF_AGG,Huang 2017,Postoperative opioid dose (native window/unit),Published postoperative sufentanil aggregate,Observation window unclear,AMBIGUOUS,Mean/SD,TEAS,Sham,2/100-Hz TEAS,Placebo TEAS/no current,µg/kg sufentanil,20,20,1.67,0.59,1.32,0.48,,,HOLD,"Unresolved source statistic, denominator or timepoint.",ROB2_RESULT_SPECIFIC_PENDING,,https://drive.google.com/file/d/1RJGi1PYvw75qVW9UK8CBtJPH4G035ASs/view?usp=drivesdk,Table 5 / postoperative analgesic consumption,,,,,,1,,,"Unresolved source statistic, denominator or timepoint."
V33-OD-0213,HUANG17_OPIOID24,Huang 2017,Postoperative opioid dose (native window/unit),Exact cumulative postoperative sufentanil consumption,0-24 h,0-24h,Not reported,TEAS,Sham,Active TEAS frequency arms,Placebo TEAS/no current,µg/kg sufentanil,20,20,,,,,,,NOT REPORTED,Accessed source does not supply the requested numerical result.,ROB2_RESULT_SPECIFIC_PENDING,,https://drive.google.com/file/d/1RJGi1PYvw75qVW9UK8CBtJPH4G035ASs/view?usp=drivesdk,Exact 24-h postoperative endpoint absent,,,,,,1,,,Accessed source does not supply the requested numerical result.
V33-OD-0215,HEJIS26_TEAS_vs_CTRL_PONV24,He 2026 (hepatectomy/JIS),PONV composite,PONV incidence,0-24 h,0-24h,Events/total,TEAS,Sham,Intraoperative PC6 TEAS,No-current PC6 control,participants,80,79,,,,,19,21,INCLUDE,"Numerically extractable in its native endpoint/time/statistic; pooling still requires compatible stratum, comparator and independent-arm selection.",ROB2_RESULT_SPECIFIC_PENDING,,https://drive.google.com/file/d/1VgOxIOrGe7ZVevkKEVP7G-0V1DXPU0Gf/view?usp=drivesdk,Primary PONV outcome / mITT,,-0.112662,0.27403,logRR,Uncorrected log risk ratio,1,,,"Native numeric candidate, not newly pooled: exact outcome definition/time/scale or prespecified arm selection requires a model-specific decision. No automatic pooling of the gap-fill audit."
V33-OD-0216,HEJIS26_TEAS_vs_CTRL_PCAATT24,He 2026 (hepatectomy/JIS),PCA/PCIA button presses,PCA attempts,24 h,24 h point,Mean/SD,TEAS,Sham,Intraoperative PC6 TEAS,No-current PC6 control,attempts,80,79,2.7,3.3,3.5,6.1,,,INCLUDE,"Numerically extractable in its native endpoint/time/statistic; pooling still requires compatible stratum, comparator and independent-arm selection.",ROB2_RESULT_SPECIFIC_PENDING,,https://drive.google.com/file/d/1VgOxIOrGe7ZVevkKEVP7G-0V1DXPU0Gf/view?usp=drivesdk,Supplemental/secondary outcome,,-0.8,0.77919,MD,Native MD; no pooled interpretation without compatible model.,1,-0.162633,0.158875,"Native numeric candidate, not newly pooled: exact outcome definition/time/scale or prespecified arm selection requires a model-specific decision. No automatic pooling of the gap-fill audit."
V33-OD-0217,HEBREAST26_EA_vs_SHAM_MODMOV24,He 2026 (breast/WJCO),Pain — movement/activity,Moderate-to-severe movement-evoked pain (VAS >4),24 h,24 h point,Events/total,EA,Sham,Perioperative EA + flurbiprofen,Sham acupuncture + flurbiprofen,participants,65,65,,,,,32,42,INCLUDE,"Numerically extractable in its native endpoint/time/statistic; pooling still requires compatible stratum, comparator and independent-arm selection.",EXISTING_RESULT_SPECIFIC: Some concerns,,https://drive.google.com/file/d/1D6Js5nTN2AwL5-BB-NIJVoCKVtcbcczH/view?usp=drivesdk,Primary outcome / 24-h movement pain,,-0.271934,0.155853,logRR,Uncorrected log risk ratio,1,,,"Native numeric candidate, not newly pooled: exact outcome definition/time/scale or prespecified arm selection requires a model-specific decision. No automatic pooling of the gap-fill audit."
V33-OD-0218,HEBREAST26_EA_vs_SHAM_VASMOV24,He 2026 (breast/WJCO),Pain — movement/activity,Movement VAS,24 h,24 h point,Mean/SD,EA,Sham,Perioperative EA + flurbiprofen,Sham acupuncture + flurbiprofen,VAS,65,65,2.862,0.233,3.954,0.233,,,INCLUDE,"Numerically extractable in its native endpoint/time/statistic; pooling still requires compatible stratum, comparator and independent-arm selection.",ROB2_RESULT_SPECIFIC_PENDING,,https://drive.google.com/file/d/1D6Js5nTN2AwL5-BB-NIJVoCKVtcbcczH/view?usp=drivesdk,Postoperative VAS table,,-1.092,0.040871,MD,Native MD; no pooled interpretation without compatible model.,1,-4.65918,0.338026,"Native numeric candidate, not newly pooled: exact outcome definition/time/scale or prespecified arm selection requires a model-specific decision. No automatic pooling of the gap-fill audit."
V33-OD-0219,HEBREAST26_EA_vs_SHAM_VASREST24,He 2026 (breast/WJCO),Pain — rest,Resting VAS,24 h,24 h point,Mean/SD,EA,Sham,Perioperative EA + flurbiprofen,Sham acupuncture + flurbiprofen,VAS,65,65,1.789,0.174,2.692,0.174,,,INCLUDE,"Numerically extractable in its native endpoint/time/statistic; pooling still requires compatible stratum, comparator and independent-arm selection.",ROB2_RESULT_SPECIFIC_PENDING,,https://drive.google.com/file/d/1D6Js5nTN2AwL5-BB-NIJVoCKVtcbcczH/view?usp=drivesdk,Postoperative VAS table,,-0.903,0.030522,MD,Native MD; no pooled interpretation without compatible model.,1,-5.159188,0.364888,"Native numeric candidate, not newly pooled: exact outcome definition/time/scale or prespecified arm selection requires a model-specific decision. No automatic pooling of the gap-fill audit."
V33-OD-0220,HEBREAST26_OPIOID24,He 2026 (breast/WJCO),Rescue opioid frequency / dose (native unit),Cumulative rescue morphine consumption,0-24 h,0-24h,Not reported,EA,Sham,Perioperative EA + flurbiprofen,Sham acupuncture + flurbiprofen,mg IV morphine,65,65,,,,,,,NOT REPORTED,Accessed source does not supply the requested numerical result.,ROB2_RESULT_SPECIFIC_PENDING,,https://drive.google.com/file/d/1D6Js5nTN2AwL5-BB-NIJVoCKVtcbcczH/view?usp=drivesdk,Postoperative analgesia limitation,,,,,,1,,,Accessed source does not supply the requested numerical result.
V33-OD-0221,GU19_LTEAS_vs_CTEAS_VAS24,Gu 2019,Pain — unspecified context,VAS pain intensity,24 h,24 h point,Mean/SD,TEAS,Sham,Long-duration TEAS,Sham/no-current TEAS,VAS 0-10,58,59,1.98,0.39,2.72,0.73,,,INCLUDE,"Numerically extractable in its native endpoint/time/statistic; pooling still requires compatible stratum, comparator and independent-arm selection.",ROB2_RESULT_SPECIFIC_PENDING,,https://drive.google.com/file/d/1ipQFXfERgAVmgNKMpLkvaaecYJVSTDiw/view?usp=drivesdk,Figure 3 / 24-h VAS,,-0.74,0.107957,MD,Native MD; no pooled interpretation without compatible model.,1,-1.25316,0.202242,"Native numeric candidate, not newly pooled: exact outcome definition/time/scale or prespecified arm selection requires a model-specific decision. No automatic pooling of the gap-fill audit."
V33-OD-0222,GU19_LTEAS_vs_CTEAS_BOWEL,Gu 2019,GI — bowel sounds,Time to first bowel sounds,Postoperative,postoperative,Mean/SD,TEAS,Sham,Long-duration TEAS,Sham/no-current TEAS,hours,58,59,19.69,7.61,26.58,7.43,,,INCLUDE,"Numerically extractable in its native endpoint/time/statistic; pooling still requires compatible stratum, comparator and independent-arm selection.",ROB2_RESULT_SPECIFIC_PENDING,,https://drive.google.com/file/d/1ipQFXfERgAVmgNKMpLkvaaecYJVSTDiw/view?usp=drivesdk,GI recovery table,,-6.89,1.390741,MD,Native MD; no pooled interpretation without compatible model.,1,-0.910265,0.194246,"Native numeric candidate, not newly pooled: exact outcome definition/time/scale or prespecified arm selection requires a model-specific decision. No automatic pooling of the gap-fill audit."
V33-OD-0223,GU19_LTEAS_vs_CTEAS_FLATUS,Gu 2019,GI — first flatus,Time to first flatus,Postoperative,postoperative,Mean/SD,TEAS,Sham,Long-duration TEAS,Sham/no-current TEAS,hours,58,59,36.58,10.75,43.56,9.57,,,INCLUDE,"Numerically extractable in its native endpoint/time/statistic; pooling still requires compatible stratum, comparator and independent-arm selection.",EXISTING_RESULT_SPECIFIC: Some concerns,,https://drive.google.com/file/d/1ipQFXfERgAVmgNKMpLkvaaecYJVSTDiw/view?usp=drivesdk,GI recovery table,,-6.98,1.882749,MD,Native MD; no pooled interpretation without compatible model.,1,-0.681713,0.190201,"Native numeric candidate, not newly pooled: exact outcome definition/time/scale or prespecified arm selection requires a model-specific decision. No automatic pooling of the gap-fill audit."
V33-OD-0225,GU19_LTEAS_vs_CTEAS_PCIA4,Gu 2019,PCIA solution volume,Cumulative multimodal PCIA solution consumed,4 h,4h,Mean/SD,TEAS,Sham,Long-duration TEAS,Sham/no-current TEAS,mL multimodal PCIA solution,58,59,10.02,2.26,13.38,2.98,,,INCLUDE,"Numerically extractable in its native endpoint/time/statistic; pooling still requires compatible stratum, comparator and independent-arm selection.",ROB2_RESULT_SPECIFIC_PENDING,,https://drive.google.com/file/d/1ipQFXfERgAVmgNKMpLkvaaecYJVSTDiw/view?usp=drivesdk,Figure 4 / 4 h cumulative PCIA,,-3.36,0.488444,MD,Native MD; no pooled interpretation without compatible model.,1,-1.260724,0.202442,"Native numeric candidate, not newly pooled: exact outcome definition/time/scale or prespecified arm selection requires a model-specific decision. No automatic pooling of the gap-fill audit."
V33-OD-0226,GU19_LTEAS_vs_CTEAS_PCIA8,Gu 2019,PCIA solution volume,Cumulative multimodal PCIA solution consumed,8 h,8h,Mean/SD,TEAS,Sham,Long-duration TEAS,Sham/no-current TEAS,mL multimodal PCIA solution,58,59,20.55,4.59,24.63,3.94,,,INCLUDE,"Numerically extractable in its native endpoint/time/statistic; pooling still requires compatible stratum, comparator and independent-arm selection.",ROB2_RESULT_SPECIFIC_PENDING,,https://drive.google.com/file/d/1ipQFXfERgAVmgNKMpLkvaaecYJVSTDiw/view?usp=drivesdk,Figure 4 / 8 h cumulative PCIA,,-4.08,0.791426,MD,Native MD; no pooled interpretation without compatible model.,1,-0.948249,0.195021,"Native numeric candidate, not newly pooled: exact outcome definition/time/scale or prespecified arm selection requires a model-specific decision. No automatic pooling of the gap-fill audit."
V33-OD-0227,GU19_LTEAS_vs_CTEAS_PCIA36,Gu 2019,PCIA solution volume,Cumulative multimodal PCIA solution consumed,36 h,36h,Mean/SD,TEAS,Sham,Long-duration TEAS,Sham/no-current TEAS,mL multimodal PCIA solution,58,59,72.64,9.74,76.01,10.43,,,INCLUDE,"Numerically extractable in its native endpoint/time/statistic; pooling still requires compatible stratum, comparator and independent-arm selection.",ROB2_RESULT_SPECIFIC_PENDING,,https://drive.google.com/file/d/1ipQFXfERgAVmgNKMpLkvaaecYJVSTDiw/view?usp=drivesdk,Figure 4 / 36 h cumulative PCIA,,-3.37,1.865331,MD,Native MD; no pooled interpretation without compatible model.,1,-0.331683,0.186174,"Native numeric candidate, not newly pooled: exact outcome definition/time/scale or prespecified arm selection requires a model-specific decision. No automatic pooling of the gap-fill audit."
V33-OD-0228,GU19_OPIOID24,Gu 2019,PCIA solution volume,Cumulative multimodal PCIA solution volume,0-24 h,0-24h,Graph-only continuous data,TEAS,Sham,Long-duration TEAS,Sham/no-current TEAS,mL multimodal PCIA solution,58,59,,,,,,,GRAPH ONLY,No new graph digitization; historical digitized data require their original validation before pooling.,ROB2_RESULT_SPECIFIC_PENDING,,https://drive.google.com/file/d/1ipQFXfERgAVmgNKMpLkvaaecYJVSTDiw/view?usp=drivesdk,Figure 4 / 24-h point,,,,,,1,,,No new graph digitization; historical digitized data require their original validation before pooling.
V33-OD-0229,GUO23_TEAS_vs_SHAM_POCD1,Guo 2023,Neurocognitive,Postoperative cognitive dysfunction (MoCA decline ≥1 SD),POD1,pod1,Events/total,TEAS,Sham,Perioperative TEAS,Sham/no-current TEAS,participants,55,55,,,,,11,36,INCLUDE,"Numerically extractable in its native endpoint/time/statistic; pooling still requires compatible stratum, comparator and independent-arm selection.",ROB2_RESULT_SPECIFIC_PENDING,,https://drive.google.com/file/d/1Idfl7rfZhgAUJHDpsmgzp17ADiGvrU8C/view?usp=drivesdk,Primary POCD result,,-1.185624,0.28692,logRR,Uncorrected log risk ratio,1,,,"Native numeric candidate, not newly pooled: exact outcome definition/time/scale or prespecified arm selection requires a model-specific decision. No automatic pooling of the gap-fill audit."
V33-OD-0230,GUO23_TEAS_vs_SHAM_POCD7,Guo 2023,Neurocognitive,Postoperative cognitive dysfunction (MoCA decline ≥1 SD),POD7,pod7,Events/total,TEAS,Sham,Perioperative TEAS,Sham/no-current TEAS,participants,55,55,,,,,4,24,INCLUDE,"Numerically extractable in its native endpoint/time/statistic; pooling still requires compatible stratum, comparator and independent-arm selection.",ROB2_RESULT_SPECIFIC_PENDING,,https://drive.google.com/file/d/1Idfl7rfZhgAUJHDpsmgzp17ADiGvrU8C/view?usp=drivesdk,Primary POCD result,,-1.791759,0.505275,logRR,Uncorrected log risk ratio,1,,,"Native numeric candidate, not newly pooled: exact outcome definition/time/scale or prespecified arm selection requires a model-specific decision. No automatic pooling of the gap-fill audit."
V33-OD-0231,GUO23_TEAS_vs_SHAM_POCD30,Guo 2023,Neurocognitive,Postoperative cognitive dysfunction (MoCA decline ≥1 SD),POD30,pod30,Events/total,TEAS,Sham,Perioperative TEAS,Sham/no-current TEAS,participants,55,55,,,,,2,22,INCLUDE,"Numerically extractable in its native endpoint/time/statistic; pooling still requires compatible stratum, comparator and independent-arm selection.",ROB2_RESULT_SPECIFIC_PENDING,,https://drive.google.com/file/d/1Idfl7rfZhgAUJHDpsmgzp17ADiGvrU8C/view?usp=drivesdk,Primary POCD result,,-2.397895,0.713506,logRR,Uncorrected log risk ratio,1,,,"Native numeric candidate, not newly pooled: exact outcome definition/time/scale or prespecified arm selection requires a model-specific decision. No automatic pooling of the gap-fill audit."
V33-OD-0233,GUO23_PAINPOD1,Guo 2023,Pain — unspecified context,NRS pain intensity,POD1,pod1,Graph-only continuous data,TEAS,Sham,Perioperative TEAS,Sham/no-current TEAS,NRS,55,55,,,,,,,GRAPH ONLY,No new graph digitization; historical digitized data require their original validation before pooling.,ROB2_RESULT_SPECIFIC_PENDING,,https://drive.google.com/file/d/1Idfl7rfZhgAUJHDpsmgzp17ADiGvrU8C/view?usp=drivesdk,Figure 3B,,,,,,1,,,No new graph digitization; historical digitized data require their original validation before pooling.
V33-OD-0234,GUO23_OPIOID24,Guo 2023,Postoperative opioid dose (native window/unit),Actual postoperative sufentanil consumption,0-24 h,0-24h,Not reported,TEAS,Sham,Perioperative TEAS,Sham/no-current TEAS,µg sufentanil,55,55,,,,,,,NOT REPORTED,Accessed source does not supply the requested numerical result.,ROB2_RESULT_SPECIFIC_PENDING,,https://drive.google.com/file/d/1Idfl7rfZhgAUJHDpsmgzp17ADiGvrU8C/view?usp=drivesdk,Postoperative PCIA section,,,,,,1,,,Accessed source does not supply the requested numerical result.
V33-OD-0235,GRECH16_EA_vs_CTRL_PACU_MME_WOMEN,Grech 2016,Functional recovery — PACU,PACU analgesic requirement in women-only subgroup,PACU,pacu,Graph-only morphine-equivalent outcome,EA,Sham,Intraoperative low-frequency EA,Sham/control,mg morphine-equivalent,9,9,,,,,,,GRAPH ONLY,No new graph digitization; historical digitized data require their original validation before pooling.,EXISTING_RESULT_SPECIFIC: High,,https://drive.google.com/file/d/1U3KShiAZKL8n9hxSpBkhuhuQHW2EN-IY/view?usp=drivesdk,Figure 1D / women-only PACU analgesic requirement,,,,,,1,,,No new graph digitization; historical digitized data require their original validation before pooling.
V33-OD-0236,GRECH16_EA_vs_CTRL_OPIOID24,Grech 2016,Postoperative opioid dose (native window/unit),Exact cumulative 24-h postoperative morphine-equivalent consumption,0-24 h,0-24h,Not reported,EA,Sham,Intraoperative low-frequency EA,Sham/control,mg morphine-equivalent,,,,,,,,,NOT REPORTED,Accessed source does not supply the requested numerical result.,ROB2_RESULT_SPECIFIC_PENDING,,https://drive.google.com/file/d/1U3KShiAZKL8n9hxSpBkhuhuQHW2EN-IY/view?usp=drivesdk,Postoperative analgesic figures,,,,,,1,,,Accessed source does not supply the requested numerical result.
V33-OD-0237,GRECH16_EA_vs_CTRL_PAIN,Grech 2016,Pain — unspecified context,Postoperative VAS pain,PACU and POD1-3,pacu and pod1-3,Graph-only continuous data,EA,Sham,Intraoperative low-frequency EA,Sham/control,VAS 0-10,,,,,,,,,GRAPH ONLY,No new graph digitization; historical digitized data require their original validation before pooling.,ROB2_RESULT_SPECIFIC_PENDING,,https://drive.google.com/file/d/1U3KShiAZKL8n9hxSpBkhuhuQHW2EN-IY/view?usp=drivesdk,Postoperative pain figures,,,,,,1,,,No new graph digitization; historical digitized data require their original validation before pooling.
V33-OD-0238,GAO21_TEAS_vs_SHAM_POI,Gao 2021,GI — first flatus,Postoperative paralytic ileus: no flatus >72 h,Postoperative,postoperative,Events/total,TEAS,Sham,Postoperative TEAS,Sham/no-current TEAS,participants,303,307,,,,,98,126,INCLUDE,"Numerically extractable in its native endpoint/time/statistic; pooling still requires compatible stratum, comparator and independent-arm selection.",ROB2_RESULT_SPECIFIC_PENDING,,https://drive.google.com/file/d/1QbM6CNi8KfBXmMTqG1ASm3hK05cz_hKQ/view?usp=drivesdk,Primary POI outcome,,-0.238199,0.107624,logRR,Uncorrected log risk ratio,1,,,"Native numeric candidate, not newly pooled: exact outcome definition/time/scale or prespecified arm selection requires a model-specific decision. No automatic pooling of the gap-fill audit."
V33-OD-0239,GAO21_TEAS_vs_SHAM_FLATUS,Gao 2021,GI — first flatus,Time to first flatus,Postoperative,postoperative,Mean/SD,TEAS,Sham,Postoperative TEAS,Sham/no-current TEAS,hours,303,307,63.4,29,76.3,37.9,,,INCLUDE,"Numerically extractable in its native endpoint/time/statistic; pooling still requires compatible stratum, comparator and independent-arm selection.",ROB2_RESULT_SPECIFIC_PENDING,,https://drive.google.com/file/d/1QbM6CNi8KfBXmMTqG1ASm3hK05cz_hKQ/view?usp=drivesdk,GI recovery outcomes,,-12.9,2.730282,MD,Native MD; no pooled interpretation without compatible model.,1,-0.381483,0.081713,"Native numeric candidate, not newly pooled: exact outcome definition/time/scale or prespecified arm selection requires a model-specific decision. No automatic pooling of the gap-fill audit."
V33-OD-0241,GAO21_TEAS_vs_SHAM_DIET,Gao 2021,GI — diet tolerance,Time to resume normal diet,Postoperative,postoperative,Mean/SD,TEAS,Sham,Postoperative TEAS,Sham/no-current TEAS,hours,303,307,373.9,224.9,425.5,235.6,,,INCLUDE,"Numerically extractable in its native endpoint/time/statistic; pooling still requires compatible stratum, comparator and independent-arm selection.",ROB2_RESULT_SPECIFIC_PENDING,,https://drive.google.com/file/d/1QbM6CNi8KfBXmMTqG1ASm3hK05cz_hKQ/view?usp=drivesdk,GI recovery outcomes,,-51.6,18.647693,MD,Native MD; no pooled interpretation without compatible model.,1,-0.223733,0.081232,"Native numeric candidate, not newly pooled: exact outcome definition/time/scale or prespecified arm selection requires a model-specific decision. No automatic pooling of the gap-fill audit."
V33-OD-0242,GAO21_OPIOID24,Gao 2021,Postoperative opioid dose (native window/unit),Exact cumulative postoperative opioid consumption,0-24 h,0-24h,Not reported,TEAS,Sham,Postoperative TEAS,Sham/no-current TEAS,mg/µg,303,307,,,,,,,NOT REPORTED,Accessed source does not supply the requested numerical result.,ROB2_RESULT_SPECIFIC_PENDING,,https://drive.google.com/file/d/1QbM6CNi8KfBXmMTqG1ASm3hK05cz_hKQ/view?usp=drivesdk,Postoperative analgesia section,,,,,,1,,,Accessed source does not supply the requested numerical result.
V33-OD-0243,YEH10_AES_vs_SHAM_MORPH24,Yeh 2010,Postoperative opioid dose (native window/unit),24-h morphine PCA dose,First 24 postoperative hours,first 24 postoperative hours,Mean/SD,MODALITY_REVIEW_REQUIRED,Sham,True-acupoint AES,Electrical sham/nonmeridian AES,mg morphine; source explicitly calls PCA epidural,33,30,18.6,9.7,21.6,13.1,,,DUPLICATE HOLD,"Historical possible overlapping publication family; retain evidence, exclude independent pooling.",EXISTING_RESULT_SPECIFIC: Some concerns,,https://drive.google.com/file/d/1a1s31PQPWGnaVkYUtNUxO22F3QFTcwmi/view?usp=drivesdk,Table 4 / 24-h opiate dose,,,,,,1,,,"Historical possible overlapping publication family; retain evidence, exclude independent pooling."
V33-OD-0244,YEH10_AES_vs_CONTROL_MORPH24,Yeh 2010,Postoperative opioid dose (native window/unit),24-h morphine PCA dose,First 24 postoperative hours,first 24 postoperative hours,Mean/SD,MODALITY_REVIEW_REQUIRED,CONTROL_TYPE_REVIEW_REQUIRED,True-acupoint AES,No-AES control,mg morphine; source explicitly calls PCA epidural,33,31,18.6,9.7,27.2,12.5,,,DUPLICATE HOLD,"Historical possible overlapping publication family; retain evidence, exclude independent pooling.",EXISTING_RESULT_SPECIFIC: Some concerns,,https://drive.google.com/file/d/1a1s31PQPWGnaVkYUtNUxO22F3QFTcwmi/view?usp=drivesdk,Table 4 / 24-h opiate dose,,,,,,1,,,"Historical possible overlapping publication family; retain evidence, exclude independent pooling."
V33-OD-0245,YEH11_AES_vs_SHAM_MORPH24,Yeh 2011,Postoperative opioid dose (native window/unit),24-h IV morphine PCA dose,First 24 postoperative hours,first 24 postoperative hours,Mean/SD,MODALITY_REVIEW_REQUIRED,Sham,True-acupoint AES,Electrical sham/nonacupoint AES,mg IV morphine,30,30,19.3,9.7,21.6,13.1,,,DUPLICATE HOLD,"Historical possible overlapping publication family; retain evidence, exclude independent pooling.",EXISTING_RESULT_SPECIFIC: Some concerns,,https://drive.google.com/file/d/1ZJ60ZvJ5Q7sRu1iptK_tLLfBXxZZ_Hwl/view?usp=drivesdk,Table 3 / 24-h opiate dose,,,,,,1,,,"Historical possible overlapping publication family; retain evidence, exclude independent pooling."
V33-OD-0246,YEH11_AES_vs_CONTROL_MORPH24,Yeh 2011,Postoperative opioid dose (native window/unit),24-h IV morphine PCA dose,First 24 postoperative hours,first 24 postoperative hours,Mean/SD,MODALITY_REVIEW_REQUIRED,CONTROL_TYPE_REVIEW_REQUIRED,True-acupoint AES,No-AES control,mg IV morphine,30,30,19.3,9.7,28,12.1,,,DUPLICATE HOLD,"Historical possible overlapping publication family; retain evidence, exclude independent pooling.",EXISTING_RESULT_SPECIFIC: Some concerns,,https://drive.google.com/file/d/1ZJ60ZvJ5Q7sRu1iptK_tLLfBXxZZ_Hwl/view?usp=drivesdk,Table 3 / 24-h opiate dose,,,,,,1,,,"Historical possible overlapping publication family; retain evidence, exclude independent pooling."
V33-OD-0247,WONG06_EA_vs_SHAM_MORPHD0,Wong 2006,Postoperative opioid dose (native window/unit),IV PCA morphine consumption,Day 0,day 0,Mean/SD,EA,Sham,Postoperative electroacupuncture,Nonpenetrating sham acupuncture,mg IV morphine,13,12,8.3,4.9,7.8,6.4,,,INCLUDE,"Numerically extractable in its native endpoint/time/statistic; pooling still requires compatible stratum, comparator and independent-arm selection.",ROB2_RESULT_SPECIFIC_PENDING,,https://drive.google.com/file/d/1-XmRdgXyZmOmKIDRhL80sxha5M2P00jd/view?usp=drivesdk,Table 2 / postoperative PCA morphine,,0.5,2.293525,MD,Native MD; no pooled interpretation without compatible model.,1,0.085319,0.400502,"Native numeric candidate, not newly pooled: exact outcome definition/time/scale or prespecified arm selection requires a model-specific decision. No automatic pooling of the gap-fill audit."
V33-OD-0248,WONG06_EA_vs_SHAM_MORPHD1,Wong 2006,Postoperative opioid dose (native window/unit),IV PCA morphine consumption,Day 1,day 1,Mean/SD,EA,Sham,Postoperative electroacupuncture,Nonpenetrating sham acupuncture,mg IV morphine,13,12,18,8.8,18.8,9.8,,,INCLUDE,"Numerically extractable in its native endpoint/time/statistic; pooling still requires compatible stratum, comparator and independent-arm selection.",ROB2_RESULT_SPECIFIC_PENDING,,https://drive.google.com/file/d/1-XmRdgXyZmOmKIDRhL80sxha5M2P00jd/view?usp=drivesdk,Table 2 / postoperative PCA morphine,,-0.8,3.736343,MD,Native MD; no pooled interpretation without compatible model.,1,-0.08326,0.400494,"Native numeric candidate, not newly pooled: exact outcome definition/time/scale or prespecified arm selection requires a model-specific decision. No automatic pooling of the gap-fill audit."
V33-OD-0249,WONG06_EA_vs_SHAM_MORPHD2,Wong 2006,Postoperative opioid dose (native window/unit),IV PCA morphine consumption,Day 2,day 2,Mean/SD,EA,Sham,Postoperative electroacupuncture,Nonpenetrating sham acupuncture,mg IV morphine,13,12,7.5,5,15.7,12,,,INCLUDE,"Numerically extractable in its native endpoint/time/statistic; pooling still requires compatible stratum, comparator and independent-arm selection.",ROB2_RESULT_SPECIFIC_PENDING,,https://drive.google.com/file/d/1-XmRdgXyZmOmKIDRhL80sxha5M2P00jd/view?usp=drivesdk,Table 2 / postoperative PCA morphine,,-8.2,3.731364,MD,Native MD; no pooled interpretation without compatible model.,1,-0.87615,0.419058,"Native numeric candidate, not newly pooled: exact outcome definition/time/scale or prespecified arm selection requires a model-specific decision. No automatic pooling of the gap-fill audit."
V33-OD-0250,WONG06_EA_vs_SHAM_MORPHTOTAL,Wong 2006,Postoperative opioid dose (native window/unit),IV PCA morphine consumption,First 3 postoperative days total,first 3 postoperative days total,Mean/SD,EA,Sham,Postoperative electroacupuncture,Nonpenetrating sham acupuncture,mg IV morphine,13,12,33.9,12.8,42.3,21.3,,,INCLUDE,"Numerically extractable in its native endpoint/time/statistic; pooling still requires compatible stratum, comparator and independent-arm selection.",ROB2_RESULT_SPECIFIC_PENDING,,https://drive.google.com/file/d/1-XmRdgXyZmOmKIDRhL80sxha5M2P00jd/view?usp=drivesdk,Table 2 / postoperative PCA morphine,,-8.4,7.100041,MD,Native MD; no pooled interpretation without compatible model.,1,-0.467072,0.405733,"Native numeric candidate, not newly pooled: exact outcome definition/time/scale or prespecified arm selection requires a model-specific decision. No automatic pooling of the gap-fill audit."
V33-OD-0251,WONG06_EA_vs_SHAM_OPIOID24,Wong 2006,Postoperative opioid dose (native window/unit),Exact total opioid exposure,0-24 h,0-24h,Not reported,EA,Sham,Postoperative electroacupuncture,Nonpenetrating sham acupuncture,mg MME,13,12,,,,,,,NOT REPORTED,Accessed source does not supply the requested numerical result.,ROB2_RESULT_SPECIFIC_PENDING,,https://drive.google.com/file/d/1-XmRdgXyZmOmKIDRhL80sxha5M2P00jd/view?usp=drivesdk,Timing/analgesia protocol,,,,,,1,,,Accessed source does not supply the requested numerical result.
V33-OD-0253,ELR09_EA_vs_CTRL_MORPH4,El-Rakshy 2009,Postoperative opioid dose (native window/unit),Total IV morphine analgesia,First 4 h,first 4h,Mean/SD,EA,Usual care,Intraoperative EA + PCA,PCA alone/no acupuncture,mg IV morphine,40,53,13.4,7.5,13.2,8.6,,,INCLUDE,"Numerically extractable in its native endpoint/time/statistic; pooling still requires compatible stratum, comparator and independent-arm selection.",EXISTING_RESULT_SPECIFIC: High,,https://drive.google.com/file/d/12AfIox-MgnMU15U-mdvZgaTKnukXKvAR/view?usp=drivesdk,Table 2 / first 4 h,,0.2,1.673834,MD,Native MD; no pooled interpretation without compatible model.,1,0.024347,0.209454,"Native numeric candidate, not newly pooled: exact outcome definition/time/scale or prespecified arm selection requires a model-specific decision. No automatic pooling of the gap-fill audit."
V33-OD-0254,AN14_EA_vs_CTRL_FENT48,An 2014,Postoperative opioid dose (native window/unit),Total postoperative fentanyl PCIA dose,Through reported 48-h PCIA period,through reported 48-h pcia period,Mean/SD,EA,Usual care,Intraoperative electroacupuncture,No acupuncture control,mg fentanyl,41,40,0.67,0.09,0.73,0.12,,,INCLUDE,"Numerically extractable in its native endpoint/time/statistic; pooling still requires compatible stratum, comparator and independent-arm selection.",EXISTING_RESULT_SPECIFIC: High,,https://drive.google.com/file/d/1Ygu3g28udKuPe0OS95oge2ryIGNeJ0te/view?usp=drivesdk,Opioid/PCIA results,,-0.06,0.023613,MD,Native MD; no pooled interpretation without compatible model.,1,-0.561294,0.226572,"Native numeric candidate, not newly pooled: exact outcome definition/time/scale or prespecified arm selection requires a model-specific decision. No automatic pooling of the gap-fill audit."
V33-OD-0255,AN14_EA_vs_CTRL_OPIOID24,An 2014,Postoperative opioid dose (native window/unit),Exact cumulative postoperative fentanyl,0-24 h,0-24h,Not reported,EA,Usual care,Intraoperative electroacupuncture,No acupuncture control,mg/µg fentanyl,41,40,,,,,,,NOT REPORTED,Accessed source does not supply the requested numerical result.,ROB2_RESULT_SPECIFIC_PENDING,,https://drive.google.com/file/d/1Ygu3g28udKuPe0OS95oge2ryIGNeJ0te/view?usp=drivesdk,PCIA results,,,,,,1,,,Accessed source does not supply the requested numerical result.
V33-OD-0256,CHEN15Q_TEAS_vs_CTRL_QOR40,Chen 2015,QoR-40,Global QoR-40,24 h,24 h point,Median/IQR,TEAS,Sham,Preoperative TEAS,Electrodes/device with no stimulation,QoR-40 points,41,42,,,,,,,NARRATIVE ONLY,Median and original dispersion preserved; no mean/SD conversion or MD pooling.,EXISTING_RESULT_SPECIFIC: High,,https://drive.google.com/file/d/1ZtE8GImDcpDJH1tOvzqazoh_S4Gd67oH/view?usp=drivesdk,Table 2 / global QoR-40,,,,,,1,,,Median and original dispersion preserved; no mean/SD conversion or MD pooling.
V33-OD-0257,CHEN15Q_TEAS_vs_CTRL_PONV24,Chen 2015,PONV composite,PONV incidence,0-24 h,0-24h,Events/total,TEAS,Sham,Preoperative TEAS,Electrodes/device with no stimulation,participants,41,42,,,,,10,26,INCLUDE,"Numerically extractable in its native endpoint/time/statistic; pooling still requires compatible stratum, comparator and independent-arm selection.",ROB2_RESULT_SPECIFIC_PENDING,,https://drive.google.com/file/d/1ZtE8GImDcpDJH1tOvzqazoh_S4Gd67oH/view?usp=drivesdk,Table 3 / PONV,,-0.931414,0.300436,logRR,Uncorrected log risk ratio,1,,,"Native numeric candidate, not newly pooled: exact outcome definition/time/scale or prespecified arm selection requires a model-specific decision. No automatic pooling of the gap-fill audit."
V33-OD-0258,CHEN15Q_TEAS_vs_CTRL_RESCUEMORPH24,Chen 2015,Rescue opioid frequency / dose (native unit),Cumulative rescue IV morphine dose derived from fixed 2-mg rescue administrations,0-24 h,0-24h,Median/IQR,TEAS,Sham,Preoperative TEAS,Electrodes/device with no stimulation,mg IV morphine,41,42,,,,,,,NARRATIVE ONLY,Median and original dispersion preserved; no mean/SD conversion or MD pooling.,ROB2_RESULT_SPECIFIC_PENDING,,https://drive.google.com/file/d/1ZtE8GImDcpDJH1tOvzqazoh_S4Gd67oH/view?usp=drivesdk,Methods + Table 3,,,,,,1,,,Median and original dispersion preserved; no mean/SD conversion or MD pooling.
V33-OD-0259,CHEN15H_TEAS_vs_SHAM_RESCUECOUNT24,Chen 2015 (Hyperalgesia),PCA deliveries / bolus count,Cumulative number of rescue sufentanil PCIA boluses,0-24 h,0-24h,Median/IQR,TEAS,Sham,Preoperative TEAS,Electrodes/no-current sham,boluses,29,30,,,,,,,NARRATIVE ONLY,Median and original dispersion preserved; no mean/SD conversion or MD pooling.,ROB2_RESULT_SPECIFIC_PENDING,,https://drive.google.com/file/d/13YKAZZsc2VQEPqkw1Ye40BYDZSRpI6N3/view?usp=drivesdk,Table 2 / cumulative rescue analgesia,,,,,,1,,,Median and original dispersion preserved; no mean/SD conversion or MD pooling.
V33-OD-0260,CHEN15H_TEAS_vs_SHAM_SUFKG24,Chen 2015 (Hyperalgesia),Postoperative opioid dose (native window/unit),Derived cumulative sufentanil dose from fixed 0.05 µg/kg bolus,0-24 h,0-24h,Median/IQR,TEAS,Sham,Preoperative TEAS,Electrodes/no-current sham,µg/kg sufentanil,29,30,,,,,,,NARRATIVE ONLY,Median and original dispersion preserved; no mean/SD conversion or MD pooling.,ROB2_RESULT_SPECIFIC_PENDING,,https://drive.google.com/file/d/13YKAZZsc2VQEPqkw1Ye40BYDZSRpI6N3/view?usp=drivesdk,PCIA protocol + Table 2,,,,,,1,,,Median and original dispersion preserved; no mean/SD conversion or MD pooling.
V33-OD-0261,CHEN15H_TEAS_vs_SHAM_PONV24,Chen 2015 (Hyperalgesia),PONV composite,PONV incidence,0-24 h,0-24h,Events/total,TEAS,Sham,Preoperative TEAS,Electrodes/no-current sham,participants,29,30,,,,,5,13,INCLUDE,"Numerically extractable in its native endpoint/time/statistic; pooling still requires compatible stratum, comparator and independent-arm selection.",ROB2_RESULT_SPECIFIC_PENDING,,https://drive.google.com/file/d/13YKAZZsc2VQEPqkw1Ye40BYDZSRpI6N3/view?usp=drivesdk,Table 2 / PONV,,-0.92161,0.457282,logRR,Uncorrected log risk ratio,1,,,"Native numeric candidate, not newly pooled: exact outcome definition/time/scale or prespecified arm selection requires a model-specific decision. No automatic pooling of the gap-fill audit."
V33-OD-0262,AO21_TEAS_vs_SHAM_PCA48,Ao 2021,PCIA solution volume,Cumulative PCA solution consumption,48 h,48h,Mean/SD,TEAS,Sham,Repeated perioperative TEAS,Sham/no current,mL PCA solution,32,33,102.8,7.4,120.6,9.2,,,INCLUDE,"Numerically extractable in its native endpoint/time/statistic; pooling still requires compatible stratum, comparator and independent-arm selection.",EXISTING_RESULT_SPECIFIC: Some concerns,,https://drive.google.com/file/d/1tNFnY0fJpx53hrtY4DIaE1RsNjE55Xvd/view?usp=drivesdk,48-h PCA result,,-17.8,2.067873,MD,Native MD; no pooled interpretation without compatible model.,1,-2.103023,0.30915,"Native numeric candidate, not newly pooled: exact outcome definition/time/scale or prespecified arm selection requires a model-specific decision. No automatic pooling of the gap-fill audit."
V33-OD-0263,WU16_TAES_vs_ACTIVE_OPIOID24,Wu 2016,Postoperative opioid dose (native window/unit),Exact cumulative postoperative opioid/tramadol consumption,0-24 h,0-24h,Not reported,MODALITY_REVIEW_REQUIRED,CONTROL_TYPE_REVIEW_REQUIRED,Perioperative true-acupoint TAES (LI4/PC6/SI3/SJ6),Active nonacupoint electrical stimulation (identical 2/100-Hz current),mg tramadol (IV rescue),27,27,,,,,,,NOT REPORTED,Accessed source does not supply the requested numerical result.,ROB2_RESULT_SPECIFIC_PENDING,,https://drive.google.com/file/d/1CXkJN0GF45qOQtRcL7EbgmbypBrNnmri/view?usp=drivesdk,Pain measurement / rescue analgesia methods and results,,,,,,1,,,Accessed source does not supply the requested numerical result.
V33-OD-0264,WU16_TAES_vs_UC_OPIOID24,Wu 2016,Postoperative opioid dose (native window/unit),Exact cumulative postoperative opioid/tramadol consumption,0-24 h,0-24h,Not reported,MODALITY_REVIEW_REQUIRED,CONTROL_TYPE_REVIEW_REQUIRED,Perioperative true-acupoint TAES (LI4/PC6/SI3/SJ6),No-TAES thoracotomy control,mg tramadol (IV rescue),27,27,,,,,,,NOT REPORTED,Accessed source does not supply the requested numerical result.,ROB2_RESULT_SPECIFIC_PENDING,,https://drive.google.com/file/d/1CXkJN0GF45qOQtRcL7EbgmbypBrNnmri/view?usp=drivesdk,Pain measurement / rescue analgesia methods and results,,,,,,1,,,Accessed source does not supply the requested numerical result.
V33-OD-0265,WU16_TAES_vs_ACTIVE_REST24,Wu 2016,Pain — rest,VAS pain intensity at rest,24 h postoperatively,24 h point,Graph-only continuous data,MODALITY_REVIEW_REQUIRED,CONTROL_TYPE_REVIEW_REQUIRED,Perioperative true-acupoint TAES (LI4/PC6/SI3/SJ6),Active nonacupoint electrical stimulation (identical 2/100-Hz current),VAS 0-10,27,27,,,,,,,GRAPH ONLY,No new graph digitization; historical digitized data require their original validation before pooling.,ROB2_RESULT_SPECIFIC_PENDING,,https://drive.google.com/file/d/1CXkJN0GF45qOQtRcL7EbgmbypBrNnmri/view?usp=drivesdk,Figure 1A / 24-h point,,,,,,1,,,No new graph digitization; historical digitized data require their original validation before pooling.
V33-OD-0266,WU16_TAES_vs_UC_REST24,Wu 2016,Pain — rest,VAS pain intensity at rest,24 h postoperatively,24 h point,Graph-only continuous data,MODALITY_REVIEW_REQUIRED,CONTROL_TYPE_REVIEW_REQUIRED,Perioperative true-acupoint TAES (LI4/PC6/SI3/SJ6),No-TAES thoracotomy control,VAS 0-10,27,27,,,,,,,GRAPH ONLY,No new graph digitization; historical digitized data require their original validation before pooling.,ROB2_RESULT_SPECIFIC_PENDING,,https://drive.google.com/file/d/1CXkJN0GF45qOQtRcL7EbgmbypBrNnmri/view?usp=drivesdk,Figure 1A / 24-h point,,,,,,1,,,No new graph digitization; historical digitized data require their original validation before pooling.
V33-OD-0267,WU16_TAES_vs_ACTIVE_COUGH24,Wu 2016,Pain — cough,VAS pain intensity during coughing,24 h postoperatively,24 h point,Graph-only continuous data,MODALITY_REVIEW_REQUIRED,CONTROL_TYPE_REVIEW_REQUIRED,Perioperative true-acupoint TAES (LI4/PC6/SI3/SJ6),Active nonacupoint electrical stimulation (identical 2/100-Hz current),VAS 0-10,27,27,,,,,,,GRAPH ONLY,No new graph digitization; historical digitized data require their original validation before pooling.,ROB2_RESULT_SPECIFIC_PENDING,,https://drive.google.com/file/d/1CXkJN0GF45qOQtRcL7EbgmbypBrNnmri/view?usp=drivesdk,Figure 1B / 24-h point,,,,,,1,,,No new graph digitization; historical digitized data require their original validation before pooling.
V33-OD-0268,WU16_TAES_vs_UC_COUGH24,Wu 2016,Pain — cough,VAS pain intensity during coughing,24 h postoperatively,24 h point,Graph-only continuous data,MODALITY_REVIEW_REQUIRED,CONTROL_TYPE_REVIEW_REQUIRED,Perioperative true-acupoint TAES (LI4/PC6/SI3/SJ6),No-TAES thoracotomy control,VAS 0-10,27,27,,,,,,,GRAPH ONLY,No new graph digitization; historical digitized data require their original validation before pooling.,ROB2_RESULT_SPECIFIC_PENDING,,https://drive.google.com/file/d/1CXkJN0GF45qOQtRcL7EbgmbypBrNnmri/view?usp=drivesdk,Figure 1B / 24-h point,,,,,,1,,,No new graph digitization; historical digitized data require their original validation before pooling.
V33-OD-0269,WU16_TAES_vs_ACTIVE_PONV,Wu 2016,PONV composite,Postoperative nausea/vomiting incidence,Postoperative period; exact window not reported,postoperative period; exact window not reported,Events/total,MODALITY_REVIEW_REQUIRED,CONTROL_TYPE_REVIEW_REQUIRED,Perioperative true-acupoint TAES (LI4/PC6/SI3/SJ6),Active nonacupoint electrical stimulation (identical 2/100-Hz current),participants,27,27,,,,,3,8,INCLUDE,"Numerically extractable in its native endpoint/time/statistic; pooling still requires compatible stratum, comparator and independent-arm selection.",EXISTING_RESULT_SPECIFIC: Some concerns,,https://drive.google.com/file/d/1CXkJN0GF45qOQtRcL7EbgmbypBrNnmri/view?usp=drivesdk,Table II / postoperative complications,,-0.980829,0.619886,logRR,Uncorrected log risk ratio,1,,,"Native numeric candidate, not newly pooled: exact outcome definition/time/scale or prespecified arm selection requires a model-specific decision. No automatic pooling of the gap-fill audit."
V33-OD-0270,WU16_TAES_vs_UC_PONV,Wu 2016,PONV composite,Postoperative nausea/vomiting incidence,Postoperative period; exact window not reported,postoperative period; exact window not reported,Events/total,MODALITY_REVIEW_REQUIRED,CONTROL_TYPE_REVIEW_REQUIRED,Perioperative true-acupoint TAES (LI4/PC6/SI3/SJ6),No-TAES thoracotomy control,participants,27,27,,,,,3,9,INCLUDE,"Numerically extractable in its native endpoint/time/statistic; pooling still requires compatible stratum, comparator and independent-arm selection.",ROB2_RESULT_SPECIFIC_PENDING,,https://drive.google.com/file/d/1CXkJN0GF45qOQtRcL7EbgmbypBrNnmri/view?usp=drivesdk,Table II / postoperative complications,,-1.098612,0.608581,logRR,Uncorrected log risk ratio,1,,,"Native numeric candidate, not newly pooled: exact outcome definition/time/scale or prespecified arm selection requires a model-specific decision. No automatic pooling of the gap-fill audit."
V33-OD-0271,WU16_TAES_vs_ACTIVE_LOS,Wu 2016,LOS,Hospital length of stay,Postoperative hospitalization,postoperative hospitalization,Mean/SD,MODALITY_REVIEW_REQUIRED,CONTROL_TYPE_REVIEW_REQUIRED,Perioperative true-acupoint TAES (LI4/PC6/SI3/SJ6),Active nonacupoint electrical stimulation (identical 2/100-Hz current),days,27,27,8.7,1.9,11.5,1.6,,,INCLUDE,"Numerically extractable in its native endpoint/time/statistic; pooling still requires compatible stratum, comparator and independent-arm selection.",ROB2_RESULT_SPECIFIC_PENDING,,https://drive.google.com/file/d/1CXkJN0GF45qOQtRcL7EbgmbypBrNnmri/view?usp=drivesdk,Results / hospital stays,,-2.8,0.478036,MD,Native MD; no pooled interpretation without compatible model.,1,-1.571051,0.311332,"Native numeric candidate, not newly pooled: exact outcome definition/time/scale or prespecified arm selection requires a model-specific decision. No automatic pooling of the gap-fill audit."
V33-OD-0272,WU16_TAES_vs_UC_LOS,Wu 2016,LOS,Hospital length of stay,Postoperative hospitalization,postoperative hospitalization,Mean/SD,MODALITY_REVIEW_REQUIRED,CONTROL_TYPE_REVIEW_REQUIRED,Perioperative true-acupoint TAES (LI4/PC6/SI3/SJ6),No-TAES thoracotomy control,days,27,27,8.7,1.9,10.3,1.5,,,INCLUDE,"Numerically extractable in its native endpoint/time/statistic; pooling still requires compatible stratum, comparator and independent-arm selection.",ROB2_RESULT_SPECIFIC_PENDING,,https://drive.google.com/file/d/1CXkJN0GF45qOQtRcL7EbgmbypBrNnmri/view?usp=drivesdk,Results / hospital stays,,-1.6,0.465872,MD,Native MD; no pooled interpretation without compatible model.,1,-0.921183,0.286236,"Native numeric candidate, not newly pooled: exact outcome definition/time/scale or prespecified arm selection requires a model-specific decision. No automatic pooling of the gap-fill audit."
V33-OD-0273,WU16_TAES_vs_UC_RESCUE,Wu 2016,Rescue opioid frequency / dose (native unit),Rescue IV tramadol requirement,Postoperative period; exact window not reported,postoperative period; exact window not reported,Qualitative / exact quantities unavailable,MODALITY_REVIEW_REQUIRED,CONTROL_TYPE_REVIEW_REQUIRED,Perioperative true-acupoint TAES (LI4/PC6/SI3/SJ6),No-TAES thoracotomy control,100 mg IV tramadol per rescue,27,27,,,,,,,HOLD,Nonstandard or incomplete statistic; no inferred quantities.,ROB2_RESULT_SPECIFIC_PENDING,,https://drive.google.com/file/d/1CXkJN0GF45qOQtRcL7EbgmbypBrNnmri/view?usp=drivesdk,Results / rescue analgesic demand,,,,,,1,,,Nonstandard or incomplete statistic; no inferred quantities.
V33-OD-0274,GAO22_TEAS_vs_SHAM_SUFPUMP24,Gao 2022,Postoperative opioid dose (native window/unit),Cumulative postoperative sufentanil delivered by analgesic pump,0-24 h,0-24h,Median/IQR,TEAS,Sham,"Postoperative TEAS at bilateral P6/ST36 (2/10 Hz, 30 min ×2)",No-current sham with identical electrode/device setup,µg sufentanil,827,828,,,,,,,NARRATIVE ONLY,Median and original dispersion preserved; no mean/SD conversion or MD pooling.,EXISTING_RESULT_SPECIFIC: Some concerns,,https://drive.google.com/file/d/1_DV8ZFHIZwC_SnRMP3IokKfeEs6QzD0S/view?usp=drivesdk,"Table 2 / 24 h analgesic pump, µg",,,,,,1,,,Median and original dispersion preserved; no mean/SD conversion or MD pooling.
V33-OD-0275,GAO22_TEAS_vs_SHAM_PAIN24,Gao 2022,Pain — unspecified context,24 h postoperative pain VAS score,0-24 h / 24 h assessment,0-24h / 24h assessment,Mean/SD,TEAS,Sham,"Postoperative TEAS at bilateral P6/ST36 (2/10 Hz, 30 min ×2)",No-current sham with identical electrode/device setup,VAS 0-10,827,828,2,1.7,2.2,1.8,,,INCLUDE,"Numerically extractable in its native endpoint/time/statistic; pooling still requires compatible stratum, comparator and independent-arm selection.",ROB2_RESULT_SPECIFIC_PENDING,,https://drive.google.com/file/d/1_DV8ZFHIZwC_SnRMP3IokKfeEs6QzD0S/view?usp=drivesdk,Table 3 / 24 h pain VAS,,-0.2,0.086067,MD,Native MD; no pooled interpretation without compatible model.,1,-0.114185,0.049202,"Native numeric candidate, not newly pooled: exact outcome definition/time/scale or prespecified arm selection requires a model-specific decision. No automatic pooling of the gap-fill audit."
V33-OD-0276,GAO22_TEAS_vs_SHAM_PONV24,Gao 2022,PONV composite,Any postoperative nausea and/or retching and/or vomiting,0-24 h,0-24h,Events/total,TEAS,Sham,"Postoperative TEAS at bilateral P6/ST36 (2/10 Hz, 30 min ×2)",No-current sham with identical electrode/device setup,participants with PONV,827,828,,,,,243,283,INCLUDE,"Numerically extractable in its native endpoint/time/statistic; pooling still requires compatible stratum, comparator and independent-arm selection.",ROB2_RESULT_SPECIFIC_PENDING,,https://drive.google.com/file/d/1_DV8ZFHIZwC_SnRMP3IokKfeEs6QzD0S/view?usp=drivesdk,Table 3 / primary 24 h PONV outcome,,-0.151177,0.072332,logRR,Uncorrected log risk ratio,1,,,"Native numeric candidate, not newly pooled: exact outcome definition/time/scale or prespecified arm selection requires a model-specific decision. No automatic pooling of the gap-fill audit."
V33-OD-0277,GAO22_TEAS_vs_SHAM_VOMIT24,Gao 2022,Vomiting,Postoperative vomiting incidence,0-24 h,0-24h,Events/total,TEAS,Sham,"Postoperative TEAS at bilateral P6/ST36 (2/10 Hz, 30 min ×2)",No-current sham with identical electrode/device setup,participants with vomiting,827,828,,,,,86,147,INCLUDE,"Numerically extractable in its native endpoint/time/statistic; pooling still requires compatible stratum, comparator and independent-arm selection.",ROB2_RESULT_SPECIFIC_PENDING,,https://drive.google.com/file/d/1_DV8ZFHIZwC_SnRMP3IokKfeEs6QzD0S/view?usp=drivesdk,Table 3 / 24 h vomiting,,-0.534877,0.126545,logRR,Uncorrected log risk ratio,1,,,"Native numeric candidate, not newly pooled: exact outcome definition/time/scale or prespecified arm selection requires a model-specific decision. No automatic pooling of the gap-fill audit."
V33-OD-0278,GAO22_TEAS_vs_SHAM_PERSISTNAUSEA24,Gao 2022,Nausea,Persistent nausea (>5 min),0-24 h,0-24h,Events/total,TEAS,Sham,"Postoperative TEAS at bilateral P6/ST36 (2/10 Hz, 30 min ×2)",No-current sham with identical electrode/device setup,participants with persistent nausea,827,828,,,,,18,42,INCLUDE,"Numerically extractable in its native endpoint/time/statistic; pooling still requires compatible stratum, comparator and independent-arm selection.",ROB2_RESULT_SPECIFIC_PENDING,,https://drive.google.com/file/d/1_DV8ZFHIZwC_SnRMP3IokKfeEs6QzD0S/view?usp=drivesdk,Table 3 / persistent nausea,,-0.846089,0.277395,logRR,Uncorrected log risk ratio,1,,,"Native numeric candidate, not newly pooled: exact outcome definition/time/scale or prespecified arm selection requires a model-specific decision. No automatic pooling of the gap-fill audit."
V33-OD-0279,GAO22_TEAS_vs_SHAM_SUFINTRA,Gao 2022,Intraoperative opioid,Intraoperative sufentanil dose,Intraoperative,intraoperative,Median/IQR,TEAS,Sham,"Postoperative TEAS at bilateral P6/ST36 (2/10 Hz, 30 min ×2)",No-current sham with identical electrode/device setup,µg sufentanil,827,828,,,,,,,NARRATIVE ONLY,Median and original dispersion preserved; no mean/SD conversion or MD pooling.,ROB2_RESULT_SPECIFIC_PENDING,,https://drive.google.com/file/d/1_DV8ZFHIZwC_SnRMP3IokKfeEs6QzD0S/view?usp=drivesdk,Table 2 / intraoperative sufentanil,,,,,,1,,,Median and original dispersion preserved; no mean/SD conversion or MD pooling.
V33-OD-0280,GAO22_TEAS_vs_SHAM_REMIINTRA,Gao 2022,Intraoperative opioid,Intraoperative remifentanil dose,Intraoperative,intraoperative,Median/IQR,TEAS,Sham,"Postoperative TEAS at bilateral P6/ST36 (2/10 Hz, 30 min ×2)",No-current sham with identical electrode/device setup,µg remifentanil,827,828,,,,,,,NARRATIVE ONLY,Median and original dispersion preserved; no mean/SD conversion or MD pooling.,ROB2_RESULT_SPECIFIC_PENDING,,https://drive.google.com/file/d/1_DV8ZFHIZwC_SnRMP3IokKfeEs6QzD0S/view?usp=drivesdk,Table 2 / intraoperative remifentanil,,,,,,1,,,Median and original dispersion preserved; no mean/SD conversion or MD pooling.
V33-OD-0281,LIU15_TEAS_vs_SHAM_OPIOID24,Liu 2015,Postoperative opioid dose (native window/unit),Exact cumulative postoperative sufentanil PCIA consumption,0-24 h,0-24h,Not reported,TEAS,Sham,Multipoint intraoperative TEAS (2/100 Hz; 30 min pre-induction through end of surgery),No-current sham TEAS with identical electrode placement/device setup,µg sufentanil,44,44,,,,,,,NOT REPORTED,Accessed source does not supply the requested numerical result.,ROB2_RESULT_SPECIFIC_PENDING,,https://drive.google.com/file/d/1R0ueeZhpBPbKOmqRfRyFTsqp7qq7ftqp/view?usp=drivesdk,Postoperative analgesia methods; no cumulative 0-24 h dose in results,,,,,,1,,,Accessed source does not supply the requested numerical result.
V33-OD-0283,LIU15_TEAS_vs_SHAM_PROPINTRA,Liu 2015,Intraoperative anesthetic,Total intraoperative propofol consumption,Intraoperative,intraoperative,Mean/SD,TEAS,Sham,Multipoint intraoperative TEAS (2/100 Hz; 30 min pre-induction through end of surgery),No-current sham TEAS with identical electrode placement/device setup,mg propofol,44,44,216.3,67.72,234.1,71.3,,,INCLUDE,"Numerically extractable in its native endpoint/time/statistic; pooling still requires compatible stratum, comparator and independent-arm selection.",ROB2_RESULT_SPECIFIC_PENDING,,https://drive.google.com/file/d/1R0ueeZhpBPbKOmqRfRyFTsqp7qq7ftqp/view?usp=drivesdk,Table 2 / intraoperative anesthetics consumption,,-17.8,14.824495,MD,Native MD; no pooled interpretation without compatible model.,1,-0.253754,0.214057,"Native numeric candidate, not newly pooled: exact outcome definition/time/scale or prespecified arm selection requires a model-specific decision. No automatic pooling of the gap-fill audit."
V33-OD-0284,LIU15_TEAS_vs_SHAM_RESP,Liu 2015,Recovery,Time to spontaneous respiration after anesthesia,Immediate postoperative recovery,immediate postoperative recovery,Mean/SD,TEAS,Sham,Multipoint intraoperative TEAS (2/100 Hz; 30 min pre-induction through end of surgery),No-current sham TEAS with identical electrode placement/device setup,minutes,44,44,16,9.99,23.4,14.13,,,INCLUDE,"Numerically extractable in its native endpoint/time/statistic; pooling still requires compatible stratum, comparator and independent-arm selection.",ROB2_RESULT_SPECIFIC_PENDING,,https://drive.google.com/file/d/1R0ueeZhpBPbKOmqRfRyFTsqp7qq7ftqp/view?usp=drivesdk,Table 2 / clinical recovery from anesthesia,,-7.4,2.608801,MD,Native MD; no pooled interpretation without compatible model.,1,-0.599466,0.217937,"Native numeric candidate, not newly pooled: exact outcome definition/time/scale or prespecified arm selection requires a model-specific decision. No automatic pooling of the gap-fill audit."
V33-OD-0285,LIU15_TEAS_vs_SHAM_EXTUB,Liu 2015,Recovery,Extubation time,Immediate postoperative recovery,immediate postoperative recovery,Mean/SD,TEAS,Sham,Multipoint intraoperative TEAS (2/100 Hz; 30 min pre-induction through end of surgery),No-current sham TEAS with identical electrode placement/device setup,minutes,44,44,26.6,14.17,33.7,17.4,,,INCLUDE,"Numerically extractable in its native endpoint/time/statistic; pooling still requires compatible stratum, comparator and independent-arm selection.",ROB2_RESULT_SPECIFIC_PENDING,,https://drive.google.com/file/d/1R0ueeZhpBPbKOmqRfRyFTsqp7qq7ftqp/view?usp=drivesdk,Table 2 / clinical recovery from anesthesia,,-7.1,3.382941,MD,Native MD; no pooled interpretation without compatible model.,1,-0.443545,0.215806,"Native numeric candidate, not newly pooled: exact outcome definition/time/scale or prespecified arm selection requires a model-specific decision. No automatic pooling of the gap-fill audit."
V33-OD-0286,LIU15_TEAS_vs_SHAM_EYEOPEN,Liu 2015,Recovery,Eye-opening time,Immediate postoperative recovery,immediate postoperative recovery,Mean/SD,TEAS,Sham,Multipoint intraoperative TEAS (2/100 Hz; 30 min pre-induction through end of surgery),No-current sham TEAS with identical electrode placement/device setup,minutes,44,44,22.2,12.04,28.2,17.74,,,INCLUDE,"Numerically extractable in its native endpoint/time/statistic; pooling still requires compatible stratum, comparator and independent-arm selection.",ROB2_RESULT_SPECIFIC_PENDING,,https://drive.google.com/file/d/1R0ueeZhpBPbKOmqRfRyFTsqp7qq7ftqp/view?usp=drivesdk,Table 2 / clinical recovery from anesthesia,,-6.0,3.232186,MD,Native MD; no pooled interpretation without compatible model.,1,-0.392309,0.215242,"Native numeric candidate, not newly pooled: exact outcome definition/time/scale or prespecified arm selection requires a model-specific decision. No automatic pooling of the gap-fill audit."
V33-OD-0287,LIU15_TEAS_vs_SHAM_MOVE,Liu 2015,Recovery,Time to spontaneous movement,Immediate postoperative recovery,immediate postoperative recovery,Mean/SD,TEAS,Sham,Multipoint intraoperative TEAS (2/100 Hz; 30 min pre-induction through end of surgery),No-current sham TEAS with identical electrode placement/device setup,minutes,44,44,27.5,13.79,34.3,22.59,,,INCLUDE,"Numerically extractable in its native endpoint/time/statistic; pooling still requires compatible stratum, comparator and independent-arm selection.",ROB2_RESULT_SPECIFIC_PENDING,,https://drive.google.com/file/d/1R0ueeZhpBPbKOmqRfRyFTsqp7qq7ftqp/view?usp=drivesdk,Table 2 / clinical recovery from anesthesia,,-6.8,3.989965,MD,Native MD; no pooled interpretation without compatible model.,1,-0.360175,0.214922,"Native numeric candidate, not newly pooled: exact outcome definition/time/scale or prespecified arm selection requires a model-specific decision. No automatic pooling of the gap-fill audit."
V33-OD-0288,LIU15_TEAS_vs_SHAM_REORIENT,Liu 2015,Recovery,Time to reorientation,Immediate postoperative recovery,immediate postoperative recovery,Mean/SD,TEAS,Sham,Multipoint intraoperative TEAS (2/100 Hz; 30 min pre-induction through end of surgery),No-current sham TEAS with identical electrode placement/device setup,minutes,44,44,35.3,16.11,42.7,19.8,,,INCLUDE,"Numerically extractable in its native endpoint/time/statistic; pooling still requires compatible stratum, comparator and independent-arm selection.",ROB2_RESULT_SPECIFIC_PENDING,,https://drive.google.com/file/d/1R0ueeZhpBPbKOmqRfRyFTsqp7qq7ftqp/view?usp=drivesdk,Table 2 / clinical recovery from anesthesia,,-7.4,3.848176,MD,Native MD; no pooled interpretation without compatible model.,1,-0.406397,0.21539,"Native numeric candidate, not newly pooled: exact outcome definition/time/scale or prespecified arm selection requires a model-specific decision. No automatic pooling of the gap-fill audit."
V33-OD-0289,LIU15_TEAS_vs_SHAM_ORDISCH,Liu 2015,Recovery,Time to discharge from operating room,Immediate postoperative recovery,immediate postoperative recovery,Mean/SD,TEAS,Sham,Multipoint intraoperative TEAS (2/100 Hz; 30 min pre-induction through end of surgery),No-current sham TEAS with identical electrode placement/device setup,minutes,44,44,39.8,15.74,48.7,16.7,,,INCLUDE,"Numerically extractable in its native endpoint/time/statistic; pooling still requires compatible stratum, comparator and independent-arm selection.",ROB2_RESULT_SPECIFIC_PENDING,,https://drive.google.com/file/d/1R0ueeZhpBPbKOmqRfRyFTsqp7qq7ftqp/view?usp=drivesdk,Table 2 / clinical recovery from anesthesia,,-8.9,3.45963,MD,Native MD; no pooled interpretation without compatible model.,1,-0.543668,0.217104,"Native numeric candidate, not newly pooled: exact outcome definition/time/scale or prespecified arm selection requires a model-specific decision. No automatic pooling of the gap-fill audit."
V33-OD-0290,LIU15_TEAS_vs_SHAM_PAINPOD1,Liu 2015,Pain — unspecified context,Postoperative VAS pain score,Postoperative day 1,postoperative day 1,Graph-only continuous data,TEAS,Sham,Multipoint intraoperative TEAS (2/100 Hz; 30 min pre-induction through end of surgery),No-current sham TEAS with identical electrode placement/device setup,VAS 0-10,44,44,,,,,,,GRAPH ONLY,No new graph digitization; historical digitized data require their original validation before pooling.,ROB2_RESULT_SPECIFIC_PENDING,,https://drive.google.com/file/d/1R0ueeZhpBPbKOmqRfRyFTsqp7qq7ftqp/view?usp=drivesdk,Figure 2 / Postoperative day 1,,,,,,1,,,No new graph digitization; historical digitized data require their original validation before pooling.
V33-OD-0291,LIU15_TEAS_vs_SHAM_PAINPOD2,Liu 2015,Pain — unspecified context,Postoperative VAS pain score,Postoperative day 2,postoperative day 2,Graph-only continuous data,TEAS,Sham,Multipoint intraoperative TEAS (2/100 Hz; 30 min pre-induction through end of surgery),No-current sham TEAS with identical electrode placement/device setup,VAS 0-10,44,44,,,,,,,GRAPH ONLY,No new graph digitization; historical digitized data require their original validation before pooling.,ROB2_RESULT_SPECIFIC_PENDING,,https://drive.google.com/file/d/1R0ueeZhpBPbKOmqRfRyFTsqp7qq7ftqp/view?usp=drivesdk,Figure 2 / Postoperative day 2,,,,,,1,,,No new graph digitization; historical digitized data require their original validation before pooling.
V33-OD-0292,LIU15_TEAS_vs_SHAM_PAINPOD3,Liu 2015,Pain — unspecified context,Postoperative VAS pain score,Postoperative day 3,postoperative day 3,Graph-only continuous data,TEAS,Sham,Multipoint intraoperative TEAS (2/100 Hz; 30 min pre-induction through end of surgery),No-current sham TEAS with identical electrode placement/device setup,VAS 0-10,44,44,,,,,,,GRAPH ONLY,No new graph digitization; historical digitized data require their original validation before pooling.,ROB2_RESULT_SPECIFIC_PENDING,,https://drive.google.com/file/d/1R0ueeZhpBPbKOmqRfRyFTsqp7qq7ftqp/view?usp=drivesdk,Figure 2 / Postoperative day 3,,,,,,1,,,No new graph digitization; historical digitized data require their original validation before pooling.
V33-OD-0293,LIU15_TEAS_vs_SHAM_NAUSEAPOD1,Liu 2015,Nausea,Postoperative nausea incidence,Postoperative day 1,postoperative day 1,Events/total,TEAS,Sham,Multipoint intraoperative TEAS (2/100 Hz; 30 min pre-induction through end of surgery),No-current sham TEAS with identical electrode placement/device setup,participants with nausea,44,44,,,,,11,9,INCLUDE,"Numerically extractable in its native endpoint/time/statistic; pooling still requires compatible stratum, comparator and independent-arm selection.",ROB2_RESULT_SPECIFIC_PENDING,,https://drive.google.com/file/d/1R0ueeZhpBPbKOmqRfRyFTsqp7qq7ftqp/view?usp=drivesdk,Table 3 / Postoperative day 1,,0.200671,0.395684,logRR,Uncorrected log risk ratio,1,,,"Native numeric candidate, not newly pooled: exact outcome definition/time/scale or prespecified arm selection requires a model-specific decision. No automatic pooling of the gap-fill audit."
V33-OD-0294,LIU15_TEAS_vs_SHAM_NAUSEAPOD2,Liu 2015,Nausea,Postoperative nausea incidence,Postoperative day 2,postoperative day 2,Events/total,TEAS,Sham,Multipoint intraoperative TEAS (2/100 Hz; 30 min pre-induction through end of surgery),No-current sham TEAS with identical electrode placement/device setup,participants with nausea,44,44,,,,,2,5,INCLUDE,"Numerically extractable in its native endpoint/time/statistic; pooling still requires compatible stratum, comparator and independent-arm selection.",ROB2_RESULT_SPECIFIC_PENDING,,https://drive.google.com/file/d/1R0ueeZhpBPbKOmqRfRyFTsqp7qq7ftqp/view?usp=drivesdk,Table 3 / Postoperative day 2,,-0.916291,0.80904,logRR,Uncorrected log risk ratio,1,,,"Native numeric candidate, not newly pooled: exact outcome definition/time/scale or prespecified arm selection requires a model-specific decision. No automatic pooling of the gap-fill audit."
V33-OD-0295,LIU15_TEAS_vs_SHAM_NAUSEAPOD3,Liu 2015,Nausea,Postoperative nausea incidence,Postoperative day 3,postoperative day 3,Events/total,TEAS,Sham,Multipoint intraoperative TEAS (2/100 Hz; 30 min pre-induction through end of surgery),No-current sham TEAS with identical electrode placement/device setup,participants with nausea,44,44,,,,,2,2,INCLUDE,"Numerically extractable in its native endpoint/time/statistic; pooling still requires compatible stratum, comparator and independent-arm selection.",ROB2_RESULT_SPECIFIC_PENDING,,https://drive.google.com/file/d/1R0ueeZhpBPbKOmqRfRyFTsqp7qq7ftqp/view?usp=drivesdk,Table 3 / Postoperative day 3,,0.0,0.977008,logRR,Uncorrected log risk ratio,1,,,"Native numeric candidate, not newly pooled: exact outcome definition/time/scale or prespecified arm selection requires a model-specific decision. No automatic pooling of the gap-fill audit."
V33-OD-0296,LIU15_TEAS_vs_SHAM_VOMITPOD1,Liu 2015,Vomiting,Postoperative vomiting incidence,Postoperative day 1,postoperative day 1,Events/total,TEAS,Sham,Multipoint intraoperative TEAS (2/100 Hz; 30 min pre-induction through end of surgery),No-current sham TEAS with identical electrode placement/device setup,participants with vomiting,44,44,,,,,9,8,INCLUDE,"Numerically extractable in its native endpoint/time/statistic; pooling still requires compatible stratum, comparator and independent-arm selection.",ROB2_RESULT_SPECIFIC_PENDING,,https://drive.google.com/file/d/1R0ueeZhpBPbKOmqRfRyFTsqp7qq7ftqp/view?usp=drivesdk,Table 3 / Postoperative day 1,,0.117783,0.436642,logRR,Uncorrected log risk ratio,1,,,"Native numeric candidate, not newly pooled: exact outcome definition/time/scale or prespecified arm selection requires a model-specific decision. No automatic pooling of the gap-fill audit."
V33-OD-0297,LIU15_TEAS_vs_SHAM_VOMITPOD2,Liu 2015,Vomiting,Postoperative vomiting incidence,Postoperative day 2,postoperative day 2,Events/total,TEAS,Sham,Multipoint intraoperative TEAS (2/100 Hz; 30 min pre-induction through end of surgery),No-current sham TEAS with identical electrode placement/device setup,participants with vomiting,44,44,,,,,2,4,INCLUDE,"Numerically extractable in its native endpoint/time/statistic; pooling still requires compatible stratum, comparator and independent-arm selection.",ROB2_RESULT_SPECIFIC_PENDING,,https://drive.google.com/file/d/1R0ueeZhpBPbKOmqRfRyFTsqp7qq7ftqp/view?usp=drivesdk,Table 3 / Postoperative day 2,,-0.693147,0.839372,logRR,Uncorrected log risk ratio,1,,,"Native numeric candidate, not newly pooled: exact outcome definition/time/scale or prespecified arm selection requires a model-specific decision. No automatic pooling of the gap-fill audit."
V33-OD-0298,LIU15_TEAS_vs_SHAM_VOMITPOD3,Liu 2015,Vomiting,Postoperative vomiting incidence,Postoperative day 3,postoperative day 3,Events/total,TEAS,Sham,Multipoint intraoperative TEAS (2/100 Hz; 30 min pre-induction through end of surgery),No-current sham TEAS with identical electrode placement/device setup,participants with vomiting,44,44,,,,,1,0,INCLUDE,"Numerically extractable in its native endpoint/time/statistic; pooling still requires compatible stratum, comparator and independent-arm selection.",ROB2_RESULT_SPECIFIC_PENDING,,https://drive.google.com/file/d/1R0ueeZhpBPbKOmqRfRyFTsqp7qq7ftqp/view?usp=drivesdk,Table 3 / Postoperative day 3,,1.098612,1.619328,logRR,0.5 added to all four cells,1,,,"Native numeric candidate, not newly pooled: exact outcome definition/time/scale or prespecified arm selection requires a model-specific decision. No automatic pooling of the gap-fill audit."
V33-OD-0299,OZT19_TAES_vs_CTRL_TRAM24,Oztas 2019,Postoperative opioid dose (native window/unit),Cumulative IV PCA tramadol HCl consumption,0-24 h,0-24h,Mean/SD,MODALITY_REVIEW_REQUIRED,Usual care,"Postoperative TAES at ST25, P6, ST36 and LI4 (2–100 Hz; max 12 mA; 30 min ×6)",No electrical-stimulation intervention + standard PCA analgesia,mg tramadol,15,16,228.4,87.89,357.81,123.7,,,INCLUDE,"Numerically extractable in its native endpoint/time/statistic; pooling still requires compatible stratum, comparator and independent-arm selection.",EXISTING_RESULT_SPECIFIC: High,,https://drive.google.com/file/d/1Zb2RyfK6pYLEOMyE6TOLMt9I0nxZYoYe/view?usp=drivesdk,Table 4 / Tramadol HCl (0–24 h),,-129.41,38.357951,MD,Native MD; no pooled interpretation without compatible model.,1,-1.167994,0.388806,"Native numeric candidate, not newly pooled: exact outcome definition/time/scale or prespecified arm selection requires a model-specific decision. No automatic pooling of the gap-fill audit."
V33-OD-0300,OZT19_TAES_vs_TENS_TRAM24,Oztas 2019,Postoperative opioid dose (native window/unit),Cumulative IV PCA tramadol HCl consumption,0-24 h,0-24h,Mean/SD,MODALITY_REVIEW_REQUIRED,CONTROL_TYPE_REVIEW_REQUIRED,"Postoperative TAES at ST25, P6, ST36 and LI4 (2–100 Hz; max 12 mA; 30 min ×6)",Incision-periphery TENS (2–100 Hz; max 12 mA; 30 min ×6),mg tramadol,15,16,228.4,87.89,257.68,65.55,,,INCLUDE,"Numerically extractable in its native endpoint/time/statistic; pooling still requires compatible stratum, comparator and independent-arm selection.",ROB2_RESULT_SPECIFIC_PENDING,,https://drive.google.com/file/d/1Zb2RyfK6pYLEOMyE6TOLMt9I0nxZYoYe/view?usp=drivesdk,Table 4 / Tramadol HCl (0–24 h),,-29.28,27.991552,MD,Native MD; no pooled interpretation without compatible model.,1,-0.369635,0.362451,"Native numeric candidate, not newly pooled: exact outcome definition/time/scale or prespecified arm selection requires a model-specific decision. No automatic pooling of the gap-fill audit."
V33-OD-0301,OZT19_TAES_vs_CTRL_TRAM48,Oztas 2019,Postoperative opioid dose (native window/unit),Cumulative IV PCA tramadol HCl consumption,24-48 h,24-48h,Mean/SD,MODALITY_REVIEW_REQUIRED,Usual care,"Postoperative TAES at ST25, P6, ST36 and LI4 (2–100 Hz; max 12 mA; 30 min ×6)",No electrical-stimulation intervention + standard PCA analgesia,mg tramadol,15,16,164.46,61.31,265.65,96.71,,,INCLUDE,"Numerically extractable in its native endpoint/time/statistic; pooling still requires compatible stratum, comparator and independent-arm selection.",ROB2_RESULT_SPECIFIC_PENDING,,https://drive.google.com/file/d/1Zb2RyfK6pYLEOMyE6TOLMt9I0nxZYoYe/view?usp=drivesdk,Table 4 / Tramadol HCl (24–48 h),,-101.19,28.898891,MD,Native MD; no pooled interpretation without compatible model.,1,-1.20829,0.390787,"Native numeric candidate, not newly pooled: exact outcome definition/time/scale or prespecified arm selection requires a model-specific decision. No automatic pooling of the gap-fill audit."
V33-OD-0302,OZT19_TAES_vs_TENS_TRAM48,Oztas 2019,Postoperative opioid dose (native window/unit),Cumulative IV PCA tramadol HCl consumption,24-48 h,24-48h,Mean/SD,MODALITY_REVIEW_REQUIRED,CONTROL_TYPE_REVIEW_REQUIRED,"Postoperative TAES at ST25, P6, ST36 and LI4 (2–100 Hz; max 12 mA; 30 min ×6)",Incision-periphery TENS (2–100 Hz; max 12 mA; 30 min ×6),mg tramadol,15,16,164.46,61.31,195.5,71.74,,,INCLUDE,"Numerically extractable in its native endpoint/time/statistic; pooling still requires compatible stratum, comparator and independent-arm selection.",ROB2_RESULT_SPECIFIC_PENDING,,https://drive.google.com/file/d/1Zb2RyfK6pYLEOMyE6TOLMt9I0nxZYoYe/view?usp=drivesdk,Table 4 / Tramadol HCl (24–48 h),,-31.04,23.921928,MD,Native MD; no pooled interpretation without compatible model.,1,-0.451817,0.363949,"Native numeric candidate, not newly pooled: exact outcome definition/time/scale or prespecified arm selection requires a model-specific decision. No automatic pooling of the gap-fill audit."
V33-OD-0303,OZT19_TAES_vs_CTRL_PETH24,Oztas 2019,Rescue opioid frequency / dose (native unit),Rescue IM pethidine HCl consumption,0-24 h,0-24h,Mean/SD,MODALITY_REVIEW_REQUIRED,Usual care,"Postoperative TAES at ST25, P6, ST36 and LI4 (2–100 Hz; max 12 mA; 30 min ×6)",No electrical-stimulation intervention + standard PCA analgesia,mg pethidine,15,16,20.66,27.89,33.12,42.69,,,INCLUDE,"Numerically extractable in its native endpoint/time/statistic; pooling still requires compatible stratum, comparator and independent-arm selection.",ROB2_RESULT_SPECIFIC_PENDING,,https://drive.google.com/file/d/1Zb2RyfK6pYLEOMyE6TOLMt9I0nxZYoYe/view?usp=drivesdk,Table 4 / Pethidine HCl (0–24 h),,-12.46,12.874745,MD,Native MD; no pooled interpretation without compatible model.,1,-0.334237,0.361896,"Native numeric candidate, not newly pooled: exact outcome definition/time/scale or prespecified arm selection requires a model-specific decision. No automatic pooling of the gap-fill audit."
V33-OD-0304,OZT19_TAES_vs_TENS_PETH24,Oztas 2019,Rescue opioid frequency / dose (native unit),Rescue IM pethidine HCl consumption,0-24 h,0-24h,Mean/SD,MODALITY_REVIEW_REQUIRED,CONTROL_TYPE_REVIEW_REQUIRED,"Postoperative TAES at ST25, P6, ST36 and LI4 (2–100 Hz; max 12 mA; 30 min ×6)",Incision-periphery TENS (2–100 Hz; max 12 mA; 30 min ×6),mg pethidine,15,16,20.66,27.89,33.75,56.55,,,INCLUDE,"Numerically extractable in its native endpoint/time/statistic; pooling still requires compatible stratum, comparator and independent-arm selection.",ROB2_RESULT_SPECIFIC_PENDING,,https://drive.google.com/file/d/1Zb2RyfK6pYLEOMyE6TOLMt9I0nxZYoYe/view?usp=drivesdk,Table 4 / Pethidine HCl (0–24 h),,-13.09,15.865866,MD,Native MD; no pooled interpretation without compatible model.,1,-0.282979,0.36119,"Native numeric candidate, not newly pooled: exact outcome definition/time/scale or prespecified arm selection requires a model-specific decision. No automatic pooling of the gap-fill audit."
V33-OD-0305,OZT19_TAES_vs_CTRL_PETH48,Oztas 2019,Rescue opioid frequency / dose (native unit),Rescue IM pethidine HCl consumption,24-48 h,24-48h,Mean/SD,MODALITY_REVIEW_REQUIRED,Usual care,"Postoperative TAES at ST25, P6, ST36 and LI4 (2–100 Hz; max 12 mA; 30 min ×6)",No electrical-stimulation intervention + standard PCA analgesia,mg pethidine,15,16,10,20.7,6.25,17.07,,,INCLUDE,"Numerically extractable in its native endpoint/time/statistic; pooling still requires compatible stratum, comparator and independent-arm selection.",ROB2_RESULT_SPECIFIC_PENDING,,https://drive.google.com/file/d/1Zb2RyfK6pYLEOMyE6TOLMt9I0nxZYoYe/view?usp=drivesdk,Table 4 / Pethidine HCl (24–48 h),,3.75,6.839412,MD,Native MD; no pooled interpretation without compatible model.,1,0.193138,0.360234,"Native numeric candidate, not newly pooled: exact outcome definition/time/scale or prespecified arm selection requires a model-specific decision. No automatic pooling of the gap-fill audit."
V33-OD-0306,OZT19_TAES_vs_TENS_PETH48,Oztas 2019,Rescue opioid frequency / dose (native unit),Rescue IM pethidine HCl consumption,24-48 h,24-48h,Mean/SD,MODALITY_REVIEW_REQUIRED,CONTROL_TYPE_REVIEW_REQUIRED,"Postoperative TAES at ST25, P6, ST36 and LI4 (2–100 Hz; max 12 mA; 30 min ×6)",Incision-periphery TENS (2–100 Hz; max 12 mA; 30 min ×6),mg pethidine,15,16,10,20.7,6.31,17.05,,,INCLUDE,"Numerically extractable in its native endpoint/time/statistic; pooling still requires compatible stratum, comparator and independent-arm selection.",ROB2_RESULT_SPECIFIC_PENDING,,https://drive.google.com/file/d/1Zb2RyfK6pYLEOMyE6TOLMt9I0nxZYoYe/view?usp=drivesdk,Table 4 / Pethidine HCl (24–48 h),,3.69,6.836293,MD,Native MD; no pooled interpretation without compatible model.,1,0.190142,0.360208,"Native numeric candidate, not newly pooled: exact outcome definition/time/scale or prespecified arm selection requires a model-specific decision. No automatic pooling of the gap-fill audit."
V33-OD-0307,OZT19_TAES_vs_CTRL_DEX24,Oztas 2019,Non-opioid rescue analgesia,Rescue IV dexketoprofen trometamol consumption,0-24 h,0-24h,Mean/SD,MODALITY_REVIEW_REQUIRED,Usual care,"Postoperative TAES at ST25, P6, ST36 and LI4 (2–100 Hz; max 12 mA; 30 min ×6)",No electrical-stimulation intervention + standard PCA analgesia,mg dexketoprofen,15,16,53.33,35.18,71.87,40.69,,,INCLUDE,"Numerically extractable in its native endpoint/time/statistic; pooling still requires compatible stratum, comparator and independent-arm selection.",ROB2_RESULT_SPECIFIC_PENDING,,https://drive.google.com/file/d/1Zb2RyfK6pYLEOMyE6TOLMt9I0nxZYoYe/view?usp=drivesdk,Table 4 / Dexketoprofen trometamol (0–24 h),,-18.54,13.637763,MD,Native MD; no pooled interpretation without compatible model.,1,-0.473553,0.364395,"Native numeric candidate, not newly pooled: exact outcome definition/time/scale or prespecified arm selection requires a model-specific decision. No automatic pooling of the gap-fill audit."
V33-OD-0308,OZT19_TAES_vs_TENS_DEX24,Oztas 2019,Non-opioid rescue analgesia,Rescue IV dexketoprofen trometamol consumption,0-24 h,0-24h,Mean/SD,MODALITY_REVIEW_REQUIRED,CONTROL_TYPE_REVIEW_REQUIRED,"Postoperative TAES at ST25, P6, ST36 and LI4 (2–100 Hz; max 12 mA; 30 min ×6)",Incision-periphery TENS (2–100 Hz; max 12 mA; 30 min ×6),mg dexketoprofen,15,16,53.33,35.18,46.87,46.43,,,INCLUDE,"Numerically extractable in its native endpoint/time/statistic; pooling still requires compatible stratum, comparator and independent-arm selection.",ROB2_RESULT_SPECIFIC_PENDING,,https://drive.google.com/file/d/1Zb2RyfK6pYLEOMyE6TOLMt9I0nxZYoYe/view?usp=drivesdk,Table 4 / Dexketoprofen trometamol (0–24 h),,6.46,14.739162,MD,Native MD; no pooled interpretation without compatible model.,1,0.152032,0.359916,"Native numeric candidate, not newly pooled: exact outcome definition/time/scale or prespecified arm selection requires a model-specific decision. No automatic pooling of the gap-fill audit."
V33-OD-0309,OZT19_TAES_vs_CTRL_DEX48,Oztas 2019,Non-opioid rescue analgesia,Rescue IV dexketoprofen trometamol consumption,24-48 h,24-48h,Mean/SD,MODALITY_REVIEW_REQUIRED,Usual care,"Postoperative TAES at ST25, P6, ST36 and LI4 (2–100 Hz; max 12 mA; 30 min ×6)",No electrical-stimulation intervention + standard PCA analgesia,mg dexketoprofen,15,16,33.33,40.82,53.12,59.07,,,INCLUDE,"Numerically extractable in its native endpoint/time/statistic; pooling still requires compatible stratum, comparator and independent-arm selection.",ROB2_RESULT_SPECIFIC_PENDING,,https://drive.google.com/file/d/1Zb2RyfK6pYLEOMyE6TOLMt9I0nxZYoYe/view?usp=drivesdk,Table 4 / Dexketoprofen trometamol (24–48 h),,-19.79,18.142874,MD,Native MD; no pooled interpretation without compatible model.,1,-0.377322,0.362578,"Native numeric candidate, not newly pooled: exact outcome definition/time/scale or prespecified arm selection requires a model-specific decision. No automatic pooling of the gap-fill audit."
V33-OD-0310,OZT19_TAES_vs_TENS_DEX48,Oztas 2019,Non-opioid rescue analgesia,Rescue IV dexketoprofen trometamol consumption,24-48 h,24-48h,Mean/SD,MODALITY_REVIEW_REQUIRED,CONTROL_TYPE_REVIEW_REQUIRED,"Postoperative TAES at ST25, P6, ST36 and LI4 (2–100 Hz; max 12 mA; 30 min ×6)",Incision-periphery TENS (2–100 Hz; max 12 mA; 30 min ×6),mg dexketoprofen,15,16,33.33,40.82,31.25,35.93,,,INCLUDE,"Numerically extractable in its native endpoint/time/statistic; pooling still requires compatible stratum, comparator and independent-arm selection.",ROB2_RESULT_SPECIFIC_PENDING,,https://drive.google.com/file/d/1Zb2RyfK6pYLEOMyE6TOLMt9I0nxZYoYe/view?usp=drivesdk,Table 4 / Dexketoprofen trometamol (24–48 h),,2.08,13.848109,MD,Native MD; no pooled interpretation without compatible model.,1,0.052797,0.35946,"Native numeric candidate, not newly pooled: exact outcome definition/time/scale or prespecified arm selection requires a model-specific decision. No automatic pooling of the gap-fill audit."
V33-OD-0311,OZT19_TAES_vs_CTRL_PAIN2H,Oztas 2019,Pain — rest,Resting postoperative pain after stimulation,2 h after surgery / after intervention,2h after surgery / after intervention,Mean/SD,MODALITY_REVIEW_REQUIRED,Usual care,"Postoperative TAES at ST25, P6, ST36 and LI4 (2–100 Hz; max 12 mA; 30 min ×6)",No electrical-stimulation intervention + standard PCA analgesia,VAS (methods state 1–10; tables include 0),15,16,3.67,1.44,6.38,2.09,,,INCLUDE,"Numerically extractable in its native endpoint/time/statistic; pooling still requires compatible stratum, comparator and independent-arm selection.",ROB2_RESULT_SPECIFIC_PENDING,,https://drive.google.com/file/d/1Zb2RyfK6pYLEOMyE6TOLMt9I0nxZYoYe/view?usp=drivesdk,Table 3 / after-implementation pain at 2 h,,-2.71,0.641285,MD,Native MD; no pooled interpretation without compatible model.,1,-1.461683,0.404508,"Native numeric candidate, not newly pooled: exact outcome definition/time/scale or prespecified arm selection requires a model-specific decision. No automatic pooling of the gap-fill audit."
V33-OD-0312,OZT19_TAES_vs_TENS_PAIN2H,Oztas 2019,Pain — rest,Resting postoperative pain after stimulation,2 h after surgery / after intervention,2h after surgery / after intervention,Mean/SD,MODALITY_REVIEW_REQUIRED,CONTROL_TYPE_REVIEW_REQUIRED,"Postoperative TAES at ST25, P6, ST36 and LI4 (2–100 Hz; max 12 mA; 30 min ×6)",Incision-periphery TENS (2–100 Hz; max 12 mA; 30 min ×6),VAS (methods state 1–10; tables include 0),15,16,3.67,1.44,4.75,1.57,,,INCLUDE,"Numerically extractable in its native endpoint/time/statistic; pooling still requires compatible stratum, comparator and independent-arm selection.",ROB2_RESULT_SPECIFIC_PENDING,,https://drive.google.com/file/d/1Zb2RyfK6pYLEOMyE6TOLMt9I0nxZYoYe/view?usp=drivesdk,Table 3 / after-implementation pain at 2 h,,-1.08,0.540644,MD,Native MD; no pooled interpretation without compatible model.,1,-0.697201,0.370144,"Native numeric candidate, not newly pooled: exact outcome definition/time/scale or prespecified arm selection requires a model-specific decision. No automatic pooling of the gap-fill audit."
V33-OD-0313,OZT19_TAES_vs_CTRL_PAIN18H,Oztas 2019,Pain — rest,Resting postoperative pain after stimulation,18 h after surgery / after intervention,18h after surgery / after intervention,Mean/SD,MODALITY_REVIEW_REQUIRED,Usual care,"Postoperative TAES at ST25, P6, ST36 and LI4 (2–100 Hz; max 12 mA; 30 min ×6)",No electrical-stimulation intervention + standard PCA analgesia,VAS (methods state 1–10; tables include 0),15,16,2.67,1.23,5.81,2.31,,,INCLUDE,"Numerically extractable in its native endpoint/time/statistic; pooling still requires compatible stratum, comparator and independent-arm selection.",ROB2_RESULT_SPECIFIC_PENDING,,https://drive.google.com/file/d/1Zb2RyfK6pYLEOMyE6TOLMt9I0nxZYoYe/view?usp=drivesdk,Table 3 / after-implementation pain at 18 h,,-3.14,0.659065,MD,Native MD; no pooled interpretation without compatible model.,1,-1.636859,0.415188,"Native numeric candidate, not newly pooled: exact outcome definition/time/scale or prespecified arm selection requires a model-specific decision. No automatic pooling of the gap-fill audit."
V33-OD-0314,OZT19_TAES_vs_TENS_PAIN18H,Oztas 2019,Pain — rest,Resting postoperative pain after stimulation,18 h after surgery / after intervention,18h after surgery / after intervention,Mean/SD,MODALITY_REVIEW_REQUIRED,CONTROL_TYPE_REVIEW_REQUIRED,"Postoperative TAES at ST25, P6, ST36 and LI4 (2–100 Hz; max 12 mA; 30 min ×6)",Incision-periphery TENS (2–100 Hz; max 12 mA; 30 min ×6),VAS (methods state 1–10; tables include 0),15,16,2.67,1.23,2.19,1.27,,,INCLUDE,"Numerically extractable in its native endpoint/time/statistic; pooling still requires compatible stratum, comparator and independent-arm selection.",ROB2_RESULT_SPECIFIC_PENDING,,https://drive.google.com/file/d/1Zb2RyfK6pYLEOMyE6TOLMt9I0nxZYoYe/view?usp=drivesdk,Table 3 / after-implementation pain at 18 h,,0.48,0.449073,MD,Native MD; no pooled interpretation without compatible model.,1,0.373729,0.362518,"Native numeric candidate, not newly pooled: exact outcome definition/time/scale or prespecified arm selection requires a model-specific decision. No automatic pooling of the gap-fill audit."
V33-OD-0315,OZT19_TAES_vs_CTRL_PAIN22H,Oztas 2019,Pain — rest,Resting postoperative pain after stimulation,22 h after surgery / after intervention,22h after surgery / after intervention,Mean/SD,MODALITY_REVIEW_REQUIRED,Usual care,"Postoperative TAES at ST25, P6, ST36 and LI4 (2–100 Hz; max 12 mA; 30 min ×6)",No electrical-stimulation intervention + standard PCA analgesia,VAS (methods state 1–10; tables include 0),15,16,3,1.3,4.88,1.78,,,INCLUDE,"Numerically extractable in its native endpoint/time/statistic; pooling still requires compatible stratum, comparator and independent-arm selection.",ROB2_RESULT_SPECIFIC_PENDING,,https://drive.google.com/file/d/1Zb2RyfK6pYLEOMyE6TOLMt9I0nxZYoYe/view?usp=drivesdk,Table 3 / after-implementation pain at 22 h,,-1.88,0.557397,MD,Native MD; no pooled interpretation without compatible model.,1,-1.168637,0.388837,"Native numeric candidate, not newly pooled: exact outcome definition/time/scale or prespecified arm selection requires a model-specific decision. No automatic pooling of the gap-fill audit."
V33-OD-0316,OZT19_TAES_vs_TENS_PAIN22H,Oztas 2019,Pain — rest,Resting postoperative pain after stimulation,22 h after surgery / after intervention,22h after surgery / after intervention,Mean/SD,MODALITY_REVIEW_REQUIRED,CONTROL_TYPE_REVIEW_REQUIRED,"Postoperative TAES at ST25, P6, ST36 and LI4 (2–100 Hz; max 12 mA; 30 min ×6)",Incision-periphery TENS (2–100 Hz; max 12 mA; 30 min ×6),VAS (methods state 1–10; tables include 0),15,16,3,1.3,2.19,1.22,,,INCLUDE,"Numerically extractable in its native endpoint/time/statistic; pooling still requires compatible stratum, comparator and independent-arm selection.",ROB2_RESULT_SPECIFIC_PENDING,,https://drive.google.com/file/d/1Zb2RyfK6pYLEOMyE6TOLMt9I0nxZYoYe/view?usp=drivesdk,Table 3 / after-implementation pain at 22 h,,0.81,0.453532,MD,Native MD; no pooled interpretation without compatible model.,1,0.626457,0.368098,"Native numeric candidate, not newly pooled: exact outcome definition/time/scale or prespecified arm selection requires a model-specific decision. No automatic pooling of the gap-fill audit."
V33-OD-0317,OZT19_TAES_vs_CTRL_PAIN42H,Oztas 2019,Pain — rest,Resting postoperative pain after stimulation,42 h after surgery / after intervention,42h after surgery / after intervention,Mean/SD,MODALITY_REVIEW_REQUIRED,Usual care,"Postoperative TAES at ST25, P6, ST36 and LI4 (2–100 Hz; max 12 mA; 30 min ×6)",No electrical-stimulation intervention + standard PCA analgesia,VAS (methods state 1–10; tables include 0),15,16,2.27,1.28,4.19,1.6,,,INCLUDE,"Numerically extractable in its native endpoint/time/statistic; pooling still requires compatible stratum, comparator and independent-arm selection.",ROB2_RESULT_SPECIFIC_PENDING,,https://drive.google.com/file/d/1Zb2RyfK6pYLEOMyE6TOLMt9I0nxZYoYe/view?usp=drivesdk,Table 3 / after-implementation pain at 42 h,,-1.92,0.518871,MD,Native MD; no pooled interpretation without compatible model.,1,-1.285751,0.394754,"Native numeric candidate, not newly pooled: exact outcome definition/time/scale or prespecified arm selection requires a model-specific decision. No automatic pooling of the gap-fill audit."
V33-OD-0318,OZT19_TAES_vs_TENS_PAIN42H,Oztas 2019,Pain — rest,Resting postoperative pain after stimulation,42 h after surgery / after intervention,42h after surgery / after intervention,Mean/SD,MODALITY_REVIEW_REQUIRED,CONTROL_TYPE_REVIEW_REQUIRED,"Postoperative TAES at ST25, P6, ST36 and LI4 (2–100 Hz; max 12 mA; 30 min ×6)",Incision-periphery TENS (2–100 Hz; max 12 mA; 30 min ×6),VAS (methods state 1–10; tables include 0),15,16,2.27,1.28,1.56,1.15,,,INCLUDE,"Numerically extractable in its native endpoint/time/statistic; pooling still requires compatible stratum, comparator and independent-arm selection.",ROB2_RESULT_SPECIFIC_PENDING,,https://drive.google.com/file/d/1Zb2RyfK6pYLEOMyE6TOLMt9I0nxZYoYe/view?usp=drivesdk,Table 3 / after-implementation pain at 42 h,,0.71,0.438044,MD,Native MD; no pooled interpretation without compatible model.,1,0.569354,0.366599,"Native numeric candidate, not newly pooled: exact outcome definition/time/scale or prespecified arm selection requires a model-specific decision. No automatic pooling of the gap-fill audit."
V33-OD-0319,OZT19_TAES_vs_CTRL_PAIN46H,Oztas 2019,Pain — rest,Resting postoperative pain after stimulation,46 h after surgery / after intervention,46h after surgery / after intervention,Mean/SD,MODALITY_REVIEW_REQUIRED,Usual care,"Postoperative TAES at ST25, P6, ST36 and LI4 (2–100 Hz; max 12 mA; 30 min ×6)",No electrical-stimulation intervention + standard PCA analgesia,VAS (methods state 1–10; tables include 0),15,16,2.33,0.81,4,1.46,,,INCLUDE,"Numerically extractable in its native endpoint/time/statistic; pooling still requires compatible stratum, comparator and independent-arm selection.",ROB2_RESULT_SPECIFIC_PENDING,,https://drive.google.com/file/d/1Zb2RyfK6pYLEOMyE6TOLMt9I0nxZYoYe/view?usp=drivesdk,Table 3 / after-implementation pain at 46 h,,-1.67,0.420672,MD,Native MD; no pooled interpretation without compatible model.,1,-1.365215,0.399034,"Native numeric candidate, not newly pooled: exact outcome definition/time/scale or prespecified arm selection requires a model-specific decision. No automatic pooling of the gap-fill audit."
V33-OD-0320,OZT19_TAES_vs_TENS_PAIN46H,Oztas 2019,Pain — rest,Resting postoperative pain after stimulation,46 h after surgery / after intervention,46h after surgery / after intervention,Mean/SD,MODALITY_REVIEW_REQUIRED,CONTROL_TYPE_REVIEW_REQUIRED,"Postoperative TAES at ST25, P6, ST36 and LI4 (2–100 Hz; max 12 mA; 30 min ×6)",Incision-periphery TENS (2–100 Hz; max 12 mA; 30 min ×6),VAS (methods state 1–10; tables include 0),15,16,2.33,0.81,1.75,0.85,,,INCLUDE,"Numerically extractable in its native endpoint/time/statistic; pooling still requires compatible stratum, comparator and independent-arm selection.",ROB2_RESULT_SPECIFIC_PENDING,,https://drive.google.com/file/d/1Zb2RyfK6pYLEOMyE6TOLMt9I0nxZYoYe/view?usp=drivesdk,Table 3 / after-implementation pain at 46 h,,0.58,0.298155,MD,Native MD; no pooled interpretation without compatible model.,1,0.679804,0.369622,"Native numeric candidate, not newly pooled: exact outcome definition/time/scale or prespecified arm selection requires a model-specific decision. No automatic pooling of the gap-fill audit."
V33-OD-0321,OZT19_TAES_vs_CTRL_NAUSEA24,Oztas 2019,Nausea severity,Nausea severity,0-24 h,0-24h,Qualitative / exact group values unavailable,MODALITY_REVIEW_REQUIRED,Usual care,"Postoperative TAES at ST25, P6, ST36 and LI4 (2–100 Hz; max 12 mA; 30 min ×6)",No electrical-stimulation intervention + standard PCA analgesia,VAS 1-10,15,16,,,,,,,HOLD,Nonstandard or incomplete statistic; no inferred quantities.,ROB2_RESULT_SPECIFIC_PENDING,,https://drive.google.com/file/d/1Zb2RyfK6pYLEOMyE6TOLMt9I0nxZYoYe/view?usp=drivesdk,Results / postoperative 0–6 and 6–24 h nausea statement,,,,,,1,,,Nonstandard or incomplete statistic; no inferred quantities.
V33-OD-0322,OZT19_TAES_vs_CTRL_VOMIT24,Oztas 2019,Vomiting,Vomiting occurrence,0-24 h,0-24h,Qualitative / exact group values unavailable,MODALITY_REVIEW_REQUIRED,Usual care,"Postoperative TAES at ST25, P6, ST36 and LI4 (2–100 Hz; max 12 mA; 30 min ×6)",No electrical-stimulation intervention + standard PCA analgesia,events/participants,15,16,,,,,,,HOLD,Nonstandard or incomplete statistic; no inferred quantities.,ROB2_RESULT_SPECIFIC_PENDING,,https://drive.google.com/file/d/1Zb2RyfK6pYLEOMyE6TOLMt9I0nxZYoYe/view?usp=drivesdk,Results / postoperative 0–6 and 6–24 h vomiting statement,,,,,,1,,,Nonstandard or incomplete statistic; no inferred quantities.
V33-OD-0323,OZT19_TAES_vs_CTRL_TOTALOP24,Oztas 2019,Rescue opioid frequency / dose (native unit),Complete combined postoperative opioid exposure (tramadol + rescue pethidine),0-24 h,0-24h,Not calculable,MODALITY_REVIEW_REQUIRED,Usual care,"Postoperative TAES at ST25, P6, ST36 and LI4 (2–100 Hz; max 12 mA; 30 min ×6)",No electrical-stimulation intervention + standard PCA analgesia,MME / combined opioid dose,15,16,,,,,,,HOLD,Nonstandard or incomplete statistic; no inferred quantities.,ROB2_RESULT_SPECIFIC_PENDING,,https://drive.google.com/file/d/1Zb2RyfK6pYLEOMyE6TOLMt9I0nxZYoYe/view?usp=drivesdk,Table 4 / tramadol + pethidine 0–24 h,,,,,,1,,,Nonstandard or incomplete statistic; no inferred quantities.
V33-OD-0325,SONG20_TEAS_vs_SHAM_PAIN2H,Song 2020,Pain — unspecified context,Postoperative VAS pain score,2 h after surgery,2h after surgery,Mean/SD,TEAS,CONTROL_TYPE_REVIEW_REQUIRED,Perioperative TEAS: PC6/HT7 preoperatively; PC6/HT7/ST36/LI4 postoperatively (2/10 Hz; 30-min sessions),Active nonacupoint electrical stimulation with matched timing/frequency,VAS 0-10,42,43,4.74,1.5,5.77,1.2,,,INCLUDE,"Numerically extractable in its native endpoint/time/statistic; pooling still requires compatible stratum, comparator and independent-arm selection.",ROB2_RESULT_SPECIFIC_PENDING,,https://drive.google.com/file/d/1qL50sUze8YDRs_oIXFWTbVUL5102qnw4/view?usp=drivesdk,Table 3,,-1.03,0.295059,MD,Native MD; no pooled interpretation without compatible model.,1,-0.752419,0.22449,"Native numeric candidate, not newly pooled: exact outcome definition/time/scale or prespecified arm selection requires a model-specific decision. No automatic pooling of the gap-fill audit."
V33-OD-0326,SONG20_TEAS_vs_SHAM_PAIN4H,Song 2020,Pain — unspecified context,Postoperative VAS pain score,4 h after surgery,4h after surgery,Mean/SD,TEAS,CONTROL_TYPE_REVIEW_REQUIRED,Perioperative TEAS: PC6/HT7 preoperatively; PC6/HT7/ST36/LI4 postoperatively (2/10 Hz; 30-min sessions),Active nonacupoint electrical stimulation with matched timing/frequency,VAS 0-10,42,43,3.93,1.3,5.02,1.2,,,INCLUDE,"Numerically extractable in its native endpoint/time/statistic; pooling still requires compatible stratum, comparator and independent-arm selection.",ROB2_RESULT_SPECIFIC_PENDING,,https://drive.google.com/file/d/1qL50sUze8YDRs_oIXFWTbVUL5102qnw4/view?usp=drivesdk,Table 3,,-1.09,0.271526,MD,Native MD; no pooled interpretation without compatible model.,1,-0.863822,0.226836,"Native numeric candidate, not newly pooled: exact outcome definition/time/scale or prespecified arm selection requires a model-specific decision. No automatic pooling of the gap-fill audit."
V33-OD-0327,SONG20_TEAS_vs_SHAM_PAIN6H,Song 2020,Pain — unspecified context,Postoperative VAS pain score,6 h after surgery,6h after surgery,Mean/SD,TEAS,CONTROL_TYPE_REVIEW_REQUIRED,Perioperative TEAS: PC6/HT7 preoperatively; PC6/HT7/ST36/LI4 postoperatively (2/10 Hz; 30-min sessions),Active nonacupoint electrical stimulation with matched timing/frequency,VAS 0-10,42,43,3.69,1.1,4.33,1,,,INCLUDE,"Numerically extractable in its native endpoint/time/statistic; pooling still requires compatible stratum, comparator and independent-arm selection.",ROB2_RESULT_SPECIFIC_PENDING,,https://drive.google.com/file/d/1qL50sUze8YDRs_oIXFWTbVUL5102qnw4/view?usp=drivesdk,Table 3,,-0.64,0.228178,MD,Native MD; no pooled interpretation without compatible model.,1,-0.603661,0.221831,"Native numeric candidate, not newly pooled: exact outcome definition/time/scale or prespecified arm selection requires a model-specific decision. No automatic pooling of the gap-fill audit."
V33-OD-0328,SONG20_TEAS_vs_SHAM_PAIN24H,Song 2020,Pain — unspecified context,Postoperative VAS pain score,24 h after surgery,24 h point,Mean/SD,TEAS,CONTROL_TYPE_REVIEW_REQUIRED,Perioperative TEAS: PC6/HT7 preoperatively; PC6/HT7/ST36/LI4 postoperatively (2/10 Hz; 30-min sessions),Active nonacupoint electrical stimulation with matched timing/frequency,VAS 0-10,42,43,2.76,1.1,3.23,1.1,,,INCLUDE,"Numerically extractable in its native endpoint/time/statistic; pooling still requires compatible stratum, comparator and independent-arm selection.",ROB2_RESULT_SPECIFIC_PENDING,,https://drive.google.com/file/d/1qL50sUze8YDRs_oIXFWTbVUL5102qnw4/view?usp=drivesdk,Table 3,,-0.47,0.23864,MD,Native MD; no pooled interpretation without compatible model.,1,-0.4234,0.219362,"Native numeric candidate, not newly pooled: exact outcome definition/time/scale or prespecified arm selection requires a model-specific decision. No automatic pooling of the gap-fill audit."
V33-OD-0329,SONG20_TEAS_vs_SHAM_PCAPRESS24,Song 2020,PCA/PCIA button presses,PCA pump press number,0-24 h,0-24h,Mean/SD,TEAS,CONTROL_TYPE_REVIEW_REQUIRED,Perioperative TEAS: PC6/HT7 preoperatively; PC6/HT7/ST36/LI4 postoperatively (2/10 Hz; 30-min sessions),Active nonacupoint electrical stimulation with matched timing/frequency,pump presses,42,43,30.12,4.3,36.91,2.4,,,INCLUDE,"Numerically extractable in its native endpoint/time/statistic; pooling still requires compatible stratum, comparator and independent-arm selection.",EXISTING_RESULT_SPECIFIC: Some concerns,,https://drive.google.com/file/d/1qL50sUze8YDRs_oIXFWTbVUL5102qnw4/view?usp=drivesdk,Table 3,,-6.79,0.757754,MD,Native MD; no pooled interpretation without compatible model.,1,-1.938441,0.262999,"Native numeric candidate, not newly pooled: exact outcome definition/time/scale or prespecified arm selection requires a model-specific decision. No automatic pooling of the gap-fill audit."
V33-OD-0330,SONG20_TEAS_vs_SHAM_BUTORPCA24_DERIVED,Song 2020,PCA/PCIA button presses,Nominal butorphanol PCA bolus component derived from reported pump presses,0-24 h,0-24h,Derived mean/SD (linear from press count),TEAS,CONTROL_TYPE_REVIEW_REQUIRED,Perioperative TEAS: PC6/HT7 preoperatively; PC6/HT7/ST36/LI4 postoperatively (2/10 Hz; 30-min sessions),Active nonacupoint electrical stimulation with matched timing/frequency,mg butorphanol,42,43,2.4096,0.344,2.9528,0.192,,,HOLD,Nonstandard or incomplete statistic; no inferred quantities.,EXISTING_RESULT_SPECIFIC: Some concerns,,https://drive.google.com/file/d/1qL50sUze8YDRs_oIXFWTbVUL5102qnw4/view?usp=drivesdk,PCA formulation in Methods + Table 3 press counts,,,,,,1,,,Nonstandard or incomplete statistic; no inferred quantities.
V33-OD-0331,SONG20_TEAS_vs_SHAM_PONV24,Song 2020,PONV composite,Nausea and vomiting adverse event,0-24 h,0-24h,Events/total,TEAS,CONTROL_TYPE_REVIEW_REQUIRED,Perioperative TEAS: PC6/HT7 preoperatively; PC6/HT7/ST36/LI4 postoperatively (2/10 Hz; 30-min sessions),Active nonacupoint electrical stimulation with matched timing/frequency,participants with nausea/vomiting,42,43,,,,,3,10,INCLUDE,"Numerically extractable in its native endpoint/time/statistic; pooling still requires compatible stratum, comparator and independent-arm selection.",ROB2_RESULT_SPECIFIC_PENDING,,https://drive.google.com/file/d/1qL50sUze8YDRs_oIXFWTbVUL5102qnw4/view?usp=drivesdk,Table 3,,-1.180442,0.621505,logRR,Uncorrected log risk ratio,1,,,"Native numeric candidate, not newly pooled: exact outcome definition/time/scale or prespecified arm selection requires a model-specific decision. No automatic pooling of the gap-fill audit."
V33-OD-0332,SONG20_TEAS_vs_SHAM_DIZZY24,Song 2020,Other adverse events,Dizziness,0-24 h,0-24h,Events/total,TEAS,CONTROL_TYPE_REVIEW_REQUIRED,Perioperative TEAS: PC6/HT7 preoperatively; PC6/HT7/ST36/LI4 postoperatively (2/10 Hz; 30-min sessions),Active nonacupoint electrical stimulation with matched timing/frequency,participants with dizziness,42,43,,,,,3,12,INCLUDE,"Numerically extractable in its native endpoint/time/statistic; pooling still requires compatible stratum, comparator and independent-arm selection.",ROB2_RESULT_SPECIFIC_PENDING,,https://drive.google.com/file/d/1qL50sUze8YDRs_oIXFWTbVUL5102qnw4/view?usp=drivesdk,Table 3,,-1.362764,0.607948,logRR,Uncorrected log risk ratio,1,,,"Native numeric candidate, not newly pooled: exact outcome definition/time/scale or prespecified arm selection requires a model-specific decision. No automatic pooling of the gap-fill audit."
V33-OD-0333,SONG20_TEAS_vs_SHAM_RESPDEP24,Song 2020,Other adverse events,Respiratory depression,0-24 h,0-24h,Events/total,TEAS,CONTROL_TYPE_REVIEW_REQUIRED,Perioperative TEAS: PC6/HT7 preoperatively; PC6/HT7/ST36/LI4 postoperatively (2/10 Hz; 30-min sessions),Active nonacupoint electrical stimulation with matched timing/frequency,participants with respiratory depression,42,43,,,,,0,0,INCLUDE,"Numerically extractable in its native endpoint/time/statistic; pooling still requires compatible stratum, comparator and independent-arm selection.",ROB2_RESULT_SPECIFIC_PENDING,,https://drive.google.com/file/d/1qL50sUze8YDRs_oIXFWTbVUL5102qnw4/view?usp=drivesdk,Table 3,,,,logRR,Double-zero: retained as safety evidence; no logRR estimated.,1,,,"Native numeric candidate, not newly pooled: exact outcome definition/time/scale or prespecified arm selection requires a model-specific decision. No automatic pooling of the gap-fill audit."
V33-OD-0334,SONG20_TEAS_vs_SHAM_BRADY24,Song 2020,Other adverse events,Bradycardia,0-24 h,0-24h,Events/total,TEAS,CONTROL_TYPE_REVIEW_REQUIRED,Perioperative TEAS: PC6/HT7 preoperatively; PC6/HT7/ST36/LI4 postoperatively (2/10 Hz; 30-min sessions),Active nonacupoint electrical stimulation with matched timing/frequency,participants with bradycardia,42,43,,,,,2,4,INCLUDE,"Numerically extractable in its native endpoint/time/statistic; pooling still requires compatible stratum, comparator and independent-arm selection.",ROB2_RESULT_SPECIFIC_PENDING,,https://drive.google.com/file/d/1qL50sUze8YDRs_oIXFWTbVUL5102qnw4/view?usp=drivesdk,Table 3,,-0.669617,0.838412,logRR,Uncorrected log risk ratio,1,,,"Native numeric candidate, not newly pooled: exact outcome definition/time/scale or prespecified arm selection requires a model-specific decision. No automatic pooling of the gap-fill audit."
V33-OD-0335,SONG20_TEAS_vs_SHAM_SLEEPEFFICIENCY_PREOP1,Song 2020,Sleep quality,Sleep efficiency,First night before surgery after preoperative stimulation,first night before surgery after preoperative stimulation,Mean/SD,TEAS,CONTROL_TYPE_REVIEW_REQUIRED,Perioperative TEAS: PC6/HT7 preoperatively; PC6/HT7/ST36/LI4 postoperatively (2/10 Hz; 30-min sessions),Active nonacupoint electrical stimulation with matched timing/frequency,%,42,43,87.78,3.6,84.71,3.5,,,INCLUDE,"Numerically extractable in its native endpoint/time/statistic; pooling still requires compatible stratum, comparator and independent-arm selection.",ROB2_RESULT_SPECIFIC_PENDING,,https://drive.google.com/file/d/1qL50sUze8YDRs_oIXFWTbVUL5102qnw4/view?usp=drivesdk,Table 2,,3.07,0.77036,MD,Native MD; no pooled interpretation without compatible model.,1,0.857011,0.226684,"Native numeric candidate, not newly pooled: exact outcome definition/time/scale or prespecified arm selection requires a model-specific decision. No automatic pooling of the gap-fill audit."
V33-OD-0336,SONG20_TEAS_vs_SHAM_AIS_PREOP1,Song 2020,Sleep quality,AIS score,First night before surgery after preoperative stimulation,first night before surgery after preoperative stimulation,Mean/SD,TEAS,CONTROL_TYPE_REVIEW_REQUIRED,Perioperative TEAS: PC6/HT7 preoperatively; PC6/HT7/ST36/LI4 postoperatively (2/10 Hz; 30-min sessions),Active nonacupoint electrical stimulation with matched timing/frequency,AIS points,42,43,2,0.6,2.33,0.7,,,INCLUDE,"Numerically extractable in its native endpoint/time/statistic; pooling still requires compatible stratum, comparator and independent-arm selection.",ROB2_RESULT_SPECIFIC_PENDING,,https://drive.google.com/file/d/1qL50sUze8YDRs_oIXFWTbVUL5102qnw4/view?usp=drivesdk,Table 2,,-0.33,0.141304,MD,Native MD; no pooled interpretation without compatible model.,1,-0.501147,0.220324,"Native numeric candidate, not newly pooled: exact outcome definition/time/scale or prespecified arm selection requires a model-specific decision. No automatic pooling of the gap-fill audit."
V33-OD-0337,SONG20_TEAS_vs_SHAM_REMSLEEP_PREOP1,Song 2020,Sleep quality,REM sleep,First night before surgery after preoperative stimulation,first night before surgery after preoperative stimulation,Mean/SD,TEAS,CONTROL_TYPE_REVIEW_REQUIRED,Perioperative TEAS: PC6/HT7 preoperatively; PC6/HT7/ST36/LI4 postoperatively (2/10 Hz; 30-min sessions),Active nonacupoint electrical stimulation with matched timing/frequency,%,42,43,25.13,2.3,23.92,2,,,INCLUDE,"Numerically extractable in its native endpoint/time/statistic; pooling still requires compatible stratum, comparator and independent-arm selection.",ROB2_RESULT_SPECIFIC_PENDING,,https://drive.google.com/file/d/1qL50sUze8YDRs_oIXFWTbVUL5102qnw4/view?usp=drivesdk,Table 2,,1.21,0.467948,MD,Native MD; no pooled interpretation without compatible model.,1,0.556803,0.221109,"Native numeric candidate, not newly pooled: exact outcome definition/time/scale or prespecified arm selection requires a model-specific decision. No automatic pooling of the gap-fill audit."
V33-OD-0338,SONG20_TEAS_vs_SHAM_STABLESLEEP_PREOP1,Song 2020,Sleep quality,Stable sleep,First night before surgery after preoperative stimulation,first night before surgery after preoperative stimulation,Mean/SD,TEAS,CONTROL_TYPE_REVIEW_REQUIRED,Perioperative TEAS: PC6/HT7 preoperatively; PC6/HT7/ST36/LI4 postoperatively (2/10 Hz; 30-min sessions),Active nonacupoint electrical stimulation with matched timing/frequency,%,42,43,36,2.9,34.46,3,,,INCLUDE,"Numerically extractable in its native endpoint/time/statistic; pooling still requires compatible stratum, comparator and independent-arm selection.",ROB2_RESULT_SPECIFIC_PENDING,,https://drive.google.com/file/d/1qL50sUze8YDRs_oIXFWTbVUL5102qnw4/view?usp=drivesdk,Table 2,,1.54,0.639953,MD,Native MD; no pooled interpretation without compatible model.,1,0.517123,0.220541,"Native numeric candidate, not newly pooled: exact outcome definition/time/scale or prespecified arm selection requires a model-specific decision. No automatic pooling of the gap-fill audit."
V33-OD-0339,SONG20_TEAS_vs_SHAM_UNSTABLESLEEP_PREOP1,Song 2020,Sleep quality,Unstable sleep,First night before surgery after preoperative stimulation,first night before surgery after preoperative stimulation,Mean/SD,TEAS,CONTROL_TYPE_REVIEW_REQUIRED,Perioperative TEAS: PC6/HT7 preoperatively; PC6/HT7/ST36/LI4 postoperatively (2/10 Hz; 30-min sessions),Active nonacupoint electrical stimulation with matched timing/frequency,%,42,43,43.41,3.4,40.67,2.7,,,INCLUDE,"Numerically extractable in its native endpoint/time/statistic; pooling still requires compatible stratum, comparator and independent-arm selection.",ROB2_RESULT_SPECIFIC_PENDING,,https://drive.google.com/file/d/1qL50sUze8YDRs_oIXFWTbVUL5102qnw4/view?usp=drivesdk,Table 2,,2.74,0.666913,MD,Native MD; no pooled interpretation without compatible model.,1,0.885624,0.22733,"Native numeric candidate, not newly pooled: exact outcome definition/time/scale or prespecified arm selection requires a model-specific decision. No automatic pooling of the gap-fill audit."
V33-OD-0340,SONG20_TEAS_vs_SHAM_SLEEPEFFICIENCY_POD1,Song 2020,Sleep quality,Sleep efficiency,First postoperative night,first postoperative night,Mean/SD,TEAS,CONTROL_TYPE_REVIEW_REQUIRED,Perioperative TEAS: PC6/HT7 preoperatively; PC6/HT7/ST36/LI4 postoperatively (2/10 Hz; 30-min sessions),Active nonacupoint electrical stimulation with matched timing/frequency,%,42,43,76.63,2.9,70.35,2.5,,,INCLUDE,"Numerically extractable in its native endpoint/time/statistic; pooling still requires compatible stratum, comparator and independent-arm selection.",ROB2_RESULT_SPECIFIC_PENDING,,https://drive.google.com/file/d/1qL50sUze8YDRs_oIXFWTbVUL5102qnw4/view?usp=drivesdk,Table 2,,6.28,0.587866,MD,Native MD; no pooled interpretation without compatible model.,1,2.300591,0.279641,"Native numeric candidate, not newly pooled: exact outcome definition/time/scale or prespecified arm selection requires a model-specific decision. No automatic pooling of the gap-fill audit."
V33-OD-0341,SONG20_TEAS_vs_SHAM_AIS_POD1,Song 2020,Sleep quality,AIS score,First postoperative night,first postoperative night,Mean/SD,TEAS,CONTROL_TYPE_REVIEW_REQUIRED,Perioperative TEAS: PC6/HT7 preoperatively; PC6/HT7/ST36/LI4 postoperatively (2/10 Hz; 30-min sessions),Active nonacupoint electrical stimulation with matched timing/frequency,AIS points,42,43,4.14,0.8,5.44,0.6,,,INCLUDE,"Numerically extractable in its native endpoint/time/statistic; pooling still requires compatible stratum, comparator and independent-arm selection.",ROB2_RESULT_SPECIFIC_PENDING,,https://drive.google.com/file/d/1qL50sUze8YDRs_oIXFWTbVUL5102qnw4/view?usp=drivesdk,Table 2,,-1.3,0.153656,MD,Native MD; no pooled interpretation without compatible model.,1,-1.824895,0.258176,"Native numeric candidate, not newly pooled: exact outcome definition/time/scale or prespecified arm selection requires a model-specific decision. No automatic pooling of the gap-fill audit."
V33-OD-0342,SONG20_TEAS_vs_SHAM_REMSLEEP_POD1,Song 2020,Sleep quality,REM sleep,First postoperative night,first postoperative night,Mean/SD,TEAS,CONTROL_TYPE_REVIEW_REQUIRED,Perioperative TEAS: PC6/HT7 preoperatively; PC6/HT7/ST36/LI4 postoperatively (2/10 Hz; 30-min sessions),Active nonacupoint electrical stimulation with matched timing/frequency,%,42,43,19.42,1.6,16.07,1.8,,,INCLUDE,"Numerically extractable in its native endpoint/time/statistic; pooling still requires compatible stratum, comparator and independent-arm selection.",ROB2_RESULT_SPECIFIC_PENDING,,https://drive.google.com/file/d/1qL50sUze8YDRs_oIXFWTbVUL5102qnw4/view?usp=drivesdk,Table 2,,3.35,0.36919,MD,Native MD; no pooled interpretation without compatible model.,1,1.947983,0.263414,"Native numeric candidate, not newly pooled: exact outcome definition/time/scale or prespecified arm selection requires a model-specific decision. No automatic pooling of the gap-fill audit."
V33-OD-0343,SONG20_TEAS_vs_SHAM_STABLESLEEP_POD1,Song 2020,Sleep quality,Stable sleep,First postoperative night,first postoperative night,Mean/SD,TEAS,CONTROL_TYPE_REVIEW_REQUIRED,Perioperative TEAS: PC6/HT7 preoperatively; PC6/HT7/ST36/LI4 postoperatively (2/10 Hz; 30-min sessions),Active nonacupoint electrical stimulation with matched timing/frequency,%,42,43,28.24,2.7,24.85,3.3,,,INCLUDE,"Numerically extractable in its native endpoint/time/statistic; pooling still requires compatible stratum, comparator and independent-arm selection.",ROB2_RESULT_SPECIFIC_PENDING,,https://drive.google.com/file/d/1qL50sUze8YDRs_oIXFWTbVUL5102qnw4/view?usp=drivesdk,Table 2,,3.39,0.65332,MD,Native MD; no pooled interpretation without compatible model.,1,1.112874,0.233132,"Native numeric candidate, not newly pooled: exact outcome definition/time/scale or prespecified arm selection requires a model-specific decision. No automatic pooling of the gap-fill audit."
V33-OD-0344,SONG20_TEAS_vs_SHAM_UNSTABLESLEEP_POD1,Song 2020,Sleep quality,Unstable sleep,First postoperative night,first postoperative night,Mean/SD,TEAS,CONTROL_TYPE_REVIEW_REQUIRED,Perioperative TEAS: PC6/HT7 preoperatively; PC6/HT7/ST36/LI4 postoperatively (2/10 Hz; 30-min sessions),Active nonacupoint electrical stimulation with matched timing/frequency,%,42,43,33.59,3.4,27.15,2.8,,,INCLUDE,"Numerically extractable in its native endpoint/time/statistic; pooling still requires compatible stratum, comparator and independent-arm selection.",ROB2_RESULT_SPECIFIC_PENDING,,https://drive.google.com/file/d/1qL50sUze8YDRs_oIXFWTbVUL5102qnw4/view?usp=drivesdk,Table 2,,6.44,0.676435,MD,Native MD; no pooled interpretation without compatible model.,1,2.051389,0.267992,"Native numeric candidate, not newly pooled: exact outcome definition/time/scale or prespecified arm selection requires a model-specific decision. No automatic pooling of the gap-fill audit."
V33-OD-0345,SONG20_TEAS_vs_SHAM_SLEEPEFFICIENCY_POD3,Song 2020,Sleep quality,Sleep efficiency,Third postoperative night,third postoperative night,Mean/SD,TEAS,CONTROL_TYPE_REVIEW_REQUIRED,Perioperative TEAS: PC6/HT7 preoperatively; PC6/HT7/ST36/LI4 postoperatively (2/10 Hz; 30-min sessions),Active nonacupoint electrical stimulation with matched timing/frequency,%,42,43,82,3.4,78.18,3.2,,,INCLUDE,"Numerically extractable in its native endpoint/time/statistic; pooling still requires compatible stratum, comparator and independent-arm selection.",ROB2_RESULT_SPECIFIC_PENDING,,https://drive.google.com/file/d/1qL50sUze8YDRs_oIXFWTbVUL5102qnw4/view?usp=drivesdk,Table 2,,3.82,0.716504,MD,Native MD; no pooled interpretation without compatible model.,1,1.146976,0.234102,"Native numeric candidate, not newly pooled: exact outcome definition/time/scale or prespecified arm selection requires a model-specific decision. No automatic pooling of the gap-fill audit."
V33-OD-0346,SONG20_TEAS_vs_SHAM_AIS_POD3,Song 2020,Sleep quality,AIS score,Third postoperative night,third postoperative night,Mean/SD,TEAS,CONTROL_TYPE_REVIEW_REQUIRED,Perioperative TEAS: PC6/HT7 preoperatively; PC6/HT7/ST36/LI4 postoperatively (2/10 Hz; 30-min sessions),Active nonacupoint electrical stimulation with matched timing/frequency,AIS points,42,43,3.33,0.8,4.33,0.9,,,INCLUDE,"Numerically extractable in its native endpoint/time/statistic; pooling still requires compatible stratum, comparator and independent-arm selection.",ROB2_RESULT_SPECIFIC_PENDING,,https://drive.google.com/file/d/1qL50sUze8YDRs_oIXFWTbVUL5102qnw4/view?usp=drivesdk,Table 2,,-1.0,0.184595,MD,Native MD; no pooled interpretation without compatible model.,1,-1.162975,0.234566,"Native numeric candidate, not newly pooled: exact outcome definition/time/scale or prespecified arm selection requires a model-specific decision. No automatic pooling of the gap-fill audit."
V33-OD-0347,SONG20_TEAS_vs_SHAM_REMSLEEP_POD3,Song 2020,Sleep quality,REM sleep,Third postoperative night,third postoperative night,Mean/SD,TEAS,CONTROL_TYPE_REVIEW_REQUIRED,Perioperative TEAS: PC6/HT7 preoperatively; PC6/HT7/ST36/LI4 postoperatively (2/10 Hz; 30-min sessions),Active nonacupoint electrical stimulation with matched timing/frequency,%,42,43,21.5,1.7,18.64,1.5,,,INCLUDE,"Numerically extractable in its native endpoint/time/statistic; pooling still requires compatible stratum, comparator and independent-arm selection.",ROB2_RESULT_SPECIFIC_PENDING,,https://drive.google.com/file/d/1qL50sUze8YDRs_oIXFWTbVUL5102qnw4/view?usp=drivesdk,Table 2,,2.86,0.348045,MD,Native MD; no pooled interpretation without compatible model.,1,1.769177,0.255885,"Native numeric candidate, not newly pooled: exact outcome definition/time/scale or prespecified arm selection requires a model-specific decision. No automatic pooling of the gap-fill audit."
V33-OD-0348,SONG20_TEAS_vs_SHAM_STABLESLEEP_POD3,Song 2020,Sleep quality,Stable sleep,Third postoperative night,third postoperative night,Mean/SD,TEAS,CONTROL_TYPE_REVIEW_REQUIRED,Perioperative TEAS: PC6/HT7 preoperatively; PC6/HT7/ST36/LI4 postoperatively (2/10 Hz; 30-min sessions),Active nonacupoint electrical stimulation with matched timing/frequency,%,42,43,30.11,3,27.13,3.4,,,INCLUDE,"Numerically extractable in its native endpoint/time/statistic; pooling still requires compatible stratum, comparator and independent-arm selection.",ROB2_RESULT_SPECIFIC_PENDING,,https://drive.google.com/file/d/1qL50sUze8YDRs_oIXFWTbVUL5102qnw4/view?usp=drivesdk,Table 2,,2.98,0.69507,MD,Native MD; no pooled interpretation without compatible model.,1,0.920323,0.22814,"Native numeric candidate, not newly pooled: exact outcome definition/time/scale or prespecified arm selection requires a model-specific decision. No automatic pooling of the gap-fill audit."
V33-OD-0349,SONG20_TEAS_vs_SHAM_UNSTABLESLEEP_POD3,Song 2020,Sleep quality,Unstable sleep,Third postoperative night,third postoperative night,Mean/SD,TEAS,CONTROL_TYPE_REVIEW_REQUIRED,Perioperative TEAS: PC6/HT7 preoperatively; PC6/HT7/ST36/LI4 postoperatively (2/10 Hz; 30-min sessions),Active nonacupoint electrical stimulation with matched timing/frequency,%,42,43,38.16,3.4,31.39,2.7,,,INCLUDE,"Numerically extractable in its native endpoint/time/statistic; pooling still requires compatible stratum, comparator and independent-arm selection.",ROB2_RESULT_SPECIFIC_PENDING,,https://drive.google.com/file/d/1qL50sUze8YDRs_oIXFWTbVUL5102qnw4/view?usp=drivesdk,Table 2,,6.77,0.666913,MD,Native MD; no pooled interpretation without compatible model.,1,2.188201,0.274283,"Native numeric candidate, not newly pooled: exact outcome definition/time/scale or prespecified arm selection requires a model-specific decision. No automatic pooling of the gap-fill audit."
V33-OD-0351,SZMIT21_TEAS_vs_CTRL_MORPH24,Szmit 2021,Postoperative opioid dose (native window/unit),Total IV PCA morphine dose,0–24 h postoperative,0-24h postoperative,Mean/SD,TEAS,CONTROL_TYPE_REVIEW_REQUIRED,Postoperative TEAS: bilateral LI4 + ipsilateral peri-incisional ashi points; alternating 2/100 Hz; 30 min every 2 h through 24 h,PCA only / no TEAS,mg IV morphine,24,23,7.5,3.8,15.5,6.1,,,INCLUDE,"Numerically extractable in its native endpoint/time/statistic; pooling still requires compatible stratum, comparator and independent-arm selection.",EXISTING_RESULT_SPECIFIC: Some concerns,,https://drive.google.com/file/d/1SbgHRO4KEP9X0Unz75vDMFCvlkDTEgk3/view?usp=drivesdk,Table 2 / primary outcome,,-8.0,1.489796,MD,Native MD; no pooled interpretation without compatible model.,1,-1.55549,0.332994,"Native numeric candidate, not newly pooled: exact outcome definition/time/scale or prespecified arm selection requires a model-specific decision. No automatic pooling of the gap-fill audit."
V33-OD-0352,SZMIT21_TEAS_vs_SHAM_NAUSEA24,Szmit 2021,Nausea,Nausea incidence,Postoperative observation period; PCA/TEAS discontinued at 24 h,postoperative observation period; pca/teas discontinued at 24h,Events/total,TEAS,Sham,Postoperative TEAS: bilateral LI4 + ipsilateral peri-incisional ashi points; alternating 2/100 Hz; 30 min every 2 h through 24 h,Sham TEAS: identical devices/placement with no electrical stimulation + PCA,participants with nausea,24,24,,,,,0,4,INCLUDE,"Numerically extractable in its native endpoint/time/statistic; pooling still requires compatible stratum, comparator and independent-arm selection.",ROB2_RESULT_SPECIFIC_PENDING,,https://drive.google.com/file/d/1SbgHRO4KEP9X0Unz75vDMFCvlkDTEgk3/view?usp=drivesdk,Table 2 / postoperative adverse events,,-2.197225,1.463633,logRR,0.5 added to all four cells,1,,,"Native numeric candidate, not newly pooled: exact outcome definition/time/scale or prespecified arm selection requires a model-specific decision. No automatic pooling of the gap-fill audit."
V33-OD-0353,SZMIT21_TEAS_vs_CTRL_NAUSEA24,Szmit 2021,Nausea,Nausea incidence,Postoperative observation period; PCA/TEAS discontinued at 24 h,postoperative observation period; pca/teas discontinued at 24h,Events/total,TEAS,CONTROL_TYPE_REVIEW_REQUIRED,Postoperative TEAS: bilateral LI4 + ipsilateral peri-incisional ashi points; alternating 2/100 Hz; 30 min every 2 h through 24 h,PCA only / no TEAS,participants with nausea,24,23,,,,,0,2,INCLUDE,"Numerically extractable in its native endpoint/time/statistic; pooling still requires compatible stratum, comparator and independent-arm selection.",ROB2_RESULT_SPECIFIC_PENDING,,https://drive.google.com/file/d/1SbgHRO4KEP9X0Unz75vDMFCvlkDTEgk3/view?usp=drivesdk,Table 2 / postoperative adverse events,,-1.65026,1.522607,logRR,0.5 added to all four cells,1,,,"Native numeric candidate, not newly pooled: exact outcome definition/time/scale or prespecified arm selection requires a model-specific decision. No automatic pooling of the gap-fill audit."
V33-OD-0354,SZMIT21_TEAS_vs_SHAM_VASDISCH,Szmit 2021,Pain — unspecified context,VAS pain at discharge,At discharge; exact postoperative clock time not reported,at discharge; exact postoperative clock time not reported,Mean/SD,TEAS,Sham,Postoperative TEAS: bilateral LI4 + ipsilateral peri-incisional ashi points; alternating 2/100 Hz; 30 min every 2 h through 24 h,Sham TEAS: identical devices/placement with no electrical stimulation + PCA,VAS 0–10,24,24,1.3,1,2.9,1.5,,,INCLUDE,"Numerically extractable in its native endpoint/time/statistic; pooling still requires compatible stratum, comparator and independent-arm selection.",ROB2_RESULT_SPECIFIC_PENDING,,https://drive.google.com/file/d/1SbgHRO4KEP9X0Unz75vDMFCvlkDTEgk3/view?usp=drivesdk,Table 2 / Figure 3b,,-1.6,0.36799,MD,Native MD; no pooled interpretation without compatible model.,1,-1.234567,0.314976,"Native numeric candidate, not newly pooled: exact outcome definition/time/scale or prespecified arm selection requires a model-specific decision. No automatic pooling of the gap-fill audit."
V33-OD-0355,SZMIT21_TEAS_vs_CTRL_VASDISCH,Szmit 2021,Pain — unspecified context,VAS pain at discharge,At discharge; exact postoperative clock time not reported,at discharge; exact postoperative clock time not reported,Mean/SD,TEAS,CONTROL_TYPE_REVIEW_REQUIRED,Postoperative TEAS: bilateral LI4 + ipsilateral peri-incisional ashi points; alternating 2/100 Hz; 30 min every 2 h through 24 h,PCA only / no TEAS,VAS 0–10,24,23,1.3,1,3.1,1.3,,,INCLUDE,"Numerically extractable in its native endpoint/time/statistic; pooling still requires compatible stratum, comparator and independent-arm selection.",ROB2_RESULT_SPECIFIC_PENDING,,https://drive.google.com/file/d/1SbgHRO4KEP9X0Unz75vDMFCvlkDTEgk3/view?usp=drivesdk,Table 2 / Figure 3b,,-1.8,0.33933,MD,Native MD; no pooled interpretation without compatible model.,1,-1.530426,0.331756,"Native numeric candidate, not newly pooled: exact outcome definition/time/scale or prespecified arm selection requires a model-specific decision. No automatic pooling of the gap-fill audit."
V33-OD-0356,ZHANG18_TEA_vs_SHAM_OPIOID24,Zhang 2018,Postoperative opioid dose (native window/unit),Exact cumulative postoperative opioid consumption,0–24 h,0-24h,Not reported,MODALITY_REVIEW_REQUIRED,CONTROL_TYPE_REVIEW_REQUIRED,"Postoperative needleless TEA at bilateral ST36 and PC6; 25 Hz, 0.5-ms pulse width, 2–10 mA; 1 h twice daily on POD1–3",Active electrical stimulation at non-acupoints with the same stimulation method,opioid dose,21,21,,,,,,,NOT REPORTED,Accessed source does not supply the requested numerical result.,ROB2_RESULT_SPECIFIC_PENDING,,https://drive.google.com/file/d/1ZcLvQiw1bigHUYQTjwWPa8f1D2UrkAwl/view?usp=drivesdk,Methods/results,,,,,,1,,,Accessed source does not supply the requested numerical result.
V33-OD-0357,ZHANG18_TEA_vs_SHAM_DEFEC,Zhang 2018,GI — first defecation,Time to first defecation,Postoperative,postoperative,Graph-only mean±SE,MODALITY_REVIEW_REQUIRED,CONTROL_TYPE_REVIEW_REQUIRED,"Postoperative needleless TEA at bilateral ST36 and PC6; 25 Hz, 0.5-ms pulse width, 2–10 mA; 1 h twice daily on POD1–3",Active electrical stimulation at non-acupoints with the same stimulation method,hours,21,21,,,,,,,GRAPH ONLY,No new graph digitization; historical digitized data require their original validation before pooling.,EXISTING_RESULT_SPECIFIC: Some concerns,,https://drive.google.com/file/d/1ZcLvQiw1bigHUYQTjwWPa8f1D2UrkAwl/view?usp=drivesdk,Figure 2a / Results,,,,,,1,,,No new graph digitization; historical digitized data require their original validation before pooling.
V33-OD-0358,ZHANG18_TEA_vs_SHAM_FLATUS,Zhang 2018,GI — first flatus,Time to first flatus,Postoperative,postoperative,Graph-only mean±SE,MODALITY_REVIEW_REQUIRED,CONTROL_TYPE_REVIEW_REQUIRED,"Postoperative needleless TEA at bilateral ST36 and PC6; 25 Hz, 0.5-ms pulse width, 2–10 mA; 1 h twice daily on POD1–3",Active electrical stimulation at non-acupoints with the same stimulation method,hours,21,21,,,,,,,GRAPH ONLY,No new graph digitization; historical digitized data require their original validation before pooling.,ROB2_RESULT_SPECIFIC_PENDING,,https://drive.google.com/file/d/1ZcLvQiw1bigHUYQTjwWPa8f1D2UrkAwl/view?usp=drivesdk,Figure 2a / Results,,,,,,1,,,No new graph digitization; historical digitized data require their original validation before pooling.
V33-OD-0359,ZHANG18_TEA_vs_SHAM_DIET,Zhang 2018,GI recovery,Time to resume diet,Postoperative,postoperative,Graph-only mean±SE,MODALITY_REVIEW_REQUIRED,CONTROL_TYPE_REVIEW_REQUIRED,"Postoperative needleless TEA at bilateral ST36 and PC6; 25 Hz, 0.5-ms pulse width, 2–10 mA; 1 h twice daily on POD1–3",Active electrical stimulation at non-acupoints with the same stimulation method,days,21,21,,,,,,,GRAPH ONLY,No new graph digitization; historical digitized data require their original validation before pooling.,ROB2_RESULT_SPECIFIC_PENDING,,https://drive.google.com/file/d/1ZcLvQiw1bigHUYQTjwWPa8f1D2UrkAwl/view?usp=drivesdk,Figure 2b / Results,,,,,,1,,,No new graph digitization; historical digitized data require their original validation before pooling.
V33-OD-0360,ZHANG18_TEA_vs_SHAM_POI96,Zhang 2018,GI — first defecation,Prolonged postoperative ileus / time to first defecation >96 h,Postoperative,postoperative,Events/total,MODALITY_REVIEW_REQUIRED,CONTROL_TYPE_REVIEW_REQUIRED,"Postoperative needleless TEA at bilateral ST36 and PC6; 25 Hz, 0.5-ms pulse width, 2–10 mA; 1 h twice daily on POD1–3",Active electrical stimulation at non-acupoints with the same stimulation method,participants,21,21,,,,,0,5,HOLD,"Preserved v33 source-QC gate: Raw text gives 0/21 vs 5/21, but Table 2 endpoint/non-endpoint totals equal 44 rather than 42; adjudication required.",ROB2_RESULT_SPECIFIC_PENDING,,https://drive.google.com/file/d/1ZcLvQiw1bigHUYQTjwWPa8f1D2UrkAwl/view?usp=drivesdk,Results text / Table 2,,,,,,1,,,"Preserved v33 source-QC gate: Raw text gives 0/21 vs 5/21, but Table 2 endpoint/non-endpoint totals equal 44 rather than 42; adjudication required."
V33-OD-0361,ZHANG18_TEA_vs_SHAM_AMB,Zhang 2018,Functional recovery,Time to ambulation,Postoperative,postoperative,Graph-only mean±SE,MODALITY_REVIEW_REQUIRED,CONTROL_TYPE_REVIEW_REQUIRED,"Postoperative needleless TEA at bilateral ST36 and PC6; 25 Hz, 0.5-ms pulse width, 2–10 mA; 1 h twice daily on POD1–3",Active electrical stimulation at non-acupoints with the same stimulation method,days,21,21,,,,,,,GRAPH ONLY,No new graph digitization; historical digitized data require their original validation before pooling.,ROB2_RESULT_SPECIFIC_PENDING,,https://drive.google.com/file/d/1ZcLvQiw1bigHUYQTjwWPa8f1D2UrkAwl/view?usp=drivesdk,Figure 2b / Results,,,,,,1,,,No new graph digitization; historical digitized data require their original validation before pooling.
V33-OD-0362,ZHANG18_TEA_vs_SHAM_LOS,Zhang 2018,LOS,Postoperative hospital length of stay,Postoperative,postoperative,Graph-only mean±SE,MODALITY_REVIEW_REQUIRED,CONTROL_TYPE_REVIEW_REQUIRED,"Postoperative needleless TEA at bilateral ST36 and PC6; 25 Hz, 0.5-ms pulse width, 2–10 mA; 1 h twice daily on POD1–3",Active electrical stimulation at non-acupoints with the same stimulation method,days,21,21,,,,,,,GRAPH ONLY,No new graph digitization; historical digitized data require their original validation before pooling.,ROB2_RESULT_SPECIFIC_PENDING,,https://drive.google.com/file/d/1ZcLvQiw1bigHUYQTjwWPa8f1D2UrkAwl/view?usp=drivesdk,Figure 2b / Results,,,,,,1,,,No new graph digitization; historical digitized data require their original validation before pooling.
V33-OD-0363,ZHANG18_TEA_vs_SHAM_PAINPOD1,Zhang 2018,Pain — unspecified context,VAS pain score,Postoperative day 1,postoperative day 1,Graph-only mean±SE,MODALITY_REVIEW_REQUIRED,CONTROL_TYPE_REVIEW_REQUIRED,"Postoperative needleless TEA at bilateral ST36 and PC6; 25 Hz, 0.5-ms pulse width, 2–10 mA; 1 h twice daily on POD1–3",Active electrical stimulation at non-acupoints with the same stimulation method,VAS 0–10,21,21,,,,,,,GRAPH ONLY,No new graph digitization; historical digitized data require their original validation before pooling.,ROB2_RESULT_SPECIFIC_PENDING,,https://drive.google.com/file/d/1ZcLvQiw1bigHUYQTjwWPa8f1D2UrkAwl/view?usp=drivesdk,Figure 2c / Results,,,,,,1,,,No new graph digitization; historical digitized data require their original validation before pooling.
V33-OD-0364,ZHANG18_TEA_vs_SHAM_PAINPOD2,Zhang 2018,Pain — unspecified context,VAS pain score,Postoperative day 2,postoperative day 2,Graph-only mean±SE,MODALITY_REVIEW_REQUIRED,CONTROL_TYPE_REVIEW_REQUIRED,"Postoperative needleless TEA at bilateral ST36 and PC6; 25 Hz, 0.5-ms pulse width, 2–10 mA; 1 h twice daily on POD1–3",Active electrical stimulation at non-acupoints with the same stimulation method,VAS 0–10,21,21,,,,,,,GRAPH ONLY,No new graph digitization; historical digitized data require their original validation before pooling.,ROB2_RESULT_SPECIFIC_PENDING,,https://drive.google.com/file/d/1ZcLvQiw1bigHUYQTjwWPa8f1D2UrkAwl/view?usp=drivesdk,Figure 2c / Results,,,,,,1,,,No new graph digitization; historical digitized data require their original validation before pooling.
V33-OD-0365,ZHANG18_TEA_vs_SHAM_PAINPOD3,Zhang 2018,Pain — unspecified context,VAS pain score,Postoperative day 3,postoperative day 3,Graph-only mean±SE,MODALITY_REVIEW_REQUIRED,CONTROL_TYPE_REVIEW_REQUIRED,"Postoperative needleless TEA at bilateral ST36 and PC6; 25 Hz, 0.5-ms pulse width, 2–10 mA; 1 h twice daily on POD1–3",Active electrical stimulation at non-acupoints with the same stimulation method,VAS 0–10,21,21,,,,,,,GRAPH ONLY,No new graph digitization; historical digitized data require their original validation before pooling.,ROB2_RESULT_SPECIFIC_PENDING,,https://drive.google.com/file/d/1ZcLvQiw1bigHUYQTjwWPa8f1D2UrkAwl/view?usp=drivesdk,Figure 2c / Results,,,,,,1,,,No new graph digitization; historical digitized data require their original validation before pooling.
V33-OD-0367,YU20_TEAS_vs_CTRL_PAIN_POD1,Yu 2020,Pain — rest,Resting pain VAS,POD1 (~24 h),pod1 (~24h),Mean/SD,TEAS,Sham,Preoperative TEAS,Control/no current (electrodes applied),VAS 0-10,30,30,3.7,1.53,4.73,1.53,,,HOLD,"Unresolved source conflict or undefined endpoint; printed values retained, excluded from quantitative models.",ROB2_RESULT_SPECIFIC_PENDING,,local: TEAS EA Verification/Source PDFs/s13063-019-3892-4.pdf,Table 2 (VAS scores); abstract Results,,,,,,1,,,"Unresolved source conflict or undefined endpoint; printed values retained, excluded from quantitative models."
V33-OD-0368,YU20_TEAS_vs_CTRL_PAIN_POD2,Yu 2020,Pain — rest,Resting pain VAS,POD2 (~48 h),pod2 (~48h),Mean/SD,TEAS,Sham,Preoperative TEAS,Control/no current (electrodes applied),VAS 0-10,30,30,1.83,0.98,2.3,0.95,,,HOLD,"Unresolved source conflict or undefined endpoint; printed values retained, excluded from quantitative models.",ROB2_RESULT_SPECIFIC_PENDING,,local: TEAS EA Verification/Source PDFs/s13063-019-3892-4.pdf,Table 2; Results 'Pain assessment'; abstract,,,,,,1,,,"Unresolved source conflict or undefined endpoint; printed values retained, excluded from quantitative models."
V33-OD-0369,YAO15_TEAS_vs_CTRL_RESCUECOUNT24,Yao 2015,Rescue analgesia — drug class unresolved,Cumulative number of rescue analgesia administrations,0-24 h postoperative,0-24h postoperative,Median/IQR,TEAS,Sham,Preoperative TEAS,Control/no current,administrations,35,36,,,,,,,NARRATIVE ONLY,Median and original dispersion preserved; no mean/SD conversion or MD pooling.,ROB2_RESULT_SPECIFIC_PENDING,,local: TEAS EA Verification/Source PDFs/039_yao_2015.pdf,Table 3 (Cumulative number of rescue analgesia),,,,,,1,,,Median and original dispersion preserved; no mean/SD conversion or MD pooling.
V33-OD-0370,YAO15_TEAS_vs_CTRL_TIMETORESCUE,Yao 2015,Time to first rescue,Time to first rescue analgesia,0-24 h postoperative,0-24h postoperative,Median/range,TEAS,Sham,Preoperative TEAS,Control/no current,minutes,35,36,,,,,,,NARRATIVE ONLY,Median and original dispersion preserved; no mean/SD conversion or MD pooling.,ROB2_RESULT_SPECIFIC_PENDING,,local: TEAS EA Verification/Source PDFs/039_yao_2015.pdf,Table 3 (Time to first rescue analgesia),,,,,,1,,,Median and original dispersion preserved; no mean/SD conversion or MD pooling.
V33-OD-0371,YAO15_TEAS_vs_CTRL_NAUSEA24,Yao 2015,Nausea,Postoperative nausea,0-24 h postoperative,0-24h postoperative,Events/total,TEAS,Sham,Preoperative TEAS,Control/no current,participants,35,36,,,,,17,26,INCLUDE,"Numerically extractable in its native endpoint/time/statistic; pooling still requires compatible stratum, comparator and independent-arm selection.",ROB2_RESULT_SPECIFIC_PENDING,,local: TEAS EA Verification/Source PDFs/039_yao_2015.pdf,Table 3 (Nausea),,-0.396712,0.202326,logRR,Uncorrected log risk ratio,1,,,"Native numeric candidate, not newly pooled: exact outcome definition/time/scale or prespecified arm selection requires a model-specific decision. No automatic pooling of the gap-fill audit."
V33-OD-0372,YAO15_TEAS_vs_CTRL_VOMIT24,Yao 2015,Vomiting,Postoperative vomiting,0-24 h postoperative,0-24h postoperative,Events/total,TEAS,Sham,Preoperative TEAS,Control/no current,participants,35,36,,,,,7,19,INCLUDE,"Numerically extractable in its native endpoint/time/statistic; pooling still requires compatible stratum, comparator and independent-arm selection.",ROB2_RESULT_SPECIFIC_PENDING,,local: TEAS EA Verification/Source PDFs/039_yao_2015.pdf,Table 3 (Vomiting),,-0.970358,0.373014,logRR,Uncorrected log risk ratio,1,,,"Native numeric candidate, not newly pooled: exact outcome definition/time/scale or prespecified arm selection requires a model-specific decision. No automatic pooling of the gap-fill audit."
V33-OD-0373,ZHU22_PRE_vs_USUAL_INTRAOPSUF,Zhu 2022,Intraoperative opioid,Intraoperative sufentanil,Intraoperative,intraoperative,Mean/SD,EA,Usual care,EA day before surgery,Usual care alone,ug sufentanil,101,101,38.1,4.97,37.8,4.87,,,INCLUDE,"Numerically extractable in its native endpoint/time/statistic; pooling still requires compatible stratum, comparator and independent-arm selection.",ROB2_RESULT_SPECIFIC_PENDING,,local: TEAS EA Verification/Source PDFs/covidence_381_full_article.pdf,Table 1 (Intraoperative sufentanil),,0.3,0.692376,MD,Native MD; no pooled interpretation without compatible model.,1,0.060744,0.140752,"Native numeric candidate, not newly pooled: exact outcome definition/time/scale or prespecified arm selection requires a model-specific decision. No automatic pooling of the gap-fill audit."
V33-OD-0374,ZHU22_30MIN_vs_USUAL_INTRAOPSUF,Zhu 2022,Intraoperative opioid,Intraoperative sufentanil,Intraoperative,intraoperative,Mean/SD,EA,Usual care,EA 30 min before surgery,Usual care alone,ug sufentanil,98,101,39.1,4.83,37.8,4.87,,,INCLUDE,"Numerically extractable in its native endpoint/time/statistic; pooling still requires compatible stratum, comparator and independent-arm selection.",ROB2_RESULT_SPECIFIC_PENDING,,local: TEAS EA Verification/Source PDFs/covidence_381_full_article.pdf,Table 1 (Intraoperative sufentanil),,1.3,0.687656,MD,Native MD; no pooled interpretation without compatible model.,1,0.267,0.142423,"Native numeric candidate, not newly pooled: exact outcome definition/time/scale or prespecified arm selection requires a model-specific decision. No automatic pooling of the gap-fill audit."
V33-OD-0376,ZHU22_PRE_vs_USUAL_INTRAOPREMI,Zhu 2022,Intraoperative opioid,Intraoperative remifentanil,Intraoperative,intraoperative,Mean/SD,EA,Usual care,EA day before surgery,Usual care alone,mg remifentanil,101,101,0.58,0.23,0.57,0.26,,,INCLUDE,"Numerically extractable in its native endpoint/time/statistic; pooling still requires compatible stratum, comparator and independent-arm selection.",ROB2_RESULT_SPECIFIC_PENDING,,local: TEAS EA Verification/Source PDFs/covidence_381_full_article.pdf,Table 1 (Intraoperative remifentanil),,0.01,0.034541,MD,Native MD; no pooled interpretation without compatible model.,1,0.040587,0.140734,"Native numeric candidate, not newly pooled: exact outcome definition/time/scale or prespecified arm selection requires a model-specific decision. No automatic pooling of the gap-fill audit."
V33-OD-0377,ZHU22_30MIN_vs_USUAL_INTRAOPREMI,Zhu 2022,Intraoperative opioid,Intraoperative remifentanil,Intraoperative,intraoperative,Mean/SD,EA,Usual care,EA 30 min before surgery,Usual care alone,mg remifentanil,98,101,0.58,0.23,0.57,0.26,,,INCLUDE,"Numerically extractable in its native endpoint/time/statistic; pooling still requires compatible stratum, comparator and independent-arm selection.",ROB2_RESULT_SPECIFIC_PENDING,,local: TEAS EA Verification/Source PDFs/covidence_381_full_article.pdf,Table 1 (Intraoperative remifentanil),,0.01,0.034772,MD,Native MD; no pooled interpretation without compatible model.,1,0.040547,0.141807,"Native numeric candidate, not newly pooled: exact outcome definition/time/scale or prespecified arm selection requires a model-specific decision. No automatic pooling of the gap-fill audit."
V33-OD-0382,LIANG21_TEAS_vs_CTRL_QOR40_48H,Liang 2021,QoR-40,Global QoR-40,48 h (T12),48h (t12),Mean/SD,TEAS,Sham,Preoperative TEAS,Control/no stimulation,QoR-40 points,35,35,195.3,1.9,193.3,3,,,INCLUDE,"Numerically extractable in its native endpoint/time/statistic; pooling still requires compatible stratum, comparator and independent-arm selection.",ROB2_RESULT_SPECIFIC_PENDING,,local: TEAS EA Verification/Source PDFs/014_liang_2021.pdf,Table 4; Results 3.3; Methods 2.7 (T12 definition),,2.0,0.600238,MD,Native MD; no pooled interpretation without compatible model.,1,0.787686,0.248142,"Native numeric candidate, not newly pooled: exact outcome definition/time/scale or prespecified arm selection requires a model-specific decision. No automatic pooling of the gap-fill audit."
V33-OD-0383,LIANG21_TEAS_vs_CTRL_ANALGREQ,Liang 2021,Ambiguous analgesia requirement,Postoperative analgesia requirement (metric undefined),Early postoperative period - exact window not stated,AMBIGUOUS,Reported as value (dispersion); statistic type ambiguous,TEAS,Sham,Preoperative TEAS,Control/no stimulation,UNRESOLVED - source does not define the metric,35,35,,,,,,,HOLD,"Unresolved source conflict or undefined endpoint; printed values retained, excluded from quantitative models.",ROB2_RESULT_SPECIFIC_PENDING,,local: TEAS EA Verification/Source PDFs/014_liang_2021.pdf,Table 4; Results 3.3; abstract,,,,,,1,,,"Unresolved source conflict or undefined endpoint; printed values retained, excluded from quantitative models."
AUDIT-0002,V34_B1_001,Zhu 2022,Pain — movement/activity,Pain on movement (NRS),6–24 h,6-24h,Mean/SD,EA,Usual care,Group Pre — EA day before surgery,Group Usual — usual care alone,NRS 0-10,101.0,101.0,1.15,1.02,1.44,1.3,,,INCLUDE,"Numerically extractable in its native endpoint/time/statistic; pooling still requires compatible stratum, comparator and independent-arm selection.",ROB2_RESULT_SPECIFIC_PENDING,Per-protocol,https://drive.google.com/file/d/1vux5IaubjInusplW6GJ2SsxhzibtSCe-/view?usp=drivesdk,p. 422; Table 3,,-0.29,0.164419,MD,Native MD; no pooled interpretation without compatible model.,1,-0.247267,0.141256,"Native numeric candidate, not newly pooled: exact outcome definition/time/scale or prespecified arm selection requires a model-specific decision. No automatic pooling of the gap-fill audit."
AUDIT-0003,V34_B1_002,Zhu 2022,Pain — movement/activity,Pain on movement (NRS),6–24 h,6-24h,Mean/SD,EA,Usual care,Group 30 — EA 30 min before surgery,Group Usual — usual care alone,NRS 0-10,98.0,101.0,1.12,1.03,1.44,1.3,,,INCLUDE,"Numerically extractable in its native endpoint/time/statistic; pooling still requires compatible stratum, comparator and independent-arm selection.",ROB2_RESULT_SPECIFIC_PENDING,Per-protocol,https://drive.google.com/file/d/1vux5IaubjInusplW6GJ2SsxhzibtSCe-/view?usp=drivesdk,p. 422; Table 3,,-0.32,0.166007,MD,Native MD; no pooled interpretation without compatible model.,1,-0.27134,0.142443,"Native numeric candidate, not newly pooled: exact outcome definition/time/scale or prespecified arm selection requires a model-specific decision. No automatic pooling of the gap-fill audit."
AUDIT-0004,V34_B1_003,Zhu 2022,Pain — movement/activity,Pain on movement (NRS),6–24 h,6-24h,Mean/SD,EA,Usual care,Group Comb — EA day before + 30 min before surgery,Group Usual — usual care alone,NRS 0-10,100.0,101.0,1.17,1.17,1.44,1.3,,,INCLUDE,"Numerically extractable in its native endpoint/time/statistic; pooling still requires compatible stratum, comparator and independent-arm selection.",ROB2_RESULT_SPECIFIC_PENDING,Per-protocol,https://drive.google.com/file/d/1vux5IaubjInusplW6GJ2SsxhzibtSCe-/view?usp=drivesdk,p. 422; Table 3,,-0.27,0.174418,MD,Native MD; no pooled interpretation without compatible model.,1,-0.21744,0.141487,"Native numeric candidate, not newly pooled: exact outcome definition/time/scale or prespecified arm selection requires a model-specific decision. No automatic pooling of the gap-fill audit."
AUDIT-0005,V34_B1_004,Zhu 2022,Pain — movement/activity,Pain on movement (NRS),0–6 h,0-6h,Mean/SD,EA,Usual care,Group Pre — EA day before surgery,Group Usual — usual care alone,NRS 0-10,101.0,101.0,1.89,1.47,2.45,1.6,,,INCLUDE,"Numerically extractable in its native endpoint/time/statistic; pooling still requires compatible stratum, comparator and independent-arm selection.",ROB2_RESULT_SPECIFIC_PENDING,Per-protocol,https://drive.google.com/file/d/1vux5IaubjInusplW6GJ2SsxhzibtSCe-/view?usp=drivesdk,p. 422; Table 3,,-0.56,0.216198,MD,Native MD; no pooled interpretation without compatible model.,1,-0.363126,0.141874,"Native numeric candidate, not newly pooled: exact outcome definition/time/scale or prespecified arm selection requires a model-specific decision. No automatic pooling of the gap-fill audit."
AUDIT-0006,V34_B1_005,Zhu 2022,Pain — movement/activity,Pain on movement (NRS),0–6 h,0-6h,Mean/SD,EA,Usual care,Group 30 — EA 30 min before surgery,Group Usual — usual care alone,NRS 0-10,98.0,101.0,2.01,1.25,2.45,1.6,,,INCLUDE,"Numerically extractable in its native endpoint/time/statistic; pooling still requires compatible stratum, comparator and independent-arm selection.",ROB2_RESULT_SPECIFIC_PENDING,Per-protocol,https://drive.google.com/file/d/1vux5IaubjInusplW6GJ2SsxhzibtSCe-/view?usp=drivesdk,p. 422; Table 3,,-0.44,0.2032,MD,Native MD; no pooled interpretation without compatible model.,1,-0.30474,0.142613,"Native numeric candidate, not newly pooled: exact outcome definition/time/scale or prespecified arm selection requires a model-specific decision. No automatic pooling of the gap-fill audit."
AUDIT-0007,V34_B1_006,Zhu 2022,Pain — movement/activity,Pain on movement (NRS),0–6 h,0-6h,Mean/SD,EA,Usual care,Group Comb — EA day before + 30 min before surgery,Group Usual — usual care alone,NRS 0-10,100.0,101.0,1.97,1.25,2.45,1.6,,,INCLUDE,"Numerically extractable in its native endpoint/time/statistic; pooling still requires compatible stratum, comparator and independent-arm selection.",ROB2_RESULT_SPECIFIC_PENDING,Per-protocol,https://drive.google.com/file/d/1vux5IaubjInusplW6GJ2SsxhzibtSCe-/view?usp=drivesdk,p. 422; Table 3,,-0.48,0.202414,MD,Native MD; no pooled interpretation without compatible model.,1,-0.332866,0.142044,"Native numeric candidate, not newly pooled: exact outcome definition/time/scale or prespecified arm selection requires a model-specific decision. No automatic pooling of the gap-fill audit."
AUDIT-0008,V34_B1_007,Zhu 2022,Pain — movement/activity,Pain on movement (NRS),24–48 h,24-48h,Mean/SD,EA,Usual care,Group Pre — EA day before surgery,Group Usual — usual care alone,NRS 0-10,101.0,101.0,0.4,0.76,0.73,0.97,,,INCLUDE,"Numerically extractable in its native endpoint/time/statistic; pooling still requires compatible stratum, comparator and independent-arm selection.",ROB2_RESULT_SPECIFIC_PENDING,Per-protocol,https://drive.google.com/file/d/1vux5IaubjInusplW6GJ2SsxhzibtSCe-/view?usp=drivesdk,p. 422; Table 3,,-0.33,0.122616,MD,Native MD; no pooled interpretation without compatible model.,1,-0.377301,0.141966,"Native numeric candidate, not newly pooled: exact outcome definition/time/scale or prespecified arm selection requires a model-specific decision. No automatic pooling of the gap-fill audit."
AUDIT-0009,V34_B1_008,Zhu 2022,Pain — movement/activity,Pain on movement (NRS),24–48 h,24-48h,Mean/SD,EA,Usual care,Group 30 — EA 30 min before surgery,Group Usual — usual care alone,NRS 0-10,98.0,101.0,0.54,0.86,0.73,0.97,,,INCLUDE,"Numerically extractable in its native endpoint/time/statistic; pooling still requires compatible stratum, comparator and independent-arm selection.",ROB2_RESULT_SPECIFIC_PENDING,Per-protocol,https://drive.google.com/file/d/1vux5IaubjInusplW6GJ2SsxhzibtSCe-/view?usp=drivesdk,p. 422; Table 3,,-0.19,0.129857,MD,Native MD; no pooled interpretation without compatible model.,1,-0.206298,0.142169,"Native numeric candidate, not newly pooled: exact outcome definition/time/scale or prespecified arm selection requires a model-specific decision. No automatic pooling of the gap-fill audit."
AUDIT-0010,V34_B1_009,Zhu 2022,Pain — movement/activity,Pain on movement (NRS),24–48 h,24-48h,Mean/SD,EA,Usual care,Group Comb — EA day before + 30 min before surgery,Group Usual — usual care alone,NRS 0-10,100.0,101.0,0.5,0.96,0.73,0.97,,,INCLUDE,"Numerically extractable in its native endpoint/time/statistic; pooling still requires compatible stratum, comparator and independent-arm selection.",ROB2_RESULT_SPECIFIC_PENDING,Per-protocol,https://drive.google.com/file/d/1vux5IaubjInusplW6GJ2SsxhzibtSCe-/view?usp=drivesdk,p. 422; Table 3,,-0.23,0.136132,MD,Native MD; no pooled interpretation without compatible model.,1,-0.237433,0.141567,"Native numeric candidate, not newly pooled: exact outcome definition/time/scale or prespecified arm selection requires a model-specific decision. No automatic pooling of the gap-fill audit."
AUDIT-0011,V34_B1_010,Zhu 2022,Pain — movement/activity,Pain on movement (NRS),48–72 h,48-72h,Mean/SD,EA,Usual care,Group Pre — EA day before surgery,Group Usual — usual care alone,NRS 0-10,101.0,101.0,0.19,0.56,0.31,0.7,,,INCLUDE,"Numerically extractable in its native endpoint/time/statistic; pooling still requires compatible stratum, comparator and independent-arm selection.",ROB2_RESULT_SPECIFIC_PENDING,Per-protocol,https://drive.google.com/file/d/1vux5IaubjInusplW6GJ2SsxhzibtSCe-/view?usp=drivesdk,p. 422; Table 3,,-0.12,0.089199,MD,Native MD; no pooled interpretation without compatible model.,1,-0.1886,0.141032,"Native numeric candidate, not newly pooled: exact outcome definition/time/scale or prespecified arm selection requires a model-specific decision. No automatic pooling of the gap-fill audit."
AUDIT-0012,V34_B1_011,Zhu 2022,Pain — movement/activity,Pain on movement (NRS),48–72 h,48-72h,Mean/SD,EA,Usual care,Group 30 — EA 30 min before surgery,Group Usual — usual care alone,NRS 0-10,98.0,101.0,0.23,0.59,0.31,0.7,,,INCLUDE,"Numerically extractable in its native endpoint/time/statistic; pooling still requires compatible stratum, comparator and independent-arm selection.",ROB2_RESULT_SPECIFIC_PENDING,Per-protocol,https://drive.google.com/file/d/1vux5IaubjInusplW6GJ2SsxhzibtSCe-/view?usp=drivesdk,p. 422; Table 3,,-0.08,0.091671,MD,Native MD; no pooled interpretation without compatible model.,1,-0.122953,0.141926,"Native numeric candidate, not newly pooled: exact outcome definition/time/scale or prespecified arm selection requires a model-specific decision. No automatic pooling of the gap-fill audit."
AUDIT-0013,V34_B1_012,Zhu 2022,Pain — movement/activity,Pain on movement (NRS),48–72 h,48-72h,Mean/SD,EA,Usual care,Group Comb — EA day before + 30 min before surgery,Group Usual — usual care alone,NRS 0-10,100.0,101.0,0.19,0.56,0.31,0.7,,,INCLUDE,"Numerically extractable in its native endpoint/time/statistic; pooling still requires compatible stratum, comparator and independent-arm selection.",ROB2_RESULT_SPECIFIC_PENDING,Per-protocol,https://drive.google.com/file/d/1vux5IaubjInusplW6GJ2SsxhzibtSCe-/view?usp=drivesdk,p. 422; Table 3,,-0.12,0.089373,MD,Native MD; no pooled interpretation without compatible model.,1,-0.188493,0.141384,"Native numeric candidate, not newly pooled: exact outcome definition/time/scale or prespecified arm selection requires a model-specific decision. No automatic pooling of the gap-fill audit."
AUDIT-0014,V34_B1_013,Zhu 2022,Rescue analgesia,Participants requiring postoperative analgesics,0–48 h after surgery,0-48h after surgery,Events/total,EA,Usual care,Group Pre — EA day before surgery,Group Usual — usual care alone,participants,101.0,101.0,,,,,2.0,3.0,INCLUDE,"Numerically extractable in its native endpoint/time/statistic; pooling still requires compatible stratum, comparator and independent-arm selection.",ROB2_RESULT_SPECIFIC_PENDING,Per-protocol,https://drive.google.com/file/d/1vux5IaubjInusplW6GJ2SsxhzibtSCe-/view?usp=drivesdk,p. 422; Table 3,,-0.405465,0.90196,logRR,Uncorrected log risk ratio,1,,,"Native numeric candidate, not newly pooled: exact outcome definition/time/scale or prespecified arm selection requires a model-specific decision. No automatic pooling of the gap-fill audit."
AUDIT-0015,V34_B1_014,Zhu 2022,Rescue analgesia,Participants requiring postoperative analgesics,0–48 h after surgery,0-48h after surgery,Events/total,EA,Usual care,Group 30 — EA 30 min before surgery,Group Usual — usual care alone,participants,98.0,101.0,,,,,3.0,3.0,INCLUDE,"Numerically extractable in its native endpoint/time/statistic; pooling still requires compatible stratum, comparator and independent-arm selection.",ROB2_RESULT_SPECIFIC_PENDING,Per-protocol,https://drive.google.com/file/d/1vux5IaubjInusplW6GJ2SsxhzibtSCe-/view?usp=drivesdk,p. 422; Table 3,,0.030153,0.804091,logRR,Uncorrected log risk ratio,1,,,"Native numeric candidate, not newly pooled: exact outcome definition/time/scale or prespecified arm selection requires a model-specific decision. No automatic pooling of the gap-fill audit."
AUDIT-0016,V34_B1_015,Zhu 2022,Rescue analgesia,Participants requiring postoperative analgesics,0–48 h after surgery,0-48h after surgery,Events/total,EA,Usual care,Group Comb — EA day before + 30 min before surgery,Group Usual — usual care alone,participants,100.0,101.0,,,,,1.0,3.0,INCLUDE,"Numerically extractable in its native endpoint/time/statistic; pooling still requires compatible stratum, comparator and independent-arm selection.",ROB2_RESULT_SPECIFIC_PENDING,Per-protocol,https://drive.google.com/file/d/1vux5IaubjInusplW6GJ2SsxhzibtSCe-/view?usp=drivesdk,p. 422; Table 3,,-1.088662,1.146051,logRR,Uncorrected log risk ratio,1,,,"Native numeric candidate, not newly pooled: exact outcome definition/time/scale or prespecified arm selection requires a model-specific decision. No automatic pooling of the gap-fill audit."
AUDIT-0017,V34_B1_016,Zhu 2022,GI — first flatus,Time to passage of first flatus,From end of surgery to first flatus,from end of surgery to first flatus,Mean/SD,EA,Usual care,Group Pre — EA day before surgery,Group Usual — usual care alone,hours,101.0,101.0,18.38,6.11,21.56,8.07,,,INCLUDE,"Numerically extractable in its native endpoint/time/statistic; pooling still requires compatible stratum, comparator and independent-arm selection.",ROB2_RESULT_SPECIFIC_PENDING,Per-protocol,https://drive.google.com/file/d/1vux5IaubjInusplW6GJ2SsxhzibtSCe-/view?usp=drivesdk,p. 422; Table 3,,-3.18,1.007187,MD,Native MD; no pooled interpretation without compatible model.,1,-0.442627,0.142432,"Native numeric candidate, not newly pooled: exact outcome definition/time/scale or prespecified arm selection requires a model-specific decision. No automatic pooling of the gap-fill audit."
AUDIT-0018,V34_B1_017,Zhu 2022,GI — first flatus,Time to passage of first flatus,From end of surgery to first flatus,from end of surgery to first flatus,Mean/SD,EA,Usual care,Group 30 — EA 30 min before surgery,Group Usual — usual care alone,hours,98.0,101.0,18.47,6.47,21.56,8.07,,,INCLUDE,"Numerically extractable in its native endpoint/time/statistic; pooling still requires compatible stratum, comparator and independent-arm selection.",ROB2_RESULT_SPECIFIC_PENDING,Per-protocol,https://drive.google.com/file/d/1vux5IaubjInusplW6GJ2SsxhzibtSCe-/view?usp=drivesdk,p. 422; Table 3,,-3.09,1.035352,MD,Native MD; no pooled interpretation without compatible model.,1,-0.420179,0.143348,"Native numeric candidate, not newly pooled: exact outcome definition/time/scale or prespecified arm selection requires a model-specific decision. No automatic pooling of the gap-fill audit."
AUDIT-0019,V34_B1_018,Zhu 2022,GI — first flatus,Time to passage of first flatus,From end of surgery to first flatus,from end of surgery to first flatus,Mean/SD,EA,Usual care,Group Comb — EA day before + 30 min before surgery,Group Usual — usual care alone,hours,100.0,101.0,18.82,7.5,21.56,8.07,,,INCLUDE,"Numerically extractable in its native endpoint/time/statistic; pooling still requires compatible stratum, comparator and independent-arm selection.",ROB2_RESULT_SPECIFIC_PENDING,Per-protocol,https://drive.google.com/file/d/1vux5IaubjInusplW6GJ2SsxhzibtSCe-/view?usp=drivesdk,p. 422; Table 3,,-2.74,1.098772,MD,Native MD; no pooled interpretation without compatible model.,1,-0.350332,0.142149,"Native numeric candidate, not newly pooled: exact outcome definition/time/scale or prespecified arm selection requires a model-specific decision. No automatic pooling of the gap-fill audit."
AUDIT-0020,V34_B1_019,Zhu 2022,QoR-15,Overall QoR-15,AMBIGUOUS,AMBIGUOUS,Mean/SD,EA,Usual care,Group Pre — EA day before surgery,Group Usual — usual care alone,QoR-15 points,101.0,101.0,142.94,6.82,144.23,4.95,,,HOLD,"Source definition, timepoint, denominator, scale, statistic, or post-randomization subset requires adjudication; see raw source/QC.",ROB2_RESULT_SPECIFIC_PENDING,Per-protocol,https://drive.google.com/file/d/1vux5IaubjInusplW6GJ2SsxhzibtSCe-/view?usp=drivesdk,p. 422; Table 3,,,,,,1,,,"Source definition, timepoint, denominator, scale, statistic, or post-randomization subset requires adjudication; see raw source/QC."
AUDIT-0021,V34_B1_020,Zhu 2022,QoR-15,Overall QoR-15,AMBIGUOUS,AMBIGUOUS,Mean/SD,EA,Usual care,Group 30 — EA 30 min before surgery,Group Usual — usual care alone,QoR-15 points,98.0,101.0,144.74,5.21,144.23,4.95,,,HOLD,"Source definition, timepoint, denominator, scale, statistic, or post-randomization subset requires adjudication; see raw source/QC.",ROB2_RESULT_SPECIFIC_PENDING,Per-protocol,https://drive.google.com/file/d/1vux5IaubjInusplW6GJ2SsxhzibtSCe-/view?usp=drivesdk,p. 422; Table 3,,,,,,1,,,"Source definition, timepoint, denominator, scale, statistic, or post-randomization subset requires adjudication; see raw source/QC."
AUDIT-0022,V34_B1_021,Zhu 2022,QoR-15,Overall QoR-15,AMBIGUOUS,AMBIGUOUS,Mean/SD,EA,Usual care,Group Comb — EA day before + 30 min before surgery,Group Usual — usual care alone,QoR-15 points,100.0,101.0,144.61,5.35,144.23,4.95,,,HOLD,"Source definition, timepoint, denominator, scale, statistic, or post-randomization subset requires adjudication; see raw source/QC.",ROB2_RESULT_SPECIFIC_PENDING,Per-protocol,https://drive.google.com/file/d/1vux5IaubjInusplW6GJ2SsxhzibtSCe-/view?usp=drivesdk,p. 422; Table 3,,,,,,1,,,"Source definition, timepoint, denominator, scale, statistic, or post-randomization subset requires adjudication; see raw source/QC."
AUDIT-0023,V34_B1_022,Zhu 2022,Nausea,Postoperative nausea incidence,0–6 h after surgery,0-6h after surgery,Events/total,EA,Usual care,Group Pre — EA day before surgery,Group Usual — usual care alone,participants,101.0,101.0,,,,,9.0,20.0,INCLUDE,"Numerically extractable in its native endpoint/time/statistic; pooling still requires compatible stratum, comparator and independent-arm selection.",ROB2_RESULT_SPECIFIC_PENDING,Per-protocol,https://drive.google.com/file/d/1vux5IaubjInusplW6GJ2SsxhzibtSCe-/view?usp=drivesdk,p. 420; Table 2,,-0.798508,0.375911,logRR,Uncorrected log risk ratio,1,,,"Native numeric candidate, not newly pooled: exact outcome definition/time/scale or prespecified arm selection requires a model-specific decision. No automatic pooling of the gap-fill audit."
AUDIT-0024,V34_B1_023,Zhu 2022,Vomiting,Postoperative vomiting incidence,0–6 h after surgery,0-6h after surgery,Events/total,EA,Usual care,Group Pre — EA day before surgery,Group Usual — usual care alone,participants,101.0,101.0,,,,,7.0,17.0,INCLUDE,"Numerically extractable in its native endpoint/time/statistic; pooling still requires compatible stratum, comparator and independent-arm selection.",ROB2_RESULT_SPECIFIC_PENDING,Per-protocol,https://drive.google.com/file/d/1vux5IaubjInusplW6GJ2SsxhzibtSCe-/view?usp=drivesdk,p. 420; Table 2,,-0.887303,0.426472,logRR,Uncorrected log risk ratio,1,,,"Native numeric candidate, not newly pooled: exact outcome definition/time/scale or prespecified arm selection requires a model-specific decision. No automatic pooling of the gap-fill audit."
AUDIT-0025,V34_B1_024,Zhu 2022,Nausea severity,Nausea severity score,0–6 h after surgery,0-6h after surgery,Mean/SD,EA,Usual care,Group Pre — EA day before surgery,Group Usual — usual care alone,4-point Likert-type severity scale 0-3,101.0,101.0,0.2,0.68,0.46,0.95,,,INCLUDE,"Numerically extractable in its native endpoint/time/statistic; pooling still requires compatible stratum, comparator and independent-arm selection.",ROB2_RESULT_SPECIFIC_PENDING,Per-protocol,https://drive.google.com/file/d/1vux5IaubjInusplW6GJ2SsxhzibtSCe-/view?usp=drivesdk,p. 420; Table 2,,-0.26,0.116249,MD,Native MD; no pooled interpretation without compatible model.,1,-0.313548,0.141582,"Native numeric candidate, not newly pooled: exact outcome definition/time/scale or prespecified arm selection requires a model-specific decision. No automatic pooling of the gap-fill audit."
AUDIT-0026,V34_B1_025,Zhu 2022,Vomiting severity,Vomiting severity score,0–6 h after surgery,0-6h after surgery,Mean/SD,EA,Usual care,Group Pre — EA day before surgery,Group Usual — usual care alone,4-point Likert-type severity scale 0-3,101.0,101.0,0.16,0.61,0.36,0.79,,,INCLUDE,"Numerically extractable in its native endpoint/time/statistic; pooling still requires compatible stratum, comparator and independent-arm selection.",ROB2_RESULT_SPECIFIC_PENDING,Per-protocol,https://drive.google.com/file/d/1vux5IaubjInusplW6GJ2SsxhzibtSCe-/view?usp=drivesdk,p. 420; Table 2,,-0.2,0.099314,MD,Native MD; no pooled interpretation without compatible model.,1,-0.282318,0.141419,"Native numeric candidate, not newly pooled: exact outcome definition/time/scale or prespecified arm selection requires a model-specific decision. No automatic pooling of the gap-fill audit."
AUDIT-0027,V34_B1_026,Zhu 2022,Rescue antiemetic,Participants requiring metoclopramide rescue antiemetic,0–6 h after surgery,0-6h after surgery,Events/total,EA,Usual care,Group Pre — EA day before surgery,Group Usual — usual care alone,participants,101.0,101.0,,,,,4.0,18.0,INCLUDE,"Numerically extractable in its native endpoint/time/statistic; pooling still requires compatible stratum, comparator and independent-arm selection.",ROB2_RESULT_SPECIFIC_PENDING,Per-protocol,https://drive.google.com/file/d/1vux5IaubjInusplW6GJ2SsxhzibtSCe-/view?usp=drivesdk,p. 420; Table 2,,-1.504077,0.534559,logRR,Uncorrected log risk ratio,1,,,"Native numeric candidate, not newly pooled: exact outcome definition/time/scale or prespecified arm selection requires a model-specific decision. No automatic pooling of the gap-fill audit."
AUDIT-0028,V34_B1_027,Zhu 2022,Nausea,Postoperative nausea incidence,0–6 h after surgery,0-6h after surgery,Events/total,EA,Usual care,Group 30 — EA 30 min before surgery,Group Usual — usual care alone,participants,98.0,101.0,,,,,11.0,20.0,INCLUDE,"Numerically extractable in its native endpoint/time/statistic; pooling still requires compatible stratum, comparator and independent-arm selection.",ROB2_RESULT_SPECIFIC_PENDING,Per-protocol,https://drive.google.com/file/d/1vux5IaubjInusplW6GJ2SsxhzibtSCe-/view?usp=drivesdk,p. 420; Table 2,,-0.567684,0.347569,logRR,Uncorrected log risk ratio,1,,,"Native numeric candidate, not newly pooled: exact outcome definition/time/scale or prespecified arm selection requires a model-specific decision. No automatic pooling of the gap-fill audit."
AUDIT-0029,V34_B1_028,Zhu 2022,Vomiting,Postoperative vomiting incidence,0–6 h after surgery,0-6h after surgery,Events/total,EA,Usual care,Group 30 — EA 30 min before surgery,Group Usual — usual care alone,participants,98.0,101.0,,,,,9.0,17.0,INCLUDE,"Numerically extractable in its native endpoint/time/statistic; pooling still requires compatible stratum, comparator and independent-arm selection.",ROB2_RESULT_SPECIFIC_PENDING,Per-protocol,https://drive.google.com/file/d/1vux5IaubjInusplW6GJ2SsxhzibtSCe-/view?usp=drivesdk,p. 420; Table 2,,-0.605836,0.387078,logRR,Uncorrected log risk ratio,1,,,"Native numeric candidate, not newly pooled: exact outcome definition/time/scale or prespecified arm selection requires a model-specific decision. No automatic pooling of the gap-fill audit."
AUDIT-0030,V34_B1_029,Zhu 2022,Nausea severity,Nausea severity score,0–6 h after surgery,0-6h after surgery,Mean/SD,EA,Usual care,Group 30 — EA 30 min before surgery,Group Usual — usual care alone,4-point Likert-type severity scale 0-3,98.0,101.0,0.22,0.67,0.46,0.95,,,INCLUDE,"Numerically extractable in its native endpoint/time/statistic; pooling still requires compatible stratum, comparator and independent-arm selection.",ROB2_RESULT_SPECIFIC_PENDING,Per-protocol,https://drive.google.com/file/d/1vux5IaubjInusplW6GJ2SsxhzibtSCe-/view?usp=drivesdk,p. 420; Table 2,,-0.24,0.116259,MD,Native MD; no pooled interpretation without compatible model.,1,-0.290114,0.142536,"Native numeric candidate, not newly pooled: exact outcome definition/time/scale or prespecified arm selection requires a model-specific decision. No automatic pooling of the gap-fill audit."
AUDIT-0031,V34_B1_030,Zhu 2022,Vomiting severity,Vomiting severity score,0–6 h after surgery,0-6h after surgery,Mean/SD,EA,Usual care,Group 30 — EA 30 min before surgery,Group Usual — usual care alone,4-point Likert-type severity scale 0-3,98.0,101.0,0.18,0.63,0.36,0.79,,,INCLUDE,"Numerically extractable in its native endpoint/time/statistic; pooling still requires compatible stratum, comparator and independent-arm selection.",ROB2_RESULT_SPECIFIC_PENDING,Per-protocol,https://drive.google.com/file/d/1vux5IaubjInusplW6GJ2SsxhzibtSCe-/view?usp=drivesdk,p. 420; Table 2,,-0.18,0.10114,MD,Native MD; no pooled interpretation without compatible model.,1,-0.250542,0.142347,"Native numeric candidate, not newly pooled: exact outcome definition/time/scale or prespecified arm selection requires a model-specific decision. No automatic pooling of the gap-fill audit."
AUDIT-0032,V34_B1_031,Zhu 2022,Rescue antiemetic,Participants requiring metoclopramide rescue antiemetic,0–6 h after surgery,0-6h after surgery,Events/total,EA,Usual care,Group 30 — EA 30 min before surgery,Group Usual — usual care alone,participants,98.0,101.0,,,,,11.0,18.0,INCLUDE,"Numerically extractable in its native endpoint/time/statistic; pooling still requires compatible stratum, comparator and independent-arm selection.",ROB2_RESULT_SPECIFIC_PENDING,Per-protocol,https://drive.google.com/file/d/1vux5IaubjInusplW6GJ2SsxhzibtSCe-/view?usp=drivesdk,p. 420; Table 2,,-0.462323,0.355471,logRR,Uncorrected log risk ratio,1,,,"Native numeric candidate, not newly pooled: exact outcome definition/time/scale or prespecified arm selection requires a model-specific decision. No automatic pooling of the gap-fill audit."
AUDIT-0033,V34_B1_032,Zhu 2022,Nausea,Postoperative nausea incidence,0–6 h after surgery,0-6h after surgery,Events/total,EA,Usual care,Group Comb — EA day before + 30 min before surgery,Group Usual — usual care alone,participants,100.0,101.0,,,,,7.0,20.0,INCLUDE,"Numerically extractable in its native endpoint/time/statistic; pooling still requires compatible stratum, comparator and independent-arm selection.",ROB2_RESULT_SPECIFIC_PENDING,Per-protocol,https://drive.google.com/file/d/1vux5IaubjInusplW6GJ2SsxhzibtSCe-/view?usp=drivesdk,p. 420; Table 2,,-1.039872,0.41588,logRR,Uncorrected log risk ratio,1,,,"Native numeric candidate, not newly pooled: exact outcome definition/time/scale or prespecified arm selection requires a model-specific decision. No automatic pooling of the gap-fill audit."
AUDIT-0034,V34_B1_033,Zhu 2022,Vomiting,Postoperative vomiting incidence,0–6 h after surgery,0-6h after surgery,Events/total,EA,Usual care,Group Comb — EA day before + 30 min before surgery,Group Usual — usual care alone,participants,100.0,101.0,,,,,6.0,17.0,INCLUDE,"Numerically extractable in its native endpoint/time/statistic; pooling still requires compatible stratum, comparator and independent-arm selection.",ROB2_RESULT_SPECIFIC_PENDING,Per-protocol,https://drive.google.com/file/d/1vux5IaubjInusplW6GJ2SsxhzibtSCe-/view?usp=drivesdk,p. 420; Table 2,,-1.031504,0.453419,logRR,Uncorrected log risk ratio,1,,,"Native numeric candidate, not newly pooled: exact outcome definition/time/scale or prespecified arm selection requires a model-specific decision. No automatic pooling of the gap-fill audit."
AUDIT-0035,V34_B1_034,Zhu 2022,Nausea severity,Nausea severity score,0–6 h after surgery,0-6h after surgery,Mean/SD,EA,Usual care,Group Comb — EA day before + 30 min before surgery,Group Usual — usual care alone,4-point Likert-type severity scale 0-3,100.0,101.0,0.14,0.53,0.46,0.95,,,INCLUDE,"Numerically extractable in its native endpoint/time/statistic; pooling still requires compatible stratum, comparator and independent-arm selection.",ROB2_RESULT_SPECIFIC_PENDING,Per-protocol,https://drive.google.com/file/d/1vux5IaubjInusplW6GJ2SsxhzibtSCe-/view?usp=drivesdk,p. 420; Table 2,,-0.32,0.108373,MD,Native MD; no pooled interpretation without compatible model.,1,-0.41389,0.142573,"Native numeric candidate, not newly pooled: exact outcome definition/time/scale or prespecified arm selection requires a model-specific decision. No automatic pooling of the gap-fill audit."
AUDIT-0036,V34_B1_035,Zhu 2022,Vomiting severity,Vomiting severity score,0–6 h after surgery,0-6h after surgery,Mean/SD,EA,Usual care,Group Comb — EA day before + 30 min before surgery,Group Usual — usual care alone,4-point Likert-type severity scale 0-3,100.0,101.0,0.11,0.47,0.36,0.79,,,INCLUDE,"Numerically extractable in its native endpoint/time/statistic; pooling still requires compatible stratum, comparator and independent-arm selection.",ROB2_RESULT_SPECIFIC_PENDING,Per-protocol,https://drive.google.com/file/d/1vux5IaubjInusplW6GJ2SsxhzibtSCe-/view?usp=drivesdk,p. 420; Table 2,,-0.25,0.091587,MD,Native MD; no pooled interpretation without compatible model.,1,-0.382705,0.142356,"Native numeric candidate, not newly pooled: exact outcome definition/time/scale or prespecified arm selection requires a model-specific decision. No automatic pooling of the gap-fill audit."
AUDIT-0037,V34_B1_036,Zhu 2022,Rescue antiemetic,Participants requiring metoclopramide rescue antiemetic,0–6 h after surgery,0-6h after surgery,Events/total,EA,Usual care,Group Comb — EA day before + 30 min before surgery,Group Usual — usual care alone,participants,100.0,101.0,,,,,4.0,18.0,INCLUDE,"Numerically extractable in its native endpoint/time/statistic; pooling still requires compatible stratum, comparator and independent-arm selection.",ROB2_RESULT_SPECIFIC_PENDING,Per-protocol,https://drive.google.com/file/d/1vux5IaubjInusplW6GJ2SsxhzibtSCe-/view?usp=drivesdk,p. 420; Table 2,,-1.494127,0.534467,logRR,Uncorrected log risk ratio,1,,,"Native numeric candidate, not newly pooled: exact outcome definition/time/scale or prespecified arm selection requires a model-specific decision. No automatic pooling of the gap-fill audit."
AUDIT-0038,V34_B1_037,Zhu 2022,Nausea severity,Nausea severity score,6–24 h after surgery,6-24h after surgery,Mean/SD,EA,Usual care,Group Pre — EA day before surgery,Group Usual — usual care alone,4-point Likert-type severity scale 0-3,101.0,101.0,0.22,0.66,0.5,0.88,,,INCLUDE,"Numerically extractable in its native endpoint/time/statistic; pooling still requires compatible stratum, comparator and independent-arm selection.",ROB2_RESULT_SPECIFIC_PENDING,Per-protocol,https://drive.google.com/file/d/1vux5IaubjInusplW6GJ2SsxhzibtSCe-/view?usp=drivesdk,p. 420; Table 2,,-0.28,0.109454,MD,Native MD; no pooled interpretation without compatible model.,1,-0.35863,0.141846,"Native numeric candidate, not newly pooled: exact outcome definition/time/scale or prespecified arm selection requires a model-specific decision. No automatic pooling of the gap-fill audit."
AUDIT-0039,V34_B1_038,Zhu 2022,Vomiting severity,Vomiting severity score,6–24 h after surgery,6-24h after surgery,Mean/SD,EA,Usual care,Group Pre — EA day before surgery,Group Usual — usual care alone,4-point Likert-type severity scale 0-3,101.0,101.0,0.12,0.53,0.41,0.8,,,INCLUDE,"Numerically extractable in its native endpoint/time/statistic; pooling still requires compatible stratum, comparator and independent-arm selection.",ROB2_RESULT_SPECIFIC_PENDING,Per-protocol,https://drive.google.com/file/d/1vux5IaubjInusplW6GJ2SsxhzibtSCe-/view?usp=drivesdk,p. 420; Table 2,,-0.29,0.095487,MD,Native MD; no pooled interpretation without compatible model.,1,-0.425768,0.142305,"Native numeric candidate, not newly pooled: exact outcome definition/time/scale or prespecified arm selection requires a model-specific decision. No automatic pooling of the gap-fill audit."
AUDIT-0040,V34_B1_039,Zhu 2022,Rescue antiemetic,Participants requiring metoclopramide rescue antiemetic,6–24 h after surgery,6-24h after surgery,Events/total,EA,Usual care,Group Pre — EA day before surgery,Group Usual — usual care alone,participants,101.0,101.0,,,,,8.0,28.0,INCLUDE,"Numerically extractable in its native endpoint/time/statistic; pooling still requires compatible stratum, comparator and independent-arm selection.",ROB2_RESULT_SPECIFIC_PENDING,Per-protocol,https://drive.google.com/file/d/1vux5IaubjInusplW6GJ2SsxhzibtSCe-/view?usp=drivesdk,p. 420; Table 2,,-1.252763,0.375383,logRR,Uncorrected log risk ratio,1,,,"Native numeric candidate, not newly pooled: exact outcome definition/time/scale or prespecified arm selection requires a model-specific decision. No automatic pooling of the gap-fill audit."
AUDIT-0041,V34_B1_040,Zhu 2022,Nausea severity,Nausea severity score,6–24 h after surgery,6-24h after surgery,Mean/SD,EA,Usual care,Group 30 — EA 30 min before surgery,Group Usual — usual care alone,4-point Likert-type severity scale 0-3,98.0,101.0,0.34,0.76,0.5,0.88,,,INCLUDE,"Numerically extractable in its native endpoint/time/statistic; pooling still requires compatible stratum, comparator and independent-arm selection.",ROB2_RESULT_SPECIFIC_PENDING,Per-protocol,https://drive.google.com/file/d/1vux5IaubjInusplW6GJ2SsxhzibtSCe-/view?usp=drivesdk,p. 420; Table 2,,-0.16,0.116453,MD,Native MD; no pooled interpretation without compatible model.,1,-0.193645,0.142124,"Native numeric candidate, not newly pooled: exact outcome definition/time/scale or prespecified arm selection requires a model-specific decision. No automatic pooling of the gap-fill audit."
AUDIT-0042,V34_B1_041,Zhu 2022,Vomiting severity,Vomiting severity score,6–24 h after surgery,6-24h after surgery,Mean/SD,EA,Usual care,Group 30 — EA 30 min before surgery,Group Usual — usual care alone,4-point Likert-type severity scale 0-3,98.0,101.0,0.15,0.54,0.41,0.8,,,INCLUDE,"Numerically extractable in its native endpoint/time/statistic; pooling still requires compatible stratum, comparator and independent-arm selection.",ROB2_RESULT_SPECIFIC_PENDING,Per-protocol,https://drive.google.com/file/d/1vux5IaubjInusplW6GJ2SsxhzibtSCe-/view?usp=drivesdk,p. 420; Table 2,,-0.26,0.096499,MD,Native MD; no pooled interpretation without compatible model.,1,-0.378427,0.143056,"Native numeric candidate, not newly pooled: exact outcome definition/time/scale or prespecified arm selection requires a model-specific decision. No automatic pooling of the gap-fill audit."
AUDIT-0043,V34_B1_042,Zhu 2022,Rescue antiemetic,Participants requiring metoclopramide rescue antiemetic,6–24 h after surgery,6-24h after surgery,Events/total,EA,Usual care,Group 30 — EA 30 min before surgery,Group Usual — usual care alone,participants,98.0,101.0,,,,,16.0,28.0,INCLUDE,"Numerically extractable in its native endpoint/time/statistic; pooling still requires compatible stratum, comparator and independent-arm selection.",ROB2_RESULT_SPECIFIC_PENDING,Per-protocol,https://drive.google.com/file/d/1vux5IaubjInusplW6GJ2SsxhzibtSCe-/view?usp=drivesdk,p. 420; Table 2,,-0.529463,0.27948,logRR,Uncorrected log risk ratio,1,,,"Native numeric candidate, not newly pooled: exact outcome definition/time/scale or prespecified arm selection requires a model-specific decision. No automatic pooling of the gap-fill audit."
AUDIT-0044,V34_B1_043,Zhu 2022,Nausea severity,Nausea severity score,6–24 h after surgery,6-24h after surgery,Mean/SD,EA,Usual care,Group Comb — EA day before + 30 min before surgery,Group Usual — usual care alone,4-point Likert-type severity scale 0-3,100.0,101.0,0.2,0.6,0.5,0.88,,,INCLUDE,"Numerically extractable in its native endpoint/time/statistic; pooling still requires compatible stratum, comparator and independent-arm selection.",ROB2_RESULT_SPECIFIC_PENDING,Per-protocol,https://drive.google.com/file/d/1vux5IaubjInusplW6GJ2SsxhzibtSCe-/view?usp=drivesdk,p. 420; Table 2,,-0.3,0.106148,MD,Native MD; no pooled interpretation without compatible model.,1,-0.396472,0.14245,"Native numeric candidate, not newly pooled: exact outcome definition/time/scale or prespecified arm selection requires a model-specific decision. No automatic pooling of the gap-fill audit."
AUDIT-0045,V34_B1_044,Zhu 2022,Vomiting severity,Vomiting severity score,6–24 h after surgery,6-24h after surgery,Mean/SD,EA,Usual care,Group Comb — EA day before + 30 min before surgery,Group Usual — usual care alone,4-point Likert-type severity scale 0-3,100.0,101.0,0.2,0.67,0.41,0.8,,,INCLUDE,"Numerically extractable in its native endpoint/time/statistic; pooling still requires compatible stratum, comparator and independent-arm selection.",ROB2_RESULT_SPECIFIC_PENDING,Per-protocol,https://drive.google.com/file/d/1vux5IaubjInusplW6GJ2SsxhzibtSCe-/view?usp=drivesdk,p. 420; Table 2,,-0.21,0.104046,MD,Native MD; no pooled interpretation without compatible model.,1,-0.283405,0.141777,"Native numeric candidate, not newly pooled: exact outcome definition/time/scale or prespecified arm selection requires a model-specific decision. No automatic pooling of the gap-fill audit."
AUDIT-0046,V34_B1_045,Zhu 2022,Rescue antiemetic,Participants requiring metoclopramide rescue antiemetic,6–24 h after surgery,6-24h after surgery,Events/total,EA,Usual care,Group Comb — EA day before + 30 min before surgery,Group Usual — usual care alone,participants,100.0,101.0,,,,,9.0,28.0,INCLUDE,"Numerically extractable in its native endpoint/time/statistic; pooling still requires compatible stratum, comparator and independent-arm selection.",ROB2_RESULT_SPECIFIC_PENDING,Per-protocol,https://drive.google.com/file/d/1vux5IaubjInusplW6GJ2SsxhzibtSCe-/view?usp=drivesdk,p. 420; Table 2,,-1.12503,0.356265,logRR,Uncorrected log risk ratio,1,,,"Native numeric candidate, not newly pooled: exact outcome definition/time/scale or prespecified arm selection requires a model-specific decision. No automatic pooling of the gap-fill audit."
AUDIT-0047,V34_B1_046,Zhu 2022,Nausea,Postoperative nausea incidence,24–48 h after surgery,24-48h after surgery,Events/total,EA,Usual care,Group Pre — EA day before surgery,Group Usual — usual care alone,participants,101.0,101.0,,,,,2.0,7.0,INCLUDE,"Numerically extractable in its native endpoint/time/statistic; pooling still requires compatible stratum, comparator and independent-arm selection.",ROB2_RESULT_SPECIFIC_PENDING,Per-protocol,https://drive.google.com/file/d/1vux5IaubjInusplW6GJ2SsxhzibtSCe-/view?usp=drivesdk,p. 420; Table 2,,-1.252763,0.789338,logRR,Uncorrected log risk ratio,1,,,"Native numeric candidate, not newly pooled: exact outcome definition/time/scale or prespecified arm selection requires a model-specific decision. No automatic pooling of the gap-fill audit."
AUDIT-0048,V34_B1_047,Zhu 2022,Vomiting,Postoperative vomiting incidence,24–48 h after surgery,24-48h after surgery,Events/total,EA,Usual care,Group Pre — EA day before surgery,Group Usual — usual care alone,participants,101.0,101.0,,,,,1.0,5.0,INCLUDE,"Numerically extractable in its native endpoint/time/statistic; pooling still requires compatible stratum, comparator and independent-arm selection.",ROB2_RESULT_SPECIFIC_PENDING,Per-protocol,https://drive.google.com/file/d/1vux5IaubjInusplW6GJ2SsxhzibtSCe-/view?usp=drivesdk,p. 420; Table 2,,-1.609438,1.086369,logRR,Uncorrected log risk ratio,1,,,"Native numeric candidate, not newly pooled: exact outcome definition/time/scale or prespecified arm selection requires a model-specific decision. No automatic pooling of the gap-fill audit."
AUDIT-0049,V34_B1_048,Zhu 2022,Nausea severity,Nausea severity score,24–48 h after surgery,24-48h after surgery,Mean/SD,EA,Usual care,Group Pre — EA day before surgery,Group Usual — usual care alone,4-point Likert-type severity scale 0-3,101.0,101.0,0.04,0.28,0.12,0.45,,,INCLUDE,"Numerically extractable in its native endpoint/time/statistic; pooling still requires compatible stratum, comparator and independent-arm selection.",ROB2_RESULT_SPECIFIC_PENDING,Per-protocol,https://drive.google.com/file/d/1vux5IaubjInusplW6GJ2SsxhzibtSCe-/view?usp=drivesdk,p. 420; Table 2,,-0.08,0.052737,MD,Native MD; no pooled interpretation without compatible model.,1,-0.212665,0.141117,"Native numeric candidate, not newly pooled: exact outcome definition/time/scale or prespecified arm selection requires a model-specific decision. No automatic pooling of the gap-fill audit."
AUDIT-0050,V34_B1_049,Zhu 2022,Vomiting severity,Vomiting severity score,24–48 h after surgery,24-48h after surgery,Mean/SD,EA,Usual care,Group Pre — EA day before surgery,Group Usual — usual care alone,4-point Likert-type severity scale 0-3,101.0,101.0,0.02,0.2,0.08,0.37,,,INCLUDE,"Numerically extractable in its native endpoint/time/statistic; pooling still requires compatible stratum, comparator and independent-arm selection.",ROB2_RESULT_SPECIFIC_PENDING,Per-protocol,https://drive.google.com/file/d/1vux5IaubjInusplW6GJ2SsxhzibtSCe-/view?usp=drivesdk,p. 420; Table 2,,-0.06,0.041851,MD,Native MD; no pooled interpretation without compatible model.,1,-0.200987,0.141074,"Native numeric candidate, not newly pooled: exact outcome definition/time/scale or prespecified arm selection requires a model-specific decision. No automatic pooling of the gap-fill audit."
AUDIT-0051,V34_B1_050,Zhu 2022,Rescue antiemetic,Participants requiring metoclopramide rescue antiemetic,24–48 h after surgery,24-48h after surgery,Events/total,EA,Usual care,Group Pre — EA day before surgery,Group Usual — usual care alone,participants,101.0,101.0,,,,,1.0,7.0,INCLUDE,"Numerically extractable in its native endpoint/time/statistic; pooling still requires compatible stratum, comparator and independent-arm selection.",ROB2_RESULT_SPECIFIC_PENDING,Per-protocol,https://drive.google.com/file/d/1vux5IaubjInusplW6GJ2SsxhzibtSCe-/view?usp=drivesdk,p. 420; Table 2,,-1.94591,1.059743,logRR,Uncorrected log risk ratio,1,,,"Native numeric candidate, not newly pooled: exact outcome definition/time/scale or prespecified arm selection requires a model-specific decision. No automatic pooling of the gap-fill audit."
AUDIT-0052,V34_B1_051,Zhu 2022,Nausea,Postoperative nausea incidence,24–48 h after surgery,24-48h after surgery,Events/total,EA,Usual care,Group 30 — EA 30 min before surgery,Group Usual — usual care alone,participants,98.0,101.0,,,,,2.0,7.0,INCLUDE,"Numerically extractable in its native endpoint/time/statistic; pooling still requires compatible stratum, comparator and independent-arm selection.",ROB2_RESULT_SPECIFIC_PENDING,Per-protocol,https://drive.google.com/file/d/1vux5IaubjInusplW6GJ2SsxhzibtSCe-/view?usp=drivesdk,p. 420; Table 2,,-1.22261,0.789146,logRR,Uncorrected log risk ratio,1,,,"Native numeric candidate, not newly pooled: exact outcome definition/time/scale or prespecified arm selection requires a model-specific decision. No automatic pooling of the gap-fill audit."
AUDIT-0053,V34_B1_052,Zhu 2022,Vomiting,Postoperative vomiting incidence,24–48 h after surgery,24-48h after surgery,Events/total,EA,Usual care,Group 30 — EA 30 min before surgery,Group Usual — usual care alone,participants,98.0,101.0,,,,,2.0,5.0,INCLUDE,"Numerically extractable in its native endpoint/time/statistic; pooling still requires compatible stratum, comparator and independent-arm selection.",ROB2_RESULT_SPECIFIC_PENDING,Per-protocol,https://drive.google.com/file/d/1vux5IaubjInusplW6GJ2SsxhzibtSCe-/view?usp=drivesdk,p. 420; Table 2,,-0.886138,0.824557,logRR,Uncorrected log risk ratio,1,,,"Native numeric candidate, not newly pooled: exact outcome definition/time/scale or prespecified arm selection requires a model-specific decision. No automatic pooling of the gap-fill audit."
AUDIT-0054,V34_B1_053,Zhu 2022,Nausea severity,Nausea severity score,24–48 h after surgery,24-48h after surgery,Mean/SD,EA,Usual care,Group 30 — EA 30 min before surgery,Group Usual — usual care alone,4-point Likert-type severity scale 0-3,98.0,101.0,0.03,0.22,0.12,0.45,,,INCLUDE,"Numerically extractable in its native endpoint/time/statistic; pooling still requires compatible stratum, comparator and independent-arm selection.",ROB2_RESULT_SPECIFIC_PENDING,Per-protocol,https://drive.google.com/file/d/1vux5IaubjInusplW6GJ2SsxhzibtSCe-/view?usp=drivesdk,p. 420; Table 2,,-0.09,0.049988,MD,Native MD; no pooled interpretation without compatible model.,1,-0.251957,0.142354,"Native numeric candidate, not newly pooled: exact outcome definition/time/scale or prespecified arm selection requires a model-specific decision. No automatic pooling of the gap-fill audit."
AUDIT-0055,V34_B1_054,Zhu 2022,Vomiting severity,Vomiting severity score,24–48 h after surgery,24-48h after surgery,Mean/SD,EA,Usual care,Group 30 — EA 30 min before surgery,Group Usual — usual care alone,4-point Likert-type severity scale 0-3,98.0,101.0,0.02,0.14,0.08,0.37,,,INCLUDE,"Numerically extractable in its native endpoint/time/statistic; pooling still requires compatible stratum, comparator and independent-arm selection.",ROB2_RESULT_SPECIFIC_PENDING,Per-protocol,https://drive.google.com/file/d/1vux5IaubjInusplW6GJ2SsxhzibtSCe-/view?usp=drivesdk,p. 420; Table 2,,-0.06,0.039439,MD,Native MD; no pooled interpretation without compatible model.,1,-0.212464,0.142192,"Native numeric candidate, not newly pooled: exact outcome definition/time/scale or prespecified arm selection requires a model-specific decision. No automatic pooling of the gap-fill audit."
AUDIT-0056,V34_B1_055,Zhu 2022,Rescue antiemetic,Participants requiring metoclopramide rescue antiemetic,24–48 h after surgery,24-48h after surgery,Events/total,EA,Usual care,Group 30 — EA 30 min before surgery,Group Usual — usual care alone,participants,98.0,101.0,,,,,2.0,7.0,INCLUDE,"Numerically extractable in its native endpoint/time/statistic; pooling still requires compatible stratum, comparator and independent-arm selection.",ROB2_RESULT_SPECIFIC_PENDING,Per-protocol,https://drive.google.com/file/d/1vux5IaubjInusplW6GJ2SsxhzibtSCe-/view?usp=drivesdk,p. 420; Table 2,,-1.22261,0.789146,logRR,Uncorrected log risk ratio,1,,,"Native numeric candidate, not newly pooled: exact outcome definition/time/scale or prespecified arm selection requires a model-specific decision. No automatic pooling of the gap-fill audit."
AUDIT-0057,V34_B1_056,Zhu 2022,Nausea,Postoperative nausea incidence,24–48 h after surgery,24-48h after surgery,Events/total,EA,Usual care,Group Comb — EA day before + 30 min before surgery,Group Usual — usual care alone,participants,100.0,101.0,,,,,2.0,7.0,INCLUDE,"Numerically extractable in its native endpoint/time/statistic; pooling still requires compatible stratum, comparator and independent-arm selection.",ROB2_RESULT_SPECIFIC_PENDING,Per-protocol,https://drive.google.com/file/d/1vux5IaubjInusplW6GJ2SsxhzibtSCe-/view?usp=drivesdk,p. 420; Table 2,,-1.242813,0.789276,logRR,Uncorrected log risk ratio,1,,,"Native numeric candidate, not newly pooled: exact outcome definition/time/scale or prespecified arm selection requires a model-specific decision. No automatic pooling of the gap-fill audit."
AUDIT-0058,V34_B1_057,Zhu 2022,Vomiting,Postoperative vomiting incidence,24–48 h after surgery,24-48h after surgery,Events/total,EA,Usual care,Group Comb — EA day before + 30 min before surgery,Group Usual — usual care alone,participants,100.0,101.0,,,,,1.0,5.0,INCLUDE,"Numerically extractable in its native endpoint/time/statistic; pooling still requires compatible stratum, comparator and independent-arm selection.",ROB2_RESULT_SPECIFIC_PENDING,Per-protocol,https://drive.google.com/file/d/1vux5IaubjInusplW6GJ2SsxhzibtSCe-/view?usp=drivesdk,p. 420; Table 2,,-1.599488,1.086324,logRR,Uncorrected log risk ratio,1,,,"Native numeric candidate, not newly pooled: exact outcome definition/time/scale or prespecified arm selection requires a model-specific decision. No automatic pooling of the gap-fill audit."
AUDIT-0059,V34_B1_058,Zhu 2022,Nausea severity,Nausea severity score,24–48 h after surgery,24-48h after surgery,Mean/SD,EA,Usual care,Group Comb — EA day before + 30 min before surgery,Group Usual — usual care alone,4-point Likert-type severity scale 0-3,100.0,101.0,0.04,0.28,0.12,0.45,,,INCLUDE,"Numerically extractable in its native endpoint/time/statistic; pooling still requires compatible stratum, comparator and independent-arm selection.",ROB2_RESULT_SPECIFIC_PENDING,Per-protocol,https://drive.google.com/file/d/1vux5IaubjInusplW6GJ2SsxhzibtSCe-/view?usp=drivesdk,p. 420; Table 2,,-0.08,0.052811,MD,Native MD; no pooled interpretation without compatible model.,1,-0.212425,0.141468,"Native numeric candidate, not newly pooled: exact outcome definition/time/scale or prespecified arm selection requires a model-specific decision. No automatic pooling of the gap-fill audit."
AUDIT-0060,V34_B1_059,Zhu 2022,Vomiting severity,Vomiting severity score,24–48 h after surgery,24-48h after surgery,Mean/SD,EA,Usual care,Group Comb — EA day before + 30 min before surgery,Group Usual — usual care alone,4-point Likert-type severity scale 0-3,100.0,101.0,0.02,0.2,0.08,0.37,,,INCLUDE,"Numerically extractable in its native endpoint/time/statistic; pooling still requires compatible stratum, comparator and independent-arm selection.",ROB2_RESULT_SPECIFIC_PENDING,Per-protocol,https://drive.google.com/file/d/1vux5IaubjInusplW6GJ2SsxhzibtSCe-/view?usp=drivesdk,p. 420; Table 2,,-0.06,0.041898,MD,Native MD; no pooled interpretation without compatible model.,1,-0.200707,0.141426,"Native numeric candidate, not newly pooled: exact outcome definition/time/scale or prespecified arm selection requires a model-specific decision. No automatic pooling of the gap-fill audit."
AUDIT-0061,V34_B1_060,Zhu 2022,Rescue antiemetic,Participants requiring metoclopramide rescue antiemetic,24–48 h after surgery,24-48h after surgery,Events/total,EA,Usual care,Group Comb — EA day before + 30 min before surgery,Group Usual — usual care alone,participants,100.0,101.0,,,,,1.0,7.0,INCLUDE,"Numerically extractable in its native endpoint/time/statistic; pooling still requires compatible stratum, comparator and independent-arm selection.",ROB2_RESULT_SPECIFIC_PENDING,Per-protocol,https://drive.google.com/file/d/1vux5IaubjInusplW6GJ2SsxhzibtSCe-/view?usp=drivesdk,p. 420; Table 2,,-1.93596,1.059696,logRR,Uncorrected log risk ratio,1,,,"Native numeric candidate, not newly pooled: exact outcome definition/time/scale or prespecified arm selection requires a model-specific decision. No automatic pooling of the gap-fill audit."
AUDIT-0062,V34_B1_061,Zhu 2022,Nausea,Postoperative nausea incidence,48–72 h after surgery,48-72h after surgery,Events/total,EA,Usual care,Group Pre — EA day before surgery,Group Usual — usual care alone,participants,101.0,101.0,,,,,0.0,0.0,INCLUDE,"Numerically extractable in its native endpoint/time/statistic; pooling still requires compatible stratum, comparator and independent-arm selection.",ROB2_RESULT_SPECIFIC_PENDING,Per-protocol,https://drive.google.com/file/d/1vux5IaubjInusplW6GJ2SsxhzibtSCe-/view?usp=drivesdk,p. 421; Results text; data not shown,,,,logRR,Double-zero: retained as safety evidence; no logRR estimated.,1,,,"Native numeric candidate, not newly pooled: exact outcome definition/time/scale or prespecified arm selection requires a model-specific decision. No automatic pooling of the gap-fill audit."
AUDIT-0063,V34_B1_062,Zhu 2022,Vomiting,Postoperative vomiting incidence,48–72 h after surgery,48-72h after surgery,Events/total,EA,Usual care,Group Pre — EA day before surgery,Group Usual — usual care alone,participants,101.0,101.0,,,,,0.0,0.0,INCLUDE,"Numerically extractable in its native endpoint/time/statistic; pooling still requires compatible stratum, comparator and independent-arm selection.",ROB2_RESULT_SPECIFIC_PENDING,Per-protocol,https://drive.google.com/file/d/1vux5IaubjInusplW6GJ2SsxhzibtSCe-/view?usp=drivesdk,p. 421; Results text; data not shown,,,,logRR,Double-zero: retained as safety evidence; no logRR estimated.,1,,,"Native numeric candidate, not newly pooled: exact outcome definition/time/scale or prespecified arm selection requires a model-specific decision. No automatic pooling of the gap-fill audit."
AUDIT-0064,V34_B1_063,Zhu 2022,Nausea,Postoperative nausea incidence,48–72 h after surgery,48-72h after surgery,Events/total,EA,Usual care,Group 30 — EA 30 min before surgery,Group Usual — usual care alone,participants,98.0,101.0,,,,,0.0,0.0,INCLUDE,"Numerically extractable in its native endpoint/time/statistic; pooling still requires compatible stratum, comparator and independent-arm selection.",ROB2_RESULT_SPECIFIC_PENDING,Per-protocol,https://drive.google.com/file/d/1vux5IaubjInusplW6GJ2SsxhzibtSCe-/view?usp=drivesdk,p. 421; Results text; data not shown,,,,logRR,Double-zero: retained as safety evidence; no logRR estimated.,1,,,"Native numeric candidate, not newly pooled: exact outcome definition/time/scale or prespecified arm selection requires a model-specific decision. No automatic pooling of the gap-fill audit."
AUDIT-0065,V34_B1_064,Zhu 2022,Vomiting,Postoperative vomiting incidence,48–72 h after surgery,48-72h after surgery,Events/total,EA,Usual care,Group 30 — EA 30 min before surgery,Group Usual — usual care alone,participants,98.0,101.0,,,,,0.0,0.0,INCLUDE,"Numerically extractable in its native endpoint/time/statistic; pooling still requires compatible stratum, comparator and independent-arm selection.",ROB2_RESULT_SPECIFIC_PENDING,Per-protocol,https://drive.google.com/file/d/1vux5IaubjInusplW6GJ2SsxhzibtSCe-/view?usp=drivesdk,p. 421; Results text; data not shown,,,,logRR,Double-zero: retained as safety evidence; no logRR estimated.,1,,,"Native numeric candidate, not newly pooled: exact outcome definition/time/scale or prespecified arm selection requires a model-specific decision. No automatic pooling of the gap-fill audit."
AUDIT-0066,V34_B1_065,Zhu 2022,Nausea,Postoperative nausea incidence,48–72 h after surgery,48-72h after surgery,Events/total,EA,Usual care,Group Comb — EA day before + 30 min before surgery,Group Usual — usual care alone,participants,100.0,101.0,,,,,0.0,0.0,INCLUDE,"Numerically extractable in its native endpoint/time/statistic; pooling still requires compatible stratum, comparator and independent-arm selection.",ROB2_RESULT_SPECIFIC_PENDING,Per-protocol,https://drive.google.com/file/d/1vux5IaubjInusplW6GJ2SsxhzibtSCe-/view?usp=drivesdk,p. 421; Results text; data not shown,,,,logRR,Double-zero: retained as safety evidence; no logRR estimated.,1,,,"Native numeric candidate, not newly pooled: exact outcome definition/time/scale or prespecified arm selection requires a model-specific decision. No automatic pooling of the gap-fill audit."
AUDIT-0067,V34_B1_066,Zhu 2022,Vomiting,Postoperative vomiting incidence,48–72 h after surgery,48-72h after surgery,Events/total,EA,Usual care,Group Comb — EA day before + 30 min before surgery,Group Usual — usual care alone,participants,100.0,101.0,,,,,0.0,0.0,INCLUDE,"Numerically extractable in its native endpoint/time/statistic; pooling still requires compatible stratum, comparator and independent-arm selection.",ROB2_RESULT_SPECIFIC_PENDING,Per-protocol,https://drive.google.com/file/d/1vux5IaubjInusplW6GJ2SsxhzibtSCe-/view?usp=drivesdk,p. 421; Results text; data not shown,,,,logRR,Double-zero: retained as safety evidence; no logRR estimated.,1,,,"Native numeric candidate, not newly pooled: exact outcome definition/time/scale or prespecified arm selection requires a model-specific decision. No automatic pooling of the gap-fill audit."
AUDIT-0068,V34_B1_067,Yang 2020,GI — abdominal distention,Abdominal distension incidence,Postoperative; assessment window not separately stated,postoperative; assessment window not separately stated,Events/total,EA,Usual care,EA group,UC group,participants,29.0,28.0,,,,,9.0,11.0,INCLUDE,"Numerically extractable in its native endpoint/time/statistic; pooling still requires compatible stratum, comparator and independent-arm selection.",ROB2_RESULT_SPECIFIC_PENDING,Available-case,https://drive.google.com/file/d/1hsQR_K6W-5QNP4rqkVxHQaopRp4f1XF0/view?usp=drivesdk,e920648-5; Table 3,,-0.235762,0.363075,logRR,Uncorrected log risk ratio,1,,,"Native numeric candidate, not newly pooled: exact outcome definition/time/scale or prespecified arm selection requires a model-specific decision. No automatic pooling of the gap-fill audit."
AUDIT-0069,V34_B1_068,Yang 2020,GI — abdominal distention,Abdominal distension severity grade 0,Postoperative; assessment window not separately stated,postoperative; assessment window not separately stated,Events/total,EA,Usual care,EA group,UC group,participants,29.0,28.0,,,,,20.0,17.0,INCLUDE,"Numerically extractable in its native endpoint/time/statistic; pooling still requires compatible stratum, comparator and independent-arm selection.",ROB2_RESULT_SPECIFIC_PENDING,Available-case,https://drive.google.com/file/d/1hsQR_K6W-5QNP4rqkVxHQaopRp4f1XF0/view?usp=drivesdk,e920648-5; Table 3,,0.127428,0.196536,logRR,Uncorrected log risk ratio,1,,,"Native numeric candidate, not newly pooled: exact outcome definition/time/scale or prespecified arm selection requires a model-specific decision. No automatic pooling of the gap-fill audit."
AUDIT-0070,V34_B1_069,Yang 2020,GI — abdominal distention,Abdominal distension severity grade 1,Postoperative; assessment window not separately stated,postoperative; assessment window not separately stated,Events/total,EA,Usual care,EA group,UC group,participants,29.0,28.0,,,,,1.0,2.0,INCLUDE,"Numerically extractable in its native endpoint/time/statistic; pooling still requires compatible stratum, comparator and independent-arm selection.",ROB2_RESULT_SPECIFIC_PENDING,Available-case,https://drive.google.com/file/d/1hsQR_K6W-5QNP4rqkVxHQaopRp4f1XF0/view?usp=drivesdk,e920648-5; Table 3,,-0.728239,1.195744,logRR,Uncorrected log risk ratio,1,,,"Native numeric candidate, not newly pooled: exact outcome definition/time/scale or prespecified arm selection requires a model-specific decision. No automatic pooling of the gap-fill audit."
AUDIT-0071,V34_B1_070,Yang 2020,GI — abdominal distention,Abdominal distension severity grade 2,Postoperative; assessment window not separately stated,postoperative; assessment window not separately stated,Events/total,EA,Usual care,EA group,UC group,participants,29.0,28.0,,,,,2.0,2.0,INCLUDE,"Numerically extractable in its native endpoint/time/statistic; pooling still requires compatible stratum, comparator and independent-arm selection.",ROB2_RESULT_SPECIFIC_PENDING,Available-case,https://drive.google.com/file/d/1hsQR_K6W-5QNP4rqkVxHQaopRp4f1XF0/view?usp=drivesdk,e920648-5; Table 3,,-0.035091,0.964263,logRR,Uncorrected log risk ratio,1,,,"Native numeric candidate, not newly pooled: exact outcome definition/time/scale or prespecified arm selection requires a model-specific decision. No automatic pooling of the gap-fill audit."
AUDIT-0072,V34_B1_071,Yang 2020,GI — abdominal distention,Abdominal distension severity grade 3,Postoperative; assessment window not separately stated,postoperative; assessment window not separately stated,Events/total,EA,Usual care,EA group,UC group,participants,29.0,28.0,,,,,6.0,7.0,INCLUDE,"Numerically extractable in its native endpoint/time/statistic; pooling still requires compatible stratum, comparator and independent-arm selection.",ROB2_RESULT_SPECIFIC_PENDING,Available-case,https://drive.google.com/file/d/1hsQR_K6W-5QNP4rqkVxHQaopRp4f1XF0/view?usp=drivesdk,e920648-5; Table 3,,-0.189242,0.48921,logRR,Uncorrected log risk ratio,1,,,"Native numeric candidate, not newly pooled: exact outcome definition/time/scale or prespecified arm selection requires a model-specific decision. No automatic pooling of the gap-fill audit."
AUDIT-0073,V34_B1_072,Yang 2020,GI — abdominal distention,Abdominal distension severity grade 4,Postoperative; assessment window not separately stated,postoperative; assessment window not separately stated,Events/total,EA,Usual care,EA group,UC group,participants,29.0,28.0,,,,,0.0,0.0,INCLUDE,"Numerically extractable in its native endpoint/time/statistic; pooling still requires compatible stratum, comparator and independent-arm selection.",ROB2_RESULT_SPECIFIC_PENDING,Available-case,https://drive.google.com/file/d/1hsQR_K6W-5QNP4rqkVxHQaopRp4f1XF0/view?usp=drivesdk,e920648-5; Table 3,,,,logRR,Double-zero: retained as safety evidence; no logRR estimated.,1,,,"Native numeric candidate, not newly pooled: exact outcome definition/time/scale or prespecified arm selection requires a model-specific decision. No automatic pooling of the gap-fill audit."
AUDIT-0074,V34_B1_073,Yang 2020,Rescue analgesia — drug class unresolved,Participants given rescue medication,Postoperative; exact window not stated,AMBIGUOUS,Events/total,EA,Usual care,EA group,UC group,participants,29.0,28.0,,,,,5.0,7.0,HOLD,"Source definition, timepoint, denominator, scale, statistic, or post-randomization subset requires adjudication; see raw source/QC.",ROB2_RESULT_SPECIFIC_PENDING,Available-case,https://drive.google.com/file/d/1hsQR_K6W-5QNP4rqkVxHQaopRp4f1XF0/view?usp=drivesdk,e920648-5; Table 3,,,,,,1,,,"Source definition, timepoint, denominator, scale, statistic, or post-randomization subset requires adjudication; see raw source/QC."
AUDIT-0075,V34_B1_074,Yang 2020,Nausea severity,Nausea severity score,0–24 h after surgery,0-24h after surgery,Median/IQR,EA,Usual care,EA group,UC group,4-point rating scale 0-3,29.0,28.0,,,,,,,NARRATIVE ONLY,Median and original dispersion preserved; no mean/SD conversion or MD pooling.,ROB2_RESULT_SPECIFIC_PENDING,Available-case,https://drive.google.com/file/d/1hsQR_K6W-5QNP4rqkVxHQaopRp4f1XF0/view?usp=drivesdk,e920648-6; Table 4,,,,,,1,,,Median and original dispersion preserved; no mean/SD conversion or MD pooling.
AUDIT-0076,V34_B1_075,Yang 2020,Vomiting severity,Vomiting severity score,0–24 h after surgery,0-24h after surgery,Median/IQR,EA,Usual care,EA group,UC group,4-point rating scale 0-3,29.0,28.0,,,,,,,NARRATIVE ONLY,Median and original dispersion preserved; no mean/SD conversion or MD pooling.,ROB2_RESULT_SPECIFIC_PENDING,Available-case,https://drive.google.com/file/d/1hsQR_K6W-5QNP4rqkVxHQaopRp4f1XF0/view?usp=drivesdk,e920648-6; Table 4,,,,,,1,,,Median and original dispersion preserved; no mean/SD conversion or MD pooling.
AUDIT-0077,V34_B1_076,Yang 2020,Nausea,Nausea incidence,0–24 h after surgery,0-24h after surgery,Events/total,EA,Usual care,EA group,UC group,participants,29.0,28.0,,,,,8.0,8.0,INCLUDE,"Numerically extractable in its native endpoint/time/statistic; pooling still requires compatible stratum, comparator and independent-arm selection.",ROB2_RESULT_SPECIFIC_PENDING,Available-case,https://drive.google.com/file/d/1hsQR_K6W-5QNP4rqkVxHQaopRp4f1XF0/view?usp=drivesdk,e920648-6; Table 4,,-0.035091,0.424032,logRR,Uncorrected log risk ratio,1,,,"Native numeric candidate, not newly pooled: exact outcome definition/time/scale or prespecified arm selection requires a model-specific decision. No automatic pooling of the gap-fill audit."
AUDIT-0078,V34_B1_077,Yang 2020,Vomiting,Vomiting incidence,0–24 h after surgery,0-24h after surgery,Events/total,EA,Usual care,EA group,UC group,participants,29.0,28.0,,,,,5.0,7.0,INCLUDE,"Numerically extractable in its native endpoint/time/statistic; pooling still requires compatible stratum, comparator and independent-arm selection.",ROB2_RESULT_SPECIFIC_PENDING,Available-case,https://drive.google.com/file/d/1hsQR_K6W-5QNP4rqkVxHQaopRp4f1XF0/view?usp=drivesdk,e920648-6; Table 4,,-0.371564,0.522169,logRR,Uncorrected log risk ratio,1,,,"Native numeric candidate, not newly pooled: exact outcome definition/time/scale or prespecified arm selection requires a model-specific decision. No automatic pooling of the gap-fill audit."
AUDIT-0079,V34_B1_078,Yang 2020,Pain — unspecified context,Static pain VAS,0–24 h after surgery,0-24h after surgery,Median/IQR,EA,Usual care,EA group,UC group,VAS 0-10,29.0,28.0,,,,,,,NARRATIVE ONLY,Median and original dispersion preserved; no mean/SD conversion or MD pooling.,ROB2_RESULT_SPECIFIC_PENDING,Available-case,https://drive.google.com/file/d/1hsQR_K6W-5QNP4rqkVxHQaopRp4f1XF0/view?usp=drivesdk,e920648-6; Table 4,,,,,,1,,,Median and original dispersion preserved; no mean/SD conversion or MD pooling.
AUDIT-0080,V34_B1_079,Yang 2020,Pain — movement/activity,Dynamic pain VAS,0–24 h after surgery,0-24h after surgery,Median/IQR,EA,Usual care,EA group,UC group,VAS 0-10,29.0,28.0,,,,,,,NARRATIVE ONLY,Median and original dispersion preserved; no mean/SD conversion or MD pooling.,ROB2_RESULT_SPECIFIC_PENDING,Available-case,https://drive.google.com/file/d/1hsQR_K6W-5QNP4rqkVxHQaopRp4f1XF0/view?usp=drivesdk,e920648-6; Table 4,,,,,,1,,,Median and original dispersion preserved; no mean/SD conversion or MD pooling.
AUDIT-0081,V34_B1_080,Yang 2020,Nausea severity,Nausea severity score,24–48 h after surgery,24-48h after surgery,Median/IQR,EA,Usual care,EA group,UC group,4-point rating scale 0-3,29.0,28.0,,,,,,,NARRATIVE ONLY,Median and original dispersion preserved; no mean/SD conversion or MD pooling.,ROB2_RESULT_SPECIFIC_PENDING,Available-case,https://drive.google.com/file/d/1hsQR_K6W-5QNP4rqkVxHQaopRp4f1XF0/view?usp=drivesdk,e920648-6; Table 4,,,,,,1,,,Median and original dispersion preserved; no mean/SD conversion or MD pooling.
AUDIT-0082,V34_B1_081,Yang 2020,Vomiting severity,Vomiting severity score,24–48 h after surgery,24-48h after surgery,Other (describe),EA,Usual care,EA group,UC group,4-point rating scale 0-3,29.0,28.0,,,,,,,HOLD,Nonstandard or incomplete statistic; no inferred quantities.,ROB2_RESULT_SPECIFIC_PENDING,Available-case,https://drive.google.com/file/d/1hsQR_K6W-5QNP4rqkVxHQaopRp4f1XF0/view?usp=drivesdk,e920648-6; Table 4,,,,,,1,,,Nonstandard or incomplete statistic; no inferred quantities.
AUDIT-0083,V34_B1_082,Yang 2020,Nausea,Nausea incidence,24–48 h after surgery,24-48h after surgery,Events/total,EA,Usual care,EA group,UC group,participants,29.0,28.0,,,,,4.0,3.0,INCLUDE,"Numerically extractable in its native endpoint/time/statistic; pooling still requires compatible stratum, comparator and independent-arm selection.",ROB2_RESULT_SPECIFIC_PENDING,Available-case,https://drive.google.com/file/d/1hsQR_K6W-5QNP4rqkVxHQaopRp4f1XF0/view?usp=drivesdk,e920648-6; Table 4,,0.252591,0.716335,logRR,Uncorrected log risk ratio,1,,,"Native numeric candidate, not newly pooled: exact outcome definition/time/scale or prespecified arm selection requires a model-specific decision. No automatic pooling of the gap-fill audit."
AUDIT-0084,V34_B1_083,Yang 2020,Vomiting,Vomiting incidence,24–48 h after surgery,24-48h after surgery,Events/total,EA,Usual care,EA group,UC group,participants,29.0,28.0,,,,,0.0,0.0,INCLUDE,"Numerically extractable in its native endpoint/time/statistic; pooling still requires compatible stratum, comparator and independent-arm selection.",ROB2_RESULT_SPECIFIC_PENDING,Available-case,https://drive.google.com/file/d/1hsQR_K6W-5QNP4rqkVxHQaopRp4f1XF0/view?usp=drivesdk,e920648-6; Table 4,,,,logRR,Double-zero: retained as safety evidence; no logRR estimated.,1,,,"Native numeric candidate, not newly pooled: exact outcome definition/time/scale or prespecified arm selection requires a model-specific decision. No automatic pooling of the gap-fill audit."
AUDIT-0085,V34_B1_084,Yang 2020,Pain — unspecified context,Static pain VAS,24–48 h after surgery,24-48h after surgery,Median/IQR,EA,Usual care,EA group,UC group,VAS 0-10,29.0,28.0,,,,,,,NARRATIVE ONLY,Median and original dispersion preserved; no mean/SD conversion or MD pooling.,ROB2_RESULT_SPECIFIC_PENDING,Available-case,https://drive.google.com/file/d/1hsQR_K6W-5QNP4rqkVxHQaopRp4f1XF0/view?usp=drivesdk,e920648-6; Table 4,,,,,,1,,,Median and original dispersion preserved; no mean/SD conversion or MD pooling.
AUDIT-0086,V34_B1_085,Yang 2020,Pain — movement/activity,Dynamic pain VAS,24–48 h after surgery,24-48h after surgery,Median/IQR,EA,Usual care,EA group,UC group,VAS 0-10,29.0,28.0,,,,,,,NARRATIVE ONLY,Median and original dispersion preserved; no mean/SD conversion or MD pooling.,ROB2_RESULT_SPECIFIC_PENDING,Available-case,https://drive.google.com/file/d/1hsQR_K6W-5QNP4rqkVxHQaopRp4f1XF0/view?usp=drivesdk,e920648-6; Table 4,,,,,,1,,,Median and original dispersion preserved; no mean/SD conversion or MD pooling.
AUDIT-0087,V34_B1_086,Yang 2020,Nausea severity,Nausea severity score,48–72 h after surgery,48-72h after surgery,Other (describe),EA,Usual care,EA group,UC group,4-point rating scale 0-3,29.0,28.0,,,,,,,HOLD,Nonstandard or incomplete statistic; no inferred quantities.,ROB2_RESULT_SPECIFIC_PENDING,Available-case,https://drive.google.com/file/d/1hsQR_K6W-5QNP4rqkVxHQaopRp4f1XF0/view?usp=drivesdk,e920648-6; Table 4,,,,,,1,,,Nonstandard or incomplete statistic; no inferred quantities.
AUDIT-0088,V34_B1_087,Yang 2020,Vomiting severity,Vomiting severity score,48–72 h after surgery,48-72h after surgery,Other (describe),EA,Usual care,EA group,UC group,4-point rating scale 0-3,29.0,28.0,,,,,,,HOLD,Nonstandard or incomplete statistic; no inferred quantities.,ROB2_RESULT_SPECIFIC_PENDING,Available-case,https://drive.google.com/file/d/1hsQR_K6W-5QNP4rqkVxHQaopRp4f1XF0/view?usp=drivesdk,e920648-6; Table 4,,,,,,1,,,Nonstandard or incomplete statistic; no inferred quantities.
AUDIT-0089,V34_B1_088,Yang 2020,Nausea,Nausea incidence,48–72 h after surgery,48-72h after surgery,Events/total,EA,Usual care,EA group,UC group,participants,29.0,28.0,,,,,0.0,0.0,INCLUDE,"Numerically extractable in its native endpoint/time/statistic; pooling still requires compatible stratum, comparator and independent-arm selection.",ROB2_RESULT_SPECIFIC_PENDING,Available-case,https://drive.google.com/file/d/1hsQR_K6W-5QNP4rqkVxHQaopRp4f1XF0/view?usp=drivesdk,e920648-6; Table 4,,,,logRR,Double-zero: retained as safety evidence; no logRR estimated.,1,,,"Native numeric candidate, not newly pooled: exact outcome definition/time/scale or prespecified arm selection requires a model-specific decision. No automatic pooling of the gap-fill audit."
AUDIT-0090,V34_B1_089,Yang 2020,Vomiting,Vomiting incidence,48–72 h after surgery,48-72h after surgery,Events/total,EA,Usual care,EA group,UC group,participants,29.0,28.0,,,,,0.0,0.0,INCLUDE,"Numerically extractable in its native endpoint/time/statistic; pooling still requires compatible stratum, comparator and independent-arm selection.",ROB2_RESULT_SPECIFIC_PENDING,Available-case,https://drive.google.com/file/d/1hsQR_K6W-5QNP4rqkVxHQaopRp4f1XF0/view?usp=drivesdk,e920648-6; Table 4,,,,logRR,Double-zero: retained as safety evidence; no logRR estimated.,1,,,"Native numeric candidate, not newly pooled: exact outcome definition/time/scale or prespecified arm selection requires a model-specific decision. No automatic pooling of the gap-fill audit."
AUDIT-0091,V34_B1_090,Yang 2020,Pain — unspecified context,Static pain VAS,48–72 h after surgery,48-72h after surgery,Median/IQR,EA,Usual care,EA group,UC group,VAS 0-10,29.0,28.0,,,,,,,NARRATIVE ONLY,Median and original dispersion preserved; no mean/SD conversion or MD pooling.,ROB2_RESULT_SPECIFIC_PENDING,Available-case,https://drive.google.com/file/d/1hsQR_K6W-5QNP4rqkVxHQaopRp4f1XF0/view?usp=drivesdk,e920648-6; Table 4,,,,,,1,,,Median and original dispersion preserved; no mean/SD conversion or MD pooling.
AUDIT-0092,V34_B1_091,Yang 2020,Pain — movement/activity,Dynamic pain VAS,48–72 h after surgery,48-72h after surgery,Median/IQR,EA,Usual care,EA group,UC group,VAS 0-10,29.0,28.0,,,,,,,NARRATIVE ONLY,Median and original dispersion preserved; no mean/SD conversion or MD pooling.,ROB2_RESULT_SPECIFIC_PENDING,Available-case,https://drive.google.com/file/d/1hsQR_K6W-5QNP4rqkVxHQaopRp4f1XF0/view?usp=drivesdk,e920648-6; Table 4,,,,,,1,,,Median and original dispersion preserved; no mean/SD conversion or MD pooling.
AUDIT-0093,V34_B1_092,Yang 2020,Functional recovery,Time to out-of-bed activity,Postoperative,postoperative,Mean/SD,EA,Usual care,EA group,UC group,hours,29.0,28.0,11.2,1.0,13.0,3.5,,,INCLUDE,"Numerically extractable in its native endpoint/time/statistic; pooling still requires compatible stratum, comparator and independent-arm selection.",ROB2_RESULT_SPECIFIC_PENDING,Available-case,https://drive.google.com/file/d/1hsQR_K6W-5QNP4rqkVxHQaopRp4f1XF0/view?usp=drivesdk,e920648-6; Table 4,,-1.8,0.68701,MD,Native MD; no pooled interpretation without compatible model.,1,-0.695132,0.272829,"Native numeric candidate, not newly pooled: exact outcome definition/time/scale or prespecified arm selection requires a model-specific decision. No automatic pooling of the gap-fill audit."
AUDIT-0094,V34_B1_093,Yang 2020,LOS,Hospital stay,Postoperative hospitalization,postoperative hospitalization,Mean/SD,EA,Usual care,EA group,UC group,days,29.0,28.0,6.1,2.15,6.5,2.05,,,INCLUDE,"Numerically extractable in its native endpoint/time/statistic; pooling still requires compatible stratum, comparator and independent-arm selection.",ROB2_RESULT_SPECIFIC_PENDING,Available-case,https://drive.google.com/file/d/1hsQR_K6W-5QNP4rqkVxHQaopRp4f1XF0/view?usp=drivesdk,e920648-6; Table 4,,-0.4,0.556315,MD,Native MD; no pooled interpretation without compatible model.,1,-0.187732,0.26553,"Native numeric candidate, not newly pooled: exact outcome definition/time/scale or prespecified arm selection requires a model-specific decision. No automatic pooling of the gap-fill audit."
AUDIT-0095,V34_B1_094,Pan 2023,Pain — movement/activity,NRS in the mobile state,1 h after operation,1h after operation,Other (describe),TEAS,Usual care,Group T — TEAS,Group C — control,NRS 0-10,52.0,53.0,,,,,,,HOLD,"Source definition, timepoint, denominator, scale, statistic, or post-randomization subset requires adjudication; see raw source/QC.",ROB2_RESULT_SPECIFIC_PENDING,Unstated,https://drive.google.com/file/d/19IZpaoI-iTQOr_XOTw-a17WTw_haz8q6/view?usp=drivesdk,p. 815; Table 7,,,,,,1,,,"Source definition, timepoint, denominator, scale, statistic, or post-randomization subset requires adjudication; see raw source/QC."
AUDIT-0096,V34_B1_095,Pan 2023,Pain — movement/activity,NRS in the mobile state,24 h after operation,24 h point,Other (describe),TEAS,Usual care,Group T — TEAS,Group C — control,NRS 0-10,52.0,53.0,,,,,,,HOLD,"Source definition, timepoint, denominator, scale, statistic, or post-randomization subset requires adjudication; see raw source/QC.",ROB2_RESULT_SPECIFIC_PENDING,Unstated,https://drive.google.com/file/d/19IZpaoI-iTQOr_XOTw-a17WTw_haz8q6/view?usp=drivesdk,p. 815; Table 7,,,,,,1,,,"Source definition, timepoint, denominator, scale, statistic, or post-randomization subset requires adjudication; see raw source/QC."
AUDIT-0097,V34_B1_096,Pan 2023,Pain — rest,Resting pain,Postoperative,postoperative,Other (describe),TEAS,Usual care,Group T — TEAS,Group C — control,NRS 0-10,52.0,53.0,,,,,,,NOT REPORTED,Accessed source does not supply the requested numerical result.,ROB2_RESULT_SPECIFIC_PENDING,Unstated,https://drive.google.com/file/d/19IZpaoI-iTQOr_XOTw-a17WTw_haz8q6/view?usp=drivesdk,pp. 810–816; Methods + Tables 6–7,,,,,,1,,,Accessed source does not supply the requested numerical result.
AUDIT-0098,V34_B1_097,Pan 2023,Pain — unspecified context,PACU highest NRS score,PACU,pacu,Other (describe),TEAS,Usual care,Group T — TEAS,Group C — control,NRS 0-10,52.0,53.0,,,,,,,HOLD,"Source definition, timepoint, denominator, scale, statistic, or post-randomization subset requires adjudication; see raw source/QC.",ROB2_RESULT_SPECIFIC_PENDING,Unstated,https://drive.google.com/file/d/19IZpaoI-iTQOr_XOTw-a17WTw_haz8q6/view?usp=drivesdk,p. 815; Table 6,,,,,,1,,,"Source definition, timepoint, denominator, scale, statistic, or post-randomization subset requires adjudication; see raw source/QC."
AUDIT-0099,V34_B1_098,Pan 2023,Vomiting,Vomiting incidence,1 h after operation,1h after operation,Events/total,TEAS,Usual care,Group T — TEAS,Group C — control,participants,52.0,53.0,,,,,2.0,3.0,INCLUDE,"Numerically extractable in its native endpoint/time/statistic; pooling still requires compatible stratum, comparator and independent-arm selection.",ROB2_RESULT_SPECIFIC_PENDING,Unstated,https://drive.google.com/file/d/19IZpaoI-iTQOr_XOTw-a17WTw_haz8q6/view?usp=drivesdk,p. 815; Table 7,,-0.386417,0.891759,logRR,Uncorrected log risk ratio,1,,,"Native numeric candidate, not newly pooled: exact outcome definition/time/scale or prespecified arm selection requires a model-specific decision. No automatic pooling of the gap-fill audit."
AUDIT-0100,V34_B1_099,Pan 2023,Vomiting,Vomiting incidence,Within 24 h after operation,within 24h after operation,Events/total,TEAS,Usual care,Group T — TEAS,Group C — control,participants,52.0,53.0,,,,,9.0,19.0,INCLUDE,"Numerically extractable in its native endpoint/time/statistic; pooling still requires compatible stratum, comparator and independent-arm selection.",ROB2_RESULT_SPECIFIC_PENDING,Unstated,https://drive.google.com/file/d/19IZpaoI-iTQOr_XOTw-a17WTw_haz8q6/view?usp=drivesdk,p. 815; Table 7,,-0.728166,0.354463,logRR,Uncorrected log risk ratio,1,,,"Native numeric candidate, not newly pooled: exact outcome definition/time/scale or prespecified arm selection requires a model-specific decision. No automatic pooling of the gap-fill audit."
AUDIT-0101,V34_B1_100,Pan 2023,Nausea,Nausea incidence,Within 24 h after operation,within 24h after operation,Other (describe),TEAS,Usual care,Group T — TEAS,Group C — control,participants,52.0,53.0,,,,,,,NOT REPORTED,Accessed source does not supply the requested numerical result.,ROB2_RESULT_SPECIFIC_PENDING,Unstated,https://drive.google.com/file/d/19IZpaoI-iTQOr_XOTw-a17WTw_haz8q6/view?usp=drivesdk,p. 815; Table 7,,,,,,1,,,Accessed source does not supply the requested numerical result.
AUDIT-0102,V34_B1_101,Pan 2023,Rescue analgesia — drug class unresolved,Participants using analgesic drugs,Within 24 h after operation,within 24h after operation,Events/total,TEAS,Usual care,Group T — TEAS,Group C — control,participants,52.0,53.0,,,,,19.0,23.0,HOLD,"Source definition, timepoint, denominator, scale, statistic, or post-randomization subset requires adjudication; see raw source/QC.",ROB2_RESULT_SPECIFIC_PENDING,Unstated,https://drive.google.com/file/d/19IZpaoI-iTQOr_XOTw-a17WTw_haz8q6/view?usp=drivesdk,p. 815; Table 7,,,,,,1,,,"Source definition, timepoint, denominator, scale, statistic, or post-randomization subset requires adjudication; see raw source/QC."
AUDIT-0103,V34_B1_102,Pan 2023,Rescue antiemetic,Participants using antiemetic drugs,Within 24 h after operation,within 24h after operation,Events/total,TEAS,Usual care,Group T — TEAS,Group C — control,participants,52.0,53.0,,,,,25.0,34.0,INCLUDE,"Numerically extractable in its native endpoint/time/statistic; pooling still requires compatible stratum, comparator and independent-arm selection.",ROB2_RESULT_SPECIFIC_PENDING,Unstated,https://drive.google.com/file/d/19IZpaoI-iTQOr_XOTw-a17WTw_haz8q6/view?usp=drivesdk,p. 815; Table 7,,-0.288437,0.176955,logRR,Uncorrected log risk ratio,1,,,"Native numeric candidate, not newly pooled: exact outcome definition/time/scale or prespecified arm selection requires a model-specific decision. No automatic pooling of the gap-fill audit."
AUDIT-0104,V34_B1_103,Pan 2023,Functional recovery — PACU,Utilization of remedial drugs in PACU,PACU,pacu,Events/total,TEAS,Usual care,Group T — TEAS,Group C — control,participants,52.0,53.0,,,,,10.0,18.0,HOLD,"Source definition, timepoint, denominator, scale, statistic, or post-randomization subset requires adjudication; see raw source/QC.",ROB2_RESULT_SPECIFIC_PENDING,Unstated,https://drive.google.com/file/d/19IZpaoI-iTQOr_XOTw-a17WTw_haz8q6/view?usp=drivesdk,p. 815; Table 6,,,,,,1,,,"Source definition, timepoint, denominator, scale, statistic, or post-randomization subset requires adjudication; see raw source/QC."
AUDIT-0105,V34_B1_104,Pan 2023,Functional recovery,Time of respiratory recovery,PACU/recovery,pacu/recovery,Mean/SD,TEAS,Usual care,Group T — TEAS,Group C — control,minutes,52.0,53.0,10.2,2.7,10.9,3.7,,,INCLUDE,"Numerically extractable in its native endpoint/time/statistic; pooling still requires compatible stratum, comparator and independent-arm selection.",ROB2_RESULT_SPECIFIC_PENDING,Unstated,https://drive.google.com/file/d/19IZpaoI-iTQOr_XOTw-a17WTw_haz8q6/view?usp=drivesdk,p. 815; Table 6,,-0.7,0.631264,MD,Native MD; no pooled interpretation without compatible model.,1,-0.214233,0.195748,"Native numeric candidate, not newly pooled: exact outcome definition/time/scale or prespecified arm selection requires a model-specific decision. No automatic pooling of the gap-fill audit."
AUDIT-0106,V34_B1_105,Pan 2023,Functional recovery,Time of conscious,PACU/recovery,pacu/recovery,Mean/SD,TEAS,Usual care,Group T — TEAS,Group C — control,minutes,52.0,53.0,10.7,2.7,11.3,3.8,,,INCLUDE,"Numerically extractable in its native endpoint/time/statistic; pooling still requires compatible stratum, comparator and independent-arm selection.",ROB2_RESULT_SPECIFIC_PENDING,Unstated,https://drive.google.com/file/d/19IZpaoI-iTQOr_XOTw-a17WTw_haz8q6/view?usp=drivesdk,p. 815; Table 6,,-0.6,0.642375,MD,Native MD; no pooled interpretation without compatible model.,1,-0.180411,0.195585,"Native numeric candidate, not newly pooled: exact outcome definition/time/scale or prespecified arm selection requires a model-specific decision. No automatic pooling of the gap-fill audit."
AUDIT-0107,V34_B1_106,Pan 2023,Functional recovery,Time of extubation,PACU/recovery,pacu/recovery,Mean/SD,TEAS,Usual care,Group T — TEAS,Group C — control,minutes,52.0,53.0,11.4,3.0,12.1,3.8,,,INCLUDE,"Numerically extractable in its native endpoint/time/statistic; pooling still requires compatible stratum, comparator and independent-arm selection.",ROB2_RESULT_SPECIFIC_PENDING,Unstated,https://drive.google.com/file/d/19IZpaoI-iTQOr_XOTw-a17WTw_haz8q6/view?usp=drivesdk,p. 815; Table 6,,-0.7,0.66748,MD,Native MD; no pooled interpretation without compatible model.,1,-0.202751,0.19569,"Native numeric candidate, not newly pooled: exact outcome definition/time/scale or prespecified arm selection requires a model-specific decision. No automatic pooling of the gap-fill audit."
AUDIT-0108,V34_B1_107,Pan 2023,Functional recovery — PACU,PACU Aldrete score,PACU,pacu,Mean/SD,TEAS,Usual care,Group T — TEAS,Group C — control,Aldrete points,52.0,53.0,8.8,0.8,8.9,0.8,,,INCLUDE,"Numerically extractable in its native endpoint/time/statistic; pooling still requires compatible stratum, comparator and independent-arm selection.",ROB2_RESULT_SPECIFIC_PENDING,Unstated,https://drive.google.com/file/d/19IZpaoI-iTQOr_XOTw-a17WTw_haz8q6/view?usp=drivesdk,p. 815; Table 6,,-0.1,0.156151,MD,Native MD; no pooled interpretation without compatible model.,1,-0.124088,0.195377,"Native numeric candidate, not newly pooled: exact outcome definition/time/scale or prespecified arm selection requires a model-specific decision. No automatic pooling of the gap-fill audit."
AUDIT-0109,V34_B1_108,Pan 2023,Functional recovery — PACU,PACU retention time,PACU,pacu,Mean/SD,TEAS,Usual care,Group T — TEAS,Group C — control,minutes,52.0,53.0,50.9,20.9,52.7,17.6,,,INCLUDE,"Numerically extractable in its native endpoint/time/statistic; pooling still requires compatible stratum, comparator and independent-arm selection.",ROB2_RESULT_SPECIFIC_PENDING,Unstated,https://drive.google.com/file/d/19IZpaoI-iTQOr_XOTw-a17WTw_haz8q6/view?usp=drivesdk,p. 815; Table 6,,-1.8,3.774218,MD,Native MD; no pooled interpretation without compatible model.,1,-0.092561,0.195293,"Native numeric candidate, not newly pooled: exact outcome definition/time/scale or prespecified arm selection requires a model-specific decision. No automatic pooling of the gap-fill audit."
AUDIT-0110,V34_B1_109,Pan 2023,LOS,Postoperative hospitalization time,Postoperative hospitalization,postoperative hospitalization,Mean/SD,TEAS,Usual care,Group T — TEAS,Group C — control,days,52.0,53.0,4.1,2.3,4.1,1.5,,,INCLUDE,"Numerically extractable in its native endpoint/time/statistic; pooling still requires compatible stratum, comparator and independent-arm selection.",ROB2_RESULT_SPECIFIC_PENDING,Unstated,https://drive.google.com/file/d/19IZpaoI-iTQOr_XOTw-a17WTw_haz8q6/view?usp=drivesdk,p. 816; Table 9,,0.0,0.379715,MD,Native MD; no pooled interpretation without compatible model.,1,0.0,0.195189,"Native numeric candidate, not newly pooled: exact outcome definition/time/scale or prespecified arm selection requires a model-specific decision. No automatic pooling of the gap-fill audit."
AUDIT-0111,V34_B1_110,Pan 2023,GI — oral intake,First postoperative water intake time,Postoperative,postoperative,Median/IQR,TEAS,Usual care,Group T — TEAS,Group C — control,minutes,52.0,53.0,,,,,,,NARRATIVE ONLY,Median and original dispersion preserved; no mean/SD conversion or MD pooling.,ROB2_RESULT_SPECIFIC_PENDING,Unstated,https://drive.google.com/file/d/19IZpaoI-iTQOr_XOTw-a17WTw_haz8q6/view?usp=drivesdk,p. 816; Table 9,,,,,,1,,,Median and original dispersion preserved; no mean/SD conversion or MD pooling.
AUDIT-0112,V34_B1_111,Pan 2023,GI — diet tolerance,First solid food tolerance time,Postoperative,postoperative,Median/IQR,TEAS,Usual care,Group T — TEAS,Group C — control,minutes,52.0,53.0,,,,,,,NARRATIVE ONLY,Median and original dispersion preserved; no mean/SD conversion or MD pooling.,ROB2_RESULT_SPECIFIC_PENDING,Unstated,https://drive.google.com/file/d/19IZpaoI-iTQOr_XOTw-a17WTw_haz8q6/view?usp=drivesdk,p. 816; Table 9,,,,,,1,,,Median and original dispersion preserved; no mean/SD conversion or MD pooling.
AUDIT-0113,V34_B1_112,Pan 2023,Functional recovery,Removing the catheter time,Postoperative,postoperative,Median/IQR,TEAS,Usual care,Group T — TEAS,Group C — control,minutes,52.0,53.0,,,,,,,NARRATIVE ONLY,Median and original dispersion preserved; no mean/SD conversion or MD pooling.,ROB2_RESULT_SPECIFIC_PENDING,Unstated,https://drive.google.com/file/d/19IZpaoI-iTQOr_XOTw-a17WTw_haz8q6/view?usp=drivesdk,p. 816; Table 9,,,,,,1,,,Median and original dispersion preserved; no mean/SD conversion or MD pooling.
AUDIT-0114,V34_B1_113,Pan 2023,Functional recovery,First postoperative implantation activity time,Postoperative,postoperative,Median/IQR,TEAS,Usual care,Group T — TEAS,Group C — control,minutes,52.0,53.0,,,,,,,HOLD,"Source definition, timepoint, denominator, scale, statistic, or post-randomization subset requires adjudication; see raw source/QC.",ROB2_RESULT_SPECIFIC_PENDING,Unstated,https://drive.google.com/file/d/19IZpaoI-iTQOr_XOTw-a17WTw_haz8q6/view?usp=drivesdk,p. 816; Table 9,,,,,,1,,,"Source definition, timepoint, denominator, scale, statistic, or post-randomization subset requires adjudication; see raw source/QC."
AUDIT-0115,V34_B1_114,Pan 2023,QoR-40 subscale,Physical comfort,24 h after operation,24 h point,Mean/SD,TEAS,Usual care,Group T — TEAS,Group C — control,QoR-40 points,52.0,53.0,54.6,2.8,52.3,3.6,,,INCLUDE,"Numerically extractable in its native endpoint/time/statistic; pooling still requires compatible stratum, comparator and independent-arm selection.",ROB2_RESULT_SPECIFIC_PENDING,Unstated,https://drive.google.com/file/d/19IZpaoI-iTQOr_XOTw-a17WTw_haz8q6/view?usp=drivesdk,p. 816; Table 10,,2.3,0.628727,MD,Native MD; no pooled interpretation without compatible model.,1,0.707149,0.201196,"Native numeric candidate, not newly pooled: exact outcome definition/time/scale or prespecified arm selection requires a model-specific decision. No automatic pooling of the gap-fill audit."
AUDIT-0116,V34_B1_115,Pan 2023,QoR-40 subscale,Emotional state,24 h after operation,24 h point,Mean/SD,TEAS,Usual care,Group T — TEAS,Group C — control,QoR-40 points,52.0,53.0,41.7,2.3,39.7,2.9,,,INCLUDE,"Numerically extractable in its native endpoint/time/statistic; pooling still requires compatible stratum, comparator and independent-arm selection.",ROB2_RESULT_SPECIFIC_PENDING,Unstated,https://drive.google.com/file/d/19IZpaoI-iTQOr_XOTw-a17WTw_haz8q6/view?usp=drivesdk,p. 816; Table 10,,2.0,0.510304,MD,Native MD; no pooled interpretation without compatible model.,1,0.757746,0.202071,"Native numeric candidate, not newly pooled: exact outcome definition/time/scale or prespecified arm selection requires a model-specific decision. No automatic pooling of the gap-fill audit."
AUDIT-0117,V34_B1_116,Pan 2023,QoR-40 subscale,Physical independence,24 h after operation,24 h point,Mean/SD,TEAS,Usual care,Group T — TEAS,Group C — control,QoR-40 points,52.0,53.0,20.9,3.3,20.4,3.1,,,INCLUDE,"Numerically extractable in its native endpoint/time/statistic; pooling still requires compatible stratum, comparator and independent-arm selection.",ROB2_RESULT_SPECIFIC_PENDING,Unstated,https://drive.google.com/file/d/19IZpaoI-iTQOr_XOTw-a17WTw_haz8q6/view?usp=drivesdk,p. 816; Table 10,,0.5,0.625095,MD,Native MD; no pooled interpretation without compatible model.,1,0.155081,0.195482,"Native numeric candidate, not newly pooled: exact outcome definition/time/scale or prespecified arm selection requires a model-specific decision. No automatic pooling of the gap-fill audit."
AUDIT-0118,V34_B1_117,Pan 2023,QoR-40 subscale,Psychological support,24 h after operation,24 h point,Mean/SD,TEAS,Usual care,Group T — TEAS,Group C — control,QoR-40 points,52.0,53.0,32.5,2.3,32.0,1.9,,,INCLUDE,"Numerically extractable in its native endpoint/time/statistic; pooling still requires compatible stratum, comparator and independent-arm selection.",ROB2_RESULT_SPECIFIC_PENDING,Unstated,https://drive.google.com/file/d/19IZpaoI-iTQOr_XOTw-a17WTw_haz8q6/view?usp=drivesdk,p. 816; Table 10,,0.5,0.412121,MD,Native MD; no pooled interpretation without compatible model.,1,0.235509,0.195864,"Native numeric candidate, not newly pooled: exact outcome definition/time/scale or prespecified arm selection requires a model-specific decision. No automatic pooling of the gap-fill audit."
AUDIT-0119,V34_B1_118,Pan 2023,QoR-40 subscale,Pain subscale,24 h after operation,24 h point,Mean/SD,TEAS,Usual care,Group T — TEAS,Group C — control,QoR-40 points,52.0,53.0,32.9,1.3,32.0,1.5,,,INCLUDE,"Numerically extractable in its native endpoint/time/statistic; pooling still requires compatible stratum, comparator and independent-arm selection.",ROB2_RESULT_SPECIFIC_PENDING,Unstated,https://drive.google.com/file/d/19IZpaoI-iTQOr_XOTw-a17WTw_haz8q6/view?usp=drivesdk,p. 816; Table 10,,0.9,0.273775,MD,Native MD; no pooled interpretation without compatible model.,1,0.636104,0.200064,"Native numeric candidate, not newly pooled: exact outcome definition/time/scale or prespecified arm selection requires a model-specific decision. No automatic pooling of the gap-fill audit."
AUDIT-0121,V34_B1_120,Lu 2022,Pain — rest,VAS at rest,24 h after surgery,24 h point,Median/range,TEAS,Sham,TEAS,Control,VAS 0-10,47.0,47.0,,,,,,,NARRATIVE ONLY,Median and original dispersion preserved; no mean/SD conversion or MD pooling.,ROB2_RESULT_SPECIFIC_PENDING,Available-case,https://drive.google.com/file/d/12Y86huNMuLC8cPH-L2vwlEd7r1X1Qela/view?usp=drivesdk,p. 2874; Table 3,,,,,,1,,,Median and original dispersion preserved; no mean/SD conversion or MD pooling.
AUDIT-0122,V34_B1_121,Lu 2022,Pain — cough,VAS at cough,24 h after surgery,24 h point,Median/range,TEAS,Sham,TEAS,Control,VAS 0-10,47.0,47.0,,,,,,,NARRATIVE ONLY,Median and original dispersion preserved; no mean/SD conversion or MD pooling.,ROB2_RESULT_SPECIFIC_PENDING,Available-case,https://drive.google.com/file/d/12Y86huNMuLC8cPH-L2vwlEd7r1X1Qela/view?usp=drivesdk,p. 2874; Table 3,,,,,,1,,,Median and original dispersion preserved; no mean/SD conversion or MD pooling.
AUDIT-0123,V34_B1_122,Lu 2022,Pain — rest,VAS at rest,48 h after surgery,48h after surgery,Median/range,TEAS,Sham,TEAS,Control,VAS 0-10,47.0,47.0,,,,,,,NARRATIVE ONLY,Median and original dispersion preserved; no mean/SD conversion or MD pooling.,ROB2_RESULT_SPECIFIC_PENDING,Available-case,https://drive.google.com/file/d/12Y86huNMuLC8cPH-L2vwlEd7r1X1Qela/view?usp=drivesdk,p. 2874; Table 3,,,,,,1,,,Median and original dispersion preserved; no mean/SD conversion or MD pooling.
AUDIT-0124,V34_B1_123,Lu 2022,Pain — cough,VAS at cough,48 h after surgery,48h after surgery,Median/range,TEAS,Sham,TEAS,Control,VAS 0-10,47.0,47.0,,,,,,,NARRATIVE ONLY,Median and original dispersion preserved; no mean/SD conversion or MD pooling.,ROB2_RESULT_SPECIFIC_PENDING,Available-case,https://drive.google.com/file/d/12Y86huNMuLC8cPH-L2vwlEd7r1X1Qela/view?usp=drivesdk,p. 2874; Table 3,,,,,,1,,,Median and original dispersion preserved; no mean/SD conversion or MD pooling.
AUDIT-0125,V34_B1_124,Lu 2022,Pain — rest,VAS at rest,72 h after surgery,72h after surgery,Median/range,TEAS,Sham,TEAS,Control,VAS 0-10,47.0,47.0,,,,,,,NARRATIVE ONLY,Median and original dispersion preserved; no mean/SD conversion or MD pooling.,ROB2_RESULT_SPECIFIC_PENDING,Available-case,https://drive.google.com/file/d/12Y86huNMuLC8cPH-L2vwlEd7r1X1Qela/view?usp=drivesdk,p. 2874; Table 3,,,,,,1,,,Median and original dispersion preserved; no mean/SD conversion or MD pooling.
AUDIT-0126,V34_B1_125,Lu 2022,Pain — cough,VAS at cough,72 h after surgery,72h after surgery,Median/range,TEAS,Sham,TEAS,Control,VAS 0-10,47.0,47.0,,,,,,,NARRATIVE ONLY,Median and original dispersion preserved; no mean/SD conversion or MD pooling.,ROB2_RESULT_SPECIFIC_PENDING,Available-case,https://drive.google.com/file/d/12Y86huNMuLC8cPH-L2vwlEd7r1X1Qela/view?usp=drivesdk,p. 2874; Table 3,,,,,,1,,,Median and original dispersion preserved; no mean/SD conversion or MD pooling.
AUDIT-0127,V34_B1_126,Lu 2022,PONV composite,PONV incidence,24 h after surgery,24 h point,Events/total,TEAS,Sham,TEAS,Control,participants,47.0,47.0,,,,,30.0,22.0,INCLUDE,"Numerically extractable in its native endpoint/time/statistic; pooling still requires compatible stratum, comparator and independent-arm selection.",ROB2_RESULT_SPECIFIC_PENDING,Available-case,https://drive.google.com/file/d/12Y86huNMuLC8cPH-L2vwlEd7r1X1Qela/view?usp=drivesdk,p. 2874; Table 3,,0.310155,0.190354,logRR,Uncorrected log risk ratio,1,,,"Native numeric candidate, not newly pooled: exact outcome definition/time/scale or prespecified arm selection requires a model-specific decision. No automatic pooling of the gap-fill audit."
AUDIT-0128,V34_B1_127,Lu 2022,PONV composite,PONV incidence,48 h after surgery,48h after surgery,Events/total,TEAS,Sham,TEAS,Control,participants,47.0,47.0,,,,,10.0,9.0,INCLUDE,"Numerically extractable in its native endpoint/time/statistic; pooling still requires compatible stratum, comparator and independent-arm selection.",ROB2_RESULT_SPECIFIC_PENDING,Available-case,https://drive.google.com/file/d/12Y86huNMuLC8cPH-L2vwlEd7r1X1Qela/view?usp=drivesdk,p. 2874; Table 3,,0.105361,0.410558,logRR,Uncorrected log risk ratio,1,,,"Native numeric candidate, not newly pooled: exact outcome definition/time/scale or prespecified arm selection requires a model-specific decision. No automatic pooling of the gap-fill audit."
AUDIT-0129,V34_B1_128,Lu 2022,PONV composite,PONV incidence,72 h after surgery,72h after surgery,Events/total,TEAS,Sham,TEAS,Control,participants,47.0,47.0,,,,,8.0,4.0,INCLUDE,"Numerically extractable in its native endpoint/time/statistic; pooling still requires compatible stratum, comparator and independent-arm selection.",ROB2_RESULT_SPECIFIC_PENDING,Available-case,https://drive.google.com/file/d/12Y86huNMuLC8cPH-L2vwlEd7r1X1Qela/view?usp=drivesdk,p. 2874; Table 3,,0.693147,0.576582,logRR,Uncorrected log risk ratio,1,,,"Native numeric candidate, not newly pooled: exact outcome definition/time/scale or prespecified arm selection requires a model-specific decision. No automatic pooling of the gap-fill audit."
AUDIT-0130,V34_B1_129,Lu 2022,QoR-15,QoR-15 score,24 h after surgery,24 h point,Median/range,TEAS,Sham,TEAS,Control,QoR-15 points,47.0,47.0,,,,,,,HOLD,"Source definition, timepoint, denominator, scale, statistic, or post-randomization subset requires adjudication; see raw source/QC.",ROB2_RESULT_SPECIFIC_PENDING,Available-case,https://drive.google.com/file/d/12Y86huNMuLC8cPH-L2vwlEd7r1X1Qela/view?usp=drivesdk,p. 2875; Table 3 (continued),,,,,,1,,,"Source definition, timepoint, denominator, scale, statistic, or post-randomization subset requires adjudication; see raw source/QC."
AUDIT-0131,V34_B1_130,Lu 2022,QoR-15,QoR-15 score,48 h after surgery,48h after surgery,Median/range,TEAS,Sham,TEAS,Control,QoR-15 points,47.0,47.0,,,,,,,NARRATIVE ONLY,Median and original dispersion preserved; no mean/SD conversion or MD pooling.,ROB2_RESULT_SPECIFIC_PENDING,Available-case,https://drive.google.com/file/d/12Y86huNMuLC8cPH-L2vwlEd7r1X1Qela/view?usp=drivesdk,p. 2875; Table 3 (continued),,,,,,1,,,Median and original dispersion preserved; no mean/SD conversion or MD pooling.
AUDIT-0132,V34_B1_131,Lu 2022,QoR-15,QoR-15 score,72 h after surgery,72h after surgery,Median/range,TEAS,Sham,TEAS,Control,QoR-15 points,47.0,47.0,,,,,,,NARRATIVE ONLY,Median and original dispersion preserved; no mean/SD conversion or MD pooling.,ROB2_RESULT_SPECIFIC_PENDING,Available-case,https://drive.google.com/file/d/12Y86huNMuLC8cPH-L2vwlEd7r1X1Qela/view?usp=drivesdk,p. 2875; Table 3 (continued),,,,,,1,,,Median and original dispersion preserved; no mean/SD conversion or MD pooling.
AUDIT-0133,V34_B1_132,Lu 2022,PCA/PCIA button presses,PCA attempts,48 h after surgery,48h after surgery,Median/range,TEAS,Sham,TEAS,Control,PCA attempts,47.0,47.0,,,,,,,NARRATIVE ONLY,Median and original dispersion preserved; no mean/SD conversion or MD pooling.,ROB2_RESULT_SPECIFIC_PENDING,Available-case,https://drive.google.com/file/d/12Y86huNMuLC8cPH-L2vwlEd7r1X1Qela/view?usp=drivesdk,p. 2874; Table 3,,,,,,1,,,Median and original dispersion preserved; no mean/SD conversion or MD pooling.
AUDIT-0134,V34_B1_133,Lu 2022,PCA deliveries / bolus count,Successful PCA deliveries,48 h after surgery,48h after surgery,Median/range,TEAS,Sham,TEAS,Control,PCA deliveries,47.0,47.0,,,,,,,NARRATIVE ONLY,Median and original dispersion preserved; no mean/SD conversion or MD pooling.,ROB2_RESULT_SPECIFIC_PENDING,Available-case,https://drive.google.com/file/d/12Y86huNMuLC8cPH-L2vwlEd7r1X1Qela/view?usp=drivesdk,p. 2874; Table 3,,,,,,1,,,Median and original dispersion preserved; no mean/SD conversion or MD pooling.
AUDIT-0135,V34_B1_134,Lu 2022,PCA/PCIA button presses,PCA attempts,72 h after surgery,72h after surgery,Median/range,TEAS,Sham,TEAS,Control,PCA attempts,47.0,47.0,,,,,,,NARRATIVE ONLY,Median and original dispersion preserved; no mean/SD conversion or MD pooling.,ROB2_RESULT_SPECIFIC_PENDING,Available-case,https://drive.google.com/file/d/12Y86huNMuLC8cPH-L2vwlEd7r1X1Qela/view?usp=drivesdk,p. 2874; Table 3,,,,,,1,,,Median and original dispersion preserved; no mean/SD conversion or MD pooling.
AUDIT-0136,V34_B1_135,Lu 2022,PCA deliveries / bolus count,Successful PCA deliveries,72 h after surgery,72h after surgery,Median/range,TEAS,Sham,TEAS,Control,PCA deliveries,47.0,47.0,,,,,,,NARRATIVE ONLY,Median and original dispersion preserved; no mean/SD conversion or MD pooling.,ROB2_RESULT_SPECIFIC_PENDING,Available-case,https://drive.google.com/file/d/12Y86huNMuLC8cPH-L2vwlEd7r1X1Qela/view?usp=drivesdk,p. 2874; Table 3,,,,,,1,,,Median and original dispersion preserved; no mean/SD conversion or MD pooling.
AUDIT-0137,V34_B1_136,Lu 2022,GI — oral intake,Time to first oral intake of water,Postoperative,postoperative,Mean/SD,TEAS,Sham,TEAS,Control,hours,47.0,47.0,33.5,22.3,28.9,17.5,,,INCLUDE,"Numerically extractable in its native endpoint/time/statistic; pooling still requires compatible stratum, comparator and independent-arm selection.",ROB2_RESULT_SPECIFIC_PENDING,Available-case,https://drive.google.com/file/d/12Y86huNMuLC8cPH-L2vwlEd7r1X1Qela/view?usp=drivesdk,p. 2874; Table 3,,4.6,4.134803,MD,Native MD; no pooled interpretation without compatible model.,1,0.227617,0.206951,"Native numeric candidate, not newly pooled: exact outcome definition/time/scale or prespecified arm selection requires a model-specific decision. No automatic pooling of the gap-fill audit."
AUDIT-0139,V34_B1_138,Li 2021,PONV composite,PONV occurrence,6 h post-OP,6h post-op,Events/total,TEAS,Sham,Group T — TEAS,Group S — sham,participants,140.0,140.0,,,,,51.0,100.0,INCLUDE,"Numerically extractable in its native endpoint/time/statistic; pooling still requires compatible stratum, comparator and independent-arm selection.",ROB2_RESULT_SPECIFIC_PENDING,Unstated,https://drive.google.com/file/d/1NvcLlsb17N6EMhtHs_L_WBnf40wsrtRz/view?usp=drivesdk,p. 215; Table 5,,-0.673345,0.123783,logRR,Uncorrected log risk ratio,1,,,"Native numeric candidate, not newly pooled: exact outcome definition/time/scale or prespecified arm selection requires a model-specific decision. No automatic pooling of the gap-fill audit."
AUDIT-0140,V34_B1_139,Li 2021,Pain — unspecified context,Participants with postoperative VAS score ≥4,12 h post-OP,12h post-op,Events/total,TEAS,Sham,Group T — TEAS,Group S — sham,participants,140.0,140.0,,,,,45.0,54.0,INCLUDE,"Numerically extractable in its native endpoint/time/statistic; pooling still requires compatible stratum, comparator and independent-arm selection.",ROB2_RESULT_SPECIFIC_PENDING,Unstated,https://drive.google.com/file/d/1NvcLlsb17N6EMhtHs_L_WBnf40wsrtRz/view?usp=drivesdk,p. 215; Table 5,,-0.182322,0.16265,logRR,Uncorrected log risk ratio,1,,,"Native numeric candidate, not newly pooled: exact outcome definition/time/scale or prespecified arm selection requires a model-specific decision. No automatic pooling of the gap-fill audit."
AUDIT-0141,V34_B1_140,Li 2021,PONV composite,PONV occurrence,12 h post-OP,12h post-op,Events/total,TEAS,Sham,Group T — TEAS,Group S — sham,participants,140.0,140.0,,,,,54.0,81.0,INCLUDE,"Numerically extractable in its native endpoint/time/statistic; pooling still requires compatible stratum, comparator and independent-arm selection.",ROB2_RESULT_SPECIFIC_PENDING,Unstated,https://drive.google.com/file/d/1NvcLlsb17N6EMhtHs_L_WBnf40wsrtRz/view?usp=drivesdk,p. 215; Table 5,,-0.405465,0.128757,logRR,Uncorrected log risk ratio,1,,,"Native numeric candidate, not newly pooled: exact outcome definition/time/scale or prespecified arm selection requires a model-specific decision. No automatic pooling of the gap-fill audit."
AUDIT-0142,V34_B1_141,Li 2021,Pain — unspecified context,Participants with postoperative VAS score ≥4,9 am on day 1,9 am on day 1,Events/total,TEAS,Sham,Group T — TEAS,Group S — sham,participants,140.0,140.0,,,,,14.0,6.0,INCLUDE,"Numerically extractable in its native endpoint/time/statistic; pooling still requires compatible stratum, comparator and independent-arm selection.",ROB2_RESULT_SPECIFIC_PENDING,Unstated,https://drive.google.com/file/d/1NvcLlsb17N6EMhtHs_L_WBnf40wsrtRz/view?usp=drivesdk,p. 215; Table 5,,0.847298,0.473085,logRR,Uncorrected log risk ratio,1,,,"Native numeric candidate, not newly pooled: exact outcome definition/time/scale or prespecified arm selection requires a model-specific decision. No automatic pooling of the gap-fill audit."
AUDIT-0143,V34_B1_142,Li 2021,PONV composite,PONV occurrence,9 am on day 1,9 am on day 1,Events/total,TEAS,Sham,Group T — TEAS,Group S — sham,participants,140.0,140.0,,,,,81.0,66.0,INCLUDE,"Numerically extractable in its native endpoint/time/statistic; pooling still requires compatible stratum, comparator and independent-arm selection.",ROB2_RESULT_SPECIFIC_PENDING,Unstated,https://drive.google.com/file/d/1NvcLlsb17N6EMhtHs_L_WBnf40wsrtRz/view?usp=drivesdk,p. 215; Table 5,,0.204794,0.114941,logRR,Uncorrected log risk ratio,1,,,"Native numeric candidate, not newly pooled: exact outcome definition/time/scale or prespecified arm selection requires a model-specific decision. No automatic pooling of the gap-fill audit."
AUDIT-0144,V34_B1_143,Li 2021,Pain — unspecified context,Participants with postoperative VAS score ≥4,3 pm on day 1,3 pm on day 1,Events/total,TEAS,Sham,Group T — TEAS,Group S — sham,participants,140.0,140.0,,,,,26.0,25.0,INCLUDE,"Numerically extractable in its native endpoint/time/statistic; pooling still requires compatible stratum, comparator and independent-arm selection.",ROB2_RESULT_SPECIFIC_PENDING,Unstated,https://drive.google.com/file/d/1NvcLlsb17N6EMhtHs_L_WBnf40wsrtRz/view?usp=drivesdk,p. 215; Table 5,,0.039221,0.253329,logRR,Uncorrected log risk ratio,1,,,"Native numeric candidate, not newly pooled: exact outcome definition/time/scale or prespecified arm selection requires a model-specific decision. No automatic pooling of the gap-fill audit."
AUDIT-0145,V34_B1_144,Li 2021,PONV composite,PONV occurrence,3 pm on day 1,3 pm on day 1,Events/total,TEAS,Sham,Group T — TEAS,Group S — sham,participants,140.0,140.0,,,,,36.0,66.0,INCLUDE,"Numerically extractable in its native endpoint/time/statistic; pooling still requires compatible stratum, comparator and independent-arm selection.",ROB2_RESULT_SPECIFIC_PENDING,Unstated,https://drive.google.com/file/d/1NvcLlsb17N6EMhtHs_L_WBnf40wsrtRz/view?usp=drivesdk,p. 215; Table 5,,-0.606136,0.169244,logRR,Uncorrected log risk ratio,1,,,"Native numeric candidate, not newly pooled: exact outcome definition/time/scale or prespecified arm selection requires a model-specific decision. No automatic pooling of the gap-fill audit."
AUDIT-0146,V34_B1_145,Li 2021,Pain — unspecified context,Participants with postoperative VAS score ≥4,9 am on day 2,9 am on day 2,Events/total,TEAS,Sham,Group T — TEAS,Group S — sham,participants,140.0,140.0,,,,,4.0,0.0,INCLUDE,"Numerically extractable in its native endpoint/time/statistic; pooling still requires compatible stratum, comparator and independent-arm selection.",ROB2_RESULT_SPECIFIC_PENDING,Unstated,https://drive.google.com/file/d/1NvcLlsb17N6EMhtHs_L_WBnf40wsrtRz/view?usp=drivesdk,p. 215; Table 5,,2.197225,1.485947,logRR,0.5 added to all four cells,1,,,"Native numeric candidate, not newly pooled: exact outcome definition/time/scale or prespecified arm selection requires a model-specific decision. No automatic pooling of the gap-fill audit."
AUDIT-0147,V34_B1_146,Li 2021,PONV composite,PONV occurrence,9 am on day 2,9 am on day 2,Events/total,TEAS,Sham,Group T — TEAS,Group S — sham,participants,140.0,140.0,,,,,50.0,56.0,INCLUDE,"Numerically extractable in its native endpoint/time/statistic; pooling still requires compatible stratum, comparator and independent-arm selection.",ROB2_RESULT_SPECIFIC_PENDING,Unstated,https://drive.google.com/file/d/1NvcLlsb17N6EMhtHs_L_WBnf40wsrtRz/view?usp=drivesdk,p. 215; Table 5,,-0.113329,0.15353,logRR,Uncorrected log risk ratio,1,,,"Native numeric candidate, not newly pooled: exact outcome definition/time/scale or prespecified arm selection requires a model-specific decision. No automatic pooling of the gap-fill audit."
AUDIT-0148,V34_B1_147,Li 2021,Pain — unspecified context,Participants with postoperative VAS score ≥4,3 pm on day 2,3 pm on day 2,Events/total,TEAS,Sham,Group T — TEAS,Group S — sham,participants,140.0,140.0,,,,,7.0,7.0,INCLUDE,"Numerically extractable in its native endpoint/time/statistic; pooling still requires compatible stratum, comparator and independent-arm selection.",ROB2_RESULT_SPECIFIC_PENDING,Unstated,https://drive.google.com/file/d/1NvcLlsb17N6EMhtHs_L_WBnf40wsrtRz/view?usp=drivesdk,p. 215; Table 5,,0.0,0.520988,logRR,Uncorrected log risk ratio,1,,,"Native numeric candidate, not newly pooled: exact outcome definition/time/scale or prespecified arm selection requires a model-specific decision. No automatic pooling of the gap-fill audit."
AUDIT-0149,V34_B1_148,Li 2021,PONV composite,PONV occurrence,3 pm on day 2,3 pm on day 2,Events/total,TEAS,Sham,Group T — TEAS,Group S — sham,participants,140.0,140.0,,,,,55.0,55.0,INCLUDE,"Numerically extractable in its native endpoint/time/statistic; pooling still requires compatible stratum, comparator and independent-arm selection.",ROB2_RESULT_SPECIFIC_PENDING,Unstated,https://drive.google.com/file/d/1NvcLlsb17N6EMhtHs_L_WBnf40wsrtRz/view?usp=drivesdk,p. 215; Table 5,,0.0,0.148586,logRR,Uncorrected log risk ratio,1,,,"Native numeric candidate, not newly pooled: exact outcome definition/time/scale or prespecified arm selection requires a model-specific decision. No automatic pooling of the gap-fill audit."
AUDIT-0150,V34_B1_149,Li 2021,LOS,Length of postoperative hospital stay,From date of surgery to discharge,from date of surgery to discharge,Mean/SD,TEAS,Sham,Group T — TEAS,Group S — sham,days,140.0,140.0,6.2,3.3,8.1,3.6,,,INCLUDE,"Numerically extractable in its native endpoint/time/statistic; pooling still requires compatible stratum, comparator and independent-arm selection.",ROB2_RESULT_SPECIFIC_PENDING,Unstated,https://drive.google.com/file/d/1NvcLlsb17N6EMhtHs_L_WBnf40wsrtRz/view?usp=drivesdk,p. 215; Table 6,,-1.9,0.412743,MD,Native MD; no pooled interpretation without compatible model.,1,-0.548719,0.121751,"Native numeric candidate, not newly pooled: exact outcome definition/time/scale or prespecified arm selection requires a model-specific decision. No automatic pooling of the gap-fill audit."
AUDIT-0151,V34_B2_001,Gu 2019,Pain — unspecified context,VAS pain intensity,4 h,4h,Mean/SD,TEAS,Sham,Long-duration TEAS (L-TEAS),Placebo/no-current TEAS (C-TEAS),VAS 0-10,58.0,59.0,2.79,0.48,3.41,0.62,,,INCLUDE,"Numerically extractable in its native endpoint/time/statistic; pooling still requires compatible stratum, comparator and independent-arm selection.",ROB2_RESULT_SPECIFIC_PENDING,Available-case/completer analysis,https://drive.google.com/file/d/1NCXaZLL5HOq_1vsb7FT_TPpikBkG_BLo/view?usp=drivesdk,p. 15 (results text); Fig. 3 on p. 14; Results §3.2 + Figure 3,,-0.62,0.102409,MD,Native MD; no pooled interpretation without compatible model.,1,-1.109735,0.198629,"Native numeric candidate, not newly pooled: exact outcome definition/time/scale or prespecified arm selection requires a model-specific decision. No automatic pooling of the gap-fill audit."
AUDIT-0152,V34_B2_002,Gu 2019,Pain — unspecified context,VAS pain intensity,8 h,8h,Mean/SD,TEAS,Sham,Long-duration TEAS (L-TEAS),Placebo/no-current TEAS (C-TEAS),VAS 0-10,58.0,59.0,2.65,0.42,3.17,0.49,,,INCLUDE,"Numerically extractable in its native endpoint/time/statistic; pooling still requires compatible stratum, comparator and independent-arm selection.",ROB2_RESULT_SPECIFIC_PENDING,Available-case/completer analysis,https://drive.google.com/file/d/1NCXaZLL5HOq_1vsb7FT_TPpikBkG_BLo/view?usp=drivesdk,p. 15 (results text); Fig. 3 on p. 14; Results §3.2 + Figure 3,,-0.52,0.084326,MD,Native MD; no pooled interpretation without compatible model.,1,-1.131291,0.199148,"Native numeric candidate, not newly pooled: exact outcome definition/time/scale or prespecified arm selection requires a model-specific decision. No automatic pooling of the gap-fill audit."
AUDIT-0153,V34_B2_003,Gu 2019,Pain — unspecified context,VAS pain intensity,16 h,16h,Graph only,TEAS,Sham,Long-duration TEAS (L-TEAS),Placebo/no-current TEAS (C-TEAS),VAS 0-10,58.0,59.0,,,,,,,GRAPH ONLY,No new graph digitization; historical digitized data require their original validation before pooling.,ROB2_RESULT_SPECIFIC_PENDING,Available-case/completer analysis,https://drive.google.com/file/d/1NCXaZLL5HOq_1vsb7FT_TPpikBkG_BLo/view?usp=drivesdk,p. 14; Figure 3,,,,,,1,,,No new graph digitization; historical digitized data require their original validation before pooling.
AUDIT-0154,V34_B2_004,Gu 2019,Pain — unspecified context,VAS pain intensity,36 h,36h,Graph only,TEAS,Sham,Long-duration TEAS (L-TEAS),Placebo/no-current TEAS (C-TEAS),VAS 0-10,58.0,59.0,,,,,,,GRAPH ONLY,No new graph digitization; historical digitized data require their original validation before pooling.,ROB2_RESULT_SPECIFIC_PENDING,Available-case/completer analysis,https://drive.google.com/file/d/1NCXaZLL5HOq_1vsb7FT_TPpikBkG_BLo/view?usp=drivesdk,p. 14; Figure 3,,,,,,1,,,No new graph digitization; historical digitized data require their original validation before pooling.
AUDIT-0155,V34_B2_005,Gu 2019,PCIA solution volume,Cumulative multimodal PCIA solution consumed,16 h,16h,Graph only,TEAS,Sham,Long-duration TEAS (L-TEAS),Placebo/no-current TEAS (C-TEAS),mL of multimodal PCIA solution,58.0,59.0,,,,,,,GRAPH ONLY,No new graph digitization; historical digitized data require their original validation before pooling.,ROB2_RESULT_SPECIFIC_PENDING,Available-case/completer analysis,https://drive.google.com/file/d/1NCXaZLL5HOq_1vsb7FT_TPpikBkG_BLo/view?usp=drivesdk,p. 14; Figure 4,,,,,,1,,,No new graph digitization; historical digitized data require their original validation before pooling.
AUDIT-0156,V34_B2_006,Gu 2019,PONV composite,Any postoperative nausea and/or vomiting (PONV),Postoperative follow-up; exact window not stated,AMBIGUOUS,Events/total,TEAS,Sham,Long-duration TEAS (L-TEAS),Placebo/no-current TEAS (C-TEAS),participants,58.0,59.0,,,,,7.0,19.0,HOLD,"Source definition, timepoint, denominator, scale, statistic, or post-randomization subset requires adjudication; see raw source/QC.",ROB2_RESULT_SPECIFIC_PENDING,Available-case/completer analysis,https://drive.google.com/file/d/1NCXaZLL5HOq_1vsb7FT_TPpikBkG_BLo/view?usp=drivesdk,p. 15; Figure 5,,,,,,1,,,"Source definition, timepoint, denominator, scale, statistic, or post-randomization subset requires adjudication; see raw source/QC."
AUDIT-0157,V34_B2_007,Gu 2019,Patient satisfaction,Very satisfied,36 h postoperatively,36h postoperatively,Events/total,TEAS,Sham,Long-duration TEAS (L-TEAS),Placebo/no-current TEAS (C-TEAS),participants,58.0,59.0,,,,,32.0,9.0,INCLUDE,"Numerically extractable in its native endpoint/time/statistic; pooling still requires compatible stratum, comparator and independent-arm selection.",ROB2_RESULT_SPECIFIC_PENDING,Available-case/completer analysis,https://drive.google.com/file/d/1NCXaZLL5HOq_1vsb7FT_TPpikBkG_BLo/view?usp=drivesdk,p. 15; Table 4,,1.285606,0.328893,logRR,Uncorrected log risk ratio,1,,,"Native numeric candidate, not newly pooled: exact outcome definition/time/scale or prespecified arm selection requires a model-specific decision. No automatic pooling of the gap-fill audit."
AUDIT-0158,V34_B2_008,Gu 2019,Patient satisfaction,Satisfied,36 h postoperatively,36h postoperatively,Events/total,TEAS,Sham,Long-duration TEAS (L-TEAS),Placebo/no-current TEAS (C-TEAS),participants,58.0,59.0,,,,,19.0,32.0,INCLUDE,"Numerically extractable in its native endpoint/time/statistic; pooling still requires compatible stratum, comparator and independent-arm selection.",ROB2_RESULT_SPECIFIC_PENDING,Available-case/completer analysis,https://drive.google.com/file/d/1NCXaZLL5HOq_1vsb7FT_TPpikBkG_BLo/view?usp=drivesdk,p. 15; Table 4,,-0.504202,0.222915,logRR,Uncorrected log risk ratio,1,,,"Native numeric candidate, not newly pooled: exact outcome definition/time/scale or prespecified arm selection requires a model-specific decision. No automatic pooling of the gap-fill audit."
AUDIT-0159,V34_B2_009,Gu 2019,Patient satisfaction,Moderately satisfied,36 h postoperatively,36h postoperatively,Events/total,TEAS,Sham,Long-duration TEAS (L-TEAS),Placebo/no-current TEAS (C-TEAS),participants,58.0,59.0,,,,,7.0,16.0,INCLUDE,"Numerically extractable in its native endpoint/time/statistic; pooling still requires compatible stratum, comparator and independent-arm selection.",ROB2_RESULT_SPECIFIC_PENDING,Available-case/completer analysis,https://drive.google.com/file/d/1NCXaZLL5HOq_1vsb7FT_TPpikBkG_BLo/view?usp=drivesdk,p. 15; Table 4,,-0.809584,0.413723,logRR,Uncorrected log risk ratio,1,,,"Native numeric candidate, not newly pooled: exact outcome definition/time/scale or prespecified arm selection requires a model-specific decision. No automatic pooling of the gap-fill audit."
AUDIT-0160,V34_B2_010,Gu 2019,Patient satisfaction,Not satisfied,36 h postoperatively,36h postoperatively,Events/total,TEAS,Sham,Long-duration TEAS (L-TEAS),Placebo/no-current TEAS (C-TEAS),participants,58.0,59.0,,,,,0.0,2.0,INCLUDE,"Numerically extractable in its native endpoint/time/statistic; pooling still requires compatible stratum, comparator and independent-arm selection.",ROB2_RESULT_SPECIFIC_PENDING,Available-case/completer analysis,https://drive.google.com/file/d/1NCXaZLL5HOq_1vsb7FT_TPpikBkG_BLo/view?usp=drivesdk,p. 15; Table 4,,-1.592631,1.538306,logRR,0.5 added to all four cells,1,,,"Native numeric candidate, not newly pooled: exact outcome definition/time/scale or prespecified arm selection requires a model-specific decision. No automatic pooling of the gap-fill audit."
AUDIT-0161,V34_B2_011,Huang 2025,Pain — unspecified context,VAS pain score,24 h,24 h point,Median/range,EA,Usual care,Postoperative EA + ERAS,ERAS/standard care,VAS 0-10,43.0,45.0,,,,,,,NARRATIVE ONLY,Median and original dispersion preserved; no mean/SD conversion or MD pooling.,ROB2_RESULT_SPECIFIC_PENDING,Available-case/completer analysis,https://drive.google.com/file/d/1Pds-8nLj18yvRm3C7eQHq5fZ8rRhecQ0/view?usp=drivesdk,p. 2749; Table 4,,,,,,1,,,Median and original dispersion preserved; no mean/SD conversion or MD pooling.
AUDIT-0162,V34_B2_012,Huang 2025,Pain — unspecified context,VAS pain score,48 h,48h,Median/range,EA,Usual care,Postoperative EA + ERAS,ERAS/standard care,VAS 0-10,43.0,45.0,,,,,,,NARRATIVE ONLY,Median and original dispersion preserved; no mean/SD conversion or MD pooling.,ROB2_RESULT_SPECIFIC_PENDING,Available-case/completer analysis,https://drive.google.com/file/d/1Pds-8nLj18yvRm3C7eQHq5fZ8rRhecQ0/view?usp=drivesdk,p. 2749; Table 4,,,,,,1,,,Median and original dispersion preserved; no mean/SD conversion or MD pooling.
AUDIT-0163,V34_B2_013,Huang 2025,Pain — unspecified context,VAS pain score,72 h,72h,Median/range,EA,Usual care,Postoperative EA + ERAS,ERAS/standard care,VAS 0-10,43.0,45.0,,,,,,,NARRATIVE ONLY,Median and original dispersion preserved; no mean/SD conversion or MD pooling.,ROB2_RESULT_SPECIFIC_PENDING,Available-case/completer analysis,https://drive.google.com/file/d/1Pds-8nLj18yvRm3C7eQHq5fZ8rRhecQ0/view?usp=drivesdk,p. 2749; Table 4,,,,,,1,,,Median and original dispersion preserved; no mean/SD conversion or MD pooling.
AUDIT-0164,V34_B2_014,Huang 2025,GI recovery,I-FEED score,24 h,24 h point,Median/range,EA,Usual care,Postoperative EA + ERAS,ERAS/standard care,I-FEED score,43.0,45.0,,,,,,,NARRATIVE ONLY,Median and original dispersion preserved; no mean/SD conversion or MD pooling.,ROB2_RESULT_SPECIFIC_PENDING,Available-case/completer analysis,https://drive.google.com/file/d/1Pds-8nLj18yvRm3C7eQHq5fZ8rRhecQ0/view?usp=drivesdk,p. 2749; Table 4,,,,,,1,,,Median and original dispersion preserved; no mean/SD conversion or MD pooling.
AUDIT-0165,V34_B2_015,Huang 2025,GI recovery,I-FEED score,48 h,48h,Median/range,EA,Usual care,Postoperative EA + ERAS,ERAS/standard care,I-FEED score,43.0,45.0,,,,,,,NARRATIVE ONLY,Median and original dispersion preserved; no mean/SD conversion or MD pooling.,ROB2_RESULT_SPECIFIC_PENDING,Available-case/completer analysis,https://drive.google.com/file/d/1Pds-8nLj18yvRm3C7eQHq5fZ8rRhecQ0/view?usp=drivesdk,p. 2749; Table 4,,,,,,1,,,Median and original dispersion preserved; no mean/SD conversion or MD pooling.
AUDIT-0166,V34_B2_016,Huang 2025,GI recovery,I-FEED score,72 h,72h,Median/range,EA,Usual care,Postoperative EA + ERAS,ERAS/standard care,I-FEED score,43.0,45.0,,,,,,,NARRATIVE ONLY,Median and original dispersion preserved; no mean/SD conversion or MD pooling.,ROB2_RESULT_SPECIFIC_PENDING,Available-case/completer analysis,https://drive.google.com/file/d/1Pds-8nLj18yvRm3C7eQHq5fZ8rRhecQ0/view?usp=drivesdk,p. 2749; Table 4,,,,,,1,,,Median and original dispersion preserved; no mean/SD conversion or MD pooling.
AUDIT-0167,V34_B2_017,Huang 2025,QoR-40,QoR-40 total score,Day of discharge,day of discharge,Median/range,EA,Usual care,Postoperative EA + ERAS,ERAS/standard care,QoR-40 points,43.0,45.0,,,,,,,NARRATIVE ONLY,Median and original dispersion preserved; no mean/SD conversion or MD pooling.,ROB2_RESULT_SPECIFIC_PENDING,Available-case/completer analysis,https://drive.google.com/file/d/1Pds-8nLj18yvRm3C7eQHq5fZ8rRhecQ0/view?usp=drivesdk,p. 2749; Table 4,,,,,,1,,,Median and original dispersion preserved; no mean/SD conversion or MD pooling.
AUDIT-0168,V34_B2_018,Huang 2025,LOS,Hospital length of stay,Postoperative hospitalization,postoperative hospitalization,Mean/SD,EA,Usual care,Postoperative EA + ERAS,ERAS/standard care,days,43.0,45.0,6.1,1.7,6.2,1.3,,,INCLUDE,"Numerically extractable in its native endpoint/time/statistic; pooling still requires compatible stratum, comparator and independent-arm selection.",ROB2_RESULT_SPECIFIC_PENDING,Available-case/completer analysis,https://drive.google.com/file/d/1Pds-8nLj18yvRm3C7eQHq5fZ8rRhecQ0/view?usp=drivesdk,p. 2749; Table 4,,-0.1,0.323674,MD,Native MD; no pooled interpretation without compatible model.,1,-0.065704,0.213313,"Native numeric candidate, not newly pooled: exact outcome definition/time/scale or prespecified arm selection requires a model-specific decision. No automatic pooling of the gap-fill audit."
AUDIT-0169,V34_B2_019,Huang 2025,Vomiting,Vomiting,Postoperative,postoperative,Events/total,EA,Usual care,Postoperative EA + ERAS,ERAS/standard care,participants,43.0,45.0,,,,,3.0,9.0,INCLUDE,"Numerically extractable in its native endpoint/time/statistic; pooling still requires compatible stratum, comparator and independent-arm selection.",ROB2_RESULT_SPECIFIC_PENDING,Available-case/completer analysis,https://drive.google.com/file/d/1Pds-8nLj18yvRm3C7eQHq5fZ8rRhecQ0/view?usp=drivesdk,p. 2749; Table 4,,-1.05315,0.631638,logRR,Uncorrected log risk ratio,1,,,"Native numeric candidate, not newly pooled: exact outcome definition/time/scale or prespecified arm selection requires a model-specific decision. No automatic pooling of the gap-fill audit."
AUDIT-0170,V34_B2_020,Huang 2025,Rescue analgesia,Use of additional analgesic,Postoperative,postoperative,Events/total,EA,Usual care,Postoperative EA + ERAS,ERAS/standard care,participants,43.0,45.0,,,,,1.0,4.0,INCLUDE,"Numerically extractable in its native endpoint/time/statistic; pooling still requires compatible stratum, comparator and independent-arm selection.",ROB2_RESULT_SPECIFIC_PENDING,Available-case/completer analysis,https://drive.google.com/file/d/1Pds-8nLj18yvRm3C7eQHq5fZ8rRhecQ0/view?usp=drivesdk,p. 2749; Table 4,,-1.340832,1.097507,logRR,Uncorrected log risk ratio,1,,,"Native numeric candidate, not newly pooled: exact outcome definition/time/scale or prespecified arm selection requires a model-specific decision. No automatic pooling of the gap-fill audit."
AUDIT-0171,V34_B2_021,Huang 2025,GI — ileus/obstruction (separate definitions),Bowel obstruction,Postoperative,postoperative,Events/total,EA,Usual care,Postoperative EA + ERAS,ERAS/standard care,participants,43.0,45.0,,,,,1.0,0.0,INCLUDE,"Numerically extractable in its native endpoint/time/statistic; pooling still requires compatible stratum, comparator and independent-arm selection.",ROB2_RESULT_SPECIFIC_PENDING,Available-case/completer analysis,https://drive.google.com/file/d/1Pds-8nLj18yvRm3C7eQHq5fZ8rRhecQ0/view?usp=drivesdk,p. 2749; Table 4,,1.143064,1.619321,logRR,0.5 added to all four cells,1,,,"Native numeric candidate, not newly pooled: exact outcome definition/time/scale or prespecified arm selection requires a model-specific decision. No automatic pooling of the gap-fill audit."
AUDIT-0172,V34_B2_022,Huang 2025,Adverse events,Serious adverse events or fatalities,Study follow-up,study follow-up,Events/total,EA,Usual care,Postoperative EA + ERAS,ERAS/standard care,participants,43.0,45.0,,,,,0.0,0.0,INCLUDE,"Numerically extractable in its native endpoint/time/statistic; pooling still requires compatible stratum, comparator and independent-arm selection.",ROB2_RESULT_SPECIFIC_PENDING,Available-case/completer analysis,https://drive.google.com/file/d/1Pds-8nLj18yvRm3C7eQHq5fZ8rRhecQ0/view?usp=drivesdk,p. 2748; Results text,,,,logRR,Double-zero: retained as safety evidence; no logRR estimated.,1,,,"Native numeric candidate, not newly pooled: exact outcome definition/time/scale or prespecified arm selection requires a model-specific decision. No automatic pooling of the gap-fill audit."
AUDIT-0173,V34_B2_023,Gao 2021,GI — bowel sounds,Time to first bowel sounds,Postoperative,postoperative,Mean/SD,TEAS,Sham,Postoperative TEAS,Sham/no-current TEAS,hours,303.0,307.0,41.4,22.6,46.0,24.1,,,INCLUDE,"Numerically extractable in its native endpoint/time/statistic; pooling still requires compatible stratum, comparator and independent-arm selection.",ROB2_RESULT_SPECIFIC_PENDING,Intention-to-treat; all randomized patients,https://drive.google.com/file/d/1aTzgCVSlV5gorGxB7ENHTVh6pCgVW-3a/view?usp=drivesdk,p. 1623; Table III,,-4.6,1.891445,MD,Native MD; no pooled interpretation without compatible model.,1,-0.196616,0.081175,"Native numeric candidate, not newly pooled: exact outcome definition/time/scale or prespecified arm selection requires a model-specific decision. No automatic pooling of the gap-fill audit."
AUDIT-0174,V34_B2_024,Gao 2021,Pain — unspecified context,Abdominal pain score,Postoperative 72 h,postoperative 72h,Mean/SD,TEAS,Sham,Postoperative TEAS,Sham/no-current TEAS,Score; scale not defined in main article,303.0,307.0,1.4,1.4,1.3,1.5,,,HOLD,"Source definition, timepoint, denominator, scale, statistic, or post-randomization subset requires adjudication; see raw source/QC.",ROB2_RESULT_SPECIFIC_PENDING,Intention-to-treat; all randomized patients,https://drive.google.com/file/d/1aTzgCVSlV5gorGxB7ENHTVh6pCgVW-3a/view?usp=drivesdk,p. 1623; Table III,,,,,,1,,,"Source definition, timepoint, denominator, scale, statistic, or post-randomization subset requires adjudication; see raw source/QC."
AUDIT-0175,V34_B2_025,Gao 2021,GI — abdominal distention,Distention score,Postoperative 72 h,postoperative 72h,Mean/SD,TEAS,Sham,Postoperative TEAS,Sham/no-current TEAS,Score; scale not defined in main article,303.0,307.0,1.6,0.9,1.6,0.9,,,HOLD,"Source definition, timepoint, denominator, scale, statistic, or post-randomization subset requires adjudication; see raw source/QC.",ROB2_RESULT_SPECIFIC_PENDING,Intention-to-treat; all randomized patients,https://drive.google.com/file/d/1aTzgCVSlV5gorGxB7ENHTVh6pCgVW-3a/view?usp=drivesdk,p. 1623; Table III,,,,,,1,,,"Source definition, timepoint, denominator, scale, statistic, or post-randomization subset requires adjudication; see raw source/QC."
AUDIT-0176,V34_B2_026,Gao 2021,Nausea severity,Nausea score,Postoperative 72 h,postoperative 72h,Mean/SD,TEAS,Sham,Postoperative TEAS,Sham/no-current TEAS,Score; scale not defined in main article,303.0,307.0,1.0,1.6,1.1,1.7,,,HOLD,"Source definition, timepoint, denominator, scale, statistic, or post-randomization subset requires adjudication; see raw source/QC.",ROB2_RESULT_SPECIFIC_PENDING,Intention-to-treat; all randomized patients,https://drive.google.com/file/d/1aTzgCVSlV5gorGxB7ENHTVh6pCgVW-3a/view?usp=drivesdk,p. 1623; Table III,,,,,,1,,,"Source definition, timepoint, denominator, scale, statistic, or post-randomization subset requires adjudication; see raw source/QC."
AUDIT-0177,V34_B2_027,Gao 2021,Vomiting,Number of vomiting episodes,Postoperative 72 h,postoperative 72h,Mean/SD,TEAS,Sham,Postoperative TEAS,Sham/no-current TEAS,episodes,303.0,307.0,0.0,0.5,0.0,0.1,,,INCLUDE,"Numerically extractable in its native endpoint/time/statistic; pooling still requires compatible stratum, comparator and independent-arm selection.",ROB2_RESULT_SPECIFIC_PENDING,Intention-to-treat; all randomized patients,https://drive.google.com/file/d/1aTzgCVSlV5gorGxB7ENHTVh6pCgVW-3a/view?usp=drivesdk,p. 1623; Table III,,0.0,0.029286,MD,Native MD; no pooled interpretation without compatible model.,1,0.0,0.080979,"Native numeric candidate, not newly pooled: exact outcome definition/time/scale or prespecified arm selection requires a model-specific decision. No automatic pooling of the gap-fill audit."
AUDIT-0178,V34_B2_028,Jiang 2026,GI — first defecation,Time to first defecation,Postoperative,postoperative,Median/IQR,TEAS,Sham,Perioperative TEAS,Sham/no-current TEAS,hours,294.0,293.0,,,,,,,NARRATIVE ONLY,Median and original dispersion preserved; no mean/SD conversion or MD pooling.,ROB2_RESULT_SPECIFIC_PENDING,Per-protocol for secondary outcomes,https://drive.google.com/file/d/1nujlP9A_IMWUfd3HdCD2rOxTc9-I8v92/view?usp=drivesdk,PDF p. 5; Table 4,,,,,,1,,,Median and original dispersion preserved; no mean/SD conversion or MD pooling.
AUDIT-0179,V34_B2_029,Jiang 2026,Pain — unspecified context,NRS pain score,"AMBIGUOUS — single summary; Methods planned 6 h, 24 h and 48 h",AMBIGUOUS,Median/IQR,TEAS,Sham,Perioperative TEAS,Sham/no-current TEAS,NRS 0-10,294.0,293.0,,,,,,,HOLD,"Source definition, timepoint, denominator, scale, statistic, or post-randomization subset requires adjudication; see raw source/QC.",ROB2_RESULT_SPECIFIC_PENDING,Per-protocol for secondary outcomes,https://drive.google.com/file/d/1nujlP9A_IMWUfd3HdCD2rOxTc9-I8v92/view?usp=drivesdk,PDF p. 3; Results §3.3,,,,,,1,,,"Source definition, timepoint, denominator, scale, statistic, or post-randomization subset requires adjudication; see raw source/QC."
AUDIT-0180,V34_B2_030,Jiang 2026,GI — abdominal distention,Abdominal distention incidence,Postoperative,postoperative,Events/total,TEAS,Sham,Perioperative TEAS,Sham/no-current TEAS,participants,294.0,293.0,,,,,62.0,87.0,INCLUDE,"Numerically extractable in its native endpoint/time/statistic; pooling still requires compatible stratum, comparator and independent-arm selection.",ROB2_RESULT_SPECIFIC_PENDING,Per-protocol for secondary outcomes,https://drive.google.com/file/d/1nujlP9A_IMWUfd3HdCD2rOxTc9-I8v92/view?usp=drivesdk,PDF p. 5; Table 4,,-0.342181,0.144253,logRR,Uncorrected log risk ratio,1,,,"Native numeric candidate, not newly pooled: exact outcome definition/time/scale or prespecified arm selection requires a model-specific decision. No automatic pooling of the gap-fill audit."
AUDIT-0181,V34_B2_031,Jiang 2026,Healthcare utilization,Hospital cost,Hospitalization,hospitalization,Median/IQR,TEAS,Sham,Perioperative TEAS,Sham/no-current TEAS,Chinese yuan,294.0,293.0,,,,,,,NARRATIVE ONLY,Median and original dispersion preserved; no mean/SD conversion or MD pooling.,ROB2_RESULT_SPECIFIC_PENDING,Per-protocol for secondary outcomes,https://drive.google.com/file/d/1nujlP9A_IMWUfd3HdCD2rOxTc9-I8v92/view?usp=drivesdk,PDF p. 5; Table 4,,,,,,1,,,Median and original dispersion preserved; no mean/SD conversion or MD pooling.
AUDIT-0182,V34_B2_032,Jiang 2026,LOS,Postoperative hospital stay,Postoperative hospitalization,postoperative hospitalization,Median/IQR,TEAS,Sham,Perioperative TEAS,Sham/no-current TEAS,days,294.0,293.0,,,,,,,NARRATIVE ONLY,Median and original dispersion preserved; no mean/SD conversion or MD pooling.,ROB2_RESULT_SPECIFIC_PENDING,Per-protocol for secondary outcomes,https://drive.google.com/file/d/1nujlP9A_IMWUfd3HdCD2rOxTc9-I8v92/view?usp=drivesdk,PDF p. 5; Table 4,,,,,,1,,,Median and original dispersion preserved; no mean/SD conversion or MD pooling.
AUDIT-0183,V34_B2_033,Jiang 2026,Adverse events,Any postoperative complication/adverse event,Study follow-up,study follow-up,Events/total,TEAS,Sham,Perioperative TEAS,Sham/no-current TEAS,participants,294.0,293.0,,,,,8.0,7.0,INCLUDE,"Numerically extractable in its native endpoint/time/statistic; pooling still requires compatible stratum, comparator and independent-arm selection.",ROB2_RESULT_SPECIFIC_PENDING,Per-protocol for secondary outcomes,https://drive.google.com/file/d/1nujlP9A_IMWUfd3HdCD2rOxTc9-I8v92/view?usp=drivesdk,PDF p. 5; Table 5,,0.130124,0.510923,logRR,Uncorrected log risk ratio,1,,,"Native numeric candidate, not newly pooled: exact outcome definition/time/scale or prespecified arm selection requires a model-specific decision. No automatic pooling of the gap-fill audit."
AUDIT-0184,V34_B2_034,Jiang 2026,Adverse events,Severe adverse events,Study follow-up,study follow-up,Events/total,TEAS,Sham,Perioperative TEAS,Sham/no-current TEAS,participants,294.0,293.0,,,,,0.0,0.0,INCLUDE,"Numerically extractable in its native endpoint/time/statistic; pooling still requires compatible stratum, comparator and independent-arm selection.",ROB2_RESULT_SPECIFIC_PENDING,Per-protocol for secondary outcomes,https://drive.google.com/file/d/1nujlP9A_IMWUfd3HdCD2rOxTc9-I8v92/view?usp=drivesdk,PDF p. 5; Table 5,,,,logRR,Double-zero: retained as safety evidence; no logRR estimated.,1,,,"Native numeric candidate, not newly pooled: exact outcome definition/time/scale or prespecified arm selection requires a model-specific decision. No automatic pooling of the gap-fill audit."
AUDIT-0185,V34_B2_035,Jiang 2026,Adverse events,Subcutaneous hematoma,Study follow-up,study follow-up,Events/total,TEAS,Sham,Perioperative TEAS,Sham/no-current TEAS,participants,294.0,293.0,,,,,0.0,0.0,INCLUDE,"Numerically extractable in its native endpoint/time/statistic; pooling still requires compatible stratum, comparator and independent-arm selection.",ROB2_RESULT_SPECIFIC_PENDING,Per-protocol for secondary outcomes,https://drive.google.com/file/d/1nujlP9A_IMWUfd3HdCD2rOxTc9-I8v92/view?usp=drivesdk,PDF p. 5; Table 5,,,,logRR,Double-zero: retained as safety evidence; no logRR estimated.,1,,,"Native numeric candidate, not newly pooled: exact outcome definition/time/scale or prespecified arm selection requires a model-specific decision. No automatic pooling of the gap-fill audit."
AUDIT-0186,V34_B2_036,Jiang 2026,Adverse events,Rubefaction,Study follow-up,study follow-up,Events/total,TEAS,Sham,Perioperative TEAS,Sham/no-current TEAS,participants,294.0,293.0,,,,,6.0,6.0,INCLUDE,"Numerically extractable in its native endpoint/time/statistic; pooling still requires compatible stratum, comparator and independent-arm selection.",ROB2_RESULT_SPECIFIC_PENDING,Per-protocol for secondary outcomes,https://drive.google.com/file/d/1nujlP9A_IMWUfd3HdCD2rOxTc9-I8v92/view?usp=drivesdk,PDF p. 5; Table 5,,-0.003407,0.571418,logRR,Uncorrected log risk ratio,1,,,"Native numeric candidate, not newly pooled: exact outcome definition/time/scale or prespecified arm selection requires a model-specific decision. No automatic pooling of the gap-fill audit."
AUDIT-0187,V34_B2_037,Jiang 2026,Adverse events,Hydroderma,Study follow-up,study follow-up,Events/total,TEAS,Sham,Perioperative TEAS,Sham/no-current TEAS,participants,294.0,293.0,,,,,2.0,1.0,INCLUDE,"Numerically extractable in its native endpoint/time/statistic; pooling still requires compatible stratum, comparator and independent-arm selection.",ROB2_RESULT_SPECIFIC_PENDING,Per-protocol for secondary outcomes,https://drive.google.com/file/d/1nujlP9A_IMWUfd3HdCD2rOxTc9-I8v92/view?usp=drivesdk,PDF p. 5; Table 5,,0.68974,1.22196,logRR,Uncorrected log risk ratio,1,,,"Native numeric candidate, not newly pooled: exact outcome definition/time/scale or prespecified arm selection requires a model-specific decision. No automatic pooling of the gap-fill audit."
AUDIT-0188,V34_B2_038,Wang 2023,Sleep quality,PSQI and AIS postoperative sleep quality,POD3,pod3,Graph only,TEAS,Sham,Nighttime TEAS,Sham/no-current TEAS,PSQI and AIS scores,40.0,43.0,,,,,,,GRAPH ONLY,No new graph digitization; historical digitized data require their original validation before pooling.,ROB2_RESULT_SPECIFIC_PENDING,Available-case/completer analysis after protocol breaches,https://drive.google.com/file/d/177A4aH42GD90DhsvvtD-VOBSChBBpIWL/view?usp=drivesdk,p. 714; Figure 3,,,,,,1,,,No new graph digitization; historical digitized data require their original validation before pooling.
AUDIT-0189,V34_B2_039,Wang 2023,Pain — rest,Rest pain VAS,24 h,24 h point,Graph only,TEAS,Sham,Nighttime TEAS,Sham/no-current TEAS,VAS 0-10,40.0,43.0,,,,,,,GRAPH ONLY,No new graph digitization; historical digitized data require their original validation before pooling.,ROB2_RESULT_SPECIFIC_PENDING,Available-case/completer analysis after protocol breaches,https://drive.google.com/file/d/177A4aH42GD90DhsvvtD-VOBSChBBpIWL/view?usp=drivesdk,p. 714; Figure 4a,,,,,,1,,,No new graph digitization; historical digitized data require their original validation before pooling.
AUDIT-0190,V34_B2_040,Wang 2023,Pain — rest,Rest pain VAS,48 h,48h,Graph only,TEAS,Sham,Nighttime TEAS,Sham/no-current TEAS,VAS 0-10,40.0,43.0,,,,,,,GRAPH ONLY,No new graph digitization; historical digitized data require their original validation before pooling.,ROB2_RESULT_SPECIFIC_PENDING,Available-case/completer analysis after protocol breaches,https://drive.google.com/file/d/177A4aH42GD90DhsvvtD-VOBSChBBpIWL/view?usp=drivesdk,p. 714; Figure 4a,,,,,,1,,,No new graph digitization; historical digitized data require their original validation before pooling.
AUDIT-0191,V34_B2_041,Wang 2023,Pain — rest,Rest pain VAS,72 h,72h,Graph only,TEAS,Sham,Nighttime TEAS,Sham/no-current TEAS,VAS 0-10,40.0,43.0,,,,,,,GRAPH ONLY,No new graph digitization; historical digitized data require their original validation before pooling.,ROB2_RESULT_SPECIFIC_PENDING,Available-case/completer analysis after protocol breaches,https://drive.google.com/file/d/177A4aH42GD90DhsvvtD-VOBSChBBpIWL/view?usp=drivesdk,p. 714; Figure 4a,,,,,,1,,,No new graph digitization; historical digitized data require their original validation before pooling.
AUDIT-0192,V34_B2_042,Wang 2023,Pain — movement/activity,Activity pain VAS,48 h,48h,Graph only,TEAS,Sham,Nighttime TEAS,Sham/no-current TEAS,VAS 0-10,40.0,43.0,,,,,,,GRAPH ONLY,No new graph digitization; historical digitized data require their original validation before pooling.,ROB2_RESULT_SPECIFIC_PENDING,Available-case/completer analysis after protocol breaches,https://drive.google.com/file/d/177A4aH42GD90DhsvvtD-VOBSChBBpIWL/view?usp=drivesdk,p. 714; Figure 4b,,,,,,1,,,No new graph digitization; historical digitized data require their original validation before pooling.
AUDIT-0193,V34_B2_043,Wang 2023,Pain — movement/activity,Activity pain VAS,72 h,72h,Graph only,TEAS,Sham,Nighttime TEAS,Sham/no-current TEAS,VAS 0-10,40.0,43.0,,,,,,,GRAPH ONLY,No new graph digitization; historical digitized data require their original validation before pooling.,ROB2_RESULT_SPECIFIC_PENDING,Available-case/completer analysis after protocol breaches,https://drive.google.com/file/d/177A4aH42GD90DhsvvtD-VOBSChBBpIWL/view?usp=drivesdk,p. 714; Figure 4b,,,,,,1,,,No new graph digitization; historical digitized data require their original validation before pooling.
AUDIT-0194,V34_B2_044,Wang 2023,LOS,Postoperative hospitalization,Postoperative hospitalization,postoperative hospitalization,Mean/SD,TEAS,Sham,Nighttime TEAS,Sham/no-current TEAS,days,40.0,43.0,8.6,3.86,8.65,3.47,,,INCLUDE,"Numerically extractable in its native endpoint/time/statistic; pooling still requires compatible stratum, comparator and independent-arm selection.",ROB2_RESULT_SPECIFIC_PENDING,Available-case/completer analysis after protocol breaches,https://drive.google.com/file/d/177A4aH42GD90DhsvvtD-VOBSChBBpIWL/view?usp=drivesdk,p. 713; Table 1,,-0.05,0.807781,MD,Native MD; no pooled interpretation without compatible model.,1,-0.013523,0.219675,"Native numeric candidate, not newly pooled: exact outcome definition/time/scale or prespecified arm selection requires a model-specific decision. No automatic pooling of the gap-fill audit."
AUDIT-0195,V34_B2_045,Wang 2023,GI — abdominal distention,Abdominal distension,Within 72 h after surgery,within 72h after surgery,Events/total,TEAS,Sham,Nighttime TEAS,Sham/no-current TEAS,participants,40.0,43.0,,,,,11.0,24.0,INCLUDE,"Numerically extractable in its native endpoint/time/statistic; pooling still requires compatible stratum, comparator and independent-arm selection.",ROB2_RESULT_SPECIFIC_PENDING,Available-case/completer analysis after protocol breaches,https://drive.google.com/file/d/177A4aH42GD90DhsvvtD-VOBSChBBpIWL/view?usp=drivesdk,p. 715; Table 2,,-0.707838,0.290379,logRR,Uncorrected log risk ratio,1,,,"Native numeric candidate, not newly pooled: exact outcome definition/time/scale or prespecified arm selection requires a model-specific decision. No automatic pooling of the gap-fill audit."
AUDIT-0196,V34_B2_046,Wang 2023,Adverse events,Dizziness,Within 72 h after surgery,within 72h after surgery,Events/total,TEAS,Sham,Nighttime TEAS,Sham/no-current TEAS,participants,40.0,43.0,,,,,10.0,16.0,INCLUDE,"Numerically extractable in its native endpoint/time/statistic; pooling still requires compatible stratum, comparator and independent-arm selection.",ROB2_RESULT_SPECIFIC_PENDING,Available-case/completer analysis after protocol breaches,https://drive.google.com/file/d/177A4aH42GD90DhsvvtD-VOBSChBBpIWL/view?usp=drivesdk,p. 715; Table 2,,-0.397683,0.338,logRR,Uncorrected log risk ratio,1,,,"Native numeric candidate, not newly pooled: exact outcome definition/time/scale or prespecified arm selection requires a model-specific decision. No automatic pooling of the gap-fill audit."
AUDIT-0197,V34_B2_047,Wang 2023,PONV composite,PONV incidence,Within 72 h after surgery,within 72h after surgery,Events/total,TEAS,Sham,Nighttime TEAS,Sham/no-current TEAS,participants,40.0,43.0,,,,,6.0,19.0,INCLUDE,"Numerically extractable in its native endpoint/time/statistic; pooling still requires compatible stratum, comparator and independent-arm selection.",ROB2_RESULT_SPECIFIC_PENDING,Available-case/completer analysis after protocol breaches,https://drive.google.com/file/d/177A4aH42GD90DhsvvtD-VOBSChBBpIWL/view?usp=drivesdk,p. 715; Table 2,,-1.080359,0.413573,logRR,Uncorrected log risk ratio,1,,,"Native numeric candidate, not newly pooled: exact outcome definition/time/scale or prespecified arm selection requires a model-specific decision. No automatic pooling of the gap-fill audit."
AUDIT-0198,V34_B2_048,Wang 2023,Adverse events,Postoperative pulmonary complications,Within 72 h after surgery,within 72h after surgery,Events/total,TEAS,Sham,Nighttime TEAS,Sham/no-current TEAS,participants,40.0,43.0,,,,,7.0,13.0,INCLUDE,"Numerically extractable in its native endpoint/time/statistic; pooling still requires compatible stratum, comparator and independent-arm selection.",ROB2_RESULT_SPECIFIC_PENDING,Available-case/completer analysis after protocol breaches,https://drive.google.com/file/d/177A4aH42GD90DhsvvtD-VOBSChBBpIWL/view?usp=drivesdk,p. 715; Table 2,,-0.546719,0.414155,logRR,Uncorrected log risk ratio,1,,,"Native numeric candidate, not newly pooled: exact outcome definition/time/scale or prespecified arm selection requires a model-specific decision. No automatic pooling of the gap-fill audit."
AUDIT-0199,V34_B3_001,Tu 2024,Vomiting,Vomiting incidence,0–2 h after craniotomy,0-2h after craniotomy,Events/total,TEAS,Sham,Postoperative TEAS at bilateral P6,Sham TEAS / no current at bilateral P6,participants,57.0,58.0,,,,,4.0,10.0,INCLUDE,"Numerically extractable in its native endpoint/time/statistic; pooling still requires compatible stratum, comparator and independent-arm selection.",ROB2_RESULT_SPECIFIC_PENDING,Available-case/completer analysis (115 analyzed),https://drive.google.com/file/d/1xQ9SbXVZblphUrb0-T9xpnAXk-_z5nBX/view?usp=drivesdk,PDF p. 4; Table 3,,-0.898899,0.56144,logRR,Uncorrected log risk ratio,1,,,"Native numeric candidate, not newly pooled: exact outcome definition/time/scale or prespecified arm selection requires a model-specific decision. No automatic pooling of the gap-fill audit."
AUDIT-0200,V34_B3_002,Tu 2024,Nausea severity,Nausea severity score,0–2 h after craniotomy,0-2h after craniotomy,Median/IQR,TEAS,Sham,Postoperative TEAS at bilateral P6,Sham TEAS / no current at bilateral P6,"WHO PONV 4-class nausea rating, 0–3",57.0,58.0,,,,,,,NARRATIVE ONLY,Median and original dispersion preserved; no mean/SD conversion or MD pooling.,ROB2_RESULT_SPECIFIC_PENDING,Available-case/completer analysis (115 analyzed),https://drive.google.com/file/d/1xQ9SbXVZblphUrb0-T9xpnAXk-_z5nBX/view?usp=drivesdk,PDF p. 4; Table 3,,,,,,1,,,Median and original dispersion preserved; no mean/SD conversion or MD pooling.
AUDIT-0201,V34_B3_003,Tu 2024,Nausea severity,Nausea severity score,2–6 h after craniotomy,2-6h after craniotomy,Median/IQR,TEAS,Sham,Postoperative TEAS at bilateral P6,Sham TEAS / no current at bilateral P6,"WHO PONV 4-class nausea rating, 0–3",57.0,58.0,,,,,,,NARRATIVE ONLY,Median and original dispersion preserved; no mean/SD conversion or MD pooling.,ROB2_RESULT_SPECIFIC_PENDING,Available-case/completer analysis (115 analyzed),https://drive.google.com/file/d/1xQ9SbXVZblphUrb0-T9xpnAXk-_z5nBX/view?usp=drivesdk,PDF p. 4; Table 3,,,,,,1,,,Median and original dispersion preserved; no mean/SD conversion or MD pooling.
AUDIT-0202,V34_B3_004,Tu 2024,Nausea severity,Nausea severity score,6–24 h after craniotomy,6-24h after craniotomy,Median/IQR,TEAS,Sham,Postoperative TEAS at bilateral P6,Sham TEAS / no current at bilateral P6,"WHO PONV 4-class nausea rating, 0–3",57.0,58.0,,,,,,,NARRATIVE ONLY,Median and original dispersion preserved; no mean/SD conversion or MD pooling.,ROB2_RESULT_SPECIFIC_PENDING,Available-case/completer analysis (115 analyzed),https://drive.google.com/file/d/1xQ9SbXVZblphUrb0-T9xpnAXk-_z5nBX/view?usp=drivesdk,PDF p. 4; Table 3,,,,,,1,,,Median and original dispersion preserved; no mean/SD conversion or MD pooling.
AUDIT-0203,V34_B3_005,Tu 2024,Rescue antiemetic,Use of metoclopramide 10 mg IM,0–2 h after craniotomy,0-2h after craniotomy,Events/total,TEAS,Sham,Postoperative TEAS at bilateral P6,Sham TEAS / no current at bilateral P6,participants,57.0,58.0,,,,,0.0,0.0,INCLUDE,"Numerically extractable in its native endpoint/time/statistic; pooling still requires compatible stratum, comparator and independent-arm selection.",ROB2_RESULT_SPECIFIC_PENDING,Available-case/completer analysis (115 analyzed),https://drive.google.com/file/d/1xQ9SbXVZblphUrb0-T9xpnAXk-_z5nBX/view?usp=drivesdk,PDF p. 4; Table 4,,,,logRR,Double-zero: retained as safety evidence; no logRR estimated.,1,,,"Native numeric candidate, not newly pooled: exact outcome definition/time/scale or prespecified arm selection requires a model-specific decision. No automatic pooling of the gap-fill audit."
AUDIT-0204,V34_B3_006,Tu 2024,Rescue antiemetic,Use of metoclopramide 10 mg IM,2–6 h after craniotomy,2-6h after craniotomy,Events/total,TEAS,Sham,Postoperative TEAS at bilateral P6,Sham TEAS / no current at bilateral P6,participants,57.0,58.0,,,,,0.0,0.0,INCLUDE,"Numerically extractable in its native endpoint/time/statistic; pooling still requires compatible stratum, comparator and independent-arm selection.",ROB2_RESULT_SPECIFIC_PENDING,Available-case/completer analysis (115 analyzed),https://drive.google.com/file/d/1xQ9SbXVZblphUrb0-T9xpnAXk-_z5nBX/view?usp=drivesdk,PDF p. 4; Table 4,,,,logRR,Double-zero: retained as safety evidence; no logRR estimated.,1,,,"Native numeric candidate, not newly pooled: exact outcome definition/time/scale or prespecified arm selection requires a model-specific decision. No automatic pooling of the gap-fill audit."
AUDIT-0205,V34_B3_007,Tu 2024,Rescue antiemetic,Use of metoclopramide 10 mg IM,6–24 h after craniotomy,6-24h after craniotomy,Events/total,TEAS,Sham,Postoperative TEAS at bilateral P6,Sham TEAS / no current at bilateral P6,participants,57.0,58.0,,,,,1.0,1.0,INCLUDE,"Numerically extractable in its native endpoint/time/statistic; pooling still requires compatible stratum, comparator and independent-arm selection.",ROB2_RESULT_SPECIFIC_PENDING,Available-case/completer analysis (115 analyzed),https://drive.google.com/file/d/1xQ9SbXVZblphUrb0-T9xpnAXk-_z5nBX/view?usp=drivesdk,PDF p. 4; Table 4,,0.017392,1.401861,logRR,Uncorrected log risk ratio,1,,,"Native numeric candidate, not newly pooled: exact outcome definition/time/scale or prespecified arm selection requires a model-specific decision. No automatic pooling of the gap-fill audit."
AUDIT-0206,V34_B3_008,Tu 2024,Pain — unspecified context,VAS pain intensity,0–2 h after craniotomy,0-2h after craniotomy,Median/IQR,TEAS,Sham,Postoperative TEAS at bilateral P6,Sham TEAS / no current at bilateral P6,VAS 0–10,57.0,58.0,,,,,,,NARRATIVE ONLY,Median and original dispersion preserved; no mean/SD conversion or MD pooling.,ROB2_RESULT_SPECIFIC_PENDING,Available-case/completer analysis (115 analyzed),https://drive.google.com/file/d/1xQ9SbXVZblphUrb0-T9xpnAXk-_z5nBX/view?usp=drivesdk,PDF p. 4; Table 5,,,,,,1,,,Median and original dispersion preserved; no mean/SD conversion or MD pooling.
AUDIT-0207,V34_B3_009,Tu 2024,Pain — unspecified context,VAS pain intensity,2–6 h after craniotomy,2-6h after craniotomy,Median/IQR,TEAS,Sham,Postoperative TEAS at bilateral P6,Sham TEAS / no current at bilateral P6,VAS 0–10,57.0,58.0,,,,,,,NARRATIVE ONLY,Median and original dispersion preserved; no mean/SD conversion or MD pooling.,ROB2_RESULT_SPECIFIC_PENDING,Available-case/completer analysis (115 analyzed),https://drive.google.com/file/d/1xQ9SbXVZblphUrb0-T9xpnAXk-_z5nBX/view?usp=drivesdk,PDF p. 4; Table 5,,,,,,1,,,Median and original dispersion preserved; no mean/SD conversion or MD pooling.
AUDIT-0208,V34_B3_010,Tu 2024,Adverse events,TEAS-related adverse events,0–24 h testing period,0-24h testing period,Events/total,TEAS,Sham,Postoperative TEAS at bilateral P6,Sham TEAS / no current at bilateral P6,participants,57.0,58.0,,,,,0.0,0.0,INCLUDE,"Numerically extractable in its native endpoint/time/statistic; pooling still requires compatible stratum, comparator and independent-arm selection.",ROB2_RESULT_SPECIFIC_PENDING,Available-case/completer analysis (115 analyzed),https://drive.google.com/file/d/1xQ9SbXVZblphUrb0-T9xpnAXk-_z5nBX/view?usp=drivesdk,PDF p. 4; Results §3.3,,,,logRR,Double-zero: retained as safety evidence; no logRR estimated.,1,,,"Native numeric candidate, not newly pooled: exact outcome definition/time/scale or prespecified arm selection requires a model-specific decision. No automatic pooling of the gap-fill audit."
AUDIT-0209,V34_B3_011,Sun 2017,Pain — rest,Resting VAS,1 h,1h,Graph only,TEAS,Sham,Preoperative true TEAS only (TSS),All-period sham TEAS (SSS),VAS 0–10,91.0,90.0,,,,,,,GRAPH ONLY,No new graph digitization; historical digitized data require their original validation before pooling.,ROB2_RESULT_SPECIFIC_PENDING,Available-case/completer analysis,https://drive.google.com/file/d/1lELlw0IpkhqoB8OuintAI22fxKfNEcEd/view?usp=drivesdk,Clin J Pain 2017;33:343–344; Figure 2,,,,,,1,,,No new graph digitization; historical digitized data require their original validation before pooling.
AUDIT-0210,V34_B3_012,Sun 2017,Pain — rest,Resting VAS,6 h,6h,Graph only,TEAS,Sham,Preoperative true TEAS only (TSS),All-period sham TEAS (SSS),VAS 0–10,91.0,90.0,,,,,,,GRAPH ONLY,No new graph digitization; historical digitized data require their original validation before pooling.,ROB2_RESULT_SPECIFIC_PENDING,Available-case/completer analysis,https://drive.google.com/file/d/1lELlw0IpkhqoB8OuintAI22fxKfNEcEd/view?usp=drivesdk,Clin J Pain 2017;33:343–344; Figure 2,,,,,,1,,,No new graph digitization; historical digitized data require their original validation before pooling.
AUDIT-0211,V34_B3_013,Sun 2017,Pain — rest,Resting VAS,24 h,24 h point,Graph only,TEAS,Sham,Preoperative true TEAS only (TSS),All-period sham TEAS (SSS),VAS 0–10,91.0,90.0,,,,,,,GRAPH ONLY,No new graph digitization; historical digitized data require their original validation before pooling.,ROB2_RESULT_SPECIFIC_PENDING,Available-case/completer analysis,https://drive.google.com/file/d/1lELlw0IpkhqoB8OuintAI22fxKfNEcEd/view?usp=drivesdk,Clin J Pain 2017;33:343–344; Figure 2,,,,,,1,,,No new graph digitization; historical digitized data require their original validation before pooling.
AUDIT-0212,V34_B3_014,Sun 2017,Pain — rest,Resting VAS,48 h,48h,Graph only,TEAS,Sham,Preoperative true TEAS only (TSS),All-period sham TEAS (SSS),VAS 0–10,91.0,90.0,,,,,,,GRAPH ONLY,No new graph digitization; historical digitized data require their original validation before pooling.,ROB2_RESULT_SPECIFIC_PENDING,Available-case/completer analysis,https://drive.google.com/file/d/1lELlw0IpkhqoB8OuintAI22fxKfNEcEd/view?usp=drivesdk,Clin J Pain 2017;33:343–344; Figure 2,,,,,,1,,,No new graph digitization; historical digitized data require their original validation before pooling.
AUDIT-0213,V34_B3_015,Sun 2017,Pain — cough,Activity-evoked VAS during coughing,1 h,1h,Graph only,TEAS,Sham,Preoperative true TEAS only (TSS),All-period sham TEAS (SSS),VAS 0–10,91.0,90.0,,,,,,,GRAPH ONLY,No new graph digitization; historical digitized data require their original validation before pooling.,ROB2_RESULT_SPECIFIC_PENDING,Available-case/completer analysis,https://drive.google.com/file/d/1lELlw0IpkhqoB8OuintAI22fxKfNEcEd/view?usp=drivesdk,Clin J Pain 2017;33:343–344; Figure 2,,,,,,1,,,No new graph digitization; historical digitized data require their original validation before pooling.
AUDIT-0214,V34_B3_016,Sun 2017,Pain — cough,Activity-evoked VAS during coughing,6 h,6h,Graph only,TEAS,Sham,Preoperative true TEAS only (TSS),All-period sham TEAS (SSS),VAS 0–10,91.0,90.0,,,,,,,GRAPH ONLY,No new graph digitization; historical digitized data require their original validation before pooling.,ROB2_RESULT_SPECIFIC_PENDING,Available-case/completer analysis,https://drive.google.com/file/d/1lELlw0IpkhqoB8OuintAI22fxKfNEcEd/view?usp=drivesdk,Clin J Pain 2017;33:343–344; Figure 2,,,,,,1,,,No new graph digitization; historical digitized data require their original validation before pooling.
AUDIT-0215,V34_B3_017,Sun 2017,Pain — cough,Activity-evoked VAS during coughing,48 h,48h,Graph only,TEAS,Sham,Preoperative true TEAS only (TSS),All-period sham TEAS (SSS),VAS 0–10,91.0,90.0,,,,,,,GRAPH ONLY,No new graph digitization; historical digitized data require their original validation before pooling.,ROB2_RESULT_SPECIFIC_PENDING,Available-case/completer analysis,https://drive.google.com/file/d/1lELlw0IpkhqoB8OuintAI22fxKfNEcEd/view?usp=drivesdk,Clin J Pain 2017;33:343–344; Figure 2,,,,,,1,,,No new graph digitization; historical digitized data require their original validation before pooling.
AUDIT-0216,V34_B3_018,Sun 2017,Pain — rest,Resting VAS,1 h,1h,Graph only,TEAS,Sham,Preoperative + intraoperative true TEAS (TTS),All-period sham TEAS (SSS),VAS 0–10,91.0,90.0,,,,,,,GRAPH ONLY,No new graph digitization; historical digitized data require their original validation before pooling.,ROB2_RESULT_SPECIFIC_PENDING,Available-case/completer analysis,https://drive.google.com/file/d/1lELlw0IpkhqoB8OuintAI22fxKfNEcEd/view?usp=drivesdk,Clin J Pain 2017;33:343–344; Figure 2,,,,,,1,,,No new graph digitization; historical digitized data require their original validation before pooling.
AUDIT-0217,V34_B3_019,Sun 2017,Pain — rest,Resting VAS,6 h,6h,Graph only,TEAS,Sham,Preoperative + intraoperative true TEAS (TTS),All-period sham TEAS (SSS),VAS 0–10,91.0,90.0,,,,,,,GRAPH ONLY,No new graph digitization; historical digitized data require their original validation before pooling.,ROB2_RESULT_SPECIFIC_PENDING,Available-case/completer analysis,https://drive.google.com/file/d/1lELlw0IpkhqoB8OuintAI22fxKfNEcEd/view?usp=drivesdk,Clin J Pain 2017;33:343–344; Figure 2,,,,,,1,,,No new graph digitization; historical digitized data require their original validation before pooling.
AUDIT-0218,V34_B3_020,Sun 2017,Pain — rest,Resting VAS,24 h,24 h point,Graph only,TEAS,Sham,Preoperative + intraoperative true TEAS (TTS),All-period sham TEAS (SSS),VAS 0–10,91.0,90.0,,,,,,,GRAPH ONLY,No new graph digitization; historical digitized data require their original validation before pooling.,ROB2_RESULT_SPECIFIC_PENDING,Available-case/completer analysis,https://drive.google.com/file/d/1lELlw0IpkhqoB8OuintAI22fxKfNEcEd/view?usp=drivesdk,Clin J Pain 2017;33:343–344; Figure 2,,,,,,1,,,No new graph digitization; historical digitized data require their original validation before pooling.
AUDIT-0219,V34_B3_021,Sun 2017,Pain — rest,Resting VAS,48 h,48h,Graph only,TEAS,Sham,Preoperative + intraoperative true TEAS (TTS),All-period sham TEAS (SSS),VAS 0–10,91.0,90.0,,,,,,,GRAPH ONLY,No new graph digitization; historical digitized data require their original validation before pooling.,ROB2_RESULT_SPECIFIC_PENDING,Available-case/completer analysis,https://drive.google.com/file/d/1lELlw0IpkhqoB8OuintAI22fxKfNEcEd/view?usp=drivesdk,Clin J Pain 2017;33:343–344; Figure 2,,,,,,1,,,No new graph digitization; historical digitized data require their original validation before pooling.
AUDIT-0220,V34_B3_022,Sun 2017,Pain — cough,Activity-evoked VAS during coughing,1 h,1h,Graph only,TEAS,Sham,Preoperative + intraoperative true TEAS (TTS),All-period sham TEAS (SSS),VAS 0–10,91.0,90.0,,,,,,,GRAPH ONLY,No new graph digitization; historical digitized data require their original validation before pooling.,ROB2_RESULT_SPECIFIC_PENDING,Available-case/completer analysis,https://drive.google.com/file/d/1lELlw0IpkhqoB8OuintAI22fxKfNEcEd/view?usp=drivesdk,Clin J Pain 2017;33:343–344; Figure 2,,,,,,1,,,No new graph digitization; historical digitized data require their original validation before pooling.
AUDIT-0221,V34_B3_023,Sun 2017,Pain — cough,Activity-evoked VAS during coughing,6 h,6h,Graph only,TEAS,Sham,Preoperative + intraoperative true TEAS (TTS),All-period sham TEAS (SSS),VAS 0–10,91.0,90.0,,,,,,,GRAPH ONLY,No new graph digitization; historical digitized data require their original validation before pooling.,ROB2_RESULT_SPECIFIC_PENDING,Available-case/completer analysis,https://drive.google.com/file/d/1lELlw0IpkhqoB8OuintAI22fxKfNEcEd/view?usp=drivesdk,Clin J Pain 2017;33:343–344; Figure 2,,,,,,1,,,No new graph digitization; historical digitized data require their original validation before pooling.
AUDIT-0222,V34_B3_024,Sun 2017,Pain — cough,Activity-evoked VAS during coughing,48 h,48h,Graph only,TEAS,Sham,Preoperative + intraoperative true TEAS (TTS),All-period sham TEAS (SSS),VAS 0–10,91.0,90.0,,,,,,,GRAPH ONLY,No new graph digitization; historical digitized data require their original validation before pooling.,ROB2_RESULT_SPECIFIC_PENDING,Available-case/completer analysis,https://drive.google.com/file/d/1lELlw0IpkhqoB8OuintAI22fxKfNEcEd/view?usp=drivesdk,Clin J Pain 2017;33:343–344; Figure 2,,,,,,1,,,No new graph digitization; historical digitized data require their original validation before pooling.
AUDIT-0223,V34_B3_025,Sun 2017,Pain — rest,Resting VAS,1 h,1h,Graph only,TEAS,Sham,Preoperative + postoperative true TEAS (TST),All-period sham TEAS (SSS),VAS 0–10,89.0,90.0,,,,,,,GRAPH ONLY,No new graph digitization; historical digitized data require their original validation before pooling.,ROB2_RESULT_SPECIFIC_PENDING,Available-case/completer analysis,https://drive.google.com/file/d/1lELlw0IpkhqoB8OuintAI22fxKfNEcEd/view?usp=drivesdk,Clin J Pain 2017;33:343–344; Figure 2,,,,,,1,,,No new graph digitization; historical digitized data require their original validation before pooling.
AUDIT-0224,V34_B3_026,Sun 2017,Pain — rest,Resting VAS,6 h,6h,Graph only,TEAS,Sham,Preoperative + postoperative true TEAS (TST),All-period sham TEAS (SSS),VAS 0–10,89.0,90.0,,,,,,,GRAPH ONLY,No new graph digitization; historical digitized data require their original validation before pooling.,ROB2_RESULT_SPECIFIC_PENDING,Available-case/completer analysis,https://drive.google.com/file/d/1lELlw0IpkhqoB8OuintAI22fxKfNEcEd/view?usp=drivesdk,Clin J Pain 2017;33:343–344; Figure 2,,,,,,1,,,No new graph digitization; historical digitized data require their original validation before pooling.
AUDIT-0225,V34_B3_027,Sun 2017,Pain — rest,Resting VAS,24 h,24 h point,Graph only,TEAS,Sham,Preoperative + postoperative true TEAS (TST),All-period sham TEAS (SSS),VAS 0–10,89.0,90.0,,,,,,,GRAPH ONLY,No new graph digitization; historical digitized data require their original validation before pooling.,ROB2_RESULT_SPECIFIC_PENDING,Available-case/completer analysis,https://drive.google.com/file/d/1lELlw0IpkhqoB8OuintAI22fxKfNEcEd/view?usp=drivesdk,Clin J Pain 2017;33:343–344; Figure 2,,,,,,1,,,No new graph digitization; historical digitized data require their original validation before pooling.
AUDIT-0226,V34_B3_028,Sun 2017,Pain — rest,Resting VAS,48 h,48h,Graph only,TEAS,Sham,Preoperative + postoperative true TEAS (TST),All-period sham TEAS (SSS),VAS 0–10,89.0,90.0,,,,,,,GRAPH ONLY,No new graph digitization; historical digitized data require their original validation before pooling.,ROB2_RESULT_SPECIFIC_PENDING,Available-case/completer analysis,https://drive.google.com/file/d/1lELlw0IpkhqoB8OuintAI22fxKfNEcEd/view?usp=drivesdk,Clin J Pain 2017;33:343–344; Figure 2,,,,,,1,,,No new graph digitization; historical digitized data require their original validation before pooling.
AUDIT-0227,V34_B3_029,Sun 2017,Pain — cough,Activity-evoked VAS during coughing,1 h,1h,Graph only,TEAS,Sham,Preoperative + postoperative true TEAS (TST),All-period sham TEAS (SSS),VAS 0–10,89.0,90.0,,,,,,,GRAPH ONLY,No new graph digitization; historical digitized data require their original validation before pooling.,ROB2_RESULT_SPECIFIC_PENDING,Available-case/completer analysis,https://drive.google.com/file/d/1lELlw0IpkhqoB8OuintAI22fxKfNEcEd/view?usp=drivesdk,Clin J Pain 2017;33:343–344; Figure 2,,,,,,1,,,No new graph digitization; historical digitized data require their original validation before pooling.
AUDIT-0228,V34_B3_030,Sun 2017,Pain — cough,Activity-evoked VAS during coughing,6 h,6h,Graph only,TEAS,Sham,Preoperative + postoperative true TEAS (TST),All-period sham TEAS (SSS),VAS 0–10,89.0,90.0,,,,,,,GRAPH ONLY,No new graph digitization; historical digitized data require their original validation before pooling.,ROB2_RESULT_SPECIFIC_PENDING,Available-case/completer analysis,https://drive.google.com/file/d/1lELlw0IpkhqoB8OuintAI22fxKfNEcEd/view?usp=drivesdk,Clin J Pain 2017;33:343–344; Figure 2,,,,,,1,,,No new graph digitization; historical digitized data require their original validation before pooling.
AUDIT-0229,V34_B3_031,Sun 2017,Pain — cough,Activity-evoked VAS during coughing,48 h,48h,Graph only,TEAS,Sham,Preoperative + postoperative true TEAS (TST),All-period sham TEAS (SSS),VAS 0–10,89.0,90.0,,,,,,,GRAPH ONLY,No new graph digitization; historical digitized data require their original validation before pooling.,ROB2_RESULT_SPECIFIC_PENDING,Available-case/completer analysis,https://drive.google.com/file/d/1lELlw0IpkhqoB8OuintAI22fxKfNEcEd/view?usp=drivesdk,Clin J Pain 2017;33:343–344; Figure 2,,,,,,1,,,No new graph digitization; historical digitized data require their original validation before pooling.
AUDIT-0230,V34_B3_032,Sun 2017,Nausea,Nausea,Within 48 h after surgery,within 48h after surgery,Published percentage (95% CI),TEAS,Sham,Preoperative true TEAS only (TSS),All-period sham TEAS (SSS),percent,91.0,90.0,,,,,,,NARRATIVE ONLY,Printed percentage/CI retained; event counts not reverse-engineered.,ROB2_RESULT_SPECIFIC_PENDING,Available-case/completer analysis,https://drive.google.com/file/d/1lELlw0IpkhqoB8OuintAI22fxKfNEcEd/view?usp=drivesdk,Clin J Pain 2017;33:344; Table 2,,,,,,1,,,Printed percentage/CI retained; event counts not reverse-engineered.
AUDIT-0231,V34_B3_033,Sun 2017,Nausea,Nausea,Within 48 h after surgery,within 48h after surgery,Published percentage (95% CI),TEAS,Sham,Preoperative + intraoperative true TEAS (TTS),All-period sham TEAS (SSS),percent,91.0,90.0,,,,,,,NARRATIVE ONLY,Printed percentage/CI retained; event counts not reverse-engineered.,ROB2_RESULT_SPECIFIC_PENDING,Available-case/completer analysis,https://drive.google.com/file/d/1lELlw0IpkhqoB8OuintAI22fxKfNEcEd/view?usp=drivesdk,Clin J Pain 2017;33:344; Table 2,,,,,,1,,,Printed percentage/CI retained; event counts not reverse-engineered.
AUDIT-0232,V34_B3_034,Sun 2017,Nausea,Nausea,Within 48 h after surgery,within 48h after surgery,Published percentage (95% CI),TEAS,Sham,Preoperative + postoperative true TEAS (TST),All-period sham TEAS (SSS),percent,89.0,90.0,,,,,,,NARRATIVE ONLY,Printed percentage/CI retained; event counts not reverse-engineered.,ROB2_RESULT_SPECIFIC_PENDING,Available-case/completer analysis,https://drive.google.com/file/d/1lELlw0IpkhqoB8OuintAI22fxKfNEcEd/view?usp=drivesdk,Clin J Pain 2017;33:344; Table 2,,,,,,1,,,Printed percentage/CI retained; event counts not reverse-engineered.
AUDIT-0233,V34_B3_035,Sun 2017,Vomiting,Vomiting,Within 48 h after surgery,within 48h after surgery,Published percentage (95% CI),TEAS,Sham,Preoperative true TEAS only (TSS),All-period sham TEAS (SSS),percent,91.0,90.0,,,,,,,NARRATIVE ONLY,Printed percentage/CI retained; event counts not reverse-engineered.,ROB2_RESULT_SPECIFIC_PENDING,Available-case/completer analysis,https://drive.google.com/file/d/1lELlw0IpkhqoB8OuintAI22fxKfNEcEd/view?usp=drivesdk,Clin J Pain 2017;33:344; Table 2,,,,,,1,,,Printed percentage/CI retained; event counts not reverse-engineered.
AUDIT-0234,V34_B3_036,Sun 2017,Vomiting,Vomiting,Within 48 h after surgery,within 48h after surgery,Published percentage (95% CI),TEAS,Sham,Preoperative + intraoperative true TEAS (TTS),All-period sham TEAS (SSS),percent,91.0,90.0,,,,,,,NARRATIVE ONLY,Printed percentage/CI retained; event counts not reverse-engineered.,ROB2_RESULT_SPECIFIC_PENDING,Available-case/completer analysis,https://drive.google.com/file/d/1lELlw0IpkhqoB8OuintAI22fxKfNEcEd/view?usp=drivesdk,Clin J Pain 2017;33:344; Table 2,,,,,,1,,,Printed percentage/CI retained; event counts not reverse-engineered.
AUDIT-0235,V34_B3_037,Sun 2017,Vomiting,Vomiting,Within 48 h after surgery,within 48h after surgery,Published percentage (95% CI),TEAS,Sham,Preoperative + postoperative true TEAS (TST),All-period sham TEAS (SSS),percent,89.0,90.0,,,,,,,NARRATIVE ONLY,Printed percentage/CI retained; event counts not reverse-engineered.,ROB2_RESULT_SPECIFIC_PENDING,Available-case/completer analysis,https://drive.google.com/file/d/1lELlw0IpkhqoB8OuintAI22fxKfNEcEd/view?usp=drivesdk,Clin J Pain 2017;33:344; Table 2,,,,,,1,,,Printed percentage/CI retained; event counts not reverse-engineered.
AUDIT-0236,V34_B3_038,Sun 2017,Rescue antiemetic,Additional antiemetic requirement,Within 48 h after surgery,within 48h after surgery,Published percentage (95% CI),TEAS,Sham,Preoperative true TEAS only (TSS),All-period sham TEAS (SSS),percent,91.0,90.0,,,,,,,NARRATIVE ONLY,Printed percentage/CI retained; event counts not reverse-engineered.,ROB2_RESULT_SPECIFIC_PENDING,Available-case/completer analysis,https://drive.google.com/file/d/1lELlw0IpkhqoB8OuintAI22fxKfNEcEd/view?usp=drivesdk,Clin J Pain 2017;33:344; Table 2,,,,,,1,,,Printed percentage/CI retained; event counts not reverse-engineered.
AUDIT-0237,V34_B3_039,Sun 2017,Rescue antiemetic,Additional antiemetic requirement,Within 48 h after surgery,within 48h after surgery,Published percentage (95% CI),TEAS,Sham,Preoperative + intraoperative true TEAS (TTS),All-period sham TEAS (SSS),percent,91.0,90.0,,,,,,,NARRATIVE ONLY,Printed percentage/CI retained; event counts not reverse-engineered.,ROB2_RESULT_SPECIFIC_PENDING,Available-case/completer analysis,https://drive.google.com/file/d/1lELlw0IpkhqoB8OuintAI22fxKfNEcEd/view?usp=drivesdk,Clin J Pain 2017;33:344; Table 2,,,,,,1,,,Printed percentage/CI retained; event counts not reverse-engineered.
AUDIT-0238,V34_B3_040,Sun 2017,Rescue antiemetic,Additional antiemetic requirement,Within 48 h after surgery,within 48h after surgery,Published percentage (95% CI),TEAS,Sham,Preoperative + postoperative true TEAS (TST),All-period sham TEAS (SSS),percent,89.0,90.0,,,,,,,NARRATIVE ONLY,Printed percentage/CI retained; event counts not reverse-engineered.,ROB2_RESULT_SPECIFIC_PENDING,Available-case/completer analysis,https://drive.google.com/file/d/1lELlw0IpkhqoB8OuintAI22fxKfNEcEd/view?usp=drivesdk,Clin J Pain 2017;33:344; Table 2,,,,,,1,,,Printed percentage/CI retained; event counts not reverse-engineered.
AUDIT-0239,V34_B3_041,Sun 2017,Patient satisfaction,Patient satisfaction — extremely satisfied,Postoperative assessment; exact clock time not separately stated,postoperative assessment; exact clock time not separately stated,Published percentage (95% CI),TEAS,Sham,Preoperative true TEAS only (TSS),All-period sham TEAS (SSS),percent,91.0,90.0,,,,,,,NARRATIVE ONLY,Printed percentage/CI retained; event counts not reverse-engineered.,ROB2_RESULT_SPECIFIC_PENDING,Available-case/completer analysis,https://drive.google.com/file/d/1lELlw0IpkhqoB8OuintAI22fxKfNEcEd/view?usp=drivesdk,Clin J Pain 2017;33:344; Table 2,,,,,,1,,,Printed percentage/CI retained; event counts not reverse-engineered.
AUDIT-0240,V34_B3_042,Sun 2017,Patient satisfaction,Patient satisfaction — extremely satisfied,Postoperative assessment; exact clock time not separately stated,postoperative assessment; exact clock time not separately stated,Published percentage (95% CI),TEAS,Sham,Preoperative + intraoperative true TEAS (TTS),All-period sham TEAS (SSS),percent,91.0,90.0,,,,,,,NARRATIVE ONLY,Printed percentage/CI retained; event counts not reverse-engineered.,ROB2_RESULT_SPECIFIC_PENDING,Available-case/completer analysis,https://drive.google.com/file/d/1lELlw0IpkhqoB8OuintAI22fxKfNEcEd/view?usp=drivesdk,Clin J Pain 2017;33:344; Table 2,,,,,,1,,,Printed percentage/CI retained; event counts not reverse-engineered.
AUDIT-0241,V34_B3_043,Sun 2017,Patient satisfaction,Patient satisfaction — extremely satisfied,Postoperative assessment; exact clock time not separately stated,postoperative assessment; exact clock time not separately stated,Published percentage (95% CI),TEAS,Sham,Preoperative + postoperative true TEAS (TST),All-period sham TEAS (SSS),percent,89.0,90.0,,,,,,,NARRATIVE ONLY,Printed percentage/CI retained; event counts not reverse-engineered.,ROB2_RESULT_SPECIFIC_PENDING,Available-case/completer analysis,https://drive.google.com/file/d/1lELlw0IpkhqoB8OuintAI22fxKfNEcEd/view?usp=drivesdk,Clin J Pain 2017;33:344; Table 2,,,,,,1,,,Printed percentage/CI retained; event counts not reverse-engineered.
AUDIT-0242,V34_B3_044,Sun 2017,Intraoperative opioid,Author-defined intraoperative morphine-equivalent exposure,Intraoperative,intraoperative,Mean/SD,TEAS,Sham,Preoperative true TEAS only (TSS),All-period sham TEAS (SSS),mg/kg; author-defined conversion metric,91.0,90.0,1.6,0.4,1.5,0.4,,,CONDITIONAL,"Author-defined intraoperative morphine-equivalent metric; no review MME conversion, requires conversion-method adjudication.",ROB2_RESULT_SPECIFIC_PENDING,Available-case/completer analysis,https://drive.google.com/file/d/1lELlw0IpkhqoB8OuintAI22fxKfNEcEd/view?usp=drivesdk,Clin J Pain 2017;33:344; Table 2,,,,,,1,,,"Author-defined intraoperative morphine-equivalent metric; no review MME conversion, requires conversion-method adjudication."
AUDIT-0243,V34_B3_045,Sun 2017,Intraoperative opioid,Author-defined intraoperative morphine-equivalent exposure,Intraoperative,intraoperative,Mean/SD,TEAS,Sham,Preoperative + intraoperative true TEAS (TTS),All-period sham TEAS (SSS),mg/kg; author-defined conversion metric,91.0,90.0,1.6,0.4,1.5,0.4,,,CONDITIONAL,"Author-defined intraoperative morphine-equivalent metric; no review MME conversion, requires conversion-method adjudication.",ROB2_RESULT_SPECIFIC_PENDING,Available-case/completer analysis,https://drive.google.com/file/d/1lELlw0IpkhqoB8OuintAI22fxKfNEcEd/view?usp=drivesdk,Clin J Pain 2017;33:344; Table 2,,,,,,1,,,"Author-defined intraoperative morphine-equivalent metric; no review MME conversion, requires conversion-method adjudication."
AUDIT-0244,V34_B3_046,Sun 2017,Intraoperative opioid,Author-defined intraoperative morphine-equivalent exposure,Intraoperative,intraoperative,Mean/SD,TEAS,Sham,Preoperative + postoperative true TEAS (TST),All-period sham TEAS (SSS),mg/kg; author-defined conversion metric,89.0,90.0,1.5,0.4,1.5,0.4,,,CONDITIONAL,"Author-defined intraoperative morphine-equivalent metric; no review MME conversion, requires conversion-method adjudication.",ROB2_RESULT_SPECIFIC_PENDING,Available-case/completer analysis,https://drive.google.com/file/d/1lELlw0IpkhqoB8OuintAI22fxKfNEcEd/view?usp=drivesdk,Clin J Pain 2017;33:344; Table 2,,,,,,1,,,"Author-defined intraoperative morphine-equivalent metric; no review MME conversion, requires conversion-method adjudication."
AUDIT-0245,V34_B3_047,Sun 2017,Functional recovery,Extubation time,Postoperative,postoperative,Mean/SD,TEAS,Sham,Preoperative true TEAS only (TSS),All-period sham TEAS (SSS),minutes,91.0,90.0,20.8,15.8,22.5,13.2,,,INCLUDE,"Numerically extractable in its native endpoint/time/statistic; pooling still requires compatible stratum, comparator and independent-arm selection.",ROB2_RESULT_SPECIFIC_PENDING,Available-case/completer analysis,https://drive.google.com/file/d/1lELlw0IpkhqoB8OuintAI22fxKfNEcEd/view?usp=drivesdk,Clin J Pain 2017;33:344; Table 2,,-1.7,2.163168,MD,Native MD; no pooled interpretation without compatible model.,1,-0.116225,0.148787,"Three shared-control timing contrasts; no established v33 selection for this new endpoint. Retain all, select/adjust arms before pooling."
AUDIT-0246,V34_B3_048,Sun 2017,Functional recovery,Extubation time,Postoperative,postoperative,Mean/SD,TEAS,Sham,Preoperative + intraoperative true TEAS (TTS),All-period sham TEAS (SSS),minutes,91.0,90.0,18.4,10.1,22.5,13.2,,,INCLUDE,"Numerically extractable in its native endpoint/time/statistic; pooling still requires compatible stratum, comparator and independent-arm selection.",ROB2_RESULT_SPECIFIC_PENDING,Available-case/completer analysis,https://drive.google.com/file/d/1lELlw0IpkhqoB8OuintAI22fxKfNEcEd/view?usp=drivesdk,Clin J Pain 2017;33:344; Table 2,,-4.1,1.748425,MD,Native MD; no pooled interpretation without compatible model.,1,-0.347647,0.14978,"Three shared-control timing contrasts; no established v33 selection for this new endpoint. Retain all, select/adjust arms before pooling."
AUDIT-0247,V34_B3_049,Sun 2017,Functional recovery,Extubation time,Postoperative,postoperative,Mean/SD,TEAS,Sham,Preoperative + postoperative true TEAS (TST),All-period sham TEAS (SSS),minutes,89.0,90.0,21.5,12.3,22.5,13.2,,,INCLUDE,"Numerically extractable in its native endpoint/time/statistic; pooling still requires compatible stratum, comparator and independent-arm selection.",ROB2_RESULT_SPECIFIC_PENDING,Available-case/completer analysis,https://drive.google.com/file/d/1lELlw0IpkhqoB8OuintAI22fxKfNEcEd/view?usp=drivesdk,Clin J Pain 2017;33:344; Table 2,,-1.0,1.9068,MD,Native MD; no pooled interpretation without compatible model.,1,-0.078034,0.149546,"Three shared-control timing contrasts; no established v33 selection for this new endpoint. Retain all, select/adjust arms before pooling."
AUDIT-0248,V34_B3_050,Sun 2017,Functional recovery — PACU,Length of stay in PACU,Postoperative,postoperative,Mean/SD,TEAS,Sham,Preoperative true TEAS only (TSS),All-period sham TEAS (SSS),minutes,91.0,90.0,62.2,19.4,66.0,16.0,,,INCLUDE,"Numerically extractable in its native endpoint/time/statistic; pooling still requires compatible stratum, comparator and independent-arm selection.",ROB2_RESULT_SPECIFIC_PENDING,Available-case/completer analysis,https://drive.google.com/file/d/1lELlw0IpkhqoB8OuintAI22fxKfNEcEd/view?usp=drivesdk,Clin J Pain 2017;33:344; Table 2,,-3.8,2.64202,MD,Native MD; no pooled interpretation without compatible model.,1,-0.212696,0.149081,"Three shared-control timing contrasts; no established v33 selection for this new endpoint. Retain all, select/adjust arms before pooling."
AUDIT-0249,V34_B3_051,Sun 2017,Functional recovery — PACU,Length of stay in PACU,Postoperative,postoperative,Mean/SD,TEAS,Sham,Preoperative + intraoperative true TEAS (TTS),All-period sham TEAS (SSS),minutes,91.0,90.0,62.7,16.3,66.0,16.0,,,INCLUDE,"Numerically extractable in its native endpoint/time/statistic; pooling still requires compatible stratum, comparator and independent-arm selection.",ROB2_RESULT_SPECIFIC_PENDING,Available-case/completer analysis,https://drive.google.com/file/d/1lELlw0IpkhqoB8OuintAI22fxKfNEcEd/view?usp=drivesdk,Clin J Pain 2017;33:344; Table 2,,-3.3,2.400857,MD,Native MD; no pooled interpretation without compatible model.,1,-0.203458,0.149045,"Three shared-control timing contrasts; no established v33 selection for this new endpoint. Retain all, select/adjust arms before pooling."
AUDIT-0250,V34_B3_052,Sun 2017,Functional recovery — PACU,Length of stay in PACU,Postoperative,postoperative,Mean/SD,TEAS,Sham,Preoperative + postoperative true TEAS (TST),All-period sham TEAS (SSS),minutes,89.0,90.0,64.8,15.5,66.0,16.0,,,INCLUDE,"Numerically extractable in its native endpoint/time/statistic; pooling still requires compatible stratum, comparator and independent-arm selection.",ROB2_RESULT_SPECIFIC_PENDING,Available-case/completer analysis,https://drive.google.com/file/d/1lELlw0IpkhqoB8OuintAI22fxKfNEcEd/view?usp=drivesdk,Clin J Pain 2017;33:344; Table 2,,-1.2,2.354545,MD,Native MD; no pooled interpretation without compatible model.,1,-0.075851,0.149543,"Three shared-control timing contrasts; no established v33 selection for this new endpoint. Retain all, select/adjust arms before pooling."
AUDIT-0251,V34_B3_053,Sun 2017,GI — first flatus,Time to first postoperative flatus,Postoperative,postoperative,Mean/SD,TEAS,Sham,Preoperative true TEAS only (TSS),All-period sham TEAS (SSS),hours,91.0,90.0,45.2,19.9,41.5,19.6,,,INCLUDE,"Numerically extractable in its native endpoint/time/statistic; pooling still requires compatible stratum, comparator and independent-arm selection.",ROB2_RESULT_SPECIFIC_PENDING,Available-case/completer analysis,https://drive.google.com/file/d/1lELlw0IpkhqoB8OuintAI22fxKfNEcEd/view?usp=drivesdk,Clin J Pain 2017;33:344; Table 2,,3.7,2.936018,MD,Native MD; no pooled interpretation without compatible model.,1,0.186542,0.148984,"Three shared-control timing contrasts; no established v33 selection for this new endpoint. Retain all, select/adjust arms before pooling."
AUDIT-0252,V34_B3_054,Sun 2017,GI — first flatus,Time to first postoperative flatus,Postoperative,postoperative,Mean/SD,TEAS,Sham,Preoperative + intraoperative true TEAS (TTS),All-period sham TEAS (SSS),hours,91.0,90.0,44.7,16.6,41.5,19.6,,,INCLUDE,"Numerically extractable in its native endpoint/time/statistic; pooling still requires compatible stratum, comparator and independent-arm selection.",ROB2_RESULT_SPECIFIC_PENDING,Available-case/completer analysis,https://drive.google.com/file/d/1lELlw0IpkhqoB8OuintAI22fxKfNEcEd/view?usp=drivesdk,Clin J Pain 2017;33:344; Table 2,,3.2,2.701218,MD,Native MD; no pooled interpretation without compatible model.,1,0.175533,0.148947,"Three shared-control timing contrasts; no established v33 selection for this new endpoint. Retain all, select/adjust arms before pooling."
AUDIT-0253,V34_B3_055,Sun 2017,GI — first flatus,Time to first postoperative flatus,Postoperative,postoperative,Mean/SD,TEAS,Sham,Preoperative + postoperative true TEAS (TST),All-period sham TEAS (SSS),hours,89.0,90.0,41.6,18.1,41.5,19.6,,,INCLUDE,"Numerically extractable in its native endpoint/time/statistic; pooling still requires compatible stratum, comparator and independent-arm selection.",ROB2_RESULT_SPECIFIC_PENDING,Available-case/completer analysis,https://drive.google.com/file/d/1lELlw0IpkhqoB8OuintAI22fxKfNEcEd/view?usp=drivesdk,Clin J Pain 2017;33:344; Table 2,,0.1,2.819478,MD,Native MD; no pooled interpretation without compatible model.,1,0.005277,0.14949,"Three shared-control timing contrasts; no established v33 selection for this new endpoint. Retain all, select/adjust arms before pooling."
AUDIT-0254,V34_B3_056,Sun 2017,GI — first defecation,Time to first postoperative defecation,Postoperative,postoperative,Mean/SD,TEAS,Sham,Preoperative true TEAS only (TSS),All-period sham TEAS (SSS),hours,91.0,90.0,63.6,19.8,63.4,22.9,,,INCLUDE,"Numerically extractable in its native endpoint/time/statistic; pooling still requires compatible stratum, comparator and independent-arm selection.",ROB2_RESULT_SPECIFIC_PENDING,Available-case/completer analysis,https://drive.google.com/file/d/1lELlw0IpkhqoB8OuintAI22fxKfNEcEd/view?usp=drivesdk,Clin J Pain 2017;33:344; Table 2,,0.2,3.183537,MD,Native MD; no pooled interpretation without compatible model.,1,0.009308,0.148662,"Three shared-control timing contrasts; no established v33 selection for this new endpoint. Retain all, select/adjust arms before pooling."
AUDIT-0255,V34_B3_057,Sun 2017,GI — first defecation,Time to first postoperative defecation,Postoperative,postoperative,Mean/SD,TEAS,Sham,Preoperative + intraoperative true TEAS (TTS),All-period sham TEAS (SSS),hours,91.0,90.0,61.8,15.7,63.4,22.9,,,INCLUDE,"Numerically extractable in its native endpoint/time/statistic; pooling still requires compatible stratum, comparator and independent-arm selection.",ROB2_RESULT_SPECIFIC_PENDING,Available-case/completer analysis,https://drive.google.com/file/d/1lELlw0IpkhqoB8OuintAI22fxKfNEcEd/view?usp=drivesdk,Clin J Pain 2017;33:344; Table 2,,-1.6,2.921551,MD,Native MD; no pooled interpretation without compatible model.,1,-0.081236,0.148722,"Three shared-control timing contrasts; no established v33 selection for this new endpoint. Retain all, select/adjust arms before pooling."
AUDIT-0256,V34_B3_058,Sun 2017,GI — first defecation,Time to first postoperative defecation,Postoperative,postoperative,Mean/SD,TEAS,Sham,Preoperative + postoperative true TEAS (TST),All-period sham TEAS (SSS),hours,89.0,90.0,57.3,20.6,63.4,22.9,,,INCLUDE,"Numerically extractable in its native endpoint/time/statistic; pooling still requires compatible stratum, comparator and independent-arm selection.",ROB2_RESULT_SPECIFIC_PENDING,Available-case/completer analysis,https://drive.google.com/file/d/1lELlw0IpkhqoB8OuintAI22fxKfNEcEd/view?usp=drivesdk,Clin J Pain 2017;33:344; Table 2,,-6.1,3.254976,MD,Native MD; no pooled interpretation without compatible model.,1,-0.278797,0.150214,"Three shared-control timing contrasts; no established v33 selection for this new endpoint. Retain all, select/adjust arms before pooling."
AUDIT-0257,V34_B3_059,Sun 2017,Adverse events,TEAS-related side effects,0–48 h postoperative,0-48h postoperative,Events/total,TEAS,Sham,Preoperative true TEAS only (TSS),All-period sham TEAS (SSS),participants,91.0,90.0,,,,,0.0,0.0,INCLUDE,"Numerically extractable in its native endpoint/time/statistic; pooling still requires compatible stratum, comparator and independent-arm selection.",ROB2_RESULT_SPECIFIC_PENDING,Available-case/completer analysis,https://drive.google.com/file/d/1lELlw0IpkhqoB8OuintAI22fxKfNEcEd/view?usp=drivesdk,Clin J Pain 2017;33:344; Results text,,,,logRR,Double-zero: retained as safety evidence; no logRR estimated.,1,,,"Three shared-control timing contrasts; no established v33 selection for this new endpoint. Retain all, select/adjust arms before pooling."
AUDIT-0258,V34_B3_060,Sun 2017,Adverse events,TEAS-related side effects,0–48 h postoperative,0-48h postoperative,Events/total,TEAS,Sham,Preoperative + intraoperative true TEAS (TTS),All-period sham TEAS (SSS),participants,91.0,90.0,,,,,0.0,0.0,INCLUDE,"Numerically extractable in its native endpoint/time/statistic; pooling still requires compatible stratum, comparator and independent-arm selection.",ROB2_RESULT_SPECIFIC_PENDING,Available-case/completer analysis,https://drive.google.com/file/d/1lELlw0IpkhqoB8OuintAI22fxKfNEcEd/view?usp=drivesdk,Clin J Pain 2017;33:344; Results text,,,,logRR,Double-zero: retained as safety evidence; no logRR estimated.,1,,,"Three shared-control timing contrasts; no established v33 selection for this new endpoint. Retain all, select/adjust arms before pooling."
AUDIT-0259,V34_B3_061,Sun 2017,Adverse events,TEAS-related side effects,0–48 h postoperative,0-48h postoperative,Events/total,TEAS,Sham,Preoperative + postoperative true TEAS (TST),All-period sham TEAS (SSS),participants,89.0,90.0,,,,,0.0,0.0,INCLUDE,"Numerically extractable in its native endpoint/time/statistic; pooling still requires compatible stratum, comparator and independent-arm selection.",ROB2_RESULT_SPECIFIC_PENDING,Available-case/completer analysis,https://drive.google.com/file/d/1lELlw0IpkhqoB8OuintAI22fxKfNEcEd/view?usp=drivesdk,Clin J Pain 2017;33:344; Results text,,,,logRR,Double-zero: retained as safety evidence; no logRR estimated.,1,,,"Three shared-control timing contrasts; no established v33 selection for this new endpoint. Retain all, select/adjust arms before pooling."
AUDIT-0260,V34_B3_062,Sim 2002,Pain — rest,Mean resting VAS over first 24 h,0–24 h mean across 6-hourly assessments,0-24h mean across 6-hourly assessments,Mean/SD,EA,Sham,Preoperative EA (Group II),Placebo EA (Group I),VAS 0–10,30.0,30.0,4.7,1.8,4.5,2.1,,,INCLUDE,"Numerically extractable in its native endpoint/time/statistic; pooling still requires compatible stratum, comparator and independent-arm selection.",ROB2_RESULT_SPECIFIC_PENDING,All randomized/analyzed,https://drive.google.com/file/d/1YsNHL-J3Kgfu8mCanRrNu_bHk_roj0w6/view?usp=drivesdk,Acupuncture in Medicine 2002;20:60–61; Table 2,,0.2,0.504975,MD,Native MD; no pooled interpretation without compatible model.,1,0.100934,0.258363,"Native numeric candidate, not newly pooled: exact outcome definition/time/scale or prespecified arm selection requires a model-specific decision. No automatic pooling of the gap-fill audit."
AUDIT-0261,V34_B3_063,Sim 2002,Pain — rest,Mean resting VAS over first 24 h,0–24 h mean across 6-hourly assessments,0-24h mean across 6-hourly assessments,Mean/SD,EA,Sham,Postoperative EA (Group III),Placebo EA (Group I),VAS 0–10,30.0,30.0,3.9,1.6,4.5,2.1,,,INCLUDE,"Numerically extractable in its native endpoint/time/statistic; pooling still requires compatible stratum, comparator and independent-arm selection.",ROB2_RESULT_SPECIFIC_PENDING,All randomized/analyzed,https://drive.google.com/file/d/1YsNHL-J3Kgfu8mCanRrNu_bHk_roj0w6/view?usp=drivesdk,Acupuncture in Medicine 2002;20:60–61; Table 2,,-0.6,0.48201,MD,Native MD; no pooled interpretation without compatible model.,1,-0.317229,0.259818,"Native numeric candidate, not newly pooled: exact outcome definition/time/scale or prespecified arm selection requires a model-specific decision. No automatic pooling of the gap-fill audit."
AUDIT-0262,V34_B3_064,Sim 2002,Pain — rest,Resting VAS,6 h,6h,Other (describe),EA,Sham,Preoperative EA (Group II),Placebo EA (Group I),VAS 0–10,30.0,30.0,,,,,,,NOT REPORTED,Accessed source does not supply the requested numerical result.,ROB2_RESULT_SPECIFIC_PENDING,All randomized/analyzed,https://drive.google.com/file/d/1YsNHL-J3Kgfu8mCanRrNu_bHk_roj0w6/view?usp=drivesdk,Acupuncture in Medicine 2002;20:59–61; Outcomes/Results text,,,,,,1,,,Accessed source does not supply the requested numerical result.
AUDIT-0263,V34_B3_065,Sim 2002,Pain — rest,Resting VAS,12 h,12h,Other (describe),EA,Sham,Preoperative EA (Group II),Placebo EA (Group I),VAS 0–10,30.0,30.0,,,,,,,NOT REPORTED,Accessed source does not supply the requested numerical result.,ROB2_RESULT_SPECIFIC_PENDING,All randomized/analyzed,https://drive.google.com/file/d/1YsNHL-J3Kgfu8mCanRrNu_bHk_roj0w6/view?usp=drivesdk,Acupuncture in Medicine 2002;20:59–61; Outcomes/Results text,,,,,,1,,,Accessed source does not supply the requested numerical result.
AUDIT-0264,V34_B3_066,Sim 2002,Pain — rest,Resting VAS,18 h,18h,Other (describe),EA,Sham,Preoperative EA (Group II),Placebo EA (Group I),VAS 0–10,30.0,30.0,,,,,,,NOT REPORTED,Accessed source does not supply the requested numerical result.,ROB2_RESULT_SPECIFIC_PENDING,All randomized/analyzed,https://drive.google.com/file/d/1YsNHL-J3Kgfu8mCanRrNu_bHk_roj0w6/view?usp=drivesdk,Acupuncture in Medicine 2002;20:59–61; Outcomes/Results text,,,,,,1,,,Accessed source does not supply the requested numerical result.
AUDIT-0265,V34_B3_067,Sim 2002,Pain — rest,Resting VAS,24 h,24 h point,Other (describe),EA,Sham,Preoperative EA (Group II),Placebo EA (Group I),VAS 0–10,30.0,30.0,,,,,,,NOT REPORTED,Accessed source does not supply the requested numerical result.,ROB2_RESULT_SPECIFIC_PENDING,All randomized/analyzed,https://drive.google.com/file/d/1YsNHL-J3Kgfu8mCanRrNu_bHk_roj0w6/view?usp=drivesdk,Acupuncture in Medicine 2002;20:59–61; Outcomes/Results text,,,,,,1,,,Accessed source does not supply the requested numerical result.
AUDIT-0266,V34_B3_068,Sim 2002,Pain — rest,Resting VAS,6 h,6h,Other (describe),EA,Sham,Postoperative EA (Group III),Placebo EA (Group I),VAS 0–10,30.0,30.0,,,,,,,NOT REPORTED,Accessed source does not supply the requested numerical result.,ROB2_RESULT_SPECIFIC_PENDING,All randomized/analyzed,https://drive.google.com/file/d/1YsNHL-J3Kgfu8mCanRrNu_bHk_roj0w6/view?usp=drivesdk,Acupuncture in Medicine 2002;20:59–61; Outcomes/Results text,,,,,,1,,,Accessed source does not supply the requested numerical result.
AUDIT-0267,V34_B3_069,Sim 2002,Pain — rest,Resting VAS,12 h,12h,Other (describe),EA,Sham,Postoperative EA (Group III),Placebo EA (Group I),VAS 0–10,30.0,30.0,,,,,,,NOT REPORTED,Accessed source does not supply the requested numerical result.,ROB2_RESULT_SPECIFIC_PENDING,All randomized/analyzed,https://drive.google.com/file/d/1YsNHL-J3Kgfu8mCanRrNu_bHk_roj0w6/view?usp=drivesdk,Acupuncture in Medicine 2002;20:59–61; Outcomes/Results text,,,,,,1,,,Accessed source does not supply the requested numerical result.
AUDIT-0268,V34_B3_070,Sim 2002,Pain — rest,Resting VAS,18 h,18h,Other (describe),EA,Sham,Postoperative EA (Group III),Placebo EA (Group I),VAS 0–10,30.0,30.0,,,,,,,NOT REPORTED,Accessed source does not supply the requested numerical result.,ROB2_RESULT_SPECIFIC_PENDING,All randomized/analyzed,https://drive.google.com/file/d/1YsNHL-J3Kgfu8mCanRrNu_bHk_roj0w6/view?usp=drivesdk,Acupuncture in Medicine 2002;20:59–61; Outcomes/Results text,,,,,,1,,,Accessed source does not supply the requested numerical result.
AUDIT-0269,V34_B3_071,Sim 2002,Pain — rest,Resting VAS,24 h,24 h point,Other (describe),EA,Sham,Postoperative EA (Group III),Placebo EA (Group I),VAS 0–10,30.0,30.0,,,,,,,NOT REPORTED,Accessed source does not supply the requested numerical result.,ROB2_RESULT_SPECIFIC_PENDING,All randomized/analyzed,https://drive.google.com/file/d/1YsNHL-J3Kgfu8mCanRrNu_bHk_roj0w6/view?usp=drivesdk,Acupuncture in Medicine 2002;20:59–61; Outcomes/Results text,,,,,,1,,,Accessed source does not supply the requested numerical result.
AUDIT-0270,V34_B3_072,Sim 2002,PONV composite,PONV,0–24 h,0-24h,Published percentage,EA,Sham,Preoperative EA (Group II),Placebo EA (Group I),percent,30.0,30.0,,,,,,,NARRATIVE ONLY,Printed percentage/CI retained; event counts not reverse-engineered.,ROB2_RESULT_SPECIFIC_PENDING,All randomized/analyzed,https://drive.google.com/file/d/1YsNHL-J3Kgfu8mCanRrNu_bHk_roj0w6/view?usp=drivesdk,Acupuncture in Medicine 2002;20:60–61; Table 2,,,,,,1,,,Printed percentage/CI retained; event counts not reverse-engineered.
AUDIT-0271,V34_B3_073,Sim 2002,PONV composite,PONV,0–24 h,0-24h,Published percentage,EA,Sham,Postoperative EA (Group III),Placebo EA (Group I),percent,30.0,30.0,,,,,,,NARRATIVE ONLY,Printed percentage/CI retained; event counts not reverse-engineered.,ROB2_RESULT_SPECIFIC_PENDING,All randomized/analyzed,https://drive.google.com/file/d/1YsNHL-J3Kgfu8mCanRrNu_bHk_roj0w6/view?usp=drivesdk,Acupuncture in Medicine 2002;20:60–61; Table 2,,,,,,1,,,Printed percentage/CI retained; event counts not reverse-engineered.
AUDIT-0272,V34_B3_074,Sim 2002,Postoperative opioid dose (native window/unit),Drowsiness,0–24 h,0-24h,Published percentage,EA,Sham,Preoperative EA (Group II),Placebo EA (Group I),percent,30.0,30.0,,,,,,,NARRATIVE ONLY,Printed percentage/CI retained; event counts not reverse-engineered.,ROB2_RESULT_SPECIFIC_PENDING,All randomized/analyzed,https://drive.google.com/file/d/1YsNHL-J3Kgfu8mCanRrNu_bHk_roj0w6/view?usp=drivesdk,Acupuncture in Medicine 2002;20:60–61; Table 2,,,,,,1,,,Printed percentage/CI retained; event counts not reverse-engineered.
AUDIT-0273,V34_B3_075,Sim 2002,Postoperative opioid dose (native window/unit),Drowsiness,0–24 h,0-24h,Published percentage,EA,Sham,Postoperative EA (Group III),Placebo EA (Group I),percent,30.0,30.0,,,,,,,NARRATIVE ONLY,Printed percentage/CI retained; event counts not reverse-engineered.,ROB2_RESULT_SPECIFIC_PENDING,All randomized/analyzed,https://drive.google.com/file/d/1YsNHL-J3Kgfu8mCanRrNu_bHk_roj0w6/view?usp=drivesdk,Acupuncture in Medicine 2002;20:60–61; Table 2,,,,,,1,,,Printed percentage/CI retained; event counts not reverse-engineered.
AUDIT-0274,V34_B3_076,Sim 2002,Postoperative opioid dose (native window/unit),Pruritus,0–24 h,0-24h,Published percentage,EA,Sham,Preoperative EA (Group II),Placebo EA (Group I),percent,30.0,30.0,,,,,,,NARRATIVE ONLY,Printed percentage/CI retained; event counts not reverse-engineered.,ROB2_RESULT_SPECIFIC_PENDING,All randomized/analyzed,https://drive.google.com/file/d/1YsNHL-J3Kgfu8mCanRrNu_bHk_roj0w6/view?usp=drivesdk,Acupuncture in Medicine 2002;20:60–61; Table 2,,,,,,1,,,Printed percentage/CI retained; event counts not reverse-engineered.
AUDIT-0275,V34_B3_077,Sim 2002,Postoperative opioid dose (native window/unit),Pruritus,0–24 h,0-24h,Published percentage,EA,Sham,Postoperative EA (Group III),Placebo EA (Group I),percent,30.0,30.0,,,,,,,NARRATIVE ONLY,Printed percentage/CI retained; event counts not reverse-engineered.,ROB2_RESULT_SPECIFIC_PENDING,All randomized/analyzed,https://drive.google.com/file/d/1YsNHL-J3Kgfu8mCanRrNu_bHk_roj0w6/view?usp=drivesdk,Acupuncture in Medicine 2002;20:60–61; Table 2,,,,,,1,,,Printed percentage/CI retained; event counts not reverse-engineered.
AUDIT-0276,V34_B3_078,Sim 2002,Postoperative opioid dose (native window/unit),Postoperative IV PCA morphine in interval,0–6 h,0-6h,Graph only,EA,Sham,Preoperative EA (Group II),Placebo EA (Group I),mg/kg,30.0,30.0,,,,,,,GRAPH ONLY,No new graph digitization; historical digitized data require their original validation before pooling.,ROB2_RESULT_SPECIFIC_PENDING,All randomized/analyzed,https://drive.google.com/file/d/1YsNHL-J3Kgfu8mCanRrNu_bHk_roj0w6/view?usp=drivesdk,Acupuncture in Medicine 2002;20:60; Figure 3,,,,,,1,,,No new graph digitization; historical digitized data require their original validation before pooling.
AUDIT-0277,V34_B3_079,Sim 2002,Postoperative opioid dose (native window/unit),Postoperative IV PCA morphine in interval,12–18 h,12-18h,Graph only,EA,Sham,Preoperative EA (Group II),Placebo EA (Group I),mg/kg,30.0,30.0,,,,,,,GRAPH ONLY,No new graph digitization; historical digitized data require their original validation before pooling.,ROB2_RESULT_SPECIFIC_PENDING,All randomized/analyzed,https://drive.google.com/file/d/1YsNHL-J3Kgfu8mCanRrNu_bHk_roj0w6/view?usp=drivesdk,Acupuncture in Medicine 2002;20:60; Figure 3,,,,,,1,,,No new graph digitization; historical digitized data require their original validation before pooling.
AUDIT-0278,V34_B3_080,Sim 2002,Postoperative opioid dose (native window/unit),Postoperative IV PCA morphine in interval,18–24 h,18-24h,Graph only,EA,Sham,Preoperative EA (Group II),Placebo EA (Group I),mg/kg,30.0,30.0,,,,,,,GRAPH ONLY,No new graph digitization; historical digitized data require their original validation before pooling.,ROB2_RESULT_SPECIFIC_PENDING,All randomized/analyzed,https://drive.google.com/file/d/1YsNHL-J3Kgfu8mCanRrNu_bHk_roj0w6/view?usp=drivesdk,Acupuncture in Medicine 2002;20:60; Figure 3,,,,,,1,,,No new graph digitization; historical digitized data require their original validation before pooling.
AUDIT-0279,V34_B3_081,Sim 2002,Postoperative opioid dose (native window/unit),Postoperative IV PCA morphine in interval,0–6 h,0-6h,Graph only,EA,Sham,Postoperative EA (Group III),Placebo EA (Group I),mg/kg,30.0,30.0,,,,,,,GRAPH ONLY,No new graph digitization; historical digitized data require their original validation before pooling.,ROB2_RESULT_SPECIFIC_PENDING,All randomized/analyzed,https://drive.google.com/file/d/1YsNHL-J3Kgfu8mCanRrNu_bHk_roj0w6/view?usp=drivesdk,Acupuncture in Medicine 2002;20:60; Figure 3,,,,,,1,,,No new graph digitization; historical digitized data require their original validation before pooling.
AUDIT-0280,V34_B3_082,Sim 2002,Postoperative opioid dose (native window/unit),Postoperative IV PCA morphine in interval,12–18 h,12-18h,Graph only,EA,Sham,Postoperative EA (Group III),Placebo EA (Group I),mg/kg,30.0,30.0,,,,,,,GRAPH ONLY,No new graph digitization; historical digitized data require their original validation before pooling.,ROB2_RESULT_SPECIFIC_PENDING,All randomized/analyzed,https://drive.google.com/file/d/1YsNHL-J3Kgfu8mCanRrNu_bHk_roj0w6/view?usp=drivesdk,Acupuncture in Medicine 2002;20:60; Figure 3,,,,,,1,,,No new graph digitization; historical digitized data require their original validation before pooling.
AUDIT-0281,V34_B3_083,Sim 2002,Postoperative opioid dose (native window/unit),Postoperative IV PCA morphine in interval,18–24 h,18-24h,Graph only,EA,Sham,Postoperative EA (Group III),Placebo EA (Group I),mg/kg,30.0,30.0,,,,,,,GRAPH ONLY,No new graph digitization; historical digitized data require their original validation before pooling.,ROB2_RESULT_SPECIFIC_PENDING,All randomized/analyzed,https://drive.google.com/file/d/1YsNHL-J3Kgfu8mCanRrNu_bHk_roj0w6/view?usp=drivesdk,Acupuncture in Medicine 2002;20:60; Figure 3,,,,,,1,,,No new graph digitization; historical digitized data require their original validation before pooling.
AUDIT-0282,V34_B3_084,Lu 2021,Functional recovery,Time to first verbal response,Immediate postoperative recovery,immediate postoperative recovery,Mean/SD,TEAS,Sham,Single PC6 TEAS,Sham/no current,minutes,198.0,188.0,9.1,4.4,9.2,5.1,,,INCLUDE,"Numerically extractable in its native endpoint/time/statistic; pooling still requires compatible stratum, comparator and independent-arm selection.",ROB2_RESULT_SPECIFIC_PENDING,Intention-to-treat,https://drive.google.com/file/d/1MgD_OucfiyNEDdDe3osh8W01U1yYZs08/view?usp=drivesdk,"Journal of Clinical Anesthesia 74 (2021), Table 3; Table 3",,-0.1,0.485931,MD,Native MD; no pooled interpretation without compatible model.,1,-0.020995,0.101834,"Native numeric candidate, not newly pooled: exact outcome definition/time/scale or prespecified arm selection requires a model-specific decision. No automatic pooling of the gap-fill audit."
AUDIT-0283,V34_B3_085,Lu 2021,Functional recovery,Time to first verbal response,Immediate postoperative recovery,immediate postoperative recovery,Mean/SD,TEAS,Sham,Combined PC6+CV17 TEAS,Sham/no current,minutes,190.0,188.0,9.1,4.9,9.2,5.1,,,INCLUDE,"Numerically extractable in its native endpoint/time/statistic; pooling still requires compatible stratum, comparator and independent-arm selection.",ROB2_RESULT_SPECIFIC_PENDING,Intention-to-treat,https://drive.google.com/file/d/1MgD_OucfiyNEDdDe3osh8W01U1yYZs08/view?usp=drivesdk,"Journal of Clinical Anesthesia 74 (2021), Table 3; Table 3",,-0.1,0.514509,MD,Native MD; no pooled interpretation without compatible model.,1,-0.019958,0.102873,"Native numeric candidate, not newly pooled: exact outcome definition/time/scale or prespecified arm selection requires a model-specific decision. No automatic pooling of the gap-fill audit."
AUDIT-0284,V34_B3_086,Lu 2021,Functional recovery,Time to extubation,Immediate postoperative recovery,immediate postoperative recovery,Mean/SD,TEAS,Sham,Single PC6 TEAS,Sham/no current,minutes,198.0,188.0,10.4,4.8,10.7,5.9,,,INCLUDE,"Numerically extractable in its native endpoint/time/statistic; pooling still requires compatible stratum, comparator and independent-arm selection.",ROB2_RESULT_SPECIFIC_PENDING,Intention-to-treat,https://drive.google.com/file/d/1MgD_OucfiyNEDdDe3osh8W01U1yYZs08/view?usp=drivesdk,"Journal of Clinical Anesthesia 74 (2021), Table 3; Table 3",,-0.3,0.549111,MD,Native MD; no pooled interpretation without compatible model.,1,-0.05582,0.101851,"Native numeric candidate, not newly pooled: exact outcome definition/time/scale or prespecified arm selection requires a model-specific decision. No automatic pooling of the gap-fill audit."
AUDIT-0285,V34_B3_087,Lu 2021,Functional recovery,Time to extubation,Immediate postoperative recovery,immediate postoperative recovery,Mean/SD,TEAS,Sham,Combined PC6+CV17 TEAS,Sham/no current,minutes,190.0,188.0,10.6,5.2,10.7,5.9,,,INCLUDE,"Numerically extractable in its native endpoint/time/statistic; pooling still requires compatible stratum, comparator and independent-arm selection.",ROB2_RESULT_SPECIFIC_PENDING,Intention-to-treat,https://drive.google.com/file/d/1MgD_OucfiyNEDdDe3osh8W01U1yYZs08/view?usp=drivesdk,"Journal of Clinical Anesthesia 74 (2021), Table 3; Table 3",,-0.1,0.572255,MD,Native MD; no pooled interpretation without compatible model.,1,-0.017952,0.102872,"Native numeric candidate, not newly pooled: exact outcome definition/time/scale or prespecified arm selection requires a model-specific decision. No automatic pooling of the gap-fill audit."
AUDIT-0286,V34_B3_088,Lu 2021,Pain — rest,NRS at rest,24 h after surgery,24 h point,Median/IQR,TEAS,Sham,Single PC6 TEAS,Sham/no current,NRS 0–10,198.0,188.0,,,,,,,NARRATIVE ONLY,Median and original dispersion preserved; no mean/SD conversion or MD pooling.,ROB2_RESULT_SPECIFIC_PENDING,Intention-to-treat,https://drive.google.com/file/d/1MgD_OucfiyNEDdDe3osh8W01U1yYZs08/view?usp=drivesdk,"Journal of Clinical Anesthesia 74 (2021), pp. 4–6; Table 3 + Results §3.3",,,,,,1,,,Median and original dispersion preserved; no mean/SD conversion or MD pooling.
AUDIT-0287,V34_B3_089,Lu 2021,Pain — rest,NRS at rest,24 h after surgery,24 h point,Median/IQR,TEAS,Sham,Combined PC6+CV17 TEAS,Sham/no current,NRS 0–10,190.0,188.0,,,,,,,NARRATIVE ONLY,Median and original dispersion preserved; no mean/SD conversion or MD pooling.,ROB2_RESULT_SPECIFIC_PENDING,Intention-to-treat,https://drive.google.com/file/d/1MgD_OucfiyNEDdDe3osh8W01U1yYZs08/view?usp=drivesdk,"Journal of Clinical Anesthesia 74 (2021), pp. 4–6; Table 3 + Results §3.3",,,,,,1,,,Median and original dispersion preserved; no mean/SD conversion or MD pooling.
AUDIT-0288,V34_B3_090,Lu 2021,Pain — cough,NRS at cough,24 h after surgery,24 h point,Median/IQR,TEAS,Sham,Single PC6 TEAS,Sham/no current,NRS 0–10,198.0,188.0,,,,,,,NARRATIVE ONLY,Median and original dispersion preserved; no mean/SD conversion or MD pooling.,ROB2_RESULT_SPECIFIC_PENDING,Intention-to-treat,https://drive.google.com/file/d/1MgD_OucfiyNEDdDe3osh8W01U1yYZs08/view?usp=drivesdk,"Journal of Clinical Anesthesia 74 (2021), pp. 4–6; Table 3 + Results §3.3",,,,,,1,,,Median and original dispersion preserved; no mean/SD conversion or MD pooling.
AUDIT-0289,V34_B3_091,Lu 2021,Pain — cough,NRS at cough,24 h after surgery,24 h point,Median/IQR,TEAS,Sham,Combined PC6+CV17 TEAS,Sham/no current,NRS 0–10,190.0,188.0,,,,,,,NARRATIVE ONLY,Median and original dispersion preserved; no mean/SD conversion or MD pooling.,ROB2_RESULT_SPECIFIC_PENDING,Intention-to-treat,https://drive.google.com/file/d/1MgD_OucfiyNEDdDe3osh8W01U1yYZs08/view?usp=drivesdk,"Journal of Clinical Anesthesia 74 (2021), pp. 4–6; Table 3 + Results §3.3",,,,,,1,,,Median and original dispersion preserved; no mean/SD conversion or MD pooling.
AUDIT-0290,V34_B3_092,Lu 2021,Non-opioid rescue analgesia,Demand for rescue parecoxib,0–24 h,0-24h,Events/total,TEAS,Sham,Single PC6 TEAS,Sham/no current,participants,198.0,188.0,,,,,3.0,7.0,INCLUDE,"Numerically extractable in its native endpoint/time/statistic; pooling still requires compatible stratum, comparator and independent-arm selection.",ROB2_RESULT_SPECIFIC_PENDING,Intention-to-treat,https://drive.google.com/file/d/1MgD_OucfiyNEDdDe3osh8W01U1yYZs08/view?usp=drivesdk,"Journal of Clinical Anesthesia 74 (2021), Table 3; Table 3 + Results §3.3",,-0.899123,0.682511,logRR,Uncorrected log risk ratio,1,,,"Native numeric candidate, not newly pooled: exact outcome definition/time/scale or prespecified arm selection requires a model-specific decision. No automatic pooling of the gap-fill audit."
AUDIT-0291,V34_B3_093,Lu 2021,Non-opioid rescue analgesia,Demand for rescue parecoxib,0–24 h,0-24h,Events/total,TEAS,Sham,Combined PC6+CV17 TEAS,Sham/no current,participants,190.0,188.0,,,,,4.0,7.0,INCLUDE,"Numerically extractable in its native endpoint/time/statistic; pooling still requires compatible stratum, comparator and independent-arm selection.",ROB2_RESULT_SPECIFIC_PENDING,Intention-to-treat,https://drive.google.com/file/d/1MgD_OucfiyNEDdDe3osh8W01U1yYZs08/view?usp=drivesdk,"Journal of Clinical Anesthesia 74 (2021), Table 3; Table 3 + Results §3.3",,-0.570198,0.618284,logRR,Uncorrected log risk ratio,1,,,"Native numeric candidate, not newly pooled: exact outcome definition/time/scale or prespecified arm selection requires a model-specific decision. No automatic pooling of the gap-fill audit."
AUDIT-0292,V34_B3_094,Lu 2021,Nausea,Nausea incidence,0–24 h,0-24h,Events/total,TEAS,Sham,Single PC6 TEAS,Sham/no current,participants,198.0,188.0,,,,,38.0,45.0,INCLUDE,"Numerically extractable in its native endpoint/time/statistic; pooling still requires compatible stratum, comparator and independent-arm selection.",ROB2_RESULT_SPECIFIC_PENDING,Intention-to-treat,https://drive.google.com/file/d/1MgD_OucfiyNEDdDe3osh8W01U1yYZs08/view?usp=drivesdk,"Journal of Clinical Anesthesia 74 (2021), Table 3; Table 3",,-0.220901,0.195367,logRR,Uncorrected log risk ratio,1,,,"Native numeric candidate, not newly pooled: exact outcome definition/time/scale or prespecified arm selection requires a model-specific decision. No automatic pooling of the gap-fill audit."
AUDIT-0293,V34_B3_095,Lu 2021,Nausea,Nausea incidence,0–24 h,0-24h,Events/total,TEAS,Sham,Combined PC6+CV17 TEAS,Sham/no current,participants,190.0,188.0,,,,,12.0,45.0,INCLUDE,"Numerically extractable in its native endpoint/time/statistic; pooling still requires compatible stratum, comparator and independent-arm selection.",ROB2_RESULT_SPECIFIC_PENDING,Intention-to-treat,https://drive.google.com/file/d/1MgD_OucfiyNEDdDe3osh8W01U1yYZs08/view?usp=drivesdk,"Journal of Clinical Anesthesia 74 (2021), Table 3; Table 3",,-1.332338,0.308177,logRR,Uncorrected log risk ratio,1,,,"Native numeric candidate, not newly pooled: exact outcome definition/time/scale or prespecified arm selection requires a model-specific decision. No automatic pooling of the gap-fill audit."
AUDIT-0294,V34_B3_096,Lu 2021,Vomiting,Vomiting incidence,0–24 h,0-24h,Events/total,TEAS,Sham,Single PC6 TEAS,Sham/no current,participants,198.0,188.0,,,,,21.0,22.0,INCLUDE,"Numerically extractable in its native endpoint/time/statistic; pooling still requires compatible stratum, comparator and independent-arm selection.",ROB2_RESULT_SPECIFIC_PENDING,Intention-to-treat,https://drive.google.com/file/d/1MgD_OucfiyNEDdDe3osh8W01U1yYZs08/view?usp=drivesdk,"Journal of Clinical Anesthesia 74 (2021), Table 3; Table 3",,-0.098345,0.287583,logRR,Uncorrected log risk ratio,1,,,"Native numeric candidate, not newly pooled: exact outcome definition/time/scale or prespecified arm selection requires a model-specific decision. No automatic pooling of the gap-fill audit."
AUDIT-0295,V34_B3_097,Lu 2021,Vomiting,Vomiting incidence,0–24 h,0-24h,Events/total,TEAS,Sham,Combined PC6+CV17 TEAS,Sham/no current,participants,190.0,188.0,,,,,22.0,22.0,INCLUDE,"Numerically extractable in its native endpoint/time/statistic; pooling still requires compatible stratum, comparator and independent-arm selection.",ROB2_RESULT_SPECIFIC_PENDING,Intention-to-treat,https://drive.google.com/file/d/1MgD_OucfiyNEDdDe3osh8W01U1yYZs08/view?usp=drivesdk,"Journal of Clinical Anesthesia 74 (2021), Table 3; Table 3",,-0.010582,0.28342,logRR,Uncorrected log risk ratio,1,,,"Native numeric candidate, not newly pooled: exact outcome definition/time/scale or prespecified arm selection requires a model-specific decision. No automatic pooling of the gap-fill audit."
AUDIT-0296,V34_B3_098,Lu 2021,PONV severity,PONV severity score,0–24 h,0-24h,Mean/SD,TEAS,Sham,Single PC6 TEAS,Sham/no current,PONV severity score; scale definition not repeated in Table 3,198.0,188.0,0.4,0.7,0.4,0.7,,,INCLUDE,"Numerically extractable in its native endpoint/time/statistic; pooling still requires compatible stratum, comparator and independent-arm selection.",ROB2_RESULT_SPECIFIC_PENDING,Intention-to-treat,https://drive.google.com/file/d/1MgD_OucfiyNEDdDe3osh8W01U1yYZs08/view?usp=drivesdk,"Journal of Clinical Anesthesia 74 (2021), Table 3; Table 3",,0.0,0.071282,MD,Native MD; no pooled interpretation without compatible model.,1,0.0,0.101831,"Native numeric candidate, not newly pooled: exact outcome definition/time/scale or prespecified arm selection requires a model-specific decision. No automatic pooling of the gap-fill audit."
AUDIT-0297,V34_B3_099,Lu 2021,PONV severity,PONV severity score,0–24 h,0-24h,Mean/SD,TEAS,Sham,Combined PC6+CV17 TEAS,Sham/no current,PONV severity score; scale definition not repeated in Table 3,190.0,188.0,0.3,0.7,0.4,0.7,,,INCLUDE,"Numerically extractable in its native endpoint/time/statistic; pooling still requires compatible stratum, comparator and independent-arm selection.",ROB2_RESULT_SPECIFIC_PENDING,Intention-to-treat,https://drive.google.com/file/d/1MgD_OucfiyNEDdDe3osh8W01U1yYZs08/view?usp=drivesdk,"Journal of Clinical Anesthesia 74 (2021), Table 3; Table 3",,-0.1,0.072009,MD,Native MD; no pooled interpretation without compatible model.,1,-0.142572,0.103001,"Native numeric candidate, not newly pooled: exact outcome definition/time/scale or prespecified arm selection requires a model-specific decision. No automatic pooling of the gap-fill audit."
AUDIT-0298,V34_B3_100,Lu 2021,Patient satisfaction,Analgesia satisfaction score,By 24 h after surgery,by 24h after surgery,Mean/SD,TEAS,Sham,Single PC6 TEAS,Sham/no current,satisfaction score; scale range not stated in retrieved table text,198.0,188.0,8.2,1.1,8.2,0.9,,,HOLD,"Source definition, timepoint, denominator, scale, statistic, or post-randomization subset requires adjudication; see raw source/QC.",ROB2_RESULT_SPECIFIC_PENDING,Intention-to-treat,https://drive.google.com/file/d/1MgD_OucfiyNEDdDe3osh8W01U1yYZs08/view?usp=drivesdk,"Journal of Clinical Anesthesia 74 (2021), Table 3; Table 3",,,,,,1,,,"Source definition, timepoint, denominator, scale, statistic, or post-randomization subset requires adjudication; see raw source/QC."
AUDIT-0299,V34_B3_101,Lu 2021,Patient satisfaction,Analgesia satisfaction score,By 24 h after surgery,by 24h after surgery,Mean/SD,TEAS,Sham,Combined PC6+CV17 TEAS,Sham/no current,satisfaction score; scale range not stated in retrieved table text,190.0,188.0,8.4,0.9,8.2,0.9,,,HOLD,"Source definition, timepoint, denominator, scale, statistic, or post-randomization subset requires adjudication; see raw source/QC.",ROB2_RESULT_SPECIFIC_PENDING,Intention-to-treat,https://drive.google.com/file/d/1MgD_OucfiyNEDdDe3osh8W01U1yYZs08/view?usp=drivesdk,"Journal of Clinical Anesthesia 74 (2021), Table 3; Table 3",,,,,,1,,,"Source definition, timepoint, denominator, scale, statistic, or post-randomization subset requires adjudication; see raw source/QC."
AUDIT-0300,V34_B3_102,Lu 2021,Chronic pain,Post-mastectomy chronic pain incidence,3 months,3 months,Events/total,TEAS,Sham,Single PC6 TEAS,Sham/no current,participants,198.0,188.0,,,,,70.0,75.0,INCLUDE,"Numerically extractable in its native endpoint/time/statistic; pooling still requires compatible stratum, comparator and independent-arm selection.",ROB2_RESULT_SPECIFIC_PENDING,Intention-to-treat,https://drive.google.com/file/d/1MgD_OucfiyNEDdDe3osh8W01U1yYZs08/view?usp=drivesdk,"Journal of Clinical Anesthesia 74 (2021), Table 2; Table 2",,-0.120818,0.131337,logRR,Uncorrected log risk ratio,1,,,"Native numeric candidate, not newly pooled: exact outcome definition/time/scale or prespecified arm selection requires a model-specific decision. No automatic pooling of the gap-fill audit."
AUDIT-0301,V34_B3_103,Lu 2021,Chronic pain,Post-mastectomy chronic pain incidence,3 months,3 months,Events/total,TEAS,Sham,Combined PC6+CV17 TEAS,Sham/no current,participants,190.0,188.0,,,,,58.0,75.0,INCLUDE,"Numerically extractable in its native endpoint/time/statistic; pooling still requires compatible stratum, comparator and independent-arm selection.",ROB2_RESULT_SPECIFIC_PENDING,Intention-to-treat,https://drive.google.com/file/d/1MgD_OucfiyNEDdDe3osh8W01U1yYZs08/view?usp=drivesdk,"Journal of Clinical Anesthesia 74 (2021), Table 2; Table 2",,-0.267627,0.141395,logRR,Uncorrected log risk ratio,1,,,"Native numeric candidate, not newly pooled: exact outcome definition/time/scale or prespecified arm selection requires a model-specific decision. No automatic pooling of the gap-fill audit."
AUDIT-0302,V34_B3_104,Lu 2021,Chronic pain,NRS among participants reporting chronic pain,3 months,3 months,Mean/SD,TEAS,Sham,Single PC6 TEAS,Sham/no current,NRS 0–10,70.0,75.0,2.6,2.0,2.8,2.0,,,HOLD,"Source definition, timepoint, denominator, scale, statistic, or post-randomization subset requires adjudication; see raw source/QC.",ROB2_RESULT_SPECIFIC_PENDING,Subset with chronic pain,https://drive.google.com/file/d/1MgD_OucfiyNEDdDe3osh8W01U1yYZs08/view?usp=drivesdk,"Journal of Clinical Anesthesia 74 (2021), Table 2; Table 2",,,,,,1,,,"Source definition, timepoint, denominator, scale, statistic, or post-randomization subset requires adjudication; see raw source/QC."
AUDIT-0303,V34_B3_105,Lu 2021,Chronic pain,NRS among participants reporting chronic pain,3 months,3 months,Mean/SD,TEAS,Sham,Combined PC6+CV17 TEAS,Sham/no current,NRS 0–10,58.0,75.0,2.3,2.0,2.8,2.0,,,HOLD,"Source definition, timepoint, denominator, scale, statistic, or post-randomization subset requires adjudication; see raw source/QC.",ROB2_RESULT_SPECIFIC_PENDING,Subset with chronic pain,https://drive.google.com/file/d/1MgD_OucfiyNEDdDe3osh8W01U1yYZs08/view?usp=drivesdk,"Journal of Clinical Anesthesia 74 (2021), Table 2; Table 2",,,,,,1,,,"Source definition, timepoint, denominator, scale, statistic, or post-randomization subset requires adjudication; see raw source/QC."
AUDIT-0304,V34_B3_106,Lu 2021,Chronic pain,NRS among participants reporting chronic pain,6 months,6 months,Mean/SD,TEAS,Sham,Single PC6 TEAS,Sham/no current,NRS 0–10,72.0,65.0,2.7,2.0,2.8,1.8,,,HOLD,"Source definition, timepoint, denominator, scale, statistic, or post-randomization subset requires adjudication; see raw source/QC.",ROB2_RESULT_SPECIFIC_PENDING,Subset with chronic pain,https://drive.google.com/file/d/1MgD_OucfiyNEDdDe3osh8W01U1yYZs08/view?usp=drivesdk,"Journal of Clinical Anesthesia 74 (2021), Table 2; Table 2",,,,,,1,,,"Source definition, timepoint, denominator, scale, statistic, or post-randomization subset requires adjudication; see raw source/QC."
AUDIT-0305,V34_B3_107,Lu 2021,Chronic pain,NRS among participants reporting chronic pain,6 months,6 months,Mean/SD,TEAS,Sham,Combined PC6+CV17 TEAS,Sham/no current,NRS 0–10,42.0,65.0,2.4,1.9,2.8,1.8,,,HOLD,"Source definition, timepoint, denominator, scale, statistic, or post-randomization subset requires adjudication; see raw source/QC.",ROB2_RESULT_SPECIFIC_PENDING,Subset with chronic pain,https://drive.google.com/file/d/1MgD_OucfiyNEDdDe3osh8W01U1yYZs08/view?usp=drivesdk,"Journal of Clinical Anesthesia 74 (2021), Table 2; Table 2",,,,,,1,,,"Source definition, timepoint, denominator, scale, statistic, or post-randomization subset requires adjudication; see raw source/QC."
AUDIT-0306,V34_B3_108,Long 2025,Pain — unspecified context,VAS pain intensity,48 h,48h,Mean/SD,EA,Sham,Perioperative electrical acupoint stimulation (Group A),Electrodes/no current control (Group C),VAS 0–10,27.0,26.0,1.85,0.72,2.65,0.94,,,INCLUDE,"Numerically extractable in its native endpoint/time/statistic; pooling still requires compatible stratum, comparator and independent-arm selection.",ROB2_RESULT_SPECIFIC_PENDING,Available-case analysis; source denominator inconsistencies noted,https://drive.google.com/file/d/1LDqtQLq9-kZLP0Vv_G3iiK8QKjy4pRXP/view?usp=drivesdk,"Injury 56 (2025), p. 9; Table 7",,-0.8,0.230618,MD,Native MD; no pooled interpretation without compatible model.,1,-0.943793,0.289658,"Native numeric candidate, not newly pooled: exact outcome definition/time/scale or prespecified arm selection requires a model-specific decision. No automatic pooling of the gap-fill audit."
AUDIT-0307,V34_B3_109,Long 2025,LOS,Hospital stay,Postoperative hospitalization,postoperative hospitalization,Mean/SD,EA,Sham,Perioperative electrical acupoint stimulation (Group A),Electrodes/no current control (Group C),days,27.0,26.0,13.37,3.03,14.77,3.57,,,INCLUDE,"Numerically extractable in its native endpoint/time/statistic; pooling still requires compatible stratum, comparator and independent-arm selection.",ROB2_RESULT_SPECIFIC_PENDING,Available-case analysis; source denominator inconsistencies noted,https://drive.google.com/file/d/1LDqtQLq9-kZLP0Vv_G3iiK8QKjy4pRXP/view?usp=drivesdk,"Injury 56 (2025), p. 9; Table 7",,-1.4,0.911165,MD,Native MD; no pooled interpretation without compatible model.,1,-0.417246,0.277743,"Native numeric candidate, not newly pooled: exact outcome definition/time/scale or prespecified arm selection requires a model-specific decision. No automatic pooling of the gap-fill audit."
AUDIT-0308,V34_B3_110,Long 2025,Functional recovery,Extubation time,Immediate postoperative recovery,immediate postoperative recovery,Mean/SD,EA,Sham,Perioperative electrical acupoint stimulation (Group A),Electrodes/no current control (Group C),minutes,27.0,26.0,7.44,6.03,10.85,8.44,,,INCLUDE,"Numerically extractable in its native endpoint/time/statistic; pooling still requires compatible stratum, comparator and independent-arm selection.",ROB2_RESULT_SPECIFIC_PENDING,Available-case analysis; source denominator inconsistencies noted,https://drive.google.com/file/d/1LDqtQLq9-kZLP0Vv_G3iiK8QKjy4pRXP/view?usp=drivesdk,"Injury 56 (2025), Table 5 / Results; Table 5",,-3.41,2.021498,MD,Native MD; no pooled interpretation without compatible model.,1,-0.459508,0.278371,"Native numeric candidate, not newly pooled: exact outcome definition/time/scale or prespecified arm selection requires a model-specific decision. No automatic pooling of the gap-fill audit."
AUDIT-0309,V34_B3_111,Long 2025,Functional recovery — PACU,Recovery-room stay >30 min,Immediate postoperative recovery,immediate postoperative recovery,Published percentage,EA,Sham,Perioperative electrical acupoint stimulation (Group A),Electrodes/no current control (Group C),percent,27.0,26.0,,,,,,,NARRATIVE ONLY,Printed percentage/CI retained; event counts not reverse-engineered.,ROB2_RESULT_SPECIFIC_PENDING,Available-case analysis; source denominator inconsistencies noted,https://drive.google.com/file/d/1LDqtQLq9-kZLP0Vv_G3iiK8QKjy4pRXP/view?usp=drivesdk,"Injury 56 (2025), Table 5 / Results; Table 5",,,,,,1,,,Printed percentage/CI retained; event counts not reverse-engineered.
AUDIT-0310,V34_B3_112,Long 2025,Neurocognitive,Perioperative neurocognitive disorder (PND),POD7,pod7,Published event count + percentage; denominator inconsistent,EA,Sham,Perioperative electrical acupoint stimulation (Group A),Electrodes/no current control (Group C),participants,,,,,,,1.0,2.0,HOLD,"Source definition, timepoint, denominator, scale, statistic, or post-randomization subset requires adjudication; see raw source/QC.",ROB2_RESULT_SPECIFIC_PENDING,Available-case analysis; source denominator inconsistencies noted,https://drive.google.com/file/d/1LDqtQLq9-kZLP0Vv_G3iiK8QKjy4pRXP/view?usp=drivesdk,"Injury 56 (2025), Table 2; Table 2",,,,,,1,,,"Source definition, timepoint, denominator, scale, statistic, or post-randomization subset requires adjudication; see raw source/QC."
AUDIT-0311,V34_B3_113,Long 2025,Pain — unspecified context,Stomach pain and distension,Postoperative,postoperative,Events/total,EA,Sham,Perioperative electrical acupoint stimulation (Group A),Electrodes/no current control (Group C),participants,27.0,26.0,,,,,3.0,2.0,INCLUDE,"Numerically extractable in its native endpoint/time/statistic; pooling still requires compatible stratum, comparator and independent-arm selection.",ROB2_RESULT_SPECIFIC_PENDING,Available-case analysis; source denominator inconsistencies noted,https://drive.google.com/file/d/1LDqtQLq9-kZLP0Vv_G3iiK8QKjy4pRXP/view?usp=drivesdk,"Injury 56 (2025), Table 6; Table 6",,0.367725,0.870537,logRR,Uncorrected log risk ratio,1,,,"Native numeric candidate, not newly pooled: exact outcome definition/time/scale or prespecified arm selection requires a model-specific decision. No automatic pooling of the gap-fill audit."
AUDIT-0312,V34_B3_114,Long 2025,Adverse events,Postoperative hypotension,Postoperative,postoperative,Events/total,EA,Sham,Perioperative electrical acupoint stimulation (Group A),Electrodes/no current control (Group C),participants,27.0,26.0,,,,,3.0,1.0,INCLUDE,"Numerically extractable in its native endpoint/time/statistic; pooling still requires compatible stratum, comparator and independent-arm selection.",ROB2_RESULT_SPECIFIC_PENDING,Available-case analysis; source denominator inconsistencies noted,https://drive.google.com/file/d/1LDqtQLq9-kZLP0Vv_G3iiK8QKjy4pRXP/view?usp=drivesdk,"Injury 56 (2025), Table 6; Table 6",,1.060872,1.121532,logRR,Uncorrected log risk ratio,1,,,"Native numeric candidate, not newly pooled: exact outcome definition/time/scale or prespecified arm selection requires a model-specific decision. No automatic pooling of the gap-fill audit."
AUDIT-0313,V34_B3_115,Long 2025,Adverse events,Postoperative hypertension,Postoperative,postoperative,Events/total,EA,Sham,Perioperative electrical acupoint stimulation (Group A),Electrodes/no current control (Group C),participants,27.0,26.0,,,,,3.0,2.0,INCLUDE,"Numerically extractable in its native endpoint/time/statistic; pooling still requires compatible stratum, comparator and independent-arm selection.",ROB2_RESULT_SPECIFIC_PENDING,Available-case analysis; source denominator inconsistencies noted,https://drive.google.com/file/d/1LDqtQLq9-kZLP0Vv_G3iiK8QKjy4pRXP/view?usp=drivesdk,"Injury 56 (2025), Table 6; Table 6",,0.367725,0.870537,logRR,Uncorrected log risk ratio,1,,,"Native numeric candidate, not newly pooled: exact outcome definition/time/scale or prespecified arm selection requires a model-specific decision. No automatic pooling of the gap-fill audit."
AUDIT-0314,V34_B3_116,Long 2025,Adverse events,Tachycardia/bradycardia,Postoperative,postoperative,Events/total,EA,Sham,Perioperative electrical acupoint stimulation (Group A),Electrodes/no current control (Group C),participants,27.0,26.0,,,,,2.0,2.0,INCLUDE,"Numerically extractable in its native endpoint/time/statistic; pooling still requires compatible stratum, comparator and independent-arm selection.",ROB2_RESULT_SPECIFIC_PENDING,Available-case analysis; source denominator inconsistencies noted,https://drive.google.com/file/d/1LDqtQLq9-kZLP0Vv_G3iiK8QKjy4pRXP/view?usp=drivesdk,"Injury 56 (2025), Table 6; Table 6",,-0.03774,0.96151,logRR,Uncorrected log risk ratio,1,,,"Native numeric candidate, not newly pooled: exact outcome definition/time/scale or prespecified arm selection requires a model-specific decision. No automatic pooling of the gap-fill audit."
AUDIT-0315,V34_B3_117,Long 2025,Adverse events,Hypoxemia,Postoperative,postoperative,Events/total,EA,Sham,Perioperative electrical acupoint stimulation (Group A),Electrodes/no current control (Group C),participants,27.0,26.0,,,,,0.0,4.0,INCLUDE,"Numerically extractable in its native endpoint/time/statistic; pooling still requires compatible stratum, comparator and independent-arm selection.",ROB2_RESULT_SPECIFIC_PENDING,Available-case analysis; source denominator inconsistencies noted,https://drive.google.com/file/d/1LDqtQLq9-kZLP0Vv_G3iiK8QKjy4pRXP/view?usp=drivesdk,"Injury 56 (2025), Table 6; Table 6",,-2.233592,1.466107,logRR,0.5 added to all four cells,1,,,"Native numeric candidate, not newly pooled: exact outcome definition/time/scale or prespecified arm selection requires a model-specific decision. No automatic pooling of the gap-fill audit."
AUDIT-0316,V34_B3_118,Long 2025,Adverse events,Headache and vertigo,Postoperative,postoperative,Events/total,EA,Sham,Perioperative electrical acupoint stimulation (Group A),Electrodes/no current control (Group C),participants,27.0,26.0,,,,,5.0,5.0,INCLUDE,"Numerically extractable in its native endpoint/time/statistic; pooling still requires compatible stratum, comparator and independent-arm selection.",ROB2_RESULT_SPECIFIC_PENDING,Available-case analysis; source denominator inconsistencies noted,https://drive.google.com/file/d/1LDqtQLq9-kZLP0Vv_G3iiK8QKjy4pRXP/view?usp=drivesdk,"Injury 56 (2025), Table 6; Table 6",,-0.03774,0.56965,logRR,Uncorrected log risk ratio,1,,,"Native numeric candidate, not newly pooled: exact outcome definition/time/scale or prespecified arm selection requires a model-specific decision. No automatic pooling of the gap-fill audit."
AUDIT-0317,V34_B3_119,Long 2025,Adverse events,Delirious agitation,Postoperative,postoperative,Events/total,EA,Sham,Perioperative electrical acupoint stimulation (Group A),Electrodes/no current control (Group C),participants,27.0,26.0,,,,,5.0,3.0,INCLUDE,"Numerically extractable in its native endpoint/time/statistic; pooling still requires compatible stratum, comparator and independent-arm selection.",ROB2_RESULT_SPECIFIC_PENDING,Available-case analysis; source denominator inconsistencies noted,https://drive.google.com/file/d/1LDqtQLq9-kZLP0Vv_G3iiK8QKjy4pRXP/view?usp=drivesdk,"Injury 56 (2025), Table 6; Table 6",,0.473085,0.676635,logRR,Uncorrected log risk ratio,1,,,"Native numeric candidate, not newly pooled: exact outcome definition/time/scale or prespecified arm selection requires a model-specific decision. No automatic pooling of the gap-fill audit."
AUDIT-0318,V34_B3_120,Sim 2002,Postoperative opioid dose (native window/unit),Postoperative IV PCA morphine in interval,6–12 h,6-12h,Median/IQR width as printed,EA,Sham,Postoperative EA (Group III),Placebo EA (Group I),mg/kg,30.0,30.0,,,,,,,NARRATIVE ONLY,Median and original dispersion preserved; no mean/SD conversion or MD pooling.,ROB2_RESULT_SPECIFIC_PENDING,All randomized/analyzed,https://drive.google.com/file/d/1YsNHL-J3Kgfu8mCanRrNu_bHk_roj0w6/view?usp=drivesdk,Acupuncture in Medicine 2002;20:60; Results text + Figure 3,,,,,,1,,,Median and original dispersion preserved; no mean/SD conversion or MD pooling.
AUDIT-0319,V34_B3_121,Sim 2002,Intraoperative opioid,Alfentanil requirement rate,Intraoperative,intraoperative,Mean/SD,EA,Sham,Postoperative EA (Group III),Placebo EA (Group I),μg/kg/min,30.0,30.0,0.58,0.22,0.51,0.21,,,EXCLUDE,Postoperative EA cannot estimate a treatment effect on preceding intraoperative alfentanil.,ROB2_RESULT_SPECIFIC_PENDING,All randomized/analyzed,https://drive.google.com/file/d/1YsNHL-J3Kgfu8mCanRrNu_bHk_roj0w6/view?usp=drivesdk,"Acupuncture in Medicine 2002;20:56,59–60; Abstract/Results + Figure 2",,,,,,1,,,Postoperative EA cannot estimate a treatment effect on preceding intraoperative alfentanil.
AUDIT-0320,V34_B4_001,Wang 2024,PONV composite,PONV incidence,0–2 h,0-2h,Events/total,TEAS,CONTROL_TYPE_REVIEW_REQUIRED,SNVP: ondansetron+dexamethasone+TEAS (SNVP-ODT),SNVP: ondansetron+dexamethasone (SNVP-OD),participants,33.0,35.0,,,,,13.0,20.0,INCLUDE,"Numerically extractable in its native endpoint/time/statistic; pooling still requires compatible stratum, comparator and independent-arm selection.",ROB2_RESULT_SPECIFIC_PENDING,Available-case/completer analysis within SNVP risk stratum,https://drive.google.com/file/d/1U8tkq6mKFO0IkA2glfgLjN4Krwku3FZn/view?usp=drivesdk,Breast Cancer 2024;31:931–932; Table 3,,-0.371942,0.260861,logRR,Uncorrected log risk ratio,1,,,"Native numeric candidate, not newly pooled: exact outcome definition/time/scale or prespecified arm selection requires a model-specific decision. No automatic pooling of the gap-fill audit."
AUDIT-0321,V34_B4_002,Wang 2024,PONV composite,PONV incidence,2–6 h,2-6h,Events/total,TEAS,CONTROL_TYPE_REVIEW_REQUIRED,SNVP: ondansetron+dexamethasone+TEAS (SNVP-ODT),SNVP: ondansetron+dexamethasone (SNVP-OD),participants,33.0,35.0,,,,,12.0,19.0,INCLUDE,"Numerically extractable in its native endpoint/time/statistic; pooling still requires compatible stratum, comparator and independent-arm selection.",ROB2_RESULT_SPECIFIC_PENDING,Available-case/completer analysis within SNVP risk stratum,https://drive.google.com/file/d/1U8tkq6mKFO0IkA2glfgLjN4Krwku3FZn/view?usp=drivesdk,Breast Cancer 2024;31:931–932; Table 3,,-0.400692,0.277652,logRR,Uncorrected log risk ratio,1,,,"Native numeric candidate, not newly pooled: exact outcome definition/time/scale or prespecified arm selection requires a model-specific decision. No automatic pooling of the gap-fill audit."
AUDIT-0322,V34_B4_003,Wang 2024,PONV composite,PONV incidence,24–36 h,24-36h,Events/total,TEAS,CONTROL_TYPE_REVIEW_REQUIRED,SNVP: ondansetron+dexamethasone+TEAS (SNVP-ODT),SNVP: ondansetron+dexamethasone (SNVP-OD),participants,33.0,35.0,,,,,0.0,3.0,INCLUDE,"Numerically extractable in its native endpoint/time/statistic; pooling still requires compatible stratum, comparator and independent-arm selection.",ROB2_RESULT_SPECIFIC_PENDING,Available-case/completer analysis within SNVP risk stratum,https://drive.google.com/file/d/1U8tkq6mKFO0IkA2glfgLjN4Krwku3FZn/view?usp=drivesdk,Breast Cancer 2024;31:931–932; Table 3,,-1.888752,1.492824,logRR,0.5 added to all four cells,1,,,"Native numeric candidate, not newly pooled: exact outcome definition/time/scale or prespecified arm selection requires a model-specific decision. No automatic pooling of the gap-fill audit."
AUDIT-0323,V34_B4_004,Wang 2024,Vomiting,Vomiting incidence,0–6 h combined,0-6h combined,Events/total,TEAS,CONTROL_TYPE_REVIEW_REQUIRED,SNVP: ondansetron+dexamethasone+TEAS (SNVP-ODT),SNVP: ondansetron+dexamethasone (SNVP-OD),participants,33.0,35.0,,,,,7.0,19.0,INCLUDE,"Numerically extractable in its native endpoint/time/statistic; pooling still requires compatible stratum, comparator and independent-arm selection.",ROB2_RESULT_SPECIFIC_PENDING,Available-case/completer analysis within SNVP risk stratum,https://drive.google.com/file/d/1U8tkq6mKFO0IkA2glfgLjN4Krwku3FZn/view?usp=drivesdk,"Breast Cancer 2024;31:926,931–932; Abstract + Results text",,-0.939688,0.369614,logRR,Uncorrected log risk ratio,1,,,"Native numeric candidate, not newly pooled: exact outcome definition/time/scale or prespecified arm selection requires a model-specific decision. No automatic pooling of the gap-fill audit."
AUDIT-0324,V34_B4_005,Wang 2024,PONV composite,PONV incidence,6–12 h,6-12h,Events/total,TEAS,CONTROL_TYPE_REVIEW_REQUIRED,MNVP: ondansetron+dexamethasone+TEAS (MNVP-ODT),MNVP: ondansetron+dexamethasone (MNVP-OD),participants,35.0,35.0,,,,,2.0,3.0,INCLUDE,"Numerically extractable in its native endpoint/time/statistic; pooling still requires compatible stratum, comparator and independent-arm selection.",ROB2_RESULT_SPECIFIC_PENDING,Complete analysis within MNVP risk stratum,https://drive.google.com/file/d/1U8tkq6mKFO0IkA2glfgLjN4Krwku3FZn/view?usp=drivesdk,Breast Cancer 2024;31:931–932; Table 3,,-0.405465,0.881017,logRR,Uncorrected log risk ratio,1,,,"Native numeric candidate, not newly pooled: exact outcome definition/time/scale or prespecified arm selection requires a model-specific decision. No automatic pooling of the gap-fill audit."
AUDIT-0325,V34_B4_006,Wang 2024,PONV composite,PONV incidence,12–24 h,12-24h,Events/total,TEAS,CONTROL_TYPE_REVIEW_REQUIRED,MNVP: ondansetron+dexamethasone+TEAS (MNVP-ODT),MNVP: ondansetron+dexamethasone (MNVP-OD),participants,35.0,35.0,,,,,2.0,0.0,INCLUDE,"Numerically extractable in its native endpoint/time/statistic; pooling still requires compatible stratum, comparator and independent-arm selection.",ROB2_RESULT_SPECIFIC_PENDING,Complete analysis within MNVP risk stratum,https://drive.google.com/file/d/1U8tkq6mKFO0IkA2glfgLjN4Krwku3FZn/view?usp=drivesdk,Breast Cancer 2024;31:931–932; Table 3,,1.609438,1.531158,logRR,0.5 added to all four cells,1,,,"Native numeric candidate, not newly pooled: exact outcome definition/time/scale or prespecified arm selection requires a model-specific decision. No automatic pooling of the gap-fill audit."
AUDIT-0326,V34_B4_007,Wang 2024,PONV composite,PONV incidence,24–36 h,24-36h,Events/total,TEAS,CONTROL_TYPE_REVIEW_REQUIRED,MNVP: ondansetron+dexamethasone+TEAS (MNVP-ODT),MNVP: ondansetron+dexamethasone (MNVP-OD),participants,35.0,35.0,,,,,0.0,0.0,INCLUDE,"Numerically extractable in its native endpoint/time/statistic; pooling still requires compatible stratum, comparator and independent-arm selection.",ROB2_RESULT_SPECIFIC_PENDING,Complete analysis within MNVP risk stratum,https://drive.google.com/file/d/1U8tkq6mKFO0IkA2glfgLjN4Krwku3FZn/view?usp=drivesdk,Breast Cancer 2024;31:931–932; Table 3,,,,logRR,Double-zero: retained as safety evidence; no logRR estimated.,1,,,"Native numeric candidate, not newly pooled: exact outcome definition/time/scale or prespecified arm selection requires a model-specific decision. No automatic pooling of the gap-fill audit."
AUDIT-0327,V34_B4_008,Wang 2024,Pain — unspecified context,Postoperative pain VAS,2 h,2h,Other (describe),TEAS,CONTROL_TYPE_REVIEW_REQUIRED,SNVP: ondansetron+dexamethasone+TEAS (SNVP-ODT),SNVP: ondansetron+dexamethasone (SNVP-OD),VAS 0–10,33.0,35.0,,,,,,,NOT REPORTED,Accessed source does not supply the requested numerical result.,ROB2_RESULT_SPECIFIC_PENDING,Available-case/completer analysis within SNVP risk stratum,https://drive.google.com/file/d/1U8tkq6mKFO0IkA2glfgLjN4Krwku3FZn/view?usp=drivesdk,Breast Cancer 2024;31:928–929; Methods / Outcomes,,,,,,1,,,Accessed source does not supply the requested numerical result.
AUDIT-0328,V34_B4_009,Wang 2024,Pain — unspecified context,Postoperative pain VAS,6 h,6h,Other (describe),TEAS,CONTROL_TYPE_REVIEW_REQUIRED,SNVP: ondansetron+dexamethasone+TEAS (SNVP-ODT),SNVP: ondansetron+dexamethasone (SNVP-OD),VAS 0–10,33.0,35.0,,,,,,,NOT REPORTED,Accessed source does not supply the requested numerical result.,ROB2_RESULT_SPECIFIC_PENDING,Available-case/completer analysis within SNVP risk stratum,https://drive.google.com/file/d/1U8tkq6mKFO0IkA2glfgLjN4Krwku3FZn/view?usp=drivesdk,Breast Cancer 2024;31:928–929; Methods / Outcomes,,,,,,1,,,Accessed source does not supply the requested numerical result.
AUDIT-0329,V34_B4_010,Wang 2024,Pain — unspecified context,Postoperative pain VAS,12 h,12h,Other (describe),TEAS,CONTROL_TYPE_REVIEW_REQUIRED,SNVP: ondansetron+dexamethasone+TEAS (SNVP-ODT),SNVP: ondansetron+dexamethasone (SNVP-OD),VAS 0–10,33.0,35.0,,,,,,,NOT REPORTED,Accessed source does not supply the requested numerical result.,ROB2_RESULT_SPECIFIC_PENDING,Available-case/completer analysis within SNVP risk stratum,https://drive.google.com/file/d/1U8tkq6mKFO0IkA2glfgLjN4Krwku3FZn/view?usp=drivesdk,Breast Cancer 2024;31:928–929; Methods / Outcomes,,,,,,1,,,Accessed source does not supply the requested numerical result.
AUDIT-0330,V34_B4_011,Wang 2024,Pain — unspecified context,Postoperative pain VAS,24 h,24 h point,Other (describe),TEAS,CONTROL_TYPE_REVIEW_REQUIRED,SNVP: ondansetron+dexamethasone+TEAS (SNVP-ODT),SNVP: ondansetron+dexamethasone (SNVP-OD),VAS 0–10,33.0,35.0,,,,,,,NOT REPORTED,Accessed source does not supply the requested numerical result.,ROB2_RESULT_SPECIFIC_PENDING,Available-case/completer analysis within SNVP risk stratum,https://drive.google.com/file/d/1U8tkq6mKFO0IkA2glfgLjN4Krwku3FZn/view?usp=drivesdk,Breast Cancer 2024;31:928–929; Methods / Outcomes,,,,,,1,,,Accessed source does not supply the requested numerical result.
AUDIT-0331,V34_B4_012,Wang 2024,Pain — unspecified context,Postoperative pain VAS,36 h,36h,Other (describe),TEAS,CONTROL_TYPE_REVIEW_REQUIRED,SNVP: ondansetron+dexamethasone+TEAS (SNVP-ODT),SNVP: ondansetron+dexamethasone (SNVP-OD),VAS 0–10,33.0,35.0,,,,,,,NOT REPORTED,Accessed source does not supply the requested numerical result.,ROB2_RESULT_SPECIFIC_PENDING,Available-case/completer analysis within SNVP risk stratum,https://drive.google.com/file/d/1U8tkq6mKFO0IkA2glfgLjN4Krwku3FZn/view?usp=drivesdk,Breast Cancer 2024;31:928–929; Methods / Outcomes,,,,,,1,,,Accessed source does not supply the requested numerical result.
AUDIT-0332,V34_B4_013,Zheng 2025,Nausea,Nausea incidence,0–2 h,0-2h,Events/total,TEAS,Sham,Perioperative TEAS,Sham/no current,participants,42.0,43.0,,,,,10.0,21.0,INCLUDE,"Numerically extractable in its native endpoint/time/statistic; pooling still requires compatible stratum, comparator and independent-arm selection.",ROB2_RESULT_SPECIFIC_PENDING,Modified intention-to-treat / completer analysis reported in Table 1,https://drive.google.com/file/d/1-JWKZgQXaQQQBZgMSDqyIP-vG9aAxBqb/view?usp=drivesdk,Journal of Pain Research 2025;18:6455; Table 2,,-0.718407,0.317102,logRR,Uncorrected log risk ratio,1,,,"Native numeric candidate, not newly pooled: exact outcome definition/time/scale or prespecified arm selection requires a model-specific decision. No automatic pooling of the gap-fill audit."
AUDIT-0333,V34_B4_014,Zheng 2025,Nausea,Nausea incidence,2–4 h,2-4h,Events/total,TEAS,Sham,Perioperative TEAS,Sham/no current,participants,42.0,43.0,,,,,8.0,12.0,INCLUDE,"Numerically extractable in its native endpoint/time/statistic; pooling still requires compatible stratum, comparator and independent-arm selection.",ROB2_RESULT_SPECIFIC_PENDING,Modified intention-to-treat / completer analysis reported in Table 1,https://drive.google.com/file/d/1-JWKZgQXaQQQBZgMSDqyIP-vG9aAxBqb/view?usp=drivesdk,Journal of Pain Research 2025;18:6455; Table 2,,-0.381935,0.401582,logRR,Uncorrected log risk ratio,1,,,"Native numeric candidate, not newly pooled: exact outcome definition/time/scale or prespecified arm selection requires a model-specific decision. No automatic pooling of the gap-fill audit."
AUDIT-0334,V34_B4_015,Zheng 2025,Nausea,Nausea incidence,4–6 h,4-6h,Events/total,TEAS,Sham,Perioperative TEAS,Sham/no current,participants,42.0,43.0,,,,,5.0,7.0,INCLUDE,"Numerically extractable in its native endpoint/time/statistic; pooling still requires compatible stratum, comparator and independent-arm selection.",ROB2_RESULT_SPECIFIC_PENDING,Modified intention-to-treat / completer analysis reported in Table 1,https://drive.google.com/file/d/1-JWKZgQXaQQQBZgMSDqyIP-vG9aAxBqb/view?usp=drivesdk,Journal of Pain Research 2025;18:6455; Table 2,,-0.312942,0.543867,logRR,Uncorrected log risk ratio,1,,,"Native numeric candidate, not newly pooled: exact outcome definition/time/scale or prespecified arm selection requires a model-specific decision. No automatic pooling of the gap-fill audit."
AUDIT-0335,V34_B4_016,Zheng 2025,Nausea,Nausea incidence,6–24 h,6-24h,Events/total,TEAS,Sham,Perioperative TEAS,Sham/no current,participants,42.0,43.0,,,,,0.0,0.0,INCLUDE,"Numerically extractable in its native endpoint/time/statistic; pooling still requires compatible stratum, comparator and independent-arm selection.",ROB2_RESULT_SPECIFIC_PENDING,Modified intention-to-treat / completer analysis reported in Table 1,https://drive.google.com/file/d/1-JWKZgQXaQQQBZgMSDqyIP-vG9aAxBqb/view?usp=drivesdk,Journal of Pain Research 2025;18:6455; Table 2,,,,logRR,Double-zero: retained as safety evidence; no logRR estimated.,1,,,"Native numeric candidate, not newly pooled: exact outcome definition/time/scale or prespecified arm selection requires a model-specific decision. No automatic pooling of the gap-fill audit."
AUDIT-0336,V34_B4_017,Zheng 2025,Vomiting,Vomiting incidence,0–2 h,0-2h,Events/total,TEAS,Sham,Perioperative TEAS,Sham/no current,participants,42.0,43.0,,,,,5.0,11.0,INCLUDE,"Numerically extractable in its native endpoint/time/statistic; pooling still requires compatible stratum, comparator and independent-arm selection.",ROB2_RESULT_SPECIFIC_PENDING,Modified intention-to-treat / completer analysis reported in Table 1,https://drive.google.com/file/d/1-JWKZgQXaQQQBZgMSDqyIP-vG9aAxBqb/view?usp=drivesdk,Journal of Pain Research 2025;18:6455; Table 2,,-0.764927,0.493805,logRR,Uncorrected log risk ratio,1,,,"Native numeric candidate, not newly pooled: exact outcome definition/time/scale or prespecified arm selection requires a model-specific decision. No automatic pooling of the gap-fill audit."
AUDIT-0337,V34_B4_018,Zheng 2025,Vomiting,Vomiting incidence,2–4 h,2-4h,Events/total,TEAS,Sham,Perioperative TEAS,Sham/no current,participants,42.0,43.0,,,,,3.0,5.0,INCLUDE,"Numerically extractable in its native endpoint/time/statistic; pooling still requires compatible stratum, comparator and independent-arm selection.",ROB2_RESULT_SPECIFIC_PENDING,Modified intention-to-treat / completer analysis reported in Table 1,https://drive.google.com/file/d/1-JWKZgQXaQQQBZgMSDqyIP-vG9aAxBqb/view?usp=drivesdk,Journal of Pain Research 2025;18:6455; Table 2,,-0.487295,0.697329,logRR,Uncorrected log risk ratio,1,,,"Native numeric candidate, not newly pooled: exact outcome definition/time/scale or prespecified arm selection requires a model-specific decision. No automatic pooling of the gap-fill audit."
AUDIT-0338,V34_B4_019,Zheng 2025,Vomiting,Vomiting incidence,4–6 h,4-6h,Events/total,TEAS,Sham,Perioperative TEAS,Sham/no current,participants,42.0,43.0,,,,,2.0,4.0,INCLUDE,"Numerically extractable in its native endpoint/time/statistic; pooling still requires compatible stratum, comparator and independent-arm selection.",ROB2_RESULT_SPECIFIC_PENDING,Modified intention-to-treat / completer analysis reported in Table 1,https://drive.google.com/file/d/1-JWKZgQXaQQQBZgMSDqyIP-vG9aAxBqb/view?usp=drivesdk,Journal of Pain Research 2025;18:6455; Table 2,,-0.669617,0.838412,logRR,Uncorrected log risk ratio,1,,,"Native numeric candidate, not newly pooled: exact outcome definition/time/scale or prespecified arm selection requires a model-specific decision. No automatic pooling of the gap-fill audit."
AUDIT-0339,V34_B4_020,Zheng 2025,Vomiting,Vomiting incidence,6–24 h,6-24h,Events/total,TEAS,Sham,Perioperative TEAS,Sham/no current,participants,42.0,43.0,,,,,0.0,1.0,INCLUDE,"Numerically extractable in its native endpoint/time/statistic; pooling still requires compatible stratum, comparator and independent-arm selection.",ROB2_RESULT_SPECIFIC_PENDING,Modified intention-to-treat / completer analysis reported in Table 1,https://drive.google.com/file/d/1-JWKZgQXaQQQBZgMSDqyIP-vG9aAxBqb/view?usp=drivesdk,Journal of Pain Research 2025;18:6455; Table 2,,-1.075623,1.618853,logRR,0.5 added to all four cells,1,,,"Native numeric candidate, not newly pooled: exact outcome definition/time/scale or prespecified arm selection requires a model-specific decision. No automatic pooling of the gap-fill audit."
AUDIT-0340,V34_B4_021,Zheng 2025,PCA/PCIA button presses,Effective PCIA button presses,Postoperative; exact pump duration not stated,AMBIGUOUS,Mean/SD,TEAS,Sham,Perioperative TEAS,Sham/no current,effective PCIA presses,42.0,43.0,3.8,1.0,4.8,1.6,,,HOLD,"Unresolved source statistic, denominator or timepoint.",ROB2_RESULT_SPECIFIC_PENDING,Modified intention-to-treat / completer analysis reported in Table 1,https://drive.google.com/file/d/1-JWKZgQXaQQQBZgMSDqyIP-vG9aAxBqb/view?usp=drivesdk,Journal of Pain Research 2025;18:6458; Table 3 continued,,,,,,1,,,"Unresolved source statistic, denominator or timepoint."
AUDIT-0341,V34_B4_022,Zheng 2025,Pain — unspecified context,NRS pain score,6 h,6h,Mean/SD,TEAS,Sham,Perioperative TEAS,Sham/no current,NRS 0–10,42.0,43.0,2.9,1.1,3.4,1.2,,,INCLUDE,"Numerically extractable in its native endpoint/time/statistic; pooling still requires compatible stratum, comparator and independent-arm selection.",ROB2_RESULT_SPECIFIC_PENDING,Modified intention-to-treat / completer analysis reported in Table 1,https://drive.google.com/file/d/1-JWKZgQXaQQQBZgMSDqyIP-vG9aAxBqb/view?usp=drivesdk,Journal of Pain Research 2025;18:6458; Table 4,,-0.5,0.249595,MD,Native MD; no pooled interpretation without compatible model.,1,-0.43021,0.21944,"Native numeric candidate, not newly pooled: exact outcome definition/time/scale or prespecified arm selection requires a model-specific decision. No automatic pooling of the gap-fill audit."
AUDIT-0342,V34_B4_023,Zheng 2025,Pain — unspecified context,NRS pain score,24 h,24 h point,Mean/SD,TEAS,Sham,Perioperative TEAS,Sham/no current,NRS 0–10,42.0,43.0,1.7,0.8,2.2,1.1,,,INCLUDE,"Numerically extractable in its native endpoint/time/statistic; pooling still requires compatible stratum, comparator and independent-arm selection.",ROB2_RESULT_SPECIFIC_PENDING,Modified intention-to-treat / completer analysis reported in Table 1,https://drive.google.com/file/d/1-JWKZgQXaQQQBZgMSDqyIP-vG9aAxBqb/view?usp=drivesdk,Journal of Pain Research 2025;18:6458; Table 4,,-0.5,0.208273,MD,Native MD; no pooled interpretation without compatible model.,1,-0.51421,0.220501,"Native numeric candidate, not newly pooled: exact outcome definition/time/scale or prespecified arm selection requires a model-specific decision. No automatic pooling of the gap-fill audit."
AUDIT-0343,V34_B4_024,Zheng 2025,Pain — unspecified context,NRS pain score,48 h,48h,Mean/SD,TEAS,Sham,Perioperative TEAS,Sham/no current,NRS 0–10,42.0,43.0,0.9,0.8,1.0,0.9,,,INCLUDE,"Numerically extractable in its native endpoint/time/statistic; pooling still requires compatible stratum, comparator and independent-arm selection.",ROB2_RESULT_SPECIFIC_PENDING,Modified intention-to-treat / completer analysis reported in Table 1,https://drive.google.com/file/d/1-JWKZgQXaQQQBZgMSDqyIP-vG9aAxBqb/view?usp=drivesdk,Journal of Pain Research 2025;18:6458; Table 4,,-0.1,0.184595,MD,Native MD; no pooled interpretation without compatible model.,1,-0.116297,0.217129,"Native numeric candidate, not newly pooled: exact outcome definition/time/scale or prespecified arm selection requires a model-specific decision. No automatic pooling of the gap-fill audit."
AUDIT-0344,V34_B4_025,Zheng 2025,Sleep quality,PSQI score,24 h,24 h point,Mean/SD,TEAS,Sham,Perioperative TEAS,Sham/no current,PSQI points,42.0,43.0,11.5,6.9,15.7,8.1,,,INCLUDE,"Numerically extractable in its native endpoint/time/statistic; pooling still requires compatible stratum, comparator and independent-arm selection.",ROB2_RESULT_SPECIFIC_PENDING,Modified intention-to-treat / completer analysis reported in Table 1,https://drive.google.com/file/d/1-JWKZgQXaQQQBZgMSDqyIP-vG9aAxBqb/view?usp=drivesdk,Journal of Pain Research 2025;18:6458; Table 4,,-4.2,1.630762,MD,Native MD; no pooled interpretation without compatible model.,1,-0.552628,0.221047,"Native numeric candidate, not newly pooled: exact outcome definition/time/scale or prespecified arm selection requires a model-specific decision. No automatic pooling of the gap-fill audit."
AUDIT-0345,V34_B4_026,Zheng 2025,Sleep quality,PSQI score,48 h,48h,Mean/SD,TEAS,Sham,Perioperative TEAS,Sham/no current,PSQI points,42.0,43.0,7.4,5.2,10.6,5.4,,,INCLUDE,"Numerically extractable in its native endpoint/time/statistic; pooling still requires compatible stratum, comparator and independent-arm selection.",ROB2_RESULT_SPECIFIC_PENDING,Modified intention-to-treat / completer analysis reported in Table 1,https://drive.google.com/file/d/1-JWKZgQXaQQQBZgMSDqyIP-vG9aAxBqb/view?usp=drivesdk,Journal of Pain Research 2025;18:6458; Table 4,,-3.2,1.14976,MD,Native MD; no pooled interpretation without compatible model.,1,-0.598059,0.221742,"Native numeric candidate, not newly pooled: exact outcome definition/time/scale or prespecified arm selection requires a model-specific decision. No automatic pooling of the gap-fill audit."
AUDIT-0346,V34_B4_027,Zheng 2025,GI recovery,Time to first borborygmus,Postoperative,postoperative,Mean/SD,TEAS,Sham,Perioperative TEAS,Sham/no current,hours,42.0,43.0,19.2,3.3,27.6,2.7,,,INCLUDE,"Numerically extractable in its native endpoint/time/statistic; pooling still requires compatible stratum, comparator and independent-arm selection.",ROB2_RESULT_SPECIFIC_PENDING,Modified intention-to-treat / completer analysis reported in Table 1,https://drive.google.com/file/d/1-JWKZgQXaQQQBZgMSDqyIP-vG9aAxBqb/view?usp=drivesdk,Journal of Pain Research 2025;18:6457–6458; Table 3,,-8.4,0.654844,MD,Native MD; no pooled interpretation without compatible model.,1,-2.764152,0.303331,"Native numeric candidate, not newly pooled: exact outcome definition/time/scale or prespecified arm selection requires a model-specific decision. No automatic pooling of the gap-fill audit."
AUDIT-0347,V34_B4_028,Zheng 2025,GI — first flatus,Time to first flatus,Postoperative,postoperative,Mean/SD,TEAS,Sham,Perioperative TEAS,Sham/no current,hours,42.0,43.0,24.2,2.5,31.6,4.4,,,INCLUDE,"Numerically extractable in its native endpoint/time/statistic; pooling still requires compatible stratum, comparator and independent-arm selection.",ROB2_RESULT_SPECIFIC_PENDING,Modified intention-to-treat / completer analysis reported in Table 1,https://drive.google.com/file/d/1-JWKZgQXaQQQBZgMSDqyIP-vG9aAxBqb/view?usp=drivesdk,Journal of Pain Research 2025;18:6457–6458; Table 3,,-7.4,0.773978,MD,Native MD; no pooled interpretation without compatible model.,1,-2.042926,0.267611,"Native numeric candidate, not newly pooled: exact outcome definition/time/scale or prespecified arm selection requires a model-specific decision. No automatic pooling of the gap-fill audit."
AUDIT-0348,V34_B4_029,Zheng 2025,Functional recovery,Wake-up time,Postoperative,postoperative,Mean/SD,TEAS,Sham,Perioperative TEAS,Sham/no current,minutes,42.0,43.0,12.9,2.5,13.0,2.4,,,INCLUDE,"Numerically extractable in its native endpoint/time/statistic; pooling still requires compatible stratum, comparator and independent-arm selection.",ROB2_RESULT_SPECIFIC_PENDING,Modified intention-to-treat / completer analysis reported in Table 1,https://drive.google.com/file/d/1-JWKZgQXaQQQBZgMSDqyIP-vG9aAxBqb/view?usp=drivesdk,Journal of Pain Research 2025;18:6457–6458; Table 3,,-0.1,0.531755,MD,Native MD; no pooled interpretation without compatible model.,1,-0.040448,0.216968,"Native numeric candidate, not newly pooled: exact outcome definition/time/scale or prespecified arm selection requires a model-specific decision. No automatic pooling of the gap-fill audit."
AUDIT-0349,V34_B4_030,Zheng 2025,Functional recovery — PACU,PACU stay time,Postoperative,postoperative,Mean/SD,TEAS,Sham,Perioperative TEAS,Sham/no current,minutes,42.0,43.0,26.8,4.4,28.0,8.1,,,INCLUDE,"Numerically extractable in its native endpoint/time/statistic; pooling still requires compatible stratum, comparator and independent-arm selection.",ROB2_RESULT_SPECIFIC_PENDING,Modified intention-to-treat / completer analysis reported in Table 1,https://drive.google.com/file/d/1-JWKZgQXaQQQBZgMSDqyIP-vG9aAxBqb/view?usp=drivesdk,Journal of Pain Research 2025;18:6457–6458; Table 3,,-1.2,1.409527,MD,Native MD; no pooled interpretation without compatible model.,1,-0.18184,0.217393,"Native numeric candidate, not newly pooled: exact outcome definition/time/scale or prespecified arm selection requires a model-specific decision. No automatic pooling of the gap-fill audit."
AUDIT-0350,V34_B4_031,Zheng 2025,LOS,Hospital stay duration,Postoperative hospitalization,postoperative hospitalization,Median/IQR,TEAS,Sham,Perioperative TEAS,Sham/no current,days,42.0,43.0,,,,,,,NARRATIVE ONLY,Median and original dispersion preserved; no mean/SD conversion or MD pooling.,ROB2_RESULT_SPECIFIC_PENDING,Modified intention-to-treat / completer analysis reported in Table 1,https://drive.google.com/file/d/1-JWKZgQXaQQQBZgMSDqyIP-vG9aAxBqb/view?usp=drivesdk,Journal of Pain Research 2025;18:6458; Table 3 continued,,,,,,1,,,Median and original dispersion preserved; no mean/SD conversion or MD pooling.
AUDIT-0351,V34_B4_032,Zheng 2025,Adverse events,Fever,Postoperative,postoperative,Events/total,TEAS,Sham,Perioperative TEAS,Sham/no current,participants,42.0,43.0,,,,,6.0,8.0,INCLUDE,"Numerically extractable in its native endpoint/time/statistic; pooling still requires compatible stratum, comparator and independent-arm selection.",ROB2_RESULT_SPECIFIC_PENDING,Modified intention-to-treat / completer analysis reported in Table 1,https://drive.google.com/file/d/1-JWKZgQXaQQQBZgMSDqyIP-vG9aAxBqb/view?usp=drivesdk,Journal of Pain Research 2025;18:6458; Table 3 continued,,-0.264152,0.494572,logRR,Uncorrected log risk ratio,1,,,"Native numeric candidate, not newly pooled: exact outcome definition/time/scale or prespecified arm selection requires a model-specific decision. No automatic pooling of the gap-fill audit."
AUDIT-0352,V34_B4_033,Zheng 2025,Adverse events,Dizziness and headache,Postoperative,postoperative,Events/total,TEAS,Sham,Perioperative TEAS,Sham/no current,participants,42.0,43.0,,,,,2.0,3.0,INCLUDE,"Numerically extractable in its native endpoint/time/statistic; pooling still requires compatible stratum, comparator and independent-arm selection.",ROB2_RESULT_SPECIFIC_PENDING,Modified intention-to-treat / completer analysis reported in Table 1,https://drive.google.com/file/d/1-JWKZgQXaQQQBZgMSDqyIP-vG9aAxBqb/view?usp=drivesdk,Journal of Pain Research 2025;18:6458; Table 3 continued,,-0.381935,0.886718,logRR,Uncorrected log risk ratio,1,,,"Native numeric candidate, not newly pooled: exact outcome definition/time/scale or prespecified arm selection requires a model-specific decision. No automatic pooling of the gap-fill audit."
AUDIT-0353,V34_B4_034,Zheng 2025,Adverse events,Drowsiness,Postoperative,postoperative,Events/total,TEAS,Sham,Perioperative TEAS,Sham/no current,participants,42.0,43.0,,,,,0.0,0.0,INCLUDE,"Numerically extractable in its native endpoint/time/statistic; pooling still requires compatible stratum, comparator and independent-arm selection.",ROB2_RESULT_SPECIFIC_PENDING,Modified intention-to-treat / completer analysis reported in Table 1,https://drive.google.com/file/d/1-JWKZgQXaQQQBZgMSDqyIP-vG9aAxBqb/view?usp=drivesdk,Journal of Pain Research 2025;18:6458; Table 3 continued,,,,logRR,Double-zero: retained as safety evidence; no logRR estimated.,1,,,"Native numeric candidate, not newly pooled: exact outcome definition/time/scale or prespecified arm selection requires a model-specific decision. No automatic pooling of the gap-fill audit."
AUDIT-0354,V34_B4_035,Zheng 2025,QoR-40,Global QoR-40,6 h,6h,Graph only,TEAS,Sham,Perioperative TEAS,Sham/no current,QoR-40 points,42.0,43.0,,,,,,,GRAPH ONLY,No new graph digitization; historical digitized data require their original validation before pooling.,ROB2_RESULT_SPECIFIC_PENDING,Modified intention-to-treat / completer analysis reported in Table 1,https://drive.google.com/file/d/1-JWKZgQXaQQQBZgMSDqyIP-vG9aAxBqb/view?usp=drivesdk,Journal of Pain Research 2025;18:6456; Figure 2A,,,,,,1,,,No new graph digitization; historical digitized data require their original validation before pooling.
AUDIT-0355,V34_B4_036,Zheng 2025,QoR-40,Global QoR-40,24 h,24 h point,Graph only,TEAS,Sham,Perioperative TEAS,Sham/no current,QoR-40 points,42.0,43.0,,,,,,,GRAPH ONLY,No new graph digitization; historical digitized data require their original validation before pooling.,ROB2_RESULT_SPECIFIC_PENDING,Modified intention-to-treat / completer analysis reported in Table 1,https://drive.google.com/file/d/1-JWKZgQXaQQQBZgMSDqyIP-vG9aAxBqb/view?usp=drivesdk,Journal of Pain Research 2025;18:6456; Figure 2A,,,,,,1,,,No new graph digitization; historical digitized data require their original validation before pooling.
AUDIT-0356,V34_B4_037,Zheng 2025,QoR-40,Global QoR-40,48 h,48h,Mean; SD not numerically reported,TEAS,Sham,Perioperative TEAS,Sham/no current,QoR-40 points,42.0,43.0,184.0,,181.0,,,,HOLD,Nonstandard or incomplete statistic; no inferred quantities.,ROB2_RESULT_SPECIFIC_PENDING,Modified intention-to-treat / completer analysis reported in Table 1,https://drive.google.com/file/d/1-JWKZgQXaQQQBZgMSDqyIP-vG9aAxBqb/view?usp=drivesdk,"Journal of Pain Research 2025;18:6453,6458; Results text + Figure 2A",,,,,,1,,,Nonstandard or incomplete statistic; no inferred quantities.
AUDIT-0357,V34_B4_038,Zheng 2025,Rescue analgesia — drug class unresolved,Emergency rescue analgesia events,Postoperative; exact window not stated,AMBIGUOUS,Other (describe),TEAS,Sham,Perioperative TEAS,Sham/no current,events,42.0,43.0,,,,,,,NOT REPORTED,Accessed source does not supply the requested numerical result.,ROB2_RESULT_SPECIFIC_PENDING,Modified intention-to-treat / completer analysis reported in Table 1,https://drive.google.com/file/d/1-JWKZgQXaQQQBZgMSDqyIP-vG9aAxBqb/view?usp=drivesdk,Journal of Pain Research 2025;18:6455; Results prose,,,,,,1,,,Accessed source does not supply the requested numerical result.
AUDIT-0358,V34_B4_039,Yu 2020,QoR-40,Global QoR-40,Postoperative day 2 (~48 h),postoperative day 2 (~48h),Mean/SD,TEAS,Sham,Preoperative TEAS,Control/no current (electrodes applied),QoR-40 points,30.0,30.0,191.4,5.74,187.73,5.47,,,INCLUDE,"Numerically extractable in its native endpoint/time/statistic; pooling still requires compatible stratum, comparator and independent-arm selection.",ROB2_RESULT_SPECIFIC_PENDING,Intention-to-treat; all randomized participants analyzed,https://drive.google.com/file/d/1fXpHc9FzhpPCkXto8c5lfcLoA3ROdOEz/view?usp=drivesdk,"Trials 2020;21:43, abstract / Fig.4; Abstract + Figure 4",,3.67,1.447624,MD,Native MD; no pooled interpretation without compatible model.,1,0.646082,0.264849,POD1/POD2 preserved separately from exact 24-h QoR-40.
AUDIT-0359,V34_B4_040,Yu 2020,PONV composite,Any nausea and/or vomiting,0–24 h,0-24h,Events/total,TEAS,Sham,Preoperative TEAS,Control/no current (electrodes applied),participants,30.0,30.0,,,,,7.0,17.0,INCLUDE,"Numerically extractable in its native endpoint/time/statistic; pooling still requires compatible stratum, comparator and independent-arm selection.",ROB2_RESULT_SPECIFIC_PENDING,Intention-to-treat; all randomized participants analyzed,https://drive.google.com/file/d/1fXpHc9FzhpPCkXto8c5lfcLoA3ROdOEz/view?usp=drivesdk,"Trials 2020;21:43, pp.5–7; Table 3 + Results",,-0.887303,0.367443,logRR,Uncorrected log risk ratio,1,,,"Native numeric candidate, not newly pooled: exact outcome definition/time/scale or prespecified arm selection requires a model-specific decision. No automatic pooling of the gap-fill audit."
AUDIT-0360,V34_B4_041,Yu 2020,Rescue antiemetic,Participants requiring tropisetron rescue,0–24 h,0-24h,Events/total,TEAS,Sham,Preoperative TEAS,Control/no current (electrodes applied),participants,30.0,30.0,,,,,7.0,16.0,INCLUDE,"Numerically extractable in its native endpoint/time/statistic; pooling still requires compatible stratum, comparator and independent-arm selection.",ROB2_RESULT_SPECIFIC_PENDING,Intention-to-treat; all randomized participants analyzed,https://drive.google.com/file/d/1fXpHc9FzhpPCkXto8c5lfcLoA3ROdOEz/view?usp=drivesdk,"Trials 2020;21:43, pp.5–7; Table 3 + Results",,-0.826679,0.372412,logRR,Uncorrected log risk ratio,1,,,"Native numeric candidate, not newly pooled: exact outcome definition/time/scale or prespecified arm selection requires a model-specific decision. No automatic pooling of the gap-fill audit."
AUDIT-0361,V34_B4_042,Yu 2020,Cognitive recovery,MMSE score,Postoperative day 1 (~24 h),postoperative day 1 (~24h),Mean/SD,TEAS,Sham,Preoperative TEAS,Control/no current (electrodes applied),MMSE 0–30,30.0,30.0,26.1,2.78,24.6,2.35,,,INCLUDE,"Numerically extractable in its native endpoint/time/statistic; pooling still requires compatible stratum, comparator and independent-arm selection.",ROB2_RESULT_SPECIFIC_PENDING,Intention-to-treat; all randomized participants analyzed,https://drive.google.com/file/d/1fXpHc9FzhpPCkXto8c5lfcLoA3ROdOEz/view?usp=drivesdk,"Trials 2020;21:43, abstract / Figure 5; Abstract + Figure 5",,1.5,0.664603,MD,Native MD; no pooled interpretation without compatible model.,1,0.575184,0.263484,"Native numeric candidate, not newly pooled: exact outcome definition/time/scale or prespecified arm selection requires a model-specific decision. No automatic pooling of the gap-fill audit."
AUDIT-0362,V34_B4_043,Yu 2020,Cognitive recovery,MMSE score,Postoperative day 2 (~48 h),postoperative day 2 (~48h),Mean/SD,TEAS,Sham,Preoperative TEAS,Control/no current (electrodes applied),MMSE 0–30,30.0,30.0,27.83,2.73,26.53,2.94,,,INCLUDE,"Numerically extractable in its native endpoint/time/statistic; pooling still requires compatible stratum, comparator and independent-arm selection.",ROB2_RESULT_SPECIFIC_PENDING,Intention-to-treat; all randomized participants analyzed,https://drive.google.com/file/d/1fXpHc9FzhpPCkXto8c5lfcLoA3ROdOEz/view?usp=drivesdk,"Trials 2020;21:43, abstract / Figure 5; Abstract + Figure 5",,1.3,0.732496,MD,Native MD; no pooled interpretation without compatible model.,1,0.452288,0.261479,"Native numeric candidate, not newly pooled: exact outcome definition/time/scale or prespecified arm selection requires a model-specific decision. No automatic pooling of the gap-fill audit."
AUDIT-0365,V34_B4_046,Liang 2021,PONV composite,PONV occurrence,End of surgery (T5),end of surgery (t5),Events/total,TEAS,Sham,Preoperative TEAS,Control/no stimulation,participants,35.0,35.0,,,,,0.0,0.0,HOLD,"Source definition, timepoint, denominator, scale, statistic, or post-randomization subset requires adjudication; see raw source/QC.",ROB2_RESULT_SPECIFIC_PENDING,"Available-case analysis; 75 randomized, 70 analyzed",https://drive.google.com/file/d/1guriAcqNbJNXpfd_UjYwevULLVSeiHXS/view?usp=drivesdk,"Evidence-Based Complementary and Alternative Medicine 2021, Table 4; Table 4",,,,,,1,,,"Source definition, timepoint, denominator, scale, statistic, or post-randomization subset requires adjudication; see raw source/QC."
AUDIT-0366,V34_B4_047,Liang 2021,Pain — unspecified context,Pain event as reported (threshold/definition not stated),End of surgery (T5),end of surgery (t5),Events/total,TEAS,Sham,Preoperative TEAS,Control/no stimulation,participants,35.0,35.0,,,,,2.0,1.0,HOLD,"Source definition, timepoint, denominator, scale, statistic, or post-randomization subset requires adjudication; see raw source/QC.",ROB2_RESULT_SPECIFIC_PENDING,"Available-case analysis; 75 randomized, 70 analyzed",https://drive.google.com/file/d/1guriAcqNbJNXpfd_UjYwevULLVSeiHXS/view?usp=drivesdk,"Evidence-Based Complementary and Alternative Medicine 2021, Table 4; Table 4",,,,,,1,,,"Source definition, timepoint, denominator, scale, statistic, or post-randomization subset requires adjudication; see raw source/QC."
AUDIT-0367,V34_B4_048,Liang 2021,PONV composite,PONV occurrence,PACU discharge (T9),pacu discharge (t9),Events/total,TEAS,Sham,Preoperative TEAS,Control/no stimulation,participants,35.0,35.0,,,,,1.0,2.0,HOLD,"Source definition, timepoint, denominator, scale, statistic, or post-randomization subset requires adjudication; see raw source/QC.",ROB2_RESULT_SPECIFIC_PENDING,"Available-case analysis; 75 randomized, 70 analyzed",https://drive.google.com/file/d/1guriAcqNbJNXpfd_UjYwevULLVSeiHXS/view?usp=drivesdk,"Evidence-Based Complementary and Alternative Medicine 2021, Table 4; Table 4",,,,,,1,,,"Source definition, timepoint, denominator, scale, statistic, or post-randomization subset requires adjudication; see raw source/QC."
AUDIT-0368,V34_B4_049,Liang 2021,Pain — unspecified context,Pain event as reported (threshold/definition not stated),PACU discharge (T9),pacu discharge (t9),Events/total,TEAS,Sham,Preoperative TEAS,Control/no stimulation,participants,35.0,35.0,,,,,7.0,6.0,HOLD,"Source definition, timepoint, denominator, scale, statistic, or post-randomization subset requires adjudication; see raw source/QC.",ROB2_RESULT_SPECIFIC_PENDING,"Available-case analysis; 75 randomized, 70 analyzed",https://drive.google.com/file/d/1guriAcqNbJNXpfd_UjYwevULLVSeiHXS/view?usp=drivesdk,"Evidence-Based Complementary and Alternative Medicine 2021, Table 4; Table 4",,,,,,1,,,"Source definition, timepoint, denominator, scale, statistic, or post-randomization subset requires adjudication; see raw source/QC."
AUDIT-0369,V34_B4_050,Liang 2021,PONV composite,PONV occurrence,24 h (T11),24h (t11),Events/total,TEAS,Sham,Preoperative TEAS,Control/no stimulation,participants,35.0,35.0,,,,,2.0,2.0,HOLD,"Source definition, timepoint, denominator, scale, statistic, or post-randomization subset requires adjudication; see raw source/QC.",ROB2_RESULT_SPECIFIC_PENDING,"Available-case analysis; 75 randomized, 70 analyzed",https://drive.google.com/file/d/1guriAcqNbJNXpfd_UjYwevULLVSeiHXS/view?usp=drivesdk,"Evidence-Based Complementary and Alternative Medicine 2021, Table 4; Table 4",,,,,,1,,,"Source definition, timepoint, denominator, scale, statistic, or post-randomization subset requires adjudication; see raw source/QC."
AUDIT-0370,V34_B4_051,Liang 2021,Pain — unspecified context,Pain event as reported (threshold/definition not stated),24 h (T11),24h (t11),Events/total,TEAS,Sham,Preoperative TEAS,Control/no stimulation,participants,35.0,35.0,,,,,8.0,8.0,HOLD,"Source definition, timepoint, denominator, scale, statistic, or post-randomization subset requires adjudication; see raw source/QC.",ROB2_RESULT_SPECIFIC_PENDING,"Available-case analysis; 75 randomized, 70 analyzed",https://drive.google.com/file/d/1guriAcqNbJNXpfd_UjYwevULLVSeiHXS/view?usp=drivesdk,"Evidence-Based Complementary and Alternative Medicine 2021, Table 4; Table 4",,,,,,1,,,"Source definition, timepoint, denominator, scale, statistic, or post-randomization subset requires adjudication; see raw source/QC."
AUDIT-0371,V34_B4_052,Liang 2021,PONV composite,PONV occurrence,48 h (T12),48h (t12),Events/total,TEAS,Sham,Preoperative TEAS,Control/no stimulation,participants,35.0,35.0,,,,,0.0,0.0,HOLD,"Source definition, timepoint, denominator, scale, statistic, or post-randomization subset requires adjudication; see raw source/QC.",ROB2_RESULT_SPECIFIC_PENDING,"Available-case analysis; 75 randomized, 70 analyzed",https://drive.google.com/file/d/1guriAcqNbJNXpfd_UjYwevULLVSeiHXS/view?usp=drivesdk,"Evidence-Based Complementary and Alternative Medicine 2021, Table 4; Table 4",,,,,,1,,,"Source definition, timepoint, denominator, scale, statistic, or post-randomization subset requires adjudication; see raw source/QC."
AUDIT-0372,V34_B4_053,Liang 2021,Pain — unspecified context,Pain event as reported (threshold/definition not stated),48 h (T12),48h (t12),Events/total,TEAS,Sham,Preoperative TEAS,Control/no stimulation,participants,35.0,35.0,,,,,3.0,7.0,HOLD,"Source definition, timepoint, denominator, scale, statistic, or post-randomization subset requires adjudication; see raw source/QC.",ROB2_RESULT_SPECIFIC_PENDING,"Available-case analysis; 75 randomized, 70 analyzed",https://drive.google.com/file/d/1guriAcqNbJNXpfd_UjYwevULLVSeiHXS/view?usp=drivesdk,"Evidence-Based Complementary and Alternative Medicine 2021, Table 4; Table 4",,,,,,1,,,"Source definition, timepoint, denominator, scale, statistic, or post-randomization subset requires adjudication; see raw source/QC."
AUDIT-0373,V34_B4_054,Liang 2021,Cognitive recovery,MMSE score,PACU discharge (T9),pacu discharge (t9),Mean/SD,TEAS,Sham,Preoperative TEAS,Control/no stimulation,MMSE 0–30,35.0,35.0,26.2,2.8,25.8,3.6,,,INCLUDE,"Numerically extractable in its native endpoint/time/statistic; pooling still requires compatible stratum, comparator and independent-arm selection.",ROB2_RESULT_SPECIFIC_PENDING,"Available-case analysis; 75 randomized, 70 analyzed",https://drive.google.com/file/d/1guriAcqNbJNXpfd_UjYwevULLVSeiHXS/view?usp=drivesdk,"Evidence-Based Complementary and Alternative Medicine 2021, Table 4; Table 4",,0.4,0.770899,MD,Native MD; no pooled interpretation without compatible model.,1,0.122662,0.23927,"Native numeric candidate, not newly pooled: exact outcome definition/time/scale or prespecified arm selection requires a model-specific decision. No automatic pooling of the gap-fill audit."
AUDIT-0374,V34_B4_055,Liang 2021,Cognitive recovery,MMSE score,24 h (T11),24h (t11),Mean/SD,TEAS,Sham,Preoperative TEAS,Control/no stimulation,MMSE 0–30,35.0,35.0,28.1,1.6,28.1,1.6,,,INCLUDE,"Numerically extractable in its native endpoint/time/statistic; pooling still requires compatible stratum, comparator and independent-arm selection.",ROB2_RESULT_SPECIFIC_PENDING,"Available-case analysis; 75 randomized, 70 analyzed",https://drive.google.com/file/d/1guriAcqNbJNXpfd_UjYwevULLVSeiHXS/view?usp=drivesdk,"Evidence-Based Complementary and Alternative Medicine 2021, Table 4; Table 4",,0.0,0.382473,MD,Native MD; no pooled interpretation without compatible model.,1,0.0,0.239046,"Native numeric candidate, not newly pooled: exact outcome definition/time/scale or prespecified arm selection requires a model-specific decision. No automatic pooling of the gap-fill audit."
AUDIT-0375,V34_B4_056,Liang 2021,Cognitive recovery,MMSE score,48 h (T12),48h (t12),Mean/SD,TEAS,Sham,Preoperative TEAS,Control/no stimulation,MMSE 0–30,35.0,35.0,28.3,1.4,28.6,1.3,,,INCLUDE,"Numerically extractable in its native endpoint/time/statistic; pooling still requires compatible stratum, comparator and independent-arm selection.",ROB2_RESULT_SPECIFIC_PENDING,"Available-case analysis; 75 randomized, 70 analyzed",https://drive.google.com/file/d/1guriAcqNbJNXpfd_UjYwevULLVSeiHXS/view?usp=drivesdk,"Evidence-Based Complementary and Alternative Medicine 2021, Table 4; Table 4",,-0.3,0.322933,MD,Native MD; no pooled interpretation without compatible model.,1,-0.219612,0.239765,"Native numeric candidate, not newly pooled: exact outcome definition/time/scale or prespecified arm selection requires a model-specific decision. No automatic pooling of the gap-fill audit."
SUPP-GAO-1,V34_GAO21_SUPP_1,Gao 2021,LOS,Total hospital length of stay,Total admission,total admission,Source not accessed,TEAS,Sham,TEAS,Sham,,,,,,,,,,SOURCE NOT ACCESSED,Referenced supplement not accessed; no result values populated.,ROB2_RESULT_SPECIFIC_PENDING,,https://drive.google.com/file/d/1aTzgCVSlV5gorGxB7ENHTVh6pCgVW-3a/view?usp=drivesdk,Appendix 2 / Supplementary Table S4,,,,,,1,,,Referenced supplement not accessed; no result values populated.
SUPP-GAO-2,V34_GAO21_SUPP_2,Gao 2021,Adverse events,30-day postoperative complications,0–30 days,0-30 days,Source not accessed,TEAS,Sham,TEAS,Sham,,,,,,,,,,SOURCE NOT ACCESSED,Referenced supplement not accessed; no result values populated.,ROB2_RESULT_SPECIFIC_PENDING,,https://drive.google.com/file/d/1aTzgCVSlV5gorGxB7ENHTVh6pCgVW-3a/view?usp=drivesdk,Appendix 2 / Supplementary Table S4,,,,,,1,,,Referenced supplement not accessed; no result values populated.
